pair_id,english_speaker_id,spanish_speaker_id,same_speaker_pair,english_id,spanish_id,english_audio,spanish_audio,english_text,spanish_text,split
EN_001_10__ES_001_10,2,2,true,EN_001_10,ES_001_10,/Users/nilakshanraveendran/Documents/research/data/raw/DRAL16kHz/fragments-short/EN_001_10.wav,/Users/nilakshanraveendran/Documents/research/data/raw/DRAL16kHz/fragments-short/ES_001_10.wav,"So what time is it like yeah, what time period is it in? uh Is it after the empire during the empire?","En que época está... Pues si en que en que época sucede O sea después del imperio, durante el imperio",train
EN_001_11__ES_001_11,1,1,true,EN_001_11,ES_001_11,/Users/nilakshanraveendran/Documents/research/data/raw/DRAL16kHz/fragments-short/EN_001_11.wav,/Users/nilakshanraveendran/Documents/research/data/raw/DRAL16kHz/fragments-short/ES_001_11.wav,That's during the Empire.,Es durante el imperio.,test
EN_001_12__ES_001_12,2,2,true,EN_001_12,ES_001_12,/Users/nilakshanraveendran/Documents/research/data/raw/DRAL16kHz/fragments-short/EN_001_12.wav,/Users/nilakshanraveendran/Documents/research/data/raw/DRAL16kHz/fragments-short/ES_001_12.wav,"Oh, that's cool.","Oh, qué suave.",train
EN_001_13__ES_001_13,1,1,true,EN_001_13,ES_001_13,/Users/nilakshanraveendran/Documents/research/data/raw/DRAL16kHz/fragments-short/EN_001_13.wav,/Users/nilakshanraveendran/Documents/research/data/raw/DRAL16kHz/fragments-short/ES_001_13.wav,"Yeah, we quickly reserved the next day and I could go for the following day.",y de volada los reservamos el siguiente día y pude ir el eh el día después,test
EN_001_14__ES_001_14,2,2,true,EN_001_14,ES_001_14,/Users/nilakshanraveendran/Documents/research/data/raw/DRAL16kHz/fragments-short/EN_001_14.wav,/Users/nilakshanraveendran/Documents/research/data/raw/DRAL16kHz/fragments-short/ES_001_14.wav,"That's good, that's good.","Muy bien, muy bien",train
EN_001_15__ES_001_15,1,1,true,EN_001_15,ES_001_15,/Users/nilakshanraveendran/Documents/research/data/raw/DRAL16kHz/fragments-short/EN_001_15.wav,/Users/nilakshanraveendran/Documents/research/data/raw/DRAL16kHz/fragments-short/ES_001_15.wav,mhm,,test
EN_001_16__ES_001_16,2,2,true,EN_001_16,ES_001_16,/Users/nilakshanraveendran/Documents/research/data/raw/DRAL16kHz/fragments-short/EN_001_16.wav,/Users/nilakshanraveendran/Documents/research/data/raw/DRAL16kHz/fragments-short/ES_001_16.wav,Your adventures.,tus aventuras,train
EN_001_17__ES_001_17,1,1,true,EN_001_17,ES_001_17,/Users/nilakshanraveendran/Documents/research/data/raw/DRAL16kHz/fragments-short/EN_001_17.wav,/Users/nilakshanraveendran/Documents/research/data/raw/DRAL16kHz/fragments-short/ES_001_17.wav,"Yeah, that was my adventures at Disney, dude.",Esa fue mi aventura de de Disney vato.,test
EN_001_18__ES_001_18,2,2,true,EN_001_18,ES_001_18,/Users/nilakshanraveendran/Documents/research/data/raw/DRAL16kHz/fragments-short/EN_001_18.wav,/Users/nilakshanraveendran/Documents/research/data/raw/DRAL16kHz/fragments-short/ES_001_18.wav,"Well, I went to Chihuahua. uh What did I do?",pues yo fui a Chihuahua ah que hice,train
EN_001_19__ES_001_19,2,2,true,EN_001_19,ES_001_19,/Users/nilakshanraveendran/Documents/research/data/raw/DRAL16kHz/fragments-short/EN_001_19.wav,/Users/nilakshanraveendran/Documents/research/data/raw/DRAL16kHz/fragments-short/ES_001_19.wav,"Well, I spent my time seeing friends really.",Pues me la pasé viendo amigos realmente.,train
EN_001_1__ES_001_1,2,2,true,EN_001_1,ES_001_1,/Users/nilakshanraveendran/Documents/research/data/raw/DRAL16kHz/fragments-short/EN_001_1.wav,/Users/nilakshanraveendran/Documents/research/data/raw/DRAL16kHz/fragments-short/ES_001_1.wav,Yeah?,¿Simón?,train
EN_001_20__ES_001_20,2,2,true,EN_001_20,ES_001_20,/Users/nilakshanraveendran/Documents/research/data/raw/DRAL16kHz/fragments-short/EN_001_20.wav,/Users/nilakshanraveendran/Documents/research/data/raw/DRAL16kHz/fragments-short/ES_001_20.wav,We didn't play because of the other guitarist's fault.,No tocamos por culpa del otro guitarrista.,train
EN_001_21__ES_001_21,1,1,true,EN_001_21,ES_001_21,/Users/nilakshanraveendran/Documents/research/data/raw/DRAL16kHz/fragments-short/EN_001_21.wav,/Users/nilakshanraveendran/Documents/research/data/raw/DRAL16kHz/fragments-short/ES_001_21.wav,So how much distance in the in the bike or in the dam?,"¿Cuánta distancia te aventaste en la en la bici, en la presa?",test
EN_001_22__ES_001_22,2,2,true,EN_001_22,ES_001_22,/Users/nilakshanraveendran/Documents/research/data/raw/DRAL16kHz/fragments-short/EN_001_22.wav,/Users/nilakshanraveendran/Documents/research/data/raw/DRAL16kHz/fragments-short/ES_001_22.wav,not so not so much uh it's because I didn't go with friends who ride um intently,No tan- no tanto porque fui con amigos que no le dan tan intenso.,train
EN_001_23__ES_001_23,2,2,true,EN_001_23,ES_001_23,/Users/nilakshanraveendran/Documents/research/data/raw/DRAL16kHz/fragments-short/EN_001_23.wav,/Users/nilakshanraveendran/Documents/research/data/raw/DRAL16kHz/fragments-short/ES_001_23.wav,One day I went on my own.,Un día fui yo solo.,train
EN_001_24__ES_001_24,2,2,true,EN_001_24,ES_001_24,/Users/nilakshanraveendran/Documents/research/data/raw/DRAL16kHz/fragments-short/EN_001_24.wav,/Users/nilakshanraveendran/Documents/research/data/raw/DRAL16kHz/fragments-short/ES_001_24.wav,but there was a lot of wind so I did three laps.,"Pero hacía un chorro de viento, entonces nomás le di tres vueltas.",train
EN_001_25__ES_001_25,2,2,true,EN_001_25,ES_001_25,/Users/nilakshanraveendran/Documents/research/data/raw/DRAL16kHz/fragments-short/EN_001_25.wav,/Users/nilakshanraveendran/Documents/research/data/raw/DRAL16kHz/fragments-short/ES_001_25.wav,which is it's almost like 20 kilometers.,Que eso es como casi 20 kilómetros,train
EN_001_26__ES_001_26,2,2,true,EN_001_26,ES_001_26,/Users/nilakshanraveendran/Documents/research/data/raw/DRAL16kHz/fragments-short/EN_001_26.wav,/Users/nilakshanraveendran/Documents/research/data/raw/DRAL16kHz/fragments-short/ES_001_26.wav,"So like you have to wait like, uh...","O sea, de que tienes que esperar así como que ugh...",train
EN_001_27__ES_001_27,2,2,true,EN_001_27,ES_001_27,/Users/nilakshanraveendran/Documents/research/data/raw/DRAL16kHz/fragments-short/EN_001_27.wav,/Users/nilakshanraveendran/Documents/research/data/raw/DRAL16kHz/fragments-short/ES_001_27.wav,"Oh well I played with my dogs, uh I saw my mom","Ah, pues bueno, pues ahí jugar con mis perritos, ver a mi mamá",train
EN_001_28__ES_001_28,2,2,true,EN_001_28,ES_001_28,/Users/nilakshanraveendran/Documents/research/data/raw/DRAL16kHz/fragments-short/EN_001_28.wav,/Users/nilakshanraveendran/Documents/research/data/raw/DRAL16kHz/fragments-short/ES_001_28.wav,One of my dogs had a birthday [laughter],Uno de mis perritos cumplió años.,train
EN_001_29__ES_001_29,1,1,true,EN_001_29,ES_001_29,/Users/nilakshanraveendran/Documents/research/data/raw/DRAL16kHz/fragments-short/EN_001_29.wav,/Users/nilakshanraveendran/Documents/research/data/raw/DRAL16kHz/fragments-short/ES_001_29.wav,and How's your mom?,¿Y cómo está tu mamá?,test
EN_001_2__ES_001_2,1,1,true,EN_001_2,ES_001_2,/Users/nilakshanraveendran/Documents/research/data/raw/DRAL16kHz/fragments-short/EN_001_2.wav,/Users/nilakshanraveendran/Documents/research/data/raw/DRAL16kHz/fragments-short/ES_001_2.wav,Yes.,¿Sí?,test
EN_001_30__ES_001_30,1,1,true,EN_001_30,ES_001_30,/Users/nilakshanraveendran/Documents/research/data/raw/DRAL16kHz/fragments-short/EN_001_30.wav,/Users/nilakshanraveendran/Documents/research/data/raw/DRAL16kHz/fragments-short/ES_001_30.wav,"I know the name, I just can't figure out where it's at.","Si se del nombre, pero no ubico donde esta",test
EN_001_31__ES_001_31,2,2,true,EN_001_31,ES_001_31,/Users/nilakshanraveendran/Documents/research/data/raw/DRAL16kHz/fragments-short/EN_001_31.wav,/Users/nilakshanraveendran/Documents/research/data/raw/DRAL16kHz/fragments-short/ES_001_31.wav,"it's as if you were going to Cuauhtémoc, more or less","Está como si fueras a Cuauhtémoc, más o menos.",train
EN_001_33__ES_001_33,2,2,true,EN_001_33,ES_001_33,/Users/nilakshanraveendran/Documents/research/data/raw/DRAL16kHz/fragments-short/EN_001_33.wav,/Users/nilakshanraveendran/Documents/research/data/raw/DRAL16kHz/fragments-short/ES_001_33.wav,"But then you're like, I tell you, let's hang out on Friday.","Ay, ay, pero si tu de que... Te digo, vamos a hacer algo el viernes.",train
EN_001_34__ES_001_34,2,2,true,EN_001_34,ES_001_34,/Users/nilakshanraveendran/Documents/research/data/raw/DRAL16kHz/fragments-short/EN_001_34.wav,/Users/nilakshanraveendran/Documents/research/data/raw/DRAL16kHz/fragments-short/ES_001_34.wav,"Yeah, dude.",Simón vato.,train
EN_001_35__ES_001_35,2,2,true,EN_001_35,ES_001_35,/Users/nilakshanraveendran/Documents/research/data/raw/DRAL16kHz/fragments-short/EN_001_35.wav,/Users/nilakshanraveendran/Documents/research/data/raw/DRAL16kHz/fragments-short/ES_001_35.wav,"And then on Friday you're like, no man, I can't, it's kind a, because.","Y luego el mero viernes, no, vato es que no puedo porque...",train
EN_001_36__ES_001_36,1,1,true,EN_001_36,ES_001_36,/Users/nilakshanraveendran/Documents/research/data/raw/DRAL16kHz/fragments-short/EN_001_36.wav,/Users/nilakshanraveendran/Documents/research/data/raw/DRAL16kHz/fragments-short/ES_001_36.wav,T- t- tell me what day exactly.,"Dime, dime que día exacto.",test
EN_001_37__ES_001_37,1,1,true,EN_001_37,ES_001_37,/Users/nilakshanraveendran/Documents/research/data/raw/DRAL16kHz/fragments-short/EN_001_37.wav,/Users/nilakshanraveendran/Documents/research/data/raw/DRAL16kHz/fragments-short/ES_001_37.wav,so I can buy the ticket.,Para ya comprar el boleto.,test
EN_001_38__ES_001_38,1,1,true,EN_001_38,ES_001_38,/Users/nilakshanraveendran/Documents/research/data/raw/DRAL16kHz/fragments-short/EN_001_38.wav,/Users/nilakshanraveendran/Documents/research/data/raw/DRAL16kHz/fragments-short/ES_001_38.wav,That's why we're here in the lab.,Para eso estamos aquí en el laboratorio.,test
EN_001_39__ES_001_39,1,1,true,EN_001_39,ES_001_39,/Users/nilakshanraveendran/Documents/research/data/raw/DRAL16kHz/fragments-short/EN_001_39.wav,/Users/nilakshanraveendran/Documents/research/data/raw/DRAL16kHz/fragments-short/ES_001_39.wav,We help each other out.,ayudamos entre nosotros,test
EN_001_3__ES_001_3,1,1,true,EN_001_3,ES_001_3,/Users/nilakshanraveendran/Documents/research/data/raw/DRAL16kHz/fragments-short/EN_001_3.wav,/Users/nilakshanraveendran/Documents/research/data/raw/DRAL16kHz/fragments-short/ES_001_3.wav,uh Was Montse's boyfriend.,fue el novio de Monse,test
EN_001_40__ES_001_40,2,2,true,EN_001_40,ES_001_40,/Users/nilakshanraveendran/Documents/research/data/raw/DRAL16kHz/fragments-short/EN_001_40.wav,/Users/nilakshanraveendran/Documents/research/data/raw/DRAL16kHz/fragments-short/ES_001_40.wav,Yeah.,Simón.,train
EN_001_41__ES_001_41,2,2,true,EN_001_41,ES_001_41,/Users/nilakshanraveendran/Documents/research/data/raw/DRAL16kHz/fragments-short/EN_001_41.wav,/Users/nilakshanraveendran/Documents/research/data/raw/DRAL16kHz/fragments-short/ES_001_41.wav,that if it helps you make a thesis being an undergrad,De que si te sirve de algo hacer una tesis siendo undergrad,train
EN_001_42__ES_001_42,1,1,true,EN_001_42,ES_001_42,/Users/nilakshanraveendran/Documents/research/data/raw/DRAL16kHz/fragments-short/EN_001_42.wav,/Users/nilakshanraveendran/Documents/research/data/raw/DRAL16kHz/fragments-short/ES_001_42.wav,I'm sure to apply to the master's program.,¿De seguro para aplicar al Masters Program?,test
EN_001_4__ES_001_4,2,2,true,EN_001_4,ES_001_4,/Users/nilakshanraveendran/Documents/research/data/raw/DRAL16kHz/fragments-short/EN_001_4.wav,/Users/nilakshanraveendran/Documents/research/data/raw/DRAL16kHz/fragments-short/ES_001_4.wav,Was he not anymore?,¿Fue? ¿Ya no es?,train
EN_001_5__ES_001_5,1,1,true,EN_001_5,ES_001_5,/Users/nilakshanraveendran/Documents/research/data/raw/DRAL16kHz/fragments-short/EN_001_5.wav,/Users/nilakshanraveendran/Documents/research/data/raw/DRAL16kHz/fragments-short/ES_001_5.wav,"uh is, sorry, is Monse's boyfriend. yeah",es entonce- es,test
EN_001_6__ES_001_6,1,1,true,EN_001_6,ES_001_6,/Users/nilakshanraveendran/Documents/research/data/raw/DRAL16kHz/fragments-short/EN_001_6.wav,/Users/nilakshanraveendran/Documents/research/data/raw/DRAL16kHz/fragments-short/ES_001_6.wav,First I was stressed out on the first day.,Primeramente yo estaba todo estresado.,test
EN_001_8__ES_001_8,1,1,true,EN_001_8,ES_001_8,/Users/nilakshanraveendran/Documents/research/data/raw/DRAL16kHz/fragments-short/EN_001_8.wav,/Users/nilakshanraveendran/Documents/research/data/raw/DRAL16kHz/fragments-short/ES_001_8.wav,because I hadn't made my reservation yet.,porque yo no había hecho mi reservación.,test
EN_002_10__ES_002_10,2,2,true,EN_002_10,ES_002_10,/Users/nilakshanraveendran/Documents/research/data/raw/DRAL16kHz/fragments-short/EN_002_10.wav,/Users/nilakshanraveendran/Documents/research/data/raw/DRAL16kHz/fragments-short/ES_002_10.wav,You save money.,Te ahorras.,train
EN_002_11__ES_002_11,2,2,true,EN_002_11,ES_002_11,/Users/nilakshanraveendran/Documents/research/data/raw/DRAL16kHz/fragments-short/EN_002_11.wav,/Users/nilakshanraveendran/Documents/research/data/raw/DRAL16kHz/fragments-short/ES_002_11.wav,"You invite me bowling, you invite me to the movies.","me invitas al boliche, me invitas al cine.",train
EN_002_12__ES_002_12,2,2,true,EN_002_12,ES_002_12,/Users/nilakshanraveendran/Documents/research/data/raw/DRAL16kHz/fragments-short/EN_002_12.wav,/Users/nilakshanraveendran/Documents/research/data/raw/DRAL16kHz/fragments-short/ES_002_12.wav,You invite me to do all these other things and you say you don't have time.,Me invitas a hacer otras cosas y tú dices que no tienes tiempo.,train
EN_002_13__ES_002_13,3,3,true,EN_002_13,ES_002_13,/Users/nilakshanraveendran/Documents/research/data/raw/DRAL16kHz/fragments-short/EN_002_13.wav,/Users/nilakshanraveendran/Documents/research/data/raw/DRAL16kHz/fragments-short/ES_002_13.wav,to the park,al parque,train
EN_002_14__ES_002_14,3,3,true,EN_002_14,ES_002_14,/Users/nilakshanraveendran/Documents/research/data/raw/DRAL16kHz/fragments-short/EN_002_14.wav,/Users/nilakshanraveendran/Documents/research/data/raw/DRAL16kHz/fragments-short/ES_002_14.wav,I love sports and you?,"Me encantan los deportes, ¿y a ti?",train
EN_002_15__ES_002_15,2,2,true,EN_002_15,ES_002_15,/Users/nilakshanraveendran/Documents/research/data/raw/DRAL16kHz/fragments-short/EN_002_15.wav,/Users/nilakshanraveendran/Documents/research/data/raw/DRAL16kHz/fragments-short/ES_002_15.wav,What is your favorite sport?,¿Cuál es tu deporte favorito?,train
EN_002_16__ES_002_16,3,3,true,EN_002_16,ES_002_16,/Users/nilakshanraveendran/Documents/research/data/raw/DRAL16kHz/fragments-short/EN_002_16.wav,/Users/nilakshanraveendran/Documents/research/data/raw/DRAL16kHz/fragments-short/ES_002_16.wav,To watch or to play?,¿Para ver o para jugar?,train
EN_002_17__ES_002_17,2,2,true,EN_002_17,ES_002_17,/Users/nilakshanraveendran/Documents/research/data/raw/DRAL16kHz/fragments-short/EN_002_17.wav,/Users/nilakshanraveendran/Documents/research/data/raw/DRAL16kHz/fragments-short/ES_002_17.wav,Both.,los dos.,train
EN_002_18__ES_002_18,2,2,true,EN_002_18,ES_002_18,/Users/nilakshanraveendran/Documents/research/data/raw/DRAL16kHz/fragments-short/EN_002_18.wav,/Users/nilakshanraveendran/Documents/research/data/raw/DRAL16kHz/fragments-short/ES_002_18.wav,It's not a sport.,no es un deporte,train
EN_002_1__ES_002_1,2,2,true,EN_002_1,ES_002_1,/Users/nilakshanraveendran/Documents/research/data/raw/DRAL16kHz/fragments-short/EN_002_1.wav,/Users/nilakshanraveendran/Documents/research/data/raw/DRAL16kHz/fragments-short/ES_002_1.wav,Do you want me to close the door?,Tengo que cerrar la puerta?,train
EN_002_20__ES_002_20,2,2,true,EN_002_20,ES_002_20,/Users/nilakshanraveendran/Documents/research/data/raw/DRAL16kHz/fragments-short/EN_002_20.wav,/Users/nilakshanraveendran/Documents/research/data/raw/DRAL16kHz/fragments-short/ES_002_20.wav,It's an activity.,es una actividad,train
EN_002_21__ES_002_21,2,2,true,EN_002_21,ES_002_21,/Users/nilakshanraveendran/Documents/research/data/raw/DRAL16kHz/fragments-short/EN_002_21.wav,/Users/nilakshanraveendran/Documents/research/data/raw/DRAL16kHz/fragments-short/ES_002_21.wav,The Dallas Cowboys.,los vaqueros de Dallas,train
EN_002_22__ES_002_22,3,3,true,EN_002_22,ES_002_22,/Users/nilakshanraveendran/Documents/research/data/raw/DRAL16kHz/fragments-short/EN_002_22.wav,/Users/nilakshanraveendran/Documents/research/data/raw/DRAL16kHz/fragments-short/ES_002_22.wav,Eww,eww,train
EN_002_23__ES_002_23,2,2,true,EN_002_23,ES_002_23,/Users/nilakshanraveendran/Documents/research/data/raw/DRAL16kHz/fragments-short/EN_002_23.wav,/Users/nilakshanraveendran/Documents/research/data/raw/DRAL16kHz/fragments-short/ES_002_23.wav,I feel like football games get more intense.,Siento como que los juegos de fútbol americanos se ponen más intensos.,train
EN_002_24__ES_002_24,3,3,true,EN_002_24,ES_002_24,/Users/nilakshanraveendran/Documents/research/data/raw/DRAL16kHz/fragments-short/EN_002_24.wav,/Users/nilakshanraveendran/Documents/research/data/raw/DRAL16kHz/fragments-short/ES_002_24.wav,mhm,mhm,train
EN_002_25__ES_002_25,3,3,true,EN_002_25,ES_002_25,/Users/nilakshanraveendran/Documents/research/data/raw/DRAL16kHz/fragments-short/EN_002_25.wav,/Users/nilakshanraveendran/Documents/research/data/raw/DRAL16kHz/fragments-short/ES_002_25.wav,And what is your...,Y cuál es tu...,train
EN_002_26__ES_002_26,3,3,true,EN_002_26,ES_002_26,/Users/nilakshanraveendran/Documents/research/data/raw/DRAL16kHz/fragments-short/EN_002_26.wav,/Users/nilakshanraveendran/Documents/research/data/raw/DRAL16kHz/fragments-short/ES_002_26.wav,favorite baseball team.,Equipo favorito de béisbol.,train
EN_002_27__ES_002_27,2,2,true,EN_002_27,ES_002_27,/Users/nilakshanraveendran/Documents/research/data/raw/DRAL16kHz/fragments-short/EN_002_27.wav,/Users/nilakshanraveendran/Documents/research/data/raw/DRAL16kHz/fragments-short/ES_002_27.wav,What is your favorite food?,¿Cuál es tu comida favorita?,train
EN_002_28__ES_002_28,2,2,true,EN_002_28,ES_002_28,/Users/nilakshanraveendran/Documents/research/data/raw/DRAL16kHz/fragments-short/EN_002_28.wav,/Users/nilakshanraveendran/Documents/research/data/raw/DRAL16kHz/fragments-short/ES_002_28.wav,things that a lot of people are,cosas que a muchas personas,train
EN_002_29__ES_002_29,2,2,true,EN_002_29,ES_002_29,/Users/nilakshanraveendran/Documents/research/data/raw/DRAL16kHz/fragments-short/EN_002_29.wav,/Users/nilakshanraveendran/Documents/research/data/raw/DRAL16kHz/fragments-short/ES_002_29.wav,uncomfortable with.,los incómoda,train
EN_002_2__ES_002_2,3,3,true,EN_002_2,ES_002_2,/Users/nilakshanraveendran/Documents/research/data/raw/DRAL16kHz/fragments-short/EN_002_2.wav,/Users/nilakshanraveendran/Documents/research/data/raw/DRAL16kHz/fragments-short/ES_002_2.wav,No.,No.,train
EN_002_30__ES_002_30,3,3,true,EN_002_30,ES_002_30,/Users/nilakshanraveendran/Documents/research/data/raw/DRAL16kHz/fragments-short/EN_002_30.wav,/Users/nilakshanraveendran/Documents/research/data/raw/DRAL16kHz/fragments-short/ES_002_30.wav,uh-huh,Ajá.,train
EN_002_31__ES_002_31,2,2,true,EN_002_31,ES_002_31,/Users/nilakshanraveendran/Documents/research/data/raw/DRAL16kHz/fragments-short/EN_002_31.wav,/Users/nilakshanraveendran/Documents/research/data/raw/DRAL16kHz/fragments-short/ES_002_31.wav,but I'm already used to doing them.,Y yo ya estoy acostumbrado a hacerlo.,train
EN_002_32__ES_002_32,3,3,true,EN_002_32,ES_002_32,/Users/nilakshanraveendran/Documents/research/data/raw/DRAL16kHz/fragments-short/EN_002_32.wav,/Users/nilakshanraveendran/Documents/research/data/raw/DRAL16kHz/fragments-short/ES_002_32.wav,to distribute,a distribuir,train
EN_002_33__ES_002_33,3,3,true,EN_002_33,ES_002_33,/Users/nilakshanraveendran/Documents/research/data/raw/DRAL16kHz/fragments-short/EN_002_33.wav,/Users/nilakshanraveendran/Documents/research/data/raw/DRAL16kHz/fragments-short/ES_002_33.wav,like in full,"O sea, entero.",train
EN_002_34__ES_002_34,2,2,true,EN_002_34,ES_002_34,/Users/nilakshanraveendran/Documents/research/data/raw/DRAL16kHz/fragments-short/EN_002_34.wav,/Users/nilakshanraveendran/Documents/research/data/raw/DRAL16kHz/fragments-short/ES_002_34.wav,I am interpreting things how I want and how I think.,Lo estoy interpretando como yo quiero y como yo pienso.,train
EN_002_35__ES_002_35,3,3,true,EN_002_35,ES_002_35,/Users/nilakshanraveendran/Documents/research/data/raw/DRAL16kHz/fragments-short/EN_002_35.wav,/Users/nilakshanraveendran/Documents/research/data/raw/DRAL16kHz/fragments-short/ES_002_35.wav,"Ah, okay. Sorry.","Ah, ok, bueno pues, perdón",train
EN_002_36__ES_002_36,2,2,true,EN_002_36,ES_002_36,/Users/nilakshanraveendran/Documents/research/data/raw/DRAL16kHz/fragments-short/EN_002_36.wav,/Users/nilakshanraveendran/Documents/research/data/raw/DRAL16kHz/fragments-short/ES_002_36.wav,"If you had to choose a store, which store?",si tuvieras que escoger una tienda de que tiene,train
EN_002_37__ES_002_37,3,3,true,EN_002_37,ES_002_37,/Users/nilakshanraveendran/Documents/research/data/raw/DRAL16kHz/fragments-short/EN_002_37.wav,/Users/nilakshanraveendran/Documents/research/data/raw/DRAL16kHz/fragments-short/ES_002_37.wav,I don't.,yo no,train
EN_002_38__ES_002_38,3,3,true,EN_002_38,ES_002_38,/Users/nilakshanraveendran/Documents/research/data/raw/DRAL16kHz/fragments-short/EN_002_38.wav,/Users/nilakshanraveendran/Documents/research/data/raw/DRAL16kHz/fragments-short/ES_002_38.wav,I don't really go shopping.,Yo casi no salgo de compras.,train
EN_002_39__ES_002_39,2,2,true,EN_002_39,ES_002_39,/Users/nilakshanraveendran/Documents/research/data/raw/DRAL16kHz/fragments-short/EN_002_39.wav,/Users/nilakshanraveendran/Documents/research/data/raw/DRAL16kHz/fragments-short/ES_002_39.wav,in whatever part of the world.,en cualquier parte del mundo.,train
EN_002_3__ES_002_3,3,3,true,EN_002_3,ES_002_3,/Users/nilakshanraveendran/Documents/research/data/raw/DRAL16kHz/fragments-short/EN_002_3.wav,/Users/nilakshanraveendran/Documents/research/data/raw/DRAL16kHz/fragments-short/ES_002_3.wav,I got my shoes dirty.,Me manché los tenis.,train
EN_002_40__ES_002_40,2,2,true,EN_002_40,ES_002_40,/Users/nilakshanraveendran/Documents/research/data/raw/DRAL16kHz/fragments-short/EN_002_40.wav,/Users/nilakshanraveendran/Documents/research/data/raw/DRAL16kHz/fragments-short/ES_002_40.wav,What has been your favorite store?,¿Cuál ha sido tu tienda favorita?,train
EN_002_41__ES_002_41,3,3,true,EN_002_41,ES_002_41,/Users/nilakshanraveendran/Documents/research/data/raw/DRAL16kHz/fragments-short/EN_002_41.wav,/Users/nilakshanraveendran/Documents/research/data/raw/DRAL16kHz/fragments-short/ES_002_41.wav,they have a lot of more athletic clothes clothes that's more,"Tienen mucha ropa así de deporte, ropa más.",train
EN_002_42__ES_002_42,2,2,true,EN_002_42,ES_002_42,/Users/nilakshanraveendran/Documents/research/data/raw/DRAL16kHz/fragments-short/EN_002_42.wav,/Users/nilakshanraveendran/Documents/research/data/raw/DRAL16kHz/fragments-short/ES_002_42.wav,But it's very expensive clothes that you can find in other places.,Pero es m- ropa muy cara y que puedes encontrar en otras partes.,train
EN_002_43__ES_002_43,3,3,true,EN_002_43,ES_002_43,/Users/nilakshanraveendran/Documents/research/data/raw/DRAL16kHz/fragments-short/EN_002_43.wav,/Users/nilakshanraveendran/Documents/research/data/raw/DRAL16kHz/fragments-short/ES_002_43.wav,in Ross?,En Ross.,train
EN_002_4__ES_002_4,2,2,true,EN_002_4,ES_002_4,/Users/nilakshanraveendran/Documents/research/data/raw/DRAL16kHz/fragments-short/EN_002_4.wav,/Users/nilakshanraveendran/Documents/research/data/raw/DRAL16kHz/fragments-short/ES_002_4.wav,How much did he charge you?,¿Cuándo te cobro la otra vez?,train
EN_002_5__ES_002_5,3,3,true,EN_002_5,ES_002_5,/Users/nilakshanraveendran/Documents/research/data/raw/DRAL16kHz/fragments-short/EN_002_5.wav,/Users/nilakshanraveendran/Documents/research/data/raw/DRAL16kHz/fragments-short/ES_002_5.wav,45 dollars,45 dólares.,train
EN_002_6__ES_002_6,2,2,true,EN_002_6,ES_002_6,/Users/nilakshanraveendran/Documents/research/data/raw/DRAL16kHz/fragments-short/EN_002_6.wav,/Users/nilakshanraveendran/Documents/research/data/raw/DRAL16kHz/fragments-short/ES_002_6.wav,And there you can do it to your liking.,Y ahí lo puedes hacer a tu gusto.,train
EN_002_7__ES_002_7,3,3,true,EN_002_7,ES_002_7,/Users/nilakshanraveendran/Documents/research/data/raw/DRAL16kHz/fragments-short/EN_002_7.wav,/Users/nilakshanraveendran/Documents/research/data/raw/DRAL16kHz/fragments-short/ES_002_7.wav,"Yeah, but I'd rather not have to clean it myself.","Sí, pero prefiero no tener que lavarlo yo.",train
EN_002_8__ES_002_8,2,2,true,EN_002_8,ES_002_8,/Users/nilakshanraveendran/Documents/research/data/raw/DRAL16kHz/fragments-short/EN_002_8.wav,/Users/nilakshanraveendran/Documents/research/data/raw/DRAL16kHz/fragments-short/ES_002_8.wav,Depending on the time that you have. but,"Depende del tiempo que tengas, pero...",train
EN_002_9__ES_002_9,3,3,true,EN_002_9,ES_002_9,/Users/nilakshanraveendran/Documents/research/data/raw/DRAL16kHz/fragments-short/EN_002_9.wav,/Users/nilakshanraveendran/Documents/research/data/raw/DRAL16kHz/fragments-short/ES_002_9.wav,"Well, yeah, but I don't really have time.","Pues si, pues no tengo tiempo.",train
EN_003_10__ES_003_10,5,5,true,EN_003_10,ES_003_10,/Users/nilakshanraveendran/Documents/research/data/raw/DRAL16kHz/fragments-short/EN_003_10.wav,/Users/nilakshanraveendran/Documents/research/data/raw/DRAL16kHz/fragments-short/ES_003_10.wav,I still needed to study two...,Me faltaron estudiar dos...,train
EN_003_11__ES_003_11,5,5,true,EN_003_11,ES_003_11,/Users/nilakshanraveendran/Documents/research/data/raw/DRAL16kHz/fragments-short/EN_003_11.wav,/Users/nilakshanraveendran/Documents/research/data/raw/DRAL16kHz/fragments-short/ES_003_11.wav,chapters.,capítulos,train
EN_003_12__ES_003_12,5,5,true,EN_003_12,ES_003_12,/Users/nilakshanraveendran/Documents/research/data/raw/DRAL16kHz/fragments-short/EN_003_12.wav,/Users/nilakshanraveendran/Documents/research/data/raw/DRAL16kHz/fragments-short/ES_003_12.wav,To put in order...,Poner en orden.,train
EN_003_13__ES_003_13,5,5,true,EN_003_13,ES_003_13,/Users/nilakshanraveendran/Documents/research/data/raw/DRAL16kHz/fragments-short/EN_003_13.wav,/Users/nilakshanraveendran/Documents/research/data/raw/DRAL16kHz/fragments-short/ES_003_13.wav,the different things of,las cosas de diferente o sea de diferente,train
EN_003_14__ES_003_14,5,5,true,EN_003_14,ES_003_14,/Users/nilakshanraveendran/Documents/research/data/raw/DRAL16kHz/fragments-short/EN_003_14.wav,/Users/nilakshanraveendran/Documents/research/data/raw/DRAL16kHz/fragments-short/ES_003_14.wav,of like acids and things like that,ácidos y así cosas así,train
EN_003_15__ES_003_15,5,5,true,EN_003_15,ES_003_15,/Users/nilakshanraveendran/Documents/research/data/raw/DRAL16kHz/fragments-short/EN_003_15.wav,/Users/nilakshanraveendran/Documents/research/data/raw/DRAL16kHz/fragments-short/ES_003_15.wav,"Since it was only reactions, it was like 20 questions in the front page?","Como nomas eran reacciones, eran como 20 preguntas enfrente.",train
EN_003_16__ES_003_16,5,5,true,EN_003_16,ES_003_16,/Users/nilakshanraveendran/Documents/research/data/raw/DRAL16kHz/fragments-short/EN_003_16.wav,/Users/nilakshanraveendran/Documents/research/data/raw/DRAL16kHz/fragments-short/ES_003_16.wav,Four in the back,y cuatro atrás,train
EN_003_17__ES_003_17,5,5,true,EN_003_17,ES_003_17,/Users/nilakshanraveendran/Documents/research/data/raw/DRAL16kHz/fragments-short/EN_003_17.wav,/Users/nilakshanraveendran/Documents/research/data/raw/DRAL16kHz/fragments-short/ES_003_17.wav,Actually on the last one I put a...,De hecho a la última le puse una carita.,train
EN_003_18__ES_003_18,3,3,true,EN_003_18,ES_003_18,/Users/nilakshanraveendran/Documents/research/data/raw/DRAL16kHz/fragments-short/EN_003_18.wav,/Users/nilakshanraveendran/Documents/research/data/raw/DRAL16kHz/fragments-short/ES_003_18.wav,Sad.,Triste.,train
EN_003_19__ES_003_19,5,5,true,EN_003_19,ES_003_19,/Users/nilakshanraveendran/Documents/research/data/raw/DRAL16kHz/fragments-short/EN_003_19.wav,/Users/nilakshanraveendran/Documents/research/data/raw/DRAL16kHz/fragments-short/ES_003_19.wav,Sad face,Triste.,train
EN_003_1__ES_003_1,5,5,true,EN_003_1,ES_003_1,/Users/nilakshanraveendran/Documents/research/data/raw/DRAL16kHz/fragments-short/EN_003_1.wav,/Users/nilakshanraveendran/Documents/research/data/raw/DRAL16kHz/fragments-short/ES_003_1.wav,The pen wasn't working?,y no servía la pluma.,train
EN_003_20__ES_003_20,5,5,true,EN_003_20,ES_003_20,/Users/nilakshanraveendran/Documents/research/data/raw/DRAL16kHz/fragments-short/EN_003_20.wav,/Users/nilakshanraveendran/Documents/research/data/raw/DRAL16kHz/fragments-short/ES_003_20.wav,because I didn't know it.,que no me la supe.,train
EN_003_21__ES_003_21,5,5,true,EN_003_21,ES_003_21,/Users/nilakshanraveendran/Documents/research/data/raw/DRAL16kHz/fragments-short/EN_003_21.wav,/Users/nilakshanraveendran/Documents/research/data/raw/DRAL16kHz/fragments-short/ES_003_21.wav,I really impressed myself.,me sorprendi mucho,train
EN_003_22__ES_003_22,3,3,true,EN_003_22,ES_003_22,/Users/nilakshanraveendran/Documents/research/data/raw/DRAL16kHz/fragments-short/EN_003_22.wav,/Users/nilakshanraveendran/Documents/research/data/raw/DRAL16kHz/fragments-short/ES_003_22.wav,And there was a big piece of tire on the freeway on the side.,Estaba el pedazote de llanta en el freeway y anda-.,train
EN_003_23__ES_003_23,5,5,true,EN_003_23,ES_003_23,/Users/nilakshanraveendran/Documents/research/data/raw/DRAL16kHz/fragments-short/EN_003_23.wav,/Users/nilakshanraveendran/Documents/research/data/raw/DRAL16kHz/fragments-short/ES_003_23.wav,You should've picked it up.,Lo hubieras recogido.,train
EN_003_24__ES_003_24,3,3,true,EN_003_24,ES_003_24,/Users/nilakshanraveendran/Documents/research/data/raw/DRAL16kHz/fragments-short/EN_003_24.wav,/Users/nilakshanraveendran/Documents/research/data/raw/DRAL16kHz/fragments-short/ES_003_24.wav,"Oh yeah, I'll stop.","Ay, sí, ¿me paro?",train
EN_003_25__ES_003_25,5,5,true,EN_003_25,ES_003_25,/Users/nilakshanraveendran/Documents/research/data/raw/DRAL16kHz/fragments-short/EN_003_25.wav,/Users/nilakshanraveendran/Documents/research/data/raw/DRAL16kHz/fragments-short/ES_003_25.wav,Why?,¿Por qué?,train
EN_003_26__ES_003_26,5,5,true,EN_003_26,ES_003_26,/Users/nilakshanraveendran/Documents/research/data/raw/DRAL16kHz/fragments-short/EN_003_26.wav,/Users/nilakshanraveendran/Documents/research/data/raw/DRAL16kHz/fragments-short/ES_003_26.wav,Nothing happened.,No pasa nada.,train
EN_003_27__ES_003_27,5,5,true,EN_003_27,ES_003_27,/Users/nilakshanraveendran/Documents/research/data/raw/DRAL16kHz/fragments-short/EN_003_27.wav,/Users/nilakshanraveendran/Documents/research/data/raw/DRAL16kHz/fragments-short/ES_003_27.wav,You've never stopped on the side of the road.,¿Nunca te has parado en el lado?,train
EN_003_28__ES_003_28,3,3,true,EN_003_28,ES_003_28,/Users/nilakshanraveendran/Documents/research/data/raw/DRAL16kHz/fragments-short/EN_003_28.wav,/Users/nilakshanraveendran/Documents/research/data/raw/DRAL16kHz/fragments-short/ES_003_28.wav,Me alone? No.,Yo sola no.,train
EN_003_29__ES_003_29,3,3,true,EN_003_29,ES_003_29,/Users/nilakshanraveendran/Documents/research/data/raw/DRAL16kHz/fragments-short/EN_003_29.wav,/Users/nilakshanraveendran/Documents/research/data/raw/DRAL16kHz/fragments-short/ES_003_29.wav,Did your mom bring you any?,¿Tu mama te trajo a Amy?,train
EN_003_2__ES_003_2,5,5,true,EN_003_2,ES_003_2,/Users/nilakshanraveendran/Documents/research/data/raw/DRAL16kHz/fragments-short/EN_003_2.wav,/Users/nilakshanraveendran/Documents/research/data/raw/DRAL16kHz/fragments-short/ES_003_2.wav,He told me I don't have anything,"Me dijo, no tengo nada.",train
EN_003_30__ES_003_30,5,5,true,EN_003_30,ES_003_30,/Users/nilakshanraveendran/Documents/research/data/raw/DRAL16kHz/fragments-short/EN_003_30.wav,/Users/nilakshanraveendran/Documents/research/data/raw/DRAL16kHz/fragments-short/ES_003_30.wav,Yeah.,S- Sí.,train
EN_003_31__ES_003_31,5,5,true,EN_003_31,ES_003_31,/Users/nilakshanraveendran/Documents/research/data/raw/DRAL16kHz/fragments-short/EN_003_31.wav,/Users/nilakshanraveendran/Documents/research/data/raw/DRAL16kHz/fragments-short/ES_003_31.wav,and I'd give her my tablet.,Y le daría mi tableta.,train
EN_003_32__ES_003_32,5,5,true,EN_003_32,ES_003_32,/Users/nilakshanraveendran/Documents/research/data/raw/DRAL16kHz/fragments-short/EN_003_32.wav,/Users/nilakshanraveendran/Documents/research/data/raw/DRAL16kHz/fragments-short/ES_003_32.wav,so she could draw.,para que dibuje,train
EN_003_33__ES_003_33,5,5,true,EN_003_33,ES_003_33,/Users/nilakshanraveendran/Documents/research/data/raw/DRAL16kHz/fragments-short/EN_003_33.wav,/Users/nilakshanraveendran/Documents/research/data/raw/DRAL16kHz/fragments-short/ES_003_33.wav,I would tell her to not make any noise.,Le diría que no haga ningún ruido.,train
EN_003_34__ES_003_34,5,5,true,EN_003_34,ES_003_34,/Users/nilakshanraveendran/Documents/research/data/raw/DRAL16kHz/fragments-short/EN_003_34.wav,/Users/nilakshanraveendran/Documents/research/data/raw/DRAL16kHz/fragments-short/ES_003_34.wav,because I would get a zero on the exam.,Porque si no me iban a poner un 0 en el examen.,train
EN_003_35__ES_003_35,5,5,true,EN_003_35,ES_003_35,/Users/nilakshanraveendran/Documents/research/data/raw/DRAL16kHz/fragments-short/EN_003_35.wav,/Users/nilakshanraveendran/Documents/research/data/raw/DRAL16kHz/fragments-short/ES_003_35.wav,And then I thought [lipsmack].,"Y luego pensé, dije...",train
EN_003_36__ES_003_36,5,5,true,EN_003_36,ES_003_36,/Users/nilakshanraveendran/Documents/research/data/raw/DRAL16kHz/fragments-short/EN_003_36.wav,/Users/nilakshanraveendran/Documents/research/data/raw/DRAL16kHz/fragments-short/ES_003_36.wav,Something's gonna happen to the tablet and she's gonna be like,Algo le va a pasar a la tableta y me va a decir...,train
EN_003_37__ES_003_37,5,5,true,EN_003_37,ES_003_37,/Users/nilakshanraveendran/Documents/research/data/raw/DRAL16kHz/fragments-short/EN_003_37.wav,/Users/nilakshanraveendran/Documents/research/data/raw/DRAL16kHz/fragments-short/ES_003_37.wav,Help me! Help me with this!,"Hector, ¡Ayúdame con esto!",train
EN_003_38__ES_003_38,3,3,true,EN_003_38,ES_003_38,/Users/nilakshanraveendran/Documents/research/data/raw/DRAL16kHz/fragments-short/EN_003_38.wav,/Users/nilakshanraveendran/Documents/research/data/raw/DRAL16kHz/fragments-short/ES_003_38.wav,That's how I feel too.,Así me siento yo también.,train
EN_003_39__ES_003_39,3,3,true,EN_003_39,ES_003_39,/Users/nilakshanraveendran/Documents/research/data/raw/DRAL16kHz/fragments-short/EN_003_39.wav,/Users/nilakshanraveendran/Documents/research/data/raw/DRAL16kHz/fragments-short/ES_003_39.wav,I don't know what's happening in microbiology.,No sé qué está pasando en microbiología.,train
EN_003_3__ES_003_3,5,5,true,EN_003_3,ES_003_3,/Users/nilakshanraveendran/Documents/research/data/raw/DRAL16kHz/fragments-short/EN_003_3.wav,/Users/nilakshanraveendran/Documents/research/data/raw/DRAL16kHz/fragments-short/ES_003_3.wav,So I asked him.,Y le pregunté.,train
EN_003_4__ES_003_4,5,5,true,EN_003_4,ES_003_4,/Users/nilakshanraveendran/Documents/research/data/raw/DRAL16kHz/fragments-short/EN_003_4.wav,/Users/nilakshanraveendran/Documents/research/data/raw/DRAL16kHz/fragments-short/ES_003_4.wav,Can I go to another class or can I go to...,Puede ir a otra clase o puede ir a...,train
EN_003_5__ES_003_5,5,5,true,EN_003_5,ES_003_5,/Users/nilakshanraveendran/Documents/research/data/raw/DRAL16kHz/fragments-short/EN_003_5.wav,/Users/nilakshanraveendran/Documents/research/data/raw/DRAL16kHz/fragments-short/ES_003_5.wav,at a office to see if somebody has a pen or something.,o a una oficina o algo para ver si alguien trae una pluma,train
EN_003_6__ES_003_6,5,5,true,EN_003_6,ES_003_6,/Users/nilakshanraveendran/Documents/research/data/raw/DRAL16kHz/fragments-short/EN_003_6.wav,/Users/nilakshanraveendran/Documents/research/data/raw/DRAL16kHz/fragments-short/ES_003_6.wav,uh I didn't want to...,Porque no quería...,train
EN_003_7__ES_003_7,3,3,true,EN_003_7,ES_003_7,/Users/nilakshanraveendran/Documents/research/data/raw/DRAL16kHz/fragments-short/EN_003_7.wav,/Users/nilakshanraveendran/Documents/research/data/raw/DRAL16kHz/fragments-short/ES_003_7.wav,interrupt,molestarlos,train
EN_003_8__ES_003_8,5,5,true,EN_003_8,ES_003_8,/Users/nilakshanraveendran/Documents/research/data/raw/DRAL16kHz/fragments-short/EN_003_8.wav,/Users/nilakshanraveendran/Documents/research/data/raw/DRAL16kHz/fragments-short/ES_003_8.wav,interrupt the people that were doing the exam.,molestar a los que ya estaban haciendo el examen,train
EN_003_9__ES_003_9,5,5,true,EN_003_9,ES_003_9,/Users/nilakshanraveendran/Documents/research/data/raw/DRAL16kHz/fragments-short/EN_003_9.wav,/Users/nilakshanraveendran/Documents/research/data/raw/DRAL16kHz/fragments-short/ES_003_9.wav,"I have an extra pen, here!","o sea yo tengo una pluma extra, toma",train
EN_004_10__ES_004_10,7,7,true,EN_004_10,ES_004_10,/Users/nilakshanraveendran/Documents/research/data/raw/DRAL16kHz/fragments-short/EN_004_10.wav,/Users/nilakshanraveendran/Documents/research/data/raw/DRAL16kHz/fragments-short/ES_004_10.wav,He was helping me find something that I liked.,Eh me estaba ayudando a en- elegir lo que me gustaba,train
EN_004_11__ES_004_11,7,7,true,EN_004_11,ES_004_11,/Users/nilakshanraveendran/Documents/research/data/raw/DRAL16kHz/fragments-short/EN_004_11.wav,/Users/nilakshanraveendran/Documents/research/data/raw/DRAL16kHz/fragments-short/ES_004_11.wav,"And so he told me, why don't I appoint you in computer science?","Me dijo, ¿por qué no te pongo en Computer Science?",train
EN_004_12__ES_004_12,7,7,true,EN_004_12,ES_004_12,/Users/nilakshanraveendran/Documents/research/data/raw/DRAL16kHz/fragments-short/EN_004_12.wav,/Users/nilakshanraveendran/Documents/research/data/raw/DRAL16kHz/fragments-short/ES_004_12.wav,"I was like stuff, related to video games. So I said.",A mí siempre me gustó mucho lo de los videojuegos y dije...,train
EN_004_13__ES_004_13,4,4,true,EN_004_13,ES_004_13,/Users/nilakshanraveendran/Documents/research/data/raw/DRAL16kHz/fragments-short/EN_004_13.wav,/Users/nilakshanraveendran/Documents/research/data/raw/DRAL16kHz/fragments-short/ES_004_13.wav,"Oh, okay. Sounds good.","Ah, ok, muy bien.",train
EN_004_14__ES_004_14,7,7,true,EN_004_14,ES_004_14,/Users/nilakshanraveendran/Documents/research/data/raw/DRAL16kHz/fragments-short/EN_004_14.wav,/Users/nilakshanraveendran/Documents/research/data/raw/DRAL16kHz/fragments-short/ES_004_14.wav,Yeah.,Ehm.,train
EN_004_15__ES_004_15,4,4,true,EN_004_15,ES_004_15,/Users/nilakshanraveendran/Documents/research/data/raw/DRAL16kHz/fragments-short/EN_004_15.wav,/Users/nilakshanraveendran/Documents/research/data/raw/DRAL16kHz/fragments-short/ES_004_15.wav,That's interesting.,Qué interesante.,train
EN_004_16__ES_004_16,4,4,true,EN_004_16,ES_004_16,/Users/nilakshanraveendran/Documents/research/data/raw/DRAL16kHz/fragments-short/EN_004_16.wav,/Users/nilakshanraveendran/Documents/research/data/raw/DRAL16kHz/fragments-short/ES_004_16.wav,But it wasn't because of that?,¿O no fue por eso?,train
EN_004_17__ES_004_17,7,7,true,EN_004_17,ES_004_17,/Users/nilakshanraveendran/Documents/research/data/raw/DRAL16kHz/fragments-short/EN_004_17.wav,/Users/nilakshanraveendran/Documents/research/data/raw/DRAL16kHz/fragments-short/ES_004_17.wav,"mm-mhm. No, it wasn't because of that.","No, no fue por eso.",train
EN_004_18__ES_004_18,7,7,true,EN_004_18,ES_004_18,/Users/nilakshanraveendran/Documents/research/data/raw/DRAL16kHz/fragments-short/EN_004_18.wav,/Users/nilakshanraveendran/Documents/research/data/raw/DRAL16kHz/fragments-short/ES_004_18.wav,How are you going to get into computer science? You don't know mathematics. You're not good at mathematics.,¿Cómo te vas a meter a computación? No sabes matemá- No eres buena en matemática estás,train
EN_004_19__ES_004_19,7,7,true,EN_004_19,ES_004_19,/Users/nilakshanraveendran/Documents/research/data/raw/DRAL16kHz/fragments-short/EN_004_19.wav,/Users/nilakshanraveendran/Documents/research/data/raw/DRAL16kHz/fragments-short/ES_004_19.wav,"Yeah, that is what.",sí eso es lo que,train
EN_004_1__ES_004_1,7,7,true,EN_004_1,ES_004_1,/Users/nilakshanraveendran/Documents/research/data/raw/DRAL16kHz/fragments-short/EN_004_1.wav,/Users/nilakshanraveendran/Documents/research/data/raw/DRAL16kHz/fragments-short/ES_004_1.wav,Biologist.,Biólogo.,train
EN_004_20__ES_004_20,7,7,true,EN_004_20,ES_004_20,/Users/nilakshanraveendran/Documents/research/data/raw/DRAL16kHz/fragments-short/EN_004_20.wav,/Users/nilakshanraveendran/Documents/research/data/raw/DRAL16kHz/fragments-short/ES_004_20.wav,"That's what um, [lipsmack] surprises me.",Lo que me impresiona,train
EN_004_21__ES_004_21,7,7,true,EN_004_21,ES_004_21,/Users/nilakshanraveendran/Documents/research/data/raw/DRAL16kHz/fragments-short/EN_004_21.wav,/Users/nilakshanraveendran/Documents/research/data/raw/DRAL16kHz/fragments-short/ES_004_21.wav,Occasionally matrixes and all that,ocasionalmente Matrixes y todo eso ¿no?,train
EN_004_22__ES_004_22,4,4,true,EN_004_22,ES_004_22,/Users/nilakshanraveendran/Documents/research/data/raw/DRAL16kHz/fragments-short/EN_004_22.wav,/Users/nilakshanraveendran/Documents/research/data/raw/DRAL16kHz/fragments-short/ES_004_22.wav,Yeah.,"Sí, sí, sí.",train
EN_004_23__ES_004_23,4,4,true,EN_004_23,ES_004_23,/Users/nilakshanraveendran/Documents/research/data/raw/DRAL16kHz/fragments-short/EN_004_23.wav,/Users/nilakshanraveendran/Documents/research/data/raw/DRAL16kHz/fragments-short/ES_004_23.wav,Did you say geologist?,¿Dijiste geólogo?,train
EN_004_24__ES_004_24,7,7,true,EN_004_24,ES_004_24,/Users/nilakshanraveendran/Documents/research/data/raw/DRAL16kHz/fragments-short/EN_004_24.wav,/Users/nilakshanraveendran/Documents/research/data/raw/DRAL16kHz/fragments-short/ES_004_24.wav,"geologist, yeah","Geólogo, si.",train
EN_004_25__ES_004_25,4,4,true,EN_004_25,ES_004_25,/Users/nilakshanraveendran/Documents/research/data/raw/DRAL16kHz/fragments-short/EN_004_25.wav,/Users/nilakshanraveendran/Documents/research/data/raw/DRAL16kHz/fragments-short/ES_004_25.wav,What's that?,¿Qué es eso?,train
EN_004_26__ES_004_26,4,4,true,EN_004_26,ES_004_26,/Users/nilakshanraveendran/Documents/research/data/raw/DRAL16kHz/fragments-short/EN_004_26.wav,/Users/nilakshanraveendran/Documents/research/data/raw/DRAL16kHz/fragments-short/ES_004_26.wav,and he didn't like it.,¿Y no te gustó?,train
EN_004_27__ES_004_27,7,7,true,EN_004_27,ES_004_27,/Users/nilakshanraveendran/Documents/research/data/raw/DRAL16kHz/fragments-short/EN_004_27.wav,/Users/nilakshanraveendran/Documents/research/data/raw/DRAL16kHz/fragments-short/ES_004_27.wav,ummm. No.,Mmm... no.,train
EN_004_28__ES_004_28,7,7,true,EN_004_28,ES_004_28,/Users/nilakshanraveendran/Documents/research/data/raw/DRAL16kHz/fragments-short/EN_004_28.wav,/Users/nilakshanraveendran/Documents/research/data/raw/DRAL16kHz/fragments-short/ES_004_28.wav,It wasn't what I expected.,No era lo que yo esperaba.,train
EN_004_29__ES_004_29,7,7,true,EN_004_29,ES_004_29,/Users/nilakshanraveendran/Documents/research/data/raw/DRAL16kHz/fragments-short/EN_004_29.wav,/Users/nilakshanraveendran/Documents/research/data/raw/DRAL16kHz/fragments-short/ES_004_29.wav,"It bored me, honestly.","Me aburrió, honestamente.",train
EN_004_2__ES_004_2,7,7,true,EN_004_2,ES_004_2,/Users/nilakshanraveendran/Documents/research/data/raw/DRAL16kHz/fragments-short/EN_004_2.wav,/Users/nilakshanraveendran/Documents/research/data/raw/DRAL16kHz/fragments-short/ES_004_2.wav,And then I move into chemist.,Y luego de biólogo me pasé a químico.,train
EN_004_30__ES_004_30,4,4,true,EN_004_30,ES_004_30,/Users/nilakshanraveendran/Documents/research/data/raw/DRAL16kHz/fragments-short/EN_004_30.wav,/Users/nilakshanraveendran/Documents/research/data/raw/DRAL16kHz/fragments-short/ES_004_30.wav,"You got bored? Oh, wow.","¿Te aburriste? Ah, wow.",train
EN_004_31__ES_004_31,7,7,true,EN_004_31,ES_004_31,/Users/nilakshanraveendran/Documents/research/data/raw/DRAL16kHz/fragments-short/EN_004_31.wav,/Users/nilakshanraveendran/Documents/research/data/raw/DRAL16kHz/fragments-short/ES_004_31.wav,"Yeah, I thought it was going to be something more like...",así que voy a hacer algo más así como que de...,train
EN_004_32__ES_004_32,4,4,true,EN_004_32,ES_004_32,/Users/nilakshanraveendran/Documents/research/data/raw/DRAL16kHz/fragments-short/EN_004_32.wav,/Users/nilakshanraveendran/Documents/research/data/raw/DRAL16kHz/fragments-short/ES_004_32.wav,going to explore.,ir a explorar,train
EN_004_33__ES_004_33,7,7,true,EN_004_33,ES_004_33,/Users/nilakshanraveendran/Documents/research/data/raw/DRAL16kHz/fragments-short/EN_004_33.wav,/Users/nilakshanraveendran/Documents/research/data/raw/DRAL16kHz/fragments-short/ES_004_33.wav,"Aha, yeah, like finding stones like...","Ajá, o de encontrar zonas como...",train
EN_004_34__ES_004_34,4,4,true,EN_004_34,ES_004_34,/Users/nilakshanraveendran/Documents/research/data/raw/DRAL16kHz/fragments-short/EN_004_34.wav,/Users/nilakshanraveendran/Documents/research/data/raw/DRAL16kHz/fragments-short/ES_004_34.wav,"And, um, did you come from Juarez?",¿Y vienes de... de Juárez?,train
EN_004_35__ES_004_35,7,7,true,EN_004_35,ES_004_35,/Users/nilakshanraveendran/Documents/research/data/raw/DRAL16kHz/fragments-short/EN_004_35.wav,/Users/nilakshanraveendran/Documents/research/data/raw/DRAL16kHz/fragments-short/ES_004_35.wav,I was born here in El Paso.,Nací aquí en El Paso.,train
EN_004_36__ES_004_36,7,7,true,EN_004_36,ES_004_36,/Users/nilakshanraveendran/Documents/research/data/raw/DRAL16kHz/fragments-short/EN_004_36.wav,/Users/nilakshanraveendran/Documents/research/data/raw/DRAL16kHz/fragments-short/ES_004_36.wav,because my sister and I were nine years apart.,porque mi hermana y yo somos nueve años de diferencia.,train
EN_004_37__ES_004_37,4,4,true,EN_004_37,ES_004_37,/Users/nilakshanraveendran/Documents/research/data/raw/DRAL16kHz/fragments-short/EN_004_37.wav,/Users/nilakshanraveendran/Documents/research/data/raw/DRAL16kHz/fragments-short/ES_004_37.wav,Two.,¿Dos?,train
EN_004_38__ES_004_38,7,7,true,EN_004_38,ES_004_38,/Users/nilakshanraveendran/Documents/research/data/raw/DRAL16kHz/fragments-short/EN_004_38.wav,/Users/nilakshanraveendran/Documents/research/data/raw/DRAL16kHz/fragments-short/ES_004_38.wav,Nine.,Nueve,train
EN_004_39__ES_004_39,4,4,true,EN_004_39,ES_004_39,/Users/nilakshanraveendran/Documents/research/data/raw/DRAL16kHz/fragments-short/EN_004_39.wav,/Users/nilakshanraveendran/Documents/research/data/raw/DRAL16kHz/fragments-short/ES_004_39.wav,Here to Juarez?,Aquí a Juárez.,train
EN_004_3__ES_004_3,4,4,true,EN_004_3,ES_004_3,/Users/nilakshanraveendran/Documents/research/data/raw/DRAL16kHz/fragments-short/EN_004_3.wav,/Users/nilakshanraveendran/Documents/research/data/raw/DRAL16kHz/fragments-short/ES_004_3.wav,Oh.,¡Oh!,train
EN_004_40__ES_004_40,7,7,true,EN_004_40,ES_004_40,/Users/nilakshanraveendran/Documents/research/data/raw/DRAL16kHz/fragments-short/EN_004_40.wav,/Users/nilakshanraveendran/Documents/research/data/raw/DRAL16kHz/fragments-short/ES_004_40.wav,to Juarez and I was studying here in El Paso.,a Juárez y estaba estudiando aquí en El Paso,train
EN_004_41__ES_004_41,7,7,true,EN_004_41,ES_004_41,/Users/nilakshanraveendran/Documents/research/data/raw/DRAL16kHz/fragments-short/EN_004_41.wav,/Users/nilakshanraveendran/Documents/research/data/raw/DRAL16kHz/fragments-short/ES_004_41.wav,"And so, everybody had to cross walking.",[unk] todos los días tienen que cruzar caminando,train
EN_004_42__ES_004_42,4,4,true,EN_004_42,ES_004_42,/Users/nilakshanraveendran/Documents/research/data/raw/DRAL16kHz/fragments-short/EN_004_42.wav,/Users/nilakshanraveendran/Documents/research/data/raw/DRAL16kHz/fragments-short/ES_004_42.wav,For real. Walking. Wow.,¿En serio? ¿Caminando? ¡Wow!,train
EN_004_43__ES_004_43,4,4,true,EN_004_43,ES_004_43,/Users/nilakshanraveendran/Documents/research/data/raw/DRAL16kHz/fragments-short/EN_004_43.wav,/Users/nilakshanraveendran/Documents/research/data/raw/DRAL16kHz/fragments-short/ES_004_43.wav,and how did you do in the cold days?,"¿Y en los días de frío, como le hacías?",train
EN_004_44__ES_004_44,7,7,true,EN_004_44,ES_004_44,/Users/nilakshanraveendran/Documents/research/data/raw/DRAL16kHz/fragments-short/EN_004_44.wav,/Users/nilakshanraveendran/Documents/research/data/raw/DRAL16kHz/fragments-short/ES_004_44.wav,try to catch the others before they beat you,Tratar de alcanzar a los demás antes de que te ganen,train
EN_004_45__ES_004_45,4,4,true,EN_004_45,ES_004_45,/Users/nilakshanraveendran/Documents/research/data/raw/DRAL16kHz/fragments-short/EN_004_45.wav,/Users/nilakshanraveendran/Documents/research/data/raw/DRAL16kHz/fragments-short/ES_004_45.wav,"No, yeah.","No, si.",train
EN_004_46__ES_004_46,4,4,true,EN_004_46,ES_004_46,/Users/nilakshanraveendran/Documents/research/data/raw/DRAL16kHz/fragments-short/EN_004_46.wav,/Users/nilakshanraveendran/Documents/research/data/raw/DRAL16kHz/fragments-short/ES_004_46.wav,And your family's still over there in Juarez and...,Y tu familia sigue allá en Juárez y...,train
EN_004_47__ES_004_47,7,7,true,EN_004_47,ES_004_47,/Users/nilakshanraveendran/Documents/research/data/raw/DRAL16kHz/fragments-short/EN_004_47.wav,/Users/nilakshanraveendran/Documents/research/data/raw/DRAL16kHz/fragments-short/ES_004_47.wav,Yeah.,Sí.,train
EN_004_48__ES_004_48,7,7,true,EN_004_48,ES_004_48,/Users/nilakshanraveendran/Documents/research/data/raw/DRAL16kHz/fragments-short/EN_004_48.wav,/Users/nilakshanraveendran/Documents/research/data/raw/DRAL16kHz/fragments-short/ES_004_48.wav,I have like 53 hours.,Yo llevo como 53 horas...,train
EN_004_4__ES_004_4,7,7,true,EN_004_4,ES_004_4,/Users/nilakshanraveendran/Documents/research/data/raw/DRAL16kHz/fragments-short/EN_004_4.wav,/Users/nilakshanraveendran/Documents/research/data/raw/DRAL16kHz/fragments-short/ES_004_4.wav,And then I s- I move into geologists.,de química me pasé a geólogo --------------,train
EN_004_5__ES_004_5,7,7,true,EN_004_5,ES_004_5,/Users/nilakshanraveendran/Documents/research/data/raw/DRAL16kHz/fragments-short/EN_004_5.wav,/Users/nilakshanraveendran/Documents/research/data/raw/DRAL16kHz/fragments-short/ES_004_5.wav,"So I was jumping from place to place because I wasn't liking anything that I was doing, right?","Y estaba saltando de lugar en lugar porque no me gustaba nada lo que estaba haciendo, ¿verdad?",train
EN_004_6__ES_004_6,4,4,true,EN_004_6,ES_004_6,/Users/nilakshanraveendran/Documents/research/data/raw/DRAL16kHz/fragments-short/EN_004_6.wav,/Users/nilakshanraveendran/Documents/research/data/raw/DRAL16kHz/fragments-short/ES_004_6.wav,"Yeah, yeah.","Sí, sí, sí.",train
EN_004_7__ES_004_7,7,7,true,EN_004_7,ES_004_7,/Users/nilakshanraveendran/Documents/research/data/raw/DRAL16kHz/fragments-short/EN_004_7.wav,/Users/nilakshanraveendran/Documents/research/data/raw/DRAL16kHz/fragments-short/ES_004_7.wav,So...,Entonces...,train
EN_004_8__ES_004_8,4,4,true,EN_004_8,ES_004_8,/Users/nilakshanraveendran/Documents/research/data/raw/DRAL16kHz/fragments-short/EN_004_8.wav,/Users/nilakshanraveendran/Documents/research/data/raw/DRAL16kHz/fragments-short/ES_004_8.wav,It happens.,suele pasar.,train
EN_004_9__ES_004_9,7,7,true,EN_004_9,ES_004_9,/Users/nilakshanraveendran/Documents/research/data/raw/DRAL16kHz/fragments-short/EN_004_9.wav,/Users/nilakshanraveendran/Documents/research/data/raw/DRAL16kHz/fragments-short/ES_004_9.wav,"Yeah, yeah.",Sí.,train
EN_005_10__ES_005_10,5,5,true,EN_005_10,ES_005_10,/Users/nilakshanraveendran/Documents/research/data/raw/DRAL16kHz/fragments-short/EN_005_10.wav,/Users/nilakshanraveendran/Documents/research/data/raw/DRAL16kHz/fragments-short/ES_005_10.wav,Mmm because they're important connections,"Porque son conexiones, puedes este",train
EN_005_11__ES_005_11,5,5,true,EN_005_11,ES_005_11,/Users/nilakshanraveendran/Documents/research/data/raw/DRAL16kHz/fragments-short/EN_005_11.wav,/Users/nilakshanraveendran/Documents/research/data/raw/DRAL16kHz/fragments-short/ES_005_11.wav,there possible opportunities in the future.,Son otras oportunidades en el- en el futuro.,train
EN_005_12__ES_005_12,5,5,true,EN_005_12,ES_005_12,/Users/nilakshanraveendran/Documents/research/data/raw/DRAL16kHz/fragments-short/EN_005_12.wav,/Users/nilakshanraveendran/Documents/research/data/raw/DRAL16kHz/fragments-short/ES_005_12.wav,I was able to meet the professors.,y pueda- pude conocer a nuevos profesores.,train
EN_005_13__ES_005_13,2,2,true,EN_005_13,ES_005_13,/Users/nilakshanraveendran/Documents/research/data/raw/DRAL16kHz/fragments-short/EN_005_13.wav,/Users/nilakshanraveendran/Documents/research/data/raw/DRAL16kHz/fragments-short/ES_005_13.wav,"Yeah, well, that connection between professor and student.","Sí pues esa, esa conexión entre estudiante y profesor.",train
EN_005_14__ES_005_14,2,2,true,EN_005_14,ES_005_14,/Users/nilakshanraveendran/Documents/research/data/raw/DRAL16kHz/fragments-short/EN_005_14.wav,/Users/nilakshanraveendran/Documents/research/data/raw/DRAL16kHz/fragments-short/ES_005_14.wav,I say it's ver- very important.,Yo digo que es importante.,train
EN_005_15__ES_005_15,5,5,true,EN_005_15,ES_005_15,/Users/nilakshanraveendran/Documents/research/data/raw/DRAL16kHz/fragments-short/EN_005_15.wav,/Users/nilakshanraveendran/Documents/research/data/raw/DRAL16kHz/fragments-short/ES_005_15.wav,Very important.,Muy importante.,train
EN_005_16__ES_005_16,5,5,true,EN_005_16,ES_005_16,/Users/nilakshanraveendran/Documents/research/data/raw/DRAL16kHz/fragments-short/EN_005_16.wav,/Users/nilakshanraveendran/Documents/research/data/raw/DRAL16kHz/fragments-short/ES_005_16.wav,ooh yeah,Pues sí.,train
EN_005_17__ES_005_17,5,5,true,EN_005_17,ES_005_17,/Users/nilakshanraveendran/Documents/research/data/raw/DRAL16kHz/fragments-short/EN_005_17.wav,/Users/nilakshanraveendran/Documents/research/data/raw/DRAL16kHz/fragments-short/ES_005_17.wav,It's gotta be.,Tienen que ser...,train
EN_005_18__ES_005_18,5,5,true,EN_005_18,ES_005_18,/Users/nilakshanraveendran/Documents/research/data/raw/DRAL16kHz/fragments-short/EN_005_18.wav,/Users/nilakshanraveendran/Documents/research/data/raw/DRAL16kHz/fragments-short/ES_005_18.wav,It is important to know things.,Si es importante saber cosas.,train
EN_005_19__ES_005_19,5,5,true,EN_005_19,ES_005_19,/Users/nilakshanraveendran/Documents/research/data/raw/DRAL16kHz/fragments-short/EN_005_19.wav,/Users/nilakshanraveendran/Documents/research/data/raw/DRAL16kHz/fragments-short/ES_005_19.wav,It's more important to know,Es más importante saber.,train
EN_005_1__ES_005_1,2,2,true,EN_005_1,ES_005_1,/Users/nilakshanraveendran/Documents/research/data/raw/DRAL16kHz/fragments-short/EN_005_1.wav,/Users/nilakshanraveendran/Documents/research/data/raw/DRAL16kHz/fragments-short/ES_005_1.wav,Talk about whatever you want.,Ahh platica de lo que tú quieras.,train
EN_005_20__ES_005_20,5,5,true,EN_005_20,ES_005_20,/Users/nilakshanraveendran/Documents/research/data/raw/DRAL16kHz/fragments-short/EN_005_20.wav,/Users/nilakshanraveendran/Documents/research/data/raw/DRAL16kHz/fragments-short/ES_005_20.wav,O- or meet people.,O conocer a personas.,train
EN_005_21__ES_005_21,2,2,true,EN_005_21,ES_005_21,/Users/nilakshanraveendran/Documents/research/data/raw/DRAL16kHz/fragments-short/EN_005_21.wav,/Users/nilakshanraveendran/Documents/research/data/raw/DRAL16kHz/fragments-short/ES_005_21.wav,"Yeah, yeah.","Si, si.",train
EN_005_22__ES_005_22,5,5,true,EN_005_22,ES_005_22,/Users/nilakshanraveendran/Documents/research/data/raw/DRAL16kHz/fragments-short/EN_005_22.wav,/Users/nilakshanraveendran/Documents/research/data/raw/DRAL16kHz/fragments-short/ES_005_22.wav,And then we went to Arizona.,y luego fuimos a Arizona,train
EN_005_23__ES_005_23,5,5,true,EN_005_23,ES_005_23,/Users/nilakshanraveendran/Documents/research/data/raw/DRAL16kHz/fragments-short/EN_005_23.wav,/Users/nilakshanraveendran/Documents/research/data/raw/DRAL16kHz/fragments-short/ES_005_23.wav,"Oh no, just kidding.","Ah, no te creas, perdón.",train
EN_005_24__ES_005_24,5,5,true,EN_005_24,ES_005_24,/Users/nilakshanraveendran/Documents/research/data/raw/DRAL16kHz/fragments-short/EN_005_24.wav,/Users/nilakshanraveendran/Documents/research/data/raw/DRAL16kHz/fragments-short/ES_005_24.wav,We were on the east side.,Estabamos en el lado este.,train
EN_005_25__ES_005_25,5,5,true,EN_005_25,ES_005_25,/Users/nilakshanraveendran/Documents/research/data/raw/DRAL16kHz/fragments-short/EN_005_25.wav,/Users/nilakshanraveendran/Documents/research/data/raw/DRAL16kHz/fragments-short/ES_005_25.wav,We went to the west side.,Venimos al oeste.,train
EN_005_26__ES_005_26,2,5,false,EN_005_26,ES_005_26,/Users/nilakshanraveendran/Documents/research/data/raw/DRAL16kHz/fragments-short/EN_005_26.wav,/Users/nilakshanraveendran/Documents/research/data/raw/DRAL16kHz/fragments-short/ES_005_26.wav,,Ahora lo voy a hacer otra vez,train
EN_005_27__ES_005_27,5,5,true,EN_005_27,ES_005_27,/Users/nilakshanraveendran/Documents/research/data/raw/DRAL16kHz/fragments-short/EN_005_27.wav,/Users/nilakshanraveendran/Documents/research/data/raw/DRAL16kHz/fragments-short/ES_005_27.wav,"Yeah, it was a lot.","Sí, fue mucho.",train
EN_005_28__ES_005_28,5,5,true,EN_005_28,ES_005_28,/Users/nilakshanraveendran/Documents/research/data/raw/DRAL16kHz/fragments-short/EN_005_28.wav,/Users/nilakshanraveendran/Documents/research/data/raw/DRAL16kHz/fragments-short/ES_005_28.wav,Or am I the only one speaking or can I ask you questions too?,"O sea, nada más hablo yo, ¿no te puedo preguntar cosas de ti?",train
EN_005_29__ES_005_29,2,2,true,EN_005_29,ES_005_29,/Users/nilakshanraveendran/Documents/research/data/raw/DRAL16kHz/fragments-short/EN_005_29.wav,/Users/nilakshanraveendran/Documents/research/data/raw/DRAL16kHz/fragments-short/ES_005_29.wav,"No, yeah, ask me. Tell me whatever you want.","No, sí, pregúntame, dime lo que tú quieras.",train
EN_005_2__ES_005_2,5,5,true,EN_005_2,ES_005_2,/Users/nilakshanraveendran/Documents/research/data/raw/DRAL16kHz/fragments-short/EN_005_2.wav,/Users/nilakshanraveendran/Documents/research/data/raw/DRAL16kHz/fragments-short/ES_005_2.wav,"Alright, I'm from Juarez.","Bueno, soy de Juárez.",train
EN_005_30__ES_005_30,2,2,true,EN_005_30,ES_005_30,/Users/nilakshanraveendran/Documents/research/data/raw/DRAL16kHz/fragments-short/EN_005_30.wav,/Users/nilakshanraveendran/Documents/research/data/raw/DRAL16kHz/fragments-short/ES_005_30.wav,I have an older brother.,Tengo un hermano mayor.,train
EN_005_31__ES_005_31,5,5,true,EN_005_31,ES_005_31,/Users/nilakshanraveendran/Documents/research/data/raw/DRAL16kHz/fragments-short/EN_005_31.wav,/Users/nilakshanraveendran/Documents/research/data/raw/DRAL16kHz/fragments-short/ES_005_31.wav,Uh-huh.,Ajá.,train
EN_005_32__ES_005_32,2,2,true,EN_005_32,ES_005_32,/Users/nilakshanraveendran/Documents/research/data/raw/DRAL16kHz/fragments-short/EN_005_32.wav,/Users/nilakshanraveendran/Documents/research/data/raw/DRAL16kHz/fragments-short/ES_005_32.wav,So I'm the middle child.,Y yo soy la de en medio.,train
EN_005_33__ES_005_33,5,5,true,EN_005_33,ES_005_33,/Users/nilakshanraveendran/Documents/research/data/raw/DRAL16kHz/fragments-short/EN_005_33.wav,/Users/nilakshanraveendran/Documents/research/data/raw/DRAL16kHz/fragments-short/ES_005_33.wav,How how old are you?,Cuan- ¿Cuantos años tienes tu?,train
EN_005_34__ES_005_34,2,2,true,EN_005_34,ES_005_34,/Users/nilakshanraveendran/Documents/research/data/raw/DRAL16kHz/fragments-short/EN_005_34.wav,/Users/nilakshanraveendran/Documents/research/data/raw/DRAL16kHz/fragments-short/ES_005_34.wav,I'm 19.,Tengo 19.,train
EN_005_35__ES_005_35,5,5,true,EN_005_35,ES_005_35,/Users/nilakshanraveendran/Documents/research/data/raw/DRAL16kHz/fragments-short/EN_005_35.wav,/Users/nilakshanraveendran/Documents/research/data/raw/DRAL16kHz/fragments-short/ES_005_35.wav,It's easier.,Está más fácil.,train
EN_005_36__ES_005_36,5,5,true,EN_005_36,ES_005_36,/Users/nilakshanraveendran/Documents/research/data/raw/DRAL16kHz/fragments-short/EN_005_36.wav,/Users/nilakshanraveendran/Documents/research/data/raw/DRAL16kHz/fragments-short/ES_005_36.wav,You don't have to worry about rent.,No tienes que preocuparte de renta.,train
EN_005_37__ES_005_37,5,5,true,EN_005_37,ES_005_37,/Users/nilakshanraveendran/Documents/research/data/raw/DRAL16kHz/fragments-short/EN_005_37.wav,/Users/nilakshanraveendran/Documents/research/data/raw/DRAL16kHz/fragments-short/ES_005_37.wav,And why not uh take out a loan?,¿Y por qué no sacar este un préstamo?,train
EN_005_38__ES_005_38,2,2,true,EN_005_38,ES_005_38,/Users/nilakshanraveendran/Documents/research/data/raw/DRAL16kHz/fragments-short/EN_005_38.wav,/Users/nilakshanraveendran/Documents/research/data/raw/DRAL16kHz/fragments-short/ES_005_38.wav,"Uh, I never wanted to.",Nunca quise.,train
EN_005_3__ES_005_3,5,5,true,EN_005_3,ES_005_3,/Users/nilakshanraveendran/Documents/research/data/raw/DRAL16kHz/fragments-short/EN_005_3.wav,/Users/nilakshanraveendran/Documents/research/data/raw/DRAL16kHz/fragments-short/ES_005_3.wav,"Uh, no, but actually what I was gonna tell you was","No, pero ¿sabes qué? Lo que te voy a decir es...",train
EN_005_4__ES_005_4,5,5,true,EN_005_4,ES_005_4,/Users/nilakshanraveendran/Documents/research/data/raw/DRAL16kHz/fragments-short/EN_005_4.wav,/Users/nilakshanraveendran/Documents/research/data/raw/DRAL16kHz/fragments-short/ES_005_4.wav,when,cuando,train
EN_005_5__ES_005_5,5,5,true,EN_005_5,ES_005_5,/Users/nilakshanraveendran/Documents/research/data/raw/DRAL16kHz/fragments-short/EN_005_5.wav,/Users/nilakshanraveendran/Documents/research/data/raw/DRAL16kHz/fragments-short/ES_005_5.wav,"When the pandemic started, it's when I was taking my kinesiology courses.","Cuando empezó la pandemia, era cuando empezaban mis cursos de quinesiología.",train
EN_005_6__ES_005_6,5,5,true,EN_005_6,ES_005_6,/Users/nilakshanraveendran/Documents/research/data/raw/DRAL16kHz/fragments-short/EN_005_6.wav,/Users/nilakshanraveendran/Documents/research/data/raw/DRAL16kHz/fragments-short/ES_005_6.wav,I was gonna to get to meet a lot of professors.,Me iba a tocar a conocer a muchos profesores.,train
EN_005_7__ES_005_7,5,5,true,EN_005_7,ES_005_7,/Users/nilakshanraveendran/Documents/research/data/raw/DRAL16kHz/fragments-short/EN_005_7.wav,/Users/nilakshanraveendran/Documents/research/data/raw/DRAL16kHz/fragments-short/ES_005_7.wav,"But since it was virtual, I didn't get to meet him.","Pero como todo fue vi- virtual, pues no me tocó.",train
EN_005_8__ES_005_8,5,5,true,EN_005_8,ES_005_8,/Users/nilakshanraveendran/Documents/research/data/raw/DRAL16kHz/fragments-short/EN_005_8.wav,/Users/nilakshanraveendran/Documents/research/data/raw/DRAL16kHz/fragments-short/ES_005_8.wav,"Well, I think it's really important to meet",Pues creo que es muy importante.,train
EN_005_9__ES_005_9,5,5,true,EN_005_9,ES_005_9,/Users/nilakshanraveendran/Documents/research/data/raw/DRAL16kHz/fragments-short/EN_005_9.wav,/Users/nilakshanraveendran/Documents/research/data/raw/DRAL16kHz/fragments-short/ES_005_9.wav,the professors,conocer a los profesores.,train
EN_006_10__ES_006_10,6,6,true,EN_006_10,ES_006_10,/Users/nilakshanraveendran/Documents/research/data/raw/DRAL16kHz/fragments-short/EN_006_10.wav,/Users/nilakshanraveendran/Documents/research/data/raw/DRAL16kHz/fragments-short/ES_006_10.wav,,Sí.,test
EN_006_11__ES_006_11,2,2,true,EN_006_11,ES_006_11,/Users/nilakshanraveendran/Documents/research/data/raw/DRAL16kHz/fragments-short/EN_006_11.wav,/Users/nilakshanraveendran/Documents/research/data/raw/DRAL16kHz/fragments-short/ES_006_11.wav,Okay.,Ah Ok.,train
EN_006_12__ES_006_12,6,6,true,EN_006_12,ES_006_12,/Users/nilakshanraveendran/Documents/research/data/raw/DRAL16kHz/fragments-short/EN_006_12.wav,/Users/nilakshanraveendran/Documents/research/data/raw/DRAL16kHz/fragments-short/ES_006_12.wav,pregnant mothers will try to come here.,Las mamás embarazadas intentan...,test
EN_006_13__ES_006_13,6,6,true,EN_006_13,ES_006_13,/Users/nilakshanraveendran/Documents/research/data/raw/DRAL16kHz/fragments-short/EN_006_13.wav,/Users/nilakshanraveendran/Documents/research/data/raw/DRAL16kHz/fragments-short/ES_006_13.wav,have their babies,tener a sus bebés aquí,test
EN_006_14__ES_006_14,2,2,true,EN_006_14,ES_006_14,/Users/nilakshanraveendran/Documents/research/data/raw/DRAL16kHz/fragments-short/EN_006_14.wav,/Users/nilakshanraveendran/Documents/research/data/raw/DRAL16kHz/fragments-short/ES_006_14.wav,"Yeah, no, it's pretty common.","Sí, no es muy común.",train
EN_006_15__ES_006_15,6,6,true,EN_006_15,ES_006_15,/Users/nilakshanraveendran/Documents/research/data/raw/DRAL16kHz/fragments-short/EN_006_15.wav,/Users/nilakshanraveendran/Documents/research/data/raw/DRAL16kHz/fragments-short/ES_006_15.wav,Yeah.,Sí.,test
EN_006_16__ES_006_16,6,6,true,EN_006_16,ES_006_16,/Users/nilakshanraveendran/Documents/research/data/raw/DRAL16kHz/fragments-short/EN_006_16.wav,/Users/nilakshanraveendran/Documents/research/data/raw/DRAL16kHz/fragments-short/ES_006_16.wav,my my grandpa and my grandma.,Mi mi abuelo y mi abuela...,test
EN_006_17__ES_006_17,6,6,true,EN_006_17,ES_006_17,/Users/nilakshanraveendran/Documents/research/data/raw/DRAL16kHz/fragments-short/EN_006_17.wav,/Users/nilakshanraveendran/Documents/research/data/raw/DRAL16kHz/fragments-short/ES_006_17.wav,we're living here,Estaban viviendo aquí.,test
EN_006_18__ES_006_18,6,6,true,EN_006_18,ES_006_18,/Users/nilakshanraveendran/Documents/research/data/raw/DRAL16kHz/fragments-short/EN_006_18.wav,/Users/nilakshanraveendran/Documents/research/data/raw/DRAL16kHz/fragments-short/ES_006_18.wav,'Cause we're going through the residency thing.,estaban tratando de arreglar su residencia.,test
EN_006_19__ES_006_19,6,6,true,EN_006_19,ES_006_19,/Users/nilakshanraveendran/Documents/research/data/raw/DRAL16kHz/fragments-short/EN_006_19.wav,/Users/nilakshanraveendran/Documents/research/data/raw/DRAL16kHz/fragments-short/ES_006_19.wav,"And it was weird 'cause she also told me that I was like, uh...",y estuvo raro porque también me dijo que,test
EN_006_1__ES_006_1,2,2,true,EN_006_1,ES_006_1,/Users/nilakshanraveendran/Documents/research/data/raw/DRAL16kHz/fragments-short/EN_006_1.wav,/Users/nilakshanraveendran/Documents/research/data/raw/DRAL16kHz/fragments-short/ES_006_1.wav,Do you want to start in English or Spanish?,¿Quieres empezar en inglés o en español?,train
EN_006_20__ES_006_20,6,6,true,EN_006_20,ES_006_20,/Users/nilakshanraveendran/Documents/research/data/raw/DRAL16kHz/fragments-short/EN_006_20.wav,/Users/nilakshanraveendran/Documents/research/data/raw/DRAL16kHz/fragments-short/ES_006_20.wav,That I was due already like a couple weeks before.,tienía que haber nacido hace dos semanas,test
EN_006_21__ES_006_21,6,6,true,EN_006_21,ES_006_21,/Users/nilakshanraveendran/Documents/research/data/raw/DRAL16kHz/fragments-short/EN_006_21.wav,/Users/nilakshanraveendran/Documents/research/data/raw/DRAL16kHz/fragments-short/ES_006_21.wav,Psychology undergrad and then I'm,una licenciatura en psicología,test
EN_006_22__ES_006_22,6,6,true,EN_006_22,ES_006_22,/Users/nilakshanraveendran/Documents/research/data/raw/DRAL16kHz/fragments-short/EN_006_22.wav,/Users/nilakshanraveendran/Documents/research/data/raw/DRAL16kHz/fragments-short/ES_006_22.wav,Right now I'm working towards my LPC.,y ahorita estoy trabajando para mi licencia en consejería,test
EN_006_23__ES_006_23,2,2,true,EN_006_23,ES_006_23,/Users/nilakshanraveendran/Documents/research/data/raw/DRAL16kHz/fragments-short/EN_006_23.wav,/Users/nilakshanraveendran/Documents/research/data/raw/DRAL16kHz/fragments-short/ES_006_23.wav,And you want to work with kids.,¿Y quieres trabajar con niños?,train
EN_006_24__ES_006_24,6,6,true,EN_006_24,ES_006_24,/Users/nilakshanraveendran/Documents/research/data/raw/DRAL16kHz/fragments-short/EN_006_24.wav,/Users/nilakshanraveendran/Documents/research/data/raw/DRAL16kHz/fragments-short/ES_006_24.wav,I want to work with the inmate inmate population.,Quiero trabajar con la población presa.,test
EN_006_25__ES_006_25,6,6,true,EN_006_25,ES_006_25,/Users/nilakshanraveendran/Documents/research/data/raw/DRAL16kHz/fragments-short/EN_006_25.wav,/Users/nilakshanraveendran/Documents/research/data/raw/DRAL16kHz/fragments-short/ES_006_25.wav,I actually worked at the...,De hecho trabajé en la...,test
EN_006_26__ES_006_26,6,6,true,EN_006_26,ES_006_26,/Users/nilakshanraveendran/Documents/research/data/raw/DRAL16kHz/fragments-short/EN_006_26.wav,/Users/nilakshanraveendran/Documents/research/data/raw/DRAL16kHz/fragments-short/ES_006_26.wav,downtown county jail,la prisión del centro,test
EN_006_27__ES_006_27,6,6,true,EN_006_27,ES_006_27,/Users/nilakshanraveendran/Documents/research/data/raw/DRAL16kHz/fragments-short/EN_006_27.wav,/Users/nilakshanraveendran/Documents/research/data/raw/DRAL16kHz/fragments-short/ES_006_27.wav,I worked over there.,Trabaje allá.,test
EN_006_28__ES_006_28,6,6,true,EN_006_28,ES_006_28,/Users/nilakshanraveendran/Documents/research/data/raw/DRAL16kHz/fragments-short/EN_006_28.wav,/Users/nilakshanraveendran/Documents/research/data/raw/DRAL16kHz/fragments-short/ES_006_28.wav,It was pretty...,Fue...,test
EN_006_29__ES_006_29,6,6,true,EN_006_29,ES_006_29,/Users/nilakshanraveendran/Documents/research/data/raw/DRAL16kHz/fragments-short/EN_006_29.wav,/Users/nilakshanraveendran/Documents/research/data/raw/DRAL16kHz/fragments-short/ES_006_29.wav,interesting,interesante,test
EN_006_2__ES_006_2,6,6,true,EN_006_2,ES_006_2,/Users/nilakshanraveendran/Documents/research/data/raw/DRAL16kHz/fragments-short/EN_006_2.wav,/Users/nilakshanraveendran/Documents/research/data/raw/DRAL16kHz/fragments-short/ES_006_2.wav,Whatever you want.,lo que tú quieras,test
EN_006_30__ES_006_30,6,6,true,EN_006_30,ES_006_30,/Users/nilakshanraveendran/Documents/research/data/raw/DRAL16kHz/fragments-short/EN_006_30.wav,/Users/nilakshanraveendran/Documents/research/data/raw/DRAL16kHz/fragments-short/ES_006_30.wav,because I was doing the overnight shift.,Porque estaba haciendo el turno nocturno,test
EN_006_31__ES_006_31,2,2,true,EN_006_31,ES_006_31,/Users/nilakshanraveendran/Documents/research/data/raw/DRAL16kHz/fragments-short/EN_006_31.wav,/Users/nilakshanraveendran/Documents/research/data/raw/DRAL16kHz/fragments-short/ES_006_31.wav,"Oh, wow.",Oh wow.,train
EN_006_32__ES_006_32,6,6,true,EN_006_32,ES_006_32,/Users/nilakshanraveendran/Documents/research/data/raw/DRAL16kHz/fragments-short/EN_006_32.wav,/Users/nilakshanraveendran/Documents/research/data/raw/DRAL16kHz/fragments-short/ES_006_32.wav,So I was there from 7pm to 7am.,estaba ahí de 7 de la noche a 7 de la mañana,test
EN_006_33__ES_006_33,6,6,true,EN_006_33,ES_006_33,/Users/nilakshanraveendran/Documents/research/data/raw/DRAL16kHz/fragments-short/EN_006_33.wav,/Users/nilakshanraveendran/Documents/research/data/raw/DRAL16kHz/fragments-short/ES_006_33.wav,I- I quit that place.,Renuncié a aquel lugar.,test
EN_006_34__ES_006_34,6,6,true,EN_006_34,ES_006_34,/Users/nilakshanraveendran/Documents/research/data/raw/DRAL16kHz/fragments-short/EN_006_34.wav,/Users/nilakshanraveendran/Documents/research/data/raw/DRAL16kHz/fragments-short/ES_006_34.wav,Barely on February.,e- en febrero,test
EN_006_35__ES_006_35,2,2,true,EN_006_35,ES_006_35,/Users/nilakshanraveendran/Documents/research/data/raw/DRAL16kHz/fragments-short/EN_006_35.wav,/Users/nilakshanraveendran/Documents/research/data/raw/DRAL16kHz/fragments-short/ES_006_35.wav,"Oh, wow.",Oh wow.,train
EN_006_36__ES_006_36,6,6,true,EN_006_36,ES_006_36,/Users/nilakshanraveendran/Documents/research/data/raw/DRAL16kHz/fragments-short/EN_006_36.wav,/Users/nilakshanraveendran/Documents/research/data/raw/DRAL16kHz/fragments-short/ES_006_36.wav,"That was the first experience that I was like, okay, so this is what's going to be like.","esa fue la primer, la primer experiencia que dije ok, así va a estar la cosa",test
EN_006_37__ES_006_37,2,2,true,EN_006_37,ES_006_37,/Users/nilakshanraveendran/Documents/research/data/raw/DRAL16kHz/fragments-short/EN_006_37.wav,/Users/nilakshanraveendran/Documents/research/data/raw/DRAL16kHz/fragments-short/ES_006_37.wav,"Yeah, what it's gonna be like.",Así va a ser.,train
EN_006_38__ES_006_38,6,6,true,EN_006_38,ES_006_38,/Users/nilakshanraveendran/Documents/research/data/raw/DRAL16kHz/fragments-short/EN_006_38.wav,/Users/nilakshanraveendran/Documents/research/data/raw/DRAL16kHz/fragments-short/ES_006_38.wav,And I remember that I got out of the cell.,Me acuerdo que me salí de la selda.,test
EN_006_39__ES_006_39,6,6,true,EN_006_39,ES_006_39,/Users/nilakshanraveendran/Documents/research/data/raw/DRAL16kHz/fragments-short/EN_006_39.wav,/Users/nilakshanraveendran/Documents/research/data/raw/DRAL16kHz/fragments-short/ES_006_39.wav,The nurse got there and I could feel my legs like shaking a little bit.,Llegó la enfermera y sentía mis piernas temblando un poquito.,test
EN_006_3__ES_006_3,2,2,true,EN_006_3,ES_006_3,/Users/nilakshanraveendran/Documents/research/data/raw/DRAL16kHz/fragments-short/EN_006_3.wav,/Users/nilakshanraveendran/Documents/research/data/raw/DRAL16kHz/fragments-short/ES_006_3.wav,Do you find it easier to translate from English to Spanish or Spanish to English?,¿Se te hace más fácil traducir de inglés a español o español a inglés?,train
EN_006_40__ES_006_40,6,6,true,EN_006_40,ES_006_40,/Users/nilakshanraveendran/Documents/research/data/raw/DRAL16kHz/fragments-short/EN_006_40.wav,/Users/nilakshanraveendran/Documents/research/data/raw/DRAL16kHz/fragments-short/ES_006_40.wav,"Yeah, yeah.","Sí, sí.",test
EN_006_41__ES_006_41,6,6,true,EN_006_41,ES_006_41,/Users/nilakshanraveendran/Documents/research/data/raw/DRAL16kHz/fragments-short/EN_006_41.wav,/Users/nilakshanraveendran/Documents/research/data/raw/DRAL16kHz/fragments-short/ES_006_41.wav,It was the first time that I saw anything like that and that I had like an experience like that,Eh fue la primera vez que tuve una experiencia así y la primera vez que vi algo así,test
EN_006_42__ES_006_42,6,6,true,EN_006_42,ES_006_42,/Users/nilakshanraveendran/Documents/research/data/raw/DRAL16kHz/fragments-short/EN_006_42.wav,/Users/nilakshanraveendran/Documents/research/data/raw/DRAL16kHz/fragments-short/ES_006_42.wav,Which I mean worked in my favor to get experience.,"Que, digo, funcionó a mi favor para agarrar experiencia",test
EN_006_43__ES_006_43,2,2,true,EN_006_43,ES_006_43,/Users/nilakshanraveendran/Documents/research/data/raw/DRAL16kHz/fragments-short/EN_006_43.wav,/Users/nilakshanraveendran/Documents/research/data/raw/DRAL16kHz/fragments-short/ES_006_43.wav,But do you mind me asking why you want to,"Pero, te molesta si te pregunto qué, ¿Por qué?",train
EN_006_44__ES_006_44,2,2,true,EN_006_44,ES_006_44,/Users/nilakshanraveendran/Documents/research/data/raw/DRAL16kHz/fragments-short/EN_006_44.wav,/Users/nilakshanraveendran/Documents/research/data/raw/DRAL16kHz/fragments-short/ES_006_44.wav,Why why you want to get into that field?,"Este, pPor qué elegiste esa carrera?",train
EN_006_4__ES_006_4,6,6,true,EN_006_4,ES_006_4,/Users/nilakshanraveendran/Documents/research/data/raw/DRAL16kHz/fragments-short/EN_006_4.wav,/Users/nilakshanraveendran/Documents/research/data/raw/DRAL16kHz/fragments-short/ES_006_4.wav,"I never thought about that, I don't know.","Nunca había pensado en eso, no sé.",test
EN_006_5__ES_006_5,6,6,true,EN_006_5,ES_006_5,/Users/nilakshanraveendran/Documents/research/data/raw/DRAL16kHz/fragments-short/EN_006_5.wav,/Users/nilakshanraveendran/Documents/research/data/raw/DRAL16kHz/fragments-short/ES_006_5.wav,I'm from,Soy de,test
EN_006_6__ES_006_6,6,6,true,EN_006_6,ES_006_6,/Users/nilakshanraveendran/Documents/research/data/raw/DRAL16kHz/fragments-short/EN_006_6.wav,/Users/nilakshanraveendran/Documents/research/data/raw/DRAL16kHz/fragments-short/ES_006_6.wav,Ciudad Juarez.,Ciudad Juárez,test
EN_006_7__ES_006_7,6,6,true,EN_006_7,ES_006_7,/Users/nilakshanraveendran/Documents/research/data/raw/DRAL16kHz/fragments-short/EN_006_7.wav,/Users/nilakshanraveendran/Documents/research/data/raw/DRAL16kHz/fragments-short/ES_006_7.wav,I was born in El Paso.,Nací en el paso...,test
EN_006_8__ES_006_8,6,6,true,EN_006_8,ES_006_8,/Users/nilakshanraveendran/Documents/research/data/raw/DRAL16kHz/fragments-short/EN_006_8.wav,/Users/nilakshanraveendran/Documents/research/data/raw/DRAL16kHz/fragments-short/ES_006_8.wav,but then I was raised in Juarez.,pero me criaron en Juárez.,test
EN_006_9__ES_006_9,2,2,true,EN_006_9,ES_006_9,/Users/nilakshanraveendran/Documents/research/data/raw/DRAL16kHz/fragments-short/EN_006_9.wav,/Users/nilakshanraveendran/Documents/research/data/raw/DRAL16kHz/fragments-short/ES_006_9.wav,Can you hear me fine?,¿Me oyes bien?,train
EN_007_10__ES_007_10,2,2,true,EN_007_10,ES_007_10,/Users/nilakshanraveendran/Documents/research/data/raw/DRAL16kHz/fragments-short/EN_007_10.wav,/Users/nilakshanraveendran/Documents/research/data/raw/DRAL16kHz/fragments-short/ES_007_10.wav,But it was like polar bear bowling.,Pero era como de un oso polar el boliche.,train
EN_007_11__ES_007_11,7,7,true,EN_007_11,ES_007_11,/Users/nilakshanraveendran/Documents/research/data/raw/DRAL16kHz/fragments-short/EN_007_11.wav,/Users/nilakshanraveendran/Documents/research/data/raw/DRAL16kHz/fragments-short/ES_007_11.wav,"No, that sounds dumb.","No, suena inútil.",train
EN_007_12__ES_007_12,2,2,true,EN_007_12,ES_007_12,/Users/nilakshanraveendran/Documents/research/data/raw/DRAL16kHz/fragments-short/EN_007_12.wav,/Users/nilakshanraveendran/Documents/research/data/raw/DRAL16kHz/fragments-short/ES_007_12.wav,That's the one that my family owns.,Es la que posee mi familia.,train
EN_007_13__ES_007_13,7,7,true,EN_007_13,ES_007_13,/Users/nilakshanraveendran/Documents/research/data/raw/DRAL16kHz/fragments-short/EN_007_13.wav,/Users/nilakshanraveendran/Documents/research/data/raw/DRAL16kHz/fragments-short/ES_007_13.wav,"owned, no?","Poseía, ¿no?",train
EN_007_14__ES_007_14,2,2,true,EN_007_14,ES_007_14,/Users/nilakshanraveendran/Documents/research/data/raw/DRAL16kHz/fragments-short/EN_007_14.wav,/Users/nilakshanraveendran/Documents/research/data/raw/DRAL16kHz/fragments-short/ES_007_14.wav,owns,Posee.,train
EN_007_15__ES_007_15,2,2,true,EN_007_15,ES_007_15,/Users/nilakshanraveendran/Documents/research/data/raw/DRAL16kHz/fragments-short/EN_007_15.wav,/Users/nilakshanraveendran/Documents/research/data/raw/DRAL16kHz/fragments-short/ES_007_15.wav,"he had to do some stuff, like",Tenía que hacer algunas cosas como...,train
EN_007_16__ES_007_16,2,2,true,EN_007_16,ES_007_16,/Users/nilakshanraveendran/Documents/research/data/raw/DRAL16kHz/fragments-short/EN_007_16.wav,/Users/nilakshanraveendran/Documents/research/data/raw/DRAL16kHz/fragments-short/ES_007_16.wav,process payments and all that.,procesar pagos y eso,train
EN_007_17__ES_007_17,2,2,true,EN_007_17,ES_007_17,/Users/nilakshanraveendran/Documents/research/data/raw/DRAL16kHz/fragments-short/EN_007_17.wav,/Users/nilakshanraveendran/Documents/research/data/raw/DRAL16kHz/fragments-short/ES_007_17.wav,it's adjusted down on the other computer?,Me sentaba en otra computadora.,train
EN_007_18__ES_007_18,2,2,true,EN_007_18,ES_007_18,/Users/nilakshanraveendran/Documents/research/data/raw/DRAL16kHz/fragments-short/EN_007_18.wav,/Users/nilakshanraveendran/Documents/research/data/raw/DRAL16kHz/fragments-short/ES_007_18.wav,Another desk.,en el otro escritorio,train
EN_007_19__ES_007_19,2,2,true,EN_007_19,ES_007_19,/Users/nilakshanraveendran/Documents/research/data/raw/DRAL16kHz/fragments-short/EN_007_19.wav,/Users/nilakshanraveendran/Documents/research/data/raw/DRAL16kHz/fragments-short/ES_007_19.wav,and play video games,y jugar videojuegos,train
EN_007_1__ES_007_1,2,2,true,EN_007_1,ES_007_1,/Users/nilakshanraveendran/Documents/research/data/raw/DRAL16kHz/fragments-short/EN_007_1.wav,/Users/nilakshanraveendran/Documents/research/data/raw/DRAL16kHz/fragments-short/ES_007_1.wav,Are we going to go eat pasta?,¿Vamos a ir a comer pasta?,train
EN_007_20__ES_007_20,2,2,true,EN_007_20,ES_007_20,/Users/nilakshanraveendran/Documents/research/data/raw/DRAL16kHz/fragments-short/EN_007_20.wav,/Users/nilakshanraveendran/Documents/research/data/raw/DRAL16kHz/fragments-short/ES_007_20.wav,It used to be really good.,antes era muy bueno,train
EN_007_2__ES_007_2,7,7,true,EN_007_2,ES_007_2,/Users/nilakshanraveendran/Documents/research/data/raw/DRAL16kHz/fragments-short/EN_007_2.wav,/Users/nilakshanraveendran/Documents/research/data/raw/DRAL16kHz/fragments-short/ES_007_2.wav,I don't really want pasta right now.,Casi no quiero pasta ahorita.,train
EN_007_3__ES_007_3,2,2,true,EN_007_3,ES_007_3,/Users/nilakshanraveendran/Documents/research/data/raw/DRAL16kHz/fragments-short/EN_007_3.wav,/Users/nilakshanraveendran/Documents/research/data/raw/DRAL16kHz/fragments-short/ES_007_3.wav,No?,¿No?,train
EN_007_4__ES_007_4,2,2,true,EN_007_4,ES_007_4,/Users/nilakshanraveendran/Documents/research/data/raw/DRAL16kHz/fragments-short/EN_007_4.wav,/Users/nilakshanraveendran/Documents/research/data/raw/DRAL16kHz/fragments-short/ES_007_4.wav,So I'm just gonna roll up the charger.,así cuando enredas el cargador,train
EN_007_5__ES_007_5,2,2,true,EN_007_5,ES_007_5,/Users/nilakshanraveendran/Documents/research/data/raw/DRAL16kHz/fragments-short/EN_007_5.wav,/Users/nilakshanraveendran/Documents/research/data/raw/DRAL16kHz/fragments-short/ES_007_5.wav,It stops working.,deja de servir,train
EN_007_6__ES_007_6,7,7,true,EN_007_6,ES_007_6,/Users/nilakshanraveendran/Documents/research/data/raw/DRAL16kHz/fragments-short/EN_007_6.wav,/Users/nilakshanraveendran/Documents/research/data/raw/DRAL16kHz/fragments-short/ES_007_6.wav,Okay.,Okay.,train
EN_007_8__ES_007_8,2,2,true,EN_007_8,ES_007_8,/Users/nilakshanraveendran/Documents/research/data/raw/DRAL16kHz/fragments-short/EN_007_8.wav,/Users/nilakshanraveendran/Documents/research/data/raw/DRAL16kHz/fragments-short/ES_007_8.wav,Mario Kart wasn't even a thing back then.,Marie Claire ni existía antes.,train
EN_007_9__ES_007_9,7,7,true,EN_007_9,ES_007_9,/Users/nilakshanraveendran/Documents/research/data/raw/DRAL16kHz/fragments-short/EN_007_9.wav,/Users/nilakshanraveendran/Documents/research/data/raw/DRAL16kHz/fragments-short/ES_007_9.wav,"Yes, it was.",Sí existía.,train
EN_008_10__ES_008_10,8,8,true,EN_008_10,ES_008_10,/Users/nilakshanraveendran/Documents/research/data/raw/DRAL16kHz/fragments-short/EN_008_10.wav,/Users/nilakshanraveendran/Documents/research/data/raw/DRAL16kHz/fragments-short/ES_008_10.wav,"Well, yeah, they're handmade, and then...",No es que esas sí están hechas a mano y luego...,dev
EN_008_11__ES_008_11,8,8,true,EN_008_11,ES_008_11,/Users/nilakshanraveendran/Documents/research/data/raw/DRAL16kHz/fragments-short/EN_008_11.wav,/Users/nilakshanraveendran/Documents/research/data/raw/DRAL16kHz/fragments-short/ES_008_11.wav,"Yeah, they're like that in Houston.","Así están en Houston, así saben.",dev
EN_008_12__ES_008_12,8,8,true,EN_008_12,ES_008_12,/Users/nilakshanraveendran/Documents/research/data/raw/DRAL16kHz/fragments-short/EN_008_12.wav,/Users/nilakshanraveendran/Documents/research/data/raw/DRAL16kHz/fragments-short/ES_008_12.wav,You're too.,Aquí también.,dev
EN_008_13__ES_008_13,8,8,true,EN_008_13,ES_008_13,/Users/nilakshanraveendran/Documents/research/data/raw/DRAL16kHz/fragments-short/EN_008_13.wav,/Users/nilakshanraveendran/Documents/research/data/raw/DRAL16kHz/fragments-short/ES_008_13.wav,No.,No.,dev
EN_008_14__ES_008_14,8,8,true,EN_008_14,ES_008_14,/Users/nilakshanraveendran/Documents/research/data/raw/DRAL16kHz/fragments-short/EN_008_14.wav,/Users/nilakshanraveendran/Documents/research/data/raw/DRAL16kHz/fragments-short/ES_008_14.wav,You have to know where to buy them.,Tienes que saber dónde comprarlas.,dev
EN_008_15__ES_008_15,8,8,true,EN_008_15,ES_008_15,/Users/nilakshanraveendran/Documents/research/data/raw/DRAL16kHz/fragments-short/EN_008_15.wav,/Users/nilakshanraveendran/Documents/research/data/raw/DRAL16kHz/fragments-short/ES_008_15.wav,"Oh right, on Thursday.",Ya el jueves.,dev
EN_008_16__ES_008_16,8,8,true,EN_008_16,ES_008_16,/Users/nilakshanraveendran/Documents/research/data/raw/DRAL16kHz/fragments-short/EN_008_16.wav,/Users/nilakshanraveendran/Documents/research/data/raw/DRAL16kHz/fragments-short/ES_008_16.wav,On Thursday?,¿El jueves?,dev
EN_008_17__ES_008_17,8,8,true,EN_008_17,ES_008_17,/Users/nilakshanraveendran/Documents/research/data/raw/DRAL16kHz/fragments-short/EN_008_17.wav,/Users/nilakshanraveendran/Documents/research/data/raw/DRAL16kHz/fragments-short/ES_008_17.wav,"yeah, on Thursday, yeah, they give it to me on Thursday at 3",El jueves me lo dan. El jueves a las 3 de la tarde.,dev
EN_008_18__ES_008_18,8,8,true,EN_008_18,ES_008_18,/Users/nilakshanraveendran/Documents/research/data/raw/DRAL16kHz/fragments-short/EN_008_18.wav,/Users/nilakshanraveendran/Documents/research/data/raw/DRAL16kHz/fragments-short/ES_008_18.wav,Are your parents gonna come or...?,¿Van a venir- venir tus papás para...?,dev
EN_008_19__ES_008_19,8,8,true,EN_008_19,ES_008_19,/Users/nilakshanraveendran/Documents/research/data/raw/DRAL16kHz/fragments-short/EN_008_19.wav,/Users/nilakshanraveendran/Documents/research/data/raw/DRAL16kHz/fragments-short/ES_008_19.wav,"Yeah, just my dad.",Va a venir mi papá.,dev
EN_008_1__ES_008_1,8,8,true,EN_008_1,ES_008_1,/Users/nilakshanraveendran/Documents/research/data/raw/DRAL16kHz/fragments-short/EN_008_1.wav,/Users/nilakshanraveendran/Documents/research/data/raw/DRAL16kHz/fragments-short/ES_008_1.wav,"Yeah, I did eat a little bit of breakfast, but not that much.",Si almorcé un poquito.,dev
EN_008_20__ES_008_20,8,8,true,EN_008_20,ES_008_20,/Users/nilakshanraveendran/Documents/research/data/raw/DRAL16kHz/fragments-short/EN_008_20.wav,/Users/nilakshanraveendran/Documents/research/data/raw/DRAL16kHz/fragments-short/ES_008_20.wav,just your dad.,Nada más tu papá.,dev
EN_008_21__ES_008_21,8,8,true,EN_008_21,ES_008_21,/Users/nilakshanraveendran/Documents/research/data/raw/DRAL16kHz/fragments-short/EN_008_21.wav,/Users/nilakshanraveendran/Documents/research/data/raw/DRAL16kHz/fragments-short/ES_008_21.wav,"Yeah, it's just that my mom is working.",Si es que mi mamá está trabajando,dev
EN_008_22__ES_008_22,8,8,true,EN_008_22,ES_008_22,/Users/nilakshanraveendran/Documents/research/data/raw/DRAL16kHz/fragments-short/EN_008_22.wav,/Users/nilakshanraveendran/Documents/research/data/raw/DRAL16kHz/fragments-short/ES_008_22.wav,"yes, she said they have vacations right now",Es que est- ahorita están en vacaciones de Semana Santa,dev
EN_008_23__ES_008_23,8,8,true,EN_008_23,ES_008_23,/Users/nilakshanraveendran/Documents/research/data/raw/DRAL16kHz/fragments-short/EN_008_23.wav,/Users/nilakshanraveendran/Documents/research/data/raw/DRAL16kHz/fragments-short/ES_008_23.wav,is he in elementary school?,¿Está en la primaria?,dev
EN_008_24__ES_008_24,8,8,true,EN_008_24,ES_008_24,/Users/nilakshanraveendran/Documents/research/data/raw/DRAL16kHz/fragments-short/EN_008_24.wav,/Users/nilakshanraveendran/Documents/research/data/raw/DRAL16kHz/fragments-short/ES_008_24.wav,"Roberto? Yeah, I think he's in, what, second grade?","Roberto está- sí, ya en... ¿qué es? ¿segundo?",dev
EN_008_25__ES_008_25,8,8,true,EN_008_25,ES_008_25,/Users/nilakshanraveendran/Documents/research/data/raw/DRAL16kHz/fragments-short/EN_008_25.wav,/Users/nilakshanraveendran/Documents/research/data/raw/DRAL16kHz/fragments-short/ES_008_25.wav,I bought a blender.,Compre una licuadora.,dev
EN_008_26__ES_008_26,8,8,true,EN_008_26,ES_008_26,/Users/nilakshanraveendran/Documents/research/data/raw/DRAL16kHz/fragments-short/EN_008_26.wav,/Users/nilakshanraveendran/Documents/research/data/raw/DRAL16kHz/fragments-short/ES_008_26.wav,It seems like we're in a podcast.,Parece que estamos en un podcast.,dev
EN_008_27__ES_008_27,8,8,true,EN_008_27,ES_008_27,/Users/nilakshanraveendran/Documents/research/data/raw/DRAL16kHz/fragments-short/EN_008_27.wav,/Users/nilakshanraveendran/Documents/research/data/raw/DRAL16kHz/fragments-short/ES_008_27.wav,"It's just that, remember that they were going to give it to me on Saturday.","Pues que me lo iban a dar, ya ves que me lo iban a dar el sábado.",dev
EN_008_28__ES_008_28,8,8,true,EN_008_28,ES_008_28,/Users/nilakshanraveendran/Documents/research/data/raw/DRAL16kHz/fragments-short/EN_008_28.wav,/Users/nilakshanraveendran/Documents/research/data/raw/DRAL16kHz/fragments-short/ES_008_28.wav,"Well, are they going to give it to you?","O sea, te lo van a dar",dev
EN_008_29__ES_008_29,8,8,true,EN_008_29,ES_008_29,/Users/nilakshanraveendran/Documents/research/data/raw/DRAL16kHz/fragments-short/EN_008_29.wav,/Users/nilakshanraveendran/Documents/research/data/raw/DRAL16kHz/fragments-short/ES_008_29.wav,or are they going to reduct it from your rent?,te lo van a quitar de la renta.,dev
EN_008_30__ES_008_30,8,8,true,EN_008_30,ES_008_30,/Users/nilakshanraveendran/Documents/research/data/raw/DRAL16kHz/fragments-short/EN_008_30.wav,/Users/nilakshanraveendran/Documents/research/data/raw/DRAL16kHz/fragments-short/ES_008_30.wav,"Oh yeah, they're gonna take it off from the rent.",si o sea me lo van a quitar de la renta,dev
EN_008_31__ES_008_31,8,8,true,EN_008_31,ES_008_31,/Users/nilakshanraveendran/Documents/research/data/raw/DRAL16kHz/fragments-short/EN_008_31.wav,/Users/nilakshanraveendran/Documents/research/data/raw/DRAL16kHz/fragments-short/ES_008_31.wav,"Yeah, so next month they're going to take off 150.","O sea, el siguiente mes me van a quitar 150",dev
EN_008_32__ES_008_32,8,8,true,EN_008_32,ES_008_32,/Users/nilakshanraveendran/Documents/research/data/raw/DRAL16kHz/fragments-short/EN_008_32.wav,/Users/nilakshanraveendran/Documents/research/data/raw/DRAL16kHz/fragments-short/ES_008_32.wav,and I don't have to pay this month.,y no tengo que pagar este mes,dev
EN_008_33__ES_008_33,8,8,true,EN_008_33,ES_008_33,/Users/nilakshanraveendran/Documents/research/data/raw/DRAL16kHz/fragments-short/EN_008_33.wav,/Users/nilakshanraveendran/Documents/research/data/raw/DRAL16kHz/fragments-short/ES_008_33.wav,It's just that I don't know like...,"Es que no sé, o sea...",dev
EN_008_34__ES_008_34,8,8,true,EN_008_34,ES_008_34,/Users/nilakshanraveendran/Documents/research/data/raw/DRAL16kHz/fragments-short/EN_008_34.wav,/Users/nilakshanraveendran/Documents/research/data/raw/DRAL16kHz/fragments-short/ES_008_34.wav,when it's summer,Ya cuando sea verano.,dev
EN_008_35__ES_008_35,8,8,true,EN_008_35,ES_008_35,/Users/nilakshanraveendran/Documents/research/data/raw/DRAL16kHz/fragments-short/EN_008_35.wav,/Users/nilakshanraveendran/Documents/research/data/raw/DRAL16kHz/fragments-short/ES_008_35.wav,"I mean, I'm still gonna be working, you know?","Pues voy a seguir trabajando, ¿sabes?",dev
EN_008_36__ES_008_36,8,8,true,EN_008_36,ES_008_36,/Users/nilakshanraveendran/Documents/research/data/raw/DRAL16kHz/fragments-short/EN_008_36.wav,/Users/nilakshanraveendran/Documents/research/data/raw/DRAL16kHz/fragments-short/ES_008_36.wav,"Hey, are you going to spend all summer over there?","Oye, ¿Sí te vas a ir todo el verano allá?",dev
EN_008_37__ES_008_37,8,8,true,EN_008_37,ES_008_37,/Users/nilakshanraveendran/Documents/research/data/raw/DRAL16kHz/fragments-short/EN_008_37.wav,/Users/nilakshanraveendran/Documents/research/data/raw/DRAL16kHz/fragments-short/ES_008_37.wav,"Yeah, like without that much help, I don't know how to say it.","pues tal vez sin tanta ayuda, no sé cómo decirlo",dev
EN_008_38__ES_008_38,8,8,true,EN_008_38,ES_008_38,/Users/nilakshanraveendran/Documents/research/data/raw/DRAL16kHz/fragments-short/EN_008_38.wav,/Users/nilakshanraveendran/Documents/research/data/raw/DRAL16kHz/fragments-short/ES_008_38.wav,Yeah.,Sí.,dev
EN_008_3__ES_008_3,8,8,true,EN_008_3,ES_008_3,/Users/nilakshanraveendran/Documents/research/data/raw/DRAL16kHz/fragments-short/EN_008_3.wav,/Users/nilakshanraveendran/Documents/research/data/raw/DRAL16kHz/fragments-short/ES_008_3.wav,"My grandma made me a burrito, but I didn't finish it.","O sea, mi abuelita me hizo un burrito y no me lo terminé.",dev
EN_008_41__ES_008_41,8,8,true,EN_008_41,ES_008_41,/Users/nilakshanraveendran/Documents/research/data/raw/DRAL16kHz/fragments-short/EN_008_41.wav,/Users/nilakshanraveendran/Documents/research/data/raw/DRAL16kHz/fragments-short/ES_008_41.wav,"Well, I went there and they told me to wait because...","O sea, yo fui y me dijeron que me esperara porque...",dev
EN_008_42__ES_008_42,8,8,true,EN_008_42,ES_008_42,/Users/nilakshanraveendran/Documents/research/data/raw/DRAL16kHz/fragments-short/EN_008_42.wav,/Users/nilakshanraveendran/Documents/research/data/raw/DRAL16kHz/fragments-short/ES_008_42.wav,"Like, you don't have to do any paperwork.","O sea, no tienes que hacer nada de papeleo.",dev
EN_008_43__ES_008_43,8,8,true,EN_008_43,ES_008_43,/Users/nilakshanraveendran/Documents/research/data/raw/DRAL16kHz/fragments-short/EN_008_43.wav,/Users/nilakshanraveendran/Documents/research/data/raw/DRAL16kHz/fragments-short/ES_008_43.wav,because they have all of your,Porque ellos ya tienen tu...,dev
EN_008_44__ES_008_44,8,8,true,EN_008_44,ES_008_44,/Users/nilakshanraveendran/Documents/research/data/raw/DRAL16kHz/fragments-short/EN_008_44.wav,/Users/nilakshanraveendran/Documents/research/data/raw/DRAL16kHz/fragments-short/ES_008_44.wav,all of your information.,O sea toda tu información.,dev
EN_008_45__ES_008_45,8,8,true,EN_008_45,ES_008_45,/Users/nilakshanraveendran/Documents/research/data/raw/DRAL16kHz/fragments-short/EN_008_45.wav,/Users/nilakshanraveendran/Documents/research/data/raw/DRAL16kHz/fragments-short/ES_008_45.wav,"I know some people that got like 6,000 or something like that.","Conozco unos que les dieron como 6 mil, o sea...",dev
EN_008_46__ES_008_46,8,8,true,EN_008_46,ES_008_46,/Users/nilakshanraveendran/Documents/research/data/raw/DRAL16kHz/fragments-short/EN_008_46.wav,/Users/nilakshanraveendran/Documents/research/data/raw/DRAL16kHz/fragments-short/ES_008_46.wav,"But I do have to do it, like, now.",Pero si tengo que hacerlo ya,dev
EN_008_47__ES_008_47,8,8,true,EN_008_47,ES_008_47,/Users/nilakshanraveendran/Documents/research/data/raw/DRAL16kHz/fragments-short/EN_008_47.wav,/Users/nilakshanraveendran/Documents/research/data/raw/DRAL16kHz/fragments-short/ES_008_47.wav,You can tell the difference?,¿No puedes distinguirlos?,dev
EN_008_48__ES_008_48,8,8,true,EN_008_48,ES_008_48,/Users/nilakshanraveendran/Documents/research/data/raw/DRAL16kHz/fragments-short/EN_008_48.wav,/Users/nilakshanraveendran/Documents/research/data/raw/DRAL16kHz/fragments-short/ES_008_48.wav,You can't?,¿Tu sí?,dev
EN_008_49__ES_008_49,8,8,true,EN_008_49,ES_008_49,/Users/nilakshanraveendran/Documents/research/data/raw/DRAL16kHz/fragments-short/EN_008_49.wav,/Users/nilakshanraveendran/Documents/research/data/raw/DRAL16kHz/fragments-short/ES_008_49.wav,I can.,Yo sí.,dev
EN_008_4__ES_008_4,8,8,true,EN_008_4,ES_008_4,/Users/nilakshanraveendran/Documents/research/data/raw/DRAL16kHz/fragments-short/EN_008_4.wav,/Users/nilakshanraveendran/Documents/research/data/raw/DRAL16kHz/fragments-short/ES_008_4.wav,"Your family really likes burritos, huh?","Les encantan los burritos en tu familia, ¿no?",dev
EN_008_50__ES_008_50,8,8,true,EN_008_50,ES_008_50,/Users/nilakshanraveendran/Documents/research/data/raw/DRAL16kHz/fragments-short/EN_008_50.wav,/Users/nilakshanraveendran/Documents/research/data/raw/DRAL16kHz/fragments-short/ES_008_50.wav,"Hey, are you gonna buy a coffee maker?","Oye, ¿vas a comprar cafetera?",dev
EN_008_51__ES_008_51,8,8,true,EN_008_51,ES_008_51,/Users/nilakshanraveendran/Documents/research/data/raw/DRAL16kHz/fragments-short/EN_008_51.wav,/Users/nilakshanraveendran/Documents/research/data/raw/DRAL16kHz/fragments-short/ES_008_51.wav,I don't drink coffee.,No tomo café.,dev
EN_008_52__ES_008_52,8,8,true,EN_008_52,ES_008_52,/Users/nilakshanraveendran/Documents/research/data/raw/DRAL16kHz/fragments-short/EN_008_52.wav,/Users/nilakshanraveendran/Documents/research/data/raw/DRAL16kHz/fragments-short/ES_008_52.wav,"Oh yeah, that's right.",Así es cierto,dev
EN_008_53__ES_008_53,8,8,true,EN_008_53,ES_008_53,/Users/nilakshanraveendran/Documents/research/data/raw/DRAL16kHz/fragments-short/EN_008_53.wav,/Users/nilakshanraveendran/Documents/research/data/raw/DRAL16kHz/fragments-short/ES_008_53.wav,"Oh, it's because I don't really like hot coffee that much.","Bueno, pues es que a mí no me gusta el café caliente tanto.",dev
EN_008_54__ES_008_54,8,8,true,EN_008_54,ES_008_54,/Users/nilakshanraveendran/Documents/research/data/raw/DRAL16kHz/fragments-short/EN_008_54.wav,/Users/nilakshanraveendran/Documents/research/data/raw/DRAL16kHz/fragments-short/ES_008_54.wav,"But they sell those at the store, don't they?","Pero esos los venden en la tienda, ¿no?",dev
EN_008_55__ES_008_55,8,8,true,EN_008_55,ES_008_55,/Users/nilakshanraveendran/Documents/research/data/raw/DRAL16kHz/fragments-short/EN_008_55.wav,/Users/nilakshanraveendran/Documents/research/data/raw/DRAL16kHz/fragments-short/ES_008_55.wav,I think so.,yo creo,dev
EN_008_56__ES_008_56,8,8,true,EN_008_56,ES_008_56,/Users/nilakshanraveendran/Documents/research/data/raw/DRAL16kHz/fragments-short/EN_008_56.wav,/Users/nilakshanraveendran/Documents/research/data/raw/DRAL16kHz/fragments-short/ES_008_56.wav,like the warehouses and all that.,Como que en las bodegas y todo eso,dev
EN_008_57__ES_008_57,8,8,true,EN_008_57,ES_008_57,/Users/nilakshanraveendran/Documents/research/data/raw/DRAL16kHz/fragments-short/EN_008_57.wav,/Users/nilakshanraveendran/Documents/research/data/raw/DRAL16kHz/fragments-short/ES_008_57.wav,"so I really never saw her, you know?",Entonces nunca la vi en sí.,dev
EN_008_5__ES_008_5,8,8,true,EN_008_5,ES_008_5,/Users/nilakshanraveendran/Documents/research/data/raw/DRAL16kHz/fragments-short/EN_008_5.wav,/Users/nilakshanraveendran/Documents/research/data/raw/DRAL16kHz/fragments-short/ES_008_5.wav,Yeah.,Sí.,dev
EN_008_6__ES_008_6,8,8,true,EN_008_6,ES_008_6,/Users/nilakshanraveendran/Documents/research/data/raw/DRAL16kHz/fragments-short/EN_008_6.wav,/Users/nilakshanraveendran/Documents/research/data/raw/DRAL16kHz/fragments-short/ES_008_6.wav,"Oh, it's just that in general I have bad experiences with tortillas.",Es que yo tengo malas experiencias en general con tortillas acá.,dev
EN_008_7__ES_008_7,8,8,true,EN_008_7,ES_008_7,/Users/nilakshanraveendran/Documents/research/data/raw/DRAL16kHz/fragments-short/EN_008_7.wav,/Users/nilakshanraveendran/Documents/research/data/raw/DRAL16kHz/fragments-short/ES_008_7.wav,With tortillas? Why?,con tortillas por-,dev
EN_008_8__ES_008_8,8,8,true,EN_008_8,ES_008_8,/Users/nilakshanraveendran/Documents/research/data/raw/DRAL16kHz/fragments-short/EN_008_8.wav,/Users/nilakshanraveendran/Documents/research/data/raw/DRAL16kHz/fragments-short/ES_008_8.wav,Here in El Paso?,¿Aquí en El Paso?,dev
EN_008_9__ES_008_9,8,8,true,EN_008_9,ES_008_9,/Users/nilakshanraveendran/Documents/research/data/raw/DRAL16kHz/fragments-short/EN_008_9.wav,/Users/nilakshanraveendran/Documents/research/data/raw/DRAL16kHz/fragments-short/ES_008_9.wav,Why?,¿Por qué?,dev
EN_009_10__ES_009_10,9,9,true,EN_009_10,ES_009_10,/Users/nilakshanraveendran/Documents/research/data/raw/DRAL16kHz/fragments-short/EN_009_10.wav,/Users/nilakshanraveendran/Documents/research/data/raw/DRAL16kHz/fragments-short/ES_009_10.wav,"It was a friend's, like, a friend's house.",Como una cabina de un amigo,train
EN_009_11__ES_009_11,11,11,true,EN_009_11,ES_009_11,/Users/nilakshanraveendran/Documents/research/data/raw/DRAL16kHz/fragments-short/EN_009_11.wav,/Users/nilakshanraveendran/Documents/research/data/raw/DRAL16kHz/fragments-short/ES_009_11.wav,It was the cabin of my friends.,Era la cabina del abuelo de mi...,train
EN_009_12__ES_009_12,11,11,true,EN_009_12,ES_009_12,/Users/nilakshanraveendran/Documents/research/data/raw/DRAL16kHz/fragments-short/EN_009_12.wav,/Users/nilakshanraveendran/Documents/research/data/raw/DRAL16kHz/fragments-short/ES_009_12.wav,"uh, grandpa",uhh amiga.,train
EN_009_13__ES_009_13,9,9,true,EN_009_13,ES_009_13,/Users/nilakshanraveendran/Documents/research/data/raw/DRAL16kHz/fragments-short/EN_009_13.wav,/Users/nilakshanraveendran/Documents/research/data/raw/DRAL16kHz/fragments-short/ES_009_13.wav,Oh really?,"¿Oh, en serio?",train
EN_009_14__ES_009_14,9,9,true,EN_009_14,ES_009_14,/Users/nilakshanraveendran/Documents/research/data/raw/DRAL16kHz/fragments-short/EN_009_14.wav,/Users/nilakshanraveendran/Documents/research/data/raw/DRAL16kHz/fragments-short/ES_009_14.wav,Nice.,Padre.,train
EN_009_15__ES_009_15,9,9,true,EN_009_15,ES_009_15,/Users/nilakshanraveendran/Documents/research/data/raw/DRAL16kHz/fragments-short/EN_009_15.wav,/Users/nilakshanraveendran/Documents/research/data/raw/DRAL16kHz/fragments-short/ES_009_15.wav,Did you have fun?,¿Te divertiste?,train
EN_009_16__ES_009_16,11,11,true,EN_009_16,ES_009_16,/Users/nilakshanraveendran/Documents/research/data/raw/DRAL16kHz/fragments-short/EN_009_16.wav,/Users/nilakshanraveendran/Documents/research/data/raw/DRAL16kHz/fragments-short/ES_009_16.wav,Yeah.,Sí.,train
EN_009_19__ES_009_19,9,9,true,EN_009_19,ES_009_19,/Users/nilakshanraveendran/Documents/research/data/raw/DRAL16kHz/fragments-short/EN_009_19.wav,/Users/nilakshanraveendran/Documents/research/data/raw/DRAL16kHz/fragments-short/ES_009_19.wav,"how's the view from there? Like, is it pretty?",¿Cómo es la vista de ahí? ¿Está bonita?,train
EN_009_1__ES_009_1,9,9,true,EN_009_1,ES_009_1,/Users/nilakshanraveendran/Documents/research/data/raw/DRAL16kHz/fragments-short/EN_009_1.wav,/Users/nilakshanraveendran/Documents/research/data/raw/DRAL16kHz/fragments-short/ES_009_1.wav,like talking to me about your December vacations,Como hablándome de tus vacaciones de diciembre.,train
EN_009_20__ES_009_20,9,9,true,EN_009_20,ES_009_20,/Users/nilakshanraveendran/Documents/research/data/raw/DRAL16kHz/fragments-short/EN_009_20.wav,/Users/nilakshanraveendran/Documents/research/data/raw/DRAL16kHz/fragments-short/ES_009_20.wav,"Like if you went to Ridoso,",Como si fueras ruidoso.,train
EN_009_21__ES_009_21,9,9,true,EN_009_21,ES_009_21,/Users/nilakshanraveendran/Documents/research/data/raw/DRAL16kHz/fragments-short/EN_009_21.wav,/Users/nilakshanraveendran/Documents/research/data/raw/DRAL16kHz/fragments-short/ES_009_21.wav,I imagine something like that.,Me imagino algo así.,train
EN_009_22__ES_009_22,11,11,true,EN_009_22,ES_009_22,/Users/nilakshanraveendran/Documents/research/data/raw/DRAL16kHz/fragments-short/EN_009_22.wav,/Users/nilakshanraveendran/Documents/research/data/raw/DRAL16kHz/fragments-short/ES_009_22.wav,"Oh well, in the cabin it's kind of, uh","O bueno, la cabina está un poco...",train
EN_009_25__ES_009_25,11,11,true,EN_009_25,ES_009_25,/Users/nilakshanraveendran/Documents/research/data/raw/DRAL16kHz/fragments-short/EN_009_25.wav,/Users/nilakshanraveendran/Documents/research/data/raw/DRAL16kHz/fragments-short/ES_009_25.wav,because there's a lot of buildings in the way.,porque hay muchos edificios en el camino,train
EN_009_26__ES_009_26,9,9,true,EN_009_26,ES_009_26,/Users/nilakshanraveendran/Documents/research/data/raw/DRAL16kHz/fragments-short/EN_009_26.wav,/Users/nilakshanraveendran/Documents/research/data/raw/DRAL16kHz/fragments-short/ES_009_26.wav,Nice...,Padre.,train
EN_009_27__ES_009_27,11,11,true,EN_009_27,ES_009_27,/Users/nilakshanraveendran/Documents/research/data/raw/DRAL16kHz/fragments-short/EN_009_27.wav,/Users/nilakshanraveendran/Documents/research/data/raw/DRAL16kHz/fragments-short/ES_009_27.wav,It looks very different than here in Texas.,"Sí, diferente que aquí en Texas.",train
EN_009_28__ES_009_28,11,11,true,EN_009_28,ES_009_28,/Users/nilakshanraveendran/Documents/research/data/raw/DRAL16kHz/fragments-short/EN_009_28.wav,/Users/nilakshanraveendran/Documents/research/data/raw/DRAL16kHz/fragments-short/ES_009_28.wav,"Because here in Texas, everything is like.",porque aquí en Texas todo es como...,train
EN_009_29__ES_009_29,11,11,true,EN_009_29,ES_009_29,/Users/nilakshanraveendran/Documents/research/data/raw/DRAL16kHz/fragments-short/EN_009_29.wav,/Users/nilakshanraveendran/Documents/research/data/raw/DRAL16kHz/fragments-short/ES_009_29.wav,"Kind of gray, and",Uh medio gris.,train
EN_009_2__ES_009_2,11,11,true,EN_009_2,ES_009_2,/Users/nilakshanraveendran/Documents/research/data/raw/DRAL16kHz/fragments-short/EN_009_2.wav,/Users/nilakshanraveendran/Documents/research/data/raw/DRAL16kHz/fragments-short/ES_009_2.wav,Sure.,Claro.,train
EN_009_30__ES_009_30,9,9,true,EN_009_30,ES_009_30,/Users/nilakshanraveendran/Documents/research/data/raw/DRAL16kHz/fragments-short/EN_009_30.wav,/Users/nilakshanraveendran/Documents/research/data/raw/DRAL16kHz/fragments-short/ES_009_30.wav,"Oh, okay, yeah.",Así pues...,train
EN_009_31__ES_009_31,9,9,true,EN_009_31,ES_009_31,/Users/nilakshanraveendran/Documents/research/data/raw/DRAL16kHz/fragments-short/EN_009_31.wav,/Users/nilakshanraveendran/Documents/research/data/raw/DRAL16kHz/fragments-short/ES_009_31.wav,it seems like really hot,Parece que está caliente.,train
EN_009_32__ES_009_32,11,11,true,EN_009_32,ES_009_32,/Users/nilakshanraveendran/Documents/research/data/raw/DRAL16kHz/fragments-short/EN_009_32.wav,/Users/nilakshanraveendran/Documents/research/data/raw/DRAL16kHz/fragments-short/ES_009_32.wav,"Uh, no.",Uh no.,train
EN_009_33__ES_009_33,9,9,true,EN_009_33,ES_009_33,/Users/nilakshanraveendran/Documents/research/data/raw/DRAL16kHz/fragments-short/EN_009_33.wav,/Users/nilakshanraveendran/Documents/research/data/raw/DRAL16kHz/fragments-short/ES_009_33.wav,Not really.,¿No tanto?,train
EN_009_34__ES_009_34,11,11,true,EN_009_34,ES_009_34,/Users/nilakshanraveendran/Documents/research/data/raw/DRAL16kHz/fragments-short/EN_009_34.wav,/Users/nilakshanraveendran/Documents/research/data/raw/DRAL16kHz/fragments-short/ES_009_34.wav,"Uh, none, none that I can remember.","No, n- no que recuerde.",train
EN_009_35__ES_009_35,9,9,true,EN_009_35,ES_009_35,/Users/nilakshanraveendran/Documents/research/data/raw/DRAL16kHz/fragments-short/EN_009_35.wav,/Users/nilakshanraveendran/Documents/research/data/raw/DRAL16kHz/fragments-short/ES_009_35.wav,"Like the houses, right?",como las casas verda-,train
EN_009_36__ES_009_36,11,11,true,EN_009_36,ES_009_36,/Users/nilakshanraveendran/Documents/research/data/raw/DRAL16kHz/fragments-short/EN_009_36.wav,/Users/nilakshanraveendran/Documents/research/data/raw/DRAL16kHz/fragments-short/ES_009_36.wav,Yeah.,Sí.,train
EN_009_37__ES_009_37,9,9,true,EN_009_37,ES_009_37,/Users/nilakshanraveendran/Documents/research/data/raw/DRAL16kHz/fragments-short/EN_009_37.wav,/Users/nilakshanraveendran/Documents/research/data/raw/DRAL16kHz/fragments-short/ES_009_37.wav,that's funny,¡Qué gracioso!,train
EN_009_38__ES_009_38,11,11,true,EN_009_38,ES_009_38,/Users/nilakshanraveendran/Documents/research/data/raw/DRAL16kHz/fragments-short/EN_009_38.wav,/Users/nilakshanraveendran/Documents/research/data/raw/DRAL16kHz/fragments-short/ES_009_38.wav,"Because they wanted something more, like local.",porque querían algo como más uh... más local,train
EN_009_39__ES_009_39,9,9,true,EN_009_39,ES_009_39,/Users/nilakshanraveendran/Documents/research/data/raw/DRAL16kHz/fragments-short/EN_009_39.wav,/Users/nilakshanraveendran/Documents/research/data/raw/DRAL16kHz/fragments-short/ES_009_39.wav,I went to see my favorite artist at the moment,Fui a ver mi artista favorita del momento.,train
EN_009_3__ES_009_3,11,11,true,EN_009_3,ES_009_3,/Users/nilakshanraveendran/Documents/research/data/raw/DRAL16kHz/fragments-short/EN_009_3.wav,/Users/nilakshanraveendran/Documents/research/data/raw/DRAL16kHz/fragments-short/ES_009_3.wav,So I went to La Paz.,Uhm fui a La Paz.,train
EN_009_40__ES_009_40,9,9,true,EN_009_40,ES_009_40,/Users/nilakshanraveendran/Documents/research/data/raw/DRAL16kHz/fragments-short/EN_009_40.wav,/Users/nilakshanraveendran/Documents/research/data/raw/DRAL16kHz/fragments-short/ES_009_40.wav,"It's pretty, like electronic music but with lyrics.",Es como música electrónica pero con letras.,train
EN_009_41__ES_009_41,9,11,false,EN_009_41,ES_009_41,/Users/nilakshanraveendran/Documents/research/data/raw/DRAL16kHz/fragments-short/EN_009_41.wav,/Users/nilakshanraveendran/Documents/research/data/raw/DRAL16kHz/fragments-short/ES_009_41.wav,What I like the most about concerts is that you get to meet,Lo que me gusta más de los conciertos es que...,train
EN_009_42__ES_009_42,9,9,true,EN_009_42,ES_009_42,/Users/nilakshanraveendran/Documents/research/data/raw/DRAL16kHz/fragments-short/EN_009_42.wav,/Users/nilakshanraveendran/Documents/research/data/raw/DRAL16kHz/fragments-short/ES_009_42.wav,,Gente que tiene como los mismos intereses que tú.,train
EN_009_43__ES_009_43,11,11,true,EN_009_43,ES_009_43,/Users/nilakshanraveendran/Documents/research/data/raw/DRAL16kHz/fragments-short/EN_009_43.wav,/Users/nilakshanraveendran/Documents/research/data/raw/DRAL16kHz/fragments-short/ES_009_43.wav,"I don't know, I went to a couple of restaurants in La Paz",fui a restaurantes en La Paz,train
EN_009_44__ES_009_44,11,11,true,EN_009_44,ES_009_44,/Users/nilakshanraveendran/Documents/research/data/raw/DRAL16kHz/fragments-short/EN_009_44.wav,/Users/nilakshanraveendran/Documents/research/data/raw/DRAL16kHz/fragments-short/ES_009_44.wav,"But if you're, uh, looking for, uh, seafood...","Pero si uhm, ¿pero si estas buscando por mariscos?",train
EN_009_45__ES_009_45,11,11,true,EN_009_45,ES_009_45,/Users/nilakshanraveendran/Documents/research/data/raw/DRAL16kHz/fragments-short/EN_009_45.wav,/Users/nilakshanraveendran/Documents/research/data/raw/DRAL16kHz/fragments-short/ES_009_45.wav,and that's real easy because...,Pues es fácil. Porque...,train
EN_009_46__ES_009_46,11,11,true,EN_009_46,ES_009_46,/Users/nilakshanraveendran/Documents/research/data/raw/DRAL16kHz/fragments-short/EN_009_46.wav,/Users/nilakshanraveendran/Documents/research/data/raw/DRAL16kHz/fragments-short/ES_009_46.wav,"There's not many tacos places, but uh...","No hay tantos lugares para tacos, pero...",train
EN_009_47__ES_009_47,9,9,true,EN_009_47,ES_009_47,/Users/nilakshanraveendran/Documents/research/data/raw/DRAL16kHz/fragments-short/EN_009_47.wav,/Users/nilakshanraveendran/Documents/research/data/raw/DRAL16kHz/fragments-short/ES_009_47.wav,"Wow, that's crazy.","Guau, qué loco.",train
EN_009_48__ES_009_48,9,9,true,EN_009_48,ES_009_48,/Users/nilakshanraveendran/Documents/research/data/raw/DRAL16kHz/fragments-short/EN_009_48.wav,/Users/nilakshanraveendran/Documents/research/data/raw/DRAL16kHz/fragments-short/ES_009_48.wav,That's weird.,¡Qué raro!,train
EN_009_49__ES_009_49,9,9,true,EN_009_49,ES_009_49,/Users/nilakshanraveendran/Documents/research/data/raw/DRAL16kHz/fragments-short/EN_009_49.wav,/Users/nilakshanraveendran/Documents/research/data/raw/DRAL16kHz/fragments-short/ES_009_49.wav,"What's your favorite, uh, dessert?",¿Cuál es tu postre favorito?,train
EN_009_4__ES_009_4,11,11,true,EN_009_4,ES_009_4,/Users/nilakshanraveendran/Documents/research/data/raw/DRAL16kHz/fragments-short/EN_009_4.wav,/Users/nilakshanraveendran/Documents/research/data/raw/DRAL16kHz/fragments-short/ES_009_4.wav,I used to live in La Paz.,Yo solía vivir en La Paz.,train
EN_009_50__ES_009_50,11,11,true,EN_009_50,ES_009_50,/Users/nilakshanraveendran/Documents/research/data/raw/DRAL16kHz/fragments-short/EN_009_50.wav,/Users/nilakshanraveendran/Documents/research/data/raw/DRAL16kHz/fragments-short/ES_009_50.wav,"I don't know, probably something with dark chocolate","No lo sé, probablemente algo con chocolate oscuro.",train
EN_009_51__ES_009_51,11,11,true,EN_009_51,ES_009_51,/Users/nilakshanraveendran/Documents/research/data/raw/DRAL16kHz/fragments-short/EN_009_51.wav,/Users/nilakshanraveendran/Documents/research/data/raw/DRAL16kHz/fragments-short/ES_009_51.wav,and your dessert? your favorite dessert?,¿Y tu postre? ¿Tu postre favorito?,train
EN_009_52__ES_009_52,9,9,true,EN_009_52,ES_009_52,/Users/nilakshanraveendran/Documents/research/data/raw/DRAL16kHz/fragments-short/EN_009_52.wav,/Users/nilakshanraveendran/Documents/research/data/raw/DRAL16kHz/fragments-short/ES_009_52.wav,My favorite place is Trevly from Mexico. Have you been there?,Mi lugar favorito [unk] de México ha s- ha sido...,train
EN_009_53__ES_009_53,9,9,true,EN_009_53,ES_009_53,/Users/nilakshanraveendran/Documents/research/data/raw/DRAL16kHz/fragments-short/EN_009_53.wav,/Users/nilakshanraveendran/Documents/research/data/raw/DRAL16kHz/fragments-short/ES_009_53.wav,"It's so good, honestly.","Está tan buena, en serio.",train
EN_009_54__ES_009_54,9,9,true,EN_009_54,ES_009_54,/Users/nilakshanraveendran/Documents/research/data/raw/DRAL16kHz/fragments-short/EN_009_54.wav,/Users/nilakshanraveendran/Documents/research/data/raw/DRAL16kHz/fragments-short/ES_009_54.wav,usually strawberry,Usualmente de fresa.,train
EN_009_55__ES_009_55,11,11,true,EN_009_55,ES_009_55,/Users/nilakshanraveendran/Documents/research/data/raw/DRAL16kHz/fragments-short/EN_009_55.wav,/Users/nilakshanraveendran/Documents/research/data/raw/DRAL16kHz/fragments-short/ES_009_55.wav,Strawberry?,¿Fresa?,train
EN_009_5__ES_009_5,11,11,true,EN_009_5,ES_009_5,/Users/nilakshanraveendran/Documents/research/data/raw/DRAL16kHz/fragments-short/EN_009_5.wav,/Users/nilakshanraveendran/Documents/research/data/raw/DRAL16kHz/fragments-short/ES_009_5.wav,So I went back there to see some friends.,Regresé ahí para ver a unos amigos.,train
EN_009_6__ES_009_6,11,11,true,EN_009_6,ES_009_6,/Users/nilakshanraveendran/Documents/research/data/raw/DRAL16kHz/fragments-short/EN_009_6.wav,/Users/nilakshanraveendran/Documents/research/data/raw/DRAL16kHz/fragments-short/ES_009_6.wav,"uh, we hang out.",Fuimos y salimos,train
EN_009_7__ES_009_7,11,11,true,EN_009_7,ES_009_7,/Users/nilakshanraveendran/Documents/research/data/raw/DRAL16kHz/fragments-short/EN_009_7.wav,/Users/nilakshanraveendran/Documents/research/data/raw/DRAL16kHz/fragments-short/ES_009_7.wav,I went to a cabin and...,Fui a una cabina.,train
EN_009_8__ES_009_8,11,11,true,EN_009_8,ES_009_8,/Users/nilakshanraveendran/Documents/research/data/raw/DRAL16kHz/fragments-short/EN_009_8.wav,/Users/nilakshanraveendran/Documents/research/data/raw/DRAL16kHz/fragments-short/ES_009_8.wav,We had like a party thing.,y hicimos como un tipo fiesta,train
EN_009_9__ES_009_9,9,9,true,EN_009_9,ES_009_9,/Users/nilakshanraveendran/Documents/research/data/raw/DRAL16kHz/fragments-short/EN_009_9.wav,/Users/nilakshanraveendran/Documents/research/data/raw/DRAL16kHz/fragments-short/ES_009_9.wav,"Oh, did you rent it, the cabin, or, like...",¿Ah rentaste la cabina o era como...?,train
EN_010_10__ES_010_10,10,10,true,EN_010_10,ES_010_10,/Users/nilakshanraveendran/Documents/research/data/raw/DRAL16kHz/fragments-short/EN_010_10.wav,/Users/nilakshanraveendran/Documents/research/data/raw/DRAL16kHz/fragments-short/ES_010_10.wav,and then two or three months,"y luego dos, tres meses",train
EN_010_11__ES_010_11,2,2,true,EN_010_11,ES_010_11,/Users/nilakshanraveendran/Documents/research/data/raw/DRAL16kHz/fragments-short/EN_010_11.wav,/Users/nilakshanraveendran/Documents/research/data/raw/DRAL16kHz/fragments-short/ES_010_11.wav,over there,Hice para allá,train
EN_010_12__ES_010_12,10,10,true,EN_010_12,ES_010_12,/Users/nilakshanraveendran/Documents/research/data/raw/DRAL16kHz/fragments-short/EN_010_12.wav,/Users/nilakshanraveendran/Documents/research/data/raw/DRAL16kHz/fragments-short/ES_010_12.wav,It made me understand all the good things that I have here.,Me hizo entender todas las buenas cosas que yo tenía aquí,train
EN_010_13__ES_010_13,2,2,true,EN_010_13,ES_010_13,/Users/nilakshanraveendran/Documents/research/data/raw/DRAL16kHz/fragments-short/EN_010_13.wav,/Users/nilakshanraveendran/Documents/research/data/raw/DRAL16kHz/fragments-short/ES_010_13.wav,Yeah.,Sí.,train
EN_010_14__ES_010_14,10,10,true,EN_010_14,ES_010_14,/Users/nilakshanraveendran/Documents/research/data/raw/DRAL16kHz/fragments-short/EN_010_14.wav,/Users/nilakshanraveendran/Documents/research/data/raw/DRAL16kHz/fragments-short/ES_010_14.wav,"My grandma, she had a house and not too long after my grandpa died.","Mi abuela tenía una casa, mi abuelito se murió.",train
EN_010_15__ES_010_15,2,2,true,EN_010_15,ES_010_15,/Users/nilakshanraveendran/Documents/research/data/raw/DRAL16kHz/fragments-short/EN_010_15.wav,/Users/nilakshanraveendran/Documents/research/data/raw/DRAL16kHz/fragments-short/ES_010_15.wav,"Aw, I'm sorry.","Ay, perdón.",train
EN_010_16__ES_010_16,10,10,true,EN_010_16,ES_010_16,/Users/nilakshanraveendran/Documents/research/data/raw/DRAL16kHz/fragments-short/EN_010_16.wav,/Users/nilakshanraveendran/Documents/research/data/raw/DRAL16kHz/fragments-short/ES_010_16.wav,the ceiling like you see it here,el techo como ves aquí,train
EN_010_17__ES_010_17,10,10,true,EN_010_17,ES_010_17,/Users/nilakshanraveendran/Documents/research/data/raw/DRAL16kHz/fragments-short/EN_010_17.wav,/Users/nilakshanraveendran/Documents/research/data/raw/DRAL16kHz/fragments-short/ES_010_17.wav,Didn't have a cover.,no tenía la cubridura,train
EN_010_18__ES_010_18,10,10,true,EN_010_18,ES_010_18,/Users/nilakshanraveendran/Documents/research/data/raw/DRAL16kHz/fragments-short/EN_010_18.wav,/Users/nilakshanraveendran/Documents/research/data/raw/DRAL16kHz/fragments-short/ES_010_18.wav,I remember showering in a barrel.,Me recuerdo ban- bañarme en una... en un barril.,train
EN_010_19__ES_010_19,2,2,true,EN_010_19,ES_010_19,/Users/nilakshanraveendran/Documents/research/data/raw/DRAL16kHz/fragments-short/EN_010_19.wav,/Users/nilakshanraveendran/Documents/research/data/raw/DRAL16kHz/fragments-short/ES_010_19.wav,"Oh my god, okay.",¡Andale! Okay,train
EN_010_1__ES_010_1,2,2,true,EN_010_1,ES_010_1,/Users/nilakshanraveendran/Documents/research/data/raw/DRAL16kHz/fragments-short/EN_010_1.wav,/Users/nilakshanraveendran/Documents/research/data/raw/DRAL16kHz/fragments-short/ES_010_1.wav,We're going to speak for 10 minutes.,Vamos a hablar por 10 minutos y luego...,train
EN_010_20__ES_010_20,2,2,true,EN_010_20,ES_010_20,/Users/nilakshanraveendran/Documents/research/data/raw/DRAL16kHz/fragments-short/EN_010_20.wav,/Users/nilakshanraveendran/Documents/research/data/raw/DRAL16kHz/fragments-short/ES_010_20.wav,"Actually, I didn't spend that much time over there.",Fíjate que casi no pasé mucho tiempo allá.,train
EN_010_21__ES_010_21,10,10,true,EN_010_21,ES_010_21,/Users/nilakshanraveendran/Documents/research/data/raw/DRAL16kHz/fragments-short/EN_010_21.wav,/Users/nilakshanraveendran/Documents/research/data/raw/DRAL16kHz/fragments-short/ES_010_21.wav,That's understandable.,Eso se entiende.,train
EN_010_22__ES_010_22,10,10,true,EN_010_22,ES_010_22,/Users/nilakshanraveendran/Documents/research/data/raw/DRAL16kHz/fragments-short/EN_010_22.wav,/Users/nilakshanraveendran/Documents/research/data/raw/DRAL16kHz/fragments-short/ES_010_22.wav,"I, uh, I started to gain an accent.",empecé a conseguir un acento,train
EN_010_23__ES_010_23,10,10,true,EN_010_23,ES_010_23,/Users/nilakshanraveendran/Documents/research/data/raw/DRAL16kHz/fragments-short/EN_010_23.wav,/Users/nilakshanraveendran/Documents/research/data/raw/DRAL16kHz/fragments-short/ES_010_23.wav,"in my, in my Spanish",en mi esp- en mi español,train
EN_010_24__ES_010_24,10,10,true,EN_010_24,ES_010_24,/Users/nilakshanraveendran/Documents/research/data/raw/DRAL16kHz/fragments-short/EN_010_24.wav,/Users/nilakshanraveendran/Documents/research/data/raw/DRAL16kHz/fragments-short/ES_010_24.wav,Even though it's my first language.,aunque sea mi primer lenguaje.,train
EN_010_25__ES_010_25,10,10,true,EN_010_25,ES_010_25,/Users/nilakshanraveendran/Documents/research/data/raw/DRAL16kHz/fragments-short/EN_010_25.wav,/Users/nilakshanraveendran/Documents/research/data/raw/DRAL16kHz/fragments-short/ES_010_25.wav,"I noticed, I noticed, I uh... What was I gonna say?","Se nota, se nota. ¿Qué que iba a decir?",train
EN_010_26__ES_010_26,2,2,true,EN_010_26,ES_010_26,/Users/nilakshanraveendran/Documents/research/data/raw/DRAL16kHz/fragments-short/EN_010_26.wav,/Users/nilakshanraveendran/Documents/research/data/raw/DRAL16kHz/fragments-short/ES_010_26.wav,"Well, if you want we could talk about your ring.",Pues si quieres te pregunto sobre tu anillo,train
EN_010_27__ES_010_27,2,2,true,EN_010_27,ES_010_27,/Users/nilakshanraveendran/Documents/research/data/raw/DRAL16kHz/fragments-short/EN_010_27.wav,/Users/nilakshanraveendran/Documents/research/data/raw/DRAL16kHz/fragments-short/ES_010_27.wav,"Or, well, if you want to talk about it.","O bueno, si quieres hablar de",train
EN_010_28__ES_010_28,10,10,true,EN_010_28,ES_010_28,/Users/nilakshanraveendran/Documents/research/data/raw/DRAL16kHz/fragments-short/EN_010_28.wav,/Users/nilakshanraveendran/Documents/research/data/raw/DRAL16kHz/fragments-short/ES_010_28.wav,"Yeah, that's fine. Ask me about it.","Sí, está bien, pregúntame.",train
EN_010_29__ES_010_29,10,10,true,EN_010_29,ES_010_29,/Users/nilakshanraveendran/Documents/research/data/raw/DRAL16kHz/fragments-short/EN_010_29.wav,/Users/nilakshanraveendran/Documents/research/data/raw/DRAL16kHz/fragments-short/ES_010_29.wav,The school's helping me.,La escuela me andaba ayudando.,train
EN_010_2__ES_010_2,2,2,true,EN_010_2,ES_010_2,/Users/nilakshanraveendran/Documents/research/data/raw/DRAL16kHz/fragments-short/EN_010_2.wav,/Users/nilakshanraveendran/Documents/research/data/raw/DRAL16kHz/fragments-short/ES_010_2.wav,"And then from there, we're going to switch languages and start translating.",De ahí cambiamos de lenguaje y empezamos a traducir.,train
EN_010_30__ES_010_30,10,10,true,EN_010_30,ES_010_30,/Users/nilakshanraveendran/Documents/research/data/raw/DRAL16kHz/fragments-short/EN_010_30.wav,/Users/nilakshanraveendran/Documents/research/data/raw/DRAL16kHz/fragments-short/ES_010_30.wav,get that stuff out of my head.,quitarme eso de la mente,train
EN_010_31__ES_010_31,10,10,true,EN_010_31,ES_010_31,/Users/nilakshanraveendran/Documents/research/data/raw/DRAL16kHz/fragments-short/EN_010_31.wav,/Users/nilakshanraveendran/Documents/research/data/raw/DRAL16kHz/fragments-short/ES_010_31.wav,whole year,un año entero,train
EN_010_32__ES_010_32,10,10,true,EN_010_32,ES_010_32,/Users/nilakshanraveendran/Documents/research/data/raw/DRAL16kHz/fragments-short/EN_010_32.wav,/Users/nilakshanraveendran/Documents/research/data/raw/DRAL16kHz/fragments-short/ES_010_32.wav,Feeling alone.,Si sintiéndose uno solo.,train
EN_010_33__ES_010_33,10,10,true,EN_010_33,ES_010_33,/Users/nilakshanraveendran/Documents/research/data/raw/DRAL16kHz/fragments-short/EN_010_33.wav,/Users/nilakshanraveendran/Documents/research/data/raw/DRAL16kHz/fragments-short/ES_010_33.wav,"uh, UTEP offers.",UTEP ofrece...,train
EN_010_34__ES_010_34,10,10,true,EN_010_34,ES_010_34,/Users/nilakshanraveendran/Documents/research/data/raw/DRAL16kHz/fragments-short/EN_010_34.wav,/Users/nilakshanraveendran/Documents/research/data/raw/DRAL16kHz/fragments-short/ES_010_34.wav,And uh  that's what I've been doing.,[unk] es lo que yo he estado haciendo,train
EN_010_35__ES_010_35,2,2,true,EN_010_35,ES_010_35,/Users/nilakshanraveendran/Documents/research/data/raw/DRAL16kHz/fragments-short/EN_010_35.wav,/Users/nilakshanraveendran/Documents/research/data/raw/DRAL16kHz/fragments-short/ES_010_35.wav,"Lately, I've been having pretty good days. And you?",Últimamente he est- he tenido buenos días,train
EN_010_36__ES_010_36,10,10,true,EN_010_36,ES_010_36,/Users/nilakshanraveendran/Documents/research/data/raw/DRAL16kHz/fragments-short/EN_010_36.wav,/Users/nilakshanraveendran/Documents/research/data/raw/DRAL16kHz/fragments-short/ES_010_36.wav,I got myself a machine for uh...,Me conseguí una máquina para...,train
EN_010_37__ES_010_37,2,2,true,EN_010_37,ES_010_37,/Users/nilakshanraveendran/Documents/research/data/raw/DRAL16kHz/fragments-short/EN_010_37.wav,/Users/nilakshanraveendran/Documents/research/data/raw/DRAL16kHz/fragments-short/ES_010_37.wav,Oh my gosh.,Andale.,train
EN_010_3__ES_010_3,10,10,true,EN_010_3,ES_010_3,/Users/nilakshanraveendran/Documents/research/data/raw/DRAL16kHz/fragments-short/EN_010_3.wav,/Users/nilakshanraveendran/Documents/research/data/raw/DRAL16kHz/fragments-short/ES_010_3.wav,"I wanted to ask you, where did you grow up?","Quería preguntarte, ¿dónde creciste tú?",train
EN_010_4__ES_010_4,2,2,true,EN_010_4,ES_010_4,/Users/nilakshanraveendran/Documents/research/data/raw/DRAL16kHz/fragments-short/EN_010_4.wav,/Users/nilakshanraveendran/Documents/research/data/raw/DRAL16kHz/fragments-short/ES_010_4.wav,"But it was only two years, to be honest.","Pero nomás fueron dos años, la verdad.",train
EN_010_5__ES_010_5,10,10,true,EN_010_5,ES_010_5,/Users/nilakshanraveendran/Documents/research/data/raw/DRAL16kHz/fragments-short/EN_010_5.wav,/Users/nilakshanraveendran/Documents/research/data/raw/DRAL16kHz/fragments-short/ES_010_5.wav,"I, um, I, I'm from here.",Yo eh soy- soy de aqu-.,train
EN_010_6__ES_010_6,10,10,true,EN_010_6,ES_010_6,/Users/nilakshanraveendran/Documents/research/data/raw/DRAL16kHz/fragments-short/EN_010_6.wav,/Users/nilakshanraveendran/Documents/research/data/raw/DRAL16kHz/fragments-short/ES_010_6.wav,"I was born here, I spent most of my life here.","Nací aquí, he pasado la mayor parte de mi vida aquí.",train
EN_010_7__ES_010_7,10,10,true,EN_010_7,ES_010_7,/Users/nilakshanraveendran/Documents/research/data/raw/DRAL16kHz/fragments-short/EN_010_7.wav,/Users/nilakshanraveendran/Documents/research/data/raw/DRAL16kHz/fragments-short/ES_010_7.wav,because my family is from Chihuahua.,porque mi familia es de Chihuahua.,train
EN_010_8__ES_010_8,10,10,true,EN_010_8,ES_010_8,/Users/nilakshanraveendran/Documents/research/data/raw/DRAL16kHz/fragments-short/EN_010_8.wav,/Users/nilakshanraveendran/Documents/research/data/raw/DRAL16kHz/fragments-short/ES_010_8.wav,"At the very least, the side from my mom.",a lo menos la parte de mi mamá.,train
EN_010_9__ES_010_9,10,10,true,EN_010_9,ES_010_9,/Users/nilakshanraveendran/Documents/research/data/raw/DRAL16kHz/fragments-short/EN_010_9.wav,/Users/nilakshanraveendran/Documents/research/data/raw/DRAL16kHz/fragments-short/ES_010_9.wav,It was something strange.,Era algo raro.,train
EN_011_10__ES_011_10,2,2,true,EN_011_10,ES_011_10,/Users/nilakshanraveendran/Documents/research/data/raw/DRAL16kHz/fragments-short/EN_011_10.wav,/Users/nilakshanraveendran/Documents/research/data/raw/DRAL16kHz/fragments-short/ES_011_10.wav,And did you mind moving around so much or it didn't really affect you?,¿Y te molestaba mudarte tanto o no te molestaba?,train
EN_011_11__ES_011_11,11,11,true,EN_011_11,ES_011_11,/Users/nilakshanraveendran/Documents/research/data/raw/DRAL16kHz/fragments-short/EN_011_11.wav,/Users/nilakshanraveendran/Documents/research/data/raw/DRAL16kHz/fragments-short/ES_011_11.wav,I mean...,Uhm bueno...,train
EN_011_12__ES_011_12,11,11,true,EN_011_12,ES_011_12,/Users/nilakshanraveendran/Documents/research/data/raw/DRAL16kHz/fragments-short/EN_011_12.wav,/Users/nilakshanraveendran/Documents/research/data/raw/DRAL16kHz/fragments-short/ES_011_12.wav,Mexico is like two separate worlds. and I was in from the North.,"México es como dos mundos separados, yo siendo del norte.",train
EN_011_13__ES_011_13,11,11,true,EN_011_13,ES_011_13,/Users/nilakshanraveendran/Documents/research/data/raw/DRAL16kHz/fragments-short/EN_011_13.wav,/Users/nilakshanraveendran/Documents/research/data/raw/DRAL16kHz/fragments-short/ES_011_13.wav,"I moved to the South so it's really really different, the climate, the food","me mudé al sur, ahí es muy muy diferente el clima, la comida",train
EN_011_14__ES_011_14,11,11,true,EN_011_14,ES_011_14,/Users/nilakshanraveendran/Documents/research/data/raw/DRAL16kHz/fragments-short/EN_011_14.wav,/Users/nilakshanraveendran/Documents/research/data/raw/DRAL16kHz/fragments-short/ES_011_14.wav,"I can understand, I mean, a lot of views and",Puedo entender muchas vistas y opiniones.,train
EN_011_15__ES_011_15,11,11,true,EN_011_15,ES_011_15,/Users/nilakshanraveendran/Documents/research/data/raw/DRAL16kHz/fragments-short/EN_011_15.wav,/Users/nilakshanraveendran/Documents/research/data/raw/DRAL16kHz/fragments-short/ES_011_15.wav,and aspects that I couldn't like see back then.,y aspectos que no podía ver,train
EN_011_16__ES_011_16,2,2,true,EN_011_16,ES_011_16,/Users/nilakshanraveendran/Documents/research/data/raw/DRAL16kHz/fragments-short/EN_011_16.wav,/Users/nilakshanraveendran/Documents/research/data/raw/DRAL16kHz/fragments-short/ES_011_16.wav,And what was your favorite city to stay at?,¿Y cuál fue tu favorita ciudad para quedarte?,train
EN_011_17__ES_011_17,11,11,true,EN_011_17,ES_011_17,/Users/nilakshanraveendran/Documents/research/data/raw/DRAL16kHz/fragments-short/EN_011_17.wav,/Users/nilakshanraveendran/Documents/research/data/raw/DRAL16kHz/fragments-short/ES_011_17.wav,"I mean, if I talk about food...","Bueno, si hablamos de comida...",train
EN_011_18__ES_011_18,11,11,true,EN_011_18,ES_011_18,/Users/nilakshanraveendran/Documents/research/data/raw/DRAL16kHz/fragments-short/EN_011_18.wav,/Users/nilakshanraveendran/Documents/research/data/raw/DRAL16kHz/fragments-short/ES_011_18.wav,"it will be like, Celaya",Yo diría que Celaya.,train
EN_011_19__ES_011_19,11,11,true,EN_011_19,ES_011_19,/Users/nilakshanraveendran/Documents/research/data/raw/DRAL16kHz/fragments-short/EN_011_19.wav,/Users/nilakshanraveendran/Documents/research/data/raw/DRAL16kHz/fragments-short/ES_011_19.wav,if I talk about people,Si hablamos de personas.,train
EN_011_1__ES_011_1,2,2,true,EN_011_1,ES_011_1,/Users/nilakshanraveendran/Documents/research/data/raw/DRAL16kHz/fragments-short/EN_011_1.wav,/Users/nilakshanraveendran/Documents/research/data/raw/DRAL16kHz/fragments-short/ES_011_1.wav,You said you're from Chihuahua?,¿Dijiste que eras de Chihuahua?,train
EN_011_20__ES_011_20,11,11,true,EN_011_20,ES_011_20,/Users/nilakshanraveendran/Documents/research/data/raw/DRAL16kHz/fragments-short/EN_011_20.wav,/Users/nilakshanraveendran/Documents/research/data/raw/DRAL16kHz/fragments-short/ES_011_20.wav,"I would, I would think about Monterrey.",Pues yo diría que Monterrey.,train
EN_011_21__ES_011_21,11,11,true,EN_011_21,ES_011_21,/Users/nilakshanraveendran/Documents/research/data/raw/DRAL16kHz/fragments-short/EN_011_21.wav,/Users/nilakshanraveendran/Documents/research/data/raw/DRAL16kHz/fragments-short/ES_011_21.wav,"I mean, it's because I lived there until I was like 10, 9.","Es que viví ahí hasta que tenía como 9, 10 años",train
EN_011_22__ES_011_22,11,11,true,EN_011_22,ES_011_22,/Users/nilakshanraveendran/Documents/research/data/raw/DRAL16kHz/fragments-short/EN_011_22.wav,/Users/nilakshanraveendran/Documents/research/data/raw/DRAL16kHz/fragments-short/ES_011_22.wav,So I don't really remember.,entonces realmente no recuerdo,train
EN_011_23__ES_011_23,11,11,true,EN_011_23,ES_011_23,/Users/nilakshanraveendran/Documents/research/data/raw/DRAL16kHz/fragments-short/EN_011_23.wav,/Users/nilakshanraveendran/Documents/research/data/raw/DRAL16kHz/fragments-short/ES_011_23.wav,"I studied, uh,  mechatronics engineer",Estudié Ingeniería en Mecatrónica.,train
EN_011_24__ES_011_24,2,2,true,EN_011_24,ES_011_24,/Users/nilakshanraveendran/Documents/research/data/raw/DRAL16kHz/fragments-short/EN_011_24.wav,/Users/nilakshanraveendran/Documents/research/data/raw/DRAL16kHz/fragments-short/ES_011_24.wav,Mechatronics.,Mecatrónica,train
EN_011_25__ES_011_25,11,11,true,EN_011_25,ES_011_25,/Users/nilakshanraveendran/Documents/research/data/raw/DRAL16kHz/fragments-short/EN_011_25.wav,/Users/nilakshanraveendran/Documents/research/data/raw/DRAL16kHz/fragments-short/ES_011_25.wav,"It's like the combination between mechanics, electronics and programming.","Es como la combinación entre mecánica, electrónica y programación.",train
EN_011_26__ES_011_26,11,11,true,EN_011_26,ES_011_26,/Users/nilakshanraveendran/Documents/research/data/raw/DRAL16kHz/fragments-short/EN_011_26.wav,/Users/nilakshanraveendran/Documents/research/data/raw/DRAL16kHz/fragments-short/ES_011_26.wav,"after that, um, the COVID hit",después de eso llegó el COVID,train
EN_011_27__ES_011_27,11,11,true,EN_011_27,ES_011_27,/Users/nilakshanraveendran/Documents/research/data/raw/DRAL16kHz/fragments-short/EN_011_27.wav,/Users/nilakshanraveendran/Documents/research/data/raw/DRAL16kHz/fragments-short/ES_011_27.wav,So I started online classes.,y pues empecé a tomar clases en línea.,train
EN_011_28__ES_011_28,11,11,true,EN_011_28,ES_011_28,/Users/nilakshanraveendran/Documents/research/data/raw/DRAL16kHz/fragments-short/EN_011_28.wav,/Users/nilakshanraveendran/Documents/research/data/raw/DRAL16kHz/fragments-short/ES_011_28.wav,"that i don't like this, i think i wanna move out","Papá, la verdad es que no me gusta esto, quiero cambiarme.",train
EN_011_29__ES_011_29,11,11,true,EN_011_29,ES_011_29,/Users/nilakshanraveendran/Documents/research/data/raw/DRAL16kHz/fragments-short/EN_011_29.wav,/Users/nilakshanraveendran/Documents/research/data/raw/DRAL16kHz/fragments-short/ES_011_29.wav,"Also, I wanna like, leave alone",Creo que también quiero vivir solo,train
EN_011_2__ES_011_2,11,11,true,EN_011_2,ES_011_2,/Users/nilakshanraveendran/Documents/research/data/raw/DRAL16kHz/fragments-short/EN_011_2.wav,/Users/nilakshanraveendran/Documents/research/data/raw/DRAL16kHz/fragments-short/ES_011_2.wav,"Yeah, I, I'm actually from Chihuahua.","Ah, sí, sí, de hecho soy de Chihuahua.",train
EN_011_30__ES_011_30,11,11,true,EN_011_30,ES_011_30,/Users/nilakshanraveendran/Documents/research/data/raw/DRAL16kHz/fragments-short/EN_011_30.wav,/Users/nilakshanraveendran/Documents/research/data/raw/DRAL16kHz/fragments-short/ES_011_30.wav,and the only thing was that,La única cosa es que...,train
EN_011_31__ES_011_31,11,11,true,EN_011_31,ES_011_31,/Users/nilakshanraveendran/Documents/research/data/raw/DRAL16kHz/fragments-short/EN_011_31.wav,/Users/nilakshanraveendran/Documents/research/data/raw/DRAL16kHz/fragments-short/ES_011_31.wav,here is not the career of mechatronics,Aquí no hay la carrera de mecatrónica,train
EN_011_32__ES_011_32,11,11,true,EN_011_32,ES_011_32,/Users/nilakshanraveendran/Documents/research/data/raw/DRAL16kHz/fragments-short/EN_011_32.wav,/Users/nilakshanraveendran/Documents/research/data/raw/DRAL16kHz/fragments-short/ES_011_32.wav,"We're doing like something about capacitors or something like that. I mean, I didn't understand what we're doing.",Estamos haciendo algo de capacitores y la verdad es que no entendía lo que estaba haciendo.,train
EN_011_33__ES_011_33,11,11,true,EN_011_33,ES_011_33,/Users/nilakshanraveendran/Documents/research/data/raw/DRAL16kHz/fragments-short/EN_011_33.wav,/Users/nilakshanraveendran/Documents/research/data/raw/DRAL16kHz/fragments-short/ES_011_33.wav,So you are in second semester also.,¿Estás en segundo semestre?,train
EN_011_34__ES_011_34,2,2,true,EN_011_34,ES_011_34,/Users/nilakshanraveendran/Documents/research/data/raw/DRAL16kHz/fragments-short/EN_011_34.wav,/Users/nilakshanraveendran/Documents/research/data/raw/DRAL16kHz/fragments-short/ES_011_34.wav,second semester.  This your second semester?,Segundo semestre. ¿Este es tu segundo semestre?,train
EN_011_35__ES_011_35,2,2,true,EN_011_35,ES_011_35,/Users/nilakshanraveendran/Documents/research/data/raw/DRAL16kHz/fragments-short/EN_011_35.wav,/Users/nilakshanraveendran/Documents/research/data/raw/DRAL16kHz/fragments-short/ES_011_35.wav,How old are you?,¿Cuántos años tienes?,train
EN_011_36__ES_011_36,11,11,true,EN_011_36,ES_011_36,/Users/nilakshanraveendran/Documents/research/data/raw/DRAL16kHz/fragments-short/EN_011_36.wav,/Users/nilakshanraveendran/Documents/research/data/raw/DRAL16kHz/fragments-short/ES_011_36.wav,"I am 20, I'm gonna be 21 in a month.","tengo 20, voy a tener 21 en un mes",train
EN_011_37__ES_011_37,2,2,true,EN_011_37,ES_011_37,/Users/nilakshanraveendran/Documents/research/data/raw/DRAL16kHz/fragments-short/EN_011_37.wav,/Users/nilakshanraveendran/Documents/research/data/raw/DRAL16kHz/fragments-short/ES_011_37.wav,"Ah, happy early birthday.","Ah, pues feliz cumpleaños. Adelantado.",train
EN_011_38__ES_011_38,2,2,true,EN_011_38,ES_011_38,/Users/nilakshanraveendran/Documents/research/data/raw/DRAL16kHz/fragments-short/EN_011_38.wav,/Users/nilakshanraveendran/Documents/research/data/raw/DRAL16kHz/fragments-short/ES_011_38.wav,I'm 19. I'm turning 20 in January.,"tengo 19, voy a cumplir 20 en enero",train
EN_011_39__ES_011_39,11,11,true,EN_011_39,ES_011_39,/Users/nilakshanraveendran/Documents/research/data/raw/DRAL16kHz/fragments-short/EN_011_39.wav,/Users/nilakshanraveendran/Documents/research/data/raw/DRAL16kHz/fragments-short/ES_011_39.wav,happy birthday,Feliz cumpleaños.,train
EN_011_3__ES_011_3,11,11,true,EN_011_3,ES_011_3,/Users/nilakshanraveendran/Documents/research/data/raw/DRAL16kHz/fragments-short/EN_011_3.wav,/Users/nilakshanraveendran/Documents/research/data/raw/DRAL16kHz/fragments-short/ES_011_3.wav,"but I mean, I'm living in all around Mexico.","Pero bueno, he vivido pues en todo México.",train
EN_011_40__ES_011_40,2,2,true,EN_011_40,ES_011_40,/Users/nilakshanraveendran/Documents/research/data/raw/DRAL16kHz/fragments-short/EN_011_40.wav,/Users/nilakshanraveendran/Documents/research/data/raw/DRAL16kHz/fragments-short/ES_011_40.wav,Happy early birthday. Thank you. Thank you.,"¿Feliz cumpleaños retrasado? Ay, gracias, gracias.",train
EN_011_41__ES_011_41,11,11,true,EN_011_41,ES_011_41,/Users/nilakshanraveendran/Documents/research/data/raw/DRAL16kHz/fragments-short/EN_011_41.wav,/Users/nilakshanraveendran/Documents/research/data/raw/DRAL16kHz/fragments-short/ES_011_41.wav,"And, and I really like [laugh] Mejia because he is the one that is always like telling me, Hey, you should apply to, you should apply to this","No, la verdad es que me agrada Mejía porque siempre está diciéndome de que ay aplica a esto, aplica a aquello.",train
EN_011_42__ES_011_42,11,11,true,EN_011_42,ES_011_42,/Users/nilakshanraveendran/Documents/research/data/raw/DRAL16kHz/fragments-short/EN_011_42.wav,/Users/nilakshanraveendran/Documents/research/data/raw/DRAL16kHz/fragments-short/ES_011_42.wav,And you?,¿Y tú?,train
EN_011_4__ES_011_4,11,11,true,EN_011_4,ES_011_4,/Users/nilakshanraveendran/Documents/research/data/raw/DRAL16kHz/fragments-short/EN_011_4.wav,/Users/nilakshanraveendran/Documents/research/data/raw/DRAL16kHz/fragments-short/ES_011_4.wav,and then after that i moved to Monterrey,Después de eso me mudé a Monterrey.,train
EN_011_5__ES_011_5,11,11,true,EN_011_5,ES_011_5,/Users/nilakshanraveendran/Documents/research/data/raw/DRAL16kHz/fragments-short/EN_011_5.wav,/Users/nilakshanraveendran/Documents/research/data/raw/DRAL16kHz/fragments-short/ES_011_5.wav,I started college there.,Empecé allá la universidad.,train
EN_011_6__ES_011_6,11,11,true,EN_011_6,ES_011_6,/Users/nilakshanraveendran/Documents/research/data/raw/DRAL16kHz/fragments-short/EN_011_6.wav,/Users/nilakshanraveendran/Documents/research/data/raw/DRAL16kHz/fragments-short/ES_011_6.wav,"and then I transfer to here, to El Paso.",y después me transferí aquí a El Paso,train
EN_011_7__ES_011_7,2,2,true,EN_011_7,ES_011_7,/Users/nilakshanraveendran/Documents/research/data/raw/DRAL16kHz/fragments-short/EN_011_7.wav,/Users/nilakshanraveendran/Documents/research/data/raw/DRAL16kHz/fragments-short/ES_011_7.wav,And why did he move around so much?,¿Y por qué te mudaste tanto?,train
EN_011_8__ES_011_8,11,11,true,EN_011_8,ES_011_8,/Users/nilakshanraveendran/Documents/research/data/raw/DRAL16kHz/fragments-short/EN_011_8.wav,/Users/nilakshanraveendran/Documents/research/data/raw/DRAL16kHz/fragments-short/ES_011_8.wav,for agricultural resources.,Ah por recursos de agricultura.,train
EN_011_9__ES_011_9,11,11,true,EN_011_9,ES_011_9,/Users/nilakshanraveendran/Documents/research/data/raw/DRAL16kHz/fragments-short/EN_011_9.wav,/Users/nilakshanraveendran/Documents/research/data/raw/DRAL16kHz/fragments-short/ES_011_9.wav,in the north part of the city.,en la parte norte de la ciudad.,train
EN_012_10__ES_012_10,12,12,true,EN_012_10,ES_012_10,/Users/nilakshanraveendran/Documents/research/data/raw/DRAL16kHz/fragments-short/EN_012_10.wav,/Users/nilakshanraveendran/Documents/research/data/raw/DRAL16kHz/fragments-short/ES_012_10.wav,but eggs with bacon taste better.,pero sabe mejor el huevo con tocino.,dev
EN_012_11__ES_012_11,12,12,true,EN_012_11,ES_012_11,/Users/nilakshanraveendran/Documents/research/data/raw/DRAL16kHz/fragments-short/EN_012_11.wav,/Users/nilakshanraveendran/Documents/research/data/raw/DRAL16kHz/fragments-short/ES_012_11.wav,You have to cook the bacon first.,Tienes que cocer el tocinito primero.,dev
EN_012_12__ES_012_12,12,12,true,EN_012_12,ES_012_12,/Users/nilakshanraveendran/Documents/research/data/raw/DRAL16kHz/fragments-short/EN_012_12.wav,/Users/nilakshanraveendran/Documents/research/data/raw/DRAL16kHz/fragments-short/ES_012_12.wav,You have to cut it.,Lo tienes que corta-.,dev
EN_012_13__ES_012_13,12,12,true,EN_012_13,ES_012_13,/Users/nilakshanraveendran/Documents/research/data/raw/DRAL16kHz/fragments-short/EN_012_13.wav,/Users/nilakshanraveendran/Documents/research/data/raw/DRAL16kHz/fragments-short/ES_012_13.wav,And then you put it again with the scrambled eggs.,Y luego los pones otra vez con el huevo revuel-.,dev
EN_012_14__ES_012_14,12,12,true,EN_012_14,ES_012_14,/Users/nilakshanraveendran/Documents/research/data/raw/DRAL16kHz/fragments-short/EN_012_14.wav,/Users/nilakshanraveendran/Documents/research/data/raw/DRAL16kHz/fragments-short/ES_012_14.wav,Oh nevermind just leave the bacon like that it's already too salty,"No te creas, ya está el tocino muy salado. Ya lo dejas así.",dev
EN_012_15__ES_012_15,15,15,true,EN_012_15,ES_012_15,/Users/nilakshanraveendran/Documents/research/data/raw/DRAL16kHz/fragments-short/EN_012_15.wav,/Users/nilakshanraveendran/Documents/research/data/raw/DRAL16kHz/fragments-short/ES_012_15.wav,"Oh, well yeah.",Pues sí.,test
EN_012_16__ES_012_16,15,15,true,EN_012_16,ES_012_16,/Users/nilakshanraveendran/Documents/research/data/raw/DRAL16kHz/fragments-short/EN_012_16.wav,/Users/nilakshanraveendran/Documents/research/data/raw/DRAL16kHz/fragments-short/ES_012_16.wav,"Well, it depends if I'm in the mood for a tortilla or not.",Pues depende si... si se me antoja l- la tortilla o no.,test
EN_012_17__ES_012_17,12,12,true,EN_012_17,ES_012_17,/Users/nilakshanraveendran/Documents/research/data/raw/DRAL16kHz/fragments-short/EN_012_17.wav,/Users/nilakshanraveendran/Documents/research/data/raw/DRAL16kHz/fragments-short/ES_012_17.wav,"Yes, that's why.","Sí, por eso.",dev
EN_012_18__ES_012_18,12,12,true,EN_012_18,ES_012_18,/Users/nilakshanraveendran/Documents/research/data/raw/DRAL16kHz/fragments-short/EN_012_18.wav,/Users/nilakshanraveendran/Documents/research/data/raw/DRAL16kHz/fragments-short/ES_012_18.wav,Eggs with bacon don't go in a sandwich.,El huevo con tocino no va en sándwich.,dev
EN_012_19__ES_012_19,12,12,true,EN_012_19,ES_012_19,/Users/nilakshanraveendran/Documents/research/data/raw/DRAL16kHz/fragments-short/EN_012_19.wav,/Users/nilakshanraveendran/Documents/research/data/raw/DRAL16kHz/fragments-short/ES_012_19.wav,because I don't know.,"Porque, no sé...",dev
EN_012_1__ES_012_1,12,12,true,EN_012_1,ES_012_1,/Users/nilakshanraveendran/Documents/research/data/raw/DRAL16kHz/fragments-short/EN_012_1.wav,/Users/nilakshanraveendran/Documents/research/data/raw/DRAL16kHz/fragments-short/ES_012_1.wav,What don't you like?,¿Qué no te gusta?,dev
EN_012_20__ES_012_20,12,12,true,EN_012_20,ES_012_20,/Users/nilakshanraveendran/Documents/research/data/raw/DRAL16kHz/fragments-short/EN_012_20.wav,/Users/nilakshanraveendran/Documents/research/data/raw/DRAL16kHz/fragments-short/ES_012_20.wav,I like the flavor. Tea doesn't really have that much flavor.,"Me gusta el sabor, el té no tiene sabor.",dev
EN_012_21__ES_012_21,15,15,true,EN_012_21,ES_012_21,/Users/nilakshanraveendran/Documents/research/data/raw/DRAL16kHz/fragments-short/EN_012_21.wav,/Users/nilakshanraveendran/Documents/research/data/raw/DRAL16kHz/fragments-short/ES_012_21.wav,Sock coffee?,Café de calcetín.,test
EN_012_22__ES_012_22,12,12,true,EN_012_22,ES_012_22,/Users/nilakshanraveendran/Documents/research/data/raw/DRAL16kHz/fragments-short/EN_012_22.wav,/Users/nilakshanraveendran/Documents/research/data/raw/DRAL16kHz/fragments-short/ES_012_22.wav,"from a store. Ew, shut up.",De una tienda. Yuck. Cállate.,dev
EN_012_23__ES_012_23,12,12,true,EN_012_23,ES_012_23,/Users/nilakshanraveendran/Documents/research/data/raw/DRAL16kHz/fragments-short/EN_012_23.wav,/Users/nilakshanraveendran/Documents/research/data/raw/DRAL16kHz/fragments-short/ES_012_23.wav,"But yeah, I like the flavor.","Pero sí, sabe mej-.",dev
EN_012_24__ES_012_24,12,12,true,EN_012_24,ES_012_24,/Users/nilakshanraveendran/Documents/research/data/raw/DRAL16kHz/fragments-short/EN_012_24.wav,/Users/nilakshanraveendran/Documents/research/data/raw/DRAL16kHz/fragments-short/ES_012_24.wav,I like the stronger taste of the coffee.,A mí me gusta más el sabor fuerte del café.,dev
EN_012_25__ES_012_25,12,12,true,EN_012_25,ES_012_25,/Users/nilakshanraveendran/Documents/research/data/raw/DRAL16kHz/fragments-short/EN_012_25.wav,/Users/nilakshanraveendran/Documents/research/data/raw/DRAL16kHz/fragments-short/ES_012_25.wav,"Nope, but coffee's really, really good.","No, pero el café está muy muy rico.",dev
EN_012_2__ES_012_2,15,15,true,EN_012_2,ES_012_2,/Users/nilakshanraveendran/Documents/research/data/raw/DRAL16kHz/fragments-short/EN_012_2.wav,/Users/nilakshanraveendran/Documents/research/data/raw/DRAL16kHz/fragments-short/ES_012_2.wav,"Uh, I don't like eggs with bacon.",A mí no me gusta el huevo con tocino.,test
EN_012_3__ES_012_3,12,12,true,EN_012_3,ES_012_3,/Users/nilakshanraveendran/Documents/research/data/raw/DRAL16kHz/fragments-short/EN_012_3.wav,/Users/nilakshanraveendran/Documents/research/data/raw/DRAL16kHz/fragments-short/ES_012_3.wav,Why don't you like eggs with bacon?,¿Y por qué no te gusta el huevo con tocino?,dev
EN_012_5__ES_012_5,15,15,true,EN_012_5,ES_012_5,/Users/nilakshanraveendran/Documents/research/data/raw/DRAL16kHz/fragments-short/EN_012_5.wav,/Users/nilakshanraveendran/Documents/research/data/raw/DRAL16kHz/fragments-short/ES_012_5.wav,I don't like it.,No me gus-,test
EN_012_6__ES_012_6,15,15,true,EN_012_6,ES_012_6,/Users/nilakshanraveendran/Documents/research/data/raw/DRAL16kHz/fragments-short/EN_012_6.wav,/Users/nilakshanraveendran/Documents/research/data/raw/DRAL16kHz/fragments-short/ES_012_6.wav,It just doesn't taste right.,Es que no sabe igual.,test
EN_012_7__ES_012_7,15,15,true,EN_012_7,ES_012_7,/Users/nilakshanraveendran/Documents/research/data/raw/DRAL16kHz/fragments-short/EN_012_7.wav,/Users/nilakshanraveendran/Documents/research/data/raw/DRAL16kHz/fragments-short/ES_012_7.wav,So like the texture of the bacon is a little too soggy.,"O sea, la textura de... del tocino sabe muy aguado.",test
EN_012_8__ES_012_8,12,12,true,EN_012_8,ES_012_8,/Users/nilakshanraveendran/Documents/research/data/raw/DRAL16kHz/fragments-short/EN_012_8.wav,/Users/nilakshanraveendran/Documents/research/data/raw/DRAL16kHz/fragments-short/ES_012_8.wav,So you don't like eggs or you don't like bacon?,"O sea, ¿no te gusta el huevo o no te gusta el tocino?",dev
EN_012_9__ES_012_9,15,15,true,EN_012_9,ES_012_9,/Users/nilakshanraveendran/Documents/research/data/raw/DRAL16kHz/fragments-short/EN_012_9.wav,/Users/nilakshanraveendran/Documents/research/data/raw/DRAL16kHz/fragments-short/ES_012_9.wav,I like eggs and bacon just separate.,"Me gusta el tocino y el huevo, pero aparte.",test
EN_013_10__ES_013_10,13,13,true,EN_013_10,ES_013_10,/Users/nilakshanraveendran/Documents/research/data/raw/DRAL16kHz/fragments-short/EN_013_10.wav,/Users/nilakshanraveendran/Documents/research/data/raw/DRAL16kHz/fragments-short/ES_013_10.wav,in the summer.,En el verano.,dev
EN_013_11__ES_013_11,13,13,true,EN_013_11,ES_013_11,/Users/nilakshanraveendran/Documents/research/data/raw/DRAL16kHz/fragments-short/EN_013_11.wav,/Users/nilakshanraveendran/Documents/research/data/raw/DRAL16kHz/fragments-short/ES_013_11.wav,I don't know. I don't even know if I have the job yet.,"No, n- no sé todavi- si tengo trabajo todavía.",dev
EN_013_12__ES_013_12,13,13,true,EN_013_12,ES_013_12,/Users/nilakshanraveendran/Documents/research/data/raw/DRAL16kHz/fragments-short/EN_013_12.wav,/Users/nilakshanraveendran/Documents/research/data/raw/DRAL16kHz/fragments-short/ES_013_12.wav,"but, hopefully [laughs].f",Pe- Pero ojalá.,dev
EN_013_13__ES_013_13,13,13,true,EN_013_13,ES_013_13,/Users/nilakshanraveendran/Documents/research/data/raw/DRAL16kHz/fragments-short/EN_013_13.wav,/Users/nilakshanraveendran/Documents/research/data/raw/DRAL16kHz/fragments-short/ES_013_13.wav,"Yeah, you know.","Sí, pues, ya ves.",dev
EN_013_14__ES_013_14,13,13,true,EN_013_14,ES_013_14,/Users/nilakshanraveendran/Documents/research/data/raw/DRAL16kHz/fragments-short/EN_013_14.wav,/Users/nilakshanraveendran/Documents/research/data/raw/DRAL16kHz/fragments-short/ES_013_14.wav,"I got really lucky. All the summer classes I've taken, I've taken the whole summer, so.","No, sí, tuve mucha suerte. Todas las clases que me han tocado en el verano han sido todo el verano.",dev
EN_013_15__ES_013_15,13,13,true,EN_013_15,ES_013_15,/Users/nilakshanraveendran/Documents/research/data/raw/DRAL16kHz/fragments-short/EN_013_15.wav,/Users/nilakshanraveendran/Documents/research/data/raw/DRAL16kHz/fragments-short/ES_013_15.wav,"That's fortunate for me, you know?","tuve suerte, sabes",dev
EN_013_16__ES_013_16,13,13,true,EN_013_16,ES_013_16,/Users/nilakshanraveendran/Documents/research/data/raw/DRAL16kHz/fragments-short/EN_013_16.wav,/Users/nilakshanraveendran/Documents/research/data/raw/DRAL16kHz/fragments-short/ES_013_16.wav,"Machine Learning, no sorry, uh, Deep Learning.","Aprendizaje automatizado. Ah, no. Aprendizaje profundo.",dev
EN_013_17__ES_013_17,17,17,true,EN_013_17,ES_013_17,/Users/nilakshanraveendran/Documents/research/data/raw/DRAL16kHz/fragments-short/EN_013_17.wav,/Users/nilakshanraveendran/Documents/research/data/raw/DRAL16kHz/fragments-short/ES_013_17.wav,I don't know if I want to take Machine Learning.,No sé si quiero hacer aprendizaje automatizado.,train
EN_013_18__ES_013_18,17,17,true,EN_013_18,ES_013_18,/Users/nilakshanraveendran/Documents/research/data/raw/DRAL16kHz/fragments-short/EN_013_18.wav,/Users/nilakshanraveendran/Documents/research/data/raw/DRAL16kHz/fragments-short/ES_013_18.wav,just like that's the concentration that i'm gonna do,Porque uhm esa es la concentración que quiero hacer.,train
EN_013_1__ES_013_1,13,13,true,EN_013_1,ES_013_1,/Users/nilakshanraveendran/Documents/research/data/raw/DRAL16kHz/fragments-short/EN_013_1.wav,/Users/nilakshanraveendran/Documents/research/data/raw/DRAL16kHz/fragments-short/ES_013_1.wav,What are your plans for after the semester's over?,¿Cuáles son tus planes para cuando se acabe el semestre?,dev
EN_013_20__ES_013_20,17,17,true,EN_013_20,ES_013_20,/Users/nilakshanraveendran/Documents/research/data/raw/DRAL16kHz/fragments-short/EN_013_20.wav,/Users/nilakshanraveendran/Documents/research/data/raw/DRAL16kHz/fragments-short/ES_013_20.wav,I'm not going to take that class.,"Ah, no, no, yo no voy a tomar esa clase.",train
EN_013_21__ES_013_21,17,17,true,EN_013_21,ES_013_21,/Users/nilakshanraveendran/Documents/research/data/raw/DRAL16kHz/fragments-short/EN_013_21.wav,/Users/nilakshanraveendran/Documents/research/data/raw/DRAL16kHz/fragments-short/ES_013_21.wav,I don't want to take it alone [sniff].,"Ay, no la quiero tomar sola.",train
EN_013_22__ES_013_22,13,13,true,EN_013_22,ES_013_22,/Users/nilakshanraveendran/Documents/research/data/raw/DRAL16kHz/fragments-short/EN_013_22.wav,/Users/nilakshanraveendran/Documents/research/data/raw/DRAL16kHz/fragments-short/ES_013_22.wav,I've heard cybersecurity classes are really hard.,Yo digo que las clases de seguridad cibernética están muy difíciles.,dev
EN_013_23__ES_013_23,13,13,true,EN_013_23,ES_013_23,/Users/nilakshanraveendran/Documents/research/data/raw/DRAL16kHz/fragments-short/EN_013_23.wav,/Users/nilakshanraveendran/Documents/research/data/raw/DRAL16kHz/fragments-short/ES_013_23.wav,How do you feel in math?,¿Cómo decías con matemáticas?,dev
EN_013_24__ES_013_24,17,17,true,EN_013_24,ES_013_24,/Users/nilakshanraveendran/Documents/research/data/raw/DRAL16kHz/fragments-short/EN_013_24.wav,/Users/nilakshanraveendran/Documents/research/data/raw/DRAL16kHz/fragments-short/ES_013_24.wav,I really like that.,Realmente me gustan las matemáticas.,train
EN_013_25__ES_013_25,13,13,true,EN_013_25,ES_013_25,/Users/nilakshanraveendran/Documents/research/data/raw/DRAL16kHz/fragments-short/EN_013_25.wav,/Users/nilakshanraveendran/Documents/research/data/raw/DRAL16kHz/fragments-short/ES_013_25.wav,"and you took calculus, likel fairly recently and stuff.",Y tomaste cálculo hace poco.,dev
EN_013_26__ES_013_26,17,17,true,EN_013_26,ES_013_26,/Users/nilakshanraveendran/Documents/research/data/raw/DRAL16kHz/fragments-short/EN_013_26.wav,/Users/nilakshanraveendran/Documents/research/data/raw/DRAL16kHz/fragments-short/ES_013_26.wav,Yeah.,Sí.,train
EN_013_27__ES_013_27,13,13,true,EN_013_27,ES_013_27,/Users/nilakshanraveendran/Documents/research/data/raw/DRAL16kHz/fragments-short/EN_013_27.wav,/Users/nilakshanraveendran/Documents/research/data/raw/DRAL16kHz/fragments-short/ES_013_27.wav,"so I'm doing a Masters, in CS, so",Estoy haciendo maestría en ciencias computacionales.,dev
EN_013_28__ES_013_28,17,17,true,EN_013_28,ES_013_28,/Users/nilakshanraveendran/Documents/research/data/raw/DRAL16kHz/fragments-short/EN_013_28.wav,/Users/nilakshanraveendran/Documents/research/data/raw/DRAL16kHz/fragments-short/ES_013_28.wav,oh okay,"Ah, ok.",train
EN_013_29__ES_013_29,13,13,true,EN_013_29,ES_013_29,/Users/nilakshanraveendran/Documents/research/data/raw/DRAL16kHz/fragments-short/EN_013_29.wav,/Users/nilakshanraveendran/Documents/research/data/raw/DRAL16kHz/fragments-short/ES_013_29.wav,But I feel like I still haven't had enough time to even explore like the subfields of computer science to know what I want to do.,Siento que no he tenido suficiente tiempo para explorar las subdisciplinas de ciencias computacionales para saber lo que yo quiero hacer.,dev
EN_013_2__ES_013_2,17,17,true,EN_013_2,ES_013_2,/Users/nilakshanraveendran/Documents/research/data/raw/DRAL16kHz/fragments-short/EN_013_2.wav,/Users/nilakshanraveendran/Documents/research/data/raw/DRAL16kHz/fragments-short/ES_013_2.wav,"Well, I'm planning to go to New York.",Estoy planeando ir a Nueva York.,train
EN_013_30__ES_013_30,17,17,true,EN_013_30,ES_013_30,/Users/nilakshanraveendran/Documents/research/data/raw/DRAL16kHz/fragments-short/EN_013_30.wav,/Users/nilakshanraveendran/Documents/research/data/raw/DRAL16kHz/fragments-short/ES_013_30.wav,"Damn, how old are you?","No mames, ¿cuántos años tienes?",train
EN_013_31__ES_013_31,13,13,true,EN_013_31,ES_013_31,/Users/nilakshanraveendran/Documents/research/data/raw/DRAL16kHz/fragments-short/EN_013_31.wav,/Users/nilakshanraveendran/Documents/research/data/raw/DRAL16kHz/fragments-short/ES_013_31.wav,"[laughs] I'm, I'm 23.",Ah tengo- tengo 23.,dev
EN_013_32__ES_013_32,17,17,true,EN_013_32,ES_013_32,/Users/nilakshanraveendran/Documents/research/data/raw/DRAL16kHz/fragments-short/EN_013_32.wav,/Users/nilakshanraveendran/Documents/research/data/raw/DRAL16kHz/fragments-short/ES_013_32.wav,"Oh, you don't look that old.","Oh, no te ves tan viejo.",train
EN_013_33__ES_013_33,13,13,true,EN_013_33,ES_013_33,/Users/nilakshanraveendran/Documents/research/data/raw/DRAL16kHz/fragments-short/EN_013_33.wav,/Users/nilakshanraveendran/Documents/research/data/raw/DRAL16kHz/fragments-short/ES_013_33.wav,Thank you. I think that's a good thing. Still.,"Ah, gra- gracias. Creo que eso es bueno.",dev
EN_013_34__ES_013_34,13,13,true,EN_013_34,ES_013_34,/Users/nilakshanraveendran/Documents/research/data/raw/DRAL16kHz/fragments-short/EN_013_34.wav,/Users/nilakshanraveendran/Documents/research/data/raw/DRAL16kHz/fragments-short/ES_013_34.wav,"If you have an undergrad in anything, you can just skip to a master's in anything else.","Si tienes carrera en cualquier cosa, puedes brincar a la maestría en lo que sea.",dev
EN_013_35__ES_013_35,17,17,true,EN_013_35,ES_013_35,/Users/nilakshanraveendran/Documents/research/data/raw/DRAL16kHz/fragments-short/EN_013_35.wav,/Users/nilakshanraveendran/Documents/research/data/raw/DRAL16kHz/fragments-short/ES_013_35.wav,"Because I want to do that as well. Like, I don't want to do a master's in CS.","porque quiero hacer eso yo también, no quiero hacer una maestría en CS.",train
EN_013_36__ES_013_36,13,13,true,EN_013_36,ES_013_36,/Users/nilakshanraveendran/Documents/research/data/raw/DRAL16kHz/fragments-short/EN_013_36.wav,/Users/nilakshanraveendran/Documents/research/data/raw/DRAL16kHz/fragments-short/ES_013_36.wav,"If you do good, you'll get in.","Si te va bien, si- si te aceptan.",dev
EN_013_37__ES_013_37,17,17,true,EN_013_37,ES_013_37,/Users/nilakshanraveendran/Documents/research/data/raw/DRAL16kHz/fragments-short/EN_013_37.wav,/Users/nilakshanraveendran/Documents/research/data/raw/DRAL16kHz/fragments-short/ES_013_37.wav,Okay.,Ok.,train
EN_013_38__ES_013_38,17,17,true,EN_013_38,ES_013_38,/Users/nilakshanraveendran/Documents/research/data/raw/DRAL16kHz/fragments-short/EN_013_38.wav,/Users/nilakshanraveendran/Documents/research/data/raw/DRAL16kHz/fragments-short/ES_013_38.wav,"Um, I was trying to change majors.",estaba intentando cambiarme de carreras,train
EN_013_39__ES_013_39,17,17,true,EN_013_39,ES_013_39,/Users/nilakshanraveendran/Documents/research/data/raw/DRAL16kHz/fragments-short/EN_013_39.wav,/Users/nilakshanraveendran/Documents/research/data/raw/DRAL16kHz/fragments-short/ES_013_39.wav,"because I'm like, oh, I don't want to do this for life.","Era como que, oh no quiero hacer esto toda la vida",train
EN_013_3__ES_013_3,17,17,true,EN_013_3,ES_013_3,/Users/nilakshanraveendran/Documents/research/data/raw/DRAL16kHz/fragments-short/EN_013_3.wav,/Users/nilakshanraveendran/Documents/research/data/raw/DRAL16kHz/fragments-short/ES_013_3.wav,"I'm taking an internship on,  with Amazon.",voy a hacer un servicio social en Amazon.,train
EN_013_40__ES_013_40,17,17,true,EN_013_40,ES_013_40,/Users/nilakshanraveendran/Documents/research/data/raw/DRAL16kHz/fragments-short/EN_013_40.wav,/Users/nilakshanraveendran/Documents/research/data/raw/DRAL16kHz/fragments-short/ES_013_40.wav,"I don't feel like I love it, you know?","No me siento como que la amo, ¿sabes?",train
EN_013_4__ES_013_4,13,13,true,EN_013_4,ES_013_4,/Users/nilakshanraveendran/Documents/research/data/raw/DRAL16kHz/fragments-short/EN_013_4.wav,/Users/nilakshanraveendran/Documents/research/data/raw/DRAL16kHz/fragments-short/ES_013_4.wav,That's cool.,"Ah, est- está padre.",dev
EN_013_5__ES_013_5,13,13,true,EN_013_5,ES_013_5,/Users/nilakshanraveendran/Documents/research/data/raw/DRAL16kHz/fragments-short/EN_013_5.wav,/Users/nilakshanraveendran/Documents/research/data/raw/DRAL16kHz/fragments-short/ES_013_5.wav,Wow.,¡Wow!,dev
EN_013_6__ES_013_6,17,17,true,EN_013_6,ES_013_6,/Users/nilakshanraveendran/Documents/research/data/raw/DRAL16kHz/fragments-short/EN_013_6.wav,/Users/nilakshanraveendran/Documents/research/data/raw/DRAL16kHz/fragments-short/ES_013_6.wav,What are you doing?,¿Tú qué vas a hacer?,train
EN_013_7__ES_013_7,13,13,true,EN_013_7,ES_013_7,/Users/nilakshanraveendran/Documents/research/data/raw/DRAL16kHz/fragments-short/EN_013_7.wav,/Users/nilakshanraveendran/Documents/research/data/raw/DRAL16kHz/fragments-short/ES_013_7.wav,"um, not that",Uh eso no.,dev
EN_013_8__ES_013_8,13,13,true,EN_013_8,ES_013_8,/Users/nilakshanraveendran/Documents/research/data/raw/DRAL16kHz/fragments-short/EN_013_8.wav,/Users/nilakshanraveendran/Documents/research/data/raw/DRAL16kHz/fragments-short/ES_013_8.wav,Maybe I'll be a TA. I'm not really sure yet.,tal vez voy a hacer TA pero todavía no estoy seguro,dev
EN_013_9__ES_013_9,17,17,true,EN_013_9,ES_013_9,/Users/nilakshanraveendran/Documents/research/data/raw/DRAL16kHz/fragments-short/EN_013_9.wav,/Users/nilakshanraveendran/Documents/research/data/raw/DRAL16kHz/fragments-short/ES_013_9.wav,next semester,¿El próximo semestre?,train
EN_014_10__ES_014_10,14,14,true,EN_014_10,ES_014_10,/Users/nilakshanraveendran/Documents/research/data/raw/DRAL16kHz/fragments-short/EN_014_10.wav,/Users/nilakshanraveendran/Documents/research/data/raw/DRAL16kHz/fragments-short/ES_014_10.wav,"Honestly, I don't think they're very useful",honestamente yo no creo que son muy útil,train
EN_014_11__ES_014_11,14,14,true,EN_014_11,ES_014_11,/Users/nilakshanraveendran/Documents/research/data/raw/DRAL16kHz/fragments-short/EN_014_11.wav,/Users/nilakshanraveendran/Documents/research/data/raw/DRAL16kHz/fragments-short/ES_014_11.wav,It just feels kind of like a waste of time if I'm being honest with you,"Se siente como un gasto de tiempo, si soy honesto contigo.",train
EN_014_12__ES_014_12,14,14,true,EN_014_12,ES_014_12,/Users/nilakshanraveendran/Documents/research/data/raw/DRAL16kHz/fragments-short/EN_014_12.wav,/Users/nilakshanraveendran/Documents/research/data/raw/DRAL16kHz/fragments-short/ES_014_12.wav,"Yeah, of course.",Sí claro.,train
EN_014_13__ES_014_13,14,14,true,EN_014_13,ES_014_13,/Users/nilakshanraveendran/Documents/research/data/raw/DRAL16kHz/fragments-short/EN_014_13.wav,/Users/nilakshanraveendran/Documents/research/data/raw/DRAL16kHz/fragments-short/ES_014_13.wav,my team was like okay how do we do this,Mi equipo estaba... ¿Cómo hacemos esto?,train
EN_014_14__ES_014_14,14,14,true,EN_014_14,ES_014_14,/Users/nilakshanraveendran/Documents/research/data/raw/DRAL16kHz/fragments-short/EN_014_14.wav,/Users/nilakshanraveendran/Documents/research/data/raw/DRAL16kHz/fragments-short/ES_014_14.wav,"And you know, we just literally just wrote stuff down on the paper and turned it in.",y como sabes literalmente nomás escro- escribimos en el papel y lo entregamos,train
EN_014_15__ES_014_15,14,14,true,EN_014_15,ES_014_15,/Users/nilakshanraveendran/Documents/research/data/raw/DRAL16kHz/fragments-short/EN_014_15.wav,/Users/nilakshanraveendran/Documents/research/data/raw/DRAL16kHz/fragments-short/ES_014_15.wav,"they don't feel priority, they don't feel important.","No se sienten de prioridad, no se sienten importante.",train
EN_014_16__ES_014_16,14,14,true,EN_014_16,ES_014_16,/Users/nilakshanraveendran/Documents/research/data/raw/DRAL16kHz/fragments-short/EN_014_16.wav,/Users/nilakshanraveendran/Documents/research/data/raw/DRAL16kHz/fragments-short/ES_014_16.wav,"compared to the actual project that we're working on, you know?","comparado al proyecto que actualmente estamos trabajando, ya sabes",train
EN_014_17__ES_014_17,19,19,true,EN_014_17,ES_014_17,/Users/nilakshanraveendran/Documents/research/data/raw/DRAL16kHz/fragments-short/EN_014_17.wav,/Users/nilakshanraveendran/Documents/research/data/raw/DRAL16kHz/fragments-short/ES_014_17.wav,"I agree with that statement, so",Concuerdo con lo que dijiste y...,train
EN_014_18__ES_014_18,19,19,true,EN_014_18,ES_014_18,/Users/nilakshanraveendran/Documents/research/data/raw/DRAL16kHz/fragments-short/EN_014_18.wav,/Users/nilakshanraveendran/Documents/research/data/raw/DRAL16kHz/fragments-short/ES_014_18.wav,"I don't know what like, languages to use or",Yo no sé como... Que lenguajes usar o...,train
EN_014_19__ES_014_19,14,14,true,EN_014_19,ES_014_19,/Users/nilakshanraveendran/Documents/research/data/raw/DRAL16kHz/fragments-short/EN_014_19.wav,/Users/nilakshanraveendran/Documents/research/data/raw/DRAL16kHz/fragments-short/ES_014_19.wav,like a wasted semester so much.,Como un semestre gastado. Tanto.,train
EN_014_1__ES_014_1,14,14,true,EN_014_1,ES_014_1,/Users/nilakshanraveendran/Documents/research/data/raw/DRAL16kHz/fragments-short/EN_014_1.wav,/Users/nilakshanraveendran/Documents/research/data/raw/DRAL16kHz/fragments-short/ES_014_1.wav,Do you want to start in English and go to Spanish or do you want to start in Spanish and go to English?,¿Quieres empezar en inglés y luego ir a español o español y luego inglés?,train
EN_014_20__ES_014_20,14,14,true,EN_014_20,ES_014_20,/Users/nilakshanraveendran/Documents/research/data/raw/DRAL16kHz/fragments-short/EN_014_20.wav,/Users/nilakshanraveendran/Documents/research/data/raw/DRAL16kHz/fragments-short/ES_014_20.wav,planning and effort put into it just for it to be like,Planeo y esfuerzo metido nomás para que como.,train
EN_014_21__ES_014_21,14,14,true,EN_014_21,ES_014_21,/Users/nilakshanraveendran/Documents/research/data/raw/DRAL16kHz/fragments-short/EN_014_21.wav,/Users/nilakshanraveendran/Documents/research/data/raw/DRAL16kHz/fragments-short/ES_014_21.wav,"We have the general idea, and that's all we need.",nada más tenemos la idea general y era lo único que necesitábamos,train
EN_014_22__ES_014_22,19,19,true,EN_014_22,ES_014_22,/Users/nilakshanraveendran/Documents/research/data/raw/DRAL16kHz/fragments-short/EN_014_22.wav,/Users/nilakshanraveendran/Documents/research/data/raw/DRAL16kHz/fragments-short/ES_014_22.wav,I don't think he has read it.,No creo que lo ha leído.,train
EN_014_23__ES_014_23,19,19,true,EN_014_23,ES_014_23,/Users/nilakshanraveendran/Documents/research/data/raw/DRAL16kHz/fragments-short/EN_014_23.wav,/Users/nilakshanraveendran/Documents/research/data/raw/DRAL16kHz/fragments-short/ES_014_23.wav,at all.,en lo absoluto.,train
EN_014_24__ES_014_24,14,14,true,EN_014_24,ES_014_24,/Users/nilakshanraveendran/Documents/research/data/raw/DRAL16kHz/fragments-short/EN_014_24.wav,/Users/nilakshanraveendran/Documents/research/data/raw/DRAL16kHz/fragments-short/ES_014_24.wav,"I feel like they just put it on him, like out of nowhere, right?","Siento que se lo dieron como de la nada, ¿verdad?",train
EN_014_25__ES_014_25,19,19,true,EN_014_25,ES_014_25,/Users/nilakshanraveendran/Documents/research/data/raw/DRAL16kHz/fragments-short/EN_014_25.wav,/Users/nilakshanraveendran/Documents/research/data/raw/DRAL16kHz/fragments-short/ES_014_25.wav,It definitely feels like that.,Definitivamente se siente como eso,train
EN_014_26__ES_014_26,14,14,true,EN_014_26,ES_014_26,/Users/nilakshanraveendran/Documents/research/data/raw/DRAL16kHz/fragments-short/EN_014_26.wav,/Users/nilakshanraveendran/Documents/research/data/raw/DRAL16kHz/fragments-short/ES_014_26.wav,I can't really help with that part of the project at all.,No puedo ayudar en esa parte del proyecto para nada.,train
EN_014_27__ES_014_27,19,19,true,EN_014_27,ES_014_27,/Users/nilakshanraveendran/Documents/research/data/raw/DRAL16kHz/fragments-short/EN_014_27.wav,/Users/nilakshanraveendran/Documents/research/data/raw/DRAL16kHz/fragments-short/ES_014_27.wav,Because I was expecting to have my previous team.,porque estaba esperando tener mi equipo previo,train
EN_014_2__ES_014_2,19,19,true,EN_014_2,ES_014_2,/Users/nilakshanraveendran/Documents/research/data/raw/DRAL16kHz/fragments-short/EN_014_2.wav,/Users/nilakshanraveendran/Documents/research/data/raw/DRAL16kHz/fragments-short/ES_014_2.wav,"We can, we can start in English.",Uh podem- uhm podemos iniciar en inglés.,train
EN_014_3__ES_014_3,19,19,true,EN_014_3,ES_014_3,/Users/nilakshanraveendran/Documents/research/data/raw/DRAL16kHz/fragments-short/EN_014_3.wav,/Users/nilakshanraveendran/Documents/research/data/raw/DRAL16kHz/fragments-short/ES_014_3.wav,bothering me about the class is,molestándome de la clase es,train
EN_014_4__ES_014_4,19,19,true,EN_014_4,ES_014_4,/Users/nilakshanraveendran/Documents/research/data/raw/DRAL16kHz/fragments-short/EN_014_4.wav,/Users/nilakshanraveendran/Documents/research/data/raw/DRAL16kHz/fragments-short/ES_014_4.wav,I feel like in the lectures...,Siento que en la clase...,train
EN_014_5__ES_014_5,19,19,true,EN_014_5,ES_014_5,/Users/nilakshanraveendran/Documents/research/data/raw/DRAL16kHz/fragments-short/EN_014_5.wav,/Users/nilakshanraveendran/Documents/research/data/raw/DRAL16kHz/fragments-short/ES_014_5.wav,We do talk about the topic and then.,Si hablamos del tema y luego...,train
EN_014_6__ES_014_6,19,19,true,EN_014_6,ES_014_6,/Users/nilakshanraveendran/Documents/research/data/raw/DRAL16kHz/fragments-short/EN_014_6.wav,/Users/nilakshanraveendran/Documents/research/data/raw/DRAL16kHz/fragments-short/ES_014_6.wav,"and then it's very difficult to, like, grasp the topic.",Y es medio difícil entender el tema.,train
EN_014_7__ES_014_7,19,19,true,EN_014_7,ES_014_7,/Users/nilakshanraveendran/Documents/research/data/raw/DRAL16kHz/fragments-short/EN_014_7.wav,/Users/nilakshanraveendran/Documents/research/data/raw/DRAL16kHz/fragments-short/ES_014_7.wav,and then he gives you like an exercise but,Uh y luego te da un ejercicio pero,train
EN_014_8__ES_014_8,19,19,true,EN_014_8,ES_014_8,/Users/nilakshanraveendran/Documents/research/data/raw/DRAL16kHz/fragments-short/EN_014_8.wav,/Users/nilakshanraveendran/Documents/research/data/raw/DRAL16kHz/fragments-short/ES_014_8.wav,What about you?,y qué opinas,train
EN_014_9__ES_014_9,19,19,true,EN_014_9,ES_014_9,/Users/nilakshanraveendran/Documents/research/data/raw/DRAL16kHz/fragments-short/EN_014_9.wav,/Users/nilakshanraveendran/Documents/research/data/raw/DRAL16kHz/fragments-short/ES_014_9.wav,What do you think about the exercises?,¿Qué opinas de los ejercicios?,train
EN_015_10__ES_015_10,20,20,true,EN_015_10,ES_015_10,/Users/nilakshanraveendran/Documents/research/data/raw/DRAL16kHz/fragments-short/EN_015_10.wav,/Users/nilakshanraveendran/Documents/research/data/raw/DRAL16kHz/fragments-short/ES_015_10.wav,I like... I like many different types of music.,Me gusta... Me gusta de muchos- muchos tipos,train
EN_015_11__ES_015_11,20,20,true,EN_015_11,ES_015_11,/Users/nilakshanraveendran/Documents/research/data/raw/DRAL16kHz/fragments-short/EN_015_11.wav,/Users/nilakshanraveendran/Documents/research/data/raw/DRAL16kHz/fragments-short/ES_015_11.wav,But my favorite music is hip-hop.,pero mi más favorita es música de hip hop,train
EN_015_12__ES_015_12,15,15,true,EN_015_12,ES_015_12,/Users/nilakshanraveendran/Documents/research/data/raw/DRAL16kHz/fragments-short/EN_015_12.wav,/Users/nilakshanraveendran/Documents/research/data/raw/DRAL16kHz/fragments-short/ES_015_12.wav,and do you listen to that every day or on certain occasions?,¿Y la- esa la oyes todo el día o ciertas ocasiones?,test
EN_015_13__ES_015_13,20,20,true,EN_015_13,ES_015_13,/Users/nilakshanraveendran/Documents/research/data/raw/DRAL16kHz/fragments-short/EN_015_13.wav,/Users/nilakshanraveendran/Documents/research/data/raw/DRAL16kHz/fragments-short/ES_015_13.wav,"Uhhhh, like all day.",Uhh como todo el día,train
EN_015_14__ES_015_14,15,15,true,EN_015_14,ES_015_14,/Users/nilakshanraveendran/Documents/research/data/raw/DRAL16kHz/fragments-short/EN_015_14.wav,/Users/nilakshanraveendran/Documents/research/data/raw/DRAL16kHz/fragments-short/ES_015_14.wav,"I have to listen to things to a certain time, for example","tengo cosas que oir cier- a cierto tiempo, por ejemplo",test
EN_015_15__ES_015_15,20,20,true,EN_015_15,ES_015_15,/Users/nilakshanraveendran/Documents/research/data/raw/DRAL16kHz/fragments-short/EN_015_15.wav,/Users/nilakshanraveendran/Documents/research/data/raw/DRAL16kHz/fragments-short/ES_015_15.wav,"Yeah, yeah.","Sí, sí.",train
EN_015_16__ES_015_16,15,15,true,EN_015_16,ES_015_16,/Users/nilakshanraveendran/Documents/research/data/raw/DRAL16kHz/fragments-short/EN_015_16.wav,/Users/nilakshanraveendran/Documents/research/data/raw/DRAL16kHz/fragments-short/ES_015_16.wav,Yeah and also like it's for a party or something,"Y tipo, también para alguna fiesta, a-.",test
EN_015_17__ES_015_17,20,20,true,EN_015_17,ES_015_17,/Users/nilakshanraveendran/Documents/research/data/raw/DRAL16kHz/fragments-short/EN_015_17.wav,/Users/nilakshanraveendran/Documents/research/data/raw/DRAL16kHz/fragments-short/ES_015_17.wav,"Yeah, perfect for a party.","Ah, ándale también, perfecto para una fiesta.",train
EN_015_19__ES_015_19,15,15,true,EN_015_19,ES_015_19,/Users/nilakshanraveendran/Documents/research/data/raw/DRAL16kHz/fragments-short/EN_015_19.wav,/Users/nilakshanraveendran/Documents/research/data/raw/DRAL16kHz/fragments-short/ES_015_19.wav,They are icons of my 2000s.,Son iconos ahí de mis 2000.,test
EN_015_1__ES_015_1,20,20,true,EN_015_1,ES_015_1,/Users/nilakshanraveendran/Documents/research/data/raw/DRAL16kHz/fragments-short/EN_015_1.wav,/Users/nilakshanraveendran/Documents/research/data/raw/DRAL16kHz/fragments-short/ES_015_1.wav,Do you play video games?,¿Juegos videojuegos?,train
EN_015_20__ES_015_20,20,20,true,EN_015_20,ES_015_20,/Users/nilakshanraveendran/Documents/research/data/raw/DRAL16kHz/fragments-short/EN_015_20.wav,/Users/nilakshanraveendran/Documents/research/data/raw/DRAL16kHz/fragments-short/ES_015_20.wav,Have you played instruments before?,¿Has tocado instrumentos antes?,train
EN_015_21__ES_015_21,15,15,true,EN_015_21,ES_015_21,/Users/nilakshanraveendran/Documents/research/data/raw/DRAL16kHz/fragments-short/EN_015_21.wav,/Users/nilakshanraveendran/Documents/research/data/raw/DRAL16kHz/fragments-short/ES_015_21.wav,yes I play the guitar,"Sí, toco la guitarra.",test
EN_015_22__ES_015_22,15,15,true,EN_015_22,ES_015_22,/Users/nilakshanraveendran/Documents/research/data/raw/DRAL16kHz/fragments-short/EN_015_22.wav,/Users/nilakshanraveendran/Documents/research/data/raw/DRAL16kHz/fragments-short/ES_015_22.wav,We are waiting for the reunion.,Estamos esperando el reencuentro.,test
EN_015_23__ES_015_23,20,20,true,EN_015_23,ES_015_23,/Users/nilakshanraveendran/Documents/research/data/raw/DRAL16kHz/fragments-short/EN_015_23.wav,/Users/nilakshanraveendran/Documents/research/data/raw/DRAL16kHz/fragments-short/ES_015_23.wav,"[laughter] that'd be cool, imagine.","Estaría padre, imagínate",train
EN_015_24__ES_015_24,15,15,true,EN_015_24,ES_015_24,/Users/nilakshanraveendran/Documents/research/data/raw/DRAL16kHz/fragments-short/EN_015_24.wav,/Users/nilakshanraveendran/Documents/research/data/raw/DRAL16kHz/fragments-short/ES_015_24.wav,and I said well I will enter single lessons and no,dije no pues me voy a meter a clase de canto y no,test
EN_015_25__ES_015_25,15,15,true,EN_015_25,ES_015_25,/Users/nilakshanraveendran/Documents/research/data/raw/DRAL16kHz/fragments-short/EN_015_25.wav,/Users/nilakshanraveendran/Documents/research/data/raw/DRAL16kHz/fragments-short/ES_015_25.wav,and I see that I had an error so my addition was wrong,"Y yo vi que tenía un error yo, de que alguna suma estaba mal.",test
EN_015_26__ES_015_26,20,20,true,EN_015_26,ES_015_26,/Users/nilakshanraveendran/Documents/research/data/raw/DRAL16kHz/fragments-short/EN_015_26.wav,/Users/nilakshanraveendran/Documents/research/data/raw/DRAL16kHz/fragments-short/ES_015_26.wav,That's good that she didn't realize.,Pues qué bueno que no se dio cuenta.,train
EN_015_27__ES_015_27,15,15,true,EN_015_27,ES_015_27,/Users/nilakshanraveendran/Documents/research/data/raw/DRAL16kHz/fragments-short/EN_015_27.wav,/Users/nilakshanraveendran/Documents/research/data/raw/DRAL16kHz/fragments-short/ES_015_27.wav,"and I bring a code, I don't know what it was","Y trae un código, no me acuerdo cuál era.",test
EN_015_28__ES_015_28,20,20,true,EN_015_28,ES_015_28,/Users/nilakshanraveendran/Documents/research/data/raw/DRAL16kHz/fragments-short/EN_015_28.wav,/Users/nilakshanraveendran/Documents/research/data/raw/DRAL16kHz/fragments-short/ES_015_28.wav,live or something,Lab o algo.,train
EN_015_29__ES_015_29,15,15,true,EN_015_29,ES_015_29,/Users/nilakshanraveendran/Documents/research/data/raw/DRAL16kHz/fragments-short/EN_015_29.wav,/Users/nilakshanraveendran/Documents/research/data/raw/DRAL16kHz/fragments-short/ES_015_29.wav,It's a [unintellitible] or something.,"No, pues sí, era una tarea que no sabía.",test
EN_015_2__ES_015_2,15,15,true,EN_015_2,ES_015_2,/Users/nilakshanraveendran/Documents/research/data/raw/DRAL16kHz/fragments-short/EN_015_2.wav,/Users/nilakshanraveendran/Documents/research/data/raw/DRAL16kHz/fragments-short/ES_015_2.wav,I don't have a Playstation and an Xbox but I do have the Switch,No tengo Playstation ni Xbox pero o sea tipo tengo el Switch,test
EN_015_30__ES_015_30,15,15,true,EN_015_30,ES_015_30,/Users/nilakshanraveendran/Documents/research/data/raw/DRAL16kHz/fragments-short/EN_015_30.wav,/Users/nilakshanraveendran/Documents/research/data/raw/DRAL16kHz/fragments-short/ES_015_30.wav,"She almost told me, like, do it again!","Casi, mijo. Hazlo otra vez.",test
EN_015_31__ES_015_31,20,20,true,EN_015_31,ES_015_31,/Users/nilakshanraveendran/Documents/research/data/raw/DRAL16kHz/fragments-short/EN_015_31.wav,/Users/nilakshanraveendran/Documents/research/data/raw/DRAL16kHz/fragments-short/ES_015_31.wav,Yeah [laughs].,Sí.,train
EN_015_32__ES_015_32,20,20,true,EN_015_32,ES_015_32,/Users/nilakshanraveendran/Documents/research/data/raw/DRAL16kHz/fragments-short/EN_015_32.wav,/Users/nilakshanraveendran/Documents/research/data/raw/DRAL16kHz/fragments-short/ES_015_32.wav,I started like at 7.,Empecé como a las 7.,train
EN_015_33__ES_015_33,20,20,true,EN_015_33,ES_015_33,/Users/nilakshanraveendran/Documents/research/data/raw/DRAL16kHz/fragments-short/EN_015_33.wav,/Users/nilakshanraveendran/Documents/research/data/raw/DRAL16kHz/fragments-short/ES_015_33.wav,And I ended like at 10.,y acabé como a las 10,train
EN_015_34__ES_015_34,15,15,true,EN_015_34,ES_015_34,/Users/nilakshanraveendran/Documents/research/data/raw/DRAL16kHz/fragments-short/EN_015_34.wav,/Users/nilakshanraveendran/Documents/research/data/raw/DRAL16kHz/fragments-short/ES_015_34.wav,"Yeah, or when I write a conclusion I get inspired more like talking.","Sí, o cuando así escribo una- una conclusión, como que me inspiro más este hablando.",test
EN_015_35__ES_015_35,20,20,true,EN_015_35,ES_015_35,/Users/nilakshanraveendran/Documents/research/data/raw/DRAL16kHz/fragments-short/EN_015_35.wav,/Users/nilakshanraveendran/Documents/research/data/raw/DRAL16kHz/fragments-short/ES_015_35.wav,"Yeah, I, I, I thought it was weird that they gave us that for homework.","Si, no se, se- se me hizo muy raro que nos dio eso de tarea",train
EN_015_36__ES_015_36,15,15,true,EN_015_36,ES_015_36,/Users/nilakshanraveendran/Documents/research/data/raw/DRAL16kHz/fragments-short/EN_015_36.wav,/Users/nilakshanraveendran/Documents/research/data/raw/DRAL16kHz/fragments-short/ES_015_36.wav,"Yeah, I think, we had to do like a writing assignment or something, and I think he put that for like not stressing us",Teníamos que hacer una tarea como de escrita o de ensayo y creo que puso eso para no estresarse- no estresarnos de más.,test
EN_015_37__ES_015_37,20,20,true,EN_015_37,ES_015_37,/Users/nilakshanraveendran/Documents/research/data/raw/DRAL16kHz/fragments-short/EN_015_37.wav,/Users/nilakshanraveendran/Documents/research/data/raw/DRAL16kHz/fragments-short/ES_015_37.wav,"Oh, okay.",Ah.,train
EN_015_3__ES_015_3,20,20,true,EN_015_3,ES_015_3,/Users/nilakshanraveendran/Documents/research/data/raw/DRAL16kHz/fragments-short/EN_015_3.wav,/Users/nilakshanraveendran/Documents/research/data/raw/DRAL16kHz/fragments-short/ES_015_3.wav,"Uh, this reminds me, like, using the headphones, it reminds me of playing video games online.","No, sí, me- me recuerdo esto de... de los audífonos, mucho de jugar así en línea.",train
EN_015_4__ES_015_4,20,20,true,EN_015_4,ES_015_4,/Users/nilakshanraveendran/Documents/research/data/raw/DRAL16kHz/fragments-short/EN_015_4.wav,/Users/nilakshanraveendran/Documents/research/data/raw/DRAL16kHz/fragments-short/ES_015_4.wav,Have you played online with like different people?,¿Has jugado en línea así con gente diferente?,train
EN_015_5__ES_015_5,15,15,true,EN_015_5,ES_015_5,/Users/nilakshanraveendran/Documents/research/data/raw/DRAL16kHz/fragments-short/EN_015_5.wav,/Users/nilakshanraveendran/Documents/research/data/raw/DRAL16kHz/fragments-short/ES_015_5.wav,"Yeah, I've been playing online, but...","O sea, sí he jugado en línea, pero...",test
EN_015_6__ES_015_6,15,15,true,EN_015_6,ES_015_6,/Users/nilakshanraveendran/Documents/research/data/raw/DRAL16kHz/fragments-short/EN_015_6.wav,/Users/nilakshanraveendran/Documents/research/data/raw/DRAL16kHz/fragments-short/ES_015_6.wav,"For me, I think it's a lot of noise.",A mí se me hacía que es mucho ruido,test
EN_015_7__ES_015_7,15,15,true,EN_015_7,ES_015_7,/Users/nilakshanraveendran/Documents/research/data/raw/DRAL16kHz/fragments-short/EN_015_7.wav,/Users/nilakshanraveendran/Documents/research/data/raw/DRAL16kHz/fragments-short/ES_015_7.wav,and also the headphones were noise cancelling,Y aparte los audífonos siento que eran de- cancelan el sonido.,test
EN_015_8__ES_015_8,15,15,true,EN_015_8,ES_015_8,/Users/nilakshanraveendran/Documents/research/data/raw/DRAL16kHz/fragments-short/EN_015_8.wav,/Users/nilakshanraveendran/Documents/research/data/raw/DRAL16kHz/fragments-short/ES_015_8.wav,"yes, so, no, no.","Sí entonces, pues no.",test
EN_015_9__ES_015_9,15,15,true,EN_015_9,ES_015_9,/Users/nilakshanraveendran/Documents/research/data/raw/DRAL16kHz/fragments-short/EN_015_9.wav,/Users/nilakshanraveendran/Documents/research/data/raw/DRAL16kHz/fragments-short/ES_015_9.wav,"But, um, uh, what music do you listen to?",Pero y qu- ¿Qué música oyes tú?,test
EN_016_10__ES_016_10,16,16,true,EN_016_10,ES_016_10,/Users/nilakshanraveendran/Documents/research/data/raw/DRAL16kHz/fragments-short/EN_016_10.wav,/Users/nilakshanraveendran/Documents/research/data/raw/DRAL16kHz/fragments-short/ES_016_10.wav,Right.,Bien.,train
EN_016_11__ES_016_11,21,21,true,EN_016_11,ES_016_11,/Users/nilakshanraveendran/Documents/research/data/raw/DRAL16kHz/fragments-short/EN_016_11.wav,/Users/nilakshanraveendran/Documents/research/data/raw/DRAL16kHz/fragments-short/ES_016_11.wav,What would you say?,¿Tú qué dirías?,train
EN_016_12__ES_016_12,16,16,true,EN_016_12,ES_016_12,/Users/nilakshanraveendran/Documents/research/data/raw/DRAL16kHz/fragments-short/EN_016_12.wav,/Users/nilakshanraveendran/Documents/research/data/raw/DRAL16kHz/fragments-short/ES_016_12.wav,Probably...,probablemente,train
EN_016_13__ES_016_13,16,16,true,EN_016_13,ES_016_13,/Users/nilakshanraveendran/Documents/research/data/raw/DRAL16kHz/fragments-short/EN_016_13.wav,/Users/nilakshanraveendran/Documents/research/data/raw/DRAL16kHz/fragments-short/ES_016_13.wav,Don't be afraid to ask questions.,No tener miedo de preguntar.,train
EN_016_14__ES_016_14,16,16,true,EN_016_14,ES_016_14,/Users/nilakshanraveendran/Documents/research/data/raw/DRAL16kHz/fragments-short/EN_016_14.wav,/Users/nilakshanraveendran/Documents/research/data/raw/DRAL16kHz/fragments-short/ES_016_14.wav,especially to the professor.,especialmente al profesor.,train
EN_016_15__ES_016_15,16,16,true,EN_016_15,ES_016_15,/Users/nilakshanraveendran/Documents/research/data/raw/DRAL16kHz/fragments-short/EN_016_15.wav,/Users/nilakshanraveendran/Documents/research/data/raw/DRAL16kHz/fragments-short/ES_016_15.wav,"and then people will be confused because they didn't read, like, a certain section that like explains it.",Entonces la gente estaba confundida porque no leían la sección que lo explicaba.,train
EN_016_16__ES_016_16,21,21,true,EN_016_16,ES_016_16,/Users/nilakshanraveendran/Documents/research/data/raw/DRAL16kHz/fragments-short/EN_016_16.wav,/Users/nilakshanraveendran/Documents/research/data/raw/DRAL16kHz/fragments-short/ES_016_16.wav,I would be kind of scared to ask questions to the professor or,Me daba un poco de miedo hacerles preguntas al profesor.,train
EN_016_17__ES_016_17,21,21,true,EN_016_17,ES_016_17,/Users/nilakshanraveendran/Documents/research/data/raw/DRAL16kHz/fragments-short/EN_016_17.wav,/Users/nilakshanraveendran/Documents/research/data/raw/DRAL16kHz/fragments-short/ES_016_17.wav,"But yeah, I think that's a good piece of advice to tell them, like, don't be afraid to ask questions.","Creo que ese es un buen consejo, decirles que no tengan miedo de hacer preguntas.",train
EN_016_18__ES_016_18,21,21,true,EN_016_18,ES_016_18,/Users/nilakshanraveendran/Documents/research/data/raw/DRAL16kHz/fragments-short/EN_016_18.wav,/Users/nilakshanraveendran/Documents/research/data/raw/DRAL16kHz/fragments-short/ES_016_18.wav,It's better to ask questions and learn than to stay confused.,Es mejor hacer preguntas y aprender en vez de quedarte confundido.,train
EN_016_19__ES_016_19,16,16,true,EN_016_19,ES_016_19,/Users/nilakshanraveendran/Documents/research/data/raw/DRAL16kHz/fragments-short/EN_016_19.wav,/Users/nilakshanraveendran/Documents/research/data/raw/DRAL16kHz/fragments-short/ES_016_19.wav,Right.,Muy cierto.,train
EN_016_1__ES_016_1,16,16,true,EN_016_1,ES_016_1,/Users/nilakshanraveendran/Documents/research/data/raw/DRAL16kHz/fragments-short/EN_016_1.wav,/Users/nilakshanraveendran/Documents/research/data/raw/DRAL16kHz/fragments-short/ES_016_1.wav,"Uh, we're doing the, like, the three things.",Entonces vamos a... hacer las tres cosas.,train
EN_016_20__ES_016_20,16,16,true,EN_016_20,ES_016_20,/Users/nilakshanraveendran/Documents/research/data/raw/DRAL16kHz/fragments-short/EN_016_20.wav,/Users/nilakshanraveendran/Documents/research/data/raw/DRAL16kHz/fragments-short/ES_016_20.wav,"Did you join a, um...",Te uniste a una...,train
EN_016_21__ES_016_21,16,16,true,EN_016_21,ES_016_21,/Users/nilakshanraveendran/Documents/research/data/raw/DRAL16kHz/fragments-short/EN_016_21.wav,/Users/nilakshanraveendran/Documents/research/data/raw/DRAL16kHz/fragments-short/ES_016_21.wav,like a student organization when you were a freshman.,organización de estudiantes cuando eres un freshman.,train
EN_016_22__ES_016_22,21,21,true,EN_016_22,ES_016_22,/Users/nilakshanraveendran/Documents/research/data/raw/DRAL16kHz/fragments-short/EN_016_22.wav,/Users/nilakshanraveendran/Documents/research/data/raw/DRAL16kHz/fragments-short/ES_016_22.wav,So I ended up joining MAES and Ship.,Me terminé uniendo a MAES y SHPE.,train
EN_016_23__ES_016_23,21,21,true,EN_016_23,ES_016_23,/Users/nilakshanraveendran/Documents/research/data/raw/DRAL16kHz/fragments-short/EN_016_23.wav,/Users/nilakshanraveendran/Documents/research/data/raw/DRAL16kHz/fragments-short/ES_016_23.wav,I'm not sure if you've heard of it.,No sé si hayas escuchado de ella.,train
EN_016_24__ES_016_24,16,16,true,EN_016_24,ES_016_24,/Users/nilakshanraveendran/Documents/research/data/raw/DRAL16kHz/fragments-short/EN_016_24.wav,/Users/nilakshanraveendran/Documents/research/data/raw/DRAL16kHz/fragments-short/ES_016_24.wav,"Uh, I don't think I have.",creo que no,train
EN_016_25__ES_016_25,21,21,true,EN_016_25,ES_016_25,/Users/nilakshanraveendran/Documents/research/data/raw/DRAL16kHz/fragments-short/EN_016_25.wav,/Users/nilakshanraveendran/Documents/research/data/raw/DRAL16kHz/fragments-short/ES_016_25.wav,So it's like the largest engineering org here at UTEP.,Es como la organización más grande de ingeniería aquí en UTEP.,train
EN_016_26__ES_016_26,21,21,true,EN_016_26,ES_016_26,/Users/nilakshanraveendran/Documents/research/data/raw/DRAL16kHz/fragments-short/EN_016_26.wav,/Users/nilakshanraveendran/Documents/research/data/raw/DRAL16kHz/fragments-short/ES_016_26.wav,"environment I guess I would say, it seemed like they all got along pretty well so",ambiente creo que diría se veía como que se llevaban todos muy bien así que,train
EN_016_27__ES_016_27,16,16,true,EN_016_27,ES_016_27,/Users/nilakshanraveendran/Documents/research/data/raw/DRAL16kHz/fragments-short/EN_016_27.wav,/Users/nilakshanraveendran/Documents/research/data/raw/DRAL16kHz/fragments-short/ES_016_27.wav,I switched careers in like 2020.,cambie de carrera como en 2020,train
EN_016_28__ES_016_28,21,21,true,EN_016_28,ES_016_28,/Users/nilakshanraveendran/Documents/research/data/raw/DRAL16kHz/fragments-short/EN_016_28.wav,/Users/nilakshanraveendran/Documents/research/data/raw/DRAL16kHz/fragments-short/ES_016_28.wav,oh wow,oh wow,train
EN_016_29__ES_016_29,16,16,true,EN_016_29,ES_016_29,/Users/nilakshanraveendran/Documents/research/data/raw/DRAL16kHz/fragments-short/EN_016_29.wav,/Users/nilakshanraveendran/Documents/research/data/raw/DRAL16kHz/fragments-short/ES_016_29.wav,"I mean that would also be a good thing to, um","Digo, eso también sería una buena cosa para...",train
EN_016_2__ES_016_2,16,16,true,EN_016_2,ES_016_2,/Users/nilakshanraveendran/Documents/research/data/raw/DRAL16kHz/fragments-short/EN_016_2.wav,/Users/nilakshanraveendran/Documents/research/data/raw/DRAL16kHz/fragments-short/ES_016_2.wav,for CS students.,para los estudiantes de CS.,train
EN_016_30__ES_016_30,16,16,true,EN_016_30,ES_016_30,/Users/nilakshanraveendran/Documents/research/data/raw/DRAL16kHz/fragments-short/EN_016_30.wav,/Users/nilakshanraveendran/Documents/research/data/raw/DRAL16kHz/fragments-short/ES_016_30.wav,encourage people who are new into CS to look for opportunities and internships.,Motivar a los nuevos estudiantes de CS para que busquen oportunidades y internships.,train
EN_016_31__ES_016_31,16,16,true,EN_016_31,ES_016_31,/Users/nilakshanraveendran/Documents/research/data/raw/DRAL16kHz/fragments-short/EN_016_31.wav,/Users/nilakshanraveendran/Documents/research/data/raw/DRAL16kHz/fragments-short/ES_016_31.wav,"Because in internship, you're there to learn.",Porque en una internship estás ahí para aprender.,train
EN_016_32__ES_016_32,21,21,true,EN_016_32,ES_016_32,/Users/nilakshanraveendran/Documents/research/data/raw/DRAL16kHz/fragments-short/EN_016_32.wav,/Users/nilakshanraveendran/Documents/research/data/raw/DRAL16kHz/fragments-short/ES_016_32.wav,"They can come and ask me questions about how to get an internship or how to get a scholarship, things like that.",Pueden venir a hacerme preguntas de cómo tener un internship o una beca o algo así.,train
EN_016_33__ES_016_33,21,21,true,EN_016_33,ES_016_33,/Users/nilakshanraveendran/Documents/research/data/raw/DRAL16kHz/fragments-short/EN_016_33.wav,/Users/nilakshanraveendran/Documents/research/data/raw/DRAL16kHz/fragments-short/ES_016_33.wav,they have no idea that there's internship oppu- opportunities for them.,No tienen idea que hay op- oportunidades de internships.,train
EN_016_34__ES_016_34,21,21,true,EN_016_34,ES_016_34,/Users/nilakshanraveendran/Documents/research/data/raw/DRAL16kHz/fragments-short/EN_016_34.wav,/Users/nilakshanraveendran/Documents/research/data/raw/DRAL16kHz/fragments-short/ES_016_34.wav,At least now you have the experience of what it's like to apply or what it's like to interview.,Al menos ahorita ya tienes la experiencia de cómo es aplicar o cómo es entrevistar.,train
EN_016_35__ES_016_35,21,21,true,EN_016_35,ES_016_35,/Users/nilakshanraveendran/Documents/research/data/raw/DRAL16kHz/fragments-short/EN_016_35.wav,/Users/nilakshanraveendran/Documents/research/data/raw/DRAL16kHz/fragments-short/ES_016_35.wav,and so the next time you're more prepared.,Y la siguiente vez estás más preparado.,train
EN_016_36__ES_016_36,21,21,true,EN_016_36,ES_016_36,/Users/nilakshanraveendran/Documents/research/data/raw/DRAL16kHz/fragments-short/EN_016_36.wav,/Users/nilakshanraveendran/Documents/research/data/raw/DRAL16kHz/fragments-short/ES_016_36.wav,"So, yeah.",Pues sí.,train
EN_016_37__ES_016_37,16,16,true,EN_016_37,ES_016_37,/Users/nilakshanraveendran/Documents/research/data/raw/DRAL16kHz/fragments-short/EN_016_37.wav,/Users/nilakshanraveendran/Documents/research/data/raw/DRAL16kHz/fragments-short/ES_016_37.wav,I got like this weird question that I really couldn't really answer.,Me dieron como esta pregunta rara que no pude contestar.,train
EN_016_38__ES_016_38,16,16,true,EN_016_38,ES_016_38,/Users/nilakshanraveendran/Documents/research/data/raw/DRAL16kHz/fragments-short/EN_016_38.wav,/Users/nilakshanraveendran/Documents/research/data/raw/DRAL16kHz/fragments-short/ES_016_38.wav,I wasn't able to answer the question for the first interview that I had.,No pude contestar la pregunta para la primera entrevista que tuve,train
EN_016_39__ES_016_39,16,16,true,EN_016_39,ES_016_39,/Users/nilakshanraveendran/Documents/research/data/raw/DRAL16kHz/fragments-short/EN_016_39.wav,/Users/nilakshanraveendran/Documents/research/data/raw/DRAL16kHz/fragments-short/ES_016_39.wav,it can still be useful to fill interviews.,Aún puede ser útil fallar entrevistas.,train
EN_016_3__ES_016_3,21,21,true,EN_016_3,ES_016_3,/Users/nilakshanraveendran/Documents/research/data/raw/DRAL16kHz/fragments-short/EN_016_3.wav,/Users/nilakshanraveendran/Documents/research/data/raw/DRAL16kHz/fragments-short/ES_016_3.wav,"Yes, three bits of advice to give all new students joining the CS department.","Sí, tres consejos para darle a los estudiantes que van a entrar al departamento de Computer Science.",train
EN_016_40__ES_016_40,16,16,true,EN_016_40,ES_016_40,/Users/nilakshanraveendran/Documents/research/data/raw/DRAL16kHz/fragments-short/EN_016_40.wav,/Users/nilakshanraveendran/Documents/research/data/raw/DRAL16kHz/fragments-short/ES_016_40.wav,"And it's funny because when I was looking for, like, uh, internships",Y es divertido porque cuando estaba buscando internships,train
EN_016_41__ES_016_41,21,21,true,EN_016_41,ES_016_41,/Users/nilakshanraveendran/Documents/research/data/raw/DRAL16kHz/fragments-short/EN_016_41.wav,/Users/nilakshanraveendran/Documents/research/data/raw/DRAL16kHz/fragments-short/ES_016_41.wav,"It's crazy, like there's a lot of opportunities for freshmen and sophomores.","Está loco, o sea, hay muchas oportunidades para freshman y sophomores.",train
EN_016_42__ES_016_42,21,21,true,EN_016_42,ES_016_42,/Users/nilakshanraveendran/Documents/research/data/raw/DRAL16kHz/fragments-short/EN_016_42.wav,/Users/nilakshanraveendran/Documents/research/data/raw/DRAL16kHz/fragments-short/ES_016_42.wav,more companies are starting to offer these opportunities to.,Más compañías están empezando a ofrecer estas oportunidades a,train
EN_016_43__ES_016_43,21,21,true,EN_016_43,ES_016_43,/Users/nilakshanraveendran/Documents/research/data/raw/DRAL16kHz/fragments-short/EN_016_43.wav,/Users/nilakshanraveendran/Documents/research/data/raw/DRAL16kHz/fragments-short/ES_016_43.wav,freshmen and sophomores instead of just sticking to.,freshmens y sophomores en vez de nomás quedarse con,train
EN_016_44__ES_016_44,21,21,true,EN_016_44,ES_016_44,/Users/nilakshanraveendran/Documents/research/data/raw/DRAL16kHz/fragments-short/EN_016_44.wav,/Users/nilakshanraveendran/Documents/research/data/raw/DRAL16kHz/fragments-short/ES_016_44.wav,juniors or seniors or even just students who are graduating.,juniors y seniors o simplemente con estudiantes que ya se van a graduar.,train
EN_016_45__ES_016_45,21,21,true,EN_016_45,ES_016_45,/Users/nilakshanraveendran/Documents/research/data/raw/DRAL16kHz/fragments-short/EN_016_45.wav,/Users/nilakshanraveendran/Documents/research/data/raw/DRAL16kHz/fragments-short/ES_016_45.wav,do you have any other advice that you would give to students?,"¿Tienes algún otro consejo, que le darías a estudiantes?",train
EN_016_46__ES_016_46,16,16,true,EN_016_46,ES_016_46,/Users/nilakshanraveendran/Documents/research/data/raw/DRAL16kHz/fragments-short/EN_016_46.wav,/Users/nilakshanraveendran/Documents/research/data/raw/DRAL16kHz/fragments-short/ES_016_46.wav,um not sure,"Um, no estoy seguro",train
EN_016_47__ES_016_47,16,16,true,EN_016_47,ES_016_47,/Users/nilakshanraveendran/Documents/research/data/raw/DRAL16kHz/fragments-short/EN_016_47.wav,/Users/nilakshanraveendran/Documents/research/data/raw/DRAL16kHz/fragments-short/ES_016_47.wav,"It's more important to learn about the concepts, I guess.",es más importante aprender acerca de los concep...,train
EN_016_4__ES_016_4,16,16,true,EN_016_4,ES_016_4,/Users/nilakshanraveendran/Documents/research/data/raw/DRAL16kHz/fragments-short/EN_016_4.wav,/Users/nilakshanraveendran/Documents/research/data/raw/DRAL16kHz/fragments-short/ES_016_4.wav,"Okay, do you have any?","¿Ok, tienes alguna?",train
EN_016_5__ES_016_5,21,21,true,EN_016_5,ES_016_5,/Users/nilakshanraveendran/Documents/research/data/raw/DRAL16kHz/fragments-short/EN_016_5.wav,/Users/nilakshanraveendran/Documents/research/data/raw/DRAL16kHz/fragments-short/ES_016_5.wav,what kind of advice I would even give myself.,¿Qué tipo de consejo me daría a mí misma?,train
EN_016_6__ES_016_6,21,21,true,EN_016_6,ES_016_6,/Users/nilakshanraveendran/Documents/research/data/raw/DRAL16kHz/fragments-short/EN_016_6.wav,/Users/nilakshanraveendran/Documents/research/data/raw/DRAL16kHz/fragments-short/ES_016_6.wav,when I was joining UTEP.,cuando estaba entrando a UTEP.,train
EN_016_7__ES_016_7,21,21,true,EN_016_7,ES_016_7,/Users/nilakshanraveendran/Documents/research/data/raw/DRAL16kHz/fragments-short/EN_016_7.wav,/Users/nilakshanraveendran/Documents/research/data/raw/DRAL16kHz/fragments-short/ES_016_7.wav,is to get involved.,sería involucrarse,train
EN_016_8__ES_016_8,21,21,true,EN_016_8,ES_016_8,/Users/nilakshanraveendran/Documents/research/data/raw/DRAL16kHz/fragments-short/EN_016_8.wav,/Users/nilakshanraveendran/Documents/research/data/raw/DRAL16kHz/fragments-short/ES_016_8.wav,like to get involved in any student organization.,"o sea, involucrarse en cualquier organización de estudiantes.",train
EN_016_9__ES_016_9,21,21,true,EN_016_9,ES_016_9,/Users/nilakshanraveendran/Documents/research/data/raw/DRAL16kHz/fragments-short/EN_016_9.wav,/Users/nilakshanraveendran/Documents/research/data/raw/DRAL16kHz/fragments-short/ES_016_9.wav,"It's always, like, really important and a really good idea to get involved.",Siempre es muy importante y muy buena idea involucrarse.,train
EN_017_10__ES_017_10,2,2,true,EN_017_10,ES_017_10,/Users/nilakshanraveendran/Documents/research/data/raw/DRAL16kHz/fragments-short/EN_017_10.wav,/Users/nilakshanraveendran/Documents/research/data/raw/DRAL16kHz/fragments-short/ES_017_10.wav,gap?,espacio,train
EN_017_11__ES_017_11,17,17,true,EN_017_11,ES_017_11,/Users/nilakshanraveendran/Documents/research/data/raw/DRAL16kHz/fragments-short/EN_017_11.wav,/Users/nilakshanraveendran/Documents/research/data/raw/DRAL16kHz/fragments-short/ES_017_11.wav,"Yeah, and...","Sí, y...",train
EN_017_12__ES_017_12,2,2,true,EN_017_12,ES_017_12,/Users/nilakshanraveendran/Documents/research/data/raw/DRAL16kHz/fragments-short/EN_017_12.wav,/Users/nilakshanraveendran/Documents/research/data/raw/DRAL16kHz/fragments-short/ES_017_12.wav,But why is there a gap in the first place?,Pero porque hay un espacio en el primer lugar.,train
EN_017_13__ES_017_13,17,17,true,EN_017_13,ES_017_13,/Users/nilakshanraveendran/Documents/research/data/raw/DRAL16kHz/fragments-short/EN_017_13.wav,/Users/nilakshanraveendran/Documents/research/data/raw/DRAL16kHz/fragments-short/ES_017_13.wav,"I've been trying to give uh... give this, give it a chance","he tratado de darles, intentarlo",train
EN_017_14__ES_017_14,2,2,true,EN_017_14,ES_017_14,/Users/nilakshanraveendran/Documents/research/data/raw/DRAL16kHz/fragments-short/EN_017_14.wav,/Users/nilakshanraveendran/Documents/research/data/raw/DRAL16kHz/fragments-short/ES_017_14.wav,Give it a chance.,Intentarlo.,train
EN_017_15__ES_017_15,17,17,true,EN_017_15,ES_017_15,/Users/nilakshanraveendran/Documents/research/data/raw/DRAL16kHz/fragments-short/EN_017_15.wav,/Users/nilakshanraveendran/Documents/research/data/raw/DRAL16kHz/fragments-short/ES_017_15.wav,It's a matter of humbling myself.,Es una manera de hacerme más humilde.,train
EN_017_16__ES_017_16,17,17,true,EN_017_16,ES_017_16,/Users/nilakshanraveendran/Documents/research/data/raw/DRAL16kHz/fragments-short/EN_017_16.wav,/Users/nilakshanraveendran/Documents/research/data/raw/DRAL16kHz/fragments-short/ES_017_16.wav,but also understanding that it's not my fault.,pero también entendiendo que no todo es mi culpa.,train
EN_017_17__ES_017_17,17,17,true,EN_017_17,ES_017_17,/Users/nilakshanraveendran/Documents/research/data/raw/DRAL16kHz/fragments-short/EN_017_17.wav,/Users/nilakshanraveendran/Documents/research/data/raw/DRAL16kHz/fragments-short/ES_017_17.wav,"ah, I don't know about like jumping into another like relationship","Ay, yo no sé de eso de, irme a otra relación.",train
EN_017_18__ES_017_18,2,2,true,EN_017_18,ES_017_18,/Users/nilakshanraveendran/Documents/research/data/raw/DRAL16kHz/fragments-short/EN_017_18.wav,/Users/nilakshanraveendran/Documents/research/data/raw/DRAL16kHz/fragments-short/ES_017_18.wav,Yeah.,Sí.,train
EN_017_19__ES_017_19,17,17,true,EN_017_19,ES_017_19,/Users/nilakshanraveendran/Documents/research/data/raw/DRAL16kHz/fragments-short/EN_017_19.wav,/Users/nilakshanraveendran/Documents/research/data/raw/DRAL16kHz/fragments-short/ES_017_19.wav,stuck with giving all of myself to one person.,"Atrapado, dando todo lo que yo soy a una persona.",train
EN_017_1__ES_017_1,2,2,true,EN_017_1,ES_017_1,/Users/nilakshanraveendran/Documents/research/data/raw/DRAL16kHz/fragments-short/EN_017_1.wav,/Users/nilakshanraveendran/Documents/research/data/raw/DRAL16kHz/fragments-short/ES_017_1.wav,I don't know. I've always been pretty bad at placing blame.,"No sé, siempre he batallado en echar culpa.",train
EN_017_20__ES_017_20,17,17,true,EN_017_20,ES_017_20,/Users/nilakshanraveendran/Documents/research/data/raw/DRAL16kHz/fragments-short/EN_017_20.wav,/Users/nilakshanraveendran/Documents/research/data/raw/DRAL16kHz/fragments-short/ES_017_20.wav,regardless if they would give anything back.,sin importar si dieran algo a mí,train
EN_017_2__ES_017_2,17,17,true,EN_017_2,ES_017_2,/Users/nilakshanraveendran/Documents/research/data/raw/DRAL16kHz/fragments-short/EN_017_2.wav,/Users/nilakshanraveendran/Documents/research/data/raw/DRAL16kHz/fragments-short/ES_017_2.wav,"feels that same way. It's, it's very difficult.",siente de la misma manera es muy difícil,train
EN_017_3__ES_017_3,2,2,true,EN_017_3,ES_017_3,/Users/nilakshanraveendran/Documents/research/data/raw/DRAL16kHz/fragments-short/EN_017_3.wav,/Users/nilakshanraveendran/Documents/research/data/raw/DRAL16kHz/fragments-short/ES_017_3.wav,Yeah.,Sí.,train
EN_017_4__ES_017_4,17,17,true,EN_017_4,ES_017_4,/Users/nilakshanraveendran/Documents/research/data/raw/DRAL16kHz/fragments-short/EN_017_4.wav,/Users/nilakshanraveendran/Documents/research/data/raw/DRAL16kHz/fragments-short/ES_017_4.wav,"My girlfriend's in Cruces, so she doesn't get to show up a lot.","Mi novia está en cruces, so no puedo verla muy a menudo.",train
EN_017_5__ES_017_5,17,17,true,EN_017_5,ES_017_5,/Users/nilakshanraveendran/Documents/research/data/raw/DRAL16kHz/fragments-short/EN_017_5.wav,/Users/nilakshanraveendran/Documents/research/data/raw/DRAL16kHz/fragments-short/ES_017_5.wav,He felt like maybe I was hitting on her.,Él pensaba que quizá andaba coqueteando con ella.,train
EN_017_6__ES_017_6,2,2,true,EN_017_6,ES_017_6,/Users/nilakshanraveendran/Documents/research/data/raw/DRAL16kHz/fragments-short/EN_017_6.wav,/Users/nilakshanraveendran/Documents/research/data/raw/DRAL16kHz/fragments-short/ES_017_6.wav,Okay.,okey,train
EN_017_7__ES_017_7,17,17,true,EN_017_7,ES_017_7,/Users/nilakshanraveendran/Documents/research/data/raw/DRAL16kHz/fragments-short/EN_017_7.wav,/Users/nilakshanraveendran/Documents/research/data/raw/DRAL16kHz/fragments-short/ES_017_7.wav,It's difficult because I was drunk. She was drunk.,Es difícil porque yo estaba borracho y ella estaba borracha.,train
EN_017_8__ES_017_8,17,17,true,EN_017_8,ES_017_8,/Users/nilakshanraveendran/Documents/research/data/raw/DRAL16kHz/fragments-short/EN_017_8.wav,/Users/nilakshanraveendran/Documents/research/data/raw/DRAL16kHz/fragments-short/ES_017_8.wav,"Guilty, but not like in an extreme way.","Culpa, pero no de una manera extrema.",train
EN_017_9__ES_017_9,17,17,true,EN_017_9,ES_017_9,/Users/nilakshanraveendran/Documents/research/data/raw/DRAL16kHz/fragments-short/EN_017_9.wav,/Users/nilakshanraveendran/Documents/research/data/raw/DRAL16kHz/fragments-short/ES_017_9.wav,"you know, just fill in the gap with like more people.",Tú sabes llenar el espacio con más gente,train
EN_018_10__ES_018_10,18,18,true,EN_018_10,ES_018_10,/Users/nilakshanraveendran/Documents/research/data/raw/DRAL16kHz/fragments-short/EN_018_10.wav,/Users/nilakshanraveendran/Documents/research/data/raw/DRAL16kHz/fragments-short/ES_018_10.wav,Do you think that's a good advice?,¿Piensas como que es un buen consejo?,test
EN_018_11__ES_018_11,22,22,true,EN_018_11,ES_018_11,/Users/nilakshanraveendran/Documents/research/data/raw/DRAL16kHz/fragments-short/EN_018_11.wav,/Users/nilakshanraveendran/Documents/research/data/raw/DRAL16kHz/fragments-short/ES_018_11.wav,You wouldn't have to wait till a test to know how you're doing.,Así no tendrías que esperar hasta una prueba para saber cómo te va.,test
EN_018_12__ES_018_12,18,18,true,EN_018_12,ES_018_12,/Users/nilakshanraveendran/Documents/research/data/raw/DRAL16kHz/fragments-short/EN_018_12.wav,/Users/nilakshanraveendran/Documents/research/data/raw/DRAL16kHz/fragments-short/ES_018_12.wav,"what have been like, some challenges for you in this career.",¿Cuáles han sido como algunos retos en tu carrera?,test
EN_018_13__ES_018_13,18,18,true,EN_018_13,ES_018_13,/Users/nilakshanraveendran/Documents/research/data/raw/DRAL16kHz/fragments-short/EN_018_13.wav,/Users/nilakshanraveendran/Documents/research/data/raw/DRAL16kHz/fragments-short/ES_018_13.wav,"to make friends in CS, like especially in your classes.","Para hacer amigos en CS, especialmente en tus clases.",test
EN_018_14__ES_018_14,18,18,true,EN_018_14,ES_018_14,/Users/nilakshanraveendran/Documents/research/data/raw/DRAL16kHz/fragments-short/EN_018_14.wav,/Users/nilakshanraveendran/Documents/research/data/raw/DRAL16kHz/fragments-short/ES_018_14.wav,but also like you get to know other CS students from different levels.,"Pero también ah, puedes conocer otros estudiantes de CS en otros niveles.",test
EN_018_15__ES_018_15,18,18,true,EN_018_15,ES_018_15,/Users/nilakshanraveendran/Documents/research/data/raw/DRAL16kHz/fragments-short/EN_018_15.wav,/Users/nilakshanraveendran/Documents/research/data/raw/DRAL16kHz/fragments-short/ES_018_15.wav,They give me suggestions about what professors to take.,Me dieron sugerencias acerca de cuan- cuáles profesores tomar.,test
EN_018_16__ES_018_16,18,18,true,EN_018_16,ES_018_16,/Users/nilakshanraveendran/Documents/research/data/raw/DRAL16kHz/fragments-short/EN_018_16.wav,/Users/nilakshanraveendran/Documents/research/data/raw/DRAL16kHz/fragments-short/ES_018_16.wav,And I think that's a good suggestion for anybody.,Y yo pienso que esa es una gran sugerencia para cualquiera.,test
EN_018_17__ES_018_17,18,18,true,EN_018_17,ES_018_17,/Users/nilakshanraveendran/Documents/research/data/raw/DRAL16kHz/fragments-short/EN_018_17.wav,/Users/nilakshanraveendran/Documents/research/data/raw/DRAL16kHz/fragments-short/ES_018_17.wav,and this professor said like oh we're having a general meeting for the computer science club,Y este profesor dijo como oh vamos a tener una junta para el- para el grupo de CS.,test
EN_018_18__ES_018_18,18,18,true,EN_018_18,ES_018_18,/Users/nilakshanraveendran/Documents/research/data/raw/DRAL16kHz/fragments-short/EN_018_18.wav,/Users/nilakshanraveendran/Documents/research/data/raw/DRAL16kHz/fragments-short/ES_018_18.wav,"the people were, were, very rude and everything",Que la gente era como muy grosera y todo.,test
EN_018_19__ES_018_19,18,18,true,EN_018_19,ES_018_19,/Users/nilakshanraveendran/Documents/research/data/raw/DRAL16kHz/fragments-short/EN_018_19.wav,/Users/nilakshanraveendran/Documents/research/data/raw/DRAL16kHz/fragments-short/ES_018_19.wav,They were looking for parties outside of school. You know what I mean? Like.,Estaban buscando como fiestas fuera de la escuela ¿me entiendes?,test
EN_018_1__ES_018_1,18,18,true,EN_018_1,ES_018_1,/Users/nilakshanraveendran/Documents/research/data/raw/DRAL16kHz/fragments-short/EN_018_1.wav,/Users/nilakshanraveendran/Documents/research/data/raw/DRAL16kHz/fragments-short/ES_018_1.wav,"uh, can you give me like, three pieces of advice?","Um, ¿me das tres consejos?",test
EN_018_20__ES_018_20,18,18,true,EN_018_20,ES_018_20,/Users/nilakshanraveendran/Documents/research/data/raw/DRAL16kHz/fragments-short/EN_018_20.wav,/Users/nilakshanraveendran/Documents/research/data/raw/DRAL16kHz/fragments-short/ES_018_20.wav,and they told me that I needed to be a CS student to be in the club.,Entonces me dijeron como que necesitaba ser una estudiante de CS para unirme al club.,test
EN_018_2__ES_018_2,22,22,true,EN_018_2,ES_018_2,/Users/nilakshanraveendran/Documents/research/data/raw/DRAL16kHz/fragments-short/EN_018_2.wav,/Users/nilakshanraveendran/Documents/research/data/raw/DRAL16kHz/fragments-short/ES_018_2.wav,make friends honestly in the CS department,"Honestamente, haz amigos en el departamento de CS.",test
EN_018_3__ES_018_3,22,22,true,EN_018_3,ES_018_3,/Users/nilakshanraveendran/Documents/research/data/raw/DRAL16kHz/fragments-short/EN_018_3.wav,/Users/nilakshanraveendran/Documents/research/data/raw/DRAL16kHz/fragments-short/ES_018_3.wav,That's really like the biggest advice I have,"En realidad, ese es el mejor consejo que tengo.",test
EN_018_4__ES_018_4,22,22,true,EN_018_4,ES_018_4,/Users/nilakshanraveendran/Documents/research/data/raw/DRAL16kHz/fragments-short/EN_018_4.wav,/Users/nilakshanraveendran/Documents/research/data/raw/DRAL16kHz/fragments-short/ES_018_4.wav,Would we try to do everything as soon as it gets assigned?,"Sería que trates, de hacer todo, en cuanto te lo asignen.",test
EN_018_5__ES_018_5,22,22,true,EN_018_5,ES_018_5,/Users/nilakshanraveendran/Documents/research/data/raw/DRAL16kHz/fragments-short/EN_018_5.wav,/Users/nilakshanraveendran/Documents/research/data/raw/DRAL16kHz/fragments-short/ES_018_5.wav,Don't wait last minute.,No te esperes a último minuto.,test
EN_018_6__ES_018_6,22,22,true,EN_018_6,ES_018_6,/Users/nilakshanraveendran/Documents/research/data/raw/DRAL16kHz/fragments-short/EN_018_6.wav,/Users/nilakshanraveendran/Documents/research/data/raw/DRAL16kHz/fragments-short/ES_018_6.wav,"Yeah, just do assignments as soon as you get assigned.",Sí nomás haz los trabajos en cuanto te los asignen.,test
EN_018_7__ES_018_7,18,18,true,EN_018_7,ES_018_7,/Users/nilakshanraveendran/Documents/research/data/raw/DRAL16kHz/fragments-short/EN_018_7.wav,/Users/nilakshanraveendran/Documents/research/data/raw/DRAL16kHz/fragments-short/ES_018_7.wav,Would you recommend me to visit office hours frequently?,Uh ¿me recomendarías visitar las horas de oficina frecuentemente?,test
EN_018_8__ES_018_8,18,18,true,EN_018_8,ES_018_8,/Users/nilakshanraveendran/Documents/research/data/raw/DRAL16kHz/fragments-short/EN_018_8.wav,/Users/nilakshanraveendran/Documents/research/data/raw/DRAL16kHz/fragments-short/ES_018_8.wav,But like how many times a semester?,¿Pero cuántas veces al semestre?,test
EN_018_9__ES_018_9,18,18,true,EN_018_9,ES_018_9,/Users/nilakshanraveendran/Documents/research/data/raw/DRAL16kHz/fragments-short/EN_018_9.wav,/Users/nilakshanraveendran/Documents/research/data/raw/DRAL16kHz/fragments-short/ES_018_9.wav,but what if you don't need them like you think you don't need them,Pero como si no las necesitas como si piensas que no las necesitas.,test
EN_019_10__ES_019_10,19,19,true,EN_019_10,ES_019_10,/Users/nilakshanraveendran/Documents/research/data/raw/DRAL16kHz/fragments-short/EN_019_10.wav,/Users/nilakshanraveendran/Documents/research/data/raw/DRAL16kHz/fragments-short/ES_019_10.wav,Because recently I had heard that there was this movie where all three Spider-Men had come out.,Porque recienmente había oído que había una película donde salían los tres Spiderman.,train
EN_019_11__ES_019_11,19,19,true,EN_019_11,ES_019_11,/Users/nilakshanraveendran/Documents/research/data/raw/DRAL16kHz/fragments-short/EN_019_11.wav,/Users/nilakshanraveendran/Documents/research/data/raw/DRAL16kHz/fragments-short/ES_019_11.wav,When I saw the page for Doctor Strange it said that he had already come out in six movies for Marvel.,"Cuando vi la página de- de Doctor Strange, decía que ya ha salido en seis películas de Marvel.",train
EN_019_12__ES_019_12,19,19,true,EN_019_12,ES_019_12,/Users/nilakshanraveendran/Documents/research/data/raw/DRAL16kHz/fragments-short/EN_019_12.wav,/Users/nilakshanraveendran/Documents/research/data/raw/DRAL16kHz/fragments-short/ES_019_12.wav,And I'm sitting here thinking like he already has one movie for himself and then he comes out in five other ones,"Y yo estoy pensando aquí como que, ok, tiene su propia película y luego todavia salen cinco otras.",train
EN_019_13__ES_019_13,2,2,true,EN_019_13,ES_019_13,/Users/nilakshanraveendran/Documents/research/data/raw/DRAL16kHz/fragments-short/EN_019_13.wav,/Users/nilakshanraveendran/Documents/research/data/raw/DRAL16kHz/fragments-short/ES_019_13.wav,But we watch like one every week.,"Pero, la vi- vimos como una cada semana.",train
EN_019_14__ES_019_14,2,2,true,EN_019_14,ES_019_14,/Users/nilakshanraveendran/Documents/research/data/raw/DRAL16kHz/fragments-short/EN_019_14.wav,/Users/nilakshanraveendran/Documents/research/data/raw/DRAL16kHz/fragments-short/ES_019_14.wav,"No, just kidding. We watch like one a day.","No no te creas, vimos como una cada día.",train
EN_019_15__ES_019_15,2,2,true,EN_019_15,ES_019_15,/Users/nilakshanraveendran/Documents/research/data/raw/DRAL16kHz/fragments-short/EN_019_15.wav,/Users/nilakshanraveendran/Documents/research/data/raw/DRAL16kHz/fragments-short/ES_019_15.wav,because we were in the pandemic.,Porque era en la pandemia.,train
EN_019_16__ES_019_16,19,19,true,EN_019_16,ES_019_16,/Users/nilakshanraveendran/Documents/research/data/raw/DRAL16kHz/fragments-short/EN_019_16.wav,/Users/nilakshanraveendran/Documents/research/data/raw/DRAL16kHz/fragments-short/ES_019_16.wav,Wow.,Wow [risa].,train
EN_019_17__ES_019_17,19,19,true,EN_019_17,ES_019_17,/Users/nilakshanraveendran/Documents/research/data/raw/DRAL16kHz/fragments-short/EN_019_17.wav,/Users/nilakshanraveendran/Documents/research/data/raw/DRAL16kHz/fragments-short/ES_019_17.wav,but you don't get tired of watching.,Pero no te cansas de verl-,train
EN_019_18__ES_019_18,2,2,true,EN_019_18,ES_019_18,/Users/nilakshanraveendran/Documents/research/data/raw/DRAL16kHz/fragments-short/EN_019_18.wav,/Users/nilakshanraveendran/Documents/research/data/raw/DRAL16kHz/fragments-short/ES_019_18.wav,Nah.,No.,train
EN_019_19__ES_019_19,19,19,true,EN_019_19,ES_019_19,/Users/nilakshanraveendran/Documents/research/data/raw/DRAL16kHz/fragments-short/EN_019_19.wav,/Users/nilakshanraveendran/Documents/research/data/raw/DRAL16kHz/fragments-short/ES_019_19.wav,But do you think that someone who hasn't seen a Marvel movie can just watch any movie or is there any specific movies they have to watch?,"Pero crees que alguien que no ha visto ninguna Marvel película puede comenzar a ver, la que sea o hay algunas películas que debes que verla-",train
EN_019_1__ES_019_1,2,2,true,EN_019_1,ES_019_1,/Users/nilakshanraveendran/Documents/research/data/raw/DRAL16kHz/fragments-short/EN_019_1.wav,/Users/nilakshanraveendran/Documents/research/data/raw/DRAL16kHz/fragments-short/ES_019_1.wav,explain why you should watch the Marvel movies,Me explican por qué deberías de ver las películas de Marvel.,train
EN_019_20__ES_019_20,19,19,true,EN_019_20,ES_019_20,/Users/nilakshanraveendran/Documents/research/data/raw/DRAL16kHz/fragments-short/EN_019_20.wav,/Users/nilakshanraveendran/Documents/research/data/raw/DRAL16kHz/fragments-short/ES_019_20.wav,"I haven't seen them, well, because I haven't seen them, but I don't know.","No las he visto, bueno porque no las he visto pero pues no sé.",train
EN_019_21__ES_019_21,19,19,true,EN_019_21,ES_019_21,/Users/nilakshanraveendran/Documents/research/data/raw/DRAL16kHz/fragments-short/EN_019_21.wav,/Users/nilakshanraveendran/Documents/research/data/raw/DRAL16kHz/fragments-short/ES_019_21.wav,I've always thought that like...,Yo siempre pensaba que,train
EN_019_22__ES_019_22,19,19,true,EN_019_22,ES_019_22,/Users/nilakshanraveendran/Documents/research/data/raw/DRAL16kHz/fragments-short/EN_019_22.wav,/Users/nilakshanraveendran/Documents/research/data/raw/DRAL16kHz/fragments-short/ES_019_22.wav,already know what's going to happen.,Como que ya voy a saber que va a pasar,train
EN_019_23__ES_019_23,19,19,true,EN_019_23,ES_019_23,/Users/nilakshanraveendran/Documents/research/data/raw/DRAL16kHz/fragments-short/EN_019_23.wav,/Users/nilakshanraveendran/Documents/research/data/raw/DRAL16kHz/fragments-short/ES_019_23.wav,"well, it's a story about a superhero and then...",pues es una historia de un superhéroe entonces,train
EN_019_24__ES_019_24,2,2,true,EN_019_24,ES_019_24,/Users/nilakshanraveendran/Documents/research/data/raw/DRAL16kHz/fragments-short/EN_019_24.wav,/Users/nilakshanraveendran/Documents/research/data/raw/DRAL16kHz/fragments-short/ES_019_24.wav,"Superhero, um, hmm.",superhéroe mm-hmm,train
EN_019_25__ES_019_25,19,19,true,EN_019_25,ES_019_25,/Users/nilakshanraveendran/Documents/research/data/raw/DRAL16kHz/fragments-short/EN_019_25.wav,/Users/nilakshanraveendran/Documents/research/data/raw/DRAL16kHz/fragments-short/ES_019_25.wav,I imagine that every movie starts off with,Me imagino que cada película comienza con,train
EN_019_26__ES_019_26,19,19,true,EN_019_26,ES_019_26,/Users/nilakshanraveendran/Documents/research/data/raw/DRAL16kHz/fragments-short/EN_019_26.wav,/Users/nilakshanraveendran/Documents/research/data/raw/DRAL16kHz/fragments-short/ES_019_26.wav,"maybe something about how they started, and then just","una historia de, a lo mejor como comenzó o nomás",train
EN_019_27__ES_019_27,19,19,true,EN_019_27,ES_019_27,/Users/nilakshanraveendran/Documents/research/data/raw/DRAL16kHz/fragments-short/EN_019_27.wav,/Users/nilakshanraveendran/Documents/research/data/raw/DRAL16kHz/fragments-short/ES_019_27.wav,uh stop them from destroying the city or something like that,"a pararlo, destruir la ciudad o algo así",train
EN_019_28__ES_019_28,19,19,true,EN_019_28,ES_019_28,/Users/nilakshanraveendran/Documents/research/data/raw/DRAL16kHz/fragments-short/EN_019_28.wav,/Users/nilakshanraveendran/Documents/research/data/raw/DRAL16kHz/fragments-short/ES_019_28.wav,[inbreath] What's gonna happen? Whatever. Maybe he's gonna die.,"qué va a pasar, lo que sea a lo mejor se va a morir",train
EN_019_29__ES_019_29,19,19,true,EN_019_29,ES_019_29,/Users/nilakshanraveendran/Documents/research/data/raw/DRAL16kHz/fragments-short/EN_019_29.wav,/Users/nilakshanraveendran/Documents/research/data/raw/DRAL16kHz/fragments-short/ES_019_29.wav,"He's fine at the end, he saves the day.","está bien al final, rescata el día",train
EN_019_2__ES_019_2,2,2,true,EN_019_2,ES_019_2,/Users/nilakshanraveendran/Documents/research/data/raw/DRAL16kHz/fragments-short/EN_019_2.wav,/Users/nilakshanraveendran/Documents/research/data/raw/DRAL16kHz/fragments-short/ES_019_2.wav,My first point.,Mi primer punto.,train
EN_019_30__ES_019_30,19,19,true,EN_019_30,ES_019_30,/Users/nilakshanraveendran/Documents/research/data/raw/DRAL16kHz/fragments-short/EN_019_30.wav,/Users/nilakshanraveendran/Documents/research/data/raw/DRAL16kHz/fragments-short/ES_019_30.wav,"But at the end, because it's a Marvel movie, there has to be more.","Pero al final, como es películas de Marvel, debe caber más.",train
EN_019_31__ES_019_31,2,2,true,EN_019_31,ES_019_31,/Users/nilakshanraveendran/Documents/research/data/raw/DRAL16kHz/fragments-short/EN_019_31.wav,/Users/nilakshanraveendran/Documents/research/data/raw/DRAL16kHz/fragments-short/ES_019_31.wav,Something's gonna happen.,Algo va a pasar.,train
EN_019_32__ES_019_32,19,19,true,EN_019_32,ES_019_32,/Users/nilakshanraveendran/Documents/research/data/raw/DRAL16kHz/fragments-short/EN_019_32.wav,/Users/nilakshanraveendran/Documents/research/data/raw/DRAL16kHz/fragments-short/ES_019_32.wav,at the end there's always something that tells you like,Al final hay algo que te dice así como que,train
EN_019_33__ES_019_33,19,19,true,EN_019_33,ES_019_33,/Users/nilakshanraveendran/Documents/research/data/raw/DRAL16kHz/fragments-short/EN_019_33.wav,/Users/nilakshanraveendran/Documents/research/data/raw/DRAL16kHz/fragments-short/ES_019_33.wav,now you have have to wait until the next movie.,ahora debes que esperar hasta la segunda,train
EN_019_34__ES_019_34,2,2,true,EN_019_34,ES_019_34,/Users/nilakshanraveendran/Documents/research/data/raw/DRAL16kHz/fragments-short/EN_019_34.wav,/Users/nilakshanraveendran/Documents/research/data/raw/DRAL16kHz/fragments-short/ES_019_34.wav,"recorded, yeah how they recorded, the lights","graban, ajá la manera en que lo graban, las luces",train
EN_019_35__ES_019_35,19,19,true,EN_019_35,ES_019_35,/Users/nilakshanraveendran/Documents/research/data/raw/DRAL16kHz/fragments-short/EN_019_35.wav,/Users/nilakshanraveendran/Documents/research/data/raw/DRAL16kHz/fragments-short/ES_019_35.wav,how they move the camera.,como mueven la cámara,train
EN_019_36__ES_019_36,19,19,true,EN_019_36,ES_019_36,/Users/nilakshanraveendran/Documents/research/data/raw/DRAL16kHz/fragments-short/EN_019_36.wav,/Users/nilakshanraveendran/Documents/research/data/raw/DRAL16kHz/fragments-short/ES_019_36.wav,"Yeah, a lot of people have their favorite superhero guy.",si mucha gente tiene su favorito um,train
EN_019_37__ES_019_37,19,19,true,EN_019_37,ES_019_37,/Users/nilakshanraveendran/Documents/research/data/raw/DRAL16kHz/fragments-short/EN_019_37.wav,/Users/nilakshanraveendran/Documents/research/data/raw/DRAL16kHz/fragments-short/ES_019_37.wav,"Well, it could be favorites for her girl, maybe",bueno pues también favorita a lo mejor,train
EN_019_38__ES_019_38,19,19,true,EN_019_38,ES_019_38,/Users/nilakshanraveendran/Documents/research/data/raw/DRAL16kHz/fragments-short/EN_019_38.wav,/Users/nilakshanraveendran/Documents/research/data/raw/DRAL16kHz/fragments-short/ES_019_38.wav,Thor is...,Thor es,train
EN_019_39__ES_019_39,2,2,true,EN_019_39,ES_019_39,/Users/nilakshanraveendran/Documents/research/data/raw/DRAL16kHz/fragments-short/EN_019_39.wav,/Users/nilakshanraveendran/Documents/research/data/raw/DRAL16kHz/fragments-short/ES_019_39.wav,The blonde guy with the long hair.,El güerito con pelo largo.,train
EN_019_3__ES_019_3,19,19,true,EN_019_3,ES_019_3,/Users/nilakshanraveendran/Documents/research/data/raw/DRAL16kHz/fragments-short/EN_019_3.wav,/Users/nilakshanraveendran/Documents/research/data/raw/DRAL16kHz/fragments-short/ES_019_3.wav,"So maybe you can give me points that I should watch them, and I can give you points for not to watch them.","A lo mejor tu- tu me puedes decir puntos, para que, debes que ver y yo te puedo dar puntos para que no debes que ver",train
EN_019_40__ES_019_40,19,19,true,EN_019_40,ES_019_40,/Users/nilakshanraveendran/Documents/research/data/raw/DRAL16kHz/fragments-short/EN_019_40.wav,/Users/nilakshanraveendran/Documents/research/data/raw/DRAL16kHz/fragments-short/ES_019_40.wav,But who's the actor?,pero quién es el actor,train
EN_019_41__ES_019_41,19,19,true,EN_019_41,ES_019_41,/Users/nilakshanraveendran/Documents/research/data/raw/DRAL16kHz/fragments-short/EN_019_41.wav,/Users/nilakshanraveendran/Documents/research/data/raw/DRAL16kHz/fragments-short/ES_019_41.wav,"uh, the one that comes out in Game of Thrones? He also has long hair.",um el que sale en Game of Thrones también tiene pelo largo,train
EN_019_42__ES_019_42,2,2,true,EN_019_42,ES_019_42,/Users/nilakshanraveendran/Documents/research/data/raw/DRAL16kHz/fragments-short/EN_019_42.wav,/Users/nilakshanraveendran/Documents/research/data/raw/DRAL16kHz/fragments-short/ES_019_42.wav,"Oh, yeah.","Oh, sí.",train
EN_019_43__ES_019_43,19,19,true,EN_019_43,ES_019_43,/Users/nilakshanraveendran/Documents/research/data/raw/DRAL16kHz/fragments-short/EN_019_43.wav,/Users/nilakshanraveendran/Documents/research/data/raw/DRAL16kHz/fragments-short/ES_019_43.wav,"Well, I imagine that people have many different reasons, but...","Bueno pues imagino que mucha gente tiene diferentes razones, pero",train
EN_019_44__ES_019_44,19,19,true,EN_019_44,ES_019_44,/Users/nilakshanraveendran/Documents/research/data/raw/DRAL16kHz/fragments-short/EN_019_44.wav,/Users/nilakshanraveendran/Documents/research/data/raw/DRAL16kHz/fragments-short/ES_019_44.wav,Both.,los dos,train
EN_019_45__ES_019_45,2,2,true,EN_019_45,ES_019_45,/Users/nilakshanraveendran/Documents/research/data/raw/DRAL16kHz/fragments-short/EN_019_45.wav,/Users/nilakshanraveendran/Documents/research/data/raw/DRAL16kHz/fragments-short/ES_019_45.wav,Oh.,Oh.,train
EN_019_46__ES_019_46,19,19,true,EN_019_46,ES_019_46,/Users/nilakshanraveendran/Documents/research/data/raw/DRAL16kHz/fragments-short/EN_019_46.wav,/Users/nilakshanraveendran/Documents/research/data/raw/DRAL16kHz/fragments-short/ES_019_46.wav,"Like, I don't really like movies where they're showing...",Como que no me gusta así las películas que están pasando,train
EN_019_47__ES_019_47,19,19,true,EN_019_47,ES_019_47,/Users/nilakshanraveendran/Documents/research/data/raw/DRAL16kHz/fragments-short/EN_019_47.wav,/Users/nilakshanraveendran/Documents/research/data/raw/DRAL16kHz/fragments-short/ES_019_47.wav,scenes where they're happening too fast.,"Escenas, bien rápidas.",train
EN_019_48__ES_019_48,2,2,true,EN_019_48,ES_019_48,/Users/nilakshanraveendran/Documents/research/data/raw/DRAL16kHz/fragments-short/EN_019_48.wav,/Users/nilakshanraveendran/Documents/research/data/raw/DRAL16kHz/fragments-short/ES_019_48.wav,"Oh, you get dizzy? or what?","Oh, ¿te mareas o qué?",train
EN_019_49__ES_019_49,19,19,true,EN_019_49,ES_019_49,/Users/nilakshanraveendran/Documents/research/data/raw/DRAL16kHz/fragments-short/EN_019_49.wav,/Users/nilakshanraveendran/Documents/research/data/raw/DRAL16kHz/fragments-short/ES_019_49.wav,"Um, no.",Um no,train
EN_019_4__ES_019_4,2,2,true,EN_019_4,ES_019_4,/Users/nilakshanraveendran/Documents/research/data/raw/DRAL16kHz/fragments-short/EN_019_4.wav,/Users/nilakshanraveendran/Documents/research/data/raw/DRAL16kHz/fragments-short/ES_019_4.wav,"Okay, okay.","Okey, okey.",train
EN_019_50__ES_019_50,2,2,true,EN_019_50,ES_019_50,/Users/nilakshanraveendran/Documents/research/data/raw/DRAL16kHz/fragments-short/EN_019_50.wav,/Users/nilakshanraveendran/Documents/research/data/raw/DRAL16kHz/fragments-short/ES_019_50.wav,"Or does it seem too much like, ugh?",A lo más se te hace mucho como que hay,train
EN_019_51__ES_019_51,19,19,true,EN_019_51,ES_019_51,/Users/nilakshanraveendran/Documents/research/data/raw/DRAL16kHz/fragments-short/EN_019_51.wav,/Users/nilakshanraveendran/Documents/research/data/raw/DRAL16kHz/fragments-short/ES_019_51.wav,It doesn't have a...,no tiene como,train
EN_019_52__ES_019_52,19,19,true,EN_019_52,ES_019_52,/Users/nilakshanraveendran/Documents/research/data/raw/DRAL16kHz/fragments-short/EN_019_52.wav,/Users/nilakshanraveendran/Documents/research/data/raw/DRAL16kHz/fragments-short/ES_019_52.wav,"Well, I guess it really depends on the person, but it doesn't have a...","Bueno pues es que nomás depende de la persona, pero no tiene como...",train
EN_019_53__ES_019_53,19,19,true,EN_019_53,ES_019_53,/Users/nilakshanraveendran/Documents/research/data/raw/DRAL16kHz/fragments-short/EN_019_53.wav,/Users/nilakshanraveendran/Documents/research/data/raw/DRAL16kHz/fragments-short/ES_019_53.wav,The only movies that I've seen are,Las únicas flecas que he visto es...,train
EN_019_54__ES_019_54,19,19,true,EN_019_54,ES_019_54,/Users/nilakshanraveendran/Documents/research/data/raw/DRAL16kHz/fragments-short/EN_019_54.wav,/Users/nilakshanraveendran/Documents/research/data/raw/DRAL16kHz/fragments-short/ES_019_54.wav,The first one of Iron Man.,La primera de Iron Man.,train
EN_019_55__ES_019_55,19,19,true,EN_019_55,ES_019_55,/Users/nilakshanraveendran/Documents/research/data/raw/DRAL16kHz/fragments-short/EN_019_55.wav,/Users/nilakshanraveendran/Documents/research/data/raw/DRAL16kHz/fragments-short/ES_019_55.wav,"the Spider-Man ones, the ones with, um, uh, Tobey Maguire.","Las Spiderman, de, de um Tobey Maguire.",train
EN_019_5__ES_019_5,2,2,true,EN_019_5,ES_019_5,/Users/nilakshanraveendran/Documents/research/data/raw/DRAL16kHz/fragments-short/EN_019_5.wav,/Users/nilakshanraveendran/Documents/research/data/raw/DRAL16kHz/fragments-short/ES_019_5.wav,I say you should watch Marvel movies because...,Yo digo que deberías de ver películas de Marvel porque,train
EN_019_6__ES_019_6,2,2,true,EN_019_6,ES_019_6,/Users/nilakshanraveendran/Documents/research/data/raw/DRAL16kHz/fragments-short/EN_019_6.wav,/Users/nilakshanraveendran/Documents/research/data/raw/DRAL16kHz/fragments-short/ES_019_6.wav,It's a hobby that you can do with family.,Es un pasatiempo que puedes hacer con familia.,train
EN_019_7__ES_019_7,2,2,true,EN_019_7,ES_019_7,/Users/nilakshanraveendran/Documents/research/data/raw/DRAL16kHz/fragments-short/EN_019_7.wav,/Users/nilakshanraveendran/Documents/research/data/raw/DRAL16kHz/fragments-short/ES_019_7.wav,That's what I do. I watch Marvel movies with my mom.,"Eso es lo que yo hago, yo veo las películas de Marvel con mi mamá.",train
EN_019_8__ES_019_8,2,2,true,EN_019_8,ES_019_8,/Users/nilakshanraveendran/Documents/research/data/raw/DRAL16kHz/fragments-short/EN_019_8.wav,/Users/nilakshanraveendran/Documents/research/data/raw/DRAL16kHz/fragments-short/ES_019_8.wav,in the pandemic when COVID started.,en en la pandemia cuando empezó COVID.,train
EN_019_9__ES_019_9,19,19,true,EN_019_9,ES_019_9,/Users/nilakshanraveendran/Documents/research/data/raw/DRAL16kHz/fragments-short/EN_019_9.wav,/Users/nilakshanraveendran/Documents/research/data/raw/DRAL16kHz/fragments-short/ES_019_9.wav,You need to have a lot of time to figure out what's happening in the movies.,Necesitas que tener mucho tiempo para como entender que está pasando en todas las películas,train
EN_020_10__ES_020_10,2,2,true,EN_020_10,ES_020_10,/Users/nilakshanraveendran/Documents/research/data/raw/DRAL16kHz/fragments-short/EN_020_10.wav,/Users/nilakshanraveendran/Documents/research/data/raw/DRAL16kHz/fragments-short/ES_020_10.wav,"Yeah, it's true.",Sí claro.,train
EN_020_11__ES_020_11,20,20,true,EN_020_11,ES_020_11,/Users/nilakshanraveendran/Documents/research/data/raw/DRAL16kHz/fragments-short/EN_020_11.wav,/Users/nilakshanraveendran/Documents/research/data/raw/DRAL16kHz/fragments-short/ES_020_11.wav,Why?,¿por qué?,train
EN_020_12__ES_020_12,2,2,true,EN_020_12,ES_020_12,/Users/nilakshanraveendran/Documents/research/data/raw/DRAL16kHz/fragments-short/EN_020_12.wav,/Users/nilakshanraveendran/Documents/research/data/raw/DRAL16kHz/fragments-short/ES_020_12.wav,"Um, hmm. [tongue-click] I like, walking.","Ah hmm, si me gusta caminar",train
EN_020_13__ES_020_13,2,2,true,EN_020_13,ES_020_13,/Users/nilakshanraveendran/Documents/research/data/raw/DRAL16kHz/fragments-short/EN_020_13.wav,/Users/nilakshanraveendran/Documents/research/data/raw/DRAL16kHz/fragments-short/ES_020_13.wav,"And I like exercising, but not, out for a hike.","Y me gusta hacer ejercicio, pero no hacer una caminata.",train
EN_020_14__ES_020_14,2,2,true,EN_020_14,ES_020_14,/Users/nilakshanraveendran/Documents/research/data/raw/DRAL16kHz/fragments-short/EN_020_14.wav,/Users/nilakshanraveendran/Documents/research/data/raw/DRAL16kHz/fragments-short/ES_020_14.wav,"So I like a hike if it's for, just like the adventure.",Entonces me gusta una caminata si es como para aventura.,train
EN_020_15__ES_020_15,2,2,true,EN_020_15,ES_020_15,/Users/nilakshanraveendran/Documents/research/data/raw/DRAL16kHz/fragments-short/EN_020_15.wav,/Users/nilakshanraveendran/Documents/research/data/raw/DRAL16kHz/fragments-short/ES_020_15.wav,Not so much for...,pero no tanto si es para...,train
EN_020_16__ES_020_16,20,20,true,EN_020_16,ES_020_16,/Users/nilakshanraveendran/Documents/research/data/raw/DRAL16kHz/fragments-short/EN_020_16.wav,/Users/nilakshanraveendran/Documents/research/data/raw/DRAL16kHz/fragments-short/ES_020_16.wav,the physical activity?,Actividad física.,train
EN_020_17__ES_020_17,2,2,true,EN_020_17,ES_020_17,/Users/nilakshanraveendran/Documents/research/data/raw/DRAL16kHz/fragments-short/EN_020_17.wav,/Users/nilakshanraveendran/Documents/research/data/raw/DRAL16kHz/fragments-short/ES_020_17.wav,exercise,Ejercicio.,train
EN_020_18__ES_020_18,20,20,true,EN_020_18,ES_020_18,/Users/nilakshanraveendran/Documents/research/data/raw/DRAL16kHz/fragments-short/EN_020_18.wav,/Users/nilakshanraveendran/Documents/research/data/raw/DRAL16kHz/fragments-short/ES_020_18.wav,"But yeah, that's, that's the point of hiking, in my opinion.","Pues sí, ese es ese es el punto de la caminata, en mi opinión.",train
EN_020_19__ES_020_19,2,2,true,EN_020_19,ES_020_19,/Users/nilakshanraveendran/Documents/research/data/raw/DRAL16kHz/fragments-short/EN_020_19.wav,/Users/nilakshanraveendran/Documents/research/data/raw/DRAL16kHz/fragments-short/ES_020_19.wav,"They have other animals at the zoo, but they probably have those at the zoo.",tienen animales en el zoológico pero probablemente tienen esos animales en el zoológico,train
EN_020_1__ES_020_1,2,2,true,EN_020_1,ES_020_1,/Users/nilakshanraveendran/Documents/research/data/raw/DRAL16kHz/fragments-short/EN_020_1.wav,/Users/nilakshanraveendran/Documents/research/data/raw/DRAL16kHz/fragments-short/ES_020_1.wav,"Well then there's the other thing, because people leave saying, oh.","Porque eso es la otra cosa, porque la gente se va diciendo, ay...",train
EN_020_20__ES_020_20,2,2,true,EN_020_20,ES_020_20,/Users/nilakshanraveendran/Documents/research/data/raw/DRAL16kHz/fragments-short/EN_020_20.wav,/Users/nilakshanraveendran/Documents/research/data/raw/DRAL16kHz/fragments-short/ES_020_20.wav,They probably need more space.,Probablemente necesitan más espacio.,train
EN_020_21__ES_020_21,2,2,true,EN_020_21,ES_020_21,/Users/nilakshanraveendran/Documents/research/data/raw/DRAL16kHz/fragments-short/EN_020_21.wav,/Users/nilakshanraveendran/Documents/research/data/raw/DRAL16kHz/fragments-short/ES_020_21.wav,"uh, but so do all the other animals.","Uh pero pues también a sus animales, pero...",train
EN_020_22__ES_020_22,2,2,true,EN_020_22,ES_020_22,/Users/nilakshanraveendran/Documents/research/data/raw/DRAL16kHz/fragments-short/EN_020_22.wav,/Users/nilakshanraveendran/Documents/research/data/raw/DRAL16kHz/fragments-short/ES_020_22.wav,That's like a issue for...,Pero ese es un problema para,train
EN_020_23__ES_020_23,2,2,true,EN_020_23,ES_020_23,/Users/nilakshanraveendran/Documents/research/data/raw/DRAL16kHz/fragments-short/EN_020_23.wav,/Users/nilakshanraveendran/Documents/research/data/raw/DRAL16kHz/fragments-short/ES_020_23.wav,animal uh what is it animal rights activists,"Activistas de, ¿cómo se llaman?, derechos de animales.",train
EN_020_24__ES_020_24,20,20,true,EN_020_24,ES_020_24,/Users/nilakshanraveendran/Documents/research/data/raw/DRAL16kHz/fragments-short/EN_020_24.wav,/Users/nilakshanraveendran/Documents/research/data/raw/DRAL16kHz/fragments-short/ES_020_24.wav,"I do feel bad for the animals, I'm not gonna lie.",La verdad si me da pena por los animales.,train
EN_020_25__ES_020_25,20,20,true,EN_020_25,ES_020_25,/Users/nilakshanraveendran/Documents/research/data/raw/DRAL16kHz/fragments-short/EN_020_25.wav,/Users/nilakshanraveendran/Documents/research/data/raw/DRAL16kHz/fragments-short/ES_020_25.wav,"I'm, I'm not an activist.","No, no soy activista.",train
EN_020_26__ES_020_26,20,20,true,EN_020_26,ES_020_26,/Users/nilakshanraveendran/Documents/research/data/raw/DRAL16kHz/fragments-short/EN_020_26.wav,/Users/nilakshanraveendran/Documents/research/data/raw/DRAL16kHz/fragments-short/ES_020_26.wav,But I don't like going to the zoo specifically because they look so sad.,Pero no me gusta ir al zoológico específicamente porque se ven tan tristes.,train
EN_020_27__ES_020_27,2,2,true,EN_020_27,ES_020_27,/Users/nilakshanraveendran/Documents/research/data/raw/DRAL16kHz/fragments-short/EN_020_27.wav,/Users/nilakshanraveendran/Documents/research/data/raw/DRAL16kHz/fragments-short/ES_020_27.wav,I don't like going to the zoo because I feel like I've gone there recently.,No me gusta ir al zoológico porque siento que he ido recientemente.,train
EN_020_28__ES_020_28,2,2,true,EN_020_28,ES_020_28,/Users/nilakshanraveendran/Documents/research/data/raw/DRAL16kHz/fragments-short/EN_020_28.wav,/Users/nilakshanraveendran/Documents/research/data/raw/DRAL16kHz/fragments-short/ES_020_28.wav,"And so maybe it's changed enough to where if I go again, I'll find it entertaining.","A lo mejor ha cambiado suficiente que si voy otra vez en encuentro divertido, pero...",train
EN_020_29__ES_020_29,2,2,true,EN_020_29,ES_020_29,/Users/nilakshanraveendran/Documents/research/data/raw/DRAL16kHz/fragments-short/EN_020_29.wav,/Users/nilakshanraveendran/Documents/research/data/raw/DRAL16kHz/fragments-short/ES_020_29.wav,when I do visit somewhere else it's like oh yeah I'll go to the zoo because it's,"cuando si visito otro lugar digo, ah y si voy al zoológico porque es",train
EN_020_2__ES_020_2,20,20,true,EN_020_2,ES_020_2,/Users/nilakshanraveendran/Documents/research/data/raw/DRAL16kHz/fragments-short/EN_020_2.wav,/Users/nilakshanraveendran/Documents/research/data/raw/DRAL16kHz/fragments-short/ES_020_2.wav,There's nothing to do here.,No hay nada que hacer aquí.,train
EN_020_30__ES_020_30,2,2,true,EN_020_30,ES_020_30,/Users/nilakshanraveendran/Documents/research/data/raw/DRAL16kHz/fragments-short/EN_020_30.wav,/Users/nilakshanraveendran/Documents/research/data/raw/DRAL16kHz/fragments-short/ES_020_30.wav,something I've never seen before.,algo que nunca he visto,train
EN_020_31__ES_020_31,2,2,true,EN_020_31,ES_020_31,/Users/nilakshanraveendran/Documents/research/data/raw/DRAL16kHz/fragments-short/EN_020_31.wav,/Users/nilakshanraveendran/Documents/research/data/raw/DRAL16kHz/fragments-short/ES_020_31.wav,"There are, but other cities are so big that their malls are...","Sí hay, pero otras ciudades no mames que sus malls son...",train
EN_020_32__ES_020_32,20,20,true,EN_020_32,ES_020_32,/Users/nilakshanraveendran/Documents/research/data/raw/DRAL16kHz/fragments-short/EN_020_32.wav,/Users/nilakshanraveendran/Documents/research/data/raw/DRAL16kHz/fragments-short/ES_020_32.wav,massive,Enormes,train
EN_020_33__ES_020_33,2,2,true,EN_020_33,ES_020_33,/Users/nilakshanraveendran/Documents/research/data/raw/DRAL16kHz/fragments-short/EN_020_33.wav,/Users/nilakshanraveendran/Documents/research/data/raw/DRAL16kHz/fragments-short/ES_020_33.wav,"Giant, yeah.","gigantes, sí.",train
EN_020_34__ES_020_34,2,2,true,EN_020_34,ES_020_34,/Users/nilakshanraveendran/Documents/research/data/raw/DRAL16kHz/fragments-short/EN_020_34.wav,/Users/nilakshanraveendran/Documents/research/data/raw/DRAL16kHz/fragments-short/ES_020_34.wav,I've been to most of the fountains.,He ido a casi todas las fuentes,train
EN_020_35__ES_020_35,2,2,true,EN_020_35,ES_020_35,/Users/nilakshanraveendran/Documents/research/data/raw/DRAL16kHz/fragments-short/EN_020_35.wav,/Users/nilakshanraveendran/Documents/research/data/raw/DRAL16kHz/fragments-short/ES_020_35.wav,I usually go for the wine,pero casi siempre voy para el vino,train
EN_020_36__ES_020_36,2,2,true,EN_020_36,ES_020_36,/Users/nilakshanraveendran/Documents/research/data/raw/DRAL16kHz/fragments-short/EN_020_36.wav,/Users/nilakshanraveendran/Documents/research/data/raw/DRAL16kHz/fragments-short/ES_020_36.wav,"Yeah, like, we own guns.",si como tenemos armas,train
EN_020_37__ES_020_37,2,2,true,EN_020_37,ES_020_37,/Users/nilakshanraveendran/Documents/research/data/raw/DRAL16kHz/fragments-short/EN_020_37.wav,/Users/nilakshanraveendran/Documents/research/data/raw/DRAL16kHz/fragments-short/ES_020_37.wav,"like warning, so like if you knock, like something like that.","Entonces si tocas warning, algo va a pasar.",train
EN_020_38__ES_020_38,2,2,true,EN_020_38,ES_020_38,/Users/nilakshanraveendran/Documents/research/data/raw/DRAL16kHz/fragments-short/EN_020_38.wav,/Users/nilakshanraveendran/Documents/research/data/raw/DRAL16kHz/fragments-short/ES_020_38.wav,"It's like, all right, we got it.","Entonces, sí lo entiendo.",train
EN_020_39__ES_020_39,20,20,true,EN_020_39,ES_020_39,/Users/nilakshanraveendran/Documents/research/data/raw/DRAL16kHz/fragments-short/EN_020_39.wav,/Users/nilakshanraveendran/Documents/research/data/raw/DRAL16kHz/fragments-short/ES_020_39.wav,But even then there's not that many cool stores.,Pero aún así no hay tantas tiendas chidas.,train
EN_020_3__ES_020_3,2,2,true,EN_020_3,ES_020_3,/Users/nilakshanraveendran/Documents/research/data/raw/DRAL16kHz/fragments-short/EN_020_3.wav,/Users/nilakshanraveendran/Documents/research/data/raw/DRAL16kHz/fragments-short/ES_020_3.wav,But they come back.,progresan,train
EN_020_40__ES_020_40,20,20,true,EN_020_40,ES_020_40,/Users/nilakshanraveendran/Documents/research/data/raw/DRAL16kHz/fragments-short/EN_020_40.wav,/Users/nilakshanraveendran/Documents/research/data/raw/DRAL16kHz/fragments-short/ES_020_40.wav,"Oh, I have seen it.","Ah, sí lo he visto.",train
EN_020_41__ES_020_41,20,20,true,EN_020_41,ES_020_41,/Users/nilakshanraveendran/Documents/research/data/raw/DRAL16kHz/fragments-short/EN_020_41.wav,/Users/nilakshanraveendran/Documents/research/data/raw/DRAL16kHz/fragments-short/ES_020_41.wav,"hats, boots, pants, shirts, accessories","Sombreros, botas, pantalones, camisas, accesorios.",train
EN_020_42__ES_020_42,20,20,true,EN_020_42,ES_020_42,/Users/nilakshanraveendran/Documents/research/data/raw/DRAL16kHz/fragments-short/EN_020_42.wav,/Users/nilakshanraveendran/Documents/research/data/raw/DRAL16kHz/fragments-short/ES_020_42.wav,It's because he has a wrench.,Es que tiene rancho.,train
EN_020_43__ES_020_43,20,20,true,EN_020_43,ES_020_43,/Users/nilakshanraveendran/Documents/research/data/raw/DRAL16kHz/fragments-short/EN_020_43.wav,/Users/nilakshanraveendran/Documents/research/data/raw/DRAL16kHz/fragments-short/ES_020_43.wav,So they have to buy like very specific pants.,Así que tiene que comprar pantalones muy específicos.,train
EN_020_4__ES_020_4,20,20,true,EN_020_4,ES_020_4,/Users/nilakshanraveendran/Documents/research/data/raw/DRAL16kHz/fragments-short/EN_020_4.wav,/Users/nilakshanraveendran/Documents/research/data/raw/DRAL16kHz/fragments-short/ES_020_4.wav,"And he's like, oh, I miss El Paso.","Y dicen, ay extraño El Paso.",train
EN_020_5__ES_020_5,2,2,true,EN_020_5,ES_020_5,/Users/nilakshanraveendran/Documents/research/data/raw/DRAL16kHz/fragments-short/EN_020_5.wav,/Users/nilakshanraveendran/Documents/research/data/raw/DRAL16kHz/fragments-short/ES_020_5.wav,"People say it so often, they're like, oh, I don't think there's anything to do, or it's, like, boring.","La gente siempre esta diciendo que hay que- que no hay nada que hacer aquí, que esta muy aburrido",train
EN_020_6__ES_020_6,20,20,true,EN_020_6,ES_020_6,/Users/nilakshanraveendran/Documents/research/data/raw/DRAL16kHz/fragments-short/EN_020_6.wav,/Users/nilakshanraveendran/Documents/research/data/raw/DRAL16kHz/fragments-short/ES_020_6.wav,unique things about El Paso.,las cosas únicas de El Paso,train
EN_020_7__ES_020_7,2,2,true,EN_020_7,ES_020_7,/Users/nilakshanraveendran/Documents/research/data/raw/DRAL16kHz/fragments-short/EN_020_7.wav,/Users/nilakshanraveendran/Documents/research/data/raw/DRAL16kHz/fragments-short/ES_020_7.wav,Like the things that you couldn't find somewhere else.,Como las cosas que no puedes encontrar en otros lados,train
EN_020_8__ES_020_8,20,20,true,EN_020_8,ES_020_8,/Users/nilakshanraveendran/Documents/research/data/raw/DRAL16kHz/fragments-short/EN_020_8.wav,/Users/nilakshanraveendran/Documents/research/data/raw/DRAL16kHz/fragments-short/ES_020_8.wav,"Yeah, like just other activities.","Sí, como actividades de desierto.",train
EN_020_9__ES_020_9,2,2,true,EN_020_9,ES_020_9,/Users/nilakshanraveendran/Documents/research/data/raw/DRAL16kHz/fragments-short/EN_020_9.wav,/Users/nilakshanraveendran/Documents/research/data/raw/DRAL16kHz/fragments-short/ES_020_9.wav,"I'm not super fond of hiking, but...",no me encanta la caminata pero,train
EN_021_10__ES_021_10,21,21,true,EN_021_10,ES_021_10,/Users/nilakshanraveendran/Documents/research/data/raw/DRAL16kHz/fragments-short/EN_021_10.wav,/Users/nilakshanraveendran/Documents/research/data/raw/DRAL16kHz/fragments-short/ES_021_10.wav,but the thing is that he was really alone,La única cosa es que estaba muy sola.,train
EN_021_11__ES_021_11,21,21,true,EN_021_11,ES_021_11,/Users/nilakshanraveendran/Documents/research/data/raw/DRAL16kHz/fragments-short/EN_021_11.wav,/Users/nilakshanraveendran/Documents/research/data/raw/DRAL16kHz/fragments-short/ES_021_11.wav,"like nothing like that, just tourists and sellers.","No nada de eso, solamente turistas y vendedores.",train
EN_021_12__ES_021_12,21,21,true,EN_021_12,ES_021_12,/Users/nilakshanraveendran/Documents/research/data/raw/DRAL16kHz/fragments-short/EN_021_12.wav,/Users/nilakshanraveendran/Documents/research/data/raw/DRAL16kHz/fragments-short/ES_021_12.wav,"We went there, we parked.",Llegamos ahí y nos estacionamos.,train
EN_021_13__ES_021_13,21,21,true,EN_021_13,ES_021_13,/Users/nilakshanraveendran/Documents/research/data/raw/DRAL16kHz/fragments-short/EN_021_13.wav,/Users/nilakshanraveendran/Documents/research/data/raw/DRAL16kHz/fragments-short/ES_021_13.wav,"and the beach is really strange because it's like a... you see like the beach is not like a straight line, it was like a donut","Y es muy extraño, la playa no era una línea recta, era más como una dona.",train
EN_021_14__ES_021_14,21,21,true,EN_021_14,ES_021_14,/Users/nilakshanraveendran/Documents/research/data/raw/DRAL16kHz/fragments-short/EN_021_14.wav,/Users/nilakshanraveendran/Documents/research/data/raw/DRAL16kHz/fragments-short/ES_021_14.wav,It was really clean and there was no waves.,Estaba muy limpia y no había olas.,train
EN_021_15__ES_021_15,21,21,true,EN_021_15,ES_021_15,/Users/nilakshanraveendran/Documents/research/data/raw/DRAL16kHz/fragments-short/EN_021_15.wav,/Users/nilakshanraveendran/Documents/research/data/raw/DRAL16kHz/fragments-short/ES_021_15.wav,so you could like swim and stuff like that,Entonces podías nadar y cosas así.,train
EN_021_16__ES_021_16,21,21,true,EN_021_16,ES_021_16,/Users/nilakshanraveendran/Documents/research/data/raw/DRAL16kHz/fragments-short/EN_021_16.wav,/Users/nilakshanraveendran/Documents/research/data/raw/DRAL16kHz/fragments-short/ES_021_16.wav,So my mom and sister don't like to like swim at the sea.,"Entonces, mi madre y mi hermana no les gusta nadar en el mar",train
EN_021_17__ES_021_17,21,21,true,EN_021_17,ES_021_17,/Users/nilakshanraveendran/Documents/research/data/raw/DRAL16kHz/fragments-short/EN_021_17.wav,/Users/nilakshanraveendran/Documents/research/data/raw/DRAL16kHz/fragments-short/ES_021_17.wav,"So we say, okay, we're going to be like here for like two hours.","Ok, entonces dijimos vamos a estar aquí como por dos horas.",train
EN_021_18__ES_021_18,21,21,true,EN_021_18,ES_021_18,/Users/nilakshanraveendran/Documents/research/data/raw/DRAL16kHz/fragments-short/EN_021_18.wav,/Users/nilakshanraveendran/Documents/research/data/raw/DRAL16kHz/fragments-short/ES_021_18.wav,We're gonna swim and then you're gonna leave,"Vamos a nadar y luego ya, nos vamos.",train
EN_021_19__ES_021_19,21,21,true,EN_021_19,ES_021_19,/Users/nilakshanraveendran/Documents/research/data/raw/DRAL16kHz/fragments-short/EN_021_19.wav,/Users/nilakshanraveendran/Documents/research/data/raw/DRAL16kHz/fragments-short/ES_021_19.wav,"So we are walking, walking, walking, walking","Entonces estuvimos andando, andando, andando.",train
EN_021_1__ES_021_1,21,21,true,EN_021_1,ES_021_1,/Users/nilakshanraveendran/Documents/research/data/raw/DRAL16kHz/fragments-short/EN_021_1.wav,/Users/nilakshanraveendran/Documents/research/data/raw/DRAL16kHz/fragments-short/ES_021_1.wav,"The story is on a vacation I took, uh, a couple years ago.",La historia es sobre unas vacaciones que tomé hace un par de años.,train
EN_021_20__ES_021_20,21,21,true,EN_021_20,ES_021_20,/Users/nilakshanraveendran/Documents/research/data/raw/DRAL16kHz/fragments-short/EN_021_20.wav,/Users/nilakshanraveendran/Documents/research/data/raw/DRAL16kHz/fragments-short/ES_021_20.wav,and at that point we were in the middle of the section.,Y entonces en ese punto estábamos a la mitad de la sección.,train
EN_021_21__ES_021_21,21,21,true,EN_021_21,ES_021_21,/Users/nilakshanraveendran/Documents/research/data/raw/DRAL16kHz/fragments-short/EN_021_21.wav,/Users/nilakshanraveendran/Documents/research/data/raw/DRAL16kHz/fragments-short/ES_021_21.wav,when we enter the sea,"Cuando entramos, al mar...",train
EN_021_22__ES_021_22,21,21,true,EN_021_22,ES_021_22,/Users/nilakshanraveendran/Documents/research/data/raw/DRAL16kHz/fragments-short/EN_021_22.wav,/Users/nilakshanraveendran/Documents/research/data/raw/DRAL16kHz/fragments-short/ES_021_22.wav,"the sellers that were there told us, hey, you should walk with your feet to the ground.","Los vendedores nos dijeron, oigan, deberían caminar con sus pies en el suelo.",train
EN_021_23__ES_021_23,21,21,true,EN_021_23,ES_021_23,/Users/nilakshanraveendran/Documents/research/data/raw/DRAL16kHz/fragments-short/EN_021_23.wav,/Users/nilakshanraveendran/Documents/research/data/raw/DRAL16kHz/fragments-short/ES_021_23.wav,I think it's called rays,Creo que se llaman rayas.,train
EN_021_24__ES_021_24,2,2,true,EN_021_24,ES_021_24,/Users/nilakshanraveendran/Documents/research/data/raw/DRAL16kHz/fragments-short/EN_021_24.wav,/Users/nilakshanraveendran/Documents/research/data/raw/DRAL16kHz/fragments-short/ES_021_24.wav,"Sting, oh stingrays.",Manta- ¿Mantarrayas?,train
EN_021_25__ES_021_25,21,21,true,EN_021_25,ES_021_25,/Users/nilakshanraveendran/Documents/research/data/raw/DRAL16kHz/fragments-short/EN_021_25.wav,/Users/nilakshanraveendran/Documents/research/data/raw/DRAL16kHz/fragments-short/ES_021_25.wav,"the one that killed the crocodile, teamer",La que mató al cazador de cocodrilos,train
EN_021_26__ES_021_26,21,21,true,EN_021_26,ES_021_26,/Users/nilakshanraveendran/Documents/research/data/raw/DRAL16kHz/fragments-short/EN_021_26.wav,/Users/nilakshanraveendran/Documents/research/data/raw/DRAL16kHz/fragments-short/ES_021_26.wav,so i see a big,Entonces vi un grande...,train
EN_021_27__ES_021_27,21,21,true,EN_021_27,ES_021_27,/Users/nilakshanraveendran/Documents/research/data/raw/DRAL16kHz/fragments-short/EN_021_27.wav,/Users/nilakshanraveendran/Documents/research/data/raw/DRAL16kHz/fragments-short/ES_021_27.wav,dark uh dot in the sea,hoyo negro en el mar,train
EN_021_28__ES_021_28,21,21,true,EN_021_28,ES_021_28,/Users/nilakshanraveendran/Documents/research/data/raw/DRAL16kHz/fragments-short/EN_021_28.wav,/Users/nilakshanraveendran/Documents/research/data/raw/DRAL16kHz/fragments-short/ES_021_28.wav,"And I- I said to my dad, hey, let's go and see what's up.","Entonces le dije a mi papá, hey, vamos a ver, ¿qué es eso?",train
EN_021_29__ES_021_29,2,2,true,EN_021_29,ES_021_29,/Users/nilakshanraveendran/Documents/research/data/raw/DRAL16kHz/fragments-short/EN_021_29.wav,/Users/nilakshanraveendran/Documents/research/data/raw/DRAL16kHz/fragments-short/ES_021_29.wav,"Oh, God.","Ay, no.",train
EN_021_2__ES_021_2,21,21,true,EN_021_2,ES_021_2,/Users/nilakshanraveendran/Documents/research/data/raw/DRAL16kHz/fragments-short/EN_021_2.wav,/Users/nilakshanraveendran/Documents/research/data/raw/DRAL16kHz/fragments-short/ES_021_2.wav,"I went with my dad, my mom and my sister.","Fui con mi papá, mi mamá y mi hermana.",train
EN_021_30__ES_021_30,21,21,true,EN_021_30,ES_021_30,/Users/nilakshanraveendran/Documents/research/data/raw/DRAL16kHz/fragments-short/EN_021_30.wav,/Users/nilakshanraveendran/Documents/research/data/raw/DRAL16kHz/fragments-short/ES_021_30.wav,"So like, error B because at the first time, I don't know what was that.","El, o sea, error B, porque primeramente no sabía que era eso",train
EN_021_31__ES_021_31,21,21,true,EN_021_31,ES_021_31,/Users/nilakshanraveendran/Documents/research/data/raw/DRAL16kHz/fragments-short/EN_021_31.wav,/Users/nilakshanraveendran/Documents/research/data/raw/DRAL16kHz/fragments-short/ES_021_31.wav,"So my dad says, hey, I'm tired, let's go back... come back.","Entonces mi papá me dice, hey, ya estoy cansado, vamos a volver.",train
EN_021_32__ES_021_32,21,21,true,EN_021_32,ES_021_32,/Users/nilakshanraveendran/Documents/research/data/raw/DRAL16kHz/fragments-short/EN_021_32.wav,/Users/nilakshanraveendran/Documents/research/data/raw/DRAL16kHz/fragments-short/ES_021_32.wav,We didn't know that when we change directions and then come back,No supimos que cuando cambiamos direcciones y luego regresamos...,train
EN_021_33__ES_021_33,21,21,true,EN_021_33,ES_021_33,/Users/nilakshanraveendran/Documents/research/data/raw/DRAL16kHz/fragments-short/EN_021_33.wav,/Users/nilakshanraveendran/Documents/research/data/raw/DRAL16kHz/fragments-short/ES_021_33.wav,we were more into the deep side of the... of the sea.,Nos encontrabamos más en la parte profunda del mar.,train
EN_021_34__ES_021_34,2,2,true,EN_021_34,ES_021_34,/Users/nilakshanraveendran/Documents/research/data/raw/DRAL16kHz/fragments-short/EN_021_34.wav,/Users/nilakshanraveendran/Documents/research/data/raw/DRAL16kHz/fragments-short/ES_021_34.wav,Less deep?,¿Menos hondo?.,train
EN_021_35__ES_021_35,21,21,true,EN_021_35,ES_021_35,/Users/nilakshanraveendran/Documents/research/data/raw/DRAL16kHz/fragments-short/EN_021_35.wav,/Users/nilakshanraveendran/Documents/research/data/raw/DRAL16kHz/fragments-short/ES_021_35.wav,yeah the less deep part of the sea,"Sí, menos profunda parte del mar.",train
EN_021_36__ES_021_36,21,21,true,EN_021_36,ES_021_36,/Users/nilakshanraveendran/Documents/research/data/raw/DRAL16kHz/fragments-short/EN_021_36.wav,/Users/nilakshanraveendran/Documents/research/data/raw/DRAL16kHz/fragments-short/ES_021_36.wav,"I was thinking to myself like, I'm getting tired, I'm getting tired.","Entonces estaba pensando en mí de que estoy cansado, estoy cansado.",train
EN_021_37__ES_021_37,21,21,true,EN_021_37,ES_021_37,/Users/nilakshanraveendran/Documents/research/data/raw/DRAL16kHz/fragments-short/EN_021_37.wav,/Users/nilakshanraveendran/Documents/research/data/raw/DRAL16kHz/fragments-short/ES_021_37.wav,and I cannot stand.,Y no me puedo parar.,train
EN_021_38__ES_021_38,21,21,true,EN_021_38,ES_021_38,/Users/nilakshanraveendran/Documents/research/data/raw/DRAL16kHz/fragments-short/EN_021_38.wav,/Users/nilakshanraveendran/Documents/research/data/raw/DRAL16kHz/fragments-short/ES_021_38.wav,"So and, and I told my dad, like, hey, dad, I like...","Entonces, le- le digo a mi papá, papá...",train
EN_021_39__ES_021_39,21,21,true,EN_021_39,ES_021_39,/Users/nilakshanraveendran/Documents/research/data/raw/DRAL16kHz/fragments-short/EN_021_39.wav,/Users/nilakshanraveendran/Documents/research/data/raw/DRAL16kHz/fragments-short/ES_021_39.wav,I'm I'm getting tired.,Ya me estoy cansando.,train
EN_021_3__ES_021_3,21,21,true,EN_021_3,ES_021_3,/Users/nilakshanraveendran/Documents/research/data/raw/DRAL16kHz/fragments-short/EN_021_3.wav,/Users/nilakshanraveendran/Documents/research/data/raw/DRAL16kHz/fragments-short/ES_021_3.wav,"My dad and my mom like to, like, do more tourist things.",Mi papá y mi mamá le gusta hacer más cosas turísticas.,train
EN_021_40__ES_021_40,21,21,true,EN_021_40,ES_021_40,/Users/nilakshanraveendran/Documents/research/data/raw/DRAL16kHz/fragments-short/EN_021_40.wav,/Users/nilakshanraveendran/Documents/research/data/raw/DRAL16kHz/fragments-short/ES_021_40.wav,and he like looks me dead in the eye and like s- me too?,"Y él me mira directo a los ojos y dice, yo también.",train
EN_021_41__ES_021_41,21,21,true,EN_021_41,ES_021_41,/Users/nilakshanraveendran/Documents/research/data/raw/DRAL16kHz/fragments-short/EN_021_41.wav,/Users/nilakshanraveendran/Documents/research/data/raw/DRAL16kHz/fragments-short/ES_021_41.wav,I stop,me detengo,train
EN_021_42__ES_021_42,21,21,true,EN_021_42,ES_021_42,/Users/nilakshanraveendran/Documents/research/data/raw/DRAL16kHz/fragments-short/EN_021_42.wav,/Users/nilakshanraveendran/Documents/research/data/raw/DRAL16kHz/fragments-short/ES_021_42.wav,and I feel how the sea is like moving me back to the open sea.,Y siento como el- la corriente me está llevando más al mar abierto.,train
EN_021_43__ES_021_43,21,21,true,EN_021_43,ES_021_43,/Users/nilakshanraveendran/Documents/research/data/raw/DRAL16kHz/fragments-short/EN_021_43.wav,/Users/nilakshanraveendran/Documents/research/data/raw/DRAL16kHz/fragments-short/ES_021_43.wav,at that point I was like maybe I wasn't that tired but it was like I was a lot of stressful,"Entonces en ese punto tal vez no estaba tan cansado, pero me estaba estresando.",train
EN_021_44__ES_021_44,2,2,true,EN_021_44,ES_021_44,/Users/nilakshanraveendran/Documents/research/data/raw/DRAL16kHz/fragments-short/EN_021_44.wav,/Users/nilakshanraveendran/Documents/research/data/raw/DRAL16kHz/fragments-short/ES_021_44.wav,And you're getting panicked?,¿Te empezaste a asustar?,train
EN_021_45__ES_021_45,21,21,true,EN_021_45,ES_021_45,/Users/nilakshanraveendran/Documents/research/data/raw/DRAL16kHz/fragments-short/EN_021_45.wav,/Users/nilakshanraveendran/Documents/research/data/raw/DRAL16kHz/fragments-short/ES_021_45.wav,"Yeah, I get panic.","Sí, sí, me está asustando.",train
EN_021_46__ES_021_46,2,2,true,EN_021_46,ES_021_46,/Users/nilakshanraveendran/Documents/research/data/raw/DRAL16kHz/fragments-short/EN_021_46.wav,/Users/nilakshanraveendran/Documents/research/data/raw/DRAL16kHz/fragments-short/ES_021_46.wav,You were that far?,¿Estabas así de lejos?,train
EN_021_47__ES_021_47,21,21,true,EN_021_47,ES_021_47,/Users/nilakshanraveendran/Documents/research/data/raw/DRAL16kHz/fragments-short/EN_021_47.wav,/Users/nilakshanraveendran/Documents/research/data/raw/DRAL16kHz/fragments-short/ES_021_47.wav,"Yeah I, I, we, we didn't like know how long we were there.","Sí, o sea, no sabíamos qué tan lejos habíamos llegado.",train
EN_021_48__ES_021_48,21,21,true,EN_021_48,ES_021_48,/Users/nilakshanraveendran/Documents/research/data/raw/DRAL16kHz/fragments-short/EN_021_48.wav,/Users/nilakshanraveendran/Documents/research/data/raw/DRAL16kHz/fragments-short/ES_021_48.wav,maybe like a h- a couple hundred meters,Más o menos como unos cuantos cientos de metros.,train
EN_021_49__ES_021_49,21,21,true,EN_021_49,ES_021_49,/Users/nilakshanraveendran/Documents/research/data/raw/DRAL16kHz/fragments-short/EN_021_49.wav,/Users/nilakshanraveendran/Documents/research/data/raw/DRAL16kHz/fragments-short/ES_021_49.wav,a woman that was like with the water to his shoulders.,Veo a una mujer con el- el agua llegándole a los hombros.,train
EN_021_4__ES_021_4,21,21,true,EN_021_4,ES_021_4,/Users/nilakshanraveendran/Documents/research/data/raw/DRAL16kHz/fragments-short/EN_021_4.wav,/Users/nilakshanraveendran/Documents/research/data/raw/DRAL16kHz/fragments-short/ES_021_4.wav,"Like see the city and the buildings, stuff like that","Como ver la ciudad, las construcciones, cosas así.",train
EN_021_50__ES_021_50,21,21,true,EN_021_50,ES_021_50,/Users/nilakshanraveendran/Documents/research/data/raw/DRAL16kHz/fragments-short/EN_021_50.wav,/Users/nilakshanraveendran/Documents/research/data/raw/DRAL16kHz/fragments-short/ES_021_50.wav,Like that woman isn't as tall as me.,"Decia, esa mujer no es tan alta como yo.",train
EN_021_51__ES_021_51,21,21,true,EN_021_51,ES_021_51,/Users/nilakshanraveendran/Documents/research/data/raw/DRAL16kHz/fragments-short/EN_021_51.wav,/Users/nilakshanraveendran/Documents/research/data/raw/DRAL16kHz/fragments-short/ES_021_51.wav,I can go there,¿Puedo ir ahí?,train
EN_021_52__ES_021_52,21,21,true,EN_021_52,ES_021_52,/Users/nilakshanraveendran/Documents/research/data/raw/DRAL16kHz/fragments-short/EN_021_52.wav,/Users/nilakshanraveendran/Documents/research/data/raw/DRAL16kHz/fragments-short/ES_021_52.wav,My shoulders are like killing,Mis hombros estaban matándome.,train
EN_021_53__ES_021_53,21,21,true,EN_021_53,ES_021_53,/Users/nilakshanraveendran/Documents/research/data/raw/DRAL16kHz/fragments-short/EN_021_53.wav,/Users/nilakshanraveendran/Documents/research/data/raw/DRAL16kHz/fragments-short/ES_021_53.wav,My back is like burning from the sun.,Mi espalda quemándose por el sol,train
EN_021_54__ES_021_54,21,21,true,EN_021_54,ES_021_54,/Users/nilakshanraveendran/Documents/research/data/raw/DRAL16kHz/fragments-short/EN_021_54.wav,/Users/nilakshanraveendran/Documents/research/data/raw/DRAL16kHz/fragments-short/ES_021_54.wav,"Like, I couldn't, I couldn't, and then...","No podía, no podía.",train
EN_021_5__ES_021_5,21,21,true,EN_021_5,ES_021_5,/Users/nilakshanraveendran/Documents/research/data/raw/DRAL16kHz/fragments-short/EN_021_5.wav,/Users/nilakshanraveendran/Documents/research/data/raw/DRAL16kHz/fragments-short/ES_021_5.wav,We decided to rent a car and go to a city that is like an hour or two.,"Decidimos rentar un carro, eh y visitar una ciudad que está como una hora o dos.",train
EN_021_6__ES_021_6,21,21,true,EN_021_6,ES_021_6,/Users/nilakshanraveendran/Documents/research/data/raw/DRAL16kHz/fragments-short/EN_021_6.wav,/Users/nilakshanraveendran/Documents/research/data/raw/DRAL16kHz/fragments-short/ES_021_6.wav,"a guy there told us, oh you should go to a beach","Bueno, un tipo ahí en el hotel nos dijo, ah, deberían ir a esta playa.",train
EN_021_7__ES_021_7,21,21,true,EN_021_7,ES_021_7,/Users/nilakshanraveendran/Documents/research/data/raw/DRAL16kHz/fragments-short/EN_021_7.wav,/Users/nilakshanraveendran/Documents/research/data/raw/DRAL16kHz/fragments-short/ES_021_7.wav,"called Ballandra, it's like a 15 minute to, uh La Paz.",eh llamada Balandra que está como a 15 minutos de la capital,train
EN_021_8__ES_021_8,21,21,true,EN_021_8,ES_021_8,/Users/nilakshanraveendran/Documents/research/data/raw/DRAL16kHz/fragments-short/EN_021_8.wav,/Users/nilakshanraveendran/Documents/research/data/raw/DRAL16kHz/fragments-short/ES_021_8.wav,"So we say, okay, let's go to that beach first.","Entonces dijimos, vamos a esa playa primero",train
EN_021_9__ES_021_9,21,21,true,EN_021_9,ES_021_9,/Users/nilakshanraveendran/Documents/research/data/raw/DRAL16kHz/fragments-short/EN_021_9.wav,/Users/nilakshanraveendran/Documents/research/data/raw/DRAL16kHz/fragments-short/ES_021_9.wav,"It's, it was really cool.",Estaba muy cool.,train
EN_022_10__ES_022_10,22,22,true,EN_022_10,ES_022_10,/Users/nilakshanraveendran/Documents/research/data/raw/DRAL16kHz/fragments-short/EN_022_10.wav,/Users/nilakshanraveendran/Documents/research/data/raw/DRAL16kHz/fragments-short/ES_022_10.wav,And I was like tired and tired and I was like...,"Yo como que ya estaba cansado, cansado, dije no ya",test
EN_022_11__ES_022_11,22,22,true,EN_022_11,ES_022_11,/Users/nilakshanraveendran/Documents/research/data/raw/DRAL16kHz/fragments-short/EN_022_11.wav,/Users/nilakshanraveendran/Documents/research/data/raw/DRAL16kHz/fragments-short/ES_022_11.wav,"Uh, let's just end this, right?","Como que, que se termine así, ¿no?",test
EN_022_12__ES_022_12,15,15,true,EN_022_12,ES_022_12,/Users/nilakshanraveendran/Documents/research/data/raw/DRAL16kHz/fragments-short/EN_022_12.wav,/Users/nilakshanraveendran/Documents/research/data/raw/DRAL16kHz/fragments-short/ES_022_12.wav,by the end of the year.,pero por el- por el fin del año verdad,test
EN_022_13__ES_022_13,22,22,true,EN_022_13,ES_022_13,/Users/nilakshanraveendran/Documents/research/data/raw/DRAL16kHz/fragments-short/EN_022_13.wav,/Users/nilakshanraveendran/Documents/research/data/raw/DRAL16kHz/fragments-short/ES_022_13.wav,"Yeah, no, we were in the middle of the year.","Ajá, ¿no? Entonces, no, pues estábamos a mitad de año.",test
EN_022_14__ES_022_14,22,22,true,EN_022_14,ES_022_14,/Users/nilakshanraveendran/Documents/research/data/raw/DRAL16kHz/fragments-short/EN_022_14.wav,/Users/nilakshanraveendran/Documents/research/data/raw/DRAL16kHz/fragments-short/ES_022_14.wav,so then yeah it's all,"Entonces ya, se acabó.",test
EN_022_15__ES_022_15,22,22,true,EN_022_15,ES_022_15,/Users/nilakshanraveendran/Documents/research/data/raw/DRAL16kHz/fragments-short/EN_022_15.wav,/Users/nilakshanraveendran/Documents/research/data/raw/DRAL16kHz/fragments-short/ES_022_15.wav,"So we break up and, I don't know, like, in three days we come back together, right?","Terminamos y pero como a los, no sé, ¿qué te digo? Tres días volvimos, ¿no?",test
EN_022_16__ES_022_16,22,22,true,EN_022_16,ES_022_16,/Users/nilakshanraveendran/Documents/research/data/raw/DRAL16kHz/fragments-short/EN_022_16.wav,/Users/nilakshanraveendran/Documents/research/data/raw/DRAL16kHz/fragments-short/ES_022_16.wav,So this girl got mad,Bueno esta chava se enojó.,test
EN_022_17__ES_022_17,22,22,true,EN_022_17,ES_022_17,/Users/nilakshanraveendran/Documents/research/data/raw/DRAL16kHz/fragments-short/EN_022_17.wav,/Users/nilakshanraveendran/Documents/research/data/raw/DRAL16kHz/fragments-short/ES_022_17.wav,because I live.,Pues porque yo salí,test
EN_022_18__ES_022_18,22,22,true,EN_022_18,ES_022_18,/Users/nilakshanraveendran/Documents/research/data/raw/DRAL16kHz/fragments-short/EN_022_18.wav,/Users/nilakshanraveendran/Documents/research/data/raw/DRAL16kHz/fragments-short/ES_022_18.wav,"So yeah, yeah, like I go out.",Entonces yo- yo- yo me fui.,test
EN_022_19__ES_022_19,22,22,true,EN_022_19,ES_022_19,/Users/nilakshanraveendran/Documents/research/data/raw/DRAL16kHz/fragments-short/EN_022_19.wav,/Users/nilakshanraveendran/Documents/research/data/raw/DRAL16kHz/fragments-short/ES_022_19.wav,"Uh, so he told me, hey, where are you?","Y me dice que, oye este, ¿dónde andas?",test
EN_022_1__ES_022_1,22,22,true,EN_022_1,ES_022_1,/Users/nilakshanraveendran/Documents/research/data/raw/DRAL16kHz/fragments-short/EN_022_1.wav,/Users/nilakshanraveendran/Documents/research/data/raw/DRAL16kHz/fragments-short/ES_022_1.wav,"Actually, we fight a lot.","Este, o más bien, nos esperábamos mucho",test
EN_022_20__ES_022_20,22,22,true,EN_022_20,ES_022_20,/Users/nilakshanraveendran/Documents/research/data/raw/DRAL16kHz/fragments-short/EN_022_20.wav,/Users/nilakshanraveendran/Documents/research/data/raw/DRAL16kHz/fragments-short/ES_022_20.wav,"And I said like, <unk> I went to the 15th anniversary of...","Pues le digo, no, pues me vine aquí a los 15 años de...",test
EN_022_21__ES_022_21,22,22,true,EN_022_21,ES_022_21,/Users/nilakshanraveendran/Documents/research/data/raw/DRAL16kHz/fragments-short/EN_022_21.wav,/Users/nilakshanraveendran/Documents/research/data/raw/DRAL16kHz/fragments-short/ES_022_21.wav,"I don't know, I need to...","No sé, Juanita o alguien.",test
EN_022_22__ES_022_22,15,15,true,EN_022_22,ES_022_22,/Users/nilakshanraveendran/Documents/research/data/raw/DRAL16kHz/fragments-short/EN_022_22.wav,/Users/nilakshanraveendran/Documents/research/data/raw/DRAL16kHz/fragments-short/ES_022_22.wav,"Huh, your girlfriend? Huh!",¿Tu novia?,test
EN_022_23__ES_022_23,22,22,true,EN_022_23,ES_022_23,/Users/nilakshanraveendran/Documents/research/data/raw/DRAL16kHz/fragments-short/EN_022_23.wav,/Users/nilakshanraveendran/Documents/research/data/raw/DRAL16kHz/fragments-short/ES_022_23.wav,Exact.,Exacto.,test
EN_022_24__ES_022_24,22,22,true,EN_022_24,ES_022_24,/Users/nilakshanraveendran/Documents/research/data/raw/DRAL16kHz/fragments-short/EN_022_24.wav,/Users/nilakshanraveendran/Documents/research/data/raw/DRAL16kHz/fragments-short/ES_022_24.wav,"So she told me like, we're done.","Me dicen, no, terminamos.",test
EN_022_25__ES_022_25,22,22,true,EN_022_25,ES_022_25,/Users/nilakshanraveendran/Documents/research/data/raw/DRAL16kHz/fragments-short/EN_022_25.wav,/Users/nilakshanraveendran/Documents/research/data/raw/DRAL16kHz/fragments-short/ES_022_25.wav,"because, like, she got mad at me.","Porque, pues no sé, se enojó conmigo y ya.",test
EN_022_26__ES_022_26,22,22,true,EN_022_26,ES_022_26,/Users/nilakshanraveendran/Documents/research/data/raw/DRAL16kHz/fragments-short/EN_022_26.wav,/Users/nilakshanraveendran/Documents/research/data/raw/DRAL16kHz/fragments-short/ES_022_26.wav,"Okay, so we- we broke up.","Ok, terminamos",test
EN_022_27__ES_022_27,22,22,true,EN_022_27,ES_022_27,/Users/nilakshanraveendran/Documents/research/data/raw/DRAL16kHz/fragments-short/EN_022_27.wav,/Users/nilakshanraveendran/Documents/research/data/raw/DRAL16kHz/fragments-short/ES_022_27.wav,And now comes an important situation.,Y ahora viene una situación importante.,test
EN_022_28__ES_022_28,22,22,true,EN_022_28,ES_022_28,/Users/nilakshanraveendran/Documents/research/data/raw/DRAL16kHz/fragments-short/EN_022_28.wav,/Users/nilakshanraveendran/Documents/research/data/raw/DRAL16kHz/fragments-short/ES_022_28.wav,So it was the middle of the year.,Era mitad de año.,test
EN_022_29__ES_022_29,22,22,true,EN_022_29,ES_022_29,/Users/nilakshanraveendran/Documents/research/data/raw/DRAL16kHz/fragments-short/EN_022_29.wav,/Users/nilakshanraveendran/Documents/research/data/raw/DRAL16kHz/fragments-short/ES_022_29.wav,and there's going to be a school trip,Y va a haber un viaje escolar.,test
EN_022_2__ES_022_2,22,22,true,EN_022_2,ES_022_2,/Users/nilakshanraveendran/Documents/research/data/raw/DRAL16kHz/fragments-short/EN_022_2.wav,/Users/nilakshanraveendran/Documents/research/data/raw/DRAL16kHz/fragments-short/ES_022_2.wav,"and I went out to more quinceañeras, parties, things like that","Y salía más a quinceañeras y así, más fiestecillas.",test
EN_022_30__ES_022_30,22,22,true,EN_022_30,ES_022_30,/Users/nilakshanraveendran/Documents/research/data/raw/DRAL16kHz/fragments-short/EN_022_30.wav,/Users/nilakshanraveendran/Documents/research/data/raw/DRAL16kHz/fragments-short/ES_022_30.wav,"We are going to the side of Mexico, <unk>.","Ibamos a ir al sur de México, este.",test
EN_022_31__ES_022_31,22,22,true,EN_022_31,ES_022_31,/Users/nilakshanraveendran/Documents/research/data/raw/DRAL16kHz/fragments-short/EN_022_31.wav,/Users/nilakshanraveendran/Documents/research/data/raw/DRAL16kHz/fragments-short/ES_022_31.wav,precisely to Guanajuato.,Ah de- precisamente a Guanajuato,test
EN_022_32__ES_022_32,15,15,true,EN_022_32,ES_022_32,/Users/nilakshanraveendran/Documents/research/data/raw/DRAL16kHz/fragments-short/EN_022_32.wav,/Users/nilakshanraveendran/Documents/research/data/raw/DRAL16kHz/fragments-short/ES_022_32.wav,Oh cool.,"Ah, que padre.",test
EN_022_33__ES_022_33,22,22,true,EN_022_33,ES_022_33,/Users/nilakshanraveendran/Documents/research/data/raw/DRAL16kHz/fragments-short/EN_022_33.wav,/Users/nilakshanraveendran/Documents/research/data/raw/DRAL16kHz/fragments-short/ES_022_33.wav,"And I told him, hey I haven't got to put my name on the list of the trip, can you come with me?","Y le dije, oye, ¿sabes qué? No he ido a anotar mi nombre en la lista del viaje, ¿me acompañas?",test
EN_022_34__ES_022_34,22,22,true,EN_022_34,ES_022_34,/Users/nilakshanraveendran/Documents/research/data/raw/DRAL16kHz/fragments-short/EN_022_34.wav,/Users/nilakshanraveendran/Documents/research/data/raw/DRAL16kHz/fragments-short/ES_022_34.wav,"Oh, <unk>, yeah yeah.","Ah, sí, sí.",test
EN_022_35__ES_022_35,22,22,true,EN_022_35,ES_022_35,/Users/nilakshanraveendran/Documents/research/data/raw/DRAL16kHz/fragments-short/EN_022_35.wav,/Users/nilakshanraveendran/Documents/research/data/raw/DRAL16kHz/fragments-short/ES_022_35.wav,So I see this girl and Enrique.,"Veo, a esta chava y a Enrique.",test
EN_022_36__ES_022_36,22,22,true,EN_022_36,ES_022_36,/Users/nilakshanraveendran/Documents/research/data/raw/DRAL16kHz/fragments-short/EN_022_36.wav,/Users/nilakshanraveendran/Documents/research/data/raw/DRAL16kHz/fragments-short/ES_022_36.wav,"in a chair, like, she's sitting on her legs, and really intimate.",ahí de que el sentado y ella en sus piernas y así muy acaramelados no,test
EN_022_37__ES_022_37,22,22,true,EN_022_37,ES_022_37,/Users/nilakshanraveendran/Documents/research/data/raw/DRAL16kHz/fragments-short/EN_022_37.wav,/Users/nilakshanraveendran/Documents/research/data/raw/DRAL16kHz/fragments-short/ES_022_37.wav,"Then, I say what I did with respectful act.","Entonces, yo, ya los veo y digo que falta respeto.",test
EN_022_38__ES_022_38,22,22,true,EN_022_38,ES_022_38,/Users/nilakshanraveendran/Documents/research/data/raw/DRAL16kHz/fragments-short/EN_022_38.wav,/Users/nilakshanraveendran/Documents/research/data/raw/DRAL16kHz/fragments-short/ES_022_38.wav,"Of course, I think a lot of more things in my head.",Claro que pensé más cosas en mi cabeza en ese momento.,test
EN_022_39__ES_022_39,22,22,true,EN_022_39,ES_022_39,/Users/nilakshanraveendran/Documents/research/data/raw/DRAL16kHz/fragments-short/EN_022_39.wav,/Users/nilakshanraveendran/Documents/research/data/raw/DRAL16kHz/fragments-short/ES_022_39.wav,"Then these guys told me like, what are you gonna do? Something like...","Entonces este chavo me dice, ¿qué vas a hacer?, no sé qué",test
EN_022_3__ES_022_3,15,15,true,EN_022_3,ES_022_3,/Users/nilakshanraveendran/Documents/research/data/raw/DRAL16kHz/fragments-short/EN_022_3.wav,/Users/nilakshanraveendran/Documents/research/data/raw/DRAL16kHz/fragments-short/ES_022_3.wav,"Ah, yeah.","Ah, sí.",test
EN_022_40__ES_022_40,22,22,true,EN_022_40,ES_022_40,/Users/nilakshanraveendran/Documents/research/data/raw/DRAL16kHz/fragments-short/EN_022_40.wav,/Users/nilakshanraveendran/Documents/research/data/raw/DRAL16kHz/fragments-short/ES_022_40.wav,"No- no, I'm not gonna go out there and make a fuzz",Pues no voy a ir a hacer la de todos,test
EN_022_41__ES_022_41,22,22,true,EN_022_41,ES_022_41,/Users/nilakshanraveendran/Documents/research/data/raw/DRAL16kHz/fragments-short/EN_022_41.wav,/Users/nilakshanraveendran/Documents/research/data/raw/DRAL16kHz/fragments-short/ES_022_41.wav,so i did what i can think of,Hice lo más... eh lo que se me ocurría mejor.,test
EN_022_42__ES_022_42,22,22,true,EN_022_42,ES_022_42,/Users/nilakshanraveendran/Documents/research/data/raw/DRAL16kHz/fragments-short/EN_022_42.wav,/Users/nilakshanraveendran/Documents/research/data/raw/DRAL16kHz/fragments-short/ES_022_42.wav,Take a muffin. Take a napisha.,"Saqué mi celular, les doy una foto.",test
EN_022_43__ES_022_43,22,22,true,EN_022_43,ES_022_43,/Users/nilakshanraveendran/Documents/research/data/raw/DRAL16kHz/fragments-short/EN_022_43.wav,/Users/nilakshanraveendran/Documents/research/data/raw/DRAL16kHz/fragments-short/ES_022_43.wav,and send her to Enrique's girlfriend.,Y se la mandé a la novia de Enrique.,test
EN_022_44__ES_022_44,15,15,true,EN_022_44,ES_022_44,/Users/nilakshanraveendran/Documents/research/data/raw/DRAL16kHz/fragments-short/EN_022_44.wav,/Users/nilakshanraveendran/Documents/research/data/raw/DRAL16kHz/fragments-short/ES_022_44.wav,"When I- When I started working, uh, I was 16.",cuando yo yo empecé trabajando desde los desde los dieciséis,test
EN_022_45__ES_022_45,15,15,true,EN_022_45,ES_022_45,/Users/nilakshanraveendran/Documents/research/data/raw/DRAL16kHz/fragments-short/EN_022_45.wav,/Users/nilakshanraveendran/Documents/research/data/raw/DRAL16kHz/fragments-short/ES_022_45.wav,and I had- I had a manager that I hated,y tenía un- un manejador que me caía muy mal,test
EN_022_46__ES_022_46,15,15,true,EN_022_46,ES_022_46,/Users/nilakshanraveendran/Documents/research/data/raw/DRAL16kHz/fragments-short/EN_022_46.wav,/Users/nilakshanraveendran/Documents/research/data/raw/DRAL16kHz/fragments-short/ES_022_46.wav,"He would always tell us, ah, you guys aren't doing this right, or he would scream at us.","Siempre nos decía ah que no están haciendo esto bien, o de que nos gritaba.",test
EN_022_47__ES_022_47,15,15,true,EN_022_47,ES_022_47,/Users/nilakshanraveendran/Documents/research/data/raw/DRAL16kHz/fragments-short/EN_022_47.wav,/Users/nilakshanraveendran/Documents/research/data/raw/DRAL16kHz/fragments-short/ES_022_47.wav,I started to work a lot harder.,empecé a trabajar mucho más duro,test
EN_022_48__ES_022_48,15,15,true,EN_022_48,ES_022_48,/Users/nilakshanraveendran/Documents/research/data/raw/DRAL16kHz/fragments-short/EN_022_48.wav,/Users/nilakshanraveendran/Documents/research/data/raw/DRAL16kHz/fragments-short/ES_022_48.wav,and he- he started to give me jobs that were a lot harder.,y empezó a darme así trabajos más- más pesados.,test
EN_022_49__ES_022_49,15,15,true,EN_022_49,ES_022_49,/Users/nilakshanraveendran/Documents/research/data/raw/DRAL16kHz/fragments-short/EN_022_49.wav,/Users/nilakshanraveendran/Documents/research/data/raw/DRAL16kHz/fragments-short/ES_022_49.wav,because I- I needed that job to buy myself a car.,porque nece- necesitaba ese trabajo para comprarme un carro.,test
EN_022_4__ES_022_4,22,22,true,EN_022_4,ES_022_4,/Users/nilakshanraveendran/Documents/research/data/raw/DRAL16kHz/fragments-short/EN_022_4.wav,/Users/nilakshanraveendran/Documents/research/data/raw/DRAL16kHz/fragments-short/ES_022_4.wav,I like to go on the roll.,Pues me gustaba andar en el rollo.,test
EN_022_50__ES_022_50,15,15,true,EN_022_50,ES_022_50,/Users/nilakshanraveendran/Documents/research/data/raw/DRAL16kHz/fragments-short/EN_022_50.wav,/Users/nilakshanraveendran/Documents/research/data/raw/DRAL16kHz/fragments-short/ES_022_50.wav,because my mom or my grandma wasn't gonna buy it for me.,"porque no no me lo iba a comprar mi mamá, ni mi abuela, ni nadie, ¿verdad?",test
EN_022_51__ES_022_51,15,15,true,EN_022_51,ES_022_51,/Users/nilakshanraveendran/Documents/research/data/raw/DRAL16kHz/fragments-short/EN_022_51.wav,/Users/nilakshanraveendran/Documents/research/data/raw/DRAL16kHz/fragments-short/ES_022_51.wav,So they- they promoted me.,que me promovieron a mí,test
EN_022_52__ES_022_52,15,15,true,EN_022_52,ES_022_52,/Users/nilakshanraveendran/Documents/research/data/raw/DRAL16kHz/fragments-short/EN_022_52.wav,/Users/nilakshanraveendran/Documents/research/data/raw/DRAL16kHz/fragments-short/ES_022_52.wav,and they made me manager.,y me hicieron a mí el manejador.,test
EN_022_53__ES_022_53,15,15,true,EN_022_53,ES_022_53,/Users/nilakshanraveendran/Documents/research/data/raw/DRAL16kHz/fragments-short/EN_022_53.wav,/Users/nilakshanraveendran/Documents/research/data/raw/DRAL16kHz/fragments-short/ES_022_53.wav,And they sent him to the gutter.,"y lo mandaron ahí, a él, a la goma.",test
EN_022_54__ES_022_54,15,15,true,EN_022_54,ES_022_54,/Users/nilakshanraveendran/Documents/research/data/raw/DRAL16kHz/fragments-short/EN_022_54.wav,/Users/nilakshanraveendran/Documents/research/data/raw/DRAL16kHz/fragments-short/ES_022_54.wav,He worked out outside.,Él trabajaba a- afuera.,test
EN_022_55__ES_022_55,15,15,true,EN_022_55,ES_022_55,/Users/nilakshanraveendran/Documents/research/data/raw/DRAL16kHz/fragments-short/EN_022_55.wav,/Users/nilakshanraveendran/Documents/research/data/raw/DRAL16kHz/fragments-short/ES_022_55.wav,but they sent some inside to the kitchen.,Pero lo mandaron adentro a la cocina.,test
EN_022_56__ES_022_56,15,15,true,EN_022_56,ES_022_56,/Users/nilakshanraveendran/Documents/research/data/raw/DRAL16kHz/fragments-short/EN_022_56.wav,/Users/nilakshanraveendran/Documents/research/data/raw/DRAL16kHz/fragments-short/ES_022_56.wav,So they- they took away his position [laughter].,Entonces que le le quitaron su puesto,test
EN_022_57__ES_022_57,15,15,true,EN_022_57,ES_022_57,/Users/nilakshanraveendran/Documents/research/data/raw/DRAL16kHz/fragments-short/EN_022_57.wav,/Users/nilakshanraveendran/Documents/research/data/raw/DRAL16kHz/fragments-short/ES_022_57.wav,and they gave it to me,y ese me lo me lo dieron a mí.,test
EN_022_5__ES_022_5,15,15,true,EN_022_5,ES_022_5,/Users/nilakshanraveendran/Documents/research/data/raw/DRAL16kHz/fragments-short/EN_022_5.wav,/Users/nilakshanraveendran/Documents/research/data/raw/DRAL16kHz/fragments-short/ES_022_5.wav,She's all jealous.,Ella toda celosa.,test
EN_022_6__ES_022_6,22,22,true,EN_022_6,ES_022_6,/Users/nilakshanraveendran/Documents/research/data/raw/DRAL16kHz/fragments-short/EN_022_6.wav,/Users/nilakshanraveendran/Documents/research/data/raw/DRAL16kHz/fragments-short/ES_022_6.wav,"Um yeah, like not that much because I told her, like, to come but she didn't like that.","Ajá, pues no no tanto, porque osea le decía que fuera, pero no le gustaba eso a ella.",test
EN_022_7__ES_022_7,22,22,true,EN_022_7,ES_022_7,/Users/nilakshanraveendran/Documents/research/data/raw/DRAL16kHz/fragments-short/EN_022_7.wav,/Users/nilakshanraveendran/Documents/research/data/raw/DRAL16kHz/fragments-short/ES_022_7.wav,"Okay, so let's introduce some secondary characters.","Entonces, ay- ay- imitamos personajes secundarios aquí.",test
EN_022_8__ES_022_8,22,22,true,EN_022_8,ES_022_8,/Users/nilakshanraveendran/Documents/research/data/raw/DRAL16kHz/fragments-short/EN_022_8.wav,/Users/nilakshanraveendran/Documents/research/data/raw/DRAL16kHz/fragments-short/ES_022_8.wav,I had a best friend that was called Enrique.,Yo tenía un mejor amigo que se llamaba Enrique.,test
EN_022_9__ES_022_9,22,22,true,EN_022_9,ES_022_9,/Users/nilakshanraveendran/Documents/research/data/raw/DRAL16kHz/fragments-short/EN_022_9.wav,/Users/nilakshanraveendran/Documents/research/data/raw/DRAL16kHz/fragments-short/ES_022_9.wav,but we call it Kike.,Pero le deciamos Quique.,test
EN_023_10__ES_023_10,23,23,true,EN_023_10,ES_023_10,/Users/nilakshanraveendran/Documents/research/data/raw/DRAL16kHz/fragments-short/EN_023_10.wav,/Users/nilakshanraveendran/Documents/research/data/raw/DRAL16kHz/fragments-short/ES_023_10.wav,"on sleep, eating, exercise.","con dormir, comer, ejercicio",train
EN_023_11__ES_023_11,2,2,true,EN_023_11,ES_023_11,/Users/nilakshanraveendran/Documents/research/data/raw/DRAL16kHz/fragments-short/EN_023_11.wav,/Users/nilakshanraveendran/Documents/research/data/raw/DRAL16kHz/fragments-short/ES_023_11.wav,"Last night I didn't really get to sleep, but only because I went to the movies.","Anoche casi no dormí, pero nomás porque fui al cine",train
EN_023_12__ES_023_12,2,2,true,EN_023_12,ES_023_12,/Users/nilakshanraveendran/Documents/research/data/raw/DRAL16kHz/fragments-short/EN_023_12.wav,/Users/nilakshanraveendran/Documents/research/data/raw/DRAL16kHz/fragments-short/ES_023_12.wav,"I always think that I could rest a little more, but...","Siempre creo que puedo descansar poquito más, pero...",train
EN_023_13__ES_023_13,2,2,true,EN_023_13,ES_023_13,/Users/nilakshanraveendran/Documents/research/data/raw/DRAL16kHz/fragments-short/EN_023_13.wav,/Users/nilakshanraveendran/Documents/research/data/raw/DRAL16kHz/fragments-short/ES_023_13.wav,I would take my naps.,Pues si me me aventaba mis siestas,train
EN_023_14__ES_023_14,23,23,true,EN_023_14,ES_023_14,/Users/nilakshanraveendran/Documents/research/data/raw/DRAL16kHz/fragments-short/EN_023_14.wav,/Users/nilakshanraveendran/Documents/research/data/raw/DRAL16kHz/fragments-short/ES_023_14.wav,"I think that when I started school, I didn't think about those things.",Yo pienso que cuando comencé a la universidad no pensaba en eso.,train
EN_023_15__ES_023_15,23,23,true,EN_023_15,ES_023_15,/Users/nilakshanraveendran/Documents/research/data/raw/DRAL16kHz/fragments-short/EN_023_15.wav,/Users/nilakshanraveendran/Documents/research/data/raw/DRAL16kHz/fragments-short/ES_023_15.wav,"I would just eat whatever I wanted, sleep whenever I wanted.","nomás comía lo que sea, dormía cuando quería",train
EN_023_16__ES_023_16,2,2,true,EN_023_16,ES_023_16,/Users/nilakshanraveendran/Documents/research/data/raw/DRAL16kHz/fragments-short/EN_023_16.wav,/Users/nilakshanraveendran/Documents/research/data/raw/DRAL16kHz/fragments-short/ES_023_16.wav,More like good.,Cuando podías más bien,train
EN_023_17__ES_023_17,23,23,true,EN_023_17,ES_023_17,/Users/nilakshanraveendran/Documents/research/data/raw/DRAL16kHz/fragments-short/EN_023_17.wav,/Users/nilakshanraveendran/Documents/research/data/raw/DRAL16kHz/fragments-short/ES_023_17.wav,"exercise, well not exercise but","Ejercicio, no ejercicio.",train
EN_023_18__ES_023_18,23,23,true,EN_023_18,ES_023_18,/Users/nilakshanraveendran/Documents/research/data/raw/DRAL16kHz/fragments-short/EN_023_18.wav,/Users/nilakshanraveendran/Documents/research/data/raw/DRAL16kHz/fragments-short/ES_023_18.wav,"walking on campus, but.","Bueno, caminando en la en- osea en la escuela, pero pues no es...",train
EN_023_19__ES_023_19,23,23,true,EN_023_19,ES_023_19,/Users/nilakshanraveendran/Documents/research/data/raw/DRAL16kHz/fragments-short/EN_023_19.wav,/Users/nilakshanraveendran/Documents/research/data/raw/DRAL16kHz/fragments-short/ES_023_19.wav,I wouldn't say that's enough.,Diría que no es bastante.,train
EN_023_1__ES_023_1,23,23,true,EN_023_1,ES_023_1,/Users/nilakshanraveendran/Documents/research/data/raw/DRAL16kHz/fragments-short/EN_023_1.wav,/Users/nilakshanraveendran/Documents/research/data/raw/DRAL16kHz/fragments-short/ES_023_1.wav,"Uhh, yeah, let me think.","Ah, sí déjame pensar.",train
EN_023_20__ES_023_20,23,23,true,EN_023_20,ES_023_20,/Users/nilakshanraveendran/Documents/research/data/raw/DRAL16kHz/fragments-short/EN_023_20.wav,/Users/nilakshanraveendran/Documents/research/data/raw/DRAL16kHz/fragments-short/ES_023_20.wav,"Well, that would be the first one.","Bueno, eso sería el primero",train
EN_023_21__ES_023_21,23,23,true,EN_023_21,ES_023_21,/Users/nilakshanraveendran/Documents/research/data/raw/DRAL16kHz/fragments-short/EN_023_21.wav,/Users/nilakshanraveendran/Documents/research/data/raw/DRAL16kHz/fragments-short/ES_023_21.wav,"You have to plan what you're going to do today, the week.","debes que planear, que vas a hacer todos los días, y la semana",train
EN_023_22__ES_023_22,23,23,true,EN_023_22,ES_023_22,/Users/nilakshanraveendran/Documents/research/data/raw/DRAL16kHz/fragments-short/EN_023_22.wav,/Users/nilakshanraveendran/Documents/research/data/raw/DRAL16kHz/fragments-short/ES_023_22.wav,the month and the year.,y el mes y el año.,train
EN_023_24__ES_023_24,23,23,true,EN_023_24,ES_023_24,/Users/nilakshanraveendran/Documents/research/data/raw/DRAL16kHz/fragments-short/EN_023_24.wav,/Users/nilakshanraveendran/Documents/research/data/raw/DRAL16kHz/fragments-short/ES_023_24.wav,"And then when I started my, uh, how do you say it?",y ya cuando comencé a- ¿como se dice?,train
EN_023_25__ES_023_25,2,2,true,EN_023_25,ES_023_25,/Users/nilakshanraveendran/Documents/research/data/raw/DRAL16kHz/fragments-short/EN_023_25.wav,/Users/nilakshanraveendran/Documents/research/data/raw/DRAL16kHz/fragments-short/ES_023_25.wav,doctors?,tu doctorado,train
EN_023_26__ES_023_26,23,23,true,EN_023_26,ES_023_26,/Users/nilakshanraveendran/Documents/research/data/raw/DRAL16kHz/fragments-short/EN_023_26.wav,/Users/nilakshanraveendran/Documents/research/data/raw/DRAL16kHz/fragments-short/ES_023_26.wav,"Doctorates program, yeah.",El doctor Housey,train
EN_023_27__ES_023_27,23,23,true,EN_023_27,ES_023_27,/Users/nilakshanraveendran/Documents/research/data/raw/DRAL16kHz/fragments-short/EN_023_27.wav,/Users/nilakshanraveendran/Documents/research/data/raw/DRAL16kHz/fragments-short/ES_023_27.wav,you don't have someone to tell you what you have to do exactly.,ya no tienes como alguien decirte qué debes que hacer exactamente.,train
EN_023_28__ES_023_28,23,23,true,EN_023_28,ES_023_28,/Users/nilakshanraveendran/Documents/research/data/raw/DRAL16kHz/fragments-short/EN_023_28.wav,/Users/nilakshanraveendran/Documents/research/data/raw/DRAL16kHz/fragments-short/ES_023_28.wav,So then the time that you're working...,"Entonces, el tiempo que estás trabajando...",train
EN_023_29__ES_023_29,23,23,true,EN_023_29,ES_023_29,/Users/nilakshanraveendran/Documents/research/data/raw/DRAL16kHz/fragments-short/EN_023_29.wav,/Users/nilakshanraveendran/Documents/research/data/raw/DRAL16kHz/fragments-short/ES_023_29.wav,"what you're working on and when you do it, that you have to design yourself.","o qué haces o cuándo lo haces, eso tú lo decides.",train
EN_023_2__ES_023_2,23,23,true,EN_023_2,ES_023_2,/Users/nilakshanraveendran/Documents/research/data/raw/DRAL16kHz/fragments-short/EN_023_2.wav,/Users/nilakshanraveendran/Documents/research/data/raw/DRAL16kHz/fragments-short/ES_023_2.wav,You have to sleep enough.,Debes que dormir bastante.,train
EN_023_30__ES_023_30,23,23,true,EN_023_30,ES_023_30,/Users/nilakshanraveendran/Documents/research/data/raw/DRAL16kHz/fragments-short/EN_023_30.wav,/Users/nilakshanraveendran/Documents/research/data/raw/DRAL16kHz/fragments-short/ES_023_30.wav,And if you don't have like a way of thinking about what you're gonna do and when you're gonna do it,Y si no tienes como una manera de pensar de qué vas a hacer y cuándo lo vas a hacer.,train
EN_023_31__ES_023_31,23,23,true,EN_023_31,ES_023_31,/Users/nilakshanraveendran/Documents/research/data/raw/DRAL16kHz/fragments-short/EN_023_31.wav,/Users/nilakshanraveendran/Documents/research/data/raw/DRAL16kHz/fragments-short/ES_023_31.wav,then you're not going to do well.,pues no vas a hacer bien,train
EN_023_32__ES_023_32,2,2,true,EN_023_32,ES_023_32,/Users/nilakshanraveendran/Documents/research/data/raw/DRAL16kHz/fragments-short/EN_023_32.wav,/Users/nilakshanraveendran/Documents/research/data/raw/DRAL16kHz/fragments-short/ES_023_32.wav,"Be your own boss, that's true.","Ser tu propio, jefe, sí cierto.",train
EN_023_33__ES_023_33,23,23,true,EN_023_33,ES_023_33,/Users/nilakshanraveendran/Documents/research/data/raw/DRAL16kHz/fragments-short/EN_023_33.wav,/Users/nilakshanraveendran/Documents/research/data/raw/DRAL16kHz/fragments-short/ES_023_33.wav,So before it was just: do this by this date. Aha,"Pues antes nomás sería, haz esto ah para esta fecha. Ajá",train
EN_023_34__ES_023_34,2,2,true,EN_023_34,ES_023_34,/Users/nilakshanraveendran/Documents/research/data/raw/DRAL16kHz/fragments-short/EN_023_34.wav,/Users/nilakshanraveendran/Documents/research/data/raw/DRAL16kHz/fragments-short/ES_023_34.wav,Doctor in,Y entrágalo y ya,train
EN_023_35__ES_023_35,23,23,true,EN_023_35,ES_023_35,/Users/nilakshanraveendran/Documents/research/data/raw/DRAL16kHz/fragments-short/EN_023_35.wav,/Users/nilakshanraveendran/Documents/research/data/raw/DRAL16kHz/fragments-short/ES_023_35.wav,"And then we're going to give you a 90, 80, a 100, whatever.","Y luego te vamos a dar noventa, ochenta, cien, lo que sea.",train
EN_023_36__ES_023_36,2,2,true,EN_023_36,ES_023_36,/Users/nilakshanraveendran/Documents/research/data/raw/DRAL16kHz/fragments-short/EN_023_36.wav,/Users/nilakshanraveendran/Documents/research/data/raw/DRAL16kHz/fragments-short/ES_023_36.wav,They actually don't give you any grades or anything.,¿En serio no te dan calificaciones para nada?,train
EN_023_37__ES_023_37,23,23,true,EN_023_37,ES_023_37,/Users/nilakshanraveendran/Documents/research/data/raw/DRAL16kHz/fragments-short/EN_023_37.wav,/Users/nilakshanraveendran/Documents/research/data/raw/DRAL16kHz/fragments-short/ES_023_37.wav,"At the beginning you do have to take classes, so",al principio debes que tomar clases entonces,train
EN_023_38__ES_023_38,23,23,true,EN_023_38,ES_023_38,/Users/nilakshanraveendran/Documents/research/data/raw/DRAL16kHz/fragments-short/EN_023_38.wav,/Users/nilakshanraveendran/Documents/research/data/raw/DRAL16kHz/fragments-short/ES_023_38.wav,"It's the same, it's just a little more difficult.","es igual, nomás tan un poco más difícil",train
EN_023_39__ES_023_39,23,23,true,EN_023_39,ES_023_39,/Users/nilakshanraveendran/Documents/research/data/raw/DRAL16kHz/fragments-short/EN_023_39.wav,/Users/nilakshanraveendran/Documents/research/data/raw/DRAL16kHz/fragments-short/ES_023_39.wav,"but some of the classes are more for people who are doing their masters, their doctorates",pero algunas clases son más ah pa- la gente que está haciendo maestría o doctorado.,train
EN_023_3__ES_023_3,23,23,true,EN_023_3,ES_023_3,/Users/nilakshanraveendran/Documents/research/data/raw/DRAL16kHz/fragments-short/EN_023_3.wav,/Users/nilakshanraveendran/Documents/research/data/raw/DRAL16kHz/fragments-short/ES_023_3.wav,Eat well.,"Comer, bien.",train
EN_023_40__ES_023_40,23,23,true,EN_023_40,ES_023_40,/Users/nilakshanraveendran/Documents/research/data/raw/DRAL16kHz/fragments-short/EN_023_40.wav,/Users/nilakshanraveendran/Documents/research/data/raw/DRAL16kHz/fragments-short/ES_023_40.wav,"Uh, they're the same, but they're just a little more difficult.",y está un poco más difícil,train
EN_023_41__ES_023_41,23,23,true,EN_023_41,ES_023_41,/Users/nilakshanraveendran/Documents/research/data/raw/DRAL16kHz/fragments-short/EN_023_41.wav,/Users/nilakshanraveendran/Documents/research/data/raw/DRAL16kHz/fragments-short/ES_023_41.wav,It depends who you get it with.,depende con quien te toca,train
EN_023_42__ES_023_42,2,2,true,EN_023_42,ES_023_42,/Users/nilakshanraveendran/Documents/research/data/raw/DRAL16kHz/fragments-short/EN_023_42.wav,/Users/nilakshanraveendran/Documents/research/data/raw/DRAL16kHz/fragments-short/ES_023_42.wav,"Yeah, I can imagine. Oh, you know, I'm scared.","Si si me imagino. Ay, ya me dio miedo.",train
EN_023_43__ES_023_43,2,2,true,EN_023_43,ES_023_43,/Users/nilakshanraveendran/Documents/research/data/raw/DRAL16kHz/fragments-short/EN_023_43.wav,/Users/nilakshanraveendran/Documents/research/data/raw/DRAL16kHz/fragments-short/ES_023_43.wav,Do you want me to say one? What do you think?,¿Quieres que yo diga uno mientras lo piensas?,train
EN_023_44__ES_023_44,23,23,true,EN_023_44,ES_023_44,/Users/nilakshanraveendran/Documents/research/data/raw/DRAL16kHz/fragments-short/EN_023_44.wav,/Users/nilakshanraveendran/Documents/research/data/raw/DRAL16kHz/fragments-short/ES_023_44.wav,Yeah.,Sí.,train
EN_023_45__ES_023_45,2,2,true,EN_023_45,ES_023_45,/Users/nilakshanraveendran/Documents/research/data/raw/DRAL16kHz/fragments-short/EN_023_45.wav,/Users/nilakshanraveendran/Documents/research/data/raw/DRAL16kHz/fragments-short/ES_023_45.wav,"The first one that I was going to say was the same, uhm, to take care of your health",El primero que yo iba a decir era igual que que cuides tu salud.,train
EN_023_46__ES_023_46,23,23,true,EN_023_46,ES_023_46,/Users/nilakshanraveendran/Documents/research/data/raw/DRAL16kHz/fragments-short/EN_023_46.wav,/Users/nilakshanraveendran/Documents/research/data/raw/DRAL16kHz/fragments-short/ES_023_46.wav,And... I don't know why people just don't ask things.,Y no sé por qué la gente no pregunta cosas.,train
EN_023_47__ES_023_47,23,23,true,EN_023_47,ES_023_47,/Users/nilakshanraveendran/Documents/research/data/raw/DRAL16kHz/fragments-short/EN_023_47.wav,/Users/nilakshanraveendran/Documents/research/data/raw/DRAL16kHz/fragments-short/ES_023_47.wav,Maybe they get scared? Yeah.,"a lo mejor le dan miedo, si",train
EN_023_48__ES_023_48,2,2,true,EN_023_48,ES_023_48,/Users/nilakshanraveendran/Documents/research/data/raw/DRAL16kHz/fragments-short/EN_023_48.wav,/Users/nilakshanraveendran/Documents/research/data/raw/DRAL16kHz/fragments-short/ES_023_48.wav,or embarrassment.,La vergüenza.,train
EN_023_49__ES_023_49,23,23,true,EN_023_49,ES_023_49,/Users/nilakshanraveendran/Documents/research/data/raw/DRAL16kHz/fragments-short/EN_023_49.wav,/Users/nilakshanraveendran/Documents/research/data/raw/DRAL16kHz/fragments-short/ES_023_49.wav,They're gonna think that maybe you're gonna give them worse grades if they're asking things.,Van a pensar que a lo mejor te dan peor calificaciones si estás preguntando cosas.,train
EN_023_4__ES_023_4,23,23,true,EN_023_4,ES_023_4,/Users/nilakshanraveendran/Documents/research/data/raw/DRAL16kHz/fragments-short/EN_023_4.wav,/Users/nilakshanraveendran/Documents/research/data/raw/DRAL16kHz/fragments-short/ES_023_4.wav,do exercise.,hacer ejercicio,train
EN_023_50__ES_023_50,23,23,true,EN_023_50,ES_023_50,/Users/nilakshanraveendran/Documents/research/data/raw/DRAL16kHz/fragments-short/EN_023_50.wav,/Users/nilakshanraveendran/Documents/research/data/raw/DRAL16kHz/fragments-short/ES_023_50.wav,"Well, I've already worked as a TA.",pues ya he trabajado como asistente com-,train
EN_023_51__ES_023_51,23,23,true,EN_023_51,ES_023_51,/Users/nilakshanraveendran/Documents/research/data/raw/DRAL16kHz/fragments-short/EN_023_51.wav,/Users/nilakshanraveendran/Documents/research/data/raw/DRAL16kHz/fragments-short/ES_023_51.wav,"for like... five, six semesters, something like that.","por no sé, cinco semestres o algo así.",train
EN_023_5__ES_023_5,23,23,true,EN_023_5,ES_023_5,/Users/nilakshanraveendran/Documents/research/data/raw/DRAL16kHz/fragments-short/EN_023_5.wav,/Users/nilakshanraveendran/Documents/research/data/raw/DRAL16kHz/fragments-short/ES_023_5.wav,I don't know if those count like the three?,No sé si esos cuentan como un tre-.,train
EN_023_6__ES_023_6,23,23,true,EN_023_6,ES_023_6,/Users/nilakshanraveendran/Documents/research/data/raw/DRAL16kHz/fragments-short/EN_023_6.wav,/Users/nilakshanraveendran/Documents/research/data/raw/DRAL16kHz/fragments-short/ES_023_6.wav,That would be...,Eso sería...,train
EN_023_7__ES_023_7,23,23,true,EN_023_7,ES_023_7,/Users/nilakshanraveendran/Documents/research/data/raw/DRAL16kHz/fragments-short/EN_023_7.wav,/Users/nilakshanraveendran/Documents/research/data/raw/DRAL16kHz/fragments-short/ES_023_7.wav,"the most important thing I've learned, I think.",lo más importante creo que he aprendido,train
EN_023_8__ES_023_8,2,2,true,EN_023_8,ES_023_8,/Users/nilakshanraveendran/Documents/research/data/raw/DRAL16kHz/fragments-short/EN_023_8.wav,/Users/nilakshanraveendran/Documents/research/data/raw/DRAL16kHz/fragments-short/ES_023_8.wav,to take care of your health.,Que cuides tu salud.,train
EN_023_9__ES_023_9,23,23,true,EN_023_9,ES_023_9,/Users/nilakshanraveendran/Documents/research/data/raw/DRAL16kHz/fragments-short/EN_023_9.wav,/Users/nilakshanraveendran/Documents/research/data/raw/DRAL16kHz/fragments-short/ES_023_9.wav,Would you say that you're doing well?,¿Dirías tú que estás haciendo bien?,train
EN_024_10__ES_024_10,15,15,true,EN_024_10,ES_024_10,/Users/nilakshanraveendran/Documents/research/data/raw/DRAL16kHz/fragments-short/EN_024_10.wav,/Users/nilakshanraveendran/Documents/research/data/raw/DRAL16kHz/fragments-short/ES_024_10.wav,"Yeah, definitely, yeah.","Sí, claro.",test
EN_024_11__ES_024_11,24,24,true,EN_024_11,ES_024_11,/Users/nilakshanraveendran/Documents/research/data/raw/DRAL16kHz/fragments-short/EN_024_11.wav,/Users/nilakshanraveendran/Documents/research/data/raw/DRAL16kHz/fragments-short/ES_024_11.wav,so I think of that and I think they do a good job,eh pienso eso y creo que hacen un buen trabajo,train
EN_024_12__ES_024_12,24,24,true,EN_024_12,ES_024_12,/Users/nilakshanraveendran/Documents/research/data/raw/DRAL16kHz/fragments-short/EN_024_12.wav,/Users/nilakshanraveendran/Documents/research/data/raw/DRAL16kHz/fragments-short/ES_024_12.wav,"I mean, I haven't need them for anything really serious.","Quiero decir, o sea, nunca los he necesitado para algo serio.",train
EN_024_13__ES_024_13,15,15,true,EN_024_13,ES_024_13,/Users/nilakshanraveendran/Documents/research/data/raw/DRAL16kHz/fragments-short/EN_024_13.wav,/Users/nilakshanraveendran/Documents/research/data/raw/DRAL16kHz/fragments-short/ES_024_13.wav,That's like exactly like what happened to me.,Eso es lo exacto que me pasó a mí.,test
EN_024_14__ES_024_14,15,15,true,EN_024_14,ES_024_14,/Users/nilakshanraveendran/Documents/research/data/raw/DRAL16kHz/fragments-short/EN_024_14.wav,/Users/nilakshanraveendran/Documents/research/data/raw/DRAL16kHz/fragments-short/ES_024_14.wav,"So like, I feel like I have to worry now ever since that.",Entonces siento que yo me tengo que preocupar desde eso.,test
EN_024_15__ES_024_15,15,15,true,EN_024_15,ES_024_15,/Users/nilakshanraveendran/Documents/research/data/raw/DRAL16kHz/fragments-short/EN_024_15.wav,/Users/nilakshanraveendran/Documents/research/data/raw/DRAL16kHz/fragments-short/ES_024_15.wav,But uh this happened when I was uh- when I was 16.,Pero pasó esto cuando tenía dieciséis.,test
EN_024_16__ES_024_16,15,15,true,EN_024_16,ES_024_16,/Users/nilakshanraveendran/Documents/research/data/raw/DRAL16kHz/fragments-short/EN_024_16.wav,/Users/nilakshanraveendran/Documents/research/data/raw/DRAL16kHz/fragments-short/ES_024_16.wav,"Me and my friend, uh, his name is Isaac.",Yo y mi amigo Isaac.,test
EN_024_17__ES_024_17,15,15,true,EN_024_17,ES_024_17,/Users/nilakshanraveendran/Documents/research/data/raw/DRAL16kHz/fragments-short/EN_024_17.wav,/Users/nilakshanraveendran/Documents/research/data/raw/DRAL16kHz/fragments-short/ES_024_17.wav,Isaac was 17.,Isaac tenía diecisiete.,test
EN_024_18__ES_024_18,15,15,true,EN_024_18,ES_024_18,/Users/nilakshanraveendran/Documents/research/data/raw/DRAL16kHz/fragments-short/EN_024_18.wav,/Users/nilakshanraveendran/Documents/research/data/raw/DRAL16kHz/fragments-short/ES_024_18.wav,It was a party in sort of like a- a sketchy neighborhood.,Era una fiesta en un en un barrio sketchy.,test
EN_024_19__ES_024_19,15,15,true,EN_024_19,ES_024_19,/Users/nilakshanraveendran/Documents/research/data/raw/DRAL16kHz/fragments-short/EN_024_19.wav,/Users/nilakshanraveendran/Documents/research/data/raw/DRAL16kHz/fragments-short/ES_024_19.wav,<unk> You know like the projects are like the government housing,¿Sabes qué son los casas de apoyo del gobierno?,test
EN_024_1__ES_024_1,15,15,true,EN_024_1,ES_024_1,/Users/nilakshanraveendran/Documents/research/data/raw/DRAL16kHz/fragments-short/EN_024_1.wav,/Users/nilakshanraveendran/Documents/research/data/raw/DRAL16kHz/fragments-short/ES_024_1.wav,"So uh yesterday you were telling me about like a weird like experience you had with the cops in Mexico, right?","Entonces, ayer me estabas diciendo de una experiencia rara que tuviste con los, la policía en México.",test
EN_024_20__ES_024_20,24,24,true,EN_024_20,ES_024_20,/Users/nilakshanraveendran/Documents/research/data/raw/DRAL16kHz/fragments-short/EN_024_20.wav,/Users/nilakshanraveendran/Documents/research/data/raw/DRAL16kHz/fragments-short/ES_024_20.wav,"Ah yeah- yeah, I- I know what they are, I don't know where they are.","Ah, sí, sí, sí, uh sé que son, pero no sé dónde están.",train
EN_024_21__ES_024_21,15,15,true,EN_024_21,ES_024_21,/Users/nilakshanraveendran/Documents/research/data/raw/DRAL16kHz/fragments-short/EN_024_21.wav,/Users/nilakshanraveendran/Documents/research/data/raw/DRAL16kHz/fragments-short/ES_024_21.wav,"So it was like- it was like a sketchy, like, neighborhood.",Era era un un barrio sospechoso.,test
EN_024_22__ES_024_22,24,24,true,EN_024_22,ES_024_22,/Users/nilakshanraveendran/Documents/research/data/raw/DRAL16kHz/fragments-short/EN_024_22.wav,/Users/nilakshanraveendran/Documents/research/data/raw/DRAL16kHz/fragments-short/ES_024_22.wav,Cannot downtown or?,Como en el centro.,train
EN_024_23__ES_024_23,15,15,true,EN_024_23,ES_024_23,/Users/nilakshanraveendran/Documents/research/data/raw/DRAL16kHz/fragments-short/EN_024_23.wav,/Users/nilakshanraveendran/Documents/research/data/raw/DRAL16kHz/fragments-short/ES_024_23.wav,"No, it was actually, there's- there's some in uhm El Paso.","No, eran eran algunos en El Paso.",test
EN_024_24__ES_024_24,15,15,true,EN_024_24,ES_024_24,/Users/nilakshanraveendran/Documents/research/data/raw/DRAL16kHz/fragments-short/EN_024_24.wav,/Users/nilakshanraveendran/Documents/research/data/raw/DRAL16kHz/fragments-short/ES_024_24.wav,I mean not in El Paso on the west side,"Digo, no en El Paso en el Westside.",test
EN_024_25__ES_024_25,24,24,true,EN_024_25,ES_024_25,/Users/nilakshanraveendran/Documents/research/data/raw/DRAL16kHz/fragments-short/EN_024_25.wav,/Users/nilakshanraveendran/Documents/research/data/raw/DRAL16kHz/fragments-short/ES_024_25.wav,"Okay, I- I don't know where they are, but yeah.","Ok, no se donde estan pero okey",train
EN_024_26__ES_024_26,15,15,true,EN_024_26,ES_024_26,/Users/nilakshanraveendran/Documents/research/data/raw/DRAL16kHz/fragments-short/EN_024_26.wav,/Users/nilakshanraveendran/Documents/research/data/raw/DRAL16kHz/fragments-short/ES_024_26.wav,"So it was kind of like in a- a sketchy neighborhood, right?","Entonces era en un barrio sospechoso, ¿verdad?",test
EN_024_27__ES_024_27,15,15,true,EN_024_27,ES_024_27,/Users/nilakshanraveendran/Documents/research/data/raw/DRAL16kHz/fragments-short/EN_024_27.wav,/Users/nilakshanraveendran/Documents/research/data/raw/DRAL16kHz/fragments-short/ES_024_27.wav,We're just doing our thing.,Estábamos haciendo nuestra cosa.,test
EN_024_28__ES_024_28,15,15,true,EN_024_28,ES_024_28,/Users/nilakshanraveendran/Documents/research/data/raw/DRAL16kHz/fragments-short/EN_024_28.wav,/Users/nilakshanraveendran/Documents/research/data/raw/DRAL16kHz/fragments-short/ES_024_28.wav,"I was 16, we were partying, you know.",Teníamos dieciséis. Estábamos festejando.,test
EN_024_29__ES_024_29,15,15,true,EN_024_29,ES_024_29,/Users/nilakshanraveendran/Documents/research/data/raw/DRAL16kHz/fragments-short/EN_024_29.wav,/Users/nilakshanraveendran/Documents/research/data/raw/DRAL16kHz/fragments-short/ES_024_29.wav,"You know, because of the- the area, there was also some crazy people there, not even going to lie.",Pues si sabes sabes por el área había gente loca no te voy a mentir,test
EN_024_2__ES_024_2,15,15,true,EN_024_2,ES_024_2,/Users/nilakshanraveendran/Documents/research/data/raw/DRAL16kHz/fragments-short/EN_024_2.wav,/Users/nilakshanraveendran/Documents/research/data/raw/DRAL16kHz/fragments-short/ES_024_2.wav,"It just reminded me of a bad experience I've had with the cops, but like here in the US.",Y me acordé de un um una experiencia mala que yo tuve aquí en los Estados Unidos con la policía.,test
EN_024_30__ES_024_30,15,15,true,EN_024_30,ES_024_30,/Users/nilakshanraveendran/Documents/research/data/raw/DRAL16kHz/fragments-short/EN_024_30.wav,/Users/nilakshanraveendran/Documents/research/data/raw/DRAL16kHz/fragments-short/ES_024_30.wav,"There was like people doing like coke and stuff. I was like, whoa.",Había gente haciendo coca y yo estaba como woah,test
EN_024_31__ES_024_31,15,15,true,EN_024_31,ES_024_31,/Users/nilakshanraveendran/Documents/research/data/raw/DRAL16kHz/fragments-short/EN_024_31.wav,/Users/nilakshanraveendran/Documents/research/data/raw/DRAL16kHz/fragments-short/ES_024_31.wav,"Like, they were telling me, and I was like, no, I don't want to do coke.","Y me estaban diciendo y yo les dije, no, yo no quiero hacer coca.",test
EN_024_32__ES_024_32,24,24,true,EN_024_32,ES_024_32,/Users/nilakshanraveendran/Documents/research/data/raw/DRAL16kHz/fragments-short/EN_024_32.wav,/Users/nilakshanraveendran/Documents/research/data/raw/DRAL16kHz/fragments-short/ES_024_32.wav,you were in the house- in the house or?,¿Estabas en la en la casa?,train
EN_024_33__ES_024_33,15,15,true,EN_024_33,ES_024_33,/Users/nilakshanraveendran/Documents/research/data/raw/DRAL16kHz/fragments-short/EN_024_33.wav,/Users/nilakshanraveendran/Documents/research/data/raw/DRAL16kHz/fragments-short/ES_024_33.wav,"Oh, it was a backyard party. It was a backyard party. Yeah. Uh-huh.","Oh, era fiesta afuera, en el jardín, mm-hmm mm-hmm.",test
EN_024_34__ES_024_34,15,15,true,EN_024_34,ES_024_34,/Users/nilakshanraveendran/Documents/research/data/raw/DRAL16kHz/fragments-short/EN_024_34.wav,/Users/nilakshanraveendran/Documents/research/data/raw/DRAL16kHz/fragments-short/ES_024_34.wav,But like out of like everyone in- in the crowd.,¿Y de todos del grupo?,test
EN_024_35__ES_024_35,15,15,true,EN_024_35,ES_024_35,/Users/nilakshanraveendran/Documents/research/data/raw/DRAL16kHz/fragments-short/EN_024_35.wav,/Users/nilakshanraveendran/Documents/research/data/raw/DRAL16kHz/fragments-short/ES_024_35.wav,"Like, they picked out, like, me and my friend.",uh escogieron a mí y mi amigo.,test
EN_024_36__ES_024_36,24,24,true,EN_024_36,ES_024_36,/Users/nilakshanraveendran/Documents/research/data/raw/DRAL16kHz/fragments-short/EN_024_36.wav,/Users/nilakshanraveendran/Documents/research/data/raw/DRAL16kHz/fragments-short/ES_024_36.wav,Probably because you were like the underage kid.,Probablemente pues porque eran los niños menores de edad.,train
EN_024_37__ES_024_37,15,15,true,EN_024_37,ES_024_37,/Users/nilakshanraveendran/Documents/research/data/raw/DRAL16kHz/fragments-short/EN_024_37.wav,/Users/nilakshanraveendran/Documents/research/data/raw/DRAL16kHz/fragments-short/ES_024_37.wav,"Everyone there was pretty much around the same age, you know",Todos ahí tenían más o menos el mismo edad.,test
EN_024_38__ES_024_38,24,24,true,EN_024_38,ES_024_38,/Users/nilakshanraveendran/Documents/research/data/raw/DRAL16kHz/fragments-short/EN_024_38.wav,/Users/nilakshanraveendran/Documents/research/data/raw/DRAL16kHz/fragments-short/ES_024_38.wav,"Ah, okay, okay.","Ah, okey okey.",train
EN_024_39__ES_024_39,15,15,true,EN_024_39,ES_024_39,/Users/nilakshanraveendran/Documents/research/data/raw/DRAL16kHz/fragments-short/EN_024_39.wav,/Users/nilakshanraveendran/Documents/research/data/raw/DRAL16kHz/fragments-short/ES_024_39.wav,They... they put us in like handcuffs.,Nos nos pusieron en esposas.,test
EN_024_3__ES_024_3,15,15,true,EN_024_3,ES_024_3,/Users/nilakshanraveendran/Documents/research/data/raw/DRAL16kHz/fragments-short/EN_024_3.wav,/Users/nilakshanraveendran/Documents/research/data/raw/DRAL16kHz/fragments-short/ES_024_3.wav,"And uh, well let me ask you first.","Bueno, deja te pregunto primero.",test
EN_024_40__ES_024_40,15,15,true,EN_024_40,ES_024_40,/Users/nilakshanraveendran/Documents/research/data/raw/DRAL16kHz/fragments-short/EN_024_40.wav,/Users/nilakshanraveendran/Documents/research/data/raw/DRAL16kHz/fragments-short/ES_024_40.wav,"They're like, get on the ground, like, get on the ground, like, right now. Like, they had us, like, on the ground.","Nos dijeron, uh tírate al suelo, tírate al suelo. Nos tenían en el piso.",test
EN_024_41__ES_024_41,15,15,true,EN_024_41,ES_024_41,/Users/nilakshanraveendran/Documents/research/data/raw/DRAL16kHz/fragments-short/EN_024_41.wav,/Users/nilakshanraveendran/Documents/research/data/raw/DRAL16kHz/fragments-short/ES_024_41.wav,And then they called like- like 15 other more cops.,y hablaron como quince más policías.,test
EN_024_42__ES_024_42,24,24,true,EN_024_42,ES_024_42,/Users/nilakshanraveendran/Documents/research/data/raw/DRAL16kHz/fragments-short/EN_024_42.wav,/Users/nilakshanraveendran/Documents/research/data/raw/DRAL16kHz/fragments-short/ES_024_42.wav,for like ten teenagers.,como para diez adolescentes.,train
EN_024_43__ES_024_43,15,15,true,EN_024_43,ES_024_43,/Users/nilakshanraveendran/Documents/research/data/raw/DRAL16kHz/fragments-short/EN_024_43.wav,/Users/nilakshanraveendran/Documents/research/data/raw/DRAL16kHz/fragments-short/ES_024_43.wav,"Not even because, like, everyone- everyone was leaving, right?","Ni eso, ni eso porque ya todos se estában yendo, ¿verdad?",test
EN_024_44__ES_024_44,15,15,true,EN_024_44,ES_024_44,/Users/nilakshanraveendran/Documents/research/data/raw/DRAL16kHz/fragments-short/EN_024_44.wav,/Users/nilakshanraveendran/Documents/research/data/raw/DRAL16kHz/fragments-short/ES_024_44.wav,"And I was like, yo, what the heck? Like, what's happening, you know, like?","Y yo estaba como como, ¿qué pedo? como ¿qué está pasando?",test
EN_024_45__ES_024_45,15,15,true,EN_024_45,ES_024_45,/Users/nilakshanraveendran/Documents/research/data/raw/DRAL16kHz/fragments-short/EN_024_45.wav,/Users/nilakshanraveendran/Documents/research/data/raw/DRAL16kHz/fragments-short/ES_024_45.wav,like they were so rude to me you know what they would say they were like shut up,"Y eran tan feos, sabes que que me decían, me decían, cállate.",test
EN_024_46__ES_024_46,24,24,true,EN_024_46,ES_024_46,/Users/nilakshanraveendran/Documents/research/data/raw/DRAL16kHz/fragments-short/EN_024_46.wav,/Users/nilakshanraveendran/Documents/research/data/raw/DRAL16kHz/fragments-short/ES_024_46.wav,"Um, but did they call their parents, right? Because you were underage.","Pero, ¿llaman a tus papás o no? Pues, eras menor de edad",train
EN_024_47__ES_024_47,15,15,true,EN_024_47,ES_024_47,/Users/nilakshanraveendran/Documents/research/data/raw/DRAL16kHz/fragments-short/EN_024_47.wav,/Users/nilakshanraveendran/Documents/research/data/raw/DRAL16kHz/fragments-short/ES_024_47.wav,After like a couple hours.,Después de unas horas...,test
EN_024_48__ES_024_48,24,24,true,EN_024_48,ES_024_48,/Users/nilakshanraveendran/Documents/research/data/raw/DRAL16kHz/fragments-short/EN_024_48.wav,/Users/nilakshanraveendran/Documents/research/data/raw/DRAL16kHz/fragments-short/ES_024_48.wav,"Ok, ok- ok in the back there, in the house.","Ah, en el jardín, en la casa.",train
EN_024_4__ES_024_4,15,15,true,EN_024_4,ES_024_4,/Users/nilakshanraveendran/Documents/research/data/raw/DRAL16kHz/fragments-short/EN_024_4.wav,/Users/nilakshanraveendran/Documents/research/data/raw/DRAL16kHz/fragments-short/ES_024_4.wav,"What do you think about, like, cops here in the U.S.?",Uh ¿qué crees de la policía aquí en los Estados Unidos?,test
EN_024_5__ES_024_5,24,24,true,EN_024_5,ES_024_5,/Users/nilakshanraveendran/Documents/research/data/raw/DRAL16kHz/fragments-short/EN_024_5.wav,/Users/nilakshanraveendran/Documents/research/data/raw/DRAL16kHz/fragments-short/ES_024_5.wav,"I mean, I have like two opinions.","Digo, tengo como dos opiniones.",train
EN_024_6__ES_024_6,24,24,true,EN_024_6,ES_024_6,/Users/nilakshanraveendran/Documents/research/data/raw/DRAL16kHz/fragments-short/EN_024_6.wav,/Users/nilakshanraveendran/Documents/research/data/raw/DRAL16kHz/fragments-short/ES_024_6.wav,because I've seen the news a lot.,Porque pues he visto las noticias aqui,train
EN_024_7__ES_024_7,24,24,true,EN_024_7,ES_024_7,/Users/nilakshanraveendran/Documents/research/data/raw/DRAL16kHz/fragments-short/EN_024_7.wav,/Users/nilakshanraveendran/Documents/research/data/raw/DRAL16kHz/fragments-short/ES_024_7.wav,If I have nothing to fear or I haven't done anything wrong,Si no tengo miedo o no he hecho nada malo.,train
EN_024_8__ES_024_8,24,24,true,EN_024_8,ES_024_8,/Users/nilakshanraveendran/Documents/research/data/raw/DRAL16kHz/fragments-short/EN_024_8.wav,/Users/nilakshanraveendran/Documents/research/data/raw/DRAL16kHz/fragments-short/ES_024_8.wav,I have nothing like to do.,Entonces no tengo razones para...,train
EN_024_9__ES_024_9,24,24,true,EN_024_9,ES_024_9,/Users/nilakshanraveendran/Documents/research/data/raw/DRAL16kHz/fragments-short/EN_024_9.wav,/Users/nilakshanraveendran/Documents/research/data/raw/DRAL16kHz/fragments-short/ES_024_9.wav,like I had nothing to be nervous about.,Pa- no tengo razones para estar nervioso,train
EN_025_10__ES_025_10,25,25,true,EN_025_10,ES_025_10,/Users/nilakshanraveendran/Documents/research/data/raw/DRAL16kHz/fragments-short/EN_025_10.wav,/Users/nilakshanraveendran/Documents/research/data/raw/DRAL16kHz/fragments-short/ES_025_10.wav,So a lot of the music that I had originally picked,Entonces mucha de la música que había escogido originalmente,train
EN_025_11__ES_025_11,25,25,true,EN_025_11,ES_025_11,/Users/nilakshanraveendran/Documents/research/data/raw/DRAL16kHz/fragments-short/EN_025_11.wav,/Users/nilakshanraveendran/Documents/research/data/raw/DRAL16kHz/fragments-short/ES_025_11.wav,Turns out that has sad lyrics.,Resulta que tiene letra muy triste.,train
EN_025_12__ES_025_12,25,25,true,EN_025_12,ES_025_12,/Users/nilakshanraveendran/Documents/research/data/raw/DRAL16kHz/fragments-short/EN_025_12.wav,/Users/nilakshanraveendran/Documents/research/data/raw/DRAL16kHz/fragments-short/ES_025_12.wav,like about heartbreak or feeling sad or something like that so,"Como de teniendo un corazón roto, estar triste, algo así, así que.",train
EN_025_13__ES_025_13,25,25,true,EN_025_13,ES_025_13,/Users/nilakshanraveendran/Documents/research/data/raw/DRAL16kHz/fragments-short/EN_025_13.wav,/Users/nilakshanraveendran/Documents/research/data/raw/DRAL16kHz/fragments-short/ES_025_13.wav,I had to pick something that I like.,Tuve que escoger algo que a mi me gusta.,train
EN_025_14__ES_025_14,25,25,true,EN_025_14,ES_025_14,/Users/nilakshanraveendran/Documents/research/data/raw/DRAL16kHz/fragments-short/EN_025_14.wav,/Users/nilakshanraveendran/Documents/research/data/raw/DRAL16kHz/fragments-short/ES_025_14.wav,that the people liked and that was also appropriate for wedding.,que a la gente le gusta y también que fuera adecuada para una boda.,train
EN_025_15__ES_025_15,25,25,true,EN_025_15,ES_025_15,/Users/nilakshanraveendran/Documents/research/data/raw/DRAL16kHz/fragments-short/EN_025_15.wav,/Users/nilakshanraveendran/Documents/research/data/raw/DRAL16kHz/fragments-short/ES_025_15.wav,and wasn't about <unk> a heartbreak or something like that.,"y que no era sobre, si corazones rotos o algo así.",train
EN_025_16__ES_025_16,2,2,true,EN_025_16,ES_025_16,/Users/nilakshanraveendran/Documents/research/data/raw/DRAL16kHz/fragments-short/EN_025_16.wav,/Users/nilakshanraveendran/Documents/research/data/raw/DRAL16kHz/fragments-short/ES_025_16.wav,Heartbreak.,Corazones rotos.,train
EN_025_17__ES_025_17,25,25,true,EN_025_17,ES_025_17,/Users/nilakshanraveendran/Documents/research/data/raw/DRAL16kHz/fragments-short/EN_025_17.wav,/Users/nilakshanraveendran/Documents/research/data/raw/DRAL16kHz/fragments-short/ES_025_17.wav,"Yeah, so I ended up picking five songs.","Si, solo termine escogiendo cinco canciones",train
EN_025_18__ES_025_18,25,25,true,EN_025_18,ES_025_18,/Users/nilakshanraveendran/Documents/research/data/raw/DRAL16kHz/fragments-short/EN_025_18.wav,/Users/nilakshanraveendran/Documents/research/data/raw/DRAL16kHz/fragments-short/ES_025_18.wav,Each one is supposed to be of a different genre.,Cada una es como diferente género.,train
EN_025_19__ES_025_19,25,25,true,EN_025_19,ES_025_19,/Users/nilakshanraveendran/Documents/research/data/raw/DRAL16kHz/fragments-short/EN_025_19.wav,/Users/nilakshanraveendran/Documents/research/data/raw/DRAL16kHz/fragments-short/ES_025_19.wav,just to have some variety.,para que tenga variedad.,train
EN_025_1__ES_025_1,2,2,true,EN_025_1,ES_025_1,/Users/nilakshanraveendran/Documents/research/data/raw/DRAL16kHz/fragments-short/EN_025_1.wav,/Users/nilakshanraveendran/Documents/research/data/raw/DRAL16kHz/fragments-short/ES_025_1.wav,"So... overall, what- what music do you prefer to listen to?","Así que en general, ¿qué qué música te gusta escuchar?",train
EN_025_20__ES_025_20,25,25,true,EN_025_20,ES_025_20,/Users/nilakshanraveendran/Documents/research/data/raw/DRAL16kHz/fragments-short/EN_025_20.wav,/Users/nilakshanraveendran/Documents/research/data/raw/DRAL16kHz/fragments-short/ES_025_20.wav,"Yeah, yeah, it eventually gets like","Si, si, eventualmente se pone como",train
EN_025_21__ES_025_21,2,2,true,EN_025_21,ES_025_21,/Users/nilakshanraveendran/Documents/research/data/raw/DRAL16kHz/fragments-short/EN_025_21.wav,/Users/nilakshanraveendran/Documents/research/data/raw/DRAL16kHz/fragments-short/ES_025_21.wav,It's pretty groovy [laughter].,Es muy groovy ah [risa].,train
EN_025_22__ES_025_22,25,25,true,EN_025_22,ES_025_22,/Users/nilakshanraveendran/Documents/research/data/raw/DRAL16kHz/fragments-short/EN_025_22.wav,/Users/nilakshanraveendran/Documents/research/data/raw/DRAL16kHz/fragments-short/ES_025_22.wav,"It- it changes, but yeah.","y uh, cambia, si",train
EN_025_23__ES_025_23,2,2,true,EN_025_23,ES_025_23,/Users/nilakshanraveendran/Documents/research/data/raw/DRAL16kHz/fragments-short/EN_025_23.wav,/Users/nilakshanraveendran/Documents/research/data/raw/DRAL16kHz/fragments-short/ES_025_23.wav,"That's good, I like it.","No, está bien, me gusta.",train
EN_025_24__ES_025_24,25,25,true,EN_025_24,ES_025_24,/Users/nilakshanraveendran/Documents/research/data/raw/DRAL16kHz/fragments-short/EN_025_24.wav,/Users/nilakshanraveendran/Documents/research/data/raw/DRAL16kHz/fragments-short/ES_025_24.wav,"It comes out in the movie, uhm.",Sale en la película,train
EN_025_25__ES_025_25,2,2,true,EN_025_25,ES_025_25,/Users/nilakshanraveendran/Documents/research/data/raw/DRAL16kHz/fragments-short/EN_025_25.wav,/Users/nilakshanraveendran/Documents/research/data/raw/DRAL16kHz/fragments-short/ES_025_25.wav,"Probably from the 90s or 80s, huh?","Es probablemente de los ochentas o noventas, ¿verdad?",train
EN_025_26__ES_025_26,25,25,true,EN_025_26,ES_025_26,/Users/nilakshanraveendran/Documents/research/data/raw/DRAL16kHz/fragments-short/EN_025_26.wav,/Users/nilakshanraveendran/Documents/research/data/raw/DRAL16kHz/fragments-short/ES_025_26.wav,They're like making artificial intelligence and... it's being put into this woman.,Están haciendo como inteligencia artificial y le están poniendo en esta mujer.,train
EN_025_27__ES_025_27,25,25,true,EN_025_27,ES_025_27,/Users/nilakshanraveendran/Documents/research/data/raw/DRAL16kHz/fragments-short/EN_025_27.wav,/Users/nilakshanraveendran/Documents/research/data/raw/DRAL16kHz/fragments-short/ES_025_27.wav,"No, something like that, but it's...","No, algo parecido, pero es...",train
EN_025_28__ES_025_28,2,2,true,EN_025_28,ES_025_28,/Users/nilakshanraveendran/Documents/research/data/raw/DRAL16kHz/fragments-short/EN_025_28.wav,/Users/nilakshanraveendran/Documents/research/data/raw/DRAL16kHz/fragments-short/ES_025_28.wav,in that genre.,En ese género,train
EN_025_29__ES_025_29,25,25,true,EN_025_29,ES_025_29,/Users/nilakshanraveendran/Documents/research/data/raw/DRAL16kHz/fragments-short/EN_025_29.wav,/Users/nilakshanraveendran/Documents/research/data/raw/DRAL16kHz/fragments-short/ES_025_29.wav,"I don't know what that movie's called, but yeah they put artificial intelligence into this woman and",voy a tener que buscar como se llama pero si ponen inteligente artificial en esta mujer,train
EN_025_2__ES_025_2,25,25,true,EN_025_2,ES_025_2,/Users/nilakshanraveendran/Documents/research/data/raw/DRAL16kHz/fragments-short/EN_025_2.wav,/Users/nilakshanraveendran/Documents/research/data/raw/DRAL16kHz/fragments-short/ES_025_2.wav,"yeah, so i was gonna have a hard time like describing the type of music that i listen to","Sí so, iba a batallar diciéndote cuál música me gusta ah escuchar.",train
EN_025_30__ES_025_30,25,25,true,EN_025_30,ES_025_30,/Users/nilakshanraveendran/Documents/research/data/raw/DRAL16kHz/fragments-short/EN_025_30.wav,/Users/nilakshanraveendran/Documents/research/data/raw/DRAL16kHz/fragments-short/ES_025_30.wav,this guy gets invited over to start studying this and then it turns out that the woman,Y a esta persona lo invitan para que comience a estudiar. Y luego resulta que esta mujer.,train
EN_025_31__ES_025_31,25,25,true,EN_025_31,ES_025_31,/Users/nilakshanraveendran/Documents/research/data/raw/DRAL16kHz/fragments-short/EN_025_31.wav,/Users/nilakshanraveendran/Documents/research/data/raw/DRAL16kHz/fragments-short/ES_025_31.wav,There's a scene where the guy who made the AI,Hay una escena donde la persona que hizo la...,train
EN_025_32__ES_025_32,25,25,true,EN_025_32,ES_025_32,/Users/nilakshanraveendran/Documents/research/data/raw/DRAL16kHz/fragments-short/EN_025_32.wav,/Users/nilakshanraveendran/Documents/research/data/raw/DRAL16kHz/fragments-short/ES_025_32.wav,is like dancing and he's dancing with all the,está bailando y está bailando con todas las,train
EN_025_33__ES_025_33,25,25,true,EN_025_33,ES_025_33,/Users/nilakshanraveendran/Documents/research/data/raw/DRAL16kHz/fragments-short/EN_025_33.wav,/Users/nilakshanraveendran/Documents/research/data/raw/DRAL16kHz/fragments-short/ES_025_33.wav,"like, <unk> he's dancing with two women who are also... yes",Está como bailando con dos mujeres que también son... sí.,train
EN_025_34__ES_025_34,2,2,true,EN_025_34,ES_025_34,/Users/nilakshanraveendran/Documents/research/data/raw/DRAL16kHz/fragments-short/EN_025_34.wav,/Users/nilakshanraveendran/Documents/research/data/raw/DRAL16kHz/fragments-short/ES_025_34.wav,Robots?,robot,train
EN_025_35__ES_025_35,25,25,true,EN_025_35,ES_025_35,/Users/nilakshanraveendran/Documents/research/data/raw/DRAL16kHz/fragments-short/EN_025_35.wav,/Users/nilakshanraveendran/Documents/research/data/raw/DRAL16kHz/fragments-short/ES_025_35.wav,and then this song comes out and then they're dancing and it's like a bit creepy because they're,"si, y luego la canción sale y están bailando y esta un poco raro porque también son",train
EN_025_36__ES_025_36,2,2,true,EN_025_36,ES_025_36,/Users/nilakshanraveendran/Documents/research/data/raw/DRAL16kHz/fragments-short/EN_025_36.wav,/Users/nilakshanraveendran/Documents/research/data/raw/DRAL16kHz/fragments-short/ES_025_36.wav,robots.,Robots.,train
EN_025_37__ES_025_37,25,25,true,EN_025_37,ES_025_37,/Users/nilakshanraveendran/Documents/research/data/raw/DRAL16kHz/fragments-short/EN_025_37.wav,/Users/nilakshanraveendran/Documents/research/data/raw/DRAL16kHz/fragments-short/ES_025_37.wav,So that was the first one.,Entonces esa era la primera.,train
EN_025_38__ES_025_38,25,25,true,EN_025_38,ES_025_38,/Users/nilakshanraveendran/Documents/research/data/raw/DRAL16kHz/fragments-short/EN_025_38.wav,/Users/nilakshanraveendran/Documents/research/data/raw/DRAL16kHz/fragments-short/ES_025_38.wav,I wanted to get something funky.,quería tener algo como funky,train
EN_025_39__ES_025_39,2,2,true,EN_025_39,ES_025_39,/Users/nilakshanraveendran/Documents/research/data/raw/DRAL16kHz/fragments-short/EN_025_39.wav,/Users/nilakshanraveendran/Documents/research/data/raw/DRAL16kHz/fragments-short/ES_025_39.wav,I like funky.,Me gusta lo funky.,train
EN_025_3__ES_025_3,25,25,true,EN_025_3,ES_025_3,/Users/nilakshanraveendran/Documents/research/data/raw/DRAL16kHz/fragments-short/EN_025_3.wav,/Users/nilakshanraveendran/Documents/research/data/raw/DRAL16kHz/fragments-short/ES_025_3.wav,"So, I have this playlist that I made.",Entonces tengo una lista de música aquí que hice.,train
EN_025_40__ES_025_40,25,25,true,EN_025_40,ES_025_40,/Users/nilakshanraveendran/Documents/research/data/raw/DRAL16kHz/fragments-short/EN_025_40.wav,/Users/nilakshanraveendran/Documents/research/data/raw/DRAL16kHz/fragments-short/ES_025_40.wav,"Yeah, it needs to be like up- upbeat, yes.","Sí, tiene que tener ritmo ritmo rápido, sí.",train
EN_025_41__ES_025_41,2,2,true,EN_025_41,ES_025_41,/Users/nilakshanraveendran/Documents/research/data/raw/DRAL16kHz/fragments-short/EN_025_41.wav,/Users/nilakshanraveendran/Documents/research/data/raw/DRAL16kHz/fragments-short/ES_025_41.wav,Upbeat.,rápido,train
EN_025_42__ES_025_42,25,25,true,EN_025_42,ES_025_42,/Users/nilakshanraveendran/Documents/research/data/raw/DRAL16kHz/fragments-short/EN_025_42.wav,/Users/nilakshanraveendran/Documents/research/data/raw/DRAL16kHz/fragments-short/ES_025_42.wav,"Eventually I did get like, oh like let's pick something slower, but","Eventualmente si escogí si escogí, algo más lento.",train
EN_025_43__ES_025_43,25,25,true,EN_025_43,ES_025_43,/Users/nilakshanraveendran/Documents/research/data/raw/DRAL16kHz/fragments-short/EN_025_43.wav,/Users/nilakshanraveendran/Documents/research/data/raw/DRAL16kHz/fragments-short/ES_025_43.wav,"Second, I picked this French pop song.","Segundo, escogí esta canción de pop francés",train
EN_025_44__ES_025_44,25,25,true,EN_025_44,ES_025_44,/Users/nilakshanraveendran/Documents/research/data/raw/DRAL16kHz/fragments-short/EN_025_44.wav,/Users/nilakshanraveendran/Documents/research/data/raw/DRAL16kHz/fragments-short/ES_025_44.wav,It turns out that a lot of the music that I get recommended or end up liking on Spotify is French pop.,Resulta que mucha de la música que Spotify me recomienda o que me gusta es pop francés,train
EN_025_45__ES_025_45,25,25,true,EN_025_45,ES_025_45,/Users/nilakshanraveendran/Documents/research/data/raw/DRAL16kHz/fragments-short/EN_025_45.wav,/Users/nilakshanraveendran/Documents/research/data/raw/DRAL16kHz/fragments-short/ES_025_45.wav,"So this is hard to pronounce, but it's like","Bueno, está difícil pronunciar, pero es como...",train
EN_025_46__ES_025_46,2,2,true,EN_025_46,ES_025_46,/Users/nilakshanraveendran/Documents/research/data/raw/DRAL16kHz/fragments-short/EN_025_46.wav,/Users/nilakshanraveendran/Documents/research/data/raw/DRAL16kHz/fragments-short/ES_025_46.wav,"Sounds like Beach House, kind of.",Suena como Beach House un poco.,train
EN_025_47__ES_025_47,25,25,true,EN_025_47,ES_025_47,/Users/nilakshanraveendran/Documents/research/data/raw/DRAL16kHz/fragments-short/EN_025_47.wav,/Users/nilakshanraveendran/Documents/research/data/raw/DRAL16kHz/fragments-short/ES_025_47.wav,yeah so that's like <unk> i don't know... it's not high bpm or it's not super up lifting,si bueno no está muy rápida uh no está tan optimistica tampoco,train
EN_025_48__ES_025_48,25,25,true,EN_025_48,ES_025_48,/Users/nilakshanraveendran/Documents/research/data/raw/DRAL16kHz/fragments-short/EN_025_48.wav,/Users/nilakshanraveendran/Documents/research/data/raw/DRAL16kHz/fragments-short/ES_025_48.wav,"but also... something that I like, maybe they could just play in the background. I imagine that","pero también es algo que me gusta que puedan tocar en el background, me imagino que",train
EN_025_49__ES_025_49,25,25,true,EN_025_49,ES_025_49,/Users/nilakshanraveendran/Documents/research/data/raw/DRAL16kHz/fragments-short/EN_025_49.wav,/Users/nilakshanraveendran/Documents/research/data/raw/DRAL16kHz/fragments-short/ES_025_49.wav,They're going to be playing a lot of this. And people,van a estar tocando mucho de esto y la gente,train
EN_025_4__ES_025_4,25,25,true,EN_025_4,ES_025_4,/Users/nilakshanraveendran/Documents/research/data/raw/DRAL16kHz/fragments-short/EN_025_4.wav,/Users/nilakshanraveendran/Documents/research/data/raw/DRAL16kHz/fragments-short/ES_025_4.wav,for a wedding that I'm going to.,para una boda que voy a ir,train
EN_025_50__ES_025_50,25,25,true,EN_025_50,ES_025_50,/Users/nilakshanraveendran/Documents/research/data/raw/DRAL16kHz/fragments-short/EN_025_50.wav,/Users/nilakshanraveendran/Documents/research/data/raw/DRAL16kHz/fragments-short/ES_025_50.wav,won't be paying attention because it's winning.,no van a poner atención por- porque es una moda,train
EN_025_51__ES_025_51,25,25,true,EN_025_51,ES_025_51,/Users/nilakshanraveendran/Documents/research/data/raw/DRAL16kHz/fragments-short/EN_025_51.wav,/Users/nilakshanraveendran/Documents/research/data/raw/DRAL16kHz/fragments-short/ES_025_51.wav,beach house... like house music?,Beach House como música de House,train
EN_025_52__ES_025_52,2,2,true,EN_025_52,ES_025_52,/Users/nilakshanraveendran/Documents/research/data/raw/DRAL16kHz/fragments-short/EN_025_52.wav,/Users/nilakshanraveendran/Documents/research/data/raw/DRAL16kHz/fragments-short/ES_025_52.wav,"No, like the... I don't know if you would call it a band, it's like two people.","No, como la, ni se si sería banda porque son como dos personas.",train
EN_025_53__ES_025_53,25,25,true,EN_025_53,ES_025_53,/Users/nilakshanraveendran/Documents/research/data/raw/DRAL16kHz/fragments-short/EN_025_53.wav,/Users/nilakshanraveendran/Documents/research/data/raw/DRAL16kHz/fragments-short/ES_025_53.wav,It does sound like that actually. Hmm.,Actualmente sí se escucha parecido hmm.,train
EN_025_54__ES_025_54,25,25,true,EN_025_54,ES_025_54,/Users/nilakshanraveendran/Documents/research/data/raw/DRAL16kHz/fragments-short/EN_025_54.wav,/Users/nilakshanraveendran/Documents/research/data/raw/DRAL16kHz/fragments-short/ES_025_54.wav,But that's an artist or a genre?,Pero es un artista o un género?,train
EN_025_55__ES_025_55,2,2,true,EN_025_55,ES_025_55,/Users/nilakshanraveendran/Documents/research/data/raw/DRAL16kHz/fragments-short/EN_025_55.wav,/Users/nilakshanraveendran/Documents/research/data/raw/DRAL16kHz/fragments-short/ES_025_55.wav,"Yeah, and this is an artist.","Sí no, ese es un artista.",train
EN_025_56__ES_025_56,25,25,true,EN_025_56,ES_025_56,/Users/nilakshanraveendran/Documents/research/data/raw/DRAL16kHz/fragments-short/EN_025_56.wav,/Users/nilakshanraveendran/Documents/research/data/raw/DRAL16kHz/fragments-short/ES_025_56.wav,called Beat House.,llamado Pichos,train
EN_025_57__ES_025_57,2,2,true,EN_025_57,ES_025_57,/Users/nilakshanraveendran/Documents/research/data/raw/DRAL16kHz/fragments-short/EN_025_57.wav,/Users/nilakshanraveendran/Documents/research/data/raw/DRAL16kHz/fragments-short/ES_025_57.wav,beach house. That's pretty good music.,"Pichos, tiene música medio buena",train
EN_025_58__ES_025_58,2,2,true,EN_025_58,ES_025_58,/Users/nilakshanraveendran/Documents/research/data/raw/DRAL16kHz/fragments-short/EN_025_58.wav,/Users/nilakshanraveendran/Documents/research/data/raw/DRAL16kHz/fragments-short/ES_025_58.wav,You're not gonna like them.,Tal vez te guste.,train
EN_025_59__ES_025_59,25,25,true,EN_025_59,ES_025_59,/Users/nilakshanraveendran/Documents/research/data/raw/DRAL16kHz/fragments-short/EN_025_59.wav,/Users/nilakshanraveendran/Documents/research/data/raw/DRAL16kHz/fragments-short/ES_025_59.wav,"Because house is a genre, so I imagined...","Porque House es un género, entonces imagino que...",train
EN_025_5__ES_025_5,25,25,true,EN_025_5,ES_025_5,/Users/nilakshanraveendran/Documents/research/data/raw/DRAL16kHz/fragments-short/EN_025_5.wav,/Users/nilakshanraveendran/Documents/research/data/raw/DRAL16kHz/fragments-short/ES_025_5.wav,In the invitation <unk> like this invite and then it was like,en la invitación tenía como una invitación decía,train
EN_025_60__ES_025_60,25,25,true,EN_025_60,ES_025_60,/Users/nilakshanraveendran/Documents/research/data/raw/DRAL16kHz/fragments-short/EN_025_60.wav,/Users/nilakshanraveendran/Documents/research/data/raw/DRAL16kHz/fragments-short/ES_025_60.wav,"beach house, a subgenre",Picho es un subgénero.,train
EN_025_6__ES_025_6,25,25,true,EN_025_6,ES_025_6,/Users/nilakshanraveendran/Documents/research/data/raw/DRAL16kHz/fragments-short/EN_025_6.wav,/Users/nilakshanraveendran/Documents/research/data/raw/DRAL16kHz/fragments-short/ES_025_6.wav,tell me some music recommendations.,dime qué tipo de música te gusta escuchar,train
EN_025_7__ES_025_7,25,25,true,EN_025_7,ES_025_7,/Users/nilakshanraveendran/Documents/research/data/raw/DRAL16kHz/fragments-short/EN_025_7.wav,/Users/nilakshanraveendran/Documents/research/data/raw/DRAL16kHz/fragments-short/ES_025_7.wav,"So I have to pick music that I like, but also that people...",Entonces tú escoger música que a mí me gusta y también la gente...,train
EN_025_8__ES_025_8,25,25,true,EN_025_8,ES_025_8,/Users/nilakshanraveendran/Documents/research/data/raw/DRAL16kHz/fragments-short/EN_025_8.wav,/Users/nilakshanraveendran/Documents/research/data/raw/DRAL16kHz/fragments-short/ES_025_8.wav,the wedding would like and it wouldn't be like too... strange,en la boda le gustaría así y no está muy rara.,train
EN_025_9__ES_025_9,2,2,true,EN_025_9,ES_025_9,/Users/nilakshanraveendran/Documents/research/data/raw/DRAL16kHz/fragments-short/EN_025_9.wav,/Users/nilakshanraveendran/Documents/research/data/raw/DRAL16kHz/fragments-short/ES_025_9.wav,would like.,Les gustaría,train
EN_026_10__ES_026_10,26,26,true,EN_026_10,ES_026_10,/Users/nilakshanraveendran/Documents/research/data/raw/DRAL16kHz/fragments-short/EN_026_10.wav,/Users/nilakshanraveendran/Documents/research/data/raw/DRAL16kHz/fragments-short/ES_026_10.wav,"More so with fast food places, because it has uhm- uhm",Mas bien con la comida rápida porque tiene como...,train
EN_026_11__ES_026_11,26,26,true,EN_026_11,ES_026_11,/Users/nilakshanraveendran/Documents/research/data/raw/DRAL16kHz/fragments-short/EN_026_11.wav,/Users/nilakshanraveendran/Documents/research/data/raw/DRAL16kHz/fragments-short/ES_026_11.wav,"I don't know how- how we say it. Stigma, maybe?","no sé, como se diría, como estigma a lo mejor",train
EN_026_12__ES_026_12,26,26,true,EN_026_12,ES_026_12,/Users/nilakshanraveendran/Documents/research/data/raw/DRAL16kHz/fragments-short/EN_026_12.wav,/Users/nilakshanraveendran/Documents/research/data/raw/DRAL16kHz/fragments-short/ES_026_12.wav,if you're working in that type of job. Yes.,"que si estás trabajando ese tipo de trabajo, si",train
EN_026_13__ES_026_13,2,2,true,EN_026_13,ES_026_13,/Users/nilakshanraveendran/Documents/research/data/raw/DRAL16kHz/fragments-short/EN_026_13.wav,/Users/nilakshanraveendran/Documents/research/data/raw/DRAL16kHz/fragments-short/ES_026_13.wav,That it means something. That's not true.,Significa algo que no es cierto.,train
EN_026_14__ES_026_14,26,26,true,EN_026_14,ES_026_14,/Users/nilakshanraveendran/Documents/research/data/raw/DRAL16kHz/fragments-short/EN_026_14.wav,/Users/nilakshanraveendran/Documents/research/data/raw/DRAL16kHz/fragments-short/ES_026_14.wav,"Yeah, it's like you're only good at doing that and...","Si como que, solamente, eres bueno para eso y...",train
EN_026_15__ES_026_15,26,26,true,EN_026_15,ES_026_15,/Users/nilakshanraveendran/Documents/research/data/raw/DRAL16kHz/fragments-short/EN_026_15.wav,/Users/nilakshanraveendran/Documents/research/data/raw/DRAL16kHz/fragments-short/ES_026_15.wav,"if something comes out wrong with the food or the receipt, I don't know, whatever, then.","si algo sale mal con la comida o con el recibo, no sé, lo que sea.",train
EN_026_16__ES_026_16,26,26,true,EN_026_16,ES_026_16,/Users/nilakshanraveendran/Documents/research/data/raw/DRAL16kHz/fragments-short/EN_026_16.wav,/Users/nilakshanraveendran/Documents/research/data/raw/DRAL16kHz/fragments-short/ES_026_16.wav,They get way too angry.,Se enojan demasiado.,train
EN_026_17__ES_026_17,2,2,true,EN_026_17,ES_026_17,/Users/nilakshanraveendran/Documents/research/data/raw/DRAL16kHz/fragments-short/EN_026_17.wav,/Users/nilakshanraveendran/Documents/research/data/raw/DRAL16kHz/fragments-short/ES_026_17.wav,"Well, from what I can imagine, because that really hasn't happened to me much.","Pues lo que me imagino, porque la verdad a mí no me ha tocado tanto.",train
EN_026_18__ES_026_18,2,2,true,EN_026_18,ES_026_18,/Users/nilakshanraveendran/Documents/research/data/raw/DRAL16kHz/fragments-short/EN_026_18.wav,/Users/nilakshanraveendran/Documents/research/data/raw/DRAL16kHz/fragments-short/ES_026_18.wav,"Or if it has happened to me, I defend","O si si se me ha tocado, yo me defiendo.",train
EN_026_19__ES_026_19,2,2,true,EN_026_19,ES_026_19,/Users/nilakshanraveendran/Documents/research/data/raw/DRAL16kHz/fragments-short/EN_026_19.wav,/Users/nilakshanraveendran/Documents/research/data/raw/DRAL16kHz/fragments-short/ES_026_19.wav,I show them that I am not less.,yo les enseño que no soy menos,train
EN_026_1__ES_026_1,2,2,true,EN_026_1,ES_026_1,/Users/nilakshanraveendran/Documents/research/data/raw/DRAL16kHz/fragments-short/EN_026_1.wav,/Users/nilakshanraveendran/Documents/research/data/raw/DRAL16kHz/fragments-short/ES_026_1.wav,"To start, one of the things that bothers me more than anything","Para empezar, una de de las cosas que me molestan más que nada...",train
EN_026_20__ES_026_20,2,2,true,EN_026_20,ES_026_20,/Users/nilakshanraveendran/Documents/research/data/raw/DRAL16kHz/fragments-short/EN_026_20.wav,/Users/nilakshanraveendran/Documents/research/data/raw/DRAL16kHz/fragments-short/ES_026_20.wav,"But when people treat other people that way, it makes me feel over here like <unk>","Pero cuando la gente trata así a otra gente, a mí me hace sentir así como que ¡arg!...",train
EN_026_21__ES_026_21,26,26,true,EN_026_21,ES_026_21,/Users/nilakshanraveendran/Documents/research/data/raw/DRAL16kHz/fragments-short/EN_026_21.wav,/Users/nilakshanraveendran/Documents/research/data/raw/DRAL16kHz/fragments-short/ES_026_21.wav,Has there been times when you see someone else being treated badly?,si ha habido tiempos cuando ves a alguien que lo estan tratando mal,train
EN_026_22__ES_026_22,2,2,true,EN_026_22,ES_026_22,/Users/nilakshanraveendran/Documents/research/data/raw/DRAL16kHz/fragments-short/EN_026_22.wav,/Users/nilakshanraveendran/Documents/research/data/raw/DRAL16kHz/fragments-short/ES_026_22.wav,"But I remember that the waitress was really quiet, you know, really little.","Pero me acuerdo que la mesera era muy calladita, asi muy chiquita.",train
EN_026_23__ES_026_23,2,2,true,EN_026_23,ES_026_23,/Users/nilakshanraveendran/Documents/research/data/raw/DRAL16kHz/fragments-short/EN_026_23.wav,/Users/nilakshanraveendran/Documents/research/data/raw/DRAL16kHz/fragments-short/ES_026_23.wav,"She was small, skinny, and really delicate.","Estaba chiquita, flaquita y muy delicada.",train
EN_026_24__ES_026_24,2,2,true,EN_026_24,ES_026_24,/Users/nilakshanraveendran/Documents/research/data/raw/DRAL16kHz/fragments-short/EN_026_24.wav,/Users/nilakshanraveendran/Documents/research/data/raw/DRAL16kHz/fragments-short/ES_026_24.wav,He's not my friend. He's my friend's friend.,"No es mi amigo, es amigo de mi amigo.",train
EN_026_25__ES_026_25,2,2,true,EN_026_25,ES_026_25,/Users/nilakshanraveendran/Documents/research/data/raw/DRAL16kHz/fragments-short/EN_026_25.wav,/Users/nilakshanraveendran/Documents/research/data/raw/DRAL16kHz/fragments-short/ES_026_25.wav,"Yeah, yeah, bring me water, please. Yeah, yeah, I want this to eat.","Sí, sí, tráeme agua por favor. Sí, sí, quiero esto para comer.",train
EN_026_26__ES_026_26,26,26,true,EN_026_26,ES_026_26,/Users/nilakshanraveendran/Documents/research/data/raw/DRAL16kHz/fragments-short/EN_026_26.wav,/Users/nilakshanraveendran/Documents/research/data/raw/DRAL16kHz/fragments-short/ES_026_26.wav,"Well, right now because of a lot of jobs, they depend on the tips.","Bueno, ahorita porque muchos trabajos dependen de los tips.",train
EN_026_27__ES_026_27,26,26,true,EN_026_27,ES_026_27,/Users/nilakshanraveendran/Documents/research/data/raw/DRAL16kHz/fragments-short/EN_026_27.wav,/Users/nilakshanraveendran/Documents/research/data/raw/DRAL16kHz/fragments-short/ES_026_27.wav,Unless they have like really really bad service.,"Al menos que tienen así súper, súper mal servicio.",train
EN_026_28__ES_026_28,26,26,true,EN_026_28,ES_026_28,/Users/nilakshanraveendran/Documents/research/data/raw/DRAL16kHz/fragments-short/EN_026_28.wav,/Users/nilakshanraveendran/Documents/research/data/raw/DRAL16kHz/fragments-short/ES_026_28.wav,Maybe it affects the tip?,a la mejor afecta el tip.,train
EN_026_29__ES_026_29,26,26,true,EN_026_29,ES_026_29,/Users/nilakshanraveendran/Documents/research/data/raw/DRAL16kHz/fragments-short/EN_026_29.wav,/Users/nilakshanraveendran/Documents/research/data/raw/DRAL16kHz/fragments-short/ES_026_29.wav,"And yeah, it's like I don't really take it personally if the food doesn't come out good.","Y sí, como que no lo tomo personal si la comida no sale bien.",train
EN_026_2__ES_026_2,2,2,true,EN_026_2,ES_026_2,/Users/nilakshanraveendran/Documents/research/data/raw/DRAL16kHz/fragments-short/EN_026_2.wav,/Users/nilakshanraveendran/Documents/research/data/raw/DRAL16kHz/fragments-short/ES_026_2.wav,People that... treat you like if you're less than them.,"Gente que, te tratan como si eres menos que ellos.",train
EN_026_30__ES_026_30,26,26,true,EN_026_30,ES_026_30,/Users/nilakshanraveendran/Documents/research/data/raw/DRAL16kHz/fragments-short/EN_026_30.wav,/Users/nilakshanraveendran/Documents/research/data/raw/DRAL16kHz/fragments-short/ES_026_30.wav,They're never gonna come back because the food is really bad and whatever.,Nunca van a regresar porque la comida estába bien fea y lo que sea.,train
EN_026_31__ES_026_31,26,26,true,EN_026_31,ES_026_31,/Users/nilakshanraveendran/Documents/research/data/raw/DRAL16kHz/fragments-short/EN_026_31.wav,/Users/nilakshanraveendran/Documents/research/data/raw/DRAL16kHz/fragments-short/ES_026_31.wav,Maybe it's because I don't like to...,A lo mejor porque no me gusta como...,train
EN_026_32__ES_026_32,2,2,true,EN_026_32,ES_026_32,/Users/nilakshanraveendran/Documents/research/data/raw/DRAL16kHz/fragments-short/EN_026_32.wav,/Users/nilakshanraveendran/Documents/research/data/raw/DRAL16kHz/fragments-short/ES_026_32.wav,confront?,confrontar,train
EN_026_33__ES_026_33,26,26,true,EN_026_33,ES_026_33,/Users/nilakshanraveendran/Documents/research/data/raw/DRAL16kHz/fragments-short/EN_026_33.wav,/Users/nilakshanraveendran/Documents/research/data/raw/DRAL16kHz/fragments-short/ES_026_33.wav,confront the people.,confrontar a la gente,train
EN_026_34__ES_026_34,26,26,true,EN_026_34,ES_026_34,/Users/nilakshanraveendran/Documents/research/data/raw/DRAL16kHz/fragments-short/EN_026_34.wav,/Users/nilakshanraveendran/Documents/research/data/raw/DRAL16kHz/fragments-short/ES_026_34.wav,"Almost always when the food doesn't come out good, well, the next time, I don't","Casi siempre cuando la comida no sale muy bien, pues la siguiente vez...",train
EN_026_35__ES_026_35,2,2,true,EN_026_35,ES_026_35,/Users/nilakshanraveendran/Documents/research/data/raw/DRAL16kHz/fragments-short/EN_026_35.wav,/Users/nilakshanraveendran/Documents/research/data/raw/DRAL16kHz/fragments-short/ES_026_35.wav,You just order something else?,¿Ordenas algo más?,train
EN_026_36__ES_026_36,26,26,true,EN_026_36,ES_026_36,/Users/nilakshanraveendran/Documents/research/data/raw/DRAL16kHz/fragments-short/EN_026_36.wav,/Users/nilakshanraveendran/Documents/research/data/raw/DRAL16kHz/fragments-short/ES_026_36.wav,"I order something else, but if it's like really really bad then",ordeno algo más o si está así muy muy mal pues...,train
EN_026_37__ES_026_37,26,26,true,EN_026_37,ES_026_37,/Users/nilakshanraveendran/Documents/research/data/raw/DRAL16kHz/fragments-short/EN_026_37.wav,/Users/nilakshanraveendran/Documents/research/data/raw/DRAL16kHz/fragments-short/ES_026_37.wav,I'd consider n- not going to this place again.,Considero no ir al lugar otra vez.,train
EN_026_38__ES_026_38,26,26,true,EN_026_38,ES_026_38,/Users/nilakshanraveendran/Documents/research/data/raw/DRAL16kHz/fragments-short/EN_026_38.wav,/Users/nilakshanraveendran/Documents/research/data/raw/DRAL16kHz/fragments-short/ES_026_38.wav,I imagine that people think like,Imagino que la gente piensa como que...,train
EN_026_39__ES_026_39,26,26,true,EN_026_39,ES_026_39,/Users/nilakshanraveendran/Documents/research/data/raw/DRAL16kHz/fragments-short/EN_026_39.wav,/Users/nilakshanraveendran/Documents/research/data/raw/DRAL16kHz/fragments-short/ES_026_39.wav,because they have so many employees that,porque tienen tantos empleados,train
EN_026_3__ES_026_3,2,2,true,EN_026_3,ES_026_3,/Users/nilakshanraveendran/Documents/research/data/raw/DRAL16kHz/fragments-short/EN_026_3.wav,/Users/nilakshanraveendran/Documents/research/data/raw/DRAL16kHz/fragments-short/ES_026_3.wav,"For example, the people that are in a position much higher than you.",Has de cuenta la gente que está en una posición más alta que tú.,train
EN_026_40__ES_026_40,26,26,true,EN_026_40,ES_026_40,/Users/nilakshanraveendran/Documents/research/data/raw/DRAL16kHz/fragments-short/EN_026_40.wav,/Users/nilakshanraveendran/Documents/research/data/raw/DRAL16kHz/fragments-short/ES_026_40.wav,Any person can do that type of job.,cualquier persona puede hacer e- ese trabajo,train
EN_026_41__ES_026_41,26,26,true,EN_026_41,ES_026_41,/Users/nilakshanraveendran/Documents/research/data/raw/DRAL16kHz/fragments-short/EN_026_41.wav,/Users/nilakshanraveendran/Documents/research/data/raw/DRAL16kHz/fragments-short/ES_026_41.wav,"then it's like... they're replaceable, and","entonces, son como reemplazables, y",train
EN_026_42__ES_026_42,26,26,true,EN_026_42,ES_026_42,/Users/nilakshanraveendran/Documents/research/data/raw/DRAL16kHz/fragments-short/EN_026_42.wav,/Users/nilakshanraveendran/Documents/research/data/raw/DRAL16kHz/fragments-short/ES_026_42.wav,the people there don't have that much importance.,como que no tienen tanta importancia la gente que está trabajando ahí,train
EN_026_43__ES_026_43,2,2,true,EN_026_43,ES_026_43,/Users/nilakshanraveendran/Documents/research/data/raw/DRAL16kHz/fragments-short/EN_026_43.wav,/Users/nilakshanraveendran/Documents/research/data/raw/DRAL16kHz/fragments-short/ES_026_43.wav,Mhm. I think that's a very bad mentality.,"Es una mala mentalidad, digo yo.",train
EN_026_44__ES_026_44,26,26,true,EN_026_44,ES_026_44,/Users/nilakshanraveendran/Documents/research/data/raw/DRAL16kHz/fragments-short/EN_026_44.wav,/Users/nilakshanraveendran/Documents/research/data/raw/DRAL16kHz/fragments-short/ES_026_44.wav,"But some jobs, yes, some other jobs, no.","Pero algunos trabajos sí, algunos trabajos no.",train
EN_026_45__ES_026_45,26,26,true,EN_026_45,ES_026_45,/Users/nilakshanraveendran/Documents/research/data/raw/DRAL16kHz/fragments-short/EN_026_45.wav,/Users/nilakshanraveendran/Documents/research/data/raw/DRAL16kHz/fragments-short/ES_026_45.wav,I imagine you have to know which type of jobs you have to give tips or which other ones you don't.,Me imagino que debes que saber cuáles tipos de trabajos debes quedarte y cuáles no.,train
EN_026_46__ES_026_46,26,26,true,EN_026_46,ES_026_46,/Users/nilakshanraveendran/Documents/research/data/raw/DRAL16kHz/fragments-short/EN_026_46.wav,/Users/nilakshanraveendran/Documents/research/data/raw/DRAL16kHz/fragments-short/ES_026_46.wav,"Oh, I've also noticed that people, when somebody doesn't speak a language...","Oh, también he notado que a veces la gente cuando alguien no habla otro idioma",train
EN_026_47__ES_026_47,26,26,true,EN_026_47,ES_026_47,/Users/nilakshanraveendran/Documents/research/data/raw/DRAL16kHz/fragments-short/EN_026_47.wav,/Users/nilakshanraveendran/Documents/research/data/raw/DRAL16kHz/fragments-short/ES_026_47.wav,people don't speak to the person who doesn't speak the language?,La gente no habla a la persona que no habla el idioma.,train
EN_026_48__ES_026_48,26,26,true,EN_026_48,ES_026_48,/Users/nilakshanraveendran/Documents/research/data/raw/DRAL16kHz/fragments-short/EN_026_48.wav,/Users/nilakshanraveendran/Documents/research/data/raw/DRAL16kHz/fragments-short/ES_026_48.wav,they're only talking to the person who's translating.,Nomás está hablando a la persona que traduce.,train
EN_026_4__ES_026_4,2,2,true,EN_026_4,ES_026_4,/Users/nilakshanraveendran/Documents/research/data/raw/DRAL16kHz/fragments-short/EN_026_4.wav,/Users/nilakshanraveendran/Documents/research/data/raw/DRAL16kHz/fragments-short/ES_026_4.wav,And they treat you like a minor.,Te tratan como un menor.,train
EN_026_5__ES_026_5,2,2,true,EN_026_5,ES_026_5,/Users/nilakshanraveendran/Documents/research/data/raw/DRAL16kHz/fragments-short/EN_026_5.wav,/Users/nilakshanraveendran/Documents/research/data/raw/DRAL16kHz/fragments-short/ES_026_5.wav,"Not just like age-wise, also position-wise.","No nomás de edad, pero pero también de posición.",train
EN_026_6__ES_026_6,26,26,true,EN_026_6,ES_026_6,/Users/nilakshanraveendran/Documents/research/data/raw/DRAL16kHz/fragments-short/EN_026_6.wav,/Users/nilakshanraveendran/Documents/research/data/raw/DRAL16kHz/fragments-short/ES_026_6.wav,Something that is... common?,"algo que, es común",train
EN_026_7__ES_026_7,26,26,true,EN_026_7,ES_026_7,/Users/nilakshanraveendran/Documents/research/data/raw/DRAL16kHz/fragments-short/EN_026_7.wav,/Users/nilakshanraveendran/Documents/research/data/raw/DRAL16kHz/fragments-short/ES_026_7.wav,"is like when you go to a place that serves, like, fast food.",Es cuando vas a un lugar como de comida rápida,train
EN_026_8__ES_026_8,26,26,true,EN_026_8,ES_026_8,/Users/nilakshanraveendran/Documents/research/data/raw/DRAL16kHz/fragments-short/EN_026_8.wav,/Users/nilakshanraveendran/Documents/research/data/raw/DRAL16kHz/fragments-short/ES_026_8.wav,There's a lot of people that treat the people serving you the food or making the food.,hay mucha gente que trata a la gente que lo está sirviendo o haciendo la comida,train
EN_026_9__ES_026_9,26,26,true,EN_026_9,ES_026_9,/Users/nilakshanraveendran/Documents/research/data/raw/DRAL16kHz/fragments-short/EN_026_9.wav,/Users/nilakshanraveendran/Documents/research/data/raw/DRAL16kHz/fragments-short/ES_026_9.wav,"Well, they're there to serve you the food, to make you the food, and nothing else.",Pues están ahí para solamente para hacer la comida hacer la comida y nada más.,train
EN_027_10__ES_027_10,27,27,true,EN_027_10,ES_027_10,/Users/nilakshanraveendran/Documents/research/data/raw/DRAL16kHz/fragments-short/EN_027_10.wav,/Users/nilakshanraveendran/Documents/research/data/raw/DRAL16kHz/fragments-short/ES_027_10.wav,"Yeah, if I could, I would","Sí, sí podría, trataría.",test
EN_027_11__ES_027_11,27,27,true,EN_027_11,ES_027_11,/Users/nilakshanraveendran/Documents/research/data/raw/DRAL16kHz/fragments-short/EN_027_11.wav,/Users/nilakshanraveendran/Documents/research/data/raw/DRAL16kHz/fragments-short/ES_027_11.wav,try to live in different places for longer periods of time.,de vivir en diferentes lugares por más tiempo a la vez.,test
EN_027_12__ES_027_12,27,27,true,EN_027_12,ES_027_12,/Users/nilakshanraveendran/Documents/research/data/raw/DRAL16kHz/fragments-short/EN_027_12.wav,/Users/nilakshanraveendran/Documents/research/data/raw/DRAL16kHz/fragments-short/ES_027_12.wav,"So it wouldn't just be visiting, it would be...","No nomás sería visitando, sería...",test
EN_027_13__ES_027_13,27,27,true,EN_027_13,ES_027_13,/Users/nilakshanraveendran/Documents/research/data/raw/DRAL16kHz/fragments-short/EN_027_13.wav,/Users/nilakshanraveendran/Documents/research/data/raw/DRAL16kHz/fragments-short/ES_027_13.wav,moving one place.,mudando a un lugar,test
EN_027_14__ES_027_14,27,27,true,EN_027_14,ES_027_14,/Users/nilakshanraveendran/Documents/research/data/raw/DRAL16kHz/fragments-short/EN_027_14.wav,/Users/nilakshanraveendran/Documents/research/data/raw/DRAL16kHz/fragments-short/ES_027_14.wav,staying there for a couple years.,quedando ahí por unos años,test
EN_027_15__ES_027_15,27,27,true,EN_027_15,ES_027_15,/Users/nilakshanraveendran/Documents/research/data/raw/DRAL16kHz/fragments-short/EN_027_15.wav,/Users/nilakshanraveendran/Documents/research/data/raw/DRAL16kHz/fragments-short/ES_027_15.wav,moving to a different place and so on.,moviendo a otro lugar y así,test
EN_027_16__ES_027_16,27,27,true,EN_027_16,ES_027_16,/Users/nilakshanraveendran/Documents/research/data/raw/DRAL16kHz/fragments-short/EN_027_16.wav,/Users/nilakshanraveendran/Documents/research/data/raw/DRAL16kHz/fragments-short/ES_027_16.wav,That seems really difficult.,Parece muy difícil.,test
EN_027_17__ES_027_17,27,27,true,EN_027_17,ES_027_17,/Users/nilakshanraveendran/Documents/research/data/raw/DRAL16kHz/fragments-short/EN_027_17.wav,/Users/nilakshanraveendran/Documents/research/data/raw/DRAL16kHz/fragments-short/ES_027_17.wav,"This is a bucket list, so.",Pues es una lista de deseos entonce-.,test
EN_027_18__ES_027_18,27,27,true,EN_027_18,ES_027_18,/Users/nilakshanraveendran/Documents/research/data/raw/DRAL16kHz/fragments-short/EN_027_18.wav,/Users/nilakshanraveendran/Documents/research/data/raw/DRAL16kHz/fragments-short/ES_027_18.wav,I'll add difficult things.,Voy a agregar cosas difíciles.,test
EN_027_19__ES_027_19,27,27,true,EN_027_19,ES_027_19,/Users/nilakshanraveendran/Documents/research/data/raw/DRAL16kHz/fragments-short/EN_027_19.wav,/Users/nilakshanraveendran/Documents/research/data/raw/DRAL16kHz/fragments-short/ES_027_19.wav,I feel like that could be a bucket list item.,Siento que es algo que podrías desear.,test
EN_027_1__ES_027_1,2,2,true,EN_027_1,ES_027_1,/Users/nilakshanraveendran/Documents/research/data/raw/DRAL16kHz/fragments-short/EN_027_1.wav,/Users/nilakshanraveendran/Documents/research/data/raw/DRAL16kHz/fragments-short/ES_027_1.wav,Bucket list? What's yours?,¿Lista de deseos? ¿Cuál es la tuya?,train
EN_027_20__ES_027_20,2,2,true,EN_027_20,ES_027_20,/Users/nilakshanraveendran/Documents/research/data/raw/DRAL16kHz/fragments-short/EN_027_20.wav,/Users/nilakshanraveendran/Documents/research/data/raw/DRAL16kHz/fragments-short/ES_027_20.wav,They didn't respond to me.,Eso me parece divertido.,train
EN_027_21__ES_027_21,27,27,true,EN_027_21,ES_027_21,/Users/nilakshanraveendran/Documents/research/data/raw/DRAL16kHz/fragments-short/EN_027_21.wav,/Users/nilakshanraveendran/Documents/research/data/raw/DRAL16kHz/fragments-short/ES_027_21.wav,"Yeah, you would have a tiny house...",si tendrías una casa pequeña,test
EN_027_22__ES_027_22,2,2,true,EN_027_22,ES_027_22,/Users/nilakshanraveendran/Documents/research/data/raw/DRAL16kHz/fragments-short/EN_027_22.wav,/Users/nilakshanraveendran/Documents/research/data/raw/DRAL16kHz/fragments-short/ES_027_22.wav,"Although Arby's don't seem that luxurious, but...","Bueno, casas móviles no parecen tan lujosas, pero...",train
EN_027_23__ES_027_23,2,2,true,EN_027_23,ES_027_23,/Users/nilakshanraveendran/Documents/research/data/raw/DRAL16kHz/fragments-short/EN_027_23.wav,/Users/nilakshanraveendran/Documents/research/data/raw/DRAL16kHz/fragments-short/ES_027_23.wav,"I mean, it's a bucket list.",Pues es una lista de deseos,train
EN_027_24__ES_027_24,27,27,true,EN_027_24,ES_027_24,/Users/nilakshanraveendran/Documents/research/data/raw/DRAL16kHz/fragments-short/EN_027_24.wav,/Users/nilakshanraveendran/Documents/research/data/raw/DRAL16kHz/fragments-short/ES_027_24.wav,Do you have any specific places where you would want to go?,tienes lugares específicos que quieres ir,test
EN_027_25__ES_027_25,2,2,true,EN_027_25,ES_027_25,/Users/nilakshanraveendran/Documents/research/data/raw/DRAL16kHz/fragments-short/EN_027_25.wav,/Users/nilakshanraveendran/Documents/research/data/raw/DRAL16kHz/fragments-short/ES_027_25.wav,"Philanthropy wouldn't be the right word, but...","Filantropía no sería la palabra correcta, pero...",train
EN_027_26__ES_027_26,27,27,true,EN_027_26,ES_027_26,/Users/nilakshanraveendran/Documents/research/data/raw/DRAL16kHz/fragments-short/EN_027_26.wav,/Users/nilakshanraveendran/Documents/research/data/raw/DRAL16kHz/fragments-short/ES_027_26.wav,for charity type of work.,para tipo de trabajo de caridad,test
EN_027_27__ES_027_27,2,2,true,EN_027_27,ES_027_27,/Users/nilakshanraveendran/Documents/research/data/raw/DRAL16kHz/fragments-short/EN_027_27.wav,/Users/nilakshanraveendran/Documents/research/data/raw/DRAL16kHz/fragments-short/ES_027_27.wav,Yeah.,Sí.,train
EN_027_28__ES_027_28,2,2,true,EN_027_28,ES_027_28,/Users/nilakshanraveendran/Documents/research/data/raw/DRAL16kHz/fragments-short/EN_027_28.wav,/Users/nilakshanraveendran/Documents/research/data/raw/DRAL16kHz/fragments-short/ES_027_28.wav,So um.,Así que...,train
EN_027_29__ES_027_29,27,27,true,EN_027_29,ES_027_29,/Users/nilakshanraveendran/Documents/research/data/raw/DRAL16kHz/fragments-short/EN_027_29.wav,/Users/nilakshanraveendran/Documents/research/data/raw/DRAL16kHz/fragments-short/ES_027_29.wav,Hmm. Is being a philanthropist like part of your bucket list?,"Hmm, ¿siendo filántropa es parte de tu lista de deseos?",test
EN_027_2__ES_027_2,27,27,true,EN_027_2,ES_027_2,/Users/nilakshanraveendran/Documents/research/data/raw/DRAL16kHz/fragments-short/EN_027_2.wav,/Users/nilakshanraveendran/Documents/research/data/raw/DRAL16kHz/fragments-short/ES_027_2.wav,Right...,"Mmm, cierto.",test
EN_027_30__ES_027_30,27,27,true,EN_027_30,ES_027_30,/Users/nilakshanraveendran/Documents/research/data/raw/DRAL16kHz/fragments-short/EN_027_30.wav,/Users/nilakshanraveendran/Documents/research/data/raw/DRAL16kHz/fragments-short/ES_027_30.wav,I don't know what the definition of a philanthropist is.,No sé la definición de filántropo.,test
EN_027_31__ES_027_31,27,27,true,EN_027_31,ES_027_31,/Users/nilakshanraveendran/Documents/research/data/raw/DRAL16kHz/fragments-short/EN_027_31.wav,/Users/nilakshanraveendran/Documents/research/data/raw/DRAL16kHz/fragments-short/ES_027_31.wav,but it's like dedicating your life to... helping others.,pero es como dedicando tu vida para ayudar a los otros.,test
EN_027_32__ES_027_32,27,27,true,EN_027_32,ES_027_32,/Users/nilakshanraveendran/Documents/research/data/raw/DRAL16kHz/fragments-short/EN_027_32.wav,/Users/nilakshanraveendran/Documents/research/data/raw/DRAL16kHz/fragments-short/ES_027_32.wav,"So that could be... money, it could be time.",Entonces eso podría ser dinero o podría ser tiempo.,test
EN_027_33__ES_027_33,27,27,true,EN_027_33,ES_027_33,/Users/nilakshanraveendran/Documents/research/data/raw/DRAL16kHz/fragments-short/EN_027_33.wav,/Users/nilakshanraveendran/Documents/research/data/raw/DRAL16kHz/fragments-short/ES_027_33.wav,"be well off, not rich.","ser cómodo, no rico",test
EN_027_34__ES_027_34,27,27,true,EN_027_34,ES_027_34,/Users/nilakshanraveendran/Documents/research/data/raw/DRAL16kHz/fragments-short/EN_027_34.wav,/Users/nilakshanraveendran/Documents/research/data/raw/DRAL16kHz/fragments-short/ES_027_34.wav,but then also just dedicate a lot of your time.,pero todavía podría dedicar mucho de este tiempo.,test
EN_027_35__ES_027_35,27,27,true,EN_027_35,ES_027_35,/Users/nilakshanraveendran/Documents/research/data/raw/DRAL16kHz/fragments-short/EN_027_35.wav,/Users/nilakshanraveendran/Documents/research/data/raw/DRAL16kHz/fragments-short/ES_027_35.wav,"Yeah, there's things that you're good at.","Sí, hay cosas en que eres bueno.",test
EN_027_36__ES_027_36,27,27,true,EN_027_36,ES_027_36,/Users/nilakshanraveendran/Documents/research/data/raw/DRAL16kHz/fragments-short/EN_027_36.wav,/Users/nilakshanraveendran/Documents/research/data/raw/DRAL16kHz/fragments-short/ES_027_36.wav,things that you want to do.,cosas que quieres hacer,test
EN_027_37__ES_027_37,27,27,true,EN_027_37,ES_027_37,/Users/nilakshanraveendran/Documents/research/data/raw/DRAL16kHz/fragments-short/EN_027_37.wav,/Users/nilakshanraveendran/Documents/research/data/raw/DRAL16kHz/fragments-short/ES_027_37.wav,and they're not always the same.,y no siempre son las mismas cosas,test
EN_027_3__ES_027_3,27,27,true,EN_027_3,ES_027_3,/Users/nilakshanraveendran/Documents/research/data/raw/DRAL16kHz/fragments-short/EN_027_3.wav,/Users/nilakshanraveendran/Documents/research/data/raw/DRAL16kHz/fragments-short/ES_027_3.wav,I think a lot of people have on their bucket list: travel.,Pienso que mucha gente tiene en su lista de deseos viajar.,test
EN_027_4__ES_027_4,27,27,true,EN_027_4,ES_027_4,/Users/nilakshanraveendran/Documents/research/data/raw/DRAL16kHz/fragments-short/EN_027_4.wav,/Users/nilakshanraveendran/Documents/research/data/raw/DRAL16kHz/fragments-short/ES_027_4.wav,"Seems obvious, um.",Me parece obvio mmm.,test
EN_027_5__ES_027_5,27,27,true,EN_027_5,ES_027_5,/Users/nilakshanraveendran/Documents/research/data/raw/DRAL16kHz/fragments-short/EN_027_5.wav,/Users/nilakshanraveendran/Documents/research/data/raw/DRAL16kHz/fragments-short/ES_027_5.wav,"So, traveling outside of the US.","Entonces, viajando afuera de los Estados Unidos.",test
EN_027_6__ES_027_6,27,27,true,EN_027_6,ES_027_6,/Users/nilakshanraveendran/Documents/research/data/raw/DRAL16kHz/fragments-short/EN_027_6.wav,/Users/nilakshanraveendran/Documents/research/data/raw/DRAL16kHz/fragments-short/ES_027_6.wav,Seems like it could be fun.,Parece que puede ser divertido.,test
EN_027_7__ES_027_7,27,27,true,EN_027_7,ES_027_7,/Users/nilakshanraveendran/Documents/research/data/raw/DRAL16kHz/fragments-short/EN_027_7.wav,/Users/nilakshanraveendran/Documents/research/data/raw/DRAL16kHz/fragments-short/ES_027_7.wav,I wouldn't say that's too much of a bucket list item.,No diría que es algo para desear.,test
EN_027_8__ES_027_8,27,27,true,EN_027_8,ES_027_8,/Users/nilakshanraveendran/Documents/research/data/raw/DRAL16kHz/fragments-short/EN_027_8.wav,/Users/nilakshanraveendran/Documents/research/data/raw/DRAL16kHz/fragments-short/ES_027_8.wav,because for a lot of people that's obtainable.,porque para mucha gente es obtenible,test
EN_027_9__ES_027_9,27,27,true,EN_027_9,ES_027_9,/Users/nilakshanraveendran/Documents/research/data/raw/DRAL16kHz/fragments-short/EN_027_9.wav,/Users/nilakshanraveendran/Documents/research/data/raw/DRAL16kHz/fragments-short/ES_027_9.wav,"Somewhere specific, I guess.",un lugar específico diría,test
EN_028_10__ES_028_10,28,28,true,EN_028_10,ES_028_10,/Users/nilakshanraveendran/Documents/research/data/raw/DRAL16kHz/fragments-short/EN_028_10.wav,/Users/nilakshanraveendran/Documents/research/data/raw/DRAL16kHz/fragments-short/ES_028_10.wav,I imagine it's about the um... uh-huh,"imagino que es de como de, ajá",train
EN_028_11__ES_028_11,2,2,true,EN_028_11,ES_028_11,/Users/nilakshanraveendran/Documents/research/data/raw/DRAL16kHz/fragments-short/EN_028_11.wav,/Users/nilakshanraveendran/Documents/research/data/raw/DRAL16kHz/fragments-short/ES_028_11.wav,the basics?,Los principios.,train
EN_028_12__ES_028_12,28,28,true,EN_028_12,ES_028_12,/Users/nilakshanraveendran/Documents/research/data/raw/DRAL16kHz/fragments-short/EN_028_12.wav,/Users/nilakshanraveendran/Documents/research/data/raw/DRAL16kHz/fragments-short/ES_028_12.wav,"and other types of electives you haven't considered, like uhm...",Y otros tipos de electives no has considerado como...,train
EN_028_13__ES_028_13,28,28,true,EN_028_13,ES_028_13,/Users/nilakshanraveendran/Documents/research/data/raw/DRAL16kHz/fragments-short/EN_028_13.wav,/Users/nilakshanraveendran/Documents/research/data/raw/DRAL16kHz/fragments-short/ES_028_13.wav,So then you can finish.,entonces puedes terminar,train
EN_028_14__ES_028_14,28,28,true,EN_028_14,ES_028_14,/Users/nilakshanraveendran/Documents/research/data/raw/DRAL16kHz/fragments-short/EN_028_14.wav,/Users/nilakshanraveendran/Documents/research/data/raw/DRAL16kHz/fragments-short/ES_028_14.wav,"Well, can you take classes in other countries?",bueno puedes tomar clases en otros países,train
EN_028_15__ES_028_15,28,28,true,EN_028_15,ES_028_15,/Users/nilakshanraveendran/Documents/research/data/raw/DRAL16kHz/fragments-short/EN_028_15.wav,/Users/nilakshanraveendran/Documents/research/data/raw/DRAL16kHz/fragments-short/ES_028_15.wav,and then they work towards your degree.,y luego sirven para tu degree,train
EN_028_16__ES_028_16,28,28,true,EN_028_16,ES_028_16,/Users/nilakshanraveendran/Documents/research/data/raw/DRAL16kHz/fragments-short/EN_028_16.wav,/Users/nilakshanraveendran/Documents/research/data/raw/DRAL16kHz/fragments-short/ES_028_16.wav,"because there's classes like uh, art, music, film.","porque hay como clases de arte, eh de películas, música...",train
EN_028_17__ES_028_17,28,28,true,EN_028_17,ES_028_17,/Users/nilakshanraveendran/Documents/research/data/raw/DRAL16kHz/fragments-short/EN_028_17.wav,/Users/nilakshanraveendran/Documents/research/data/raw/DRAL16kHz/fragments-short/ES_028_17.wav,"And then is there, I don't know how to say it <unk> money for...","Y luego hay como, no se como se dice uh, dinero para...",train
EN_028_18__ES_028_18,28,28,true,EN_028_18,ES_028_18,/Users/nilakshanraveendran/Documents/research/data/raw/DRAL16kHz/fragments-short/EN_028_18.wav,/Users/nilakshanraveendran/Documents/research/data/raw/DRAL16kHz/fragments-short/ES_028_18.wav,And... if you had to take another class for the semester.,Y si tuvieras que tomar otra clase uh para este semestre?,train
EN_028_19__ES_028_19,28,28,true,EN_028_19,ES_028_19,/Users/nilakshanraveendran/Documents/research/data/raw/DRAL16kHz/fragments-short/EN_028_19.wav,/Users/nilakshanraveendran/Documents/research/data/raw/DRAL16kHz/fragments-short/ES_028_19.wav,"I know that you can print all the classes that you've taken, but",sé que puedes imprimir como todas las clases que has tomado pero,train
EN_028_1__ES_028_1,28,28,true,EN_028_1,ES_028_1,/Users/nilakshanraveendran/Documents/research/data/raw/DRAL16kHz/fragments-short/EN_028_1.wav,/Users/nilakshanraveendran/Documents/research/data/raw/DRAL16kHz/fragments-short/ES_028_1.wav,"Uh, I heard that you were gonna take 12 hours in the... fall?","a- aprendí que ibas a tomar 12 horas en el, otoño",train
EN_028_20__ES_028_20,28,28,true,EN_028_20,ES_028_20,/Users/nilakshanraveendran/Documents/research/data/raw/DRAL16kHz/fragments-short/EN_028_20.wav,/Users/nilakshanraveendran/Documents/research/data/raw/DRAL16kHz/fragments-short/ES_028_20.wav,"Yeah, it's not on that page, but I know there's another page where you can put in your degree plan.","Sí, creo que no está en esa página, pero hay otra página donde puedes poner como tu degree plan.",train
EN_028_21__ES_028_21,28,28,true,EN_028_21,ES_028_21,/Users/nilakshanraveendran/Documents/research/data/raw/DRAL16kHz/fragments-short/EN_028_21.wav,/Users/nilakshanraveendran/Documents/research/data/raw/DRAL16kHz/fragments-short/ES_028_21.wav,and then it tells you what you're missing.,y luego te dice que te falta,train
EN_028_22__ES_028_22,28,28,true,EN_028_22,ES_028_22,/Users/nilakshanraveendran/Documents/research/data/raw/DRAL16kHz/fragments-short/EN_028_22.wav,/Users/nilakshanraveendran/Documents/research/data/raw/DRAL16kHz/fragments-short/ES_028_22.wav,again over here on the page that you were,Otra vez acá en la página que estabas,train
EN_028_23__ES_028_23,28,28,true,EN_028_23,ES_028_23,/Users/nilakshanraveendran/Documents/research/data/raw/DRAL16kHz/fragments-short/EN_028_23.wav,/Users/nilakshanraveendran/Documents/research/data/raw/DRAL16kHz/fragments-short/ES_028_23.wav,over here on dashboard.,ah acá en el dashboard,train
EN_028_24__ES_028_24,28,28,true,EN_028_24,ES_028_24,/Users/nilakshanraveendran/Documents/research/data/raw/DRAL16kHz/fragments-short/EN_028_24.wav,/Users/nilakshanraveendran/Documents/research/data/raw/DRAL16kHz/fragments-short/ES_028_24.wav,"I think there is, but I don't know how to find it.","Creo que sí hay, pero no sé cómo buscarla.",train
EN_028_25__ES_028_25,28,28,true,EN_028_25,ES_028_25,/Users/nilakshanraveendran/Documents/research/data/raw/DRAL16kHz/fragments-short/EN_028_25.wav,/Users/nilakshanraveendran/Documents/research/data/raw/DRAL16kHz/fragments-short/ES_028_25.wav,"But if you had to pick another class, would you... take another CS?",pero si tuvieras que tomar la clase la la escogerías como una de CS,train
EN_028_26__ES_028_26,28,28,true,EN_028_26,ES_028_26,/Users/nilakshanraveendran/Documents/research/data/raw/DRAL16kHz/fragments-short/EN_028_26.wav,/Users/nilakshanraveendran/Documents/research/data/raw/DRAL16kHz/fragments-short/ES_028_26.wav,Do you know which ones after these are taking?,sabes cuales después de esta vas a tomar,train
EN_028_27__ES_028_27,28,28,true,EN_028_27,ES_028_27,/Users/nilakshanraveendran/Documents/research/data/raw/DRAL16kHz/fragments-short/EN_028_27.wav,/Users/nilakshanraveendran/Documents/research/data/raw/DRAL16kHz/fragments-short/ES_028_27.wav,"Oh yeah yeah, it's the class that I'm right now helping with.","Oh, sí, sí. Sí, es la clase que ahorita estoy viendo.",train
EN_028_29__ES_028_29,28,28,true,EN_028_29,ES_028_29,/Users/nilakshanraveendran/Documents/research/data/raw/DRAL16kHz/fragments-short/EN_028_29.wav,/Users/nilakshanraveendran/Documents/research/data/raw/DRAL16kHz/fragments-short/ES_028_29.wav,"Uh, yeah, they can be difficult.","Ah, sí, pueden ser difíciles.",train
EN_028_2__ES_028_2,2,2,true,EN_028_2,ES_028_2,/Users/nilakshanraveendran/Documents/research/data/raw/DRAL16kHz/fragments-short/EN_028_2.wav,/Users/nilakshanraveendran/Documents/research/data/raw/DRAL16kHz/fragments-short/ES_028_2.wav,"I told her that I could do more, I want to do more.","Yo le había dicho que podía hacer más, quería hacer ma-.",train
EN_028_30__ES_028_30,28,28,true,EN_028_30,ES_028_30,/Users/nilakshanraveendran/Documents/research/data/raw/DRAL16kHz/fragments-short/EN_028_30.wav,/Users/nilakshanraveendran/Documents/research/data/raw/DRAL16kHz/fragments-short/ES_028_30.wav,"Yeah, I've heard the same thing.","Si, he escuchado también lo mismo",train
EN_028_31__ES_028_31,28,28,true,EN_028_31,ES_028_31,/Users/nilakshanraveendran/Documents/research/data/raw/DRAL16kHz/fragments-short/EN_028_31.wav,/Users/nilakshanraveendran/Documents/research/data/raw/DRAL16kHz/fragments-short/ES_028_31.wav,and the basics courses you've already completed?,¿Y las clases básicas ya las has terminado?,train
EN_028_32__ES_028_32,28,28,true,EN_028_32,ES_028_32,/Users/nilakshanraveendran/Documents/research/data/raw/DRAL16kHz/fragments-short/EN_028_32.wav,/Users/nilakshanraveendran/Documents/research/data/raw/DRAL16kHz/fragments-short/ES_028_32.wav,all of those courses you've taken here at UTEP?,todas las clases esas las has tomando aquí en UTEP,train
EN_028_33__ES_028_33,28,28,true,EN_028_33,ES_028_33,/Users/nilakshanraveendran/Documents/research/data/raw/DRAL16kHz/fragments-short/EN_028_33.wav,/Users/nilakshanraveendran/Documents/research/data/raw/DRAL16kHz/fragments-short/ES_028_33.wav,"But if you take the 15 hours, you can finish earlier.","Pero si tomas las 15 horas, puedes terminar, mas normal.",train
EN_028_34__ES_028_34,2,2,true,EN_028_34,ES_028_34,/Users/nilakshanraveendran/Documents/research/data/raw/DRAL16kHz/fragments-short/EN_028_34.wav,/Users/nilakshanraveendran/Documents/research/data/raw/DRAL16kHz/fragments-short/ES_028_34.wav,faster.,Más rápido.,train
EN_028_35__ES_028_35,28,28,true,EN_028_35,ES_028_35,/Users/nilakshanraveendran/Documents/research/data/raw/DRAL16kHz/fragments-short/EN_028_35.wav,/Users/nilakshanraveendran/Documents/research/data/raw/DRAL16kHz/fragments-short/ES_028_35.wav,"They tell you that you need to take a minimum of classes, but they don't tell you... uh-huh","Te dicen que debes que tomar como un mínimo de clases pero no te dicen máximo, ajá.",train
EN_028_36__ES_028_36,2,2,true,EN_028_36,ES_028_36,/Users/nilakshanraveendran/Documents/research/data/raw/DRAL16kHz/fragments-short/EN_028_36.wav,/Users/nilakshanraveendran/Documents/research/data/raw/DRAL16kHz/fragments-short/ES_028_36.wav,the maximum,Un máximo.,train
EN_028_37__ES_028_37,28,28,true,EN_028_37,ES_028_37,/Users/nilakshanraveendran/Documents/research/data/raw/DRAL16kHz/fragments-short/EN_028_37.wav,/Users/nilakshanraveendran/Documents/research/data/raw/DRAL16kHz/fragments-short/ES_028_37.wav,"12 hours I imagine, I don't know.","12 horas imagino, no se",train
EN_028_38__ES_028_38,28,28,true,EN_028_38,ES_028_38,/Users/nilakshanraveendran/Documents/research/data/raw/DRAL16kHz/fragments-short/EN_028_38.wav,/Users/nilakshanraveendran/Documents/research/data/raw/DRAL16kHz/fragments-short/ES_028_38.wav,"including studying and everything else. It's like a job, like 40 hours a week.","incluyendo estudiando y todo, me imagino que es como un trabajo como 40 horas a la semana",train
EN_028_39__ES_028_39,2,2,true,EN_028_39,ES_028_39,/Users/nilakshanraveendran/Documents/research/data/raw/DRAL16kHz/fragments-short/EN_028_39.wav,/Users/nilakshanraveendran/Documents/research/data/raw/DRAL16kHz/fragments-short/ES_028_39.wav,"I haven't done the calculations, but um, let's see.","No he hecho las calculaciones, pero a a ver.",train
EN_028_3__ES_028_3,2,2,true,EN_028_3,ES_028_3,/Users/nilakshanraveendran/Documents/research/data/raw/DRAL16kHz/fragments-short/EN_028_3.wav,/Users/nilakshanraveendran/Documents/research/data/raw/DRAL16kHz/fragments-short/ES_028_3.wav,"And she was like, no, no, no, take it slow. It's okay.",dijo no no no te preocupes tomarlo lentito,train
EN_028_40__ES_028_40,2,2,true,EN_028_40,ES_028_40,/Users/nilakshanraveendran/Documents/research/data/raw/DRAL16kHz/fragments-short/EN_028_40.wav,/Users/nilakshanraveendran/Documents/research/data/raw/DRAL16kHz/fragments-short/ES_028_40.wav,"To finish, I need 120, right?","Para terminar necesito 120, ¿verdad?",train
EN_028_41__ES_028_41,2,2,true,EN_028_41,ES_028_41,/Users/nilakshanraveendran/Documents/research/data/raw/DRAL16kHz/fragments-short/EN_028_41.wav,/Users/nilakshanraveendran/Documents/research/data/raw/DRAL16kHz/fragments-short/ES_028_41.wav,"120, I still need 53.","120, me faltan 53.",train
EN_028_42__ES_028_42,2,2,true,EN_028_42,ES_028_42,/Users/nilakshanraveendran/Documents/research/data/raw/DRAL16kHz/fragments-short/EN_028_42.wav,/Users/nilakshanraveendran/Documents/research/data/raw/DRAL16kHz/fragments-short/ES_028_42.wav,And I have three years to do that.,y tengo tres años para hacer eso,train
EN_028_43__ES_028_43,2,2,true,EN_028_43,ES_028_43,/Users/nilakshanraveendran/Documents/research/data/raw/DRAL16kHz/fragments-short/EN_028_43.wav,/Users/nilakshanraveendran/Documents/research/data/raw/DRAL16kHz/fragments-short/ES_028_43.wav,So then I have those three years.,Así que tengo esos tres años.,train
EN_028_44__ES_028_44,2,2,true,EN_028_44,ES_028_44,/Users/nilakshanraveendran/Documents/research/data/raw/DRAL16kHz/fragments-short/EN_028_44.wav,/Users/nilakshanraveendran/Documents/research/data/raw/DRAL16kHz/fragments-short/ES_028_44.wav,six semesters.,Seis semestres.,train
EN_028_45__ES_028_45,2,2,true,EN_028_45,ES_028_45,/Users/nilakshanraveendran/Documents/research/data/raw/DRAL16kHz/fragments-short/EN_028_45.wav,/Users/nilakshanraveendran/Documents/research/data/raw/DRAL16kHz/fragments-short/ES_028_45.wav,57 divided by 6,57 entre 6,train
EN_028_46__ES_028_46,2,2,true,EN_028_46,ES_028_46,/Users/nilakshanraveendran/Documents/research/data/raw/DRAL16kHz/fragments-short/EN_028_46.wav,/Users/nilakshanraveendran/Documents/research/data/raw/DRAL16kHz/fragments-short/ES_028_46.wav,I have to technically only take eight.,Tengo que to- técnicamente nomás tomar 8.,train
EN_028_47__ES_028_47,2,2,true,EN_028_47,ES_028_47,/Users/nilakshanraveendran/Documents/research/data/raw/DRAL16kHz/fragments-short/EN_028_47.wav,/Users/nilakshanraveendran/Documents/research/data/raw/DRAL16kHz/fragments-short/ES_028_47.wav,"But no matter what, I have to take 12.",Pero a fuerzas tengo que tomar 12.,train
EN_028_48__ES_028_48,2,2,true,EN_028_48,ES_028_48,/Users/nilakshanraveendran/Documents/research/data/raw/DRAL16kHz/fragments-short/EN_028_48.wav,/Users/nilakshanraveendran/Documents/research/data/raw/DRAL16kHz/fragments-short/ES_028_48.wav,"Technically, I can finish in two years.",Técnicamente puedo terminar en dos años.,train
EN_028_49__ES_028_49,2,2,true,EN_028_49,ES_028_49,/Users/nilakshanraveendran/Documents/research/data/raw/DRAL16kHz/fragments-short/EN_028_49.wav,/Users/nilakshanraveendran/Documents/research/data/raw/DRAL16kHz/fragments-short/ES_028_49.wav,if I take only 12 hours each semester.,"si tomo nomás 12 horas cada, semestre.",train
EN_028_4__ES_028_4,2,2,true,EN_028_4,ES_028_4,/Users/nilakshanraveendran/Documents/research/data/raw/DRAL16kHz/fragments-short/EN_028_4.wav,/Users/nilakshanraveendran/Documents/research/data/raw/DRAL16kHz/fragments-short/ES_028_4.wav,Do what you can and that's it.,Haz lo que puedas y ya.,train
EN_028_50__ES_028_50,2,2,true,EN_028_50,ES_028_50,/Users/nilakshanraveendran/Documents/research/data/raw/DRAL16kHz/fragments-short/EN_028_50.wav,/Users/nilakshanraveendran/Documents/research/data/raw/DRAL16kHz/fragments-short/ES_028_50.wav,Because what I don't want to do is pay. I don't want to pay anything.,Porque lo que no quiero es pagar. No quiero pagar nada.,train
EN_028_51__ES_028_51,2,2,true,EN_028_51,ES_028_51,/Users/nilakshanraveendran/Documents/research/data/raw/DRAL16kHz/fragments-short/EN_028_51.wav,/Users/nilakshanraveendran/Documents/research/data/raw/DRAL16kHz/fragments-short/ES_028_51.wav,"Oh, they tell us to try not to take more than 16.",Aunque nos dicen que tratemos de no tomar más de 16.,train
EN_028_52__ES_028_52,2,2,true,EN_028_52,ES_028_52,/Users/nilakshanraveendran/Documents/research/data/raw/DRAL16kHz/fragments-short/EN_028_52.wav,/Users/nilakshanraveendran/Documents/research/data/raw/DRAL16kHz/fragments-short/ES_028_52.wav,"You can measure yourself, but...","Tú te puedes medir, pero...",train
EN_028_53__ES_028_53,2,2,true,EN_028_53,ES_028_53,/Users/nilakshanraveendran/Documents/research/data/raw/DRAL16kHz/fragments-short/EN_028_53.wav,/Users/nilakshanraveendran/Documents/research/data/raw/DRAL16kHz/fragments-short/ES_028_53.wav,"Normally 16, 15, 16.","normalmente 16, 15, 16",train
EN_028_54__ES_028_54,2,2,true,EN_028_54,ES_028_54,/Users/nilakshanraveendran/Documents/research/data/raw/DRAL16kHz/fragments-short/EN_028_54.wav,/Users/nilakshanraveendran/Documents/research/data/raw/DRAL16kHz/fragments-short/ES_028_54.wav,"is when you're there, uh, busy.",Es ya donde estás ocupado.,train
EN_028_55__ES_028_55,2,2,true,EN_028_55,ES_028_55,/Users/nilakshanraveendran/Documents/research/data/raw/DRAL16kHz/fragments-short/EN_028_55.wav,/Users/nilakshanraveendran/Documents/research/data/raw/DRAL16kHz/fragments-short/ES_028_55.wav,"You have time to do your stuff, but you're gonna be busy.","Tienes tiempo para hacer otras cosas, pero vas a estar ocupado.",train
EN_028_56__ES_028_56,2,2,true,EN_028_56,ES_028_56,/Users/nilakshanraveendran/Documents/research/data/raw/DRAL16kHz/fragments-short/EN_028_56.wav,/Users/nilakshanraveendran/Documents/research/data/raw/DRAL16kHz/fragments-short/ES_028_56.wav,because <unk> the scholarship is for. So we don't have to work so that we can focus ourselves entirely into our studies.,"Porque para eso es la beca, para que no tengamos que trabajar para poder enfocarnos completamente en nuestros estudios.",train
EN_028_5__ES_028_5,28,28,true,EN_028_5,ES_028_5,/Users/nilakshanraveendran/Documents/research/data/raw/DRAL16kHz/fragments-short/EN_028_5.wav,/Users/nilakshanraveendran/Documents/research/data/raw/DRAL16kHz/fragments-short/ES_028_5.wav,And how many hours are full time?,¿Y cuántas horas son full time?,train
EN_028_6__ES_028_6,28,28,true,EN_028_6,ES_028_6,/Users/nilakshanraveendran/Documents/research/data/raw/DRAL16kHz/fragments-short/EN_028_6.wav,/Users/nilakshanraveendran/Documents/research/data/raw/DRAL16kHz/fragments-short/ES_028_6.wav,So 15 would be a little bit more.,Entonces quinto sería un poco más.,train
EN_028_7__ES_028_7,28,28,true,EN_028_7,ES_028_7,/Users/nilakshanraveendran/Documents/research/data/raw/DRAL16kHz/fragments-short/EN_028_7.wav,/Users/nilakshanraveendran/Documents/research/data/raw/DRAL16kHz/fragments-short/ES_028_7.wav,"Of the classes that you're taking, how many are electives and how many are the ones that you need to take?","de las clases que estas tomando, cuantas son electives y cuantas son las que necesitas",train
EN_028_8__ES_028_8,28,28,true,EN_028_8,ES_028_8,/Users/nilakshanraveendran/Documents/research/data/raw/DRAL16kHz/fragments-short/EN_028_8.wav,/Users/nilakshanraveendran/Documents/research/data/raw/DRAL16kHz/fragments-short/ES_028_8.wav,"All those classes of physics, biology you've taken?","clases de física, biología, todas esas las has tomado?",train
EN_028_9__ES_028_9,28,28,true,EN_028_9,ES_028_9,/Users/nilakshanraveendran/Documents/research/data/raw/DRAL16kHz/fragments-short/EN_028_9.wav,/Users/nilakshanraveendran/Documents/research/data/raw/DRAL16kHz/fragments-short/ES_028_9.wav,And it's physics. Is there only just one physics?,y es física... ¿nomas hay una clase?,train
EN_029_10__ES_029_10,29,29,true,EN_029_10,ES_029_10,/Users/nilakshanraveendran/Documents/research/data/raw/DRAL16kHz/fragments-short/EN_029_10.wav,/Users/nilakshanraveendran/Documents/research/data/raw/DRAL16kHz/fragments-short/ES_029_10.wav,"because the father took care of that, so that's also like a- uhh single father approval.",Sí.,train
EN_029_11__ES_029_11,11,11,true,EN_029_11,ES_029_11,/Users/nilakshanraveendran/Documents/research/data/raw/DRAL16kHz/fragments-short/EN_029_11.wav,/Users/nilakshanraveendran/Documents/research/data/raw/DRAL16kHz/fragments-short/ES_029_11.wav,"I've watched Bambi before, but like a long time ago. Like, I don't remember the plot or anything.","He visto cambios antes, pero no recuerdo la historia de nada.",train
EN_029_12__ES_029_12,29,29,true,EN_029_12,ES_029_12,/Users/nilakshanraveendran/Documents/research/data/raw/DRAL16kHz/fragments-short/EN_029_12.wav,/Users/nilakshanraveendran/Documents/research/data/raw/DRAL16kHz/fragments-short/ES_029_12.wav,"His dad was also like an explorer or something like that, but he abandoned him and his mother.","Si compadre no, no es una duda. Si compadre no, no es una duda.",train
EN_029_13__ES_029_13,29,29,true,EN_029_13,ES_029_13,/Users/nilakshanraveendran/Documents/research/data/raw/DRAL16kHz/fragments-short/EN_029_13.wav,/Users/nilakshanraveendran/Documents/research/data/raw/DRAL16kHz/fragments-short/ES_029_13.wav,"the bad guy is like, his father figure so it's like really emotional when you get that plot twist that he is actually the bad guy",¿Cómo es su figura? Es bien emocionante cuando tiene esta revelación que él es el villano.,train
EN_029_14__ES_029_14,11,11,true,EN_029_14,ES_029_14,/Users/nilakshanraveendran/Documents/research/data/raw/DRAL16kHz/fragments-short/EN_029_14.wav,/Users/nilakshanraveendran/Documents/research/data/raw/DRAL16kHz/fragments-short/ES_029_14.wav,"Like- like he said, like having like a parent like abandon you.",¿Cómo dijiste que te dejó un papá que te abandonó?,train
EN_029_15__ES_029_15,11,11,true,EN_029_15,ES_029_15,/Users/nilakshanraveendran/Documents/research/data/raw/DRAL16kHz/fragments-short/EN_029_15.wav,/Users/nilakshanraveendran/Documents/research/data/raw/DRAL16kHz/fragments-short/ES_029_15.wav,"Your mom or your dad like someone you love a lot, is like actually like a bad person","tu mamá o tu papá, alguien que quieres mucho es una persona mala.",train
EN_029_16__ES_029_16,29,29,true,EN_029_16,ES_029_16,/Users/nilakshanraveendran/Documents/research/data/raw/DRAL16kHz/fragments-short/EN_029_16.wav,/Users/nilakshanraveendran/Documents/research/data/raw/DRAL16kHz/fragments-short/ES_029_16.wav,"I mean, I cannot know because for example",Gracias.,train
EN_029_17__ES_029_17,29,29,true,EN_029_17,ES_029_17,/Users/nilakshanraveendran/Documents/research/data/raw/DRAL16kHz/fragments-short/EN_029_17.wav,/Users/nilakshanraveendran/Documents/research/data/raw/DRAL16kHz/fragments-short/ES_029_17.wav,"I think my grandma was a great person with me, but my mom thinks she was like the horrible- a horrible person.","Yo pienso que mi abuela era una buena persona, pero mi mamá piensa que es una horrible persona.",train
EN_029_18__ES_029_18,29,29,true,EN_029_18,ES_029_18,/Users/nilakshanraveendran/Documents/research/data/raw/DRAL16kHz/fragments-short/EN_029_18.wav,/Users/nilakshanraveendran/Documents/research/data/raw/DRAL16kHz/fragments-short/ES_029_18.wav,"I mean, if I think about it, like, yeah, she was a little bit too conservative in some aspects.",Gracias.,train
EN_029_19__ES_029_19,29,29,true,EN_029_19,ES_029_19,/Users/nilakshanraveendran/Documents/research/data/raw/DRAL16kHz/fragments-short/EN_029_19.wav,/Users/nilakshanraveendran/Documents/research/data/raw/DRAL16kHz/fragments-short/ES_029_19.wav,"But like, she was like great with me.",Pero pues ahí era muy buena comida.,train
EN_029_1__ES_029_1,29,29,true,EN_029_1,ES_029_1,/Users/nilakshanraveendran/Documents/research/data/raw/DRAL16kHz/fragments-short/EN_029_1.wav,/Users/nilakshanraveendran/Documents/research/data/raw/DRAL16kHz/fragments-short/ES_029_1.wav,"This movie, like, was... released when I was like five years old.",¿Esta película uh la sacaron de un tipo de triángulo? REMOVE,train
EN_029_20__ES_029_20,29,29,true,EN_029_20,ES_029_20,/Users/nilakshanraveendran/Documents/research/data/raw/DRAL16kHz/fragments-short/EN_029_20.wav,/Users/nilakshanraveendran/Documents/research/data/raw/DRAL16kHz/fragments-short/ES_029_20.wav,"She was like, okay, they got to 10 years old, and now the oldest one is going to take care of this one.",Desde que llega a los 10 años ya se ocupa.,train
EN_029_21__ES_029_21,29,29,true,EN_029_21,ES_029_21,/Users/nilakshanraveendran/Documents/research/data/raw/DRAL16kHz/fragments-short/EN_029_21.wav,/Users/nilakshanraveendran/Documents/research/data/raw/DRAL16kHz/fragments-short/ES_029_21.wav,"Well, nah, she was like a teen, but like, you know, teens.","Bueno, no, es que era decente, pero tú ya sabes.",train
EN_029_22__ES_029_22,29,29,true,EN_029_22,ES_029_22,/Users/nilakshanraveendran/Documents/research/data/raw/DRAL16kHz/fragments-short/EN_029_22.wav,/Users/nilakshanraveendran/Documents/research/data/raw/DRAL16kHz/fragments-short/ES_029_22.wav,"Born in Mexico like narcos, or politicians, like corrupt politicians.",Sí.,train
EN_029_23__ES_029_23,29,29,true,EN_029_23,ES_029_23,/Users/nilakshanraveendran/Documents/research/data/raw/DRAL16kHz/fragments-short/EN_029_23.wav,/Users/nilakshanraveendran/Documents/research/data/raw/DRAL16kHz/fragments-short/ES_029_23.wav,give you something but like at the same time he may be doing illegal really bad stuff.,¿Se está dando algo? ¿Cosas inmediatas? Muy mal.,train
EN_029_24__ES_029_24,11,11,true,EN_029_24,ES_029_24,/Users/nilakshanraveendran/Documents/research/data/raw/DRAL16kHz/fragments-short/EN_029_24.wav,/Users/nilakshanraveendran/Documents/research/data/raw/DRAL16kHz/fragments-short/ES_029_24.wav,"Uhhh, that's- that's a really tough situation.",Es una situación muy difícil.,train
EN_029_25__ES_029_25,11,11,true,EN_029_25,ES_029_25,/Users/nilakshanraveendran/Documents/research/data/raw/DRAL16kHz/fragments-short/EN_029_25.wav,/Users/nilakshanraveendran/Documents/research/data/raw/DRAL16kHz/fragments-short/ES_029_25.wav,"You kinda have to look at both sides, you know?","Me da miedo los nados, sabes?",train
EN_029_26__ES_029_26,11,11,true,EN_029_26,ES_029_26,/Users/nilakshanraveendran/Documents/research/data/raw/DRAL16kHz/fragments-short/EN_029_26.wav,/Users/nilakshanraveendran/Documents/research/data/raw/DRAL16kHz/fragments-short/ES_029_26.wav,"I think if I ever found that out, like, about, like, my dad, like, if he was involved in that stuff, I don't think, like, I could ever look at him, like, the same.","Yo creo que si me enteré que mi papá estaba haciendo sus cosas, creo que podría haber un mismo padre.",train
EN_029_27__ES_029_27,11,11,true,EN_029_27,ES_029_27,/Users/nilakshanraveendran/Documents/research/data/raw/DRAL16kHz/fragments-short/EN_029_27.wav,/Users/nilakshanraveendran/Documents/research/data/raw/DRAL16kHz/fragments-short/ES_029_27.wav,"I think it would completely like mess up, like my perception of him, you know?",Creo que cambiaría mi percepción de él completamente.,train
EN_029_28__ES_029_28,29,29,true,EN_029_28,ES_029_28,/Users/nilakshanraveendran/Documents/research/data/raw/DRAL16kHz/fragments-short/EN_029_28.wav,/Users/nilakshanraveendran/Documents/research/data/raw/DRAL16kHz/fragments-short/ES_029_28.wav,"I mean, maybe like of those, 10% may be innocent","O sea, que esos... ¿10%? Bueno, sí, inocente.",train
EN_029_29__ES_029_29,29,29,true,EN_029_29,ES_029_29,/Users/nilakshanraveendran/Documents/research/data/raw/DRAL16kHz/fragments-short/EN_029_29.wav,/Users/nilakshanraveendran/Documents/research/data/raw/DRAL16kHz/fragments-short/ES_029_29.wav,"For example, for a mother, I think it's hard. Like, imagine, like, your son is, like, a gang member.",Gracias.,train
EN_029_2__ES_029_2,11,11,true,EN_029_2,ES_029_2,/Users/nilakshanraveendran/Documents/research/data/raw/DRAL16kHz/fragments-short/EN_029_2.wav,/Users/nilakshanraveendran/Documents/research/data/raw/DRAL16kHz/fragments-short/ES_029_2.wav,Okay.,N- no sé si la...,train
EN_029_30__ES_029_30,11,11,true,EN_029_30,ES_029_30,/Users/nilakshanraveendran/Documents/research/data/raw/DRAL16kHz/fragments-short/EN_029_30.wav,/Users/nilakshanraveendran/Documents/research/data/raw/DRAL16kHz/fragments-short/ES_029_30.wav,"Uh, no, that's actually like, that's really sad. Because like, the gang violence down there is terrible.",La verdad es que está muy triste porque la violencia de los bandidos está muy mal.,train
EN_029_33__ES_029_33,29,29,true,EN_029_33,ES_029_33,/Users/nilakshanraveendran/Documents/research/data/raw/DRAL16kHz/fragments-short/EN_029_33.wav,/Users/nilakshanraveendran/Documents/research/data/raw/DRAL16kHz/fragments-short/ES_029_33.wav,I didn't knew why the mom wasn't around anymore.,No sabía por qué la mamá me gustaba.,train
EN_029_34__ES_029_34,29,29,true,EN_029_34,ES_029_34,/Users/nilakshanraveendran/Documents/research/data/raw/DRAL16kHz/fragments-short/EN_029_34.wav,/Users/nilakshanraveendran/Documents/research/data/raw/DRAL16kHz/fragments-short/ES_029_34.wav,I really didn't understand it until after,No entiendo.,train
EN_029_3__ES_029_3,29,29,true,EN_029_3,ES_029_3,/Users/nilakshanraveendran/Documents/research/data/raw/DRAL16kHz/fragments-short/EN_029_3.wav,/Users/nilakshanraveendran/Documents/research/data/raw/DRAL16kHz/fragments-short/ES_029_3.wav,"I don't know if you know it, it's called Bambi.",Okey.,train
EN_029_4__ES_029_4,29,29,true,EN_029_4,ES_029_4,/Users/nilakshanraveendran/Documents/research/data/raw/DRAL16kHz/fragments-short/EN_029_4.wav,/Users/nilakshanraveendran/Documents/research/data/raw/DRAL16kHz/fragments-short/ES_029_4.wav,you see like Bambi go high in the forest or I don't know what,Gracias.     REMOVE,train
EN_029_5__ES_029_5,29,29,true,EN_029_5,ES_029_5,/Users/nilakshanraveendran/Documents/research/data/raw/DRAL16kHz/fragments-short/EN_029_5.wav,/Users/nilakshanraveendran/Documents/research/data/raw/DRAL16kHz/fragments-short/ES_029_5.wav,"and you hear the gun and like, Mom, Mom! And suddenly the father just appears.",¿Cuál?       REMOVE,train
EN_029_6__ES_029_6,29,29,true,EN_029_6,ES_029_6,/Users/nilakshanraveendran/Documents/research/data/raw/DRAL16kHz/fragments-short/EN_029_6.wav,/Users/nilakshanraveendran/Documents/research/data/raw/DRAL16kHz/fragments-short/ES_029_6.wav,Well in Spanish it's a little bit sadder.,"Bueno, en español es más triste.",train
EN_029_7__ES_029_7,29,29,true,EN_029_7,ES_029_7,/Users/nilakshanraveendran/Documents/research/data/raw/DRAL16kHz/fragments-short/EN_029_7.wav,/Users/nilakshanraveendran/Documents/research/data/raw/DRAL16kHz/fragments-short/ES_029_7.wav,"your mother not coming home, boy",¡Aww!,train
EN_029_8__ES_029_8,11,11,true,EN_029_8,ES_029_8,/Users/nilakshanraveendran/Documents/research/data/raw/DRAL16kHz/fragments-short/EN_029_8.wav,/Users/nilakshanraveendran/Documents/research/data/raw/DRAL16kHz/fragments-short/ES_029_8.wav,That must be terrible to hear that.,"Ah, qué gacho, oír eso. Sí, pero...",train
EN_029_9__ES_029_9,29,29,true,EN_029_9,ES_029_9,/Users/nilakshanraveendran/Documents/research/data/raw/DRAL16kHz/fragments-short/EN_029_9.wav,/Users/nilakshanraveendran/Documents/research/data/raw/DRAL16kHz/fragments-short/ES_029_9.wav,"I really don't remember, after that, how he handled it.","Es que yo me acuerdo que después de eso, como lo tomo  REMOVE",train
EN_032_10__ES_032_10,24,32,false,EN_032_10,ES_032_10,/Users/nilakshanraveendran/Documents/research/data/raw/DRAL16kHz/fragments-short/EN_032_10.wav,/Users/nilakshanraveendran/Documents/research/data/raw/DRAL16kHz/fragments-short/ES_032_10.wav,sometimes food grosses me out,me da unas veces mucho asco la comida,train
EN_032_11__ES_032_11,24,32,false,EN_032_11,ES_032_11,/Users/nilakshanraveendran/Documents/research/data/raw/DRAL16kHz/fragments-short/EN_032_11.wav,/Users/nilakshanraveendran/Documents/research/data/raw/DRAL16kHz/fragments-short/ES_032_11.wav,I lost about 10 pounds in my two weeks working there.,Endelgacé como 10 libras en mis dos semanas de trabajar allí.*,train
EN_032_12__ES_032_12,32,24,false,EN_032_12,ES_032_12,/Users/nilakshanraveendran/Documents/research/data/raw/DRAL16kHz/fragments-short/EN_032_12.wav,/Users/nilakshanraveendran/Documents/research/data/raw/DRAL16kHz/fragments-short/ES_032_12.wav,how they're making the food and... all of that,Están haciendo la comida y todo eso.,train
EN_032_13__ES_032_13,32,24,false,EN_032_13,ES_032_13,/Users/nilakshanraveendran/Documents/research/data/raw/DRAL16kHz/fragments-short/EN_032_13.wav,/Users/nilakshanraveendran/Documents/research/data/raw/DRAL16kHz/fragments-short/ES_032_13.wav,I think that you're supposed to get a food handlers?,Creo que se supone que tienes que agarrar un food handlers.,train
EN_032_14__ES_032_14,32,24,false,EN_032_14,ES_032_14,/Users/nilakshanraveendran/Documents/research/data/raw/DRAL16kHz/fragments-short/EN_032_14.wav,/Users/nilakshanraveendran/Documents/research/data/raw/DRAL16kHz/fragments-short/ES_032_14.wav,I never... I never gave mine.,"Yo nunca, nunca me preguntaron por eso.",train
EN_032_15__ES_032_15,24,32,false,EN_032_15,ES_032_15,/Users/nilakshanraveendran/Documents/research/data/raw/DRAL16kHz/fragments-short/EN_032_15.wav,/Users/nilakshanraveendran/Documents/research/data/raw/DRAL16kHz/fragments-short/ES_032_15.wav,They sent me an email to do some courses.,Me mandaron un email para hacer unos cursos.,train
EN_032_1__ES_032_1,24,32,false,EN_032_1,ES_032_1,/Users/nilakshanraveendran/Documents/research/data/raw/DRAL16kHz/fragments-short/EN_032_1.wav,/Users/nilakshanraveendran/Documents/research/data/raw/DRAL16kHz/fragments-short/ES_032_1.wav,"The price of everything goes up, like... the houses and the cars.","Sube los precios de todo más, como las casas, los carros.",train
EN_032_2__ES_032_2,24,32,false,EN_032_2,ES_032_2,/Users/nilakshanraveendran/Documents/research/data/raw/DRAL16kHz/fragments-short/EN_032_2.wav,/Users/nilakshanraveendran/Documents/research/data/raw/DRAL16kHz/fragments-short/ES_032_2.wav,everything is becoming more expensive but they are not paying us the price we need to live,"Todo está haciendo más caro, pero no nos están pagando el precio que, para vivir.",train
EN_032_3__ES_032_3,32,24,false,EN_032_3,ES_032_3,/Users/nilakshanraveendran/Documents/research/data/raw/DRAL16kHz/fragments-short/EN_032_3.wav,/Users/nilakshanraveendran/Documents/research/data/raw/DRAL16kHz/fragments-short/ES_032_3.wav,that causes the prices to also go up.,eso causa que también suban los precios,train
EN_032_4__ES_032_4,32,24,false,EN_032_4,ES_032_4,/Users/nilakshanraveendran/Documents/research/data/raw/DRAL16kHz/fragments-short/EN_032_4.wav,/Users/nilakshanraveendran/Documents/research/data/raw/DRAL16kHz/fragments-short/ES_032_4.wav,to make the cost of buying a house and all that,De hacer los gastos que tienes que hacer como de comprar una casa y todo eso.,train
EN_032_5__ES_032_5,24,32,false,EN_032_5,ES_032_5,/Users/nilakshanraveendran/Documents/research/data/raw/DRAL16kHz/fragments-short/EN_032_5.wav,/Users/nilakshanraveendran/Documents/research/data/raw/DRAL16kHz/fragments-short/ES_032_5.wav,They pay me 875.,A mí me pagan 8.75.,train
EN_032_6__ES_032_6,24,32,false,EN_032_6,ES_032_6,/Users/nilakshanraveendran/Documents/research/data/raw/DRAL16kHz/fragments-short/EN_032_6.wav,/Users/nilakshanraveendran/Documents/research/data/raw/DRAL16kHz/fragments-short/ES_032_6.wav,But I also think... the work I do.,Pero también pienso que e- el trabajo que hago...,train
EN_032_7__ES_032_7,24,32,false,EN_032_7,ES_032_7,/Users/nilakshanraveendran/Documents/research/data/raw/DRAL16kHz/fragments-short/EN_032_7.wav,/Users/nilakshanraveendran/Documents/research/data/raw/DRAL16kHz/fragments-short/ES_032_7.wav,"When I get home and I feel like, damn, I did all that.","cuando llego a casa y me siento, válgame hice todo eso",train
EN_032_8__ES_032_8,32,24,false,EN_032_8,ES_032_8,/Users/nilakshanraveendran/Documents/research/data/raw/DRAL16kHz/fragments-short/EN_032_8.wav,/Users/nilakshanraveendran/Documents/research/data/raw/DRAL16kHz/fragments-short/ES_032_8.wav,It's difficult to sometimes put the price.,Es difícil poner a veces el precio.,train
EN_032_9__ES_032_9,32,24,false,EN_032_9,ES_032_9,/Users/nilakshanraveendran/Documents/research/data/raw/DRAL16kHz/fragments-short/EN_032_9.wav,/Users/nilakshanraveendran/Documents/research/data/raw/DRAL16kHz/fragments-short/ES_032_9.wav,It was really ugly.,Está bien feo.,train
EN_033_10__ES_033_10,33,33,true,EN_033_10,ES_033_10,/Users/nilakshanraveendran/Documents/research/data/raw/DRAL16kHz/fragments-short/EN_033_10.wav,/Users/nilakshanraveendran/Documents/research/data/raw/DRAL16kHz/fragments-short/ES_033_10.wav,but recently I got into Jiu Jitsu,Pero recientemente entré al Jiu Jitsu.,test
EN_033_11__ES_033_11,33,33,true,EN_033_11,ES_033_11,/Users/nilakshanraveendran/Documents/research/data/raw/DRAL16kHz/fragments-short/EN_033_11.wav,/Users/nilakshanraveendran/Documents/research/data/raw/DRAL16kHz/fragments-short/ES_033_11.wav,That is like a pretty recent martial art.,Es como una arte marcial muy reciente.,test
EN_033_12__ES_033_12,33,33,true,EN_033_12,ES_033_12,/Users/nilakshanraveendran/Documents/research/data/raw/DRAL16kHz/fragments-short/EN_033_12.wav,/Users/nilakshanraveendran/Documents/research/data/raw/DRAL16kHz/fragments-short/ES_033_12.wav,have only practiced like two months three months from- from now,"Solo lo he practicado como dos meses, tres meses hasta ahora.",test
EN_033_13__ES_033_13,32,32,true,EN_033_13,ES_033_13,/Users/nilakshanraveendran/Documents/research/data/raw/DRAL16kHz/fragments-short/EN_033_13.wav,/Users/nilakshanraveendran/Documents/research/data/raw/DRAL16kHz/fragments-short/ES_033_13.wav,That's still pretty cool. How- how good were you at basketball?,Está suave. ¿Qué tan bueno eras en el básquetbol?,train
EN_033_14__ES_033_14,33,33,true,EN_033_14,ES_033_14,/Users/nilakshanraveendran/Documents/research/data/raw/DRAL16kHz/fragments-short/EN_033_14.wav,/Users/nilakshanraveendran/Documents/research/data/raw/DRAL16kHz/fragments-short/ES_033_14.wav,I think I will be Boston.,Pienso que estaría presumiendo.,test
EN_033_15__ES_033_15,33,33,true,EN_033_15,ES_033_15,/Users/nilakshanraveendran/Documents/research/data/raw/DRAL16kHz/fragments-short/EN_033_15.wav,/Users/nilakshanraveendran/Documents/research/data/raw/DRAL16kHz/fragments-short/ES_033_15.wav,"I was on- eh, on the varsity team.",estaba en el Varsity Team,test
EN_033_16__ES_033_16,33,33,true,EN_033_16,ES_033_16,/Users/nilakshanraveendran/Documents/research/data/raw/DRAL16kHz/fragments-short/EN_033_16.wav,/Users/nilakshanraveendran/Documents/research/data/raw/DRAL16kHz/fragments-short/ES_033_16.wav,and overall martial arts like helped me to,"Y en general, las artes marciales me han ayudado.",test
EN_033_17__ES_033_17,33,33,true,EN_033_17,ES_033_17,/Users/nilakshanraveendran/Documents/research/data/raw/DRAL16kHz/fragments-short/EN_033_17.wav,/Users/nilakshanraveendran/Documents/research/data/raw/DRAL16kHz/fragments-short/ES_033_17.wav,It's a pretty good way of helping your mind.,Es una buena manera de ayudar a tu mente.,test
EN_033_18__ES_033_18,32,32,true,EN_033_18,ES_033_18,/Users/nilakshanraveendran/Documents/research/data/raw/DRAL16kHz/fragments-short/EN_033_18.wav,/Users/nilakshanraveendran/Documents/research/data/raw/DRAL16kHz/fragments-short/ES_033_18.wav,"to release your feelings, like if you had like a rough day.","Para desahogar, como si tenías un día malo.",train
EN_033_19__ES_033_19,32,32,true,EN_033_19,ES_033_19,/Users/nilakshanraveendran/Documents/research/data/raw/DRAL16kHz/fragments-short/EN_033_19.wav,/Users/nilakshanraveendran/Documents/research/data/raw/DRAL16kHz/fragments-short/ES_033_19.wav,you have like an outlet for it.,Es una forma de expresarte.,train
EN_033_1__ES_033_1,32,32,true,EN_033_1,ES_033_1,/Users/nilakshanraveendran/Documents/research/data/raw/DRAL16kHz/fragments-short/EN_033_1.wav,/Users/nilakshanraveendran/Documents/research/data/raw/DRAL16kHz/fragments-short/ES_033_1.wav,I was in Taekwondo for like 10 years.,Estuve en el taekwondo por 10 años.,train
EN_033_20__ES_033_20,32,32,true,EN_033_20,ES_033_20,/Users/nilakshanraveendran/Documents/research/data/raw/DRAL16kHz/fragments-short/EN_033_20.wav,/Users/nilakshanraveendran/Documents/research/data/raw/DRAL16kHz/fragments-short/ES_033_20.wav,Like instead of bottling it up inside you.,En lugar de- de tenerlo adentro.,train
EN_033_21__ES_033_21,32,32,true,EN_033_21,ES_033_21,/Users/nilakshanraveendran/Documents/research/data/raw/DRAL16kHz/fragments-short/EN_033_21.wav,/Users/nilakshanraveendran/Documents/research/data/raw/DRAL16kHz/fragments-short/ES_033_21.wav,"It's just like, uhm, let me just suffocate this man, I don't know.","Es como, ah, déjame sofoco a este hombre.",train
EN_033_22__ES_033_22,32,32,true,EN_033_22,ES_033_22,/Users/nilakshanraveendran/Documents/research/data/raw/DRAL16kHz/fragments-short/EN_033_22.wav,/Users/nilakshanraveendran/Documents/research/data/raw/DRAL16kHz/fragments-short/ES_033_22.wav,if I were to pick up a fighting sport again.,si quería entrar a un deporte combativo,train
EN_033_23__ES_033_23,32,32,true,EN_033_23,ES_033_23,/Users/nilakshanraveendran/Documents/research/data/raw/DRAL16kHz/fragments-short/EN_033_23.wav,/Users/nilakshanraveendran/Documents/research/data/raw/DRAL16kHz/fragments-short/ES_033_23.wav,I'd want to do like boxing.,Me entraría a boxing.,train
EN_033_24__ES_033_24,32,32,true,EN_033_24,ES_033_24,/Users/nilakshanraveendran/Documents/research/data/raw/DRAL16kHz/fragments-short/EN_033_24.wav,/Users/nilakshanraveendran/Documents/research/data/raw/DRAL16kHz/fragments-short/ES_033_24.wav,Because I think that'd be really cool.,Pienso que es muy suave,train
EN_033_25__ES_033_25,33,33,true,EN_033_25,ES_033_25,/Users/nilakshanraveendran/Documents/research/data/raw/DRAL16kHz/fragments-short/EN_033_25.wav,/Users/nilakshanraveendran/Documents/research/data/raw/DRAL16kHz/fragments-short/ES_033_25.wav,It is not as aggressive in costr- contrast with Karate or Boxing.,No es tan agresivo en contraste con el karate o el box.,test
EN_033_26__ES_033_26,33,33,true,EN_033_26,ES_033_26,/Users/nilakshanraveendran/Documents/research/data/raw/DRAL16kHz/fragments-short/EN_033_26.wav,/Users/nilakshanraveendran/Documents/research/data/raw/DRAL16kHz/fragments-short/ES_033_26.wav,because you actually get punched on the face,Porque allí sí te golpean en la cara.,test
EN_033_2__ES_033_2,33,33,true,EN_033_2,ES_033_2,/Users/nilakshanraveendran/Documents/research/data/raw/DRAL16kHz/fragments-short/EN_033_2.wav,/Users/nilakshanraveendran/Documents/research/data/raw/DRAL16kHz/fragments-short/ES_033_2.wav,Did you got your black belt?,obtuviste tu cinta negra,test
EN_033_3__ES_033_3,32,32,true,EN_033_3,ES_033_3,/Users/nilakshanraveendran/Documents/research/data/raw/DRAL16kHz/fragments-short/EN_033_3.wav,/Users/nilakshanraveendran/Documents/research/data/raw/DRAL16kHz/fragments-short/ES_033_3.wav,"It was- it was pretty cool. I liked it, uhm.","Estuvo, estuvo muy suave ah me gustó mucho",train
EN_033_4__ES_033_4,32,32,true,EN_033_4,ES_033_4,/Users/nilakshanraveendran/Documents/research/data/raw/DRAL16kHz/fragments-short/EN_033_4.wav,/Users/nilakshanraveendran/Documents/research/data/raw/DRAL16kHz/fragments-short/ES_033_4.wav,I left it because it became more about how to like score,Me salí porque se trataba más como de agarrar puntos.,train
EN_033_6__ES_033_6,33,33,true,EN_033_6,ES_033_6,/Users/nilakshanraveendran/Documents/research/data/raw/DRAL16kHz/fragments-short/EN_033_6.wav,/Users/nilakshanraveendran/Documents/research/data/raw/DRAL16kHz/fragments-short/ES_033_6.wav,because you are only using like the bottom part of your body,Porque solo estás usando la parte baja de tu cuerpo.,test
EN_033_7__ES_033_7,32,32,true,EN_033_7,ES_033_7,/Users/nilakshanraveendran/Documents/research/data/raw/DRAL16kHz/fragments-short/EN_033_7.wav,/Users/nilakshanraveendran/Documents/research/data/raw/DRAL16kHz/fragments-short/ES_033_7.wav,Did he do a sport?,¿Hicistes un deporte?,train
EN_033_8__ES_033_8,33,33,true,EN_033_8,ES_033_8,/Users/nilakshanraveendran/Documents/research/data/raw/DRAL16kHz/fragments-short/EN_033_8.wav,/Users/nilakshanraveendran/Documents/research/data/raw/DRAL16kHz/fragments-short/ES_033_8.wav,"No, yes I did, but not a combat sport.","No, sí lo hice, pero en un deporte de combate.",test
EN_033_9__ES_033_9,33,33,true,EN_033_9,ES_033_9,/Users/nilakshanraveendran/Documents/research/data/raw/DRAL16kHz/fragments-short/EN_033_9.wav,/Users/nilakshanraveendran/Documents/research/data/raw/DRAL16kHz/fragments-short/ES_033_9.wav,It was mainly basketball.,Era principalmente básquetbol.,test
EN_034_10__ES_034_10,32,32,true,EN_034_10,ES_034_10,/Users/nilakshanraveendran/Documents/research/data/raw/DRAL16kHz/fragments-short/EN_034_10.wav,/Users/nilakshanraveendran/Documents/research/data/raw/DRAL16kHz/fragments-short/ES_034_10.wav,Do you have anything that you keep to make you feel better?,¿Tienes algo que cargas para sentirte mejor?,train
EN_034_11__ES_034_11,34,34,true,EN_034_11,ES_034_11,/Users/nilakshanraveendran/Documents/research/data/raw/DRAL16kHz/fragments-short/EN_034_11.wav,/Users/nilakshanraveendran/Documents/research/data/raw/DRAL16kHz/fragments-short/ES_034_11.wav,Because my boyfriend is in- is in metallurgy.,Mi novio es un examen de la Teología,test
EN_034_12__ES_034_12,34,34,true,EN_034_12,ES_034_12,/Users/nilakshanraveendran/Documents/research/data/raw/DRAL16kHz/fragments-short/EN_034_12.wav,/Users/nilakshanraveendran/Documents/research/data/raw/DRAL16kHz/fragments-short/ES_034_12.wav,So he literally just melts metals and makes stuff.,"Así que literal, no más derrite metales y hace cosas.",test
EN_034_13__ES_034_13,34,34,true,EN_034_13,ES_034_13,/Users/nilakshanraveendran/Documents/research/data/raw/DRAL16kHz/fragments-short/EN_034_13.wav,/Users/nilakshanraveendran/Documents/research/data/raw/DRAL16kHz/fragments-short/ES_034_13.wav,He made a few and he gave me one. So that's what I hold.,"hizo varios y me dio uno, así que eso es lo que yo cargo",test
EN_034_14__ES_034_14,34,34,true,EN_034_14,ES_034_14,/Users/nilakshanraveendran/Documents/research/data/raw/DRAL16kHz/fragments-short/EN_034_14.wav,/Users/nilakshanraveendran/Documents/research/data/raw/DRAL16kHz/fragments-short/ES_034_14.wav,This is like a little elephant with its trunk up.,Es como un elefante con su trompa para arriba.,test
EN_034_15__ES_034_15,34,34,true,EN_034_15,ES_034_15,/Users/nilakshanraveendran/Documents/research/data/raw/DRAL16kHz/fragments-short/EN_034_15.wav,/Users/nilakshanraveendran/Documents/research/data/raw/DRAL16kHz/fragments-short/ES_034_15.wav,I think I left that in another backpack and now I don't know.,"Creo que ese lo dejé en otra mochila, así que ahora no sé.",test
EN_034_16__ES_034_16,32,32,true,EN_034_16,ES_034_16,/Users/nilakshanraveendran/Documents/research/data/raw/DRAL16kHz/fragments-short/EN_034_16.wav,/Users/nilakshanraveendran/Documents/research/data/raw/DRAL16kHz/fragments-short/ES_034_16.wav,"Actually, I think I have some rocks.","Hablando de eso, creo que tengo unas piedras.",train
EN_034_17__ES_034_17,32,32,true,EN_034_17,ES_034_17,/Users/nilakshanraveendran/Documents/research/data/raw/DRAL16kHz/fragments-short/EN_034_17.wav,/Users/nilakshanraveendran/Documents/research/data/raw/DRAL16kHz/fragments-short/ES_034_17.wav,because they're from... when I went to the sea,"Es que son de cuando fui a la, al océano.",train
EN_034_18__ES_034_18,34,34,true,EN_034_18,ES_034_18,/Users/nilakshanraveendran/Documents/research/data/raw/DRAL16kHz/fragments-short/EN_034_18.wav,/Users/nilakshanraveendran/Documents/research/data/raw/DRAL16kHz/fragments-short/ES_034_18.wav,So you're a very sentimental person?,Así que eres una persona muy sentimental,test
EN_034_19__ES_034_19,34,34,true,EN_034_19,ES_034_19,/Users/nilakshanraveendran/Documents/research/data/raw/DRAL16kHz/fragments-short/EN_034_19.wav,/Users/nilakshanraveendran/Documents/research/data/raw/DRAL16kHz/fragments-short/ES_034_19.wav,"Like if somebody gives me a rock, I'm like, I will cherish it forever.","Como si alguien me da una piedra y yo digo, la guardo para siempre",test
EN_034_1__ES_034_1,32,32,true,EN_034_1,ES_034_1,/Users/nilakshanraveendran/Documents/research/data/raw/DRAL16kHz/fragments-short/EN_034_1.wav,/Users/nilakshanraveendran/Documents/research/data/raw/DRAL16kHz/fragments-short/ES_034_1.wav,"accidentally put this in here, because it's a gift","Este es un regalo, la, lo puse adentro por accidente.",train
EN_034_20__ES_034_20,34,34,true,EN_034_20,ES_034_20,/Users/nilakshanraveendran/Documents/research/data/raw/DRAL16kHz/fragments-short/EN_034_20.wav,/Users/nilakshanraveendran/Documents/research/data/raw/DRAL16kHz/fragments-short/ES_034_20.wav,"It's like, I would do meds, but in a lotion form.","Es como medicamento de alergia, pero en una forma de crema.",test
EN_034_21__ES_034_21,34,34,true,EN_034_21,ES_034_21,/Users/nilakshanraveendran/Documents/research/data/raw/DRAL16kHz/fragments-short/EN_034_21.wav,/Users/nilakshanraveendran/Documents/research/data/raw/DRAL16kHz/fragments-short/ES_034_21.wav,"In case I get like a bite, I can just like",Por si algo me muerde solo puedo...,test
EN_034_22__ES_034_22,32,32,true,EN_034_22,ES_034_22,/Users/nilakshanraveendran/Documents/research/data/raw/DRAL16kHz/fragments-short/EN_034_22.wav,/Users/nilakshanraveendran/Documents/research/data/raw/DRAL16kHz/fragments-short/ES_034_22.wav,"Oh no, I probably need those.","Oh, probablemente los necesito.",train
EN_034_23__ES_034_23,34,34,true,EN_034_23,ES_034_23,/Users/nilakshanraveendran/Documents/research/data/raw/DRAL16kHz/fragments-short/EN_034_23.wav,/Users/nilakshanraveendran/Documents/research/data/raw/DRAL16kHz/fragments-short/ES_034_23.wav,"I thought I forgot my glasses. I was hoping they were in here, but no.","Pensé que se me habían olvidado los lentes, esperaba que estaban aquí pero no",test
EN_034_24__ES_034_24,32,32,true,EN_034_24,ES_034_24,/Users/nilakshanraveendran/Documents/research/data/raw/DRAL16kHz/fragments-short/EN_034_24.wav,/Users/nilakshanraveendran/Documents/research/data/raw/DRAL16kHz/fragments-short/ES_034_24.wav,"Oh, this is my hand sanitizer.","Oh, este es mi desinfectante.",train
EN_034_25__ES_034_25,34,34,true,EN_034_25,ES_034_25,/Users/nilakshanraveendran/Documents/research/data/raw/DRAL16kHz/fragments-short/EN_034_25.wav,/Users/nilakshanraveendran/Documents/research/data/raw/DRAL16kHz/fragments-short/ES_034_25.wav,I'm going to be crazy today and I'll put it where it goes.,Voy a hacer algo loco y no ponerlo donde va.,test
EN_034_26__ES_034_26,32,32,true,EN_034_26,ES_034_26,/Users/nilakshanraveendran/Documents/research/data/raw/DRAL16kHz/fragments-short/EN_034_26.wav,/Users/nilakshanraveendran/Documents/research/data/raw/DRAL16kHz/fragments-short/ES_034_26.wav,"Instead of having it tear, I can just put it in.","En vez de tenerlo que se rompa, solo lo puedo poner adentro.",train
EN_034_2__ES_034_2,32,32,true,EN_034_2,ES_034_2,/Users/nilakshanraveendran/Documents/research/data/raw/DRAL16kHz/fragments-short/EN_034_2.wav,/Users/nilakshanraveendran/Documents/research/data/raw/DRAL16kHz/fragments-short/ES_034_2.wav,I was looking through the gifts and it was for my mom.,Estaba buscando entre los regalos y es para mi mamá.,train
EN_034_3__ES_034_3,32,32,true,EN_034_3,ES_034_3,/Users/nilakshanraveendran/Documents/research/data/raw/DRAL16kHz/fragments-short/EN_034_3.wav,/Users/nilakshanraveendran/Documents/research/data/raw/DRAL16kHz/fragments-short/ES_034_3.wav,I use one for two classes and then one for only one.,uso uno para dos clases y después uno para solo una,train
EN_034_4__ES_034_4,32,32,true,EN_034_4,ES_034_4,/Users/nilakshanraveendran/Documents/research/data/raw/DRAL16kHz/fragments-short/EN_034_4.wav,/Users/nilakshanraveendran/Documents/research/data/raw/DRAL16kHz/fragments-short/ES_034_4.wav,Is all my math homework.,Para mi tarea de matemáticas.,train
EN_034_5__ES_034_5,32,32,true,EN_034_5,ES_034_5,/Users/nilakshanraveendran/Documents/research/data/raw/DRAL16kHz/fragments-short/EN_034_5.wav,/Users/nilakshanraveendran/Documents/research/data/raw/DRAL16kHz/fragments-short/ES_034_5.wav,"the laptop, I borrowed it from the school.",La computadora me la prestaron de la escuela.,train
EN_034_6__ES_034_6,32,32,true,EN_034_6,ES_034_6,/Users/nilakshanraveendran/Documents/research/data/raw/DRAL16kHz/fragments-short/EN_034_6.wav,/Users/nilakshanraveendran/Documents/research/data/raw/DRAL16kHz/fragments-short/ES_034_6.wav,I made it a while ago.,Lo hice hace mucho tiempo.,train
EN_034_7__ES_034_7,32,32,true,EN_034_7,ES_034_7,/Users/nilakshanraveendran/Documents/research/data/raw/DRAL16kHz/fragments-short/EN_034_7.wav,/Users/nilakshanraveendran/Documents/research/data/raw/DRAL16kHz/fragments-short/ES_034_7.wav,"I have a pig, a stuffed pig.","Tengo un puerco, un peluche de un puerco.",train
EN_034_8__ES_034_8,32,32,true,EN_034_8,ES_034_8,/Users/nilakshanraveendran/Documents/research/data/raw/DRAL16kHz/fragments-short/EN_034_8.wav,/Users/nilakshanraveendran/Documents/research/data/raw/DRAL16kHz/fragments-short/ES_034_8.wav,"Yeah, no, a plushie. I have several.","Sí, no, un peluche. Tengo varios.",train
EN_034_9__ES_034_9,32,32,true,EN_034_9,ES_034_9,/Users/nilakshanraveendran/Documents/research/data/raw/DRAL16kHz/fragments-short/EN_034_9.wav,/Users/nilakshanraveendran/Documents/research/data/raw/DRAL16kHz/fragments-short/ES_034_9.wav,"And yeah, I keep it with me because it makes me feel better.",Lo cargo conmigo porque me hace sentir mejor.,train
EN_035_10__ES_035_10,35,35,true,EN_035_10,ES_035_10,/Users/nilakshanraveendran/Documents/research/data/raw/DRAL16kHz/fragments-short/EN_035_10.wav,/Users/nilakshanraveendran/Documents/research/data/raw/DRAL16kHz/fragments-short/ES_035_10.wav,So I got black ones. Like all black ones.,"Yo agarré negros, todos negros",train
EN_035_11__ES_035_11,35,35,true,EN_035_11,ES_035_11,/Users/nilakshanraveendran/Documents/research/data/raw/DRAL16kHz/fragments-short/EN_035_11.wav,/Users/nilakshanraveendran/Documents/research/data/raw/DRAL16kHz/fragments-short/ES_035_11.wav,"I saw him online for like 40 bucks. So I'm like, awesome.",los vi en línea por 40 dólares y dije suave,train
EN_035_12__ES_035_12,34,34,true,EN_035_12,ES_035_12,/Users/nilakshanraveendran/Documents/research/data/raw/DRAL16kHz/fragments-short/EN_035_12.wav,/Users/nilakshanraveendran/Documents/research/data/raw/DRAL16kHz/fragments-short/ES_035_12.wav,"Oh, they're really cool, but uhmm","Oh, esas están chidas, pero mmm...",test
EN_035_13__ES_035_13,34,34,true,EN_035_13,ES_035_13,/Users/nilakshanraveendran/Documents/research/data/raw/DRAL16kHz/fragments-short/EN_035_13.wav,/Users/nilakshanraveendran/Documents/research/data/raw/DRAL16kHz/fragments-short/ES_035_13.wav,"I don't know, I feel like if I'm like a really tall person.","No lo sé, siento que soy una persona muy alta.",test
EN_035_14__ES_035_14,34,34,true,EN_035_14,ES_035_14,/Users/nilakshanraveendran/Documents/research/data/raw/DRAL16kHz/fragments-short/EN_035_14.wav,/Users/nilakshanraveendran/Documents/research/data/raw/DRAL16kHz/fragments-short/ES_035_14.wav,"I actually listened a little bit from everything, so yeah.","De hecho, escucho un poco de todo, pero sí.",test
EN_035_15__ES_035_15,34,34,true,EN_035_15,ES_035_15,/Users/nilakshanraveendran/Documents/research/data/raw/DRAL16kHz/fragments-short/EN_035_15.wav,/Users/nilakshanraveendran/Documents/research/data/raw/DRAL16kHz/fragments-short/ES_035_15.wav,it's that kind of music that doesn't really have a lyrics or,"Es un tipo de música que realmente no tiene una letra, pero sí.",test
EN_035_1__ES_035_1,35,35,true,EN_035_1,ES_035_1,/Users/nilakshanraveendran/Documents/research/data/raw/DRAL16kHz/fragments-short/EN_035_1.wav,/Users/nilakshanraveendran/Documents/research/data/raw/DRAL16kHz/fragments-short/ES_035_1.wav,"Recently, I've become like a shoe person.",Recientemente me ha vuelto una persona de sneakers.,train
EN_035_2__ES_035_2,34,34,true,EN_035_2,ES_035_2,/Users/nilakshanraveendran/Documents/research/data/raw/DRAL16kHz/fragments-short/EN_035_2.wav,/Users/nilakshanraveendran/Documents/research/data/raw/DRAL16kHz/fragments-short/ES_035_2.wav,"Oh, cool [laughter].",que genial,test
EN_035_3__ES_035_3,35,35,true,EN_035_3,ES_035_3,/Users/nilakshanraveendran/Documents/research/data/raw/DRAL16kHz/fragments-short/EN_035_3.wav,/Users/nilakshanraveendran/Documents/research/data/raw/DRAL16kHz/fragments-short/ES_035_3.wav,"I- I like those. Like, these would probably be the ones I get.",Sí me gustan esos. Estos son los que a lo mejor voy a agarrar.,train
EN_035_4__ES_035_4,34,34,true,EN_035_4,ES_035_4,/Users/nilakshanraveendran/Documents/research/data/raw/DRAL16kHz/fragments-short/EN_035_4.wav,/Users/nilakshanraveendran/Documents/research/data/raw/DRAL16kHz/fragments-short/ES_035_4.wav,I was more a person of converse and those kind of shoes.,Yo era una persona más de Converse y ese tipo de zapatos.,test
EN_035_5__ES_035_5,35,35,true,EN_035_5,ES_035_5,/Users/nilakshanraveendran/Documents/research/data/raw/DRAL16kHz/fragments-short/EN_035_5.wav,/Users/nilakshanraveendran/Documents/research/data/raw/DRAL16kHz/fragments-short/ES_035_5.wav,"If I had the money, I'd consider getting them.","Si tenía el dinero, considerara agarrandos esos.",train
EN_035_6__ES_035_6,34,34,true,EN_035_6,ES_035_6,/Users/nilakshanraveendran/Documents/research/data/raw/DRAL16kHz/fragments-short/EN_035_6.wav,/Users/nilakshanraveendran/Documents/research/data/raw/DRAL16kHz/fragments-short/ES_035_6.wav,and they were like in trend i don't know and,"Estaban en tendencia, no lo sé.",test
EN_035_7__ES_035_7,34,34,true,EN_035_7,ES_035_7,/Users/nilakshanraveendran/Documents/research/data/raw/DRAL16kHz/fragments-short/EN_035_7.wav,/Users/nilakshanraveendran/Documents/research/data/raw/DRAL16kHz/fragments-short/ES_035_7.wav,That's why I wanted to buy them.,Es por eso que quería comprarlos.,test
EN_035_8__ES_035_8,35,35,true,EN_035_8,ES_035_8,/Users/nilakshanraveendran/Documents/research/data/raw/DRAL16kHz/fragments-short/EN_035_8.wav,/Users/nilakshanraveendran/Documents/research/data/raw/DRAL16kHz/fragments-short/ES_035_8.wav,So it's actually named like Huarache?,"Así que, ¿sí se llaman huaraches?",train
EN_035_9__ES_035_9,34,34,true,EN_035_9,ES_035_9,/Users/nilakshanraveendran/Documents/research/data/raw/DRAL16kHz/fragments-short/EN_035_9.wav,/Users/nilakshanraveendran/Documents/research/data/raw/DRAL16kHz/fragments-short/ES_035_9.wav,Those are like five and a half from boys like,Esos son como cinco y medio de niño.,test
EN_036_10__ES_036_10,36,36,true,EN_036_10,ES_036_10,/Users/nilakshanraveendran/Documents/research/data/raw/DRAL16kHz/fragments-short/EN_036_10.wav,/Users/nilakshanraveendran/Documents/research/data/raw/DRAL16kHz/fragments-short/ES_036_10.wav,"And then it ends up for 20 and uh, and- and that's it.",y se termina a las 4:20 ya me- ya- ya- ya se terminó,train
EN_036_11__ES_036_11,36,36,true,EN_036_11,ES_036_11,/Users/nilakshanraveendran/Documents/research/data/raw/DRAL16kHz/fragments-short/EN_036_11.wav,/Users/nilakshanraveendran/Documents/research/data/raw/DRAL16kHz/fragments-short/ES_036_11.wav,I go to the gym because I don't have enough time.,Me voy al gimnasio porque no me da suficiente tiempo.,train
EN_036_12__ES_036_12,36,36,true,EN_036_12,ES_036_12,/Users/nilakshanraveendran/Documents/research/data/raw/DRAL16kHz/fragments-short/EN_036_12.wav,/Users/nilakshanraveendran/Documents/research/data/raw/DRAL16kHz/fragments-short/ES_036_12.wav,uh... going to the gym after class.,este ir al gimnasio eh después de la clase.,train
EN_036_13__ES_036_13,36,36,true,EN_036_13,ES_036_13,/Users/nilakshanraveendran/Documents/research/data/raw/DRAL16kHz/fragments-short/EN_036_13.wav,/Users/nilakshanraveendran/Documents/research/data/raw/DRAL16kHz/fragments-short/ES_036_13.wav,"I mean, before the class.","Digo, antes de la clase.",train
EN_036_14__ES_036_14,36,36,true,EN_036_14,ES_036_14,/Users/nilakshanraveendran/Documents/research/data/raw/DRAL16kHz/fragments-short/EN_036_14.wav,/Users/nilakshanraveendran/Documents/research/data/raw/DRAL16kHz/fragments-short/ES_036_14.wav,"And yeah, I just go to class and I just go to the gym and uh, I just go home.","Y ya, nomás voy a la escuela y voy al gimnasio y ya me voy a la casa y...",train
EN_036_15__ES_036_15,36,36,true,EN_036_15,ES_036_15,/Users/nilakshanraveendran/Documents/research/data/raw/DRAL16kHz/fragments-short/EN_036_15.wav,/Users/nilakshanraveendran/Documents/research/data/raw/DRAL16kHz/fragments-short/ES_036_15.wav,Wednesday is the same as Monday.,Miércoles es lo mismo que lunes.,train
EN_036_16__ES_036_16,36,36,true,EN_036_16,ES_036_16,/Users/nilakshanraveendran/Documents/research/data/raw/DRAL16kHz/fragments-short/EN_036_16.wav,/Users/nilakshanraveendran/Documents/research/data/raw/DRAL16kHz/fragments-short/ES_036_16.wav,And Thursday is the same as- as Tuesday.,"Y el, y el jueves también es lo mismo que, que martes.",train
EN_036_17__ES_036_17,36,36,true,EN_036_17,ES_036_17,/Users/nilakshanraveendran/Documents/research/data/raw/DRAL16kHz/fragments-short/EN_036_17.wav,/Users/nilakshanraveendran/Documents/research/data/raw/DRAL16kHz/fragments-short/ES_036_17.wav,Everyday I eat the same thing.,Y cada día me- me como todo lo mismo.,train
EN_036_18__ES_036_18,36,36,true,EN_036_18,ES_036_18,/Users/nilakshanraveendran/Documents/research/data/raw/DRAL16kHz/fragments-short/EN_036_18.wav,/Users/nilakshanraveendran/Documents/research/data/raw/DRAL16kHz/fragments-short/ES_036_18.wav,Like in the mornings I eat two eggs and a yogurt and sometimes an apple.,"Como en la mañana, dos huevos, a veces yogurt o una manzana.",train
EN_036_19__ES_036_19,36,36,true,EN_036_19,ES_036_19,/Users/nilakshanraveendran/Documents/research/data/raw/DRAL16kHz/fragments-short/EN_036_19.wav,/Users/nilakshanraveendran/Documents/research/data/raw/DRAL16kHz/fragments-short/ES_036_19.wav,"And Friday I don't have any school, I don't have any classes.","Y viernes no tengo escuela, no tengo clases.",train
EN_036_1__ES_036_1,36,36,true,EN_036_1,ES_036_1,/Users/nilakshanraveendran/Documents/research/data/raw/DRAL16kHz/fragments-short/EN_036_1.wav,/Users/nilakshanraveendran/Documents/research/data/raw/DRAL16kHz/fragments-short/ES_036_1.wav,The day before sometimes I prepare it in a separate bag.,"El día anterior, a veces lo hago, lo preparo como en una mochila separada.",train
EN_036_20__ES_036_20,36,36,true,EN_036_20,ES_036_20,/Users/nilakshanraveendran/Documents/research/data/raw/DRAL16kHz/fragments-short/EN_036_20.wav,/Users/nilakshanraveendran/Documents/research/data/raw/DRAL16kHz/fragments-short/ES_036_20.wav,I live on the west.,Vivo en el West.,train
EN_036_21__ES_036_21,2,2,true,EN_036_21,ES_036_21,/Users/nilakshanraveendran/Documents/research/data/raw/DRAL16kHz/fragments-short/EN_036_21.wav,/Users/nilakshanraveendran/Documents/research/data/raw/DRAL16kHz/fragments-short/ES_036_21.wav,"Like, in how much time do you get to school?",Como en cuanto llegas a la- a la escuela.,train
EN_036_22__ES_036_22,36,36,true,EN_036_22,ES_036_22,/Users/nilakshanraveendran/Documents/research/data/raw/DRAL16kHz/fragments-short/EN_036_22.wav,/Users/nilakshanraveendran/Documents/research/data/raw/DRAL16kHz/fragments-short/ES_036_22.wav,Like in 15 minutes.,Como 15 minutos,train
EN_036_23__ES_036_23,2,2,true,EN_036_23,ES_036_23,/Users/nilakshanraveendran/Documents/research/data/raw/DRAL16kHz/fragments-short/EN_036_23.wav,/Users/nilakshanraveendran/Documents/research/data/raw/DRAL16kHz/fragments-short/ES_036_23.wav,and you come driving?,¿Y vienes tu manejando?,train
EN_036_24__ES_036_24,36,36,true,EN_036_24,ES_036_24,/Users/nilakshanraveendran/Documents/research/data/raw/DRAL16kHz/fragments-short/EN_036_24.wav,/Users/nilakshanraveendran/Documents/research/data/raw/DRAL16kHz/fragments-short/ES_036_24.wav,"Yeah, my dad always takes me because his job.","Sí, siempre me llevo a mi papá porque su trabajo",train
EN_036_25__ES_036_25,36,36,true,EN_036_25,ES_036_25,/Users/nilakshanraveendran/Documents/research/data/raw/DRAL16kHz/fragments-short/EN_036_25.wav,/Users/nilakshanraveendran/Documents/research/data/raw/DRAL16kHz/fragments-short/ES_036_25.wav,And so he takes me and then he just goes to his job.,Entonces él me lleva y luego él se va al trabajo.,train
EN_036_26__ES_036_26,2,2,true,EN_036_26,ES_036_26,/Users/nilakshanraveendran/Documents/research/data/raw/DRAL16kHz/fragments-short/EN_036_26.wav,/Users/nilakshanraveendran/Documents/research/data/raw/DRAL16kHz/fragments-short/ES_036_26.wav,"So today, how did you get here?",Así que hoy ¿cómo llegaste?,train
EN_036_27__ES_036_27,36,36,true,EN_036_27,ES_036_27,/Users/nilakshanraveendran/Documents/research/data/raw/DRAL16kHz/fragments-short/EN_036_27.wav,/Users/nilakshanraveendran/Documents/research/data/raw/DRAL16kHz/fragments-short/ES_036_27.wav,"Uh, my mom took me here.",eh me llevó mi mamá,train
EN_036_28__ES_036_28,2,2,true,EN_036_28,ES_036_28,/Users/nilakshanraveendran/Documents/research/data/raw/DRAL16kHz/fragments-short/EN_036_28.wav,/Users/nilakshanraveendran/Documents/research/data/raw/DRAL16kHz/fragments-short/ES_036_28.wav,"So then who would have cancelled, you would have came for nothing?","Así que si hubiera cancelado, ¿hubieras venido de oquis?...",train
EN_036_29__ES_036_29,36,36,true,EN_036_29,ES_036_29,/Users/nilakshanraveendran/Documents/research/data/raw/DRAL16kHz/fragments-short/EN_036_29.wav,/Users/nilakshanraveendran/Documents/research/data/raw/DRAL16kHz/fragments-short/ES_036_29.wav,Sometimes I take the bus if I don't. Yeah.,A veces me voy en bus si no tengo...,train
EN_036_2__ES_036_2,2,2,true,EN_036_2,ES_036_2,/Users/nilakshanraveendran/Documents/research/data/raw/DRAL16kHz/fragments-short/EN_036_2.wav,/Users/nilakshanraveendran/Documents/research/data/raw/DRAL16kHz/fragments-short/ES_036_2.wav,You shower here?,¿te bañas aquí?,train
EN_036_30__ES_036_30,2,2,true,EN_036_30,ES_036_30,/Users/nilakshanraveendran/Documents/research/data/raw/DRAL16kHz/fragments-short/EN_036_30.wav,/Users/nilakshanraveendran/Documents/research/data/raw/DRAL16kHz/fragments-short/ES_036_30.wav,do you have,a tu casa,train
EN_036_31__ES_036_31,36,36,true,EN_036_31,ES_036_31,/Users/nilakshanraveendran/Documents/research/data/raw/DRAL16kHz/fragments-short/EN_036_31.wav,/Users/nilakshanraveendran/Documents/research/data/raw/DRAL16kHz/fragments-short/ES_036_31.wav,C- can I ask why you don't sleep?,Pue-Puedo preguntar ¿por qué no puedes dormir?,train
EN_036_32__ES_036_32,36,36,true,EN_036_32,ES_036_32,/Users/nilakshanraveendran/Documents/research/data/raw/DRAL16kHz/fragments-short/EN_036_32.wav,/Users/nilakshanraveendran/Documents/research/data/raw/DRAL16kHz/fragments-short/ES_036_32.wav,"That's nothing, that's nothing for sleep.",Eso es nada. Eso es nada de-de dormir.,train
EN_036_3__ES_036_3,36,36,true,EN_036_3,ES_036_3,/Users/nilakshanraveendran/Documents/research/data/raw/DRAL16kHz/fragments-short/EN_036_3.wav,/Users/nilakshanraveendran/Documents/research/data/raw/DRAL16kHz/fragments-short/ES_036_3.wav,"Every Monday I go to the rec, I go to the gym.","Cada lunes me voy al gimnasio, me voy al rec.",train
EN_036_4__ES_036_4,36,36,true,EN_036_4,ES_036_4,/Users/nilakshanraveendran/Documents/research/data/raw/DRAL16kHz/fragments-short/EN_036_4.wav,/Users/nilakshanraveendran/Documents/research/data/raw/DRAL16kHz/fragments-short/ES_036_4.wav,So every day it's a different type of exercise.,entonces cada día es- es cada diferente ejercicio,train
EN_036_5__ES_036_5,36,36,true,EN_036_5,ES_036_5,/Users/nilakshanraveendran/Documents/research/data/raw/DRAL16kHz/fragments-short/EN_036_5.wav,/Users/nilakshanraveendran/Documents/research/data/raw/DRAL16kHz/fragments-short/ES_036_5.wav,I do the arms and I also do the- the weights.,si hago los brazos y también hago pesas,train
EN_036_6__ES_036_6,36,36,true,EN_036_6,ES_036_6,/Users/nilakshanraveendran/Documents/research/data/raw/DRAL16kHz/fragments-short/EN_036_6.wav,/Users/nilakshanraveendran/Documents/research/data/raw/DRAL16kHz/fragments-short/ES_036_6.wav,I wake up at around 6.,Me despierto como a las 6.,train
EN_036_7__ES_036_7,36,36,true,EN_036_7,ES_036_7,/Users/nilakshanraveendran/Documents/research/data/raw/DRAL16kHz/fragments-short/EN_036_7.wav,/Users/nilakshanraveendran/Documents/research/data/raw/DRAL16kHz/fragments-short/ES_036_7.wav,And then I go to school at 7.,y voy a la escuela a las 7,train
EN_036_8__ES_036_8,36,36,true,EN_036_8,ES_036_8,/Users/nilakshanraveendran/Documents/research/data/raw/DRAL16kHz/fragments-short/EN_036_8.wav,/Users/nilakshanraveendran/Documents/research/data/raw/DRAL16kHz/fragments-short/ES_036_8.wav,because I don't have my first class up until 12.,Porque no tengo mi- mi- mi primera clase hasta las 12.,train
EN_036_9__ES_036_9,36,36,true,EN_036_9,ES_036_9,/Users/nilakshanraveendran/Documents/research/data/raw/DRAL16kHz/fragments-short/EN_036_9.wav,/Users/nilakshanraveendran/Documents/research/data/raw/DRAL16kHz/fragments-short/ES_036_9.wav,"And then once it's over, I- I go back to the library or we go to eat.",Y luego ya cuando se termina otra vez voy al rec voy a la biblioteca o vamos a comer.,train
EN_037_10__ES_037_10,36,36,true,EN_037_10,ES_037_10,/Users/nilakshanraveendran/Documents/research/data/raw/DRAL16kHz/fragments-short/EN_037_10.wav,/Users/nilakshanraveendran/Documents/research/data/raw/DRAL16kHz/fragments-short/ES_037_10.wav,Where did it switch?,¿Por qué se cambió?,train
EN_037_11__ES_037_11,36,36,true,EN_037_11,ES_037_11,/Users/nilakshanraveendran/Documents/research/data/raw/DRAL16kHz/fragments-short/EN_037_11.wav,/Users/nilakshanraveendran/Documents/research/data/raw/DRAL16kHz/fragments-short/ES_037_11.wav,"And the sisters had school, as well?",¿Y también las hermanas tenían escuela?,train
EN_037_12__ES_037_12,37,37,true,EN_037_12,ES_037_12,/Users/nilakshanraveendran/Documents/research/data/raw/DRAL16kHz/fragments-short/EN_037_12.wav,/Users/nilakshanraveendran/Documents/research/data/raw/DRAL16kHz/fragments-short/ES_037_12.wav,They got out first and then we went to something.,Ellas salieron antes y- y fuimos a algo.,dev
EN_037_13__ES_037_13,37,37,true,EN_037_13,ES_037_13,/Users/nilakshanraveendran/Documents/research/data/raw/DRAL16kHz/fragments-short/EN_037_13.wav,/Users/nilakshanraveendran/Documents/research/data/raw/DRAL16kHz/fragments-short/ES_037_13.wav,It was with some friends that I had from school before.,que era con unos amigos de antes que tenía de la escuela,dev
EN_037_14__ES_037_14,37,37,true,EN_037_14,ES_037_14,/Users/nilakshanraveendran/Documents/research/data/raw/DRAL16kHz/fragments-short/EN_037_14.wav,/Users/nilakshanraveendran/Documents/research/data/raw/DRAL16kHz/fragments-short/ES_037_14.wav,"and these friends, I thought I was closer with them.","Y estos amigos, o sea, según yo era muy amigo con ellos",dev
EN_037_15__ES_037_15,36,36,true,EN_037_15,ES_037_15,/Users/nilakshanraveendran/Documents/research/data/raw/DRAL16kHz/fragments-short/EN_037_15.wav,/Users/nilakshanraveendran/Documents/research/data/raw/DRAL16kHz/fragments-short/ES_037_15.wav,With- with- with who?,con- con ¿quiénes?,train
EN_037_16__ES_037_16,37,37,true,EN_037_16,ES_037_16,/Users/nilakshanraveendran/Documents/research/data/raw/DRAL16kHz/fragments-short/EN_037_16.wav,/Users/nilakshanraveendran/Documents/research/data/raw/DRAL16kHz/fragments-short/ES_037_16.wav,And after that we came back.,ya después de ahí nos regresamos y así,dev
EN_037_17__ES_037_17,37,37,true,EN_037_17,ES_037_17,/Users/nilakshanraveendran/Documents/research/data/raw/DRAL16kHz/fragments-short/EN_037_17.wav,/Users/nilakshanraveendran/Documents/research/data/raw/DRAL16kHz/fragments-short/ES_037_17.wav,And so like the twins in Haiti left me in the apartment so I could wait for Mauri.,O sea como que las gemelas y- y Gedi como que después de eso me dejaron ahí en el departamento para esperar a Mauri,dev
EN_037_18__ES_037_18,37,37,true,EN_037_18,ES_037_18,/Users/nilakshanraveendran/Documents/research/data/raw/DRAL16kHz/fragments-short/EN_037_18.wav,/Users/nilakshanraveendran/Documents/research/data/raw/DRAL16kHz/fragments-short/ES_037_18.wav,"And so they went in and I told them I would go inside, but I was talking to someone about something important.",Y pues se metieron y les dije que ahorita entraba Que estaba hablando así algo Así muy importante,dev
EN_037_19__ES_037_19,36,36,true,EN_037_19,ES_037_19,/Users/nilakshanraveendran/Documents/research/data/raw/DRAL16kHz/fragments-short/EN_037_19.wav,/Users/nilakshanraveendran/Documents/research/data/raw/DRAL16kHz/fragments-short/ES_037_19.wav,So you went alone? You didn't go with your parents?,¿Tú te fuiste solo? ¿No- no- no fuiste con tus papás?,train
EN_037_1__ES_037_1,37,37,true,EN_037_1,ES_037_1,/Users/nilakshanraveendran/Documents/research/data/raw/DRAL16kHz/fragments-short/EN_037_1.wav,/Users/nilakshanraveendran/Documents/research/data/raw/DRAL16kHz/fragments-short/ES_037_1.wav,"Swanson picked me up from the airport and she took me to Mauricio's, um, apartment.",Me recogió Sansón del aeropuerto y me llevó al departamento de Mauricio.,dev
EN_037_20__ES_037_20,37,37,true,EN_037_20,ES_037_20,/Users/nilakshanraveendran/Documents/research/data/raw/DRAL16kHz/fragments-short/EN_037_20.wav,/Users/nilakshanraveendran/Documents/research/data/raw/DRAL16kHz/fragments-short/ES_037_20.wav,"Oh, we went to go eat pizzas.","Fuimos de que a unas, unas pizzas y así",dev
EN_037_21__ES_037_21,37,37,true,EN_037_21,ES_037_21,/Users/nilakshanraveendran/Documents/research/data/raw/DRAL16kHz/fragments-short/EN_037_21.wav,/Users/nilakshanraveendran/Documents/research/data/raw/DRAL16kHz/fragments-short/ES_037_21.wav,and they were pretty good actually.,Que están muy buenas de hecho,dev
EN_037_22__ES_037_22,37,37,true,EN_037_22,ES_037_22,/Users/nilakshanraveendran/Documents/research/data/raw/DRAL16kHz/fragments-short/EN_037_22.wav,/Users/nilakshanraveendran/Documents/research/data/raw/DRAL16kHz/fragments-short/ES_037_22.wav,"Well, Thursday was probably the best one out of all of them, or maybe Friday.","Bueno, el jueves a lo mejor fue el mejor de todos o el viernes",dev
EN_037_23__ES_037_23,37,37,true,EN_037_23,ES_037_23,/Users/nilakshanraveendran/Documents/research/data/raw/DRAL16kHz/fragments-short/EN_037_23.wav,/Users/nilakshanraveendran/Documents/research/data/raw/DRAL16kHz/fragments-short/ES_037_23.wav,It turns out we love the tickets in the- in the restaurant.,"Y resulta que las dejamos ahí en el, en el restaurante de las entradas",dev
EN_037_24__ES_037_24,36,36,true,EN_037_24,ES_037_24,/Users/nilakshanraveendran/Documents/research/data/raw/DRAL16kHz/fragments-short/EN_037_24.wav,/Users/nilakshanraveendran/Documents/research/data/raw/DRAL16kHz/fragments-short/ES_037_24.wav,"Oh, and you didn't notice.",Y no se dieron cuenta.,train
EN_037_25__ES_037_25,37,37,true,EN_037_25,ES_037_25,/Users/nilakshanraveendran/Documents/research/data/raw/DRAL16kHz/fragments-short/EN_037_25.wav,/Users/nilakshanraveendran/Documents/research/data/raw/DRAL16kHz/fragments-short/ES_037_25.wav,"Oh no no, we didn't notice because we were talking or something.","No- no- no- no nos dimos cuenta, no sé si porque íbamos platicando o algo así, pero...",dev
EN_037_26__ES_037_26,37,37,true,EN_037_26,ES_037_26,/Users/nilakshanraveendran/Documents/research/data/raw/DRAL16kHz/fragments-short/EN_037_26.wav,/Users/nilakshanraveendran/Documents/research/data/raw/DRAL16kHz/fragments-short/ES_037_26.wav,So they left me and Mauriz said that,Me dejaron y en lo que sale en Mauri me dice que...,dev
EN_037_27__ES_037_27,37,37,true,EN_037_27,ES_037_27,/Users/nilakshanraveendran/Documents/research/data/raw/DRAL16kHz/fragments-short/EN_037_27.wav,/Users/nilakshanraveendran/Documents/research/data/raw/DRAL16kHz/fragments-short/ES_037_27.wav,"No, he asked me if I saw the tickets in the house or in the- the apartment.",Me pregunta que si yo vi los boletos en la casa o en el departamento y los...,dev
EN_037_28__ES_037_28,37,37,true,EN_037_28,ES_037_28,/Users/nilakshanraveendran/Documents/research/data/raw/DRAL16kHz/fragments-short/EN_037_28.wav,/Users/nilakshanraveendran/Documents/research/data/raw/DRAL16kHz/fragments-short/ES_037_28.wav,"I mean yeah, I mean I don't remember but I think I saw them","le digo pues sí, o sea yo no me acuerdo pero pues yo digo que sí están",dev
EN_037_29__ES_037_29,37,37,true,EN_037_29,ES_037_29,/Users/nilakshanraveendran/Documents/research/data/raw/DRAL16kHz/fragments-short/EN_037_29.wav,/Users/nilakshanraveendran/Documents/research/data/raw/DRAL16kHz/fragments-short/ES_037_29.wav,And none of us really knew if we saw them or not.,Y ni uno de los dos sabía si de verdad sí los habíamos visto o no,dev
EN_037_2__ES_037_2,37,37,true,EN_037_2,ES_037_2,/Users/nilakshanraveendran/Documents/research/data/raw/DRAL16kHz/fragments-short/EN_037_2.wav,/Users/nilakshanraveendran/Documents/research/data/raw/DRAL16kHz/fragments-short/ES_037_2.wav,So I got to his apartment and he was at school.,y pues llegué a su departamento y él estaba en la escuela,dev
EN_037_30__ES_037_30,37,37,true,EN_037_30,ES_037_30,/Users/nilakshanraveendran/Documents/research/data/raw/DRAL16kHz/fragments-short/EN_037_30.wav,/Users/nilakshanraveendran/Documents/research/data/raw/DRAL16kHz/fragments-short/ES_037_30.wav,and we got there and- and they weren't there?,y llegamos y no estaban,dev
EN_037_3__ES_037_3,37,37,true,EN_037_3,ES_037_3,/Users/nilakshanraveendran/Documents/research/data/raw/DRAL16kHz/fragments-short/EN_037_3.wav,/Users/nilakshanraveendran/Documents/research/data/raw/DRAL16kHz/fragments-short/ES_037_3.wav,and then he left the keys for the apartment,Entonces me dejó las llaves del departamento,dev
EN_037_4__ES_037_4,37,37,true,EN_037_4,ES_037_4,/Users/nilakshanraveendran/Documents/research/data/raw/DRAL16kHz/fragments-short/EN_037_4.wav,/Users/nilakshanraveendran/Documents/research/data/raw/DRAL16kHz/fragments-short/ES_037_4.wav,And then I stayed there for like two hours and then he came in.,y ya como que me quedé ahí un- unas dos horas y luego llegó,dev
EN_037_5__ES_037_5,36,36,true,EN_037_5,ES_037_5,/Users/nilakshanraveendran/Documents/research/data/raw/DRAL16kHz/fragments-short/EN_037_5.wav,/Users/nilakshanraveendran/Documents/research/data/raw/DRAL16kHz/fragments-short/ES_037_5.wav,"Oh okay, and did you like it?","Ah, ok. ¿Y te gustó?",train
EN_037_6__ES_037_6,36,36,true,EN_037_6,ES_037_6,/Users/nilakshanraveendran/Documents/research/data/raw/DRAL16kHz/fragments-short/EN_037_6.wav,/Users/nilakshanraveendran/Documents/research/data/raw/DRAL16kHz/fragments-short/ES_037_6.wav,Which one did you guys see?,¿Cuál vieron?,train
EN_037_7__ES_037_7,37,37,true,EN_037_7,ES_037_7,/Users/nilakshanraveendran/Documents/research/data/raw/DRAL16kHz/fragments-short/EN_037_7.wav,/Users/nilakshanraveendran/Documents/research/data/raw/DRAL16kHz/fragments-short/ES_037_7.wav,So they left and Mauri and I stayed alone,Como que se fueron y nos quedamos el Mauri y yo solos,dev
EN_037_8__ES_037_8,37,37,true,EN_037_8,ES_037_8,/Users/nilakshanraveendran/Documents/research/data/raw/DRAL16kHz/fragments-short/EN_037_8.wav,/Users/nilakshanraveendran/Documents/research/data/raw/DRAL16kHz/fragments-short/ES_037_8.wav,The concert was supposed to be that day,Se supone que ese día iba a ser el concierto,dev
EN_037_9__ES_037_9,37,37,true,EN_037_9,ES_037_9,/Users/nilakshanraveendran/Documents/research/data/raw/DRAL16kHz/fragments-short/EN_037_9.wav,/Users/nilakshanraveendran/Documents/research/data/raw/DRAL16kHz/fragments-short/ES_037_9.wav,"but no, it got switched to Thursday","Pero siempre no, se cambió al jueves.",dev
EN_038_10__ES_038_10,38,38,true,EN_038_10,ES_038_10,/Users/nilakshanraveendran/Documents/research/data/raw/DRAL16kHz/fragments-short/EN_038_10.wav,/Users/nilakshanraveendran/Documents/research/data/raw/DRAL16kHz/fragments-short/ES_038_10.wav,"So it's you, your parents, and your... You said brother, right?","Así que... Son tus papás, tú y tu her- her- dijiste hermano, ¿verdad?",train
EN_038_11__ES_038_11,38,38,true,EN_038_11,ES_038_11,/Users/nilakshanraveendran/Documents/research/data/raw/DRAL16kHz/fragments-short/EN_038_11.wav,/Users/nilakshanraveendran/Documents/research/data/raw/DRAL16kHz/fragments-short/ES_038_11.wav,"2020, and he graduated 2022, 2021?","En 2020, y se- el se graduó en 2022, 2021.",train
EN_038_12__ES_038_12,32,32,true,EN_038_12,ES_038_12,/Users/nilakshanraveendran/Documents/research/data/raw/DRAL16kHz/fragments-short/EN_038_12.wav,/Users/nilakshanraveendran/Documents/research/data/raw/DRAL16kHz/fragments-short/ES_038_12.wav,"Yeah, no, he went all the way to Austin.","No, es que él se fue hasta Austin.",train
EN_038_13__ES_038_13,38,38,true,EN_038_13,ES_038_13,/Users/nilakshanraveendran/Documents/research/data/raw/DRAL16kHz/fragments-short/EN_038_13.wav,/Users/nilakshanraveendran/Documents/research/data/raw/DRAL16kHz/fragments-short/ES_038_13.wav,"Aw, that's good. That's good that he left.","Ah que bueno, ah, lo bueno que se fue",train
EN_038_14__ES_038_14,32,32,true,EN_038_14,ES_038_14,/Users/nilakshanraveendran/Documents/research/data/raw/DRAL16kHz/fragments-short/EN_038_14.wav,/Users/nilakshanraveendran/Documents/research/data/raw/DRAL16kHz/fragments-short/ES_038_14.wav,We live in a duplex.,Vivimos en un duplex.,train
EN_038_15__ES_038_15,32,32,true,EN_038_15,ES_038_15,/Users/nilakshanraveendran/Documents/research/data/raw/DRAL16kHz/fragments-short/EN_038_15.wav,/Users/nilakshanraveendran/Documents/research/data/raw/DRAL16kHz/fragments-short/ES_038_15.wav,"Yeah, it's a small house.",Entonces es una casa chiquita,train
EN_038_16__ES_038_16,32,32,true,EN_038_16,ES_038_16,/Users/nilakshanraveendran/Documents/research/data/raw/DRAL16kHz/fragments-short/EN_038_16.wav,/Users/nilakshanraveendran/Documents/research/data/raw/DRAL16kHz/fragments-short/ES_038_16.wav,There's not a lot in the walls.,No hay tanto en los muros.,train
EN_038_17__ES_038_17,32,32,true,EN_038_17,ES_038_17,/Users/nilakshanraveendran/Documents/research/data/raw/DRAL16kHz/fragments-short/EN_038_17.wav,/Users/nilakshanraveendran/Documents/research/data/raw/DRAL16kHz/fragments-short/ES_038_17.wav,The walls are white.,Eh son los muros blancos.,train
EN_038_18__ES_038_18,32,32,true,EN_038_18,ES_038_18,/Users/nilakshanraveendran/Documents/research/data/raw/DRAL16kHz/fragments-short/EN_038_18.wav,/Users/nilakshanraveendran/Documents/research/data/raw/DRAL16kHz/fragments-short/ES_038_18.wav,"The 3D televisions, when you put on the glasses.",las televisiones de 3D que te pones los lentes,train
EN_038_19__ES_038_19,32,32,true,EN_038_19,ES_038_19,/Users/nilakshanraveendran/Documents/research/data/raw/DRAL16kHz/fragments-short/EN_038_19.wav,/Users/nilakshanraveendran/Documents/research/data/raw/DRAL16kHz/fragments-short/ES_038_19.wav,"We don't use it, but...","No- no lo usamos, pero...",train
EN_038_1__ES_038_1,32,32,true,EN_038_1,ES_038_1,/Users/nilakshanraveendran/Documents/research/data/raw/DRAL16kHz/fragments-short/EN_038_1.wav,/Users/nilakshanraveendran/Documents/research/data/raw/DRAL16kHz/fragments-short/ES_038_1.wav,I shared a room with my brother.,Yo compartía un cuarto con mi hermano.,train
EN_038_20__ES_038_20,38,38,true,EN_038_20,ES_038_20,/Users/nilakshanraveendran/Documents/research/data/raw/DRAL16kHz/fragments-short/EN_038_20.wav,/Users/nilakshanraveendran/Documents/research/data/raw/DRAL16kHz/fragments-short/ES_038_20.wav,"Ah okay, you guys don't wanna watch everything in 3D.","Ah, ok, no quierien ver todo en 3D",train
EN_038_21__ES_038_21,32,32,true,EN_038_21,ES_038_21,/Users/nilakshanraveendran/Documents/research/data/raw/DRAL16kHz/fragments-short/EN_038_21.wav,/Users/nilakshanraveendran/Documents/research/data/raw/DRAL16kHz/fragments-short/ES_038_21.wav,to put what I have on my laptop,para poner lo que tengo en mi laptop.,train
EN_038_22__ES_038_22,32,32,true,EN_038_22,ES_038_22,/Users/nilakshanraveendran/Documents/research/data/raw/DRAL16kHz/fragments-short/EN_038_22.wav,/Users/nilakshanraveendran/Documents/research/data/raw/DRAL16kHz/fragments-short/ES_038_22.wav,"I have a closet, and a wardrobe, and",bueno tengo un closet y luego tengo el como armario del buró,train
EN_038_23__ES_038_23,32,32,true,EN_038_23,ES_038_23,/Users/nilakshanraveendran/Documents/research/data/raw/DRAL16kHz/fragments-short/EN_038_23.wav,/Users/nilakshanraveendran/Documents/research/data/raw/DRAL16kHz/fragments-short/ES_038_23.wav,"It has my clothes, but it also has my","Tiene mi ropa, pero también tiene mis pinturas.",train
EN_038_24__ES_038_24,32,32,true,EN_038_24,ES_038_24,/Users/nilakshanraveendran/Documents/research/data/raw/DRAL16kHz/fragments-short/EN_038_24.wav,/Users/nilakshanraveendran/Documents/research/data/raw/DRAL16kHz/fragments-short/ES_038_24.wav,"also the- the career that i would have liked, it's not here at utep",También la- la carrera que me hubiera gustado no- no está aquí en UTEP.,train
EN_038_25__ES_038_25,32,32,true,EN_038_25,ES_038_25,/Users/nilakshanraveendran/Documents/research/data/raw/DRAL16kHz/fragments-short/EN_038_25.wav,/Users/nilakshanraveendran/Documents/research/data/raw/DRAL16kHz/fragments-short/ES_038_25.wav,Amen.,Gracias.,train
EN_038_26__ES_038_26,32,32,true,EN_038_26,ES_038_26,/Users/nilakshanraveendran/Documents/research/data/raw/DRAL16kHz/fragments-short/EN_038_26.wav,/Users/nilakshanraveendran/Documents/research/data/raw/DRAL16kHz/fragments-short/ES_038_26.wav,because of the pandemic i didn't- i didn't continue with art,"Pero ya como pasó la pandemia, ya también, ya no seguí tanto con lo de arte, tanto.",train
EN_038_2__ES_038_2,32,32,true,EN_038_2,ES_038_2,/Users/nilakshanraveendran/Documents/research/data/raw/DRAL16kHz/fragments-short/EN_038_2.wav,/Users/nilakshanraveendran/Documents/research/data/raw/DRAL16kHz/fragments-short/ES_038_2.wav,So then there's two beds.,Entonces hay dos camas.,train
EN_038_3__ES_038_3,32,32,true,EN_038_3,ES_038_3,/Users/nilakshanraveendran/Documents/research/data/raw/DRAL16kHz/fragments-short/EN_038_3.wav,/Users/nilakshanraveendran/Documents/research/data/raw/DRAL16kHz/fragments-short/ES_038_3.wav,I have the room to myself.,Tengo el cuarto yo sola.,train
EN_038_4__ES_038_4,38,38,true,EN_038_4,ES_038_4,/Users/nilakshanraveendran/Documents/research/data/raw/DRAL16kHz/fragments-short/EN_038_4.wav,/Users/nilakshanraveendran/Documents/research/data/raw/DRAL16kHz/fragments-short/ES_038_4.wav,Do you still have bunk beds?,¿Tienes literas todavía?,train
EN_038_5__ES_038_5,32,32,true,EN_038_5,ES_038_5,/Users/nilakshanraveendran/Documents/research/data/raw/DRAL16kHz/fragments-short/EN_038_5.wav,/Users/nilakshanraveendran/Documents/research/data/raw/DRAL16kHz/fragments-short/ES_038_5.wav,"Oh no no no, um it's two different beds.","Oh no no no, son dos camas diferentes",train
EN_038_6__ES_038_6,38,38,true,EN_038_6,ES_038_6,/Users/nilakshanraveendran/Documents/research/data/raw/DRAL16kHz/fragments-short/EN_038_6.wav,/Users/nilakshanraveendran/Documents/research/data/raw/DRAL16kHz/fragments-short/ES_038_6.wav,"It's because when I think of two persons- two people sharing a room, I think: bunk beds.","Es que cuando pienso en dos gente- dos personas compartiendo un cuarto, pienso literas.",train
EN_038_7__ES_038_7,32,32,true,EN_038_7,ES_038_7,/Users/nilakshanraveendran/Documents/research/data/raw/DRAL16kHz/fragments-short/EN_038_7.wav,/Users/nilakshanraveendran/Documents/research/data/raw/DRAL16kHz/fragments-short/ES_038_7.wav,"Yes, the thing is my house only has two rooms.",Si es que en mi casa solo hay dos cuartos.,train
EN_038_8__ES_038_8,32,32,true,EN_038_8,ES_038_8,/Users/nilakshanraveendran/Documents/research/data/raw/DRAL16kHz/fragments-short/EN_038_8.wav,/Users/nilakshanraveendran/Documents/research/data/raw/DRAL16kHz/fragments-short/ES_038_8.wav,"We were growing up, so they left us the larger room.","Ya estábamos creciendo, nos dejaron el cuarto más grande.",train
EN_038_9__ES_038_9,38,38,true,EN_038_9,ES_038_9,/Users/nilakshanraveendran/Documents/research/data/raw/DRAL16kHz/fragments-short/EN_038_9.wav,/Users/nilakshanraveendran/Documents/research/data/raw/DRAL16kHz/fragments-short/ES_038_9.wav,"So, you live with your parents?","Así que, ¿vives tú con tus papás?",train
EN_039_10__ES_039_10,39,39,true,EN_039_10,ES_039_10,/Users/nilakshanraveendran/Documents/research/data/raw/DRAL16kHz/fragments-short/EN_039_10.wav,/Users/nilakshanraveendran/Documents/research/data/raw/DRAL16kHz/fragments-short/ES_039_10.wav,You can use that time to be with friends.,Puedes dedicar ese tiempo para estar con amigos.,dev
EN_039_11__ES_039_11,39,39,true,EN_039_11,ES_039_11,/Users/nilakshanraveendran/Documents/research/data/raw/DRAL16kHz/fragments-short/EN_039_11.wav,/Users/nilakshanraveendran/Documents/research/data/raw/DRAL16kHz/fragments-short/ES_039_11.wav,It's one of the- of the stage that I think isn't one of the nicest.,"Es una de las etapas, pues, considero más bonitas.",dev
EN_039_12__ES_039_12,39,39,true,EN_039_12,ES_039_12,/Users/nilakshanraveendran/Documents/research/data/raw/DRAL16kHz/fragments-short/EN_039_12.wav,/Users/nilakshanraveendran/Documents/research/data/raw/DRAL16kHz/fragments-short/ES_039_12.wav,"I don't know, I kind of disagree.","No sé, en esa parte no lo, no coincido.",dev
EN_039_13__ES_039_13,39,39,true,EN_039_13,ES_039_13,/Users/nilakshanraveendran/Documents/research/data/raw/DRAL16kHz/fragments-short/EN_039_13.wav,/Users/nilakshanraveendran/Documents/research/data/raw/DRAL16kHz/fragments-short/ES_039_13.wav,"yes it's like saying that, no, only time with me, and you can't go out, so that's- that's a big no","si es muy decía decir, no, solo, solo te quedas conmigo y no mas conmigo y no sales, entonces pues no.",dev
EN_039_14__ES_039_14,39,39,true,EN_039_14,ES_039_14,/Users/nilakshanraveendran/Documents/research/data/raw/DRAL16kHz/fragments-short/EN_039_14.wav,/Users/nilakshanraveendran/Documents/research/data/raw/DRAL16kHz/fragments-short/ES_039_14.wav,"It's better have- to have someone more flexible, right? So someone that spends more time with your family, your friends.","Mejor una persona que es flexible y se puede llevar bien con tu familia, se puede llevar bien con tus amigos.",dev
EN_039_15__ES_039_15,39,39,true,EN_039_15,ES_039_15,/Users/nilakshanraveendran/Documents/research/data/raw/DRAL16kHz/fragments-short/EN_039_15.wav,/Users/nilakshanraveendran/Documents/research/data/raw/DRAL16kHz/fragments-short/ES_039_15.wav,not being jealous.,no es en sí tan celoso.,dev
EN_039_16__ES_039_16,39,39,true,EN_039_16,ES_039_16,/Users/nilakshanraveendran/Documents/research/data/raw/DRAL16kHz/fragments-short/EN_039_16.wav,/Users/nilakshanraveendran/Documents/research/data/raw/DRAL16kHz/fragments-short/ES_039_16.wav,"For example, let's say he says, I don't want you to spend time with your friends, because...",No puedo salir con mis amigos porque...,dev
EN_039_17__ES_039_17,39,39,true,EN_039_17,ES_039_17,/Users/nilakshanraveendran/Documents/research/data/raw/DRAL16kHz/fragments-short/EN_039_17.wav,/Users/nilakshanraveendran/Documents/research/data/raw/DRAL16kHz/fragments-short/ES_039_17.wav,"you wanna- I wanna be with you, or your family because I wanna be with you",por qué voy a salir con mi novio. O no puedo hacer mi tarea por qué voy a salir con mi novio.,dev
EN_039_18__ES_039_18,39,39,true,EN_039_18,ES_039_18,/Users/nilakshanraveendran/Documents/research/data/raw/DRAL16kHz/fragments-short/EN_039_18.wav,/Users/nilakshanraveendran/Documents/research/data/raw/DRAL16kHz/fragments-short/ES_039_18.wav,it will all depend on- on get to know the person,"e- es mas bien, mucho depende de cómo conocer a la persona.",dev
EN_039_19__ES_039_19,39,39,true,EN_039_19,ES_039_19,/Users/nilakshanraveendran/Documents/research/data/raw/DRAL16kHz/fragments-short/EN_039_19.wav,/Users/nilakshanraveendran/Documents/research/data/raw/DRAL16kHz/fragments-short/ES_039_19.wav,the healthiest relationships that had ever exist.,Las relaciones más sanas que han existido.,dev
EN_039_1__ES_039_1,39,39,true,EN_039_1,ES_039_1,/Users/nilakshanraveendran/Documents/research/data/raw/DRAL16kHz/fragments-short/EN_039_1.wav,/Users/nilakshanraveendran/Documents/research/data/raw/DRAL16kHz/fragments-short/ES_039_1.wav,"Uh, well, I think that having a relationship in u- university is...",Um pues yo creo que el tener una relación estando en la universidad es...,dev
EN_039_20__ES_039_20,39,39,true,EN_039_20,ES_039_20,/Users/nilakshanraveendran/Documents/research/data/raw/DRAL16kHz/fragments-short/EN_039_20.wav,/Users/nilakshanraveendran/Documents/research/data/raw/DRAL16kHz/fragments-short/ES_039_20.wav,you get to know: how is that person not just the nicest part.,"Conoces en sí cómo es esa persona, no solo su parte bonita.",dev
EN_039_21__ES_039_21,39,39,true,EN_039_21,ES_039_21,/Users/nilakshanraveendran/Documents/research/data/raw/DRAL16kHz/fragments-short/EN_039_21.wav,/Users/nilakshanraveendran/Documents/research/data/raw/DRAL16kHz/fragments-short/ES_039_21.wav,because a person that is dedicating the- their time to college,"Porque una persona que, por ejemplo, se está dedicando al colegio,",dev
EN_039_22__ES_039_22,39,39,true,EN_039_22,ES_039_22,/Users/nilakshanraveendran/Documents/research/data/raw/DRAL16kHz/fragments-short/EN_039_22.wav,/Users/nilakshanraveendran/Documents/research/data/raw/DRAL16kHz/fragments-short/ES_039_22.wav,"can dedicate their time to you, but also",puede dedicarte tu tiempo a ti pero también,dev
EN_039_23__ES_039_23,39,39,true,EN_039_23,ES_039_23,/Users/nilakshanraveendran/Documents/research/data/raw/DRAL16kHz/fragments-short/EN_039_23.wav,/Users/nilakshanraveendran/Documents/research/data/raw/DRAL16kHz/fragments-short/ES_039_23.wav,"that has a lot of goals and has their future planned, do- don't want to be a bother","de que tiene muchas metas y tiene mucho futuro, al principio no quiere también ser un estorbo.",dev
EN_039_24__ES_039_24,39,39,true,EN_039_24,ES_039_24,/Users/nilakshanraveendran/Documents/research/data/raw/DRAL16kHz/fragments-short/EN_039_24.wav,/Users/nilakshanraveendran/Documents/research/data/raw/DRAL16kHz/fragments-short/ES_039_24.wav,"and vice versa, also.",o viceversa también,dev
EN_039_25__ES_039_25,39,39,true,EN_039_25,ES_039_25,/Users/nilakshanraveendran/Documents/research/data/raw/DRAL16kHz/fragments-short/EN_039_25.wav,/Users/nilakshanraveendran/Documents/research/data/raw/DRAL16kHz/fragments-short/ES_039_25.wav,"Sometimes with their friends nothing happens, because","Muchas veces cuando unos son amigos, nun- nunca pasa nada porque...",dev
EN_039_26__ES_039_26,39,39,true,EN_039_26,ES_039_26,/Users/nilakshanraveendran/Documents/research/data/raw/DRAL16kHz/fragments-short/EN_039_26.wav,/Users/nilakshanraveendran/Documents/research/data/raw/DRAL16kHz/fragments-short/ES_039_26.wav,has a fear of breaking the relationship and not be able to talk like they used to.,tiene ese miedo de que se va a romper la amistad y ya nunca me va a poder hablar como antes nos hablábamos.,dev
EN_039_27__ES_039_27,39,39,true,EN_039_27,ES_039_27,/Users/nilakshanraveendran/Documents/research/data/raw/DRAL16kHz/fragments-short/EN_039_27.wav,/Users/nilakshanraveendran/Documents/research/data/raw/DRAL16kHz/fragments-short/ES_039_27.wav,"and there's the gossip, and then something bad happens, so.",Y ahí los chismes y pasa muy mal. Así que...,dev
EN_039_28__ES_039_28,39,39,true,EN_039_28,ES_039_28,/Users/nilakshanraveendran/Documents/research/data/raw/DRAL16kHz/fragments-short/EN_039_28.wav,/Users/nilakshanraveendran/Documents/research/data/raw/DRAL16kHz/fragments-short/ES_039_28.wav,"after all of that months if they keep being the same person, well maybe.","después de todos esos meses si sigue siendo la misma, pues tal vez.",dev
EN_039_29__ES_039_29,39,39,true,EN_039_29,ES_039_29,/Users/nilakshanraveendran/Documents/research/data/raw/DRAL16kHz/fragments-short/EN_039_29.wav,/Users/nilakshanraveendran/Documents/research/data/raw/DRAL16kHz/fragments-short/ES_039_29.wav,"they keep being the same, uh, in their relationship.","Sigue, siga siendo la misma durante la relación.",dev
EN_039_2__ES_039_2,39,39,true,EN_039_2,ES_039_2,/Users/nilakshanraveendran/Documents/research/data/raw/DRAL16kHz/fragments-short/EN_039_2.wav,/Users/nilakshanraveendran/Documents/research/data/raw/DRAL16kHz/fragments-short/ES_039_2.wav,takes out a lot of your time,Te quita mucho tiempo.,dev
EN_039_30__ES_039_30,39,39,true,EN_039_30,ES_039_30,/Users/nilakshanraveendran/Documents/research/data/raw/DRAL16kHz/fragments-short/EN_039_30.wav,/Users/nilakshanraveendran/Documents/research/data/raw/DRAL16kHz/fragments-short/ES_039_30.wav,They can be things that you're not okay with.,Puede haber ciertas cositas que no son mucho de tu agrado.,dev
EN_039_31__ES_039_31,39,39,true,EN_039_31,ES_039_31,/Users/nilakshanraveendran/Documents/research/data/raw/DRAL16kHz/fragments-short/EN_039_31.wav,/Users/nilakshanraveendran/Documents/research/data/raw/DRAL16kHz/fragments-short/ES_039_31.wav,"But in the future, it can turn into an argument.",pero en un futuro se puede volver algo que ya va a ser tema de pelea.,dev
EN_039_32__ES_039_32,39,39,true,EN_039_32,ES_039_32,/Users/nilakshanraveendran/Documents/research/data/raw/DRAL16kHz/fragments-short/EN_039_32.wav,/Users/nilakshanraveendran/Documents/research/data/raw/DRAL16kHz/fragments-short/ES_039_32.wav,"So I think that's another point, and...",Entonces ese creo que es otro punto y...,dev
EN_039_3__ES_039_3,39,39,true,EN_039_3,ES_039_3,/Users/nilakshanraveendran/Documents/research/data/raw/DRAL16kHz/fragments-short/EN_039_3.wav,/Users/nilakshanraveendran/Documents/research/data/raw/DRAL16kHz/fragments-short/ES_039_3.wav,time that you can be using to do your homeworks.,eh tiempo en el que puedes estar ocupando para hacer tus tareas.,dev
EN_039_4__ES_039_4,39,39,true,EN_039_4,ES_039_4,/Users/nilakshanraveendran/Documents/research/data/raw/DRAL16kHz/fragments-short/EN_039_4.wav,/Users/nilakshanraveendran/Documents/research/data/raw/DRAL16kHz/fragments-short/ES_039_4.wav,and that you can also be using to study.,tiempo que puedes estar ocupando para estudiar.,dev
EN_039_5__ES_039_5,39,39,true,EN_039_5,ES_039_5,/Users/nilakshanraveendran/Documents/research/data/raw/DRAL16kHz/fragments-short/EN_039_5.wav,/Users/nilakshanraveendran/Documents/research/data/raw/DRAL16kHz/fragments-short/ES_039_5.wav,I kind of agree with you.,"En parte, fíjate que sí estoy de acuerdo contigo.",dev
EN_039_6__ES_039_6,39,39,true,EN_039_6,ES_039_6,/Users/nilakshanraveendran/Documents/research/data/raw/DRAL16kHz/fragments-short/EN_039_6.wav,/Users/nilakshanraveendran/Documents/research/data/raw/DRAL16kHz/fragments-short/ES_039_6.wav,It- it's the time where you're supposed to dedicate most of your time.,"porque es el tiempo donde, donde uno tiene que estar dedicado.",dev
EN_039_7__ES_039_7,39,39,true,EN_039_7,ES_039_7,/Users/nilakshanraveendran/Documents/research/data/raw/DRAL16kHz/fragments-short/EN_039_7.wav,/Users/nilakshanraveendran/Documents/research/data/raw/DRAL16kHz/fragments-short/ES_039_7.wav,"but it's also the time that you have to explore, and- and get to meet more people.","Es la etapa donde uno tiene que explorar, tiene que conocer a gente.",dev
EN_039_8__ES_039_8,39,39,true,EN_039_8,ES_039_8,/Users/nilakshanraveendran/Documents/research/data/raw/DRAL16kHz/fragments-short/EN_039_8.wav,/Users/nilakshanraveendran/Documents/research/data/raw/DRAL16kHz/fragments-short/ES_039_8.wav,"Ah, I think it's really nice to focus in school, but",Yo digo que es muy bonito sí enfocarte en la escuela.,dev
EN_039_9__ES_039_9,39,39,true,EN_039_9,ES_039_9,/Users/nilakshanraveendran/Documents/research/data/raw/DRAL16kHz/fragments-short/EN_039_9.wav,/Users/nilakshanraveendran/Documents/research/data/raw/DRAL16kHz/fragments-short/ES_039_9.wav,I kind of agree with you.,Pienso en parte igual que tú.,dev
EN_040_10__ES_040_10,35,35,true,EN_040_10,ES_040_10,/Users/nilakshanraveendran/Documents/research/data/raw/DRAL16kHz/fragments-short/EN_040_10.wav,/Users/nilakshanraveendran/Documents/research/data/raw/DRAL16kHz/fragments-short/ES_040_10.wav,There's a back door that leads you outside.,Hay una puerta también trasera que lleva pues afuera.,train
EN_040_11__ES_040_11,35,35,true,EN_040_11,ES_040_11,/Users/nilakshanraveendran/Documents/research/data/raw/DRAL16kHz/fragments-short/EN_040_11.wav,/Users/nilakshanraveendran/Documents/research/data/raw/DRAL16kHz/fragments-short/ES_040_11.wav,H- he has a lot of machines to cut wood.,Tiene muchas máquinas para cortar madera.,train
EN_040_12__ES_040_12,35,35,true,EN_040_12,ES_040_12,/Users/nilakshanraveendran/Documents/research/data/raw/DRAL16kHz/fragments-short/EN_040_12.wav,/Users/nilakshanraveendran/Documents/research/data/raw/DRAL16kHz/fragments-short/ES_040_12.wav,He likes a lot of carpentry.,Mi papá le- le gusta mucho la carpintería,train
EN_040_13__ES_040_13,35,35,true,EN_040_13,ES_040_13,/Users/nilakshanraveendran/Documents/research/data/raw/DRAL16kHz/fragments-short/EN_040_13.wav,/Users/nilakshanraveendran/Documents/research/data/raw/DRAL16kHz/fragments-short/ES_040_13.wav,"Actually, uh, I wanted to study aerospace engineer.","De hecho, fíjate que iba a estudiar este... Yo quería Aerospace Engineer.",train
EN_040_14__ES_040_14,35,35,true,EN_040_14,ES_040_14,/Users/nilakshanraveendran/Documents/research/data/raw/DRAL16kHz/fragments-short/EN_040_14.wav,/Users/nilakshanraveendran/Documents/research/data/raw/DRAL16kHz/fragments-short/ES_040_14.wav,"but when I got in UTEP, they didn't have it.",Pero cuando entré a UTEP no lo ofrecían.,train
EN_040_15__ES_040_15,35,35,true,EN_040_15,ES_040_15,/Users/nilakshanraveendran/Documents/research/data/raw/DRAL16kHz/fragments-short/EN_040_15.wav,/Users/nilakshanraveendran/Documents/research/data/raw/DRAL16kHz/fragments-short/ES_040_15.wav,"They already offered that program, but by then they didn't.","Ahorita ya lo ofrecen. Ajá, pero en- en ese entonces no lo ofrecían.",train
EN_040_16__ES_040_16,35,35,true,EN_040_16,ES_040_16,/Users/nilakshanraveendran/Documents/research/data/raw/DRAL16kHz/fragments-short/EN_040_16.wav,/Users/nilakshanraveendran/Documents/research/data/raw/DRAL16kHz/fragments-short/ES_040_16.wav,"So my dad told me: it's just another thing, uh, for now.","Mi papá me dijo, pues elige otra cosa mientras.",train
EN_040_17__ES_040_17,35,35,true,EN_040_17,ES_040_17,/Users/nilakshanraveendran/Documents/research/data/raw/DRAL16kHz/fragments-short/EN_040_17.wav,/Users/nilakshanraveendran/Documents/research/data/raw/DRAL16kHz/fragments-short/ES_040_17.wav,I want an engineering and I don't see myself studying uh nursing or something like that.,"Quiero ingeniería, no- no me veo en medicina, no me veo en otro lado, la verdad.",train
EN_040_18__ES_040_18,35,35,true,EN_040_18,ES_040_18,/Users/nilakshanraveendran/Documents/research/data/raw/DRAL16kHz/fragments-short/EN_040_18.wav,/Users/nilakshanraveendran/Documents/research/data/raw/DRAL16kHz/fragments-short/ES_040_18.wav,"And I get in, no, I like it. And I stay in.","Y me metí, no, sí me gustó. Y me quedé ajá.",train
EN_040_19__ES_040_19,35,35,true,EN_040_19,ES_040_19,/Users/nilakshanraveendran/Documents/research/data/raw/DRAL16kHz/fragments-short/EN_040_19.wav,/Users/nilakshanraveendran/Documents/research/data/raw/DRAL16kHz/fragments-short/ES_040_19.wav,"So my dad is remodeling, so he's doing a lot of stuffs in there.","Como la está remodelando, le está poniendo muchas cosas.",train
EN_040_1__ES_040_1,35,35,true,EN_040_1,ES_040_1,/Users/nilakshanraveendran/Documents/research/data/raw/DRAL16kHz/fragments-short/EN_040_1.wav,/Users/nilakshanraveendran/Documents/research/data/raw/DRAL16kHz/fragments-short/ES_040_1.wav,"Oh, it's not that big.",Pues no es realmente grande.,train
EN_040_20__ES_040_20,35,35,true,EN_040_20,ES_040_20,/Users/nilakshanraveendran/Documents/research/data/raw/DRAL16kHz/fragments-short/EN_040_20.wav,/Users/nilakshanraveendran/Documents/research/data/raw/DRAL16kHz/fragments-short/ES_040_20.wav,"Uh, my mom actually, my mom just graduated from her bachelor's.","Mi mamá, eh, de hecho mi mamá acaba de terminar una carrera.",train
EN_040_21__ES_040_21,35,35,true,EN_040_21,ES_040_21,/Users/nilakshanraveendran/Documents/research/data/raw/DRAL16kHz/fragments-short/EN_040_21.wav,/Users/nilakshanraveendran/Documents/research/data/raw/DRAL16kHz/fragments-short/ES_040_21.wav,So my mom started as secretary first.,Y mi mamá entró como secretaria primero.,train
EN_040_22__ES_040_22,35,35,true,EN_040_22,ES_040_22,/Users/nilakshanraveendran/Documents/research/data/raw/DRAL16kHz/fragments-short/EN_040_22.wav,/Users/nilakshanraveendran/Documents/research/data/raw/DRAL16kHz/fragments-short/ES_040_22.wav,"So, actually you get into the house and it's to the right.","Pues está de hecho, en- entras a la casa y está a la derecha.",train
EN_040_23__ES_040_23,35,35,true,EN_040_23,ES_040_23,/Users/nilakshanraveendran/Documents/research/data/raw/DRAL16kHz/fragments-short/EN_040_23.wav,/Users/nilakshanraveendran/Documents/research/data/raw/DRAL16kHz/fragments-short/ES_040_23.wav,"Well, actually my mom was the one that didn't want to have more kids when I was little.","Bueno, más bien mi mamá ya no quiso este hijos cuando yo estaba chiquita.",train
EN_040_24__ES_040_24,35,35,true,EN_040_24,ES_040_24,/Users/nilakshanraveendran/Documents/research/data/raw/DRAL16kHz/fragments-short/EN_040_24.wav,/Users/nilakshanraveendran/Documents/research/data/raw/DRAL16kHz/fragments-short/ES_040_24.wav,"When I was little, I really wanted a sibling.",Cuando estaba chiquita sí me hizo mucha falta un hermano.,train
EN_040_2__ES_040_2,35,35,true,EN_040_2,ES_040_2,/Users/nilakshanraveendran/Documents/research/data/raw/DRAL16kHz/fragments-short/EN_040_2.wav,/Users/nilakshanraveendran/Documents/research/data/raw/DRAL16kHz/fragments-short/ES_040_2.wav,My bed is grey.,Mi cama es de color gris,train
EN_040_3__ES_040_3,35,35,true,EN_040_3,ES_040_3,/Users/nilakshanraveendran/Documents/research/data/raw/DRAL16kHz/fragments-short/EN_040_3.wav,/Users/nilakshanraveendran/Documents/research/data/raw/DRAL16kHz/fragments-short/ES_040_3.wav,and the walls are white.,Eh las paredes son blancas.,train
EN_040_4__ES_040_4,35,35,true,EN_040_4,ES_040_4,/Users/nilakshanraveendran/Documents/research/data/raw/DRAL16kHz/fragments-short/EN_040_4.wav,/Users/nilakshanraveendran/Documents/research/data/raw/DRAL16kHz/fragments-short/ES_040_4.wav,"Well, I have uh a desktop.",Pues tengo una computadora de escritorio.,train
EN_040_5__ES_040_5,35,35,true,EN_040_5,ES_040_5,/Users/nilakshanraveendran/Documents/research/data/raw/DRAL16kHz/fragments-short/EN_040_5.wav,/Users/nilakshanraveendran/Documents/research/data/raw/DRAL16kHz/fragments-short/ES_040_5.wav,To the left is my bed.,A la izquierda está la cama.,train
EN_040_6__ES_040_6,35,35,true,EN_040_6,ES_040_6,/Users/nilakshanraveendran/Documents/research/data/raw/DRAL16kHz/fragments-short/EN_040_6.wav,/Users/nilakshanraveendran/Documents/research/data/raw/DRAL16kHz/fragments-short/ES_040_6.wav,"I draw something in my wall, uh, a butterfly.","Le hice una pintura a la pared, una mariposa.",train
EN_040_7__ES_040_7,35,35,true,EN_040_7,ES_040_7,/Users/nilakshanraveendran/Documents/research/data/raw/DRAL16kHz/fragments-short/EN_040_7.wav,/Users/nilakshanraveendran/Documents/research/data/raw/DRAL16kHz/fragments-short/ES_040_7.wav,I like to buy a lot of things from- from school. I had a- a lot of stuffs from high school.,"Me gusta mucho comprar como cosas de la escuela, tengo muchas cosas de mi high school.",train
EN_040_8__ES_040_8,35,35,true,EN_040_8,ES_040_8,/Users/nilakshanraveendran/Documents/research/data/raw/DRAL16kHz/fragments-short/EN_040_8.wav,/Users/nilakshanraveendran/Documents/research/data/raw/DRAL16kHz/fragments-short/ES_040_8.wav,I got some from UTEP.,tengo muchas cosas de aquí de UTEP,train
EN_040_9__ES_040_9,35,35,true,EN_040_9,ES_040_9,/Users/nilakshanraveendran/Documents/research/data/raw/DRAL16kHz/fragments-short/EN_040_9.wav,/Users/nilakshanraveendran/Documents/research/data/raw/DRAL16kHz/fragments-short/ES_040_9.wav,you get out from the kitchen,"¿Sales por, por la cocina?",train
EN_043_10__ES_043_10,43,43,true,EN_043_10,ES_043_10,/Users/nilakshanraveendran/Documents/research/data/raw/DRAL16kHz/fragments-short/EN_043_10.wav,/Users/nilakshanraveendran/Documents/research/data/raw/DRAL16kHz/fragments-short/ES_043_10.wav,"So they're like, every time they fight, they get stronger.",Cada vez que pelean se hacen más fuertes,train
EN_043_11__ES_043_11,43,43,true,EN_043_11,ES_043_11,/Users/nilakshanraveendran/Documents/research/data/raw/DRAL16kHz/fragments-short/EN_043_11.wav,/Users/nilakshanraveendran/Documents/research/data/raw/DRAL16kHz/fragments-short/ES_043_11.wav,They're like a race of humans or a race of aliens?,¿Son una raza de humanos o aliens?,train
EN_043_12__ES_043_12,43,43,true,EN_043_12,ES_043_12,/Users/nilakshanraveendran/Documents/research/data/raw/DRAL16kHz/fragments-short/EN_043_12.wav,/Users/nilakshanraveendran/Documents/research/data/raw/DRAL16kHz/fragments-short/ES_043_12.wav,"I get you. I want to watch it, but it's also really long.","Sí entiendo, lo quiero ver, pero también es muy largo.",train
EN_043_13__ES_043_13,43,43,true,EN_043_13,ES_043_13,/Users/nilakshanraveendran/Documents/research/data/raw/DRAL16kHz/fragments-short/EN_043_13.wav,/Users/nilakshanraveendran/Documents/research/data/raw/DRAL16kHz/fragments-short/ES_043_13.wav,One Piece is real!,¡Una pieza es real!,train
EN_043_14__ES_043_14,43,43,true,EN_043_14,ES_043_14,/Users/nilakshanraveendran/Documents/research/data/raw/DRAL16kHz/fragments-short/EN_043_14.wav,/Users/nilakshanraveendran/Documents/research/data/raw/DRAL16kHz/fragments-short/ES_043_14.wav,"Yeah, it's already like a thousand, 1050 episodes.","Sí, ya tiene como mil, mil cincuenta episodios.",train
EN_043_15__ES_043_15,43,43,true,EN_043_15,ES_043_15,/Users/nilakshanraveendran/Documents/research/data/raw/DRAL16kHz/fragments-short/EN_043_15.wav,/Users/nilakshanraveendran/Documents/research/data/raw/DRAL16kHz/fragments-short/ES_043_15.wav,That one's so good. I love that one.,"Ese es muy bueno, me encanta ese.",train
EN_043_16__ES_043_16,43,43,true,EN_043_16,ES_043_16,/Users/nilakshanraveendran/Documents/research/data/raw/DRAL16kHz/fragments-short/EN_043_16.wav,/Users/nilakshanraveendran/Documents/research/data/raw/DRAL16kHz/fragments-short/ES_043_16.wav,That one's like a nice short one.,Es uno de los cortitos.,train
EN_043_17__ES_043_17,43,43,true,EN_043_17,ES_043_17,/Users/nilakshanraveendran/Documents/research/data/raw/DRAL16kHz/fragments-short/EN_043_17.wav,/Users/nilakshanraveendran/Documents/research/data/raw/DRAL16kHz/fragments-short/ES_043_17.wav,That was a rollercoaster of emotions.,Es una montaña rusa de emociones.,train
EN_043_18__ES_043_18,43,43,true,EN_043_18,ES_043_18,/Users/nilakshanraveendran/Documents/research/data/raw/DRAL16kHz/fragments-short/EN_043_18.wav,/Users/nilakshanraveendran/Documents/research/data/raw/DRAL16kHz/fragments-short/ES_043_18.wav,"Uh, it's kind of weird.","Ah, es medio raro",train
EN_043_19__ES_043_19,43,43,true,EN_043_19,ES_043_19,/Users/nilakshanraveendran/Documents/research/data/raw/DRAL16kHz/fragments-short/EN_043_19.wav,/Users/nilakshanraveendran/Documents/research/data/raw/DRAL16kHz/fragments-short/ES_043_19.wav,"A lot of people skip it because they're like, oh, it's so slow.",Muchas personas se lo saltan Está muy lento,train
EN_043_1__ES_043_1,43,43,true,EN_043_1,ES_043_1,/Users/nilakshanraveendran/Documents/research/data/raw/DRAL16kHz/fragments-short/EN_043_1.wav,/Users/nilakshanraveendran/Documents/research/data/raw/DRAL16kHz/fragments-short/ES_043_1.wav,"So, um, is your favorite anime Dragon Ball?","¿Eh, so, tu favorito anime es Dragon Ball?",train
EN_043_20__ES_043_20,43,43,true,EN_043_20,ES_043_20,/Users/nilakshanraveendran/Documents/research/data/raw/DRAL16kHz/fragments-short/EN_043_20.wav,/Users/nilakshanraveendran/Documents/research/data/raw/DRAL16kHz/fragments-short/ES_043_20.wav,a little boring in comparison to the other ones.,Un poquito aburrido en comparación a los otros.,train
EN_043_21__ES_043_21,43,43,true,EN_043_21,ES_043_21,/Users/nilakshanraveendran/Documents/research/data/raw/DRAL16kHz/fragments-short/EN_043_21.wav,/Users/nilakshanraveendran/Documents/research/data/raw/DRAL16kHz/fragments-short/ES_043_21.wav,I have to have the whole season in order to watch it.,tengo que tener toda la temporada para poderlo ver,train
EN_043_22__ES_043_22,43,43,true,EN_043_22,ES_043_22,/Users/nilakshanraveendran/Documents/research/data/raw/DRAL16kHz/fragments-short/EN_043_22.wav,/Users/nilakshanraveendran/Documents/research/data/raw/DRAL16kHz/fragments-short/ES_043_22.wav,"Everything from Juarez, peak.","Todo de Juárez, riquísimo.",train
EN_043_23__ES_043_23,43,43,true,EN_043_23,ES_043_23,/Users/nilakshanraveendran/Documents/research/data/raw/DRAL16kHz/fragments-short/EN_043_23.wav,/Users/nilakshanraveendran/Documents/research/data/raw/DRAL16kHz/fragments-short/ES_043_23.wav,"Uh, it's 'cause I haven't had them in so long",No lo he tenido en mucho tiempo,train
EN_043_24__ES_043_24,43,43,true,EN_043_24,ES_043_24,/Users/nilakshanraveendran/Documents/research/data/raw/DRAL16kHz/fragments-short/EN_043_24.wav,/Users/nilakshanraveendran/Documents/research/data/raw/DRAL16kHz/fragments-short/ES_043_24.wav,Actually had him last week.,"De hecho, los tuve la semana pasada.",train
EN_043_25__ES_043_25,43,43,true,EN_043_25,ES_043_25,/Users/nilakshanraveendran/Documents/research/data/raw/DRAL16kHz/fragments-short/EN_043_25.wav,/Users/nilakshanraveendran/Documents/research/data/raw/DRAL16kHz/fragments-short/ES_043_25.wav,they just devolve from humongous men to just...,Se fueron de hombres muy musculosos a...,train
EN_043_26__ES_043_26,43,43,true,EN_043_26,ES_043_26,/Users/nilakshanraveendran/Documents/research/data/raw/DRAL16kHz/fragments-short/EN_043_26.wav,/Users/nilakshanraveendran/Documents/research/data/raw/DRAL16kHz/fragments-short/ES_043_26.wav,the same era as like Abraham Lincoln I guess? I don't know how.,Es la misma época de Abraham Lincoln No sé cómo,train
EN_043_27__ES_043_27,43,43,true,EN_043_27,ES_043_27,/Users/nilakshanraveendran/Documents/research/data/raw/DRAL16kHz/fragments-short/EN_043_27.wav,/Users/nilakshanraveendran/Documents/research/data/raw/DRAL16kHz/fragments-short/ES_043_27.wav,"Um, I- I haven't watched the- the last season.",Eh eh no he visto la última temporada,train
EN_043_2__ES_043_2,43,43,true,EN_043_2,ES_043_2,/Users/nilakshanraveendran/Documents/research/data/raw/DRAL16kHz/fragments-short/EN_043_2.wav,/Users/nilakshanraveendran/Documents/research/data/raw/DRAL16kHz/fragments-short/ES_043_2.wav,Would Goku win or would One Punch Man win?,¿Ganaría Goku o One Punch Man?,train
EN_043_3__ES_043_3,43,43,true,EN_043_3,ES_043_3,/Users/nilakshanraveendran/Documents/research/data/raw/DRAL16kHz/fragments-short/EN_043_3.wav,/Users/nilakshanraveendran/Documents/research/data/raw/DRAL16kHz/fragments-short/ES_043_3.wav,I would say Saitama.,Yo diría que Saitama,train
EN_043_4__ES_043_4,43,43,true,EN_043_4,ES_043_4,/Users/nilakshanraveendran/Documents/research/data/raw/DRAL16kHz/fragments-short/EN_043_4.wav,/Users/nilakshanraveendran/Documents/research/data/raw/DRAL16kHz/fragments-short/ES_043_4.wav,"Oh, his powers only work because of it's in-universe?",O sus poderes no más sirven en su universo,train
EN_043_5__ES_043_5,43,43,true,EN_043_5,ES_043_5,/Users/nilakshanraveendran/Documents/research/data/raw/DRAL16kHz/fragments-short/EN_043_5.wav,/Users/nilakshanraveendran/Documents/research/data/raw/DRAL16kHz/fragments-short/ES_043_5.wav,"But then again, you're just getting like two people from...",Pero también está sacando dos personas.,train
EN_043_6__ES_043_6,43,43,true,EN_043_6,ES_043_6,/Users/nilakshanraveendran/Documents/research/data/raw/DRAL16kHz/fragments-short/EN_043_6.wav,/Users/nilakshanraveendran/Documents/research/data/raw/DRAL16kHz/fragments-short/ES_043_6.wav,It's a tricky question.,Es una pregunta capciosa.,train
EN_043_7__ES_043_7,43,43,true,EN_043_7,ES_043_7,/Users/nilakshanraveendran/Documents/research/data/raw/DRAL16kHz/fragments-short/EN_043_7.wav,/Users/nilakshanraveendran/Documents/research/data/raw/DRAL16kHz/fragments-short/ES_043_7.wav,Did you watch all of Dragon Ball?,¿Viste todo de Dragon Ball?,train
EN_043_8__ES_043_8,43,43,true,EN_043_8,ES_043_8,/Users/nilakshanraveendran/Documents/research/data/raw/DRAL16kHz/fragments-short/EN_043_8.wav,/Users/nilakshanraveendran/Documents/research/data/raw/DRAL16kHz/fragments-short/ES_043_8.wav,Kinda like in Love of a God?,Como al nivel de Dios.,train
EN_043_9__ES_043_9,43,43,true,EN_043_9,ES_043_9,/Users/nilakshanraveendran/Documents/research/data/raw/DRAL16kHz/fragments-short/EN_043_9.wav,/Users/nilakshanraveendran/Documents/research/data/raw/DRAL16kHz/fragments-short/ES_043_9.wav,"Like right there, but not there.","Está ahí, pero no ahí.",train
EN_044_10__ES_044_10,36,36,true,EN_044_10,ES_044_10,/Users/nilakshanraveendran/Documents/research/data/raw/DRAL16kHz/fragments-short/EN_044_10.wav,/Users/nilakshanraveendran/Documents/research/data/raw/DRAL16kHz/fragments-short/ES_044_10.wav,so you haven't talked to him at all?,Entonces no has hablado con él para nada.,train
EN_044_11__ES_044_11,44,44,true,EN_044_11,ES_044_11,/Users/nilakshanraveendran/Documents/research/data/raw/DRAL16kHz/fragments-short/EN_044_11.wav,/Users/nilakshanraveendran/Documents/research/data/raw/DRAL16kHz/fragments-short/ES_044_11.wav,"Not often, maybe like once every two months.","No tan seguido, tal vez una vez cada dos meses",train
EN_044_12__ES_044_12,44,44,true,EN_044_12,ES_044_12,/Users/nilakshanraveendran/Documents/research/data/raw/DRAL16kHz/fragments-short/EN_044_12.wav,/Users/nilakshanraveendran/Documents/research/data/raw/DRAL16kHz/fragments-short/ES_044_12.wav,"I don't know. Uh, maybe it's because of the holidays and I'm sad that he's not there.",tal vez es por la época y me hace triste que no se,train
EN_044_13__ES_044_13,44,44,true,EN_044_13,ES_044_13,/Users/nilakshanraveendran/Documents/research/data/raw/DRAL16kHz/fragments-short/EN_044_13.wav,/Users/nilakshanraveendran/Documents/research/data/raw/DRAL16kHz/fragments-short/ES_044_13.wav,"But <unk> when- when my birthday passes, I'm like, okay.","Cuando pasó mi cumpleaños, yo como que, ok.",train
EN_044_14__ES_044_14,44,44,true,EN_044_14,ES_044_14,/Users/nilakshanraveendran/Documents/research/data/raw/DRAL16kHz/fragments-short/EN_044_14.wav,/Users/nilakshanraveendran/Documents/research/data/raw/DRAL16kHz/fragments-short/ES_044_14.wav,It's like spring- spring and summer. I'm like woohoo.,Así que en la primera hora del verano estoy como que... ¡Woohoo!,train
EN_044_15__ES_044_15,36,36,true,EN_044_15,ES_044_15,/Users/nilakshanraveendran/Documents/research/data/raw/DRAL16kHz/fragments-short/EN_044_15.wav,/Users/nilakshanraveendran/Documents/research/data/raw/DRAL16kHz/fragments-short/ES_044_15.wav,"Okay. Okay, I don't care.","Ok, ok no me importa.",train
EN_044_16__ES_044_16,36,36,true,EN_044_16,ES_044_16,/Users/nilakshanraveendran/Documents/research/data/raw/DRAL16kHz/fragments-short/EN_044_16.wav,/Users/nilakshanraveendran/Documents/research/data/raw/DRAL16kHz/fragments-short/ES_044_16.wav,"It- it happened a long time ago, it doesn't matter.","Pasó hace mucho, entonces no importa.",train
EN_044_17__ES_044_17,36,36,true,EN_044_17,ES_044_17,/Users/nilakshanraveendran/Documents/research/data/raw/DRAL16kHz/fragments-short/EN_044_17.wav,/Users/nilakshanraveendran/Documents/research/data/raw/DRAL16kHz/fragments-short/ES_044_17.wav,It was like probably one of the worst school years of my life.,Eh eso era probablemente el peor año de mi vida.,train
EN_044_18__ES_044_18,36,36,true,EN_044_18,ES_044_18,/Users/nilakshanraveendran/Documents/research/data/raw/DRAL16kHz/fragments-short/EN_044_18.wav,/Users/nilakshanraveendran/Documents/research/data/raw/DRAL16kHz/fragments-short/ES_044_18.wav,"I was very, very depressed.","Estaba muy, muy deprimido.",train
EN_044_19__ES_044_19,36,36,true,EN_044_19,ES_044_19,/Users/nilakshanraveendran/Documents/research/data/raw/DRAL16kHz/fragments-short/EN_044_19.wav,/Users/nilakshanraveendran/Documents/research/data/raw/DRAL16kHz/fragments-short/ES_044_19.wav,I flunked my math and...,Reprobé mi clase de matemáticas y...,train
EN_044_1__ES_044_1,36,36,true,EN_044_1,ES_044_1,/Users/nilakshanraveendran/Documents/research/data/raw/DRAL16kHz/fragments-short/EN_044_1.wav,/Users/nilakshanraveendran/Documents/research/data/raw/DRAL16kHz/fragments-short/ES_044_1.wav,I feel like that has been happening to me recently.,Siento como si eso me ha pasado recientemente.,train
EN_044_20__ES_044_20,36,36,true,EN_044_20,ES_044_20,/Users/nilakshanraveendran/Documents/research/data/raw/DRAL16kHz/fragments-short/EN_044_20.wav,/Users/nilakshanraveendran/Documents/research/data/raw/DRAL16kHz/fragments-short/ES_044_20.wav,I almost had to retake my- my- my um- um 7th grade year.,Casi tuve que eh tomar otra vez mi ah ah séptimo- séptimo año.,train
EN_044_21__ES_044_21,36,36,true,EN_044_21,ES_044_21,/Users/nilakshanraveendran/Documents/research/data/raw/DRAL16kHz/fragments-short/EN_044_21.wav,/Users/nilakshanraveendran/Documents/research/data/raw/DRAL16kHz/fragments-short/ES_044_21.wav,"And I was doing really bad, and I didn't tell anyone, and my parents, they were like...","Y me iba muy mal. Y no le dijé a nadie. Y mis papás, este...",train
EN_044_22__ES_044_22,36,36,true,EN_044_22,ES_044_22,/Users/nilakshanraveendran/Documents/research/data/raw/DRAL16kHz/fragments-short/EN_044_22.wav,/Users/nilakshanraveendran/Documents/research/data/raw/DRAL16kHz/fragments-short/ES_044_22.wav,"Something's wrong with you, but uh, I don't know.","Algo está mal contigo, pero no sé.",train
EN_044_2__ES_044_2,36,36,true,EN_044_2,ES_044_2,/Users/nilakshanraveendran/Documents/research/data/raw/DRAL16kHz/fragments-short/EN_044_2.wav,/Users/nilakshanraveendran/Documents/research/data/raw/DRAL16kHz/fragments-short/ES_044_2.wav,"Especially last year, with- with like...",Especialmente el año pasado con...,train
EN_044_3__ES_044_3,36,36,true,EN_044_3,ES_044_3,/Users/nilakshanraveendran/Documents/research/data/raw/DRAL16kHz/fragments-short/EN_044_3.wav,/Users/nilakshanraveendran/Documents/research/data/raw/DRAL16kHz/fragments-short/ES_044_3.wav,"We're not last year, but like ever since COVID started.","Digo, no el año pasado, pero desde COVID.",train
EN_044_4__ES_044_4,44,44,true,EN_044_4,ES_044_4,/Users/nilakshanraveendran/Documents/research/data/raw/DRAL16kHz/fragments-short/EN_044_4.wav,/Users/nilakshanraveendran/Documents/research/data/raw/DRAL16kHz/fragments-short/ES_044_4.wav,You just get depressed.,Solo te deprimes.,train
EN_044_5__ES_044_5,44,44,true,EN_044_5,ES_044_5,/Users/nilakshanraveendran/Documents/research/data/raw/DRAL16kHz/fragments-short/EN_044_5.wav,/Users/nilakshanraveendran/Documents/research/data/raw/DRAL16kHz/fragments-short/ES_044_5.wav,I was in m- in my junior year. I was about to start my junior year too.,"Estaba en el tercer año de la prepa, estaba a punto de entrar a ese año.",train
EN_044_6__ES_044_6,36,36,true,EN_044_6,ES_044_6,/Users/nilakshanraveendran/Documents/research/data/raw/DRAL16kHz/fragments-short/EN_044_6.wav,/Users/nilakshanraveendran/Documents/research/data/raw/DRAL16kHz/fragments-short/ES_044_6.wav,in high school?,¿En la prepa?,train
EN_044_7__ES_044_7,44,44,true,EN_044_7,ES_044_7,/Users/nilakshanraveendran/Documents/research/data/raw/DRAL16kHz/fragments-short/EN_044_7.wav,/Users/nilakshanraveendran/Documents/research/data/raw/DRAL16kHz/fragments-short/ES_044_7.wav,in high school.,en la prepa,train
EN_044_8__ES_044_8,36,36,true,EN_044_8,ES_044_8,/Users/nilakshanraveendran/Documents/research/data/raw/DRAL16kHz/fragments-short/EN_044_8.wav,/Users/nilakshanraveendran/Documents/research/data/raw/DRAL16kHz/fragments-short/ES_044_8.wav,"Did he just like leave out of nowhere, or?",Entonces se fue de la nada o...,train
EN_044_9__ES_044_9,44,44,true,EN_044_9,ES_044_9,/Users/nilakshanraveendran/Documents/research/data/raw/DRAL16kHz/fragments-short/EN_044_9.wav,/Users/nilakshanraveendran/Documents/research/data/raw/DRAL16kHz/fragments-short/ES_044_9.wav,"From what I remember, it was just like: <unk>",De lo que yo me acuerdo solo fue como que... ¡Ah!,train
EN_045_10__ES_045_10,35,35,true,EN_045_10,ES_045_10,/Users/nilakshanraveendran/Documents/research/data/raw/DRAL16kHz/fragments-short/EN_045_10.wav,/Users/nilakshanraveendran/Documents/research/data/raw/DRAL16kHz/fragments-short/ES_045_10.wav,"Oh, I- I have another blast.","Oh, tengo- tengo otra blusa",train
EN_045_11__ES_045_11,35,35,true,EN_045_11,ES_045_11,/Users/nilakshanraveendran/Documents/research/data/raw/DRAL16kHz/fragments-short/EN_045_11.wav,/Users/nilakshanraveendran/Documents/research/data/raw/DRAL16kHz/fragments-short/ES_045_11.wav,Really? It's because they're cool.,"En serio, sí. Es que están chidas.",train
EN_045_12__ES_045_12,45,45,true,EN_045_12,ES_045_12,/Users/nilakshanraveendran/Documents/research/data/raw/DRAL16kHz/fragments-short/EN_045_12.wav,/Users/nilakshanraveendran/Documents/research/data/raw/DRAL16kHz/fragments-short/ES_045_12.wav,"Okay, here I have my laptop.","Ok, aquí traigo mi laptop.",train
EN_045_13__ES_045_13,45,45,true,EN_045_13,ES_045_13,/Users/nilakshanraveendran/Documents/research/data/raw/DRAL16kHz/fragments-short/EN_045_13.wav,/Users/nilakshanraveendran/Documents/research/data/raw/DRAL16kHz/fragments-short/ES_045_13.wav,"my binder for all of my papers, for my homework.",Mi binder para todos mis papeles. Para mi tarea.,train
EN_045_14__ES_045_14,45,45,true,EN_045_14,ES_045_14,/Users/nilakshanraveendran/Documents/research/data/raw/DRAL16kHz/fragments-short/EN_045_14.wav,/Users/nilakshanraveendran/Documents/research/data/raw/DRAL16kHz/fragments-short/ES_045_14.wav,And here I have a lot of papers that I don't care about and I- I just leave.,"Aquí traigo muchos papeles que no- no me importa, aquí los dejo.",train
EN_045_15__ES_045_15,45,45,true,EN_045_15,ES_045_15,/Users/nilakshanraveendran/Documents/research/data/raw/DRAL16kHz/fragments-short/EN_045_15.wav,/Users/nilakshanraveendran/Documents/research/data/raw/DRAL16kHz/fragments-short/ES_045_15.wav,and over here I have my notebook to write some notes for whichever class.,Y luego aquí tengo mi cuaderno para escribir notas para cualquier clase.,train
EN_045_16__ES_045_16,45,45,true,EN_045_16,ES_045_16,/Users/nilakshanraveendran/Documents/research/data/raw/DRAL16kHz/fragments-short/EN_045_16.wav,/Users/nilakshanraveendran/Documents/research/data/raw/DRAL16kHz/fragments-short/ES_045_16.wav,And then I have my two chargers. One is for the laptop and the other is for the phone.,Y luego aquí tengo mis dos cargadores. Uno es para el teléfono y el otro es para el laptop.,train
EN_045_1__ES_045_1,35,35,true,EN_045_1,ES_045_1,/Users/nilakshanraveendran/Documents/research/data/raw/DRAL16kHz/fragments-short/EN_045_1.wav,/Users/nilakshanraveendran/Documents/research/data/raw/DRAL16kHz/fragments-short/ES_045_1.wav,Should I start or you?,¿Empiezo yo o tu?,train
EN_045_2__ES_045_2,45,45,true,EN_045_2,ES_045_2,/Users/nilakshanraveendran/Documents/research/data/raw/DRAL16kHz/fragments-short/EN_045_2.wav,/Users/nilakshanraveendran/Documents/research/data/raw/DRAL16kHz/fragments-short/ES_045_2.wav,I already remembered everything.,Ya me acordé de todo.,train
EN_045_3__ES_045_3,35,35,true,EN_045_3,ES_045_3,/Users/nilakshanraveendran/Documents/research/data/raw/DRAL16kHz/fragments-short/EN_045_3.wav,/Users/nilakshanraveendran/Documents/research/data/raw/DRAL16kHz/fragments-short/ES_045_3.wav,Those are my formula sheets from Calculus 2.,Son mis ho- hojas de fórmulas de cálculo 2.,train
EN_045_4__ES_045_4,35,35,true,EN_045_4,ES_045_4,/Users/nilakshanraveendran/Documents/research/data/raw/DRAL16kHz/fragments-short/EN_045_4.wav,/Users/nilakshanraveendran/Documents/research/data/raw/DRAL16kHz/fragments-short/ES_045_4.wav,"and my notebook. This one, I use it for all of my classes.","Eh pues mi cuaderno, este lo uso para todas, todas mis clases.",train
EN_045_5__ES_045_5,35,35,true,EN_045_5,ES_045_5,/Users/nilakshanraveendran/Documents/research/data/raw/DRAL16kHz/fragments-short/EN_045_5.wav,/Users/nilakshanraveendran/Documents/research/data/raw/DRAL16kHz/fragments-short/ES_045_5.wav,"It's basically just for taking notes, it's not that much.","Es solo básicamente para tomar notas, no es mucho.",train
EN_045_6__ES_045_6,35,35,true,EN_045_6,ES_045_6,/Users/nilakshanraveendran/Documents/research/data/raw/DRAL16kHz/fragments-short/EN_045_6.wav,/Users/nilakshanraveendran/Documents/research/data/raw/DRAL16kHz/fragments-short/ES_045_6.wav,"because I always have clothes on my backpack, but.",porque pues siempre traigo cambios extras.,train
EN_045_7__ES_045_7,35,35,true,EN_045_7,ES_045_7,/Users/nilakshanraveendran/Documents/research/data/raw/DRAL16kHz/fragments-short/EN_045_7.wav,/Users/nilakshanraveendran/Documents/research/data/raw/DRAL16kHz/fragments-short/ES_045_7.wav,I think I have more here.,Pero se me hace que tengo más aquí.,train
EN_045_8__ES_045_8,35,35,true,EN_045_8,ES_045_8,/Users/nilakshanraveendran/Documents/research/data/raw/DRAL16kHz/fragments-short/EN_045_8.wav,/Users/nilakshanraveendran/Documents/research/data/raw/DRAL16kHz/fragments-short/ES_045_8.wav,"If I have to say that I have an impulsive purchase, uh they will be perfumes.",De que una compra compulsiva yo creo que son perfumes,train
EN_045_9__ES_045_9,35,35,true,EN_045_9,ES_045_9,/Users/nilakshanraveendran/Documents/research/data/raw/DRAL16kHz/fragments-short/EN_045_9.wav,/Users/nilakshanraveendran/Documents/research/data/raw/DRAL16kHz/fragments-short/ES_045_9.wav,And in this little bag I have all of my makeup,"Y pues en esta bolsita traigo todo, todo, todo, todo mi maquillaje.",train
EN_050_10__ES_050_10,43,43,true,EN_050_10,ES_050_10,/Users/nilakshanraveendran/Documents/research/data/raw/DRAL16kHz/fragments-short/EN_050_10.wav,/Users/nilakshanraveendran/Documents/research/data/raw/DRAL16kHz/fragments-short/ES_050_10.wav,"Uh because the uh- the boss, she's a little bit cray cray.",porque la- la jefa está muy loquiche,train
EN_050_11__ES_050_11,43,43,true,EN_050_11,ES_050_11,/Users/nilakshanraveendran/Documents/research/data/raw/DRAL16kHz/fragments-short/EN_050_11.wav,/Users/nilakshanraveendran/Documents/research/data/raw/DRAL16kHz/fragments-short/ES_050_11.wav,"I like working outside, and then I just ask, and they're like, okay, and then they buy it, and that's cool.","A mí me gusta estar acá afuera, pregunto, ah, ok, y sí compran, ah, ok, suave.",train
EN_050_12__ES_050_12,43,43,true,EN_050_12,ES_050_12,/Users/nilakshanraveendran/Documents/research/data/raw/DRAL16kHz/fragments-short/EN_050_12.wav,/Users/nilakshanraveendran/Documents/research/data/raw/DRAL16kHz/fragments-short/ES_050_12.wav,I'm not in the sun. I'm not burning.,"No estoy en el sol, me estoy quemando.",train
EN_050_13__ES_050_13,43,43,true,EN_050_13,ES_050_13,/Users/nilakshanraveendran/Documents/research/data/raw/DRAL16kHz/fragments-short/EN_050_13.wav,/Users/nilakshanraveendran/Documents/research/data/raw/DRAL16kHz/fragments-short/ES_050_13.wav,"This Friday, I'm going to work from 12 to 4.",El viernes trabajó desde las 12 hasta las 4.,train
EN_050_14__ES_050_14,43,43,true,EN_050_14,ES_050_14,/Users/nilakshanraveendran/Documents/research/data/raw/DRAL16kHz/fragments-short/EN_050_14.wav,/Users/nilakshanraveendran/Documents/research/data/raw/DRAL16kHz/fragments-short/ES_050_14.wav,"It was going to be from 12 to 8, but I- I told them, mm-mm-mm.","Eh iba a ser 12 a las 8, pero le dije...",train
EN_050_15__ES_050_15,43,43,true,EN_050_15,ES_050_15,/Users/nilakshanraveendran/Documents/research/data/raw/DRAL16kHz/fragments-short/EN_050_15.wav,/Users/nilakshanraveendran/Documents/research/data/raw/DRAL16kHz/fragments-short/ES_050_15.wav,"She's complaining like: ""You only told me it was on Saturday.""","Y Lomas se estaba quejando con... Lomas, me dijiste es el sábado.",train
EN_050_16__ES_050_16,43,43,true,EN_050_16,ES_050_16,/Users/nilakshanraveendran/Documents/research/data/raw/DRAL16kHz/fragments-short/EN_050_16.wav,/Users/nilakshanraveendran/Documents/research/data/raw/DRAL16kHz/fragments-short/ES_050_16.wav,But I told her it was both days.,Te dije de los dos días.,train
EN_050_17__ES_050_17,50,50,true,EN_050_17,ES_050_17,/Users/nilakshanraveendran/Documents/research/data/raw/DRAL16kHz/fragments-short/EN_050_17.wav,/Users/nilakshanraveendran/Documents/research/data/raw/DRAL16kHz/fragments-short/ES_050_17.wav,"If it doesn't benefit you, then nah.",Si no te convience pues no.,train
EN_050_18__ES_050_18,43,43,true,EN_050_18,ES_050_18,/Users/nilakshanraveendran/Documents/research/data/raw/DRAL16kHz/fragments-short/EN_050_18.wav,/Users/nilakshanraveendran/Documents/research/data/raw/DRAL16kHz/fragments-short/ES_050_18.wav,"Well, now that I work here now. I like working here significantly more, because they give me free food.","Pero ya que trabajo aquí, está más, me gusta significamente más aquí porque aquí me dan comida gratis.",train
EN_050_19__ES_050_19,50,50,true,EN_050_19,ES_050_19,/Users/nilakshanraveendran/Documents/research/data/raw/DRAL16kHz/fragments-short/EN_050_19.wav,/Users/nilakshanraveendran/Documents/research/data/raw/DRAL16kHz/fragments-short/ES_050_19.wav,"because I have a lot of stuff to do, the work.",Pues porque ahorita tengo muchas cosas que hacer. El trabajo.,train
EN_050_1__ES_050_1,50,50,true,EN_050_1,ES_050_1,/Users/nilakshanraveendran/Documents/research/data/raw/DRAL16kHz/fragments-short/EN_050_1.wav,/Users/nilakshanraveendran/Documents/research/data/raw/DRAL16kHz/fragments-short/ES_050_1.wav,"Yes, I am gonna talk.","Sí, te voy a platicar.",train
EN_050_20__ES_050_20,50,50,true,EN_050_20,ES_050_20,/Users/nilakshanraveendran/Documents/research/data/raw/DRAL16kHz/fragments-short/EN_050_20.wav,/Users/nilakshanraveendran/Documents/research/data/raw/DRAL16kHz/fragments-short/ES_050_20.wav,But you have to turn it in on Friday.,¿Pero se entrega el viernes?,train
EN_050_21__ES_050_21,43,43,true,EN_050_21,ES_050_21,/Users/nilakshanraveendran/Documents/research/data/raw/DRAL16kHz/fragments-short/EN_050_21.wav,/Users/nilakshanraveendran/Documents/research/data/raw/DRAL16kHz/fragments-short/ES_050_21.wav,This Friday.,¿Este viernes?,train
EN_050_22__ES_050_22,50,50,true,EN_050_22,ES_050_22,/Users/nilakshanraveendran/Documents/research/data/raw/DRAL16kHz/fragments-short/EN_050_22.wav,/Users/nilakshanraveendran/Documents/research/data/raw/DRAL16kHz/fragments-short/ES_050_22.wav,"the 11th of november, so next friday.","El 11 de noviembre, el próximo viernes.",train
EN_050_23__ES_050_23,43,43,true,EN_050_23,ES_050_23,/Users/nilakshanraveendran/Documents/research/data/raw/DRAL16kHz/fragments-short/EN_050_23.wav,/Users/nilakshanraveendran/Documents/research/data/raw/DRAL16kHz/fragments-short/ES_050_23.wav,The whole lab is turned in?,¿Todos el lab se entrega?,train
EN_050_24__ES_050_24,50,50,true,EN_050_24,ES_050_24,/Users/nilakshanraveendran/Documents/research/data/raw/DRAL16kHz/fragments-short/EN_050_24.wav,/Users/nilakshanraveendran/Documents/research/data/raw/DRAL16kHz/fragments-short/ES_050_24.wav,How's it going in the lab?,¿Cómo te está yendo en el lab?,train
EN_050_25__ES_050_25,43,43,true,EN_050_25,ES_050_25,/Users/nilakshanraveendran/Documents/research/data/raw/DRAL16kHz/fragments-short/EN_050_25.wav,/Users/nilakshanraveendran/Documents/research/data/raw/DRAL16kHz/fragments-short/ES_050_25.wav,"Uh, I copy pasted it, and I read it, and that's it.",Lo- lo hice copy paste y luego lo leí y luego ya,train
EN_050_26__ES_050_26,43,43,true,EN_050_26,ES_050_26,/Users/nilakshanraveendran/Documents/research/data/raw/DRAL16kHz/fragments-short/EN_050_26.wav,/Users/nilakshanraveendran/Documents/research/data/raw/DRAL16kHz/fragments-short/ES_050_26.wav,"In my mind, it's really easy.","En- en mi mente, está fácil.",train
EN_050_27__ES_050_27,43,43,true,EN_050_27,ES_050_27,/Users/nilakshanraveendran/Documents/research/data/raw/DRAL16kHz/fragments-short/EN_050_27.wav,/Users/nilakshanraveendran/Documents/research/data/raw/DRAL16kHz/fragments-short/ES_050_27.wav,"But, when I sit down to do it, I don't know where to start.",cuando me siento hacerlo ni sé dónde pensar,train
EN_050_28__ES_050_28,50,50,true,EN_050_28,ES_050_28,/Users/nilakshanraveendran/Documents/research/data/raw/DRAL16kHz/fragments-short/EN_050_28.wav,/Users/nilakshanraveendran/Documents/research/data/raw/DRAL16kHz/fragments-short/ES_050_28.wav,"That's how I am, actually.","Así estoy yo, fíjate.",train
EN_050_29__ES_050_29,50,50,true,EN_050_29,ES_050_29,/Users/nilakshanraveendran/Documents/research/data/raw/DRAL16kHz/fragments-short/EN_050_29.wav,/Users/nilakshanraveendran/Documents/research/data/raw/DRAL16kHz/fragments-short/ES_050_29.wav,"The other day I saw it and I was like, uh it's going to be easy.","El otro día lo vi, y luego, no pues vamos a empezar va a estar bien fácil",train
EN_050_2__ES_050_2,50,50,true,EN_050_2,ES_050_2,/Users/nilakshanraveendran/Documents/research/data/raw/DRAL16kHz/fragments-short/EN_050_2.wav,/Users/nilakshanraveendran/Documents/research/data/raw/DRAL16kHz/fragments-short/ES_050_2.wav,"If I fall apart, I'm sorry, yeah?","Ahí si me deshago, ahí. Ahí perdón, eh.",train
EN_050_30__ES_050_30,50,50,true,EN_050_30,ES_050_30,/Users/nilakshanraveendran/Documents/research/data/raw/DRAL16kHz/fragments-short/EN_050_30.wav,/Users/nilakshanraveendran/Documents/research/data/raw/DRAL16kHz/fragments-short/ES_050_30.wav,"Then I started reading and I was like, oh what the hell?",y empecé a leer luego ah caray,train
EN_050_31__ES_050_31,43,43,true,EN_050_31,ES_050_31,/Users/nilakshanraveendran/Documents/research/data/raw/DRAL16kHz/fragments-short/EN_050_31.wav,/Users/nilakshanraveendran/Documents/research/data/raw/DRAL16kHz/fragments-short/ES_050_31.wav,"like, how you told me, like i feel like i should be doing something, but i'm not.","Como dijistes, como, debería estar haciendo algo, pero no lo estoy haciendo.",train
EN_050_3__ES_050_3,50,50,true,EN_050_3,ES_050_3,/Users/nilakshanraveendran/Documents/research/data/raw/DRAL16kHz/fragments-short/EN_050_3.wav,/Users/nilakshanraveendran/Documents/research/data/raw/DRAL16kHz/fragments-short/ES_050_3.wav,"Um, well, I was very stressed.","No, pues, estaba bien estresado.",train
EN_050_4__ES_050_4,43,43,true,EN_050_4,ES_050_4,/Users/nilakshanraveendran/Documents/research/data/raw/DRAL16kHz/fragments-short/EN_050_4.wav,/Users/nilakshanraveendran/Documents/research/data/raw/DRAL16kHz/fragments-short/ES_050_4.wav,"I couldn't find my keys today, so I brought my spares.","no encontraba mis llaves hoy, me traje mis spares",train
EN_050_5__ES_050_5,43,43,true,EN_050_5,ES_050_5,/Users/nilakshanraveendran/Documents/research/data/raw/DRAL16kHz/fragments-short/EN_050_5.wav,/Users/nilakshanraveendran/Documents/research/data/raw/DRAL16kHz/fragments-short/ES_050_5.wav,"But then I looked in my- in my pant- my pants, and they weren't there.","Y luego busqué en mi otro pantal- en mi pantalón, y las tenía aquí.",train
EN_050_6__ES_050_6,43,43,true,EN_050_6,ES_050_6,/Users/nilakshanraveendran/Documents/research/data/raw/DRAL16kHz/fragments-short/EN_050_6.wav,/Users/nilakshanraveendran/Documents/research/data/raw/DRAL16kHz/fragments-short/ES_050_6.wav,"Uh, I don't want to work. Yeah, I- I work two jobs.",ya no trabajando en... porque tengo dos trabajos,train
EN_050_7__ES_050_7,43,43,true,EN_050_7,ES_050_7,/Users/nilakshanraveendran/Documents/research/data/raw/DRAL16kHz/fragments-short/EN_050_7.wav,/Users/nilakshanraveendran/Documents/research/data/raw/DRAL16kHz/fragments-short/ES_050_7.wav,"I don't want to work in the job uh on Sundays, because I only work that one day.",Nomás trabajo un día los domingos eh en el otro trabajo.,train
EN_050_8__ES_050_8,43,43,true,EN_050_8,ES_050_8,/Users/nilakshanraveendran/Documents/research/data/raw/DRAL16kHz/fragments-short/EN_050_8.wav,/Users/nilakshanraveendran/Documents/research/data/raw/DRAL16kHz/fragments-short/ES_050_8.wav,"I'm thinking of leaving that job, because I'm not liking that work anymore.",Estoy pensando dejando ese trabajo porque ya no me está gustando.,train
EN_050_9__ES_050_9,43,43,true,EN_050_9,ES_050_9,/Users/nilakshanraveendran/Documents/research/data/raw/DRAL16kHz/fragments-short/EN_050_9.wav,/Users/nilakshanraveendran/Documents/research/data/raw/DRAL16kHz/fragments-short/ES_050_9.wav,It's not as easy anymore.,No está tan fácil.,train
EN_051_10__ES_051_10,51,51,true,EN_051_10,ES_051_10,/Users/nilakshanraveendran/Documents/research/data/raw/DRAL16kHz/fragments-short/EN_051_10.wav,/Users/nilakshanraveendran/Documents/research/data/raw/DRAL16kHz/fragments-short/ES_051_10.wav,"'Cause their first few albums they sounded a lot like Le- Led Zeppelin, people were like, oh, you're just copycats.","porque sus primeros dos álbumes sonaban mucho como Led Zeppelin y la gente decía oh, esos los están copiando",train
EN_051_11__ES_051_11,32,32,true,EN_051_11,ES_051_11,/Users/nilakshanraveendran/Documents/research/data/raw/DRAL16kHz/fragments-short/EN_051_11.wav,/Users/nilakshanraveendran/Documents/research/data/raw/DRAL16kHz/fragments-short/ES_051_11.wav,"Yeah, they take after other bands.","Sí, toman después de otras bandas.",train
EN_051_12__ES_051_12,51,51,true,EN_051_12,ES_051_12,/Users/nilakshanraveendran/Documents/research/data/raw/DRAL16kHz/fragments-short/EN_051_12.wav,/Users/nilakshanraveendran/Documents/research/data/raw/DRAL16kHz/fragments-short/ES_051_12.wav,"Initially I wasn't, I was gonna g- go by myself 'cause I feel like I'd be awkward in a concert with somebody else.","Inicialmente no, porque pensé que iba a actuar medio rara en un concierto con otra gente.",train
EN_051_13__ES_051_13,51,51,true,EN_051_13,ES_051_13,/Users/nilakshanraveendran/Documents/research/data/raw/DRAL16kHz/fragments-short/EN_051_13.wav,/Users/nilakshanraveendran/Documents/research/data/raw/DRAL16kHz/fragments-short/ES_051_13.wav,"But my friend, she was like, oh, I'll go with you. And I was like, m'kay.","Pero mi amiga dijo, oh, voy contigo. Y yo, ok.",train
EN_051_14__ES_051_14,32,32,true,EN_051_14,ES_051_14,/Users/nilakshanraveendran/Documents/research/data/raw/DRAL16kHz/fragments-short/EN_051_14.wav,/Users/nilakshanraveendran/Documents/research/data/raw/DRAL16kHz/fragments-short/ES_051_14.wav,how open you are with like sharing your music with other people I guess,qué tan abierta estás para compartir tu música con otras personas,train
EN_051_15__ES_051_15,32,32,true,EN_051_15,ES_051_15,/Users/nilakshanraveendran/Documents/research/data/raw/DRAL16kHz/fragments-short/EN_051_15.wav,/Users/nilakshanraveendran/Documents/research/data/raw/DRAL16kHz/fragments-short/ES_051_15.wav,"Not a lot, because we... it just mostly went around on the bus.","No tanto, porque la mayoría del tiempo solo nos paseamos en el bus.",train
EN_051_16__ES_051_16,32,32,true,EN_051_16,ES_051_16,/Users/nilakshanraveendran/Documents/research/data/raw/DRAL16kHz/fragments-short/EN_051_16.wav,/Users/nilakshanraveendran/Documents/research/data/raw/DRAL16kHz/fragments-short/ES_051_16.wav,There wasn't that much that was done because I'll I also overslept.,No había tanto que se hizo porque yo también me quedé dormida.,train
EN_051_17__ES_051_17,32,32,true,EN_051_17,ES_051_17,/Users/nilakshanraveendran/Documents/research/data/raw/DRAL16kHz/fragments-short/EN_051_17.wav,/Users/nilakshanraveendran/Documents/research/data/raw/DRAL16kHz/fragments-short/ES_051_17.wav,I came back in the plane today.,Me regresé en el avión hoy.,train
EN_051_18__ES_051_18,32,32,true,EN_051_18,ES_051_18,/Users/nilakshanraveendran/Documents/research/data/raw/DRAL16kHz/fragments-short/EN_051_18.wav,/Users/nilakshanraveendran/Documents/research/data/raw/DRAL16kHz/fragments-short/ES_051_18.wav,"Well, it was at five?","Bueno, era las 5.",train
EN_051_19__ES_051_19,32,32,true,EN_051_19,ES_051_19,/Users/nilakshanraveendran/Documents/research/data/raw/DRAL16kHz/fragments-short/EN_051_19.wav,/Users/nilakshanraveendran/Documents/research/data/raw/DRAL16kHz/fragments-short/ES_051_19.wav,"Yeah, 'cause I- I- I don't sleep all that much. I have some insomnia.","Sí, porque yo no me, yo no me duermo tanto porque tengo insomnia.",train
EN_051_1__ES_051_1,51,51,true,EN_051_1,ES_051_1,/Users/nilakshanraveendran/Documents/research/data/raw/DRAL16kHz/fragments-short/EN_051_1.wav,/Users/nilakshanraveendran/Documents/research/data/raw/DRAL16kHz/fragments-short/ES_051_1.wav,"Uh, can you tell me about your trip to Austin?",¿Me puedes contar de tu viaje a Austin?,train
EN_051_20__ES_051_20,32,32,true,EN_051_20,ES_051_20,/Users/nilakshanraveendran/Documents/research/data/raw/DRAL16kHz/fragments-short/EN_051_20.wav,/Users/nilakshanraveendran/Documents/research/data/raw/DRAL16kHz/fragments-short/ES_051_20.wav,If I'm just more aware of things that I'm doing.,Si yo solo estoy más consciente de las cosas que hago.,train
EN_051_21__ES_051_21,32,32,true,EN_051_21,ES_051_21,/Users/nilakshanraveendran/Documents/research/data/raw/DRAL16kHz/fragments-short/EN_051_21.wav,/Users/nilakshanraveendran/Documents/research/data/raw/DRAL16kHz/fragments-short/ES_051_21.wav,Because I know I have different assignments.,porque yo sé que tengo diferente tarea,train
EN_051_22__ES_051_22,32,32,true,EN_051_22,ES_051_22,/Users/nilakshanraveendran/Documents/research/data/raw/DRAL16kHz/fragments-short/EN_051_22.wav,/Users/nilakshanraveendran/Documents/research/data/raw/DRAL16kHz/fragments-short/ES_051_22.wav,I have to get done and I want to do them as soon as they come out.,que necesito hacer cuando sale inmediatamente,train
EN_051_2__ES_051_2,32,32,true,EN_051_2,ES_051_2,/Users/nilakshanraveendran/Documents/research/data/raw/DRAL16kHz/fragments-short/EN_051_2.wav,/Users/nilakshanraveendran/Documents/research/data/raw/DRAL16kHz/fragments-short/ES_051_2.wav,I went to... go to a concert.,Yo fui a un concierto.,train
EN_051_3__ES_051_3,32,32,true,EN_051_3,ES_051_3,/Users/nilakshanraveendran/Documents/research/data/raw/DRAL16kHz/fragments-short/EN_051_3.wav,/Users/nilakshanraveendran/Documents/research/data/raw/DRAL16kHz/fragments-short/ES_051_3.wav,following this artist for a couple of years now.,Siguiendo a este artista por un par de años ahora.,train
EN_051_4__ES_051_4,32,32,true,EN_051_4,ES_051_4,/Users/nilakshanraveendran/Documents/research/data/raw/DRAL16kHz/fragments-short/EN_051_4.wav,/Users/nilakshanraveendran/Documents/research/data/raw/DRAL16kHz/fragments-short/ES_051_4.wav,"He's British, so he's been doing sort of gigs and concerts in the UK.","Es británico, entonces ha estado haciendo más o menos conciertos en el Reino Unido.",train
EN_051_5__ES_051_5,32,32,true,EN_051_5,ES_051_5,/Users/nilakshanraveendran/Documents/research/data/raw/DRAL16kHz/fragments-short/EN_051_5.wav,/Users/nilakshanraveendran/Documents/research/data/raw/DRAL16kHz/fragments-short/ES_051_5.wav,But I noticed that he was doing one here in the US.,Pero noté que estaba haciendo uno aquí en el Estados Unidos.,train
EN_051_6__ES_051_6,32,32,true,EN_051_6,ES_051_6,/Users/nilakshanraveendran/Documents/research/data/raw/DRAL16kHz/fragments-short/EN_051_6.wav,/Users/nilakshanraveendran/Documents/research/data/raw/DRAL16kHz/fragments-short/ES_051_6.wav,So I bought the tickets a couple months ago.,compre los boletos hace uno- unos meses,train
EN_051_7__ES_051_7,32,32,true,EN_051_7,ES_051_7,/Users/nilakshanraveendran/Documents/research/data/raw/DRAL16kHz/fragments-short/EN_051_7.wav,/Users/nilakshanraveendran/Documents/research/data/raw/DRAL16kHz/fragments-short/ES_051_7.wav,I went and I stayed with him and then we went together.,Yo fui y me quedé con él y fuimos juntos.,train
EN_051_8__ES_051_8,51,51,true,EN_051_8,ES_051_8,/Users/nilakshanraveendran/Documents/research/data/raw/DRAL16kHz/fragments-short/EN_051_8.wav,/Users/nilakshanraveendran/Documents/research/data/raw/DRAL16kHz/fragments-short/ES_051_8.wav,"Just speaking of concerts, I'm actually going to a concert tomorrow.","Hablando de conciertos, voy a ir a un concierto mañana",train
EN_051_9__ES_051_9,51,51,true,EN_051_9,ES_051_9,/Users/nilakshanraveendran/Documents/research/data/raw/DRAL16kHz/fragments-short/EN_051_9.wav,/Users/nilakshanraveendran/Documents/research/data/raw/DRAL16kHz/fragments-short/ES_051_9.wav,"They play like rock, but it's more like alt rock.","tocan rock, pero más como rock alternativo.",train
EN_052_10__ES_052_10,52,52,true,EN_052_10,ES_052_10,/Users/nilakshanraveendran/Documents/research/data/raw/DRAL16kHz/fragments-short/EN_052_10.wav,/Users/nilakshanraveendran/Documents/research/data/raw/DRAL16kHz/fragments-short/ES_052_10.wav,then there's gonna be another street called Kenazo.,Luego va a ser otra calle que es la que nace.,train
EN_052_11__ES_052_11,52,52,true,EN_052_11,ES_052_11,/Users/nilakshanraveendran/Documents/research/data/raw/DRAL16kHz/fragments-short/EN_052_11.wav,/Users/nilakshanraveendran/Documents/research/data/raw/DRAL16kHz/fragments-short/ES_052_11.wav,Then there's a stop light f- off East Lake and Horizon and I still go straight.,y luego está el semáforo de la Eastlake y Horizon ahí todavía me voy más derecha,train
EN_052_12__ES_052_12,52,52,true,EN_052_12,ES_052_12,/Users/nilakshanraveendran/Documents/research/data/raw/DRAL16kHz/fragments-short/EN_052_12.wav,/Users/nilakshanraveendran/Documents/research/data/raw/DRAL16kHz/fragments-short/ES_052_12.wav,So I pass the horizon high school and in two streets I go I turn left,"Paso la Horizon High School y a dos calles, y luego doy vuelta a la izquierda.",train
EN_052_13__ES_052_13,52,52,true,EN_052_13,ES_052_13,/Users/nilakshanraveendran/Documents/research/data/raw/DRAL16kHz/fragments-short/EN_052_13.wav,/Users/nilakshanraveendran/Documents/research/data/raw/DRAL16kHz/fragments-short/ES_052_13.wav,"Then you pass like five houses, and then there's my house.",luego pasas como 5 casas y ahí está mi casa,train
EN_052_14__ES_052_14,32,32,true,EN_052_14,ES_052_14,/Users/nilakshanraveendran/Documents/research/data/raw/DRAL16kHz/fragments-short/EN_052_14.wav,/Users/nilakshanraveendran/Documents/research/data/raw/DRAL16kHz/fragments-short/ES_052_14.wav,How much time is it from here to your house?,¿Cuánto tiempo duras de aquí a tu casa?,train
EN_052_15__ES_052_15,52,52,true,EN_052_15,ES_052_15,/Users/nilakshanraveendran/Documents/research/data/raw/DRAL16kHz/fragments-short/EN_052_15.wav,/Users/nilakshanraveendran/Documents/research/data/raw/DRAL16kHz/fragments-short/ES_052_15.wav,"without traffic, like half an hour.","Sin tráfico, como media hora.",train
EN_052_16__ES_052_16,32,32,true,EN_052_16,ES_052_16,/Users/nilakshanraveendran/Documents/research/data/raw/DRAL16kHz/fragments-short/EN_052_16.wav,/Users/nilakshanraveendran/Documents/research/data/raw/DRAL16kHz/fragments-short/ES_052_16.wav,"With more than 26 minutes, uh I'm already sick of traffic.","Yo con más de 26 minutos ya me, ya estoy harto del tráfico.",train
EN_052_17__ES_052_17,52,52,true,EN_052_17,ES_052_17,/Users/nilakshanraveendran/Documents/research/data/raw/DRAL16kHz/fragments-short/EN_052_17.wav,/Users/nilakshanraveendran/Documents/research/data/raw/DRAL16kHz/fragments-short/ES_052_17.wav,"No, one time I made like two hours on the freeway.","No, una vez hice como dos horas en- en el freeway.",train
EN_052_18__ES_052_18,32,32,true,EN_052_18,ES_052_18,/Users/nilakshanraveendran/Documents/research/data/raw/DRAL16kHz/fragments-short/EN_052_18.wav,/Users/nilakshanraveendran/Documents/research/data/raw/DRAL16kHz/fragments-short/ES_052_18.wav,"Yeah, and so the bridges, with their bridges, and they made them with two lanes, I don't know how they're gonna make them with three.","Sí, y, pues los puentes eh, son, ya son puentes, ya- ya lo hicieron con dos carriles, no sé cómo lo van a hacer con tres.",train
EN_052_19__ES_052_19,32,32,true,EN_052_19,ES_052_19,/Users/nilakshanraveendran/Documents/research/data/raw/DRAL16kHz/fragments-short/EN_052_19.wav,/Users/nilakshanraveendran/Documents/research/data/raw/DRAL16kHz/fragments-short/ES_052_19.wav,There's a place by West town where you have to be like a snake.,hay un lugar por Westtowne que tienes que hacerlo como víbora,train
EN_052_1__ES_052_1,52,52,true,EN_052_1,ES_052_1,/Users/nilakshanraveendran/Documents/research/data/raw/DRAL16kHz/fragments-short/EN_052_1.wav,/Users/nilakshanraveendran/Documents/research/data/raw/DRAL16kHz/fragments-short/ES_052_1.wav,"So I get out of the Sun Bowl, then I go to the... left to get the roundabout.",So me salgo del Sun Bowl y luego me voy a la izquierda para agarrar el- la glorieta.,train
EN_052_20__ES_052_20,32,32,true,EN_052_20,ES_052_20,/Users/nilakshanraveendran/Documents/research/data/raw/DRAL16kHz/fragments-short/EN_052_20.wav,/Users/nilakshanraveendran/Documents/research/data/raw/DRAL16kHz/fragments-short/ES_052_20.wav,'cause the traffic's horrible there.,Está bien horrible el tráfico allí.,train
EN_052_21__ES_052_21,32,32,true,EN_052_21,ES_052_21,/Users/nilakshanraveendran/Documents/research/data/raw/DRAL16kHz/fragments-short/EN_052_21.wav,/Users/nilakshanraveendran/Documents/research/data/raw/DRAL16kHz/fragments-short/ES_052_21.wav,"to the right, and then to the right again.","Para la derecha, luego derecha otra vez.",train
EN_052_22__ES_052_22,32,32,true,EN_052_22,ES_052_22,/Users/nilakshanraveendran/Documents/research/data/raw/DRAL16kHz/fragments-short/EN_052_22.wav,/Users/nilakshanraveendran/Documents/research/data/raw/DRAL16kHz/fragments-short/ES_052_22.wav,and there's the exit,Y ahí es la salida.,train
EN_052_23__ES_052_23,32,32,true,EN_052_23,ES_052_23,/Users/nilakshanraveendran/Documents/research/data/raw/DRAL16kHz/fragments-short/EN_052_23.wav,/Users/nilakshanraveendran/Documents/research/data/raw/DRAL16kHz/fragments-short/ES_052_23.wav,"I don't know what it's called, but I go there.","No sé cómo se llama, pero me- me voy de allí.",train
EN_052_24__ES_052_24,32,32,true,EN_052_24,ES_052_24,/Users/nilakshanraveendran/Documents/research/data/raw/DRAL16kHz/fragments-short/EN_052_24.wav,/Users/nilakshanraveendran/Documents/research/data/raw/DRAL16kHz/fragments-short/ES_052_24.wav,It forces you to go to the outlets and then you have to do the U-turn.,te forza a ir a los outlets y luego ya duras como el U-turn y...,train
EN_052_25__ES_052_25,32,32,true,EN_052_25,ES_052_25,/Users/nilakshanraveendran/Documents/research/data/raw/DRAL16kHz/fragments-short/EN_052_25.wav,/Users/nilakshanraveendran/Documents/research/data/raw/DRAL16kHz/fragments-short/ES_052_25.wav,There's always traffic there.,Ah siempre hay tráfico ahí.,train
EN_052_2__ES_052_2,52,52,true,EN_052_2,ES_052_2,/Users/nilakshanraveendran/Documents/research/data/raw/DRAL16kHz/fragments-short/EN_052_2.wav,/Users/nilakshanraveendran/Documents/research/data/raw/DRAL16kHz/fragments-short/ES_052_2.wav,"and then from there on the light, I go to the right","lo de ahí en el semáforo, doy a la derecha",train
EN_052_38__ES_052_38,32,32,true,EN_052_38,ES_052_38,/Users/nilakshanraveendran/Documents/research/data/raw/DRAL16kHz/fragments-short/EN_052_38.wav,/Users/nilakshanraveendran/Documents/research/data/raw/DRAL16kHz/fragments-short/ES_052_38.wav,"I live on the west side, so I don't even know.","Yo vivo en el West Side, so ni conozco",train
EN_052_3__ES_052_3,52,52,true,EN_052_3,ES_052_3,/Users/nilakshanraveendran/Documents/research/data/raw/DRAL16kHz/fragments-short/EN_052_3.wav,/Users/nilakshanraveendran/Documents/research/data/raw/DRAL16kHz/fragments-short/ES_052_3.wav,to the right then straight then passing the light that's where the freeway is,"lo a la derecha, luego me voy derecho y luego en el otro semáforo pasan- que está ahí donde está el freeway",train
EN_052_4__ES_052_4,32,32,true,EN_052_4,ES_052_4,/Users/nilakshanraveendran/Documents/research/data/raw/DRAL16kHz/fragments-short/EN_052_4.wav,/Users/nilakshanraveendran/Documents/research/data/raw/DRAL16kHz/fragments-short/ES_052_4.wav,It's like if the trains are over there and then to the left.,Es- es como los trenes hasta allá y luego a la izquierda.,train
EN_052_5__ES_052_5,52,52,true,EN_052_5,ES_052_5,/Users/nilakshanraveendran/Documents/research/data/raw/DRAL16kHz/fragments-short/EN_052_5.wav,/Users/nilakshanraveendran/Documents/research/data/raw/DRAL16kHz/fragments-short/ES_052_5.wav,'cause you know when you get out off Schuster to come to UTEP.,"Porque ya ves que cuando sales de Schuster, cuando vienes como para UTEP.",train
EN_052_7__ES_052_7,52,52,true,EN_052_7,ES_052_7,/Users/nilakshanraveendran/Documents/research/data/raw/DRAL16kHz/fragments-short/EN_052_7.wav,/Users/nilakshanraveendran/Documents/research/data/raw/DRAL16kHz/fragments-short/ES_052_7.wav,"I sometimes get out at East Lake, depends on traffic.","A veces me salgo en la, en la salida de la Eastlake, depende de cómo está el tráfico.",train
EN_052_8__ES_052_8,52,52,true,EN_052_8,ES_052_8,/Users/nilakshanraveendran/Documents/research/data/raw/DRAL16kHz/fragments-short/EN_052_8.wav,/Users/nilakshanraveendran/Documents/research/data/raw/DRAL16kHz/fragments-short/ES_052_8.wav,"Pues, the traffic is... has stopped. Just get out at East Lake.","o como si está parado el freeway de ese lado, pues me salgo en la Eastlake",train
EN_052_9__ES_052_9,52,52,true,EN_052_9,ES_052_9,/Users/nilakshanraveendran/Documents/research/data/raw/DRAL16kHz/fragments-short/EN_052_9.wav,/Users/nilakshanraveendran/Documents/research/data/raw/DRAL16kHz/fragments-short/ES_052_9.wav,"On Darrington, I go straight.","En la Darington pues, pues me voy derecho",train
EN_053_10__ES_053_10,48,48,true,EN_053_10,ES_053_10,/Users/nilakshanraveendran/Documents/research/data/raw/DRAL16kHz/fragments-short/EN_053_10.wav,/Users/nilakshanraveendran/Documents/research/data/raw/DRAL16kHz/fragments-short/ES_053_10.wav,"two exams, I failed them with 30s and 50s","Mis primeros dos exámenes los fallé como con 30, 50.",train
EN_053_11__ES_053_11,48,48,true,EN_053_11,ES_053_11,/Users/nilakshanraveendran/Documents/research/data/raw/DRAL16kHz/fragments-short/EN_053_11.wav,/Users/nilakshanraveendran/Documents/research/data/raw/DRAL16kHz/fragments-short/ES_053_11.wav,and then the third exam I passed it with like with a 78 and that helped me a lot.,"Y luego el tercer examen lo pasé como con un 78, eso me ayudó.",train
EN_053_12__ES_053_12,48,48,true,EN_053_12,ES_053_12,/Users/nilakshanraveendran/Documents/research/data/raw/DRAL16kHz/fragments-short/EN_053_12.wav,/Users/nilakshanraveendran/Documents/research/data/raw/DRAL16kHz/fragments-short/ES_053_12.wav,"Uh-huh, I remember that I used to get into that class at 10:30.","Ajá, me acuerdo que entraba a las 10 y media a esa clase",train
EN_053_13__ES_053_13,48,48,true,EN_053_13,ES_053_13,/Users/nilakshanraveendran/Documents/research/data/raw/DRAL16kHz/fragments-short/EN_053_13.wav,/Users/nilakshanraveendran/Documents/research/data/raw/DRAL16kHz/fragments-short/ES_053_13.wav,and get here to UTEP about 8 in the morning,Y llegaba aquí a UTEP a- a las 8 de la mañana.,train
EN_053_14__ES_053_14,48,48,true,EN_053_14,ES_053_14,/Users/nilakshanraveendran/Documents/research/data/raw/DRAL16kHz/fragments-short/EN_053_14.wav,/Users/nilakshanraveendran/Documents/research/data/raw/DRAL16kHz/fragments-short/ES_053_14.wav,"Yeah, cuz he kind of get mad because you don't learn it","Sí, se, como que se, le molesta que no lo aprendas.",train
EN_053_15__ES_053_15,48,48,true,EN_053_15,ES_053_15,/Users/nilakshanraveendran/Documents/research/data/raw/DRAL16kHz/fragments-short/EN_053_15.wav,/Users/nilakshanraveendran/Documents/research/data/raw/DRAL16kHz/fragments-short/ES_053_15.wav,"Yeah, it's because I think that Mejia is strict, but he's fair.","Sí, no es que siento que Mejía es estricto pero, pero es justo",train
EN_053_16__ES_053_16,48,48,true,EN_053_16,ES_053_16,/Users/nilakshanraveendran/Documents/research/data/raw/DRAL16kHz/fragments-short/EN_053_16.wav,/Users/nilakshanraveendran/Documents/research/data/raw/DRAL16kHz/fragments-short/ES_053_16.wav,"I think that he doesn't do favors like, oh you're gonna pass.","Siento que o sea no- no le hace favor a nadie, así como de que vas a pasar.",train
EN_053_17__ES_053_17,48,48,true,EN_053_17,ES_053_17,/Users/nilakshanraveendran/Documents/research/data/raw/DRAL16kHz/fragments-short/EN_053_17.wav,/Users/nilakshanraveendran/Documents/research/data/raw/DRAL16kHz/fragments-short/ES_053_17.wav,"The second one, um, study.","El segundo, pues estudiar.",train
EN_053_18__ES_053_18,48,48,true,EN_053_18,ES_053_18,/Users/nilakshanraveendran/Documents/research/data/raw/DRAL16kHz/fragments-short/EN_053_18.wav,/Users/nilakshanraveendran/Documents/research/data/raw/DRAL16kHz/fragments-short/ES_053_18.wav,but the homeworks that we have right now are more difficult.,pero las tareas que nos están dejando son más difíciles.,train
EN_053_19__ES_053_19,48,48,true,EN_053_19,ES_053_19,/Users/nilakshanraveendran/Documents/research/data/raw/DRAL16kHz/fragments-short/EN_053_19.wav,/Users/nilakshanraveendran/Documents/research/data/raw/DRAL16kHz/fragments-short/ES_053_19.wav,"So for example, if someone finished a part, they're like, oh, in case somebody needed uh, here it is.","De que si uno termina una parte, este, de que, ah, si a alguien le sirve esto, pues ahí está.",train
EN_053_1__ES_053_1,48,48,true,EN_053_1,ES_053_1,/Users/nilakshanraveendran/Documents/research/data/raw/DRAL16kHz/fragments-short/EN_053_1.wav,/Users/nilakshanraveendran/Documents/research/data/raw/DRAL16kHz/fragments-short/ES_053_1.wav,Uh well starting because I strongly recommend to take a- a programming course.,Pues empezando porque sí- sí les recomendaría tomar un- un curso básico de programación.,train
EN_053_20__ES_053_20,53,53,true,EN_053_20,ES_053_20,/Users/nilakshanraveendran/Documents/research/data/raw/DRAL16kHz/fragments-short/EN_053_20.wav,/Users/nilakshanraveendran/Documents/research/data/raw/DRAL16kHz/fragments-short/ES_053_20.wav,"But he's not the type to say, oh, let me help you.","Pero él no es de que, ah, déjame te ayudo.",dev
EN_053_21__ES_053_21,48,48,true,EN_053_21,ES_053_21,/Users/nilakshanraveendran/Documents/research/data/raw/DRAL16kHz/fragments-short/EN_053_21.wav,/Users/nilakshanraveendran/Documents/research/data/raw/DRAL16kHz/fragments-short/ES_053_21.wav,"In that subject, I've noticed that people is really selfish.","En esa materia si- este, he notado que la gente es muy egoísta.",train
EN_053_22__ES_053_22,48,48,true,EN_053_22,ES_053_22,/Users/nilakshanraveendran/Documents/research/data/raw/DRAL16kHz/fragments-short/EN_053_22.wav,/Users/nilakshanraveendran/Documents/research/data/raw/DRAL16kHz/fragments-short/ES_053_22.wav,because I feel that it's a really competitive career.,porque siento que es una carrera muy competitiva.,train
EN_053_23__ES_053_23,53,53,true,EN_053_23,ES_053_23,/Users/nilakshanraveendran/Documents/research/data/raw/DRAL16kHz/fragments-short/EN_053_23.wav,/Users/nilakshanraveendran/Documents/research/data/raw/DRAL16kHz/fragments-short/ES_053_23.wav,Very competitive.,muy competitiva,dev
EN_053_24__ES_053_24,53,53,true,EN_053_24,ES_053_24,/Users/nilakshanraveendran/Documents/research/data/raw/DRAL16kHz/fragments-short/EN_053_24.wav,/Users/nilakshanraveendran/Documents/research/data/raw/DRAL16kHz/fragments-short/ES_053_24.wav,"Right then, what's the third uh piece of advice?","Bueno, que- que es el tercer consejo?",dev
EN_053_25__ES_053_25,48,48,true,EN_053_25,ES_053_25,/Users/nilakshanraveendran/Documents/research/data/raw/DRAL16kHz/fragments-short/EN_053_25.wav,/Users/nilakshanraveendran/Documents/research/data/raw/DRAL16kHz/fragments-short/ES_053_25.wav,"That would be a good advice, make connections, make good connections because from there it depends a lot.","Ese sería un buen consejo, hazte conexiones, hazte muchas conexiones porque de ahí depende mucho.",train
EN_053_2__ES_053_2,48,48,true,EN_053_2,ES_053_2,/Users/nilakshanraveendran/Documents/research/data/raw/DRAL16kHz/fragments-short/EN_053_2.wav,/Users/nilakshanraveendran/Documents/research/data/raw/DRAL16kHz/fragments-short/ES_053_2.wav,before starting because yeah it's kind of hard,"Antes de entrar, porque sí, es complicado.",train
EN_053_3__ES_053_3,48,48,true,EN_053_3,ES_053_3,/Users/nilakshanraveendran/Documents/research/data/raw/DRAL16kHz/fragments-short/EN_053_3.wav,/Users/nilakshanraveendran/Documents/research/data/raw/DRAL16kHz/fragments-short/ES_053_3.wav,start without knowing absolutely nothing,entrar sin saber absolutamente nada.,train
EN_053_4__ES_053_4,48,48,true,EN_053_4,ES_053_4,/Users/nilakshanraveendran/Documents/research/data/raw/DRAL16kHz/fragments-short/EN_053_4.wav,/Users/nilakshanraveendran/Documents/research/data/raw/DRAL16kHz/fragments-short/ES_053_4.wav,"Me for example, I get in knowing a little bit from Arduino, but nothing like Java.","Pues, yo por ejemplo, había estudiado un poco de Arduino, pero nada que ver con Java.",train
EN_053_5__ES_053_5,48,48,true,EN_053_5,ES_053_5,/Users/nilakshanraveendran/Documents/research/data/raw/DRAL16kHz/fragments-short/EN_053_5.wav,/Users/nilakshanraveendran/Documents/research/data/raw/DRAL16kHz/fragments-short/ES_053_5.wav,professors are not on top of you and nothing like that and,los profes no están encima de ti ni nada de eso y...,train
EN_053_6__ES_053_6,48,48,true,EN_053_6,ES_053_6,/Users/nilakshanraveendran/Documents/research/data/raw/DRAL16kHz/fragments-short/EN_053_6.wav,/Users/nilakshanraveendran/Documents/research/data/raw/DRAL16kHz/fragments-short/ES_053_6.wav,"Yeah, it's- it's kind of difficult to learn a new language.","Y sí, sí es muy difícil aprender un nuevo lenguaje.",train
EN_053_8__ES_053_8,48,48,true,EN_053_8,ES_053_8,/Users/nilakshanraveendran/Documents/research/data/raw/DRAL16kHz/fragments-short/EN_053_8.wav,/Users/nilakshanraveendran/Documents/research/data/raw/DRAL16kHz/fragments-short/ES_053_8.wav,I was about to fail the subject of CS1.,"Estuve a punto de fallar la materia, de CS1.",train
EN_053_9__ES_053_9,48,48,true,EN_053_9,ES_053_9,/Users/nilakshanraveendran/Documents/research/data/raw/DRAL16kHz/fragments-short/EN_053_9.wav,/Users/nilakshanraveendran/Documents/research/data/raw/DRAL16kHz/fragments-short/ES_053_9.wav,"I remember that my first three exams, no.","Me acuerdo que mis primeros tres exámenes, no.",train
EN_054_10__ES_054_10,54,54,true,EN_054_10,ES_054_10,/Users/nilakshanraveendran/Documents/research/data/raw/DRAL16kHz/fragments-short/EN_054_10.wav,/Users/nilakshanraveendran/Documents/research/data/raw/DRAL16kHz/fragments-short/ES_054_10.wav,even if you didn't like the people.,Aunque no te gustaban las personas.,train
EN_054_11__ES_054_11,54,54,true,EN_054_11,ES_054_11,/Users/nilakshanraveendran/Documents/research/data/raw/DRAL16kHz/fragments-short/EN_054_11.wav,/Users/nilakshanraveendran/Documents/research/data/raw/DRAL16kHz/fragments-short/ES_054_11.wav,you could have voted for like the lesser of the evils.,Podrías votar de el menos malo de los dos.,train
EN_054_12__ES_054_12,54,54,true,EN_054_12,ES_054_12,/Users/nilakshanraveendran/Documents/research/data/raw/DRAL16kHz/fragments-short/EN_054_12.wav,/Users/nilakshanraveendran/Documents/research/data/raw/DRAL16kHz/fragments-short/ES_054_12.wav,"If Beto still asks, then you're like, okay, he's still terrible, but we tried something new.","Si Beto, todavía vale verga. Estas como, ok, bueno, está horrible, pero atentamos algo nuevo.",train
EN_054_13__ES_054_13,54,54,true,EN_054_13,ES_054_13,/Users/nilakshanraveendran/Documents/research/data/raw/DRAL16kHz/fragments-short/EN_054_13.wav,/Users/nilakshanraveendran/Documents/research/data/raw/DRAL16kHz/fragments-short/ES_054_13.wav,And then I chose one green because I thought it was funny because it was green party,Y luego escogí uno verde porque pensé que estaba chistoso porque fue grupo verde.,train
EN_054_14__ES_054_14,43,43,true,EN_054_14,ES_054_14,/Users/nilakshanraveendran/Documents/research/data/raw/DRAL16kHz/fragments-short/EN_054_14.wav,/Users/nilakshanraveendran/Documents/research/data/raw/DRAL16kHz/fragments-short/ES_054_14.wav,so we don't really know if that's their true intention to do,La verdad no sabemos si es su intención verdadera.,train
EN_054_15__ES_054_15,54,54,true,EN_054_15,ES_054_15,/Users/nilakshanraveendran/Documents/research/data/raw/DRAL16kHz/fragments-short/EN_054_15.wav,/Users/nilakshanraveendran/Documents/research/data/raw/DRAL16kHz/fragments-short/ES_054_15.wav,He's terrible for Texas.,Es horrible para Texas.,train
EN_054_16__ES_054_16,54,54,true,EN_054_16,ES_054_16,/Users/nilakshanraveendran/Documents/research/data/raw/DRAL16kHz/fragments-short/EN_054_16.wav,/Users/nilakshanraveendran/Documents/research/data/raw/DRAL16kHz/fragments-short/ES_054_16.wav,"Don't let him get Texas, guys.","No lo dejes conseguir a Texas, chicos.",train
EN_054_1__ES_054_1,54,54,true,EN_054_1,ES_054_1,/Users/nilakshanraveendran/Documents/research/data/raw/DRAL16kHz/fragments-short/EN_054_1.wav,/Users/nilakshanraveendran/Documents/research/data/raw/DRAL16kHz/fragments-short/ES_054_1.wav,Give me your reason why you're not political.,Dame tu razón porque no eres político.,train
EN_054_2__ES_054_2,43,43,true,EN_054_2,ES_054_2,/Users/nilakshanraveendran/Documents/research/data/raw/DRAL16kHz/fragments-short/EN_054_2.wav,/Users/nilakshanraveendran/Documents/research/data/raw/DRAL16kHz/fragments-short/ES_054_2.wav,And cuz they're a bunch of liars.,"Eh, pues, porque son bien mentirosos.",train
EN_054_3__ES_054_3,43,43,true,EN_054_3,ES_054_3,/Users/nilakshanraveendran/Documents/research/data/raw/DRAL16kHz/fragments-short/EN_054_3.wav,/Users/nilakshanraveendran/Documents/research/data/raw/DRAL16kHz/fragments-short/ES_054_3.wav,"So it's like, why follow them? See, they're not really going to do anything that-that they say so.",So para qué seguirlos si no va hacer nada de lo que están diciendo.,train
EN_054_4__ES_054_4,54,54,true,EN_054_4,ES_054_4,/Users/nilakshanraveendran/Documents/research/data/raw/DRAL16kHz/fragments-short/EN_054_4.wav,/Users/nilakshanraveendran/Documents/research/data/raw/DRAL16kHz/fragments-short/ES_054_4.wav,"For me? Like, did- did you vote?",Para mí... ¿Votastes?,train
EN_054_5__ES_054_5,54,54,true,EN_054_5,ES_054_5,/Users/nilakshanraveendran/Documents/research/data/raw/DRAL16kHz/fragments-short/EN_054_5.wav,/Users/nilakshanraveendran/Documents/research/data/raw/DRAL16kHz/fragments-short/ES_054_5.wav,"No, you're from Horizon, right? Did you vote?","No, ¿eres de Horizon? Sí, soy de aquí. ¿Votaste?",train
EN_054_6__ES_054_6,43,43,true,EN_054_6,ES_054_6,/Users/nilakshanraveendran/Documents/research/data/raw/DRAL16kHz/fragments-short/EN_054_6.wav,/Users/nilakshanraveendran/Documents/research/data/raw/DRAL16kHz/fragments-short/ES_054_6.wav,"Yeah, I'm from here. No.","Sí, soy de aquí. ¿Votaste? No.",train
EN_054_7__ES_054_7,54,54,true,EN_054_7,ES_054_7,/Users/nilakshanraveendran/Documents/research/data/raw/DRAL16kHz/fragments-short/EN_054_7.wav,/Users/nilakshanraveendran/Documents/research/data/raw/DRAL16kHz/fragments-short/ES_054_7.wav,"I voted like last last minute, like an hour beforehand.",yo voté muy muy tarde como una hora antes,train
EN_054_8__ES_054_8,54,54,true,EN_054_8,ES_054_8,/Users/nilakshanraveendran/Documents/research/data/raw/DRAL16kHz/fragments-short/EN_054_8.wav,/Users/nilakshanraveendran/Documents/research/data/raw/DRAL16kHz/fragments-short/ES_054_8.wav,One of my friends was a Trump supporter.,"Uno de mis amigos fue, apoyaba a Trump.",train
EN_054_9__ES_054_9,54,54,true,EN_054_9,ES_054_9,/Users/nilakshanraveendran/Documents/research/data/raw/DRAL16kHz/fragments-short/EN_054_9.wav,/Users/nilakshanraveendran/Documents/research/data/raw/DRAL16kHz/fragments-short/ES_054_9.wav,I could not- I could not speak with him.,y no podría hablar con él.,train
EN_055_10__ES_055_10,36,36,true,EN_055_10,ES_055_10,/Users/nilakshanraveendran/Documents/research/data/raw/DRAL16kHz/fragments-short/EN_055_10.wav,/Users/nilakshanraveendran/Documents/research/data/raw/DRAL16kHz/fragments-short/ES_055_10.wav,and I also didn't like his design,y tampoco no me gustó su diseño,train
EN_055_11__ES_055_11,36,36,true,EN_055_11,ES_055_11,/Users/nilakshanraveendran/Documents/research/data/raw/DRAL16kHz/fragments-short/EN_055_11.wav,/Users/nilakshanraveendran/Documents/research/data/raw/DRAL16kHz/fragments-short/ES_055_11.wav,"Okay, hold on, hold on. We're not disagreeing.","Ok, ok, espera, espera, espera, nos estamos discutiendo",train
EN_055_12__ES_055_12,36,36,true,EN_055_12,ES_055_12,/Users/nilakshanraveendran/Documents/research/data/raw/DRAL16kHz/fragments-short/EN_055_12.wav,/Users/nilakshanraveendran/Documents/research/data/raw/DRAL16kHz/fragments-short/ES_055_12.wav,"Doctor Octopus, oh my god.","Doctor Octopus, ay dios",train
EN_055_13__ES_055_13,36,36,true,EN_055_13,ES_055_13,/Users/nilakshanraveendran/Documents/research/data/raw/DRAL16kHz/fragments-short/EN_055_13.wav,/Users/nilakshanraveendran/Documents/research/data/raw/DRAL16kHz/fragments-short/ES_055_13.wav,"Ah, it's okay","Eh, estuvo bien.",train
EN_055_14__ES_055_14,36,36,true,EN_055_14,ES_055_14,/Users/nilakshanraveendran/Documents/research/data/raw/DRAL16kHz/fragments-short/EN_055_14.wav,/Users/nilakshanraveendran/Documents/research/data/raw/DRAL16kHz/fragments-short/ES_055_14.wav,"Oh yeah, I- I didn't like him.","Oh, sí, el no me gustó.",train
EN_055_15__ES_055_15,36,36,true,EN_055_15,ES_055_15,/Users/nilakshanraveendran/Documents/research/data/raw/DRAL16kHz/fragments-short/EN_055_15.wav,/Users/nilakshanraveendran/Documents/research/data/raw/DRAL16kHz/fragments-short/ES_055_15.wav,"At the time, I really liked it.",En el momento si me gustó,train
EN_055_1__ES_055_1,55,55,true,EN_055_1,ES_055_1,/Users/nilakshanraveendran/Documents/research/data/raw/DRAL16kHz/fragments-short/EN_055_1.wav,/Users/nilakshanraveendran/Documents/research/data/raw/DRAL16kHz/fragments-short/ES_055_1.wav,You can't disagree with me on that.,No puedes decir eso.,train
EN_055_2__ES_055_2,36,36,true,EN_055_2,ES_055_2,/Users/nilakshanraveendran/Documents/research/data/raw/DRAL16kHz/fragments-short/EN_055_2.wav,/Users/nilakshanraveendran/Documents/research/data/raw/DRAL16kHz/fragments-short/ES_055_2.wav,"Uh, the sister?",Ah ¿La hermana?,train
EN_055_3__ES_055_3,36,36,true,EN_055_3,ES_055_3,/Users/nilakshanraveendran/Documents/research/data/raw/DRAL16kHz/fragments-short/EN_055_3.wav,/Users/nilakshanraveendran/Documents/research/data/raw/DRAL16kHz/fragments-short/ES_055_3.wav,"Okay, look, I- I admit it had its problems.","Ok, ok, mira, entiendo que tenía sus problemas.",train
EN_055_4__ES_055_4,36,36,true,EN_055_4,ES_055_4,/Users/nilakshanraveendran/Documents/research/data/raw/DRAL16kHz/fragments-short/EN_055_4.wav,/Users/nilakshanraveendran/Documents/research/data/raw/DRAL16kHz/fragments-short/ES_055_4.wav,the- the fat guy.,E- El gordito,train
EN_055_5__ES_055_5,36,36,true,EN_055_5,ES_055_5,/Users/nilakshanraveendran/Documents/research/data/raw/DRAL16kHz/fragments-short/EN_055_5.wav,/Users/nilakshanraveendran/Documents/research/data/raw/DRAL16kHz/fragments-short/ES_055_5.wav,"But honestly, I love the movie in terms of the plot.",Pero la verdad es que me encantó la película hablando de- de la historia.,train
EN_055_6__ES_055_6,36,36,true,EN_055_6,ES_055_6,/Users/nilakshanraveendran/Documents/research/data/raw/DRAL16kHz/fragments-short/EN_055_6.wav,/Users/nilakshanraveendran/Documents/research/data/raw/DRAL16kHz/fragments-short/ES_055_6.wav,"That's mainly because of COVID, though.",Pero más que nada era por COVID.,train
EN_055_7__ES_055_7,36,36,true,EN_055_7,ES_055_7,/Users/nilakshanraveendran/Documents/research/data/raw/DRAL16kHz/fragments-short/EN_055_7.wav,/Users/nilakshanraveendran/Documents/research/data/raw/DRAL16kHz/fragments-short/ES_055_7.wav,"But look, I still had fun watching it. I thought it was entertaining.","Pero mira, todavía me divertí viéndolo, todavía me entretení.",train
EN_055_8__ES_055_8,36,36,true,EN_055_8,ES_055_8,/Users/nilakshanraveendran/Documents/research/data/raw/DRAL16kHz/fragments-short/EN_055_8.wav,/Users/nilakshanraveendran/Documents/research/data/raw/DRAL16kHz/fragments-short/ES_055_8.wav,"Eternals? Ah, it's not as bad as people say it is.","Eternals, eh, no era tan malo como la gente decía",train
EN_055_9__ES_055_9,36,36,true,EN_055_9,ES_055_9,/Users/nilakshanraveendran/Documents/research/data/raw/DRAL16kHz/fragments-short/EN_055_9.wav,/Users/nilakshanraveendran/Documents/research/data/raw/DRAL16kHz/fragments-short/ES_055_9.wav,I think it should have taken a lot more serious tone.,Creo que necesitaba un tono más serio.,train
EN_056_10__ES_056_10,36,36,true,EN_056_10,ES_056_10,/Users/nilakshanraveendran/Documents/research/data/raw/DRAL16kHz/fragments-short/EN_056_10.wav,/Users/nilakshanraveendran/Documents/research/data/raw/DRAL16kHz/fragments-short/ES_056_10.wav,It was like 3 a.m. in the morning in El Paso.,Era como las 3 de la mañana en El Paso.,train
EN_056_11__ES_056_11,56,56,true,EN_056_11,ES_056_11,/Users/nilakshanraveendran/Documents/research/data/raw/DRAL16kHz/fragments-short/EN_056_11.wav,/Users/nilakshanraveendran/Documents/research/data/raw/DRAL16kHz/fragments-short/ES_056_11.wav,Remember that we were staying in a hotel.,Acuérdate que nos quedamos en un hotel.,dev
EN_056_12__ES_056_12,56,56,true,EN_056_12,ES_056_12,/Users/nilakshanraveendran/Documents/research/data/raw/DRAL16kHz/fragments-short/EN_056_12.wav,/Users/nilakshanraveendran/Documents/research/data/raw/DRAL16kHz/fragments-short/ES_056_12.wav,"Fine, then I suppose we did go.","Bueno, entonces supongo que sí fuimos...",dev
EN_056_13__ES_056_13,36,36,true,EN_056_13,ES_056_13,/Users/nilakshanraveendran/Documents/research/data/raw/DRAL16kHz/fragments-short/EN_056_13.wav,/Users/nilakshanraveendran/Documents/research/data/raw/DRAL16kHz/fragments-short/ES_056_13.wav,"Yeah, we walked a lot in the city.","Sí, caminamos mucho en la ciudad.",train
EN_056_14__ES_056_14,56,56,true,EN_056_14,ES_056_14,/Users/nilakshanraveendran/Documents/research/data/raw/DRAL16kHz/fragments-short/EN_056_14.wav,/Users/nilakshanraveendran/Documents/research/data/raw/DRAL16kHz/fragments-short/ES_056_14.wav,I did go in because I remember where everything was at.,"Así me metí porque me acuerdo que ya lo, ya más o menos sabía dónde estaba todo.",dev
EN_056_15__ES_056_15,36,36,true,EN_056_15,ES_056_15,/Users/nilakshanraveendran/Documents/research/data/raw/DRAL16kHz/fragments-short/EN_056_15.wav,/Users/nilakshanraveendran/Documents/research/data/raw/DRAL16kHz/fragments-short/ES_056_15.wav,But I did like Madrid a lot.,Pero sí me gustó mucho Madrid.,train
EN_056_16__ES_056_16,56,56,true,EN_056_16,ES_056_16,/Users/nilakshanraveendran/Documents/research/data/raw/DRAL16kHz/fragments-short/EN_056_16.wav,/Users/nilakshanraveendran/Documents/research/data/raw/DRAL16kHz/fragments-short/ES_056_16.wav,"Oh, that's when uh my dad went to the bullfight, no?","Oh, fue cuando mi papá fue a, a la corrida de to- de toros, ¿no?",dev
EN_056_17__ES_056_17,36,36,true,EN_056_17,ES_056_17,/Users/nilakshanraveendran/Documents/research/data/raw/DRAL16kHz/fragments-short/EN_056_17.wav,/Users/nilakshanraveendran/Documents/research/data/raw/DRAL16kHz/fragments-short/ES_056_17.wav,"Yeah, but that was like the next day, no?","Sí, pero eso fue como el siguiente día, ¿no?",train
EN_056_18__ES_056_18,56,56,true,EN_056_18,ES_056_18,/Users/nilakshanraveendran/Documents/research/data/raw/DRAL16kHz/fragments-short/EN_056_18.wav,/Users/nilakshanraveendran/Documents/research/data/raw/DRAL16kHz/fragments-short/ES_056_18.wav,"That they went to that, I don't know whose concert, and they couldn't get out because they got stranded. Because they couldn't find Uber.","que se fueron al concierto ese de no se quien y luego que se quedaron atorados en el, en el concierto porque no habían Uber",dev
EN_056_19__ES_056_19,56,56,true,EN_056_19,ES_056_19,/Users/nilakshanraveendran/Documents/research/data/raw/DRAL16kHz/fragments-short/EN_056_19.wav,/Users/nilakshanraveendran/Documents/research/data/raw/DRAL16kHz/fragments-short/ES_056_19.wav,"Because, okay, a concert ends at, like, what? Eleven?","Porque ok, un concierto se acaba como... ¿Qué? ¿A las 11?",dev
EN_056_1__ES_056_1,36,36,true,EN_056_1,ES_056_1,/Users/nilakshanraveendran/Documents/research/data/raw/DRAL16kHz/fragments-short/EN_056_1.wav,/Users/nilakshanraveendran/Documents/research/data/raw/DRAL16kHz/fragments-short/ES_056_1.wav,"Day one, we made it to Portugal.","Día 1, llegamos a Portugal.",train
EN_056_20__ES_056_20,36,36,true,EN_056_20,ES_056_20,/Users/nilakshanraveendran/Documents/research/data/raw/DRAL16kHz/fragments-short/EN_056_20.wav,/Users/nilakshanraveendran/Documents/research/data/raw/DRAL16kHz/fragments-short/ES_056_20.wav,"Wait, but what else did we do there?",pero ¿qué más hicimos de ahí?,train
EN_056_2__ES_056_2,56,56,true,EN_056_2,ES_056_2,/Users/nilakshanraveendran/Documents/research/data/raw/DRAL16kHz/fragments-short/EN_056_2.wav,/Users/nilakshanraveendran/Documents/research/data/raw/DRAL16kHz/fragments-short/ES_056_2.wav,"Yeah, that we thought we weren't going to make it.","Sí, que pensamos que no la íbamos a hacer.",dev
EN_056_3__ES_056_3,36,36,true,EN_056_3,ES_056_3,/Users/nilakshanraveendran/Documents/research/data/raw/DRAL16kHz/fragments-short/EN_056_3.wav,/Users/nilakshanraveendran/Documents/research/data/raw/DRAL16kHz/fragments-short/ES_056_3.wav,"And it was really early, I remember.","Y era muy- muy temprano, me acuerdo.",train
EN_056_4__ES_056_4,36,36,true,EN_056_4,ES_056_4,/Users/nilakshanraveendran/Documents/research/data/raw/DRAL16kHz/fragments-short/EN_056_4.wav,/Users/nilakshanraveendran/Documents/research/data/raw/DRAL16kHz/fragments-short/ES_056_4.wav,"Oh, that's true.","Ah, si cierto.",train
EN_056_5__ES_056_5,56,56,true,EN_056_5,ES_056_5,/Users/nilakshanraveendran/Documents/research/data/raw/DRAL16kHz/fragments-short/EN_056_5.wav,/Users/nilakshanraveendran/Documents/research/data/raw/DRAL16kHz/fragments-short/ES_056_5.wav,"From there, I don't remember where we went. I think we went to...","De ahí ya no me acuerdo donde nos fuimos, se me hace que de ahí nos fuimos...",dev
EN_056_6__ES_056_6,36,36,true,EN_056_6,ES_056_6,/Users/nilakshanraveendran/Documents/research/data/raw/DRAL16kHz/fragments-short/EN_056_6.wav,/Users/nilakshanraveendran/Documents/research/data/raw/DRAL16kHz/fragments-short/ES_056_6.wav,We made it to Portugal and I remember we were like very tired.,llegamos a Portugal y me acuerdo que estábamos como muy cansados,train
EN_056_7__ES_056_7,36,36,true,EN_056_7,ES_056_7,/Users/nilakshanraveendran/Documents/research/data/raw/DRAL16kHz/fragments-short/EN_056_7.wav,/Users/nilakshanraveendran/Documents/research/data/raw/DRAL16kHz/fragments-short/ES_056_7.wav,But in then uh we went to another museum.,pero y luego nos fuimos a otro museo,train
EN_056_8__ES_056_8,56,56,true,EN_056_8,ES_056_8,/Users/nilakshanraveendran/Documents/research/data/raw/DRAL16kHz/fragments-short/EN_056_8.wav,/Users/nilakshanraveendran/Documents/research/data/raw/DRAL16kHz/fragments-short/ES_056_8.wav,"I remember that when we got there, the first thing that we did was","Yo me acuerdo que cuando llegamos ahí, lo primero que hicimos fue...",dev
EN_056_9__ES_056_9,56,56,true,EN_056_9,ES_056_9,/Users/nilakshanraveendran/Documents/research/data/raw/DRAL16kHz/fragments-short/EN_056_9.wav,/Users/nilakshanraveendran/Documents/research/data/raw/DRAL16kHz/fragments-short/ES_056_9.wav,Right there we hadn't slept for about 18 hours.,Ahí no habíamos dormido ya como por 18 horas.,dev
EN_057_1__ES_057_1,57,57,true,EN_057_1,ES_057_1,/Users/nilakshanraveendran/Documents/research/data/raw/DRAL16kHz/fragments-short/EN_057_1.wav,/Users/nilakshanraveendran/Documents/research/data/raw/DRAL16kHz/fragments-short/ES_057_1.wav,think of what are the words uh,"Pensar de que, cuáles son las palabras ah",dev
EN_057_2__ES_057_2,50,50,true,EN_057_2,ES_057_2,/Users/nilakshanraveendran/Documents/research/data/raw/DRAL16kHz/fragments-short/EN_057_2.wav,/Users/nilakshanraveendran/Documents/research/data/raw/DRAL16kHz/fragments-short/ES_057_2.wav,"No, those are... they're called cherries.","No, esos son... se llaman cherries.",train
EN_057_4__ES_057_4,50,50,true,EN_057_4,ES_057_4,/Users/nilakshanraveendran/Documents/research/data/raw/DRAL16kHz/fragments-short/EN_057_4.wav,/Users/nilakshanraveendran/Documents/research/data/raw/DRAL16kHz/fragments-short/ES_057_4.wav,They get bored of the food.,se aburren de la comida.,train
EN_057_6__ES_057_6,50,50,true,EN_057_6,ES_057_6,/Users/nilakshanraveendran/Documents/research/data/raw/DRAL16kHz/fragments-short/EN_057_6.wav,/Users/nilakshanraveendran/Documents/research/data/raw/DRAL16kHz/fragments-short/ES_057_6.wav,I almost always eat something with eggs.,Casi siempre como algo con huevo.,train
EN_058_10__ES_058_10,58,58,true,EN_058_10,ES_058_10,/Users/nilakshanraveendran/Documents/research/data/raw/DRAL16kHz/fragments-short/EN_058_10.wav,/Users/nilakshanraveendran/Documents/research/data/raw/DRAL16kHz/fragments-short/ES_058_10.wav,one character and it's cute.,Un personaje más tierno,test
EN_058_1__ES_058_1,57,57,true,EN_058_1,ES_058_1,/Users/nilakshanraveendran/Documents/research/data/raw/DRAL16kHz/fragments-short/EN_058_1.wav,/Users/nilakshanraveendran/Documents/research/data/raw/DRAL16kHz/fragments-short/ES_058_1.wav,"Okay, now it's now it's recording.","Ok, ok ahora sí está grabando.",dev
EN_058_2__ES_058_2,58,58,true,EN_058_2,ES_058_2,/Users/nilakshanraveendran/Documents/research/data/raw/DRAL16kHz/fragments-short/EN_058_2.wav,/Users/nilakshanraveendran/Documents/research/data/raw/DRAL16kHz/fragments-short/ES_058_2.wav,"It's kind of like the switch, but not with like the removable sides","Es como el Switch, pero, pero sin las partes removibles.",test
EN_058_3__ES_058_3,58,58,true,EN_058_3,ES_058_3,/Users/nilakshanraveendran/Documents/research/data/raw/DRAL16kHz/fragments-short/EN_058_3.wav,/Users/nilakshanraveendran/Documents/research/data/raw/DRAL16kHz/fragments-short/ES_058_3.wav,"Well, it's kind of like The Sims, but like...","Es casi como los de Sim, pero...",test
EN_058_4__ES_058_4,58,58,true,EN_058_4,ES_058_4,/Users/nilakshanraveendran/Documents/research/data/raw/DRAL16kHz/fragments-short/EN_058_4.wav,/Users/nilakshanraveendran/Documents/research/data/raw/DRAL16kHz/fragments-short/ES_058_4.wav,and then we can visit each other.,y después nos podemos visitar.,test
EN_058_5__ES_058_5,58,58,true,EN_058_5,ES_058_5,/Users/nilakshanraveendran/Documents/research/data/raw/DRAL16kHz/fragments-short/EN_058_5.wav,/Users/nilakshanraveendran/Documents/research/data/raw/DRAL16kHz/fragments-short/ES_058_5.wav,And I'm taking two classes of graphic design.,Y estoy tomando dos clases de diseño gráfico.,test
EN_058_6__ES_058_6,58,58,true,EN_058_6,ES_058_6,/Users/nilakshanraveendran/Documents/research/data/raw/DRAL16kHz/fragments-short/EN_058_6.wav,/Users/nilakshanraveendran/Documents/research/data/raw/DRAL16kHz/fragments-short/ES_058_6.wav,Each class it's like three hours and a half,Cada clase son como tres horas y media.,test
EN_058_7__ES_058_7,58,58,true,EN_058_7,ES_058_7,/Users/nilakshanraveendran/Documents/research/data/raw/DRAL16kHz/fragments-short/EN_058_7.wav,/Users/nilakshanraveendran/Documents/research/data/raw/DRAL16kHz/fragments-short/ES_058_7.wav,like hidden but also like obvious,"como oculto, pero también obvio.",test
EN_058_8__ES_058_8,58,58,true,EN_058_8,ES_058_8,/Users/nilakshanraveendran/Documents/research/data/raw/DRAL16kHz/fragments-short/EN_058_8.wav,/Users/nilakshanraveendran/Documents/research/data/raw/DRAL16kHz/fragments-short/ES_058_8.wav,And it's like wrapped within the hair.,Y está como enredado entre el pelo,test
EN_058_9__ES_058_9,57,57,true,EN_058_9,ES_058_9,/Users/nilakshanraveendran/Documents/research/data/raw/DRAL16kHz/fragments-short/EN_058_9.wav,/Users/nilakshanraveendran/Documents/research/data/raw/DRAL16kHz/fragments-short/ES_058_9.wav,but,Pero...,dev
EN_059_10__ES_059_10,59,59,true,EN_059_10,ES_059_10,/Users/nilakshanraveendran/Documents/research/data/raw/DRAL16kHz/fragments-short/EN_059_10.wav,/Users/nilakshanraveendran/Documents/research/data/raw/DRAL16kHz/fragments-short/ES_059_10.wav,Get out. Get out of the car. Get out of the house.,"Quédate, salte del carro, salte de la casa.",train
EN_059_11__ES_059_11,59,59,true,EN_059_11,ES_059_11,/Users/nilakshanraveendran/Documents/research/data/raw/DRAL16kHz/fragments-short/EN_059_11.wav,/Users/nilakshanraveendran/Documents/research/data/raw/DRAL16kHz/fragments-short/ES_059_11.wav,"No, you've never been to a concert?",No- ¿Nunca has ido a un concierto?,train
EN_059_12__ES_059_12,57,57,true,EN_059_12,ES_059_12,/Users/nilakshanraveendran/Documents/research/data/raw/DRAL16kHz/fragments-short/EN_059_12.wav,/Users/nilakshanraveendran/Documents/research/data/raw/DRAL16kHz/fragments-short/ES_059_12.wav,I wanna go to Coachella because Blackpink is gonna be there.,Quiero ir a Coachella porque ahí va a estar Blackpink.,dev
EN_059_13__ES_059_13,57,57,true,EN_059_13,ES_059_13,/Users/nilakshanraveendran/Documents/research/data/raw/DRAL16kHz/fragments-short/EN_059_13.wav,/Users/nilakshanraveendran/Documents/research/data/raw/DRAL16kHz/fragments-short/ES_059_13.wav,Do you want to go?,¿Quieres ir?,dev
EN_059_14__ES_059_14,59,59,true,EN_059_14,ES_059_14,/Users/nilakshanraveendran/Documents/research/data/raw/DRAL16kHz/fragments-short/EN_059_14.wav,/Users/nilakshanraveendran/Documents/research/data/raw/DRAL16kHz/fragments-short/ES_059_14.wav,Almost $500.,casi 500 dólares,train
EN_059_15__ES_059_15,57,57,true,EN_059_15,ES_059_15,/Users/nilakshanraveendran/Documents/research/data/raw/DRAL16kHz/fragments-short/EN_059_15.wav,/Users/nilakshanraveendran/Documents/research/data/raw/DRAL16kHz/fragments-short/ES_059_15.wav,"And they say, no, we can't because of this and that. And I'm like, ah.","Dicen, no, es que no podemos, porque esto y eso y luego...",dev
EN_059_16__ES_059_16,57,57,true,EN_059_16,ES_059_16,/Users/nilakshanraveendran/Documents/research/data/raw/DRAL16kHz/fragments-short/EN_059_16.wav,/Users/nilakshanraveendran/Documents/research/data/raw/DRAL16kHz/fragments-short/ES_059_16.wav,I'm gonna sell my phone and my house.,"Voy a vender mi teléfono, mi casa.",dev
EN_059_17__ES_059_17,59,59,true,EN_059_17,ES_059_17,/Users/nilakshanraveendran/Documents/research/data/raw/DRAL16kHz/fragments-short/EN_059_17.wav,/Users/nilakshanraveendran/Documents/research/data/raw/DRAL16kHz/fragments-short/ES_059_17.wav,It's because my mom really loves my my doggy.,Es porque mi mamá quiere mucho a mi a mi perrita.,train
EN_059_18__ES_059_18,59,59,true,EN_059_18,ES_059_18,/Users/nilakshanraveendran/Documents/research/data/raw/DRAL16kHz/fragments-short/EN_059_18.wav,/Users/nilakshanraveendran/Documents/research/data/raw/DRAL16kHz/fragments-short/ES_059_18.wav,Let's go.,¿Vamos?,train
EN_059_1__ES_059_1,59,59,true,EN_059_1,ES_059_1,/Users/nilakshanraveendran/Documents/research/data/raw/DRAL16kHz/fragments-short/EN_059_1.wav,/Users/nilakshanraveendran/Documents/research/data/raw/DRAL16kHz/fragments-short/ES_059_1.wav,"Well, I don't know because with the concert, I was very distracted.","Pues no sé, porque con lo del concierto estaba muy distraída.",train
EN_059_2__ES_059_2,59,59,true,EN_059_2,ES_059_2,/Users/nilakshanraveendran/Documents/research/data/raw/DRAL16kHz/fragments-short/EN_059_2.wav,/Users/nilakshanraveendran/Documents/research/data/raw/DRAL16kHz/fragments-short/ES_059_2.wav,"No, I couldn't concentrate for anything.",No- no me podía concentrar para nada.,train
EN_059_3__ES_059_3,57,57,true,EN_059_3,ES_059_3,/Users/nilakshanraveendran/Documents/research/data/raw/DRAL16kHz/fragments-short/EN_059_3.wav,/Users/nilakshanraveendran/Documents/research/data/raw/DRAL16kHz/fragments-short/ES_059_3.wav,I wanna go to the concert,quiero ir al concierto.,dev
EN_059_4__ES_059_4,59,59,true,EN_059_4,ES_059_4,/Users/nilakshanraveendran/Documents/research/data/raw/DRAL16kHz/fragments-short/EN_059_4.wav,/Users/nilakshanraveendran/Documents/research/data/raw/DRAL16kHz/fragments-short/ES_059_4.wav,"Well, for right now, it's more of writing.",Pues por ahorita es más bien escritura.,train
EN_059_5__ES_059_5,57,57,true,EN_059_5,ES_059_5,/Users/nilakshanraveendran/Documents/research/data/raw/DRAL16kHz/fragments-short/EN_059_5.wav,/Users/nilakshanraveendran/Documents/research/data/raw/DRAL16kHz/fragments-short/ES_059_5.wav,But but now that you've got it you could just rest no,"Pero ahora ahora sí que ya los agarraste, puedes descansar, ¿no?",dev
EN_059_6__ES_059_6,59,59,true,EN_059_6,ES_059_6,/Users/nilakshanraveendran/Documents/research/data/raw/DRAL16kHz/fragments-short/EN_059_6.wav,/Users/nilakshanraveendran/Documents/research/data/raw/DRAL16kHz/fragments-short/ES_059_6.wav,"Well, I don't know because now it's the anxiousness of seeing them.","Pues no sé, porque ahora la ansia de verlos.",train
EN_059_7__ES_059_7,57,57,true,EN_059_7,ES_059_7,/Users/nilakshanraveendran/Documents/research/data/raw/DRAL16kHz/fragments-short/EN_059_7.wav,/Users/nilakshanraveendran/Documents/research/data/raw/DRAL16kHz/fragments-short/ES_059_7.wav,And which which seats did you get?,"¿Y cuáles, cuales asientos agarraron?",dev
EN_059_8__ES_059_8,59,59,true,EN_059_8,ES_059_8,/Users/nilakshanraveendran/Documents/research/data/raw/DRAL16kHz/fragments-short/EN_059_8.wav,/Users/nilakshanraveendran/Documents/research/data/raw/DRAL16kHz/fragments-short/ES_059_8.wav,the ones that are on the first level,los que están en el primer nivel.,train
EN_059_9__ES_059_9,59,59,true,EN_059_9,ES_059_9,/Users/nilakshanraveendran/Documents/research/data/raw/DRAL16kHz/fragments-short/EN_059_9.wav,/Users/nilakshanraveendran/Documents/research/data/raw/DRAL16kHz/fragments-short/ES_059_9.wav,"No, the more expensive ones are the ones that are on the floor.","No, los más caros son los que están en el piso.",train
EN_060_10__ES_060_10,60,60,true,EN_060_10,ES_060_10,/Users/nilakshanraveendran/Documents/research/data/raw/DRAL16kHz/fragments-short/EN_060_10.wav,/Users/nilakshanraveendran/Documents/research/data/raw/DRAL16kHz/fragments-short/ES_060_10.wav,uh hotel buffets and- and Mexico,en los buffets hoteleros en- en México.,dev
EN_060_11__ES_060_11,57,57,true,EN_060_11,ES_060_11,/Users/nilakshanraveendran/Documents/research/data/raw/DRAL16kHz/fragments-short/EN_060_11.wav,/Users/nilakshanraveendran/Documents/research/data/raw/DRAL16kHz/fragments-short/ES_060_11.wav,"I don't have my phone, but I'll I'll look it up later.","No tengo mi teléfono, pero- pero ahí lo busco al rato.",dev
EN_060_12__ES_060_12,57,57,true,EN_060_12,ES_060_12,/Users/nilakshanraveendran/Documents/research/data/raw/DRAL16kHz/fragments-short/EN_060_12.wav,/Users/nilakshanraveendran/Documents/research/data/raw/DRAL16kHz/fragments-short/ES_060_12.wav,shrimp chicken they have beef too,"Camarón, pollo, también tienen de res.",dev
EN_060_13__ES_060_13,60,60,true,EN_060_13,ES_060_13,/Users/nilakshanraveendran/Documents/research/data/raw/DRAL16kHz/fragments-short/EN_060_13.wav,/Users/nilakshanraveendran/Documents/research/data/raw/DRAL16kHz/fragments-short/ES_060_13.wav,"They have pork, shrimp, tofu.","Tienen puerco, camarón, tofu.",dev
EN_060_14__ES_060_14,60,60,true,EN_060_14,ES_060_14,/Users/nilakshanraveendran/Documents/research/data/raw/DRAL16kHz/fragments-short/EN_060_14.wav,/Users/nilakshanraveendran/Documents/research/data/raw/DRAL16kHz/fragments-short/ES_060_14.wav,Some are actually like really spicy.,Algunos son de hecho muy picantes.,dev
EN_060_15__ES_060_15,60,60,true,EN_060_15,ES_060_15,/Users/nilakshanraveendran/Documents/research/data/raw/DRAL16kHz/fragments-short/EN_060_15.wav,/Users/nilakshanraveendran/Documents/research/data/raw/DRAL16kHz/fragments-short/ES_060_15.wav,"Or if you really like it, just like buy it at Walmart.",O si en verdad te gusta lo puedes comprar en Walmart.,dev
EN_060_16__ES_060_16,57,57,true,EN_060_16,ES_060_16,/Users/nilakshanraveendran/Documents/research/data/raw/DRAL16kHz/fragments-short/EN_060_16.wav,/Users/nilakshanraveendran/Documents/research/data/raw/DRAL16kHz/fragments-short/ES_060_16.wav,Uh-huh.,Ajá.,dev
EN_060_17__ES_060_17,60,60,true,EN_060_17,ES_060_17,/Users/nilakshanraveendran/Documents/research/data/raw/DRAL16kHz/fragments-short/EN_060_17.wav,/Users/nilakshanraveendran/Documents/research/data/raw/DRAL16kHz/fragments-short/ES_060_17.wav,You don't feel like that.,No te sientes así,dev
EN_060_18__ES_060_18,60,60,true,EN_060_18,ES_060_18,/Users/nilakshanraveendran/Documents/research/data/raw/DRAL16kHz/fragments-short/EN_060_18.wav,/Users/nilakshanraveendran/Documents/research/data/raw/DRAL16kHz/fragments-short/ES_060_18.wav,Yeah.,"Sí, sí.",dev
EN_060_19__ES_060_19,60,60,true,EN_060_19,ES_060_19,/Users/nilakshanraveendran/Documents/research/data/raw/DRAL16kHz/fragments-short/EN_060_19.wav,/Users/nilakshanraveendran/Documents/research/data/raw/DRAL16kHz/fragments-short/ES_060_19.wav,Yeah.,Sí.,dev
EN_060_1__ES_060_1,60,60,true,EN_060_1,ES_060_1,/Users/nilakshanraveendran/Documents/research/data/raw/DRAL16kHz/fragments-short/EN_060_1.wav,/Users/nilakshanraveendran/Documents/research/data/raw/DRAL16kHz/fragments-short/ES_060_1.wav,"No, before you get there, ask me.","No, antes de que llegues, pregúntame a mí.",dev
EN_060_2__ES_060_2,60,60,true,EN_060_2,ES_060_2,/Users/nilakshanraveendran/Documents/research/data/raw/DRAL16kHz/fragments-short/EN_060_2.wav,/Users/nilakshanraveendran/Documents/research/data/raw/DRAL16kHz/fragments-short/ES_060_2.wav,I don't know who even came up with that idea.,Ni siquiera sé quién salió con esa idea.,dev
EN_060_3__ES_060_3,57,57,true,EN_060_3,ES_060_3,/Users/nilakshanraveendran/Documents/research/data/raw/DRAL16kHz/fragments-short/EN_060_3.wav,/Users/nilakshanraveendran/Documents/research/data/raw/DRAL16kHz/fragments-short/ES_060_3.wav,How did he know? Like they just told them or?,¿Cómo lo supo? ¿Nomás eligieron o...?,dev
EN_060_4__ES_060_4,60,60,true,EN_060_4,ES_060_4,/Users/nilakshanraveendran/Documents/research/data/raw/DRAL16kHz/fragments-short/EN_060_4.wav,/Users/nilakshanraveendran/Documents/research/data/raw/DRAL16kHz/fragments-short/ES_060_4.wav,You can ask me if you need help.,Me puedes preguntar a mí si necesitas ayuda.,dev
EN_060_5__ES_060_5,57,57,true,EN_060_5,ES_060_5,/Users/nilakshanraveendran/Documents/research/data/raw/DRAL16kHz/fragments-short/EN_060_5.wav,/Users/nilakshanraveendran/Documents/research/data/raw/DRAL16kHz/fragments-short/ES_060_5.wav,For the last one I had only 5 attempts.,"Para la última, nomás tuve cinco intentos.",dev
EN_060_6__ES_060_6,60,60,true,EN_060_6,ES_060_6,/Users/nilakshanraveendran/Documents/research/data/raw/DRAL16kHz/fragments-short/EN_060_6.wav,/Users/nilakshanraveendran/Documents/research/data/raw/DRAL16kHz/fragments-short/ES_060_6.wav,they talk about like true mystery,Hablan como de misterio verdadero.,dev
EN_060_7__ES_060_7,60,60,true,EN_060_7,ES_060_7,/Users/nilakshanraveendran/Documents/research/data/raw/DRAL16kHz/fragments-short/EN_060_7.wav,/Users/nilakshanraveendran/Documents/research/data/raw/DRAL16kHz/fragments-short/ES_060_7.wav,not recent and pretty recent,No reciente y más reciente.,dev
EN_060_8__ES_060_8,60,60,true,EN_060_8,ES_060_8,/Users/nilakshanraveendran/Documents/research/data/raw/DRAL16kHz/fragments-short/EN_060_8.wav,/Users/nilakshanraveendran/Documents/research/data/raw/DRAL16kHz/fragments-short/ES_060_8.wav,It- it gets boring sometimes.,Se- se pone aburrido a veces.,dev
EN_060_9__ES_060_9,57,57,true,EN_060_9,ES_060_9,/Users/nilakshanraveendran/Documents/research/data/raw/DRAL16kHz/fragments-short/EN_060_9.wav,/Users/nilakshanraveendran/Documents/research/data/raw/DRAL16kHz/fragments-short/ES_060_9.wav,I've heard they're they like they're pretty bad.,"Escuché que ellos que, que son muy malos.",dev
EN_061_10__ES_061_10,61,61,true,EN_061_10,ES_061_10,/Users/nilakshanraveendran/Documents/research/data/raw/DRAL16kHz/fragments-short/EN_061_10.wav,/Users/nilakshanraveendran/Documents/research/data/raw/DRAL16kHz/fragments-short/ES_061_10.wav,"No, it's just like a really small room.","No, es como un cuarto muy pequeño.",train
EN_061_11__ES_061_11,61,61,true,EN_061_11,ES_061_11,/Users/nilakshanraveendran/Documents/research/data/raw/DRAL16kHz/fragments-short/EN_061_11.wav,/Users/nilakshanraveendran/Documents/research/data/raw/DRAL16kHz/fragments-short/ES_061_11.wav,You can just put paper on top and it's like a light beam.,Puedes poner el papel arriba y sale como un rayo de luz.,train
EN_061_12__ES_061_12,61,61,true,EN_061_12,ES_061_12,/Users/nilakshanraveendran/Documents/research/data/raw/DRAL16kHz/fragments-short/EN_061_12.wav,/Users/nilakshanraveendran/Documents/research/data/raw/DRAL16kHz/fragments-short/ES_061_12.wav,That- that one took really long.,Ese tomó mucho rato.,train
EN_061_13__ES_061_13,61,61,true,EN_061_13,ES_061_13,/Users/nilakshanraveendran/Documents/research/data/raw/DRAL16kHz/fragments-short/EN_061_13.wav,/Users/nilakshanraveendran/Documents/research/data/raw/DRAL16kHz/fragments-short/ES_061_13.wav,We're going to put it on our portfolio.,Lo vamos a meter en un portfolio.,train
EN_061_14__ES_061_14,61,61,true,EN_061_14,ES_061_14,/Users/nilakshanraveendran/Documents/research/data/raw/DRAL16kHz/fragments-short/EN_061_14.wav,/Users/nilakshanraveendran/Documents/research/data/raw/DRAL16kHz/fragments-short/ES_061_14.wav,It's just a character design.,Es solo un diseño de personaje.,train
EN_061_15__ES_061_15,61,61,true,EN_061_15,ES_061_15,/Users/nilakshanraveendran/Documents/research/data/raw/DRAL16kHz/fragments-short/EN_061_15.wav,/Users/nilakshanraveendran/Documents/research/data/raw/DRAL16kHz/fragments-short/ES_061_15.wav,I call them chicken legs.,Los llamo patas de gallina.,train
EN_061_16__ES_061_16,61,61,true,EN_061_16,ES_061_16,/Users/nilakshanraveendran/Documents/research/data/raw/DRAL16kHz/fragments-short/EN_061_16.wav,/Users/nilakshanraveendran/Documents/research/data/raw/DRAL16kHz/fragments-short/ES_061_16.wav,"Nevermind, I thought I was about to sneeze.","Olvídenlo, creí que iba a estornudar.",train
EN_061_17__ES_061_17,61,61,true,EN_061_17,ES_061_17,/Users/nilakshanraveendran/Documents/research/data/raw/DRAL16kHz/fragments-short/EN_061_17.wav,/Users/nilakshanraveendran/Documents/research/data/raw/DRAL16kHz/fragments-short/ES_061_17.wav,I'm in like purgatory right now.,Estoy como en el purgatorio ahorita.,train
EN_061_18__ES_061_18,57,57,true,EN_061_18,ES_061_18,/Users/nilakshanraveendran/Documents/research/data/raw/DRAL16kHz/fragments-short/EN_061_18.wav,/Users/nilakshanraveendran/Documents/research/data/raw/DRAL16kHz/fragments-short/ES_061_18.wav,"I mean, every time I look at the sun, it makes me want to sneeze.",Pues cada vez que veo el sol quiero estornudar.,dev
EN_061_19__ES_061_19,61,61,true,EN_061_19,ES_061_19,/Users/nilakshanraveendran/Documents/research/data/raw/DRAL16kHz/fragments-short/EN_061_19.wav,/Users/nilakshanraveendran/Documents/research/data/raw/DRAL16kHz/fragments-short/ES_061_19.wav,sun,,train
EN_061_1__ES_061_1,57,57,true,EN_061_1,ES_061_1,/Users/nilakshanraveendran/Documents/research/data/raw/DRAL16kHz/fragments-short/EN_061_1.wav,/Users/nilakshanraveendran/Documents/research/data/raw/DRAL16kHz/fragments-short/ES_061_1.wav,Exactly. It's better than being a liar.,Precisamente. Es mejor que ser mentiroso.,dev
EN_061_20__ES_061_20,61,61,true,EN_061_20,ES_061_20,/Users/nilakshanraveendran/Documents/research/data/raw/DRAL16kHz/fragments-short/EN_061_20.wav,/Users/nilakshanraveendran/Documents/research/data/raw/DRAL16kHz/fragments-short/ES_061_20.wav,"They're not mine. They don't really love me, so...","No son míos y también no me quieren, entonces...",train
EN_061_2__ES_061_2,61,61,true,EN_061_2,ES_061_2,/Users/nilakshanraveendran/Documents/research/data/raw/DRAL16kHz/fragments-short/EN_061_2.wav,/Users/nilakshanraveendran/Documents/research/data/raw/DRAL16kHz/fragments-short/ES_061_2.wav,I think everybody lies to their parents.,Yo creo que todos mienten a sus padres.,train
EN_061_3__ES_061_3,57,57,true,EN_061_3,ES_061_3,/Users/nilakshanraveendran/Documents/research/data/raw/DRAL16kHz/fragments-short/EN_061_3.wav,/Users/nilakshanraveendran/Documents/research/data/raw/DRAL16kHz/fragments-short/ES_061_3.wav,You- You have to know how to lie.,Tu- tu tienes que saber cómo mentir.,dev
EN_061_4__ES_061_4,61,61,true,EN_061_4,ES_061_4,/Users/nilakshanraveendran/Documents/research/data/raw/DRAL16kHz/fragments-short/EN_061_4.wav,/Users/nilakshanraveendran/Documents/research/data/raw/DRAL16kHz/fragments-short/ES_061_4.wav,"Yeah, you would have to lie.",Sí tendrás que mentir,train
EN_061_5__ES_061_5,57,57,true,EN_061_5,ES_061_5,/Users/nilakshanraveendran/Documents/research/data/raw/DRAL16kHz/fragments-short/EN_061_5.wav,/Users/nilakshanraveendran/Documents/research/data/raw/DRAL16kHz/fragments-short/ES_061_5.wav,You see?,A ver.,dev
EN_061_6__ES_061_6,57,57,true,EN_061_6,ES_061_6,/Users/nilakshanraveendran/Documents/research/data/raw/DRAL16kHz/fragments-short/EN_061_6.wav,/Users/nilakshanraveendran/Documents/research/data/raw/DRAL16kHz/fragments-short/ES_061_6.wav,You see there's scenarios where we have to lie.,"Ya ves, hay ocasiones donde tenemos que mentir.",dev
EN_061_7__ES_061_7,61,61,true,EN_061_7,ES_061_7,/Users/nilakshanraveendran/Documents/research/data/raw/DRAL16kHz/fragments-short/EN_061_7.wav,/Users/nilakshanraveendran/Documents/research/data/raw/DRAL16kHz/fragments-short/ES_061_7.wav,What do you mean?,¿Qué quieres decir?,train
EN_061_8__ES_061_8,61,61,true,EN_061_8,ES_061_8,/Users/nilakshanraveendran/Documents/research/data/raw/DRAL16kHz/fragments-short/EN_061_8.wav,/Users/nilakshanraveendran/Documents/research/data/raw/DRAL16kHz/fragments-short/ES_061_8.wav,"If it gets closed on those, we won't be able to get out.",Si se cierra la puerta no vamos a poder salir.,train
EN_061_9__ES_061_9,57,57,true,EN_061_9,ES_061_9,/Users/nilakshanraveendran/Documents/research/data/raw/DRAL16kHz/fragments-short/EN_061_9.wav,/Users/nilakshanraveendran/Documents/research/data/raw/DRAL16kHz/fragments-short/ES_061_9.wav,"Every time you go into that room, you're risking your life.",Cada vez que entras a ese cuarto arriesgas tu vida.,dev
EN_062_10__ES_062_10,57,57,true,EN_062_10,ES_062_10,/Users/nilakshanraveendran/Documents/research/data/raw/DRAL16kHz/fragments-short/EN_062_10.wav,/Users/nilakshanraveendran/Documents/research/data/raw/DRAL16kHz/fragments-short/ES_062_10.wav,That's a good meal.,Esa es una buena escena [laughter].,dev
EN_062_11__ES_062_11,62,62,true,EN_062_11,ES_062_11,/Users/nilakshanraveendran/Documents/research/data/raw/DRAL16kHz/fragments-short/EN_062_11.wav,/Users/nilakshanraveendran/Documents/research/data/raw/DRAL16kHz/fragments-short/ES_062_11.wav,"Yeah, go support.","Sí, ve a apoyar.",train
EN_062_12__ES_062_12,62,62,true,EN_062_12,ES_062_12,/Users/nilakshanraveendran/Documents/research/data/raw/DRAL16kHz/fragments-short/EN_062_12.wav,/Users/nilakshanraveendran/Documents/research/data/raw/DRAL16kHz/fragments-short/ES_062_12.wav,But we ended up taking our picture.,Pero terminamos tomando nuestro foto.,train
EN_062_13__ES_062_13,62,62,true,EN_062_13,ES_062_13,/Users/nilakshanraveendran/Documents/research/data/raw/DRAL16kHz/fragments-short/EN_062_13.wav,/Users/nilakshanraveendran/Documents/research/data/raw/DRAL16kHz/fragments-short/ES_062_13.wav,It was the sun's fault.,Fue la culpa de Sol,train
EN_062_14__ES_062_14,62,62,true,EN_062_14,ES_062_14,/Users/nilakshanraveendran/Documents/research/data/raw/DRAL16kHz/fragments-short/EN_062_14.wav,/Users/nilakshanraveendran/Documents/research/data/raw/DRAL16kHz/fragments-short/ES_062_14.wav,"You know, that girl was really nice.",¿Sabes? Esa niña era muy linda.,train
EN_062_15__ES_062_15,57,57,true,EN_062_15,ES_062_15,/Users/nilakshanraveendran/Documents/research/data/raw/DRAL16kHz/fragments-short/EN_062_15.wav,/Users/nilakshanraveendran/Documents/research/data/raw/DRAL16kHz/fragments-short/ES_062_15.wav,So.,Entonces,dev
EN_062_1__ES_062_1,62,62,true,EN_062_1,ES_062_1,/Users/nilakshanraveendran/Documents/research/data/raw/DRAL16kHz/fragments-short/EN_062_1.wav,/Users/nilakshanraveendran/Documents/research/data/raw/DRAL16kHz/fragments-short/ES_062_1.wav,"They only had the colors black, red, pink, and white.","Solo tenían los colores negro, rojo, rosa y blanco.",train
EN_062_2__ES_062_2,62,62,true,EN_062_2,ES_062_2,/Users/nilakshanraveendran/Documents/research/data/raw/DRAL16kHz/fragments-short/EN_062_2.wav,/Users/nilakshanraveendran/Documents/research/data/raw/DRAL16kHz/fragments-short/ES_062_2.wav,Do you want to start over?,lo quieres empezar de nuevo,train
EN_062_3__ES_062_3,57,57,true,EN_062_3,ES_062_3,/Users/nilakshanraveendran/Documents/research/data/raw/DRAL16kHz/fragments-short/EN_062_3.wav,/Users/nilakshanraveendran/Documents/research/data/raw/DRAL16kHz/fragments-short/ES_062_3.wav,"But it was fun, like going to go um make some cookies.",Pero fue divertido ir a hacer unos- unas galletas.,dev
EN_062_4__ES_062_4,57,57,true,EN_062_4,ES_062_4,/Users/nilakshanraveendran/Documents/research/data/raw/DRAL16kHz/fragments-short/EN_062_4.wav,/Users/nilakshanraveendran/Documents/research/data/raw/DRAL16kHz/fragments-short/ES_062_4.wav,It came out really bright.,Salió bien brilloso.,dev
EN_062_5__ES_062_5,62,62,true,EN_062_5,ES_062_5,/Users/nilakshanraveendran/Documents/research/data/raw/DRAL16kHz/fragments-short/EN_062_5.wav,/Users/nilakshanraveendran/Documents/research/data/raw/DRAL16kHz/fragments-short/ES_062_5.wav,We met up at the union.,Nos encontramos en el Union.,train
EN_062_6__ES_062_6,62,62,true,EN_062_6,ES_062_6,/Users/nilakshanraveendran/Documents/research/data/raw/DRAL16kHz/fragments-short/EN_062_6.wav,/Users/nilakshanraveendran/Documents/research/data/raw/DRAL16kHz/fragments-short/ES_062_6.wav,And then they were decorating cookies.,Y estaban decorando galletas.,train
EN_062_7__ES_062_7,57,57,true,EN_062_7,ES_062_7,/Users/nilakshanraveendran/Documents/research/data/raw/DRAL16kHz/fragments-short/EN_062_7.wav,/Users/nilakshanraveendran/Documents/research/data/raw/DRAL16kHz/fragments-short/ES_062_7.wav,You had the- the little like flower bouquet.,Tenías como un- un ramo de flores.,dev
EN_062_8__ES_062_8,62,62,true,EN_062_8,ES_062_8,/Users/nilakshanraveendran/Documents/research/data/raw/DRAL16kHz/fragments-short/EN_062_8.wav,/Users/nilakshanraveendran/Documents/research/data/raw/DRAL16kHz/fragments-short/ES_062_8.wav,The XO.,El XO.,train
EN_062_9__ES_062_9,57,57,true,EN_062_9,ES_062_9,/Users/nilakshanraveendran/Documents/research/data/raw/DRAL16kHz/fragments-short/EN_062_9.wav,/Users/nilakshanraveendran/Documents/research/data/raw/DRAL16kHz/fragments-short/ES_062_9.wav,[laugh],[laugther],dev
EN_063_10__ES_063_10,63,63,true,EN_063_10,ES_063_10,/Users/nilakshanraveendran/Documents/research/data/raw/DRAL16kHz/fragments-short/EN_063_10.wav,/Users/nilakshanraveendran/Documents/research/data/raw/DRAL16kHz/fragments-short/ES_063_10.wav,"That you're not looking for a relationship, right?","Tú que- que no estás buscando relación, ¿verdad?",dev
EN_063_11__ES_063_11,63,63,true,EN_063_11,ES_063_11,/Users/nilakshanraveendran/Documents/research/data/raw/DRAL16kHz/fragments-short/EN_063_11.wav,/Users/nilakshanraveendran/Documents/research/data/raw/DRAL16kHz/fragments-short/ES_063_11.wav,"To be honest, it was- it was really sad. I didn't tell you, but we broke up.","La- la verdad estuvo- estuvo bien triste porque no te había contado, pero ya, ya rompimos.",dev
EN_063_12__ES_063_12,11,11,true,EN_063_12,ES_063_12,/Users/nilakshanraveendran/Documents/research/data/raw/DRAL16kHz/fragments-short/EN_063_12.wav,/Users/nilakshanraveendran/Documents/research/data/raw/DRAL16kHz/fragments-short/ES_063_12.wav,"Oh oh well, let's go party right now.","Ni modo, vámonos de fiesta ahorita ya.",train
EN_063_13__ES_063_13,63,63,true,EN_063_13,ES_063_13,/Users/nilakshanraveendran/Documents/research/data/raw/DRAL16kHz/fragments-short/EN_063_13.wav,/Users/nilakshanraveendran/Documents/research/data/raw/DRAL16kHz/fragments-short/ES_063_13.wav,Yeah.,Sí.,dev
EN_063_14__ES_063_14,63,63,true,EN_063_14,ES_063_14,/Users/nilakshanraveendran/Documents/research/data/raw/DRAL16kHz/fragments-short/EN_063_14.wav,/Users/nilakshanraveendran/Documents/research/data/raw/DRAL16kHz/fragments-short/ES_063_14.wav,Because it was a relationship of four- four and a half years.,porque er- era una relación de cua- cuatro y medio años.,dev
EN_063_15__ES_063_15,63,63,true,EN_063_15,ES_063_15,/Users/nilakshanraveendran/Documents/research/data/raw/DRAL16kHz/fragments-short/EN_063_15.wav,/Users/nilakshanraveendran/Documents/research/data/raw/DRAL16kHz/fragments-short/ES_063_15.wav,She said her heart wasn't in the relationship like it was before.,Dijo que- que su corazón ya- ya no estaba en la relación como- como antes.,dev
EN_063_16__ES_063_16,63,63,true,EN_063_16,ES_063_16,/Users/nilakshanraveendran/Documents/research/data/raw/DRAL16kHz/fragments-short/EN_063_16.wav,/Users/nilakshanraveendran/Documents/research/data/raw/DRAL16kHz/fragments-short/ES_063_16.wav,It was time to move on with our lives.,Ya era tiempo de- de seguir con nuestras vidas.,dev
EN_063_17__ES_063_17,63,63,true,EN_063_17,ES_063_17,/Users/nilakshanraveendran/Documents/research/data/raw/DRAL16kHz/fragments-short/EN_063_17.wav,/Users/nilakshanraveendran/Documents/research/data/raw/DRAL16kHz/fragments-short/ES_063_17.wav,"Well, yeah, I went during- during the weekends.","Pues sí, iba dur- durante los fines de semana.",dev
EN_063_18__ES_063_18,63,63,true,EN_063_18,ES_063_18,/Users/nilakshanraveendran/Documents/research/data/raw/DRAL16kHz/fragments-short/EN_063_18.wav,/Users/nilakshanraveendran/Documents/research/data/raw/DRAL16kHz/fragments-short/ES_063_18.wav,"But yeah, um yeah the relationship changed changed when we started university.","Pero sí- sí se hizo diferente cuando, la relación, cuando empezamos universidad.",dev
EN_063_19__ES_063_19,11,11,true,EN_063_19,ES_063_19,/Users/nilakshanraveendran/Documents/research/data/raw/DRAL16kHz/fragments-short/EN_063_19.wav,/Users/nilakshanraveendran/Documents/research/data/raw/DRAL16kHz/fragments-short/ES_063_19.wav,disgraces can become like an opportunity.,las desgracias se pueden este convertir en una oportunidad,train
EN_063_1__ES_063_1,63,63,true,EN_063_1,ES_063_1,/Users/nilakshanraveendran/Documents/research/data/raw/DRAL16kHz/fragments-short/EN_063_1.wav,/Users/nilakshanraveendran/Documents/research/data/raw/DRAL16kHz/fragments-short/ES_063_1.wav,How was your- your Valentine's Day?,¿Cómo te fue en tu- tu día de San Valentín?,dev
EN_063_20__ES_063_20,11,11,true,EN_063_20,ES_063_20,/Users/nilakshanraveendran/Documents/research/data/raw/DRAL16kHz/fragments-short/EN_063_20.wav,/Users/nilakshanraveendran/Documents/research/data/raw/DRAL16kHz/fragments-short/ES_063_20.wav,for the first time in a long time you're gonna be single,Por primera vez creo que en mucho tiempo voy a estar soltero.,train
EN_063_21__ES_063_21,11,11,true,EN_063_21,ES_063_21,/Users/nilakshanraveendran/Documents/research/data/raw/DRAL16kHz/fragments-short/EN_063_21.wav,/Users/nilakshanraveendran/Documents/research/data/raw/DRAL16kHz/fragments-short/ES_063_21.wav,"Like I remember my sister, uh she went through something similar.","Simon, m- m- me acuerdo que a mi hermana también pasó algo parecido.",train
EN_063_22__ES_063_22,11,11,true,EN_063_22,ES_063_22,/Users/nilakshanraveendran/Documents/research/data/raw/DRAL16kHz/fragments-short/EN_063_22.wav,/Users/nilakshanraveendran/Documents/research/data/raw/DRAL16kHz/fragments-short/ES_063_22.wav,My sister just graduated Um college and she was in he- her masters.,"pos mi hermana ya se acaba de graduar de la carrera, estaba en la maestría",train
EN_063_23__ES_063_23,11,11,true,EN_063_23,ES_063_23,/Users/nilakshanraveendran/Documents/research/data/raw/DRAL16kHz/fragments-short/EN_063_23.wav,/Users/nilakshanraveendran/Documents/research/data/raw/DRAL16kHz/fragments-short/ES_063_23.wav,"There are adults, uh mature, responsible, with work.","y eran adultos de que maduros, responsables, de que con trabajo.",train
EN_063_24__ES_063_24,11,11,true,EN_063_24,ES_063_24,/Users/nilakshanraveendran/Documents/research/data/raw/DRAL16kHz/fragments-short/EN_063_24.wav,/Users/nilakshanraveendran/Documents/research/data/raw/DRAL16kHz/fragments-short/ES_063_24.wav,Uh Quote Unquote mature and they didn't last like it- it's not easy,"Maduros, entre comillas, y no aguantaron. No pos no- no es fácil.",train
EN_063_25__ES_063_25,63,63,true,EN_063_25,ES_063_25,/Users/nilakshanraveendran/Documents/research/data/raw/DRAL16kHz/fragments-short/EN_063_25.wav,/Users/nilakshanraveendran/Documents/research/data/raw/DRAL16kHz/fragments-short/ES_063_25.wav,She didn't know who she was.,No sabía quién era ella misma.,dev
EN_063_26__ES_063_26,63,63,true,EN_063_26,ES_063_26,/Users/nilakshanraveendran/Documents/research/data/raw/DRAL16kHz/fragments-short/EN_063_26.wav,/Users/nilakshanraveendran/Documents/research/data/raw/DRAL16kHz/fragments-short/ES_063_26.wav,She doesn't want to be a lawyer.,No quiere ser abogada.,dev
EN_063_27__ES_063_27,63,63,true,EN_063_27,ES_063_27,/Users/nilakshanraveendran/Documents/research/data/raw/DRAL16kHz/fragments-short/EN_063_27.wav,/Users/nilakshanraveendran/Documents/research/data/raw/DRAL16kHz/fragments-short/ES_063_27.wav,or they find a job in an office.,Pos encuentra un trabajo así de- de oficina.,dev
EN_063_28__ES_063_28,11,11,true,EN_063_28,ES_063_28,/Users/nilakshanraveendran/Documents/research/data/raw/DRAL16kHz/fragments-short/EN_063_28.wav,/Users/nilakshanraveendran/Documents/research/data/raw/DRAL16kHz/fragments-short/ES_063_28.wav,but it is a bad reason,Pero sí es una razón poco válida.,train
EN_063_29__ES_063_29,11,11,true,EN_063_29,ES_063_29,/Users/nilakshanraveendran/Documents/research/data/raw/DRAL16kHz/fragments-short/EN_063_29.wav,/Users/nilakshanraveendran/Documents/research/data/raw/DRAL16kHz/fragments-short/ES_063_29.wav,"Like Um, you don't stop to think like, hey, like, what I'm doing at the end.","Como que ya no te pones a pensar de que oye, d- d- de que- que estoy haciendo al final.",train
EN_063_2__ES_063_2,11,11,true,EN_063_2,ES_063_2,/Users/nilakshanraveendran/Documents/research/data/raw/DRAL16kHz/fragments-short/EN_063_2.wav,/Users/nilakshanraveendran/Documents/research/data/raw/DRAL16kHz/fragments-short/ES_063_2.wav,I didn't I didn't want to ask her out.,Pero no quería- no quería invitarla a salir.,train
EN_063_30__ES_063_30,63,63,true,EN_063_30,ES_063_30,/Users/nilakshanraveendran/Documents/research/data/raw/DRAL16kHz/fragments-short/EN_063_30.wav,/Users/nilakshanraveendran/Documents/research/data/raw/DRAL16kHz/fragments-short/ES_063_30.wav,that a lot of her decisions were for me.,que muchas de sus decisiones eran por mí.,dev
EN_063_31__ES_063_31,63,63,true,EN_063_31,ES_063_31,/Users/nilakshanraveendran/Documents/research/data/raw/DRAL16kHz/fragments-short/EN_063_31.wav,/Users/nilakshanraveendran/Documents/research/data/raw/DRAL16kHz/fragments-short/ES_063_31.wav,that she could have went to another university that was bigger and a lot cooler.,"que se pudiera haber ido a otro universidad más- más grande, más padre.",dev
EN_063_32__ES_063_32,63,63,true,EN_063_32,ES_063_32,/Users/nilakshanraveendran/Documents/research/data/raw/DRAL16kHz/fragments-short/EN_063_32.wav,/Users/nilakshanraveendran/Documents/research/data/raw/DRAL16kHz/fragments-short/ES_063_32.wav,"Me, my life, like, like, I already know where I'm going.",Yo- yo mi vida como- como que yo ya sé a dónde voy.,dev
EN_063_33__ES_063_33,11,11,true,EN_063_33,ES_063_33,/Users/nilakshanraveendran/Documents/research/data/raw/DRAL16kHz/fragments-short/EN_063_33.wav,/Users/nilakshanraveendran/Documents/research/data/raw/DRAL16kHz/fragments-short/ES_063_33.wav,I wasn't sure if I really wanted to come to El Paso.,De que yo- yo no estaba seguro si quería venirme aquí a El Paso.,train
EN_063_34__ES_063_34,63,63,true,EN_063_34,ES_063_34,/Users/nilakshanraveendran/Documents/research/data/raw/DRAL16kHz/fragments-short/EN_063_34.wav,/Users/nilakshanraveendran/Documents/research/data/raw/DRAL16kHz/fragments-short/ES_063_34.wav,[laugh],,dev
EN_063_3__ES_063_3,63,63,true,EN_063_3,ES_063_3,/Users/nilakshanraveendran/Documents/research/data/raw/DRAL16kHz/fragments-short/EN_063_3.wav,/Users/nilakshanraveendran/Documents/research/data/raw/DRAL16kHz/fragments-short/ES_063_3.wav,Oh yeah.,Has.,dev
EN_063_4__ES_063_4,11,11,true,EN_063_4,ES_063_4,/Users/nilakshanraveendran/Documents/research/data/raw/DRAL16kHz/fragments-short/EN_063_4.wav,/Users/nilakshanraveendran/Documents/research/data/raw/DRAL16kHz/fragments-short/ES_063_4.wav,Like I didn't want to create a relationship uh because I didn't want to feel obligated.,Pero como que no quería crear una relación todavía como para que me sintiera yo obligado.,train
EN_063_5__ES_063_5,11,11,true,EN_063_5,ES_063_5,/Users/nilakshanraveendran/Documents/research/data/raw/DRAL16kHz/fragments-short/EN_063_5.wav,/Users/nilakshanraveendran/Documents/research/data/raw/DRAL16kHz/fragments-short/ES_063_5.wav,I'm gonna play soccer with my friends because we met each Tuesday.,Voy a ir a jugar fútbol con mis amigos porque pos todos los martes nos juntamos.,train
EN_063_6__ES_063_6,63,63,true,EN_063_6,ES_063_6,/Users/nilakshanraveendran/Documents/research/data/raw/DRAL16kHz/fragments-short/EN_063_6.wav,/Users/nilakshanraveendran/Documents/research/data/raw/DRAL16kHz/fragments-short/ES_063_6.wav,"No? Well, you barely know each other, right?","No, pos apenas se conocen, ¿verdad?",dev
EN_063_7__ES_063_7,11,11,true,EN_063_7,ES_063_7,/Users/nilakshanraveendran/Documents/research/data/raw/DRAL16kHz/fragments-short/EN_063_7.wav,/Users/nilakshanraveendran/Documents/research/data/raw/DRAL16kHz/fragments-short/ES_063_7.wav,uh... never like uh... i just want to ask her out,"Cáele, osea como que yo ya quería como que invitarla a salir",train
EN_063_8__ES_063_8,11,11,true,EN_063_8,ES_063_8,/Users/nilakshanraveendran/Documents/research/data/raw/DRAL16kHz/fragments-short/EN_063_8.wav,/Users/nilakshanraveendran/Documents/research/data/raw/DRAL16kHz/fragments-short/ES_063_8.wav,"Like, with one holiday, I don't want to see how she's going to react with another thing.","Con una fecha, [laughter] no quiero ver cómo se va a poner en otras cosas.",train
EN_063_9__ES_063_9,63,63,true,EN_063_9,ES_063_9,/Users/nilakshanraveendran/Documents/research/data/raw/DRAL16kHz/fragments-short/EN_063_9.wav,/Users/nilakshanraveendran/Documents/research/data/raw/DRAL16kHz/fragments-short/ES_063_9.wav,[laugh],[laughter],dev
EN_064_10__ES_064_10,64,64,true,EN_064_10,ES_064_10,/Users/nilakshanraveendran/Documents/research/data/raw/DRAL16kHz/fragments-short/EN_064_10.wav,/Users/nilakshanraveendran/Documents/research/data/raw/DRAL16kHz/fragments-short/ES_064_10.wav,"Personally, I'm gonna take this seriously.",personalmente me voy a tomar esto en serio,train
EN_064_11__ES_064_11,61,61,true,EN_064_11,ES_064_11,/Users/nilakshanraveendran/Documents/research/data/raw/DRAL16kHz/fragments-short/EN_064_11.wav,/Users/nilakshanraveendran/Documents/research/data/raw/DRAL16kHz/fragments-short/ES_064_11.wav,I'm gonna take this personally.,[laughter] Lo voy a tomar personal.,train
EN_064_12__ES_064_12,64,64,true,EN_064_12,ES_064_12,/Users/nilakshanraveendran/Documents/research/data/raw/DRAL16kHz/fragments-short/EN_064_12.wav,/Users/nilakshanraveendran/Documents/research/data/raw/DRAL16kHz/fragments-short/ES_064_12.wav,"Well, she's really cute. What can I say?","Bueno, ella es muy tierna, ¿qué puedo decir?",train
EN_064_13__ES_064_13,64,64,true,EN_064_13,ES_064_13,/Users/nilakshanraveendran/Documents/research/data/raw/DRAL16kHz/fragments-short/EN_064_13.wav,/Users/nilakshanraveendran/Documents/research/data/raw/DRAL16kHz/fragments-short/ES_064_13.wav,I found a piece of the car in the back of my trunk.,Yo encontré un pedazo del carro en la cochera de mi carro.,train
EN_064_14__ES_064_14,61,61,true,EN_064_14,ES_064_14,/Users/nilakshanraveendran/Documents/research/data/raw/DRAL16kHz/fragments-short/EN_064_14.wav,/Users/nilakshanraveendran/Documents/research/data/raw/DRAL16kHz/fragments-short/ES_064_14.wav,Monica said it was black. I said it was like a dark blue. And then you said it was brown.,"Mónica dijo que era negro, yo dije que era un azul marino y tú dijiste que era café.",train
EN_064_15__ES_064_15,61,61,true,EN_064_15,ES_064_15,/Users/nilakshanraveendran/Documents/research/data/raw/DRAL16kHz/fragments-short/EN_064_15.wav,/Users/nilakshanraveendran/Documents/research/data/raw/DRAL16kHz/fragments-short/ES_064_15.wav,"Now you're saying it's gray, it was brown!","Ahora estás diciendo que es gris, es café.",train
EN_064_16__ES_064_16,64,64,true,EN_064_16,ES_064_16,/Users/nilakshanraveendran/Documents/research/data/raw/DRAL16kHz/fragments-short/EN_064_16.wav,/Users/nilakshanraveendran/Documents/research/data/raw/DRAL16kHz/fragments-short/ES_064_16.wav,That we traumatized that we don't remember?,Que estamos tan traumadas que no recordamos.,train
EN_064_17__ES_064_17,61,61,true,EN_064_17,ES_064_17,/Users/nilakshanraveendran/Documents/research/data/raw/DRAL16kHz/fragments-short/EN_064_17.wav,/Users/nilakshanraveendran/Documents/research/data/raw/DRAL16kHz/fragments-short/ES_064_17.wav,"Ah, you're traumatized now ahh!","¡Ah, estás traumada, ah!",train
EN_064_18__ES_064_18,61,61,true,EN_064_18,ES_064_18,/Users/nilakshanraveendran/Documents/research/data/raw/DRAL16kHz/fragments-short/EN_064_18.wav,/Users/nilakshanraveendran/Documents/research/data/raw/DRAL16kHz/fragments-short/ES_064_18.wav,"Ah, you're traumatized for life now.","¡Ah, estás traumada por vida!",train
EN_064_19__ES_064_19,61,61,true,EN_064_19,ES_064_19,/Users/nilakshanraveendran/Documents/research/data/raw/DRAL16kHz/fragments-short/EN_064_19.wav,/Users/nilakshanraveendran/Documents/research/data/raw/DRAL16kHz/fragments-short/ES_064_19.wav,just how me and him deal with each other.,Así es como nos tratamos.,train
EN_064_1__ES_064_1,64,64,true,EN_064_1,ES_064_1,/Users/nilakshanraveendran/Documents/research/data/raw/DRAL16kHz/fragments-short/EN_064_1.wav,/Users/nilakshanraveendran/Documents/research/data/raw/DRAL16kHz/fragments-short/ES_064_1.wav,How about we just talk about like what your professor told you?,¿Qué tal si hablamos de lo que te dijo tu profesor?,train
EN_064_20__ES_064_20,64,64,true,EN_064_20,ES_064_20,/Users/nilakshanraveendran/Documents/research/data/raw/DRAL16kHz/fragments-short/EN_064_20.wav,/Users/nilakshanraveendran/Documents/research/data/raw/DRAL16kHz/fragments-short/ES_064_20.wav,That's just,Así.,train
EN_064_21__ES_064_21,64,64,true,EN_064_21,ES_064_21,/Users/nilakshanraveendran/Documents/research/data/raw/DRAL16kHz/fragments-short/EN_064_21.wav,/Users/nilakshanraveendran/Documents/research/data/raw/DRAL16kHz/fragments-short/ES_064_21.wav,it's your dynamic and that's how you deal with drama,tu dinámica y así es como tratan el trauma.,train
EN_064_22__ES_064_22,64,64,true,EN_064_22,ES_064_22,/Users/nilakshanraveendran/Documents/research/data/raw/DRAL16kHz/fragments-short/EN_064_22.wav,/Users/nilakshanraveendran/Documents/research/data/raw/DRAL16kHz/fragments-short/ES_064_22.wav,"I could have lost my sister. Aw, you're traumatized.","Pude perder a mi hermana. ¡Ah, estás traumada!",train
EN_064_23__ES_064_23,61,61,true,EN_064_23,ES_064_23,/Users/nilakshanraveendran/Documents/research/data/raw/DRAL16kHz/fragments-short/EN_064_23.wav,/Users/nilakshanraveendran/Documents/research/data/raw/DRAL16kHz/fragments-short/ES_064_23.wav,Uh...,,train
EN_064_24__ES_064_24,64,64,true,EN_064_24,ES_064_24,/Users/nilakshanraveendran/Documents/research/data/raw/DRAL16kHz/fragments-short/EN_064_24.wav,/Users/nilakshanraveendran/Documents/research/data/raw/DRAL16kHz/fragments-short/ES_064_24.wav,"But also, it works.",Pero también funciona.,train
EN_064_25__ES_064_25,64,64,true,EN_064_25,ES_064_25,/Users/nilakshanraveendran/Documents/research/data/raw/DRAL16kHz/fragments-short/EN_064_25.wav,/Users/nilakshanraveendran/Documents/research/data/raw/DRAL16kHz/fragments-short/ES_064_25.wav,Literally making jokes. Specifically the Among Us.,Literalmente haciendo bromas. Específicamente el Among Us.,train
EN_064_26__ES_064_26,61,61,true,EN_064_26,ES_064_26,/Users/nilakshanraveendran/Documents/research/data/raw/DRAL16kHz/fragments-short/EN_064_26.wav,/Users/nilakshanraveendran/Documents/research/data/raw/DRAL16kHz/fragments-short/ES_064_26.wav,He survived.,¡Él sobrevivió!,train
EN_064_27__ES_064_27,64,64,true,EN_064_27,ES_064_27,/Users/nilakshanraveendran/Documents/research/data/raw/DRAL16kHz/fragments-short/EN_064_27.wav,/Users/nilakshanraveendran/Documents/research/data/raw/DRAL16kHz/fragments-short/ES_064_27.wav,It was like completely sealed.,Estaba completamente cerrado.,train
EN_064_28__ES_064_28,64,64,true,EN_064_28,ES_064_28,/Users/nilakshanraveendran/Documents/research/data/raw/DRAL16kHz/fragments-short/EN_064_28.wav,/Users/nilakshanraveendran/Documents/research/data/raw/DRAL16kHz/fragments-short/ES_064_28.wav,"Like, hey, I wa- I'm in I was in a car crash. I'm sorry if I'm a little bit slow.","Ok, estuve en un accidente. Discúlpeme si estoy un poco lenta.",train
EN_064_29__ES_064_29,61,61,true,EN_064_29,ES_064_29,/Users/nilakshanraveendran/Documents/research/data/raw/DRAL16kHz/fragments-short/EN_064_29.wav,/Users/nilakshanraveendran/Documents/research/data/raw/DRAL16kHz/fragments-short/ES_064_29.wav,trick,,train
EN_064_2__ES_064_2,64,64,true,EN_064_2,ES_064_2,/Users/nilakshanraveendran/Documents/research/data/raw/DRAL16kHz/fragments-short/EN_064_2.wav,/Users/nilakshanraveendran/Documents/research/data/raw/DRAL16kHz/fragments-short/ES_064_2.wav,You remember that?,¿No te acuerdas?,train
EN_064_30__ES_064_30,64,64,true,EN_064_30,ES_064_30,/Users/nilakshanraveendran/Documents/research/data/raw/DRAL16kHz/fragments-short/EN_064_30.wav,/Users/nilakshanraveendran/Documents/research/data/raw/DRAL16kHz/fragments-short/ES_064_30.wav,I'm turning into Shrek.,Estoy convirtiéndome en Shrek.,train
EN_064_31__ES_064_31,64,64,true,EN_064_31,ES_064_31,/Users/nilakshanraveendran/Documents/research/data/raw/DRAL16kHz/fragments-short/EN_064_31.wav,/Users/nilakshanraveendran/Documents/research/data/raw/DRAL16kHz/fragments-short/ES_064_31.wav,"And then I showed him, he's like, oh my god.","[laughter] Y luego le enseñé y nomás me dice... ¡Oh, mi Dios!",train
EN_064_32__ES_064_32,61,61,true,EN_064_32,ES_064_32,/Users/nilakshanraveendran/Documents/research/data/raw/DRAL16kHz/fragments-short/EN_064_32.wav,/Users/nilakshanraveendran/Documents/research/data/raw/DRAL16kHz/fragments-short/ES_064_32.wav,Hehehehe,[laughter],train
EN_064_33__ES_064_33,64,64,true,EN_064_33,ES_064_33,/Users/nilakshanraveendran/Documents/research/data/raw/DRAL16kHz/fragments-short/EN_064_33.wav,/Users/nilakshanraveendran/Documents/research/data/raw/DRAL16kHz/fragments-short/ES_064_33.wav,"When I get a new car, I'm gonna take you guys to, like, get boba.","Cuando me consiga un carro nuevo, me las voy a llevar a ustedes a comprar Boba.",train
EN_064_34__ES_064_34,64,64,true,EN_064_34,ES_064_34,/Users/nilakshanraveendran/Documents/research/data/raw/DRAL16kHz/fragments-short/EN_064_34.wav,/Users/nilakshanraveendran/Documents/research/data/raw/DRAL16kHz/fragments-short/ES_064_34.wav,"Have a piece of bread, that's all I can provide right now.",Tengo un pedazo de pan. Es lo único que le puedo dar ahora.,train
EN_064_35__ES_064_35,61,61,true,EN_064_35,ES_064_35,/Users/nilakshanraveendran/Documents/research/data/raw/DRAL16kHz/fragments-short/EN_064_35.wav,/Users/nilakshanraveendran/Documents/research/data/raw/DRAL16kHz/fragments-short/ES_064_35.wav,you,,train
EN_064_36__ES_064_36,64,64,true,EN_064_36,ES_064_36,/Users/nilakshanraveendran/Documents/research/data/raw/DRAL16kHz/fragments-short/EN_064_36.wav,/Users/nilakshanraveendran/Documents/research/data/raw/DRAL16kHz/fragments-short/ES_064_36.wav,"You don't, it happened this morning!",¿Cómo no te acuerdas? Fue esta mañana.,train
EN_064_3__ES_064_3,61,61,true,EN_064_3,ES_064_3,/Users/nilakshanraveendran/Documents/research/data/raw/DRAL16kHz/fragments-short/EN_064_3.wav,/Users/nilakshanraveendran/Documents/research/data/raw/DRAL16kHz/fragments-short/ES_064_3.wav,No.,No.,train
EN_064_4__ES_064_4,64,64,true,EN_064_4,ES_064_4,/Users/nilakshanraveendran/Documents/research/data/raw/DRAL16kHz/fragments-short/EN_064_4.wav,/Users/nilakshanraveendran/Documents/research/data/raw/DRAL16kHz/fragments-short/ES_064_4.wav,You were telling us.,Nos dijiste.,train
EN_064_5__ES_064_5,61,61,true,EN_064_5,ES_064_5,/Users/nilakshanraveendran/Documents/research/data/raw/DRAL16kHz/fragments-short/EN_064_5.wav,/Users/nilakshanraveendran/Documents/research/data/raw/DRAL16kHz/fragments-short/ES_064_5.wav,"Oh yeah, you're right!","¡Oh, sí, tienes razón!",train
EN_064_6__ES_064_6,64,64,true,EN_064_6,ES_064_6,/Users/nilakshanraveendran/Documents/research/data/raw/DRAL16kHz/fragments-short/EN_064_6.wav,/Users/nilakshanraveendran/Documents/research/data/raw/DRAL16kHz/fragments-short/ES_064_6.wav,I wanted to touch the puppy today,Quería acariciar el perro hoy.,train
EN_064_7__ES_064_7,64,64,true,EN_064_7,ES_064_7,/Users/nilakshanraveendran/Documents/research/data/raw/DRAL16kHz/fragments-short/EN_064_7.wav,/Users/nilakshanraveendran/Documents/research/data/raw/DRAL16kHz/fragments-short/ES_064_7.wav,"I'm like, where's the baby?",He estado como... ¿Dónde está el bebé?,train
EN_064_8__ES_064_8,61,61,true,EN_064_8,ES_064_8,/Users/nilakshanraveendran/Documents/research/data/raw/DRAL16kHz/fragments-short/EN_064_8.wav,/Users/nilakshanraveendran/Documents/research/data/raw/DRAL16kHz/fragments-short/ES_064_8.wav,Where's I want to see the child.,¿Dónde está? Quiero ver el bebé,train
EN_064_9__ES_064_9,64,64,true,EN_064_9,ES_064_9,/Users/nilakshanraveendran/Documents/research/data/raw/DRAL16kHz/fragments-short/EN_064_9.wav,/Users/nilakshanraveendran/Documents/research/data/raw/DRAL16kHz/fragments-short/ES_064_9.wav,We are superior because we got a dog now.,Somos superhéroes porque ahora tenemos un perro.,train
EN_065_10__ES_065_10,65,57,false,EN_065_10,ES_065_10,/Users/nilakshanraveendran/Documents/research/data/raw/DRAL16kHz/fragments-short/EN_065_10.wav,/Users/nilakshanraveendran/Documents/research/data/raw/DRAL16kHz/fragments-short/ES_065_10.wav,No. Have you read books about communism?,"No, ¿has leído un libro sobre el comunismo?",dev
EN_065_11__ES_065_11,57,65,false,EN_065_11,ES_065_11,/Users/nilakshanraveendran/Documents/research/data/raw/DRAL16kHz/fragments-short/EN_065_11.wav,/Users/nilakshanraveendran/Documents/research/data/raw/DRAL16kHz/fragments-short/ES_065_11.wav,"Yeah, it explains about what is democracy, what is monarchy.","Eh, explican de que ¿qué es la democracia? ¿qué es el monarquismo?",dev
EN_065_12__ES_065_12,57,65,false,EN_065_12,ES_065_12,/Users/nilakshanraveendran/Documents/research/data/raw/DRAL16kHz/fragments-short/EN_065_12.wav,/Users/nilakshanraveendran/Documents/research/data/raw/DRAL16kHz/fragments-short/ES_065_12.wav,What is communism? What is Um a dictator?,¿qué es el comunismo? que es una- ¿qué es un dictador?,dev
EN_065_13__ES_065_13,57,65,false,EN_065_13,ES_065_13,/Users/nilakshanraveendran/Documents/research/data/raw/DRAL16kHz/fragments-short/EN_065_13.wav,/Users/nilakshanraveendran/Documents/research/data/raw/DRAL16kHz/fragments-short/ES_065_13.wav,I believe it continues to be the superpower of the world.,A mi se me hace que sigue siendo el superpoder del mundo,dev
EN_065_14__ES_065_14,57,65,false,EN_065_14,ES_065_14,/Users/nilakshanraveendran/Documents/research/data/raw/DRAL16kHz/fragments-short/EN_065_14.wav,/Users/nilakshanraveendran/Documents/research/data/raw/DRAL16kHz/fragments-short/ES_065_14.wav,more personal like what can one person do,más personales como de que puede hacer una persona,dev
EN_065_15__ES_065_15,57,65,false,EN_065_15,ES_065_15,/Users/nilakshanraveendran/Documents/research/data/raw/DRAL16kHz/fragments-short/EN_065_15.wav,/Users/nilakshanraveendran/Documents/research/data/raw/DRAL16kHz/fragments-short/ES_065_15.wav,A lot of them repeat the same thing.,muchos repiten lo mismo,dev
EN_065_16__ES_065_16,65,57,false,EN_065_16,ES_065_16,/Users/nilakshanraveendran/Documents/research/data/raw/DRAL16kHz/fragments-short/EN_065_16.wav,/Users/nilakshanraveendran/Documents/research/data/raw/DRAL16kHz/fragments-short/ES_065_16.wav,[unk],Ah.,dev
EN_065_17__ES_065_17,65,57,false,EN_065_17,ES_065_17,/Users/nilakshanraveendran/Documents/research/data/raw/DRAL16kHz/fragments-short/EN_065_17.wav,/Users/nilakshanraveendran/Documents/research/data/raw/DRAL16kHz/fragments-short/ES_065_17.wav,"Like if I wanna learn something new, I go to YouTube.","Como si quiero aprender de una cosa, voy a YouTube.",dev
EN_065_18__ES_065_18,57,65,false,EN_065_18,ES_065_18,/Users/nilakshanraveendran/Documents/research/data/raw/DRAL16kHz/fragments-short/EN_065_18.wav,/Users/nilakshanraveendran/Documents/research/data/raw/DRAL16kHz/fragments-short/ES_065_18.wav,I'm part of a club of physics students.,Soy parte de- de un club de estudiantes de física.,dev
EN_065_19__ES_065_19,65,57,false,EN_065_19,ES_065_19,/Users/nilakshanraveendran/Documents/research/data/raw/DRAL16kHz/fragments-short/EN_065_19.wav,/Users/nilakshanraveendran/Documents/research/data/raw/DRAL16kHz/fragments-short/ES_065_19.wav,Yeah.,Sí.,dev
EN_065_1__ES_065_1,57,65,false,EN_065_1,ES_065_1,/Users/nilakshanraveendran/Documents/research/data/raw/DRAL16kHz/fragments-short/EN_065_1.wav,/Users/nilakshanraveendran/Documents/research/data/raw/DRAL16kHz/fragments-short/ES_065_1.wav,The Chinese are fighting with the Americans.,Los chinos están peleando con los estadounidenses.,dev
EN_065_20__ES_065_20,57,65,false,EN_065_20,ES_065_20,/Users/nilakshanraveendran/Documents/research/data/raw/DRAL16kHz/fragments-short/EN_065_20.wav,/Users/nilakshanraveendran/Documents/research/data/raw/DRAL16kHz/fragments-short/ES_065_20.wav,"Within the students, I would say that I am maybe among the top 10.","Dentro de los estudiantes, yo diría que soy quizás de los 10 mejores.",dev
EN_065_21__ES_065_21,57,65,false,EN_065_21,ES_065_21,/Users/nilakshanraveendran/Documents/research/data/raw/DRAL16kHz/fragments-short/EN_065_21.wav,/Users/nilakshanraveendran/Documents/research/data/raw/DRAL16kHz/fragments-short/ES_065_21.wav,out of like some 50 so i am not that good all right,"Como de unos 50. O sea, no soy así tan bueno, ¿verdad?",dev
EN_065_22__ES_065_22,65,57,false,EN_065_22,ES_065_22,/Users/nilakshanraveendran/Documents/research/data/raw/DRAL16kHz/fragments-short/EN_065_22.wav,/Users/nilakshanraveendran/Documents/research/data/raw/DRAL16kHz/fragments-short/ES_065_22.wav,I'm not that good.,¡Ooh!,dev
EN_065_23__ES_065_23,57,65,false,EN_065_23,ES_065_23,/Users/nilakshanraveendran/Documents/research/data/raw/DRAL16kHz/fragments-short/EN_065_23.wav,/Users/nilakshanraveendran/Documents/research/data/raw/DRAL16kHz/fragments-short/ES_065_23.wav,But there was a tournament of chess and some physics professors entered.,Pero hubo un torneo de ajedrez y entraron varios profesores de física.,dev
EN_065_24__ES_065_24,57,65,false,EN_065_24,ES_065_24,/Users/nilakshanraveendran/Documents/research/data/raw/DRAL16kHz/fragments-short/EN_065_24.wav,/Users/nilakshanraveendran/Documents/research/data/raw/DRAL16kHz/fragments-short/ES_065_24.wav,"doctor named El Gendy, he beat me and he beat me really bad.",Se llamaba Dr. El-Gendy. Me ganó. Y me ganó bien feo.,dev
EN_065_25__ES_065_25,57,65,false,EN_065_25,ES_065_25,/Users/nilakshanraveendran/Documents/research/data/raw/DRAL16kHz/fragments-short/EN_065_25.wav,/Users/nilakshanraveendran/Documents/research/data/raw/DRAL16kHz/fragments-short/ES_065_25.wav,"And I don't know, I disappointed in myself.","Y no sé, me decepcioné.",dev
EN_065_26__ES_065_26,57,65,false,EN_065_26,ES_065_26,/Users/nilakshanraveendran/Documents/research/data/raw/DRAL16kHz/fragments-short/EN_065_26.wav,/Users/nilakshanraveendran/Documents/research/data/raw/DRAL16kHz/fragments-short/ES_065_26.wav,I do play like some 6-8 games daily.,"Si juego como unos 6, 8 juegos diarios.",dev
EN_065_27__ES_065_27,65,57,false,EN_065_27,ES_065_27,/Users/nilakshanraveendran/Documents/research/data/raw/DRAL16kHz/fragments-short/EN_065_27.wav,/Users/nilakshanraveendran/Documents/research/data/raw/DRAL16kHz/fragments-short/ES_065_27.wav,So it's like your passion?,Entonces es como tu- tu pasión.,dev
EN_065_28__ES_065_28,57,65,false,EN_065_28,ES_065_28,/Users/nilakshanraveendran/Documents/research/data/raw/DRAL16kHz/fragments-short/EN_065_28.wav,/Users/nilakshanraveendran/Documents/research/data/raw/DRAL16kHz/fragments-short/ES_065_28.wav,is not necessarily that more time more progress,"No es necesariamente de que más tiempo, más progreso.",dev
EN_065_29__ES_065_29,57,65,false,EN_065_29,ES_065_29,/Users/nilakshanraveendran/Documents/research/data/raw/DRAL16kHz/fragments-short/EN_065_29.wav,/Users/nilakshanraveendran/Documents/research/data/raw/DRAL16kHz/fragments-short/ES_065_29.wav,"Well, in the world of chess, there is something called ELO rating.",Pues en el mundo del ajedrez hay algo que se llama ELO Rating.,dev
EN_065_2__ES_065_2,57,65,false,EN_065_2,ES_065_2,/Users/nilakshanraveendran/Documents/research/data/raw/DRAL16kHz/fragments-short/EN_065_2.wav,/Users/nilakshanraveendran/Documents/research/data/raw/DRAL16kHz/fragments-short/ES_065_2.wav,The tools that they use to manufacture the chips are made in Europe or America.,¿Las herramientas que usan para producirlos son hechos o europeos o americanos?,dev
EN_065_30__ES_065_30,57,65,false,EN_065_30,ES_065_30,/Users/nilakshanraveendran/Documents/research/data/raw/DRAL16kHz/fragments-short/EN_065_30.wav,/Users/nilakshanraveendran/Documents/research/data/raw/DRAL16kHz/fragments-short/ES_065_30.wav,This measures your strength as a player.,Esto mide tu fuerza como jugador.,dev
EN_065_31__ES_065_31,57,65,false,EN_065_31,ES_065_31,/Users/nilakshanraveendran/Documents/research/data/raw/DRAL16kHz/fragments-short/EN_065_31.wav,/Users/nilakshanraveendran/Documents/research/data/raw/DRAL16kHz/fragments-short/ES_065_31.wav,"Wait, first I'm gonna tell you the lower.","Espérame, primero te voy a decir lo- lo bajo.",dev
EN_065_32__ES_065_32,57,65,false,EN_065_32,ES_065_32,/Users/nilakshanraveendran/Documents/research/data/raw/DRAL16kHz/fragments-short/EN_065_32.wav,/Users/nilakshanraveendran/Documents/research/data/raw/DRAL16kHz/fragments-short/ES_065_32.wav,"If you play at one minute each, it's quick.","si juegas de un minuto cada quien, es de que, rápido",dev
EN_065_33__ES_065_33,57,65,false,EN_065_33,ES_065_33,/Users/nilakshanraveendran/Documents/research/data/raw/DRAL16kHz/fragments-short/EN_065_33.wav,/Users/nilakshanraveendran/Documents/research/data/raw/DRAL16kHz/fragments-short/ES_065_33.wav,"Well, you have to move quickly. You don't have time to think.","Pues tienes que moverte rápido, no tienes tiempo para pensar",dev
EN_065_34__ES_065_34,57,65,false,EN_065_34,ES_065_34,/Users/nilakshanraveendran/Documents/research/data/raw/DRAL16kHz/fragments-short/EN_065_34.wav,/Users/nilakshanraveendran/Documents/research/data/raw/DRAL16kHz/fragments-short/ES_065_34.wav,"The clock, yes. But most of us do with our phone.","El reloj, sí, pero casi todos hacemos con el teléfono.",dev
EN_065_35__ES_065_35,65,57,false,EN_065_35,ES_065_35,/Users/nilakshanraveendran/Documents/research/data/raw/DRAL16kHz/fragments-short/EN_065_35.wav,/Users/nilakshanraveendran/Documents/research/data/raw/DRAL16kHz/fragments-short/ES_065_35.wav,Uh-huh.,"reloj, ajá",dev
EN_065_36__ES_065_36,57,65,false,EN_065_36,ES_065_36,/Users/nilakshanraveendran/Documents/research/data/raw/DRAL16kHz/fragments-short/EN_065_36.wav,/Users/nilakshanraveendran/Documents/research/data/raw/DRAL16kHz/fragments-short/ES_065_36.wav,one minute games it's one minute to think throughout the whole game,juegos de un minuto es un minuto para pensar en todo el juego,dev
EN_065_37__ES_065_37,65,57,false,EN_065_37,ES_065_37,/Users/nilakshanraveendran/Documents/research/data/raw/DRAL16kHz/fragments-short/EN_065_37.wav,/Users/nilakshanraveendran/Documents/research/data/raw/DRAL16kHz/fragments-short/ES_065_37.wav,You have like one minute to move the piece or...,¿Tienes un minuto pa' mover la pieza o...?,dev
EN_065_38__ES_065_38,57,65,false,EN_065_38,ES_065_38,/Users/nilakshanraveendran/Documents/research/data/raw/DRAL16kHz/fragments-short/EN_065_38.wav,/Users/nilakshanraveendran/Documents/research/data/raw/DRAL16kHz/fragments-short/ES_065_38.wav,"In this move, I'm going to use one second or two seconds.",En este movimiento voy a usar un segundo o dos segundos.,dev
EN_065_39__ES_065_39,57,65,false,EN_065_39,ES_065_39,/Users/nilakshanraveendran/Documents/research/data/raw/DRAL16kHz/fragments-short/EN_065_39.wav,/Users/nilakshanraveendran/Documents/research/data/raw/DRAL16kHz/fragments-short/ES_065_39.wav,And then the third one against Dr. Algendia is the one I lost. And I lost horribly.,Y luego el tercero contra el Dr. El-Gendy es el que perdí. Y perdí feo.,dev
EN_065_3__ES_065_3,57,65,false,EN_065_3,ES_065_3,/Users/nilakshanraveendran/Documents/research/data/raw/DRAL16kHz/fragments-short/EN_065_3.wav,/Users/nilakshanraveendran/Documents/research/data/raw/DRAL16kHz/fragments-short/ES_065_3.wav,the infrastructure required to make the designs for the machines that make the chips.,la infraestructura que se requiere para hacer esos diseños de las máquinas que hacen los chips.,dev
EN_065_40__ES_065_40,57,65,false,EN_065_40,ES_065_40,/Users/nilakshanraveendran/Documents/research/data/raw/DRAL16kHz/fragments-short/EN_065_40.wav,/Users/nilakshanraveendran/Documents/research/data/raw/DRAL16kHz/fragments-short/ES_065_40.wav,and there they play plenty of chess.,Y ahí juegan bastante ajedrez.,dev
EN_065_41__ES_065_41,57,65,false,EN_065_41,ES_065_41,/Users/nilakshanraveendran/Documents/research/data/raw/DRAL16kHz/fragments-short/EN_065_41.wav,/Users/nilakshanraveendran/Documents/research/data/raw/DRAL16kHz/fragments-short/ES_065_41.wav,I don't think that there's enough content for there to be that many books.,Se me hace que no hay suficiente contenido para que haiga tantos libros.,dev
EN_065_42__ES_065_42,57,65,false,EN_065_42,ES_065_42,/Users/nilakshanraveendran/Documents/research/data/raw/DRAL16kHz/fragments-short/EN_065_42.wav,/Users/nilakshanraveendran/Documents/research/data/raw/DRAL16kHz/fragments-short/ES_065_42.wav,That's where the Chinese fail.,en eso fallan- falla China,dev
EN_065_4__ES_065_4,65,57,false,EN_065_4,ES_065_4,/Users/nilakshanraveendran/Documents/research/data/raw/DRAL16kHz/fragments-short/EN_065_4.wav,/Users/nilakshanraveendran/Documents/research/data/raw/DRAL16kHz/fragments-short/ES_065_4.wav,Yeah.,Sí.,dev
EN_065_5__ES_065_5,57,65,false,EN_065_5,ES_065_5,/Users/nilakshanraveendran/Documents/research/data/raw/DRAL16kHz/fragments-short/EN_065_5.wav,/Users/nilakshanraveendran/Documents/research/data/raw/DRAL16kHz/fragments-short/ES_065_5.wav,"Even though they dominate with the technology that's there, the new technology is not there.","O sea aunque dominen con la tecnología que hay, la tecnología nueva no es de ellos.",dev
EN_065_6__ES_065_6,65,57,false,EN_065_6,ES_065_6,/Users/nilakshanraveendran/Documents/research/data/raw/DRAL16kHz/fragments-short/EN_065_6.wav,/Users/nilakshanraveendran/Documents/research/data/raw/DRAL16kHz/fragments-short/ES_065_6.wav,Yes.,Sí.,dev
EN_065_7__ES_065_7,57,65,false,EN_065_7,ES_065_7,/Users/nilakshanraveendran/Documents/research/data/raw/DRAL16kHz/fragments-short/EN_065_7.wav,/Users/nilakshanraveendran/Documents/research/data/raw/DRAL16kHz/fragments-short/ES_065_7.wav,I don't know if it's easier for the Chinese to make their own technology.,No sé si es más fácil que los- que los chinos hagan su propia tecnología.,dev
EN_065_8__ES_065_8,65,57,false,EN_065_8,ES_065_8,/Users/nilakshanraveendran/Documents/research/data/raw/DRAL16kHz/fragments-short/EN_065_8.wav,/Users/nilakshanraveendran/Documents/research/data/raw/DRAL16kHz/fragments-short/ES_065_8.wav,"Well, I read that the United States has all their production in Asia.","Bueno, leí que Estados Unidos, tiene toda su producción allá en Asia.",dev
EN_065_9__ES_065_9,57,65,false,EN_065_9,ES_065_9,/Users/nilakshanraveendran/Documents/research/data/raw/DRAL16kHz/fragments-short/EN_065_9.wav,/Users/nilakshanraveendran/Documents/research/data/raw/DRAL16kHz/fragments-short/ES_065_9.wav,"That might have something to do with communism, but...","Quizás tenga algo que ver con el comunismo, per-.",dev
EN_066_10__ES_066_10,66,66,true,EN_066_10,ES_066_10,/Users/nilakshanraveendran/Documents/research/data/raw/DRAL16kHz/fragments-short/EN_066_10.wav,/Users/nilakshanraveendran/Documents/research/data/raw/DRAL16kHz/fragments-short/ES_066_10.wav,"Half Mexican, like a lot of professors are, right?","Mitad mexicano como muchos profes son, ¿verdad?",train
EN_066_11__ES_066_11,66,66,true,EN_066_11,ES_066_11,/Users/nilakshanraveendran/Documents/research/data/raw/DRAL16kHz/fragments-short/EN_066_11.wav,/Users/nilakshanraveendran/Documents/research/data/raw/DRAL16kHz/fragments-short/ES_066_11.wav,I think he's from New Jersey or something like that.,Creo que él es de New Jersey o algo así.,train
EN_066_12__ES_066_12,66,66,true,EN_066_12,ES_066_12,/Users/nilakshanraveendran/Documents/research/data/raw/DRAL16kHz/fragments-short/EN_066_12.wav,/Users/nilakshanraveendran/Documents/research/data/raw/DRAL16kHz/fragments-short/ES_066_12.wav,I didn't know he talks so fast and he speaks so fast,Yo no sabía que hablaba tan rápido y habla bien ráp-.,train
EN_066_13__ES_066_13,57,57,true,EN_066_13,ES_066_13,/Users/nilakshanraveendran/Documents/research/data/raw/DRAL16kHz/fragments-short/EN_066_13.wav,/Users/nilakshanraveendran/Documents/research/data/raw/DRAL16kHz/fragments-short/ES_066_13.wav,Hello.,Oh.,dev
EN_066_14__ES_066_14,66,66,true,EN_066_14,ES_066_14,/Users/nilakshanraveendran/Documents/research/data/raw/DRAL16kHz/fragments-short/EN_066_14.wav,/Users/nilakshanraveendran/Documents/research/data/raw/DRAL16kHz/fragments-short/ES_066_14.wav,"No, yeah, he really speaks fast.","No, es que si, habla- habla muy rápido.",train
EN_066_15__ES_066_15,66,66,true,EN_066_15,ES_066_15,/Users/nilakshanraveendran/Documents/research/data/raw/DRAL16kHz/fragments-short/EN_066_15.wav,/Users/nilakshanraveendran/Documents/research/data/raw/DRAL16kHz/fragments-short/ES_066_15.wav,"No, I don't understand him.","No, yo no le entiendo.",train
EN_066_16__ES_066_16,66,66,true,EN_066_16,ES_066_16,/Users/nilakshanraveendran/Documents/research/data/raw/DRAL16kHz/fragments-short/EN_066_16.wav,/Users/nilakshanraveendran/Documents/research/data/raw/DRAL16kHz/fragments-short/ES_066_16.wav,It really hit me on my feelings because I really missed Mexico.,Sí me pegó en- en los sentimientos porque yo extrañaba mucho Méxi-.,train
EN_066_1__ES_066_1,66,66,true,EN_066_1,ES_066_1,/Users/nilakshanraveendran/Documents/research/data/raw/DRAL16kHz/fragments-short/EN_066_1.wav,/Users/nilakshanraveendran/Documents/research/data/raw/DRAL16kHz/fragments-short/ES_066_1.wav,"To be honest, I have always liked to study in Mexico.","Yo la verdad, a mí siempre me había gustado estudiar en México.",train
EN_066_2__ES_066_2,66,66,true,EN_066_2,ES_066_2,/Users/nilakshanraveendran/Documents/research/data/raw/DRAL16kHz/fragments-short/EN_066_2.wav,/Users/nilakshanraveendran/Documents/research/data/raw/DRAL16kHz/fragments-short/ES_066_2.wav,At first I was very excited to come over here.,"Eh, al principio yo estaba muy emocionada por venir acá.",train
EN_066_3__ES_066_3,66,66,true,EN_066_3,ES_066_3,/Users/nilakshanraveendran/Documents/research/data/raw/DRAL16kHz/fragments-short/EN_066_3.wav,/Users/nilakshanraveendran/Documents/research/data/raw/DRAL16kHz/fragments-short/ES_066_3.wav,I have never ever experienced something very United States-ish here in El Paso.,porque nunca me había tocado así tener una experiencia muy estadounidense aquí en El Paso.,train
EN_066_4__ES_066_4,66,66,true,EN_066_4,ES_066_4,/Users/nilakshanraveendran/Documents/research/data/raw/DRAL16kHz/fragments-short/EN_066_4.wav,/Users/nilakshanraveendran/Documents/research/data/raw/DRAL16kHz/fragments-short/ES_066_4.wav,"So when I got over here to study,","Entonces, cuando ya me vine para acá a estudiar,",train
EN_066_5__ES_066_5,66,66,true,EN_066_5,ES_066_5,/Users/nilakshanraveendran/Documents/research/data/raw/DRAL16kHz/fragments-short/EN_066_5.wav,/Users/nilakshanraveendran/Documents/research/data/raw/DRAL16kHz/fragments-short/ES_066_5.wav,Like I noticed a lot of changes in the culture.,"O sea, notaba muchos cambios en la cultura.",train
EN_066_6__ES_066_6,66,66,true,EN_066_6,ES_066_6,/Users/nilakshanraveendran/Documents/research/data/raw/DRAL16kHz/fragments-short/EN_066_6.wav,/Users/nilakshanraveendran/Documents/research/data/raw/DRAL16kHz/fragments-short/ES_066_6.wav,"because well, even though I had friends, it was still different.","Porque a pesar de que tenía amigos, pues se sentía muy diferente todo.",train
EN_066_7__ES_066_7,66,66,true,EN_066_7,ES_066_7,/Users/nilakshanraveendran/Documents/research/data/raw/DRAL16kHz/fragments-short/EN_066_7.wav,/Users/nilakshanraveendran/Documents/research/data/raw/DRAL16kHz/fragments-short/ES_066_7.wav,"Like I wanted to socialize with someone, but that person was in their world.","Como que quería socializar con alguien, pero esa persona está en su mun-.",train
EN_066_8__ES_066_8,66,66,true,EN_066_8,ES_066_8,/Users/nilakshanraveendran/Documents/research/data/raw/DRAL16kHz/fragments-short/EN_066_8.wav,/Users/nilakshanraveendran/Documents/research/data/raw/DRAL16kHz/fragments-short/ES_066_8.wav,"like hello, something straightforward and everything.",como hola este o sea si directo y todo.,train
EN_066_9__ES_066_9,66,66,true,EN_066_9,ES_066_9,/Users/nilakshanraveendran/Documents/research/data/raw/DRAL16kHz/fragments-short/EN_066_9.wav,/Users/nilakshanraveendran/Documents/research/data/raw/DRAL16kHz/fragments-short/ES_066_9.wav,That professor was from United States.,Ese maestro era de Estados Unidos.,train
EN_067_10__ES_067_10,67,67,true,EN_067_10,ES_067_10,/Users/nilakshanraveendran/Documents/research/data/raw/DRAL16kHz/fragments-short/EN_067_10.wav,/Users/nilakshanraveendran/Documents/research/data/raw/DRAL16kHz/fragments-short/ES_067_10.wav,The the one I had was really old so so it didn't work that well.,la- la que tenía antes estaba más vieja entonces no- no s- no servía muy bien,test
EN_067_11__ES_067_11,67,67,true,EN_067_11,ES_067_11,/Users/nilakshanraveendran/Documents/research/data/raw/DRAL16kHz/fragments-short/EN_067_11.wav,/Users/nilakshanraveendran/Documents/research/data/raw/DRAL16kHz/fragments-short/ES_067_11.wav,"I stopped for a good time, so I have to start all over again.","paré por- por un buen tiempo, entonces tengo que empezar otra vez.",test
EN_067_12__ES_067_12,67,67,true,EN_067_12,ES_067_12,/Users/nilakshanraveendran/Documents/research/data/raw/DRAL16kHz/fragments-short/EN_067_12.wav,/Users/nilakshanraveendran/Documents/research/data/raw/DRAL16kHz/fragments-short/ES_067_12.wav,"Yeah, and sometimes I don't have time to do all of them.","Sí, a veces no me da tiempo de hacer todos.",test
EN_067_13__ES_067_13,67,67,true,EN_067_13,ES_067_13,/Users/nilakshanraveendran/Documents/research/data/raw/DRAL16kHz/fragments-short/EN_067_13.wav,/Users/nilakshanraveendran/Documents/research/data/raw/DRAL16kHz/fragments-short/ES_067_13.wav,If I feel like I've been too long inside the house well I go outside...,"Y si siento que he estado uh mucho tiempo dentro de la casa, uh pues salgo.",test
EN_067_14__ES_067_14,67,67,true,EN_067_14,ES_067_14,/Users/nilakshanraveendran/Documents/research/data/raw/DRAL16kHz/fragments-short/EN_067_14.wav,/Users/nilakshanraveendran/Documents/research/data/raw/DRAL16kHz/fragments-short/ES_067_14.wav,"If I feel like I'm getting bored in class, then I start drawing.","Si siento que me estoy aburriendo o algo, empiezo a dibujar.",test
EN_067_15__ES_067_15,67,67,true,EN_067_15,ES_067_15,/Users/nilakshanraveendran/Documents/research/data/raw/DRAL16kHz/fragments-short/EN_067_15.wav,/Users/nilakshanraveendran/Documents/research/data/raw/DRAL16kHz/fragments-short/ES_067_15.wav,Sometimes the day feels Um really nice and I like to go out.,A veces el día está bien- bien bonito y me gusta salir.,test
EN_067_16__ES_067_16,67,67,true,EN_067_16,ES_067_16,/Users/nilakshanraveendran/Documents/research/data/raw/DRAL16kHz/fragments-short/EN_067_16.wav,/Users/nilakshanraveendran/Documents/research/data/raw/DRAL16kHz/fragments-short/ES_067_16.wav,"Yeah, I'll go outside. More at night because there's not that many people.","Sí, voy afuera, más en las noches porque no hay tanta gente.",test
EN_067_17__ES_067_17,67,67,true,EN_067_17,ES_067_17,/Users/nilakshanraveendran/Documents/research/data/raw/DRAL16kHz/fragments-short/EN_067_17.wav,/Users/nilakshanraveendran/Documents/research/data/raw/DRAL16kHz/fragments-short/ES_067_17.wav,I have Um with a Um pencil.,Tengo o pues sí con- con lápiz.,test
EN_067_18__ES_067_18,67,67,true,EN_067_18,ES_067_18,/Users/nilakshanraveendran/Documents/research/data/raw/DRAL16kHz/fragments-short/EN_067_18.wav,/Users/nilakshanraveendran/Documents/research/data/raw/DRAL16kHz/fragments-short/ES_067_18.wav,Sometimes I also have Um a pen.,A veces también tengo um uh pluma.,test
EN_067_19__ES_067_19,67,67,true,EN_067_19,ES_067_19,/Users/nilakshanraveendran/Documents/research/data/raw/DRAL16kHz/fragments-short/EN_067_19.wav,/Users/nilakshanraveendran/Documents/research/data/raw/DRAL16kHz/fragments-short/ES_067_19.wav,What I draw is Um whatever comes out.,"Lo que dibujo es lo que salga, no sé.",test
EN_067_1__ES_067_1,67,67,true,EN_067_1,ES_067_1,/Users/nilakshanraveendran/Documents/research/data/raw/DRAL16kHz/fragments-short/EN_067_1.wav,/Users/nilakshanraveendran/Documents/research/data/raw/DRAL16kHz/fragments-short/ES_067_1.wav,"No, there's not really things that bother me.","No, no hay muchas cosas que me molestan.",test
EN_067_20__ES_067_20,67,67,true,EN_067_20,ES_067_20,/Users/nilakshanraveendran/Documents/research/data/raw/DRAL16kHz/fragments-short/EN_067_20.wav,/Users/nilakshanraveendran/Documents/research/data/raw/DRAL16kHz/fragments-short/ES_067_20.wav,"Yeah, I really like music.","Sí, me gusta mucho la música.",test
EN_067_21__ES_067_21,67,67,true,EN_067_21,ES_067_21,/Users/nilakshanraveendran/Documents/research/data/raw/DRAL16kHz/fragments-short/EN_067_21.wav,/Users/nilakshanraveendran/Documents/research/data/raw/DRAL16kHz/fragments-short/ES_067_21.wav,"I practice a little at home, but mm it's not the same.","Practico un poco ahí en mi casa, pero no es- no estaria- no es igual.",test
EN_067_22__ES_067_22,67,67,true,EN_067_22,ES_067_22,/Users/nilakshanraveendran/Documents/research/data/raw/DRAL16kHz/fragments-short/EN_067_22.wav,/Users/nilakshanraveendran/Documents/research/data/raw/DRAL16kHz/fragments-short/ES_067_22.wav,"Ummm, depends how I feel.",Um depende como me sienta.,test
EN_067_23__ES_067_23,67,67,true,EN_067_23,ES_067_23,/Users/nilakshanraveendran/Documents/research/data/raw/DRAL16kHz/fragments-short/EN_067_23.wav,/Users/nilakshanraveendran/Documents/research/data/raw/DRAL16kHz/fragments-short/ES_067_23.wav,"Yeah, I really like rock.","Sí, me gusta mucho rock.",test
EN_067_24__ES_067_24,57,57,true,EN_067_24,ES_067_24,/Users/nilakshanraveendran/Documents/research/data/raw/DRAL16kHz/fragments-short/EN_067_24.wav,/Users/nilakshanraveendran/Documents/research/data/raw/DRAL16kHz/fragments-short/ES_067_24.wav,So your first guitar was from childhood then?,¿Tu primer guitarra fue de niño entonces?,dev
EN_067_25__ES_067_25,67,67,true,EN_067_25,ES_067_25,/Users/nilakshanraveendran/Documents/research/data/raw/DRAL16kHz/fragments-short/EN_067_25.wav,/Users/nilakshanraveendran/Documents/research/data/raw/DRAL16kHz/fragments-short/ES_067_25.wav,I sold some stuff so I can buy a guitar.,Vendí unas cosas para poder comprar una guitarra.,test
EN_067_26__ES_067_26,67,67,true,EN_067_26,ES_067_26,/Users/nilakshanraveendran/Documents/research/data/raw/DRAL16kHz/fragments-short/EN_067_26.wav,/Users/nilakshanraveendran/Documents/research/data/raw/DRAL16kHz/fragments-short/ES_067_26.wav,Um we're moving from San Antonio.,que nos estábamos moviendo de San Antonio.,test
EN_067_27__ES_067_27,57,57,true,EN_067_27,ES_067_27,/Users/nilakshanraveendran/Documents/research/data/raw/DRAL16kHz/fragments-short/EN_067_27.wav,/Users/nilakshanraveendran/Documents/research/data/raw/DRAL16kHz/fragments-short/ES_067_27.wav,So to to your liking.,A tu- a tu gusto.,dev
EN_067_28__ES_067_28,67,67,true,EN_067_28,ES_067_28,/Users/nilakshanraveendran/Documents/research/data/raw/DRAL16kHz/fragments-short/EN_067_28.wav,/Users/nilakshanraveendran/Documents/research/data/raw/DRAL16kHz/fragments-short/ES_067_28.wav,"To my liking, yeah.","Sí, a mi gusto.",test
EN_067_29__ES_067_29,67,67,true,EN_067_29,ES_067_29,/Users/nilakshanraveendran/Documents/research/data/raw/DRAL16kHz/fragments-short/EN_067_29.wav,/Users/nilakshanraveendran/Documents/research/data/raw/DRAL16kHz/fragments-short/ES_067_29.wav,I think that I Um I don't have to buy another one.,Yo pienso que no ten- tengo que- no necesito comprar otra.,test
EN_067_2__ES_067_2,57,57,true,EN_067_2,ES_067_2,/Users/nilakshanraveendran/Documents/research/data/raw/DRAL16kHz/fragments-short/EN_067_2.wav,/Users/nilakshanraveendran/Documents/research/data/raw/DRAL16kHz/fragments-short/ES_067_2.wav,and you like something a lot or you hate it,Que te gusta mucho o que lo odias.,dev
EN_067_30__ES_067_30,57,57,true,EN_067_30,ES_067_30,/Users/nilakshanraveendran/Documents/research/data/raw/DRAL16kHz/fragments-short/EN_067_30.wav,/Users/nilakshanraveendran/Documents/research/data/raw/DRAL16kHz/fragments-short/ES_067_30.wav,but you're thinking of buying more and stuff like that.,Pero piensas en comprar más y así.,dev
EN_067_31__ES_067_31,67,67,true,EN_067_31,ES_067_31,/Users/nilakshanraveendran/Documents/research/data/raw/DRAL16kHz/fragments-short/EN_067_31.wav,/Users/nilakshanraveendran/Documents/research/data/raw/DRAL16kHz/fragments-short/ES_067_31.wav,I do draw stuff that I'm seeing sometimes.,Sí dibujo a veces lo que estoy viendo.,test
EN_067_3__ES_067_3,67,67,true,EN_067_3,ES_067_3,/Users/nilakshanraveendran/Documents/research/data/raw/DRAL16kHz/fragments-short/EN_067_3.wav,/Users/nilakshanraveendran/Documents/research/data/raw/DRAL16kHz/fragments-short/ES_067_3.wav,"Um honestly, I haven't seen many movies.",Pues la verdad no- no he visto muchas películas.,test
EN_067_4__ES_067_4,67,67,true,EN_067_4,ES_067_4,/Users/nilakshanraveendran/Documents/research/data/raw/DRAL16kHz/fragments-short/EN_067_4.wav,/Users/nilakshanraveendran/Documents/research/data/raw/DRAL16kHz/fragments-short/ES_067_4.wav,I like to play the guitar. I have a guitar.,"Me gusta tocar la guitarra, tengo una guitarra.",test
EN_067_5__ES_067_5,67,67,true,EN_067_5,ES_067_5,/Users/nilakshanraveendran/Documents/research/data/raw/DRAL16kHz/fragments-short/EN_067_5.wav,/Users/nilakshanraveendran/Documents/research/data/raw/DRAL16kHz/fragments-short/ES_067_5.wav,I go to the gym or I go to play.,Voy al gimnasio o voy a jugar.,test
EN_067_6__ES_067_6,67,67,true,EN_067_6,ES_067_6,/Users/nilakshanraveendran/Documents/research/data/raw/DRAL16kHz/fragments-short/EN_067_6.wav,/Users/nilakshanraveendran/Documents/research/data/raw/DRAL16kHz/fragments-short/ES_067_6.wav,Or sometimes I draw. I like drawing a lot.,"O a veces dibujo, también me gusta dibujar mucho.",test
EN_067_7__ES_067_7,67,67,true,EN_067_7,ES_067_7,/Users/nilakshanraveendran/Documents/research/data/raw/DRAL16kHz/fragments-short/EN_067_7.wav,/Users/nilakshanraveendran/Documents/research/data/raw/DRAL16kHz/fragments-short/ES_067_7.wav,Sleeping too? I like sleeping.,"Dormir también, [laughter] me gusta dormir.",test
EN_067_8__ES_067_8,57,57,true,EN_067_8,ES_067_8,/Users/nilakshanraveendran/Documents/research/data/raw/DRAL16kHz/fragments-short/EN_067_8.wav,/Users/nilakshanraveendran/Documents/research/data/raw/DRAL16kHz/fragments-short/ES_067_8.wav,sleeping,Dormir. Sí.,dev
EN_067_9__ES_067_9,67,67,true,EN_067_9,ES_067_9,/Users/nilakshanraveendran/Documents/research/data/raw/DRAL16kHz/fragments-short/EN_067_9.wav,/Users/nilakshanraveendran/Documents/research/data/raw/DRAL16kHz/fragments-short/ES_067_9.wav,"Yeah, I use it more for transportation, but...","Sí, lo uso para- más para transportación.",test
EN_068_10__ES_068_10,68,68,true,EN_068_10,ES_068_10,/Users/nilakshanraveendran/Documents/research/data/raw/DRAL16kHz/fragments-short/EN_068_10.wav,/Users/nilakshanraveendran/Documents/research/data/raw/DRAL16kHz/fragments-short/ES_068_10.wav,"Oh, I mean, I like Michael.","Oh, pues me gusta Michael.",train
EN_068_11__ES_068_11,57,57,true,EN_068_11,ES_068_11,/Users/nilakshanraveendran/Documents/research/data/raw/DRAL16kHz/fragments-short/EN_068_11.wav,/Users/nilakshanraveendran/Documents/research/data/raw/DRAL16kHz/fragments-short/ES_068_11.wav,that video game with the bear and the animatronic,Ese videojuego con el oso y los animatrónicos.,dev
EN_068_12__ES_068_12,68,68,true,EN_068_12,ES_068_12,/Users/nilakshanraveendran/Documents/research/data/raw/DRAL16kHz/fragments-short/EN_068_12.wav,/Users/nilakshanraveendran/Documents/research/data/raw/DRAL16kHz/fragments-short/ES_068_12.wav,Oh. Oh.,¡Oh!,train
EN_068_13__ES_068_13,68,68,true,EN_068_13,ES_068_13,/Users/nilakshanraveendran/Documents/research/data/raw/DRAL16kHz/fragments-short/EN_068_13.wav,/Users/nilakshanraveendran/Documents/research/data/raw/DRAL16kHz/fragments-short/ES_068_13.wav,I don't really play,Yo- yo- yo en verdad no juego.,train
EN_068_14__ES_068_14,57,57,true,EN_068_14,ES_068_14,/Users/nilakshanraveendran/Documents/research/data/raw/DRAL16kHz/fragments-short/EN_068_14.wav,/Users/nilakshanraveendran/Documents/research/data/raw/DRAL16kHz/fragments-short/ES_068_14.wav,I play like once a week maybe.,Juego como una vez a la semana tal vez.,dev
EN_068_15__ES_068_15,68,68,true,EN_068_15,ES_068_15,/Users/nilakshanraveendran/Documents/research/data/raw/DRAL16kHz/fragments-short/EN_068_15.wav,/Users/nilakshanraveendran/Documents/research/data/raw/DRAL16kHz/fragments-short/ES_068_15.wav,"Beto, I like Beto.","Beto, me gusta Beto.",train
EN_068_16__ES_068_16,57,57,true,EN_068_16,ES_068_16,/Users/nilakshanraveendran/Documents/research/data/raw/DRAL16kHz/fragments-short/EN_068_16.wav,/Users/nilakshanraveendran/Documents/research/data/raw/DRAL16kHz/fragments-short/ES_068_16.wav,[laugh],,dev
EN_068_17__ES_068_17,68,68,true,EN_068_17,ES_068_17,/Users/nilakshanraveendran/Documents/research/data/raw/DRAL16kHz/fragments-short/EN_068_17.wav,/Users/nilakshanraveendran/Documents/research/data/raw/DRAL16kHz/fragments-short/ES_068_17.wav,I guess it's not that popular but it's Crash?,"Yo creo que no es muy popular, pero es Crash.",train
EN_068_18__ES_068_18,68,68,true,EN_068_18,ES_068_18,/Users/nilakshanraveendran/Documents/research/data/raw/DRAL16kHz/fragments-short/EN_068_18.wav,/Users/nilakshanraveendran/Documents/research/data/raw/DRAL16kHz/fragments-short/ES_068_18.wav,"It's a dog and it's like swimming, well kind of.","Es un perro y está como nadando, más o menos.",train
EN_068_19__ES_068_19,57,57,true,EN_068_19,ES_068_19,/Users/nilakshanraveendran/Documents/research/data/raw/DRAL16kHz/fragments-short/EN_068_19.wav,/Users/nilakshanraveendran/Documents/research/data/raw/DRAL16kHz/fragments-short/ES_068_19.wav,Yeah.,Sí.,dev
EN_068_1__ES_068_1,68,68,true,EN_068_1,ES_068_1,/Users/nilakshanraveendran/Documents/research/data/raw/DRAL16kHz/fragments-short/EN_068_1.wav,/Users/nilakshanraveendran/Documents/research/data/raw/DRAL16kHz/fragments-short/ES_068_1.wav,I used to be a fox in high school.,Yo solía ser un zorro en la preparatoria.,train
EN_068_20__ES_068_20,57,57,true,EN_068_20,ES_068_20,/Users/nilakshanraveendran/Documents/research/data/raw/DRAL16kHz/fragments-short/EN_068_20.wav,/Users/nilakshanraveendran/Documents/research/data/raw/DRAL16kHz/fragments-short/ES_068_20.wav,Yeah.,Sí.,dev
EN_068_21__ES_068_21,68,68,true,EN_068_21,ES_068_21,/Users/nilakshanraveendran/Documents/research/data/raw/DRAL16kHz/fragments-short/EN_068_21.wav,/Users/nilakshanraveendran/Documents/research/data/raw/DRAL16kHz/fragments-short/ES_068_21.wav,PS1 or like just PlayStation. I don't know the name of it,PS1 o no más Playstation no me sé su nombre.,train
EN_068_22__ES_068_22,57,57,true,EN_068_22,ES_068_22,/Users/nilakshanraveendran/Documents/research/data/raw/DRAL16kHz/fragments-short/EN_068_22.wav,/Users/nilakshanraveendran/Documents/research/data/raw/DRAL16kHz/fragments-short/ES_068_22.wav,PlayStation.,Playsta-.,dev
EN_068_23__ES_068_23,57,57,true,EN_068_23,ES_068_23,/Users/nilakshanraveendran/Documents/research/data/raw/DRAL16kHz/fragments-short/EN_068_23.wav,/Users/nilakshanraveendran/Documents/research/data/raw/DRAL16kHz/fragments-short/ES_068_23.wav,Uh-huh.,Ajá.,dev
EN_068_24__ES_068_24,57,57,true,EN_068_24,ES_068_24,/Users/nilakshanraveendran/Documents/research/data/raw/DRAL16kHz/fragments-short/EN_068_24.wav,/Users/nilakshanraveendran/Documents/research/data/raw/DRAL16kHz/fragments-short/ES_068_24.wav,"I did that one specifically for gaming, but I use it more for school now.","Hice esa específicamente por los juegos, pero ahora la uso más pa' las escuelas.",dev
EN_068_25__ES_068_25,57,57,true,EN_068_25,ES_068_25,/Users/nilakshanraveendran/Documents/research/data/raw/DRAL16kHz/fragments-short/EN_068_25.wav,/Users/nilakshanraveendran/Documents/research/data/raw/DRAL16kHz/fragments-short/ES_068_25.wav,because it's like slow sometimes I turn it on and it takes like five minutes,"Porque es muy lento, a veces lo prendo y dura como 5 minutos.",dev
EN_068_26__ES_068_26,57,57,true,EN_068_26,ES_068_26,/Users/nilakshanraveendran/Documents/research/data/raw/DRAL16kHz/fragments-short/EN_068_26.wav,/Users/nilakshanraveendran/Documents/research/data/raw/DRAL16kHz/fragments-short/ES_068_26.wav,"So I'm like, okay, rush, rush.","Estoy como apúrate, apúrate [laughter].",dev
EN_068_27__ES_068_27,68,68,true,EN_068_27,ES_068_27,/Users/nilakshanraveendran/Documents/research/data/raw/DRAL16kHz/fragments-short/EN_068_27.wav,/Users/nilakshanraveendran/Documents/research/data/raw/DRAL16kHz/fragments-short/ES_068_27.wav,Sometimes I want to get into gaming but then I don't.,"A veces quiero jugar más, pero luego no lo hago.",train
EN_068_28__ES_068_28,57,57,true,EN_068_28,ES_068_28,/Users/nilakshanraveendran/Documents/research/data/raw/DRAL16kHz/fragments-short/EN_068_28.wav,/Users/nilakshanraveendran/Documents/research/data/raw/DRAL16kHz/fragments-short/ES_068_28.wav,Yeah.,Sí.,dev
EN_068_29__ES_068_29,68,68,true,EN_068_29,ES_068_29,/Users/nilakshanraveendran/Documents/research/data/raw/DRAL16kHz/fragments-short/EN_068_29.wav,/Users/nilakshanraveendran/Documents/research/data/raw/DRAL16kHz/fragments-short/ES_068_29.wav,I like watching shows. That's my hobby.,"Me gusta ver shows, ese es mi hobby.",train
EN_068_2__ES_068_2,68,68,true,EN_068_2,ES_068_2,/Users/nilakshanraveendran/Documents/research/data/raw/DRAL16kHz/fragments-short/EN_068_2.wav,/Users/nilakshanraveendran/Documents/research/data/raw/DRAL16kHz/fragments-short/ES_068_2.wav,I'm gonna name him Freddy.,Lo voy a nombrar Freddy.,train
EN_068_30__ES_068_30,57,57,true,EN_068_30,ES_068_30,/Users/nilakshanraveendran/Documents/research/data/raw/DRAL16kHz/fragments-short/EN_068_30.wav,/Users/nilakshanraveendran/Documents/research/data/raw/DRAL16kHz/fragments-short/ES_068_30.wav,Yeah.,Sí.,dev
EN_068_31__ES_068_31,57,57,true,EN_068_31,ES_068_31,/Users/nilakshanraveendran/Documents/research/data/raw/DRAL16kHz/fragments-short/EN_068_31.wav,/Users/nilakshanraveendran/Documents/research/data/raw/DRAL16kHz/fragments-short/ES_068_31.wav,and I watched like three episodes of three different shows.,Y veo como tres capítulos de tres diferentes programas.,dev
EN_068_32__ES_068_32,57,57,true,EN_068_32,ES_068_32,/Users/nilakshanraveendran/Documents/research/data/raw/DRAL16kHz/fragments-short/EN_068_32.wav,/Users/nilakshanraveendran/Documents/research/data/raw/DRAL16kHz/fragments-short/ES_068_32.wav,"Phineas and Ferb, I like that show, I don't know.","Phineas y Ferb, no sé, a mí me gusta ese show.",dev
EN_068_33__ES_068_33,68,68,true,EN_068_33,ES_068_33,/Users/nilakshanraveendran/Documents/research/data/raw/DRAL16kHz/fragments-short/EN_068_33.wav,/Users/nilakshanraveendran/Documents/research/data/raw/DRAL16kHz/fragments-short/ES_068_33.wav,"Have you heard of, uh, Courage?",¿Has escuchado sobre Coraje?,train
EN_068_34__ES_068_34,68,68,true,EN_068_34,ES_068_34,/Users/nilakshanraveendran/Documents/research/data/raw/DRAL16kHz/fragments-short/EN_068_34.wav,/Users/nilakshanraveendran/Documents/research/data/raw/DRAL16kHz/fragments-short/ES_068_34.wav,It's so scary.,Está muy miedoso.,train
EN_068_35__ES_068_35,68,68,true,EN_068_35,ES_068_35,/Users/nilakshanraveendran/Documents/research/data/raw/DRAL16kHz/fragments-short/EN_068_35.wav,/Users/nilakshanraveendran/Documents/research/data/raw/DRAL16kHz/fragments-short/ES_068_35.wav,I don't know how I was watching it when I was a kid. It's actually scary.,No sé cómo lo veía cuando era una niña. En verdad está miedoso.,train
EN_068_36__ES_068_36,57,57,true,EN_068_36,ES_068_36,/Users/nilakshanraveendran/Documents/research/data/raw/DRAL16kHz/fragments-short/EN_068_36.wav,/Users/nilakshanraveendran/Documents/research/data/raw/DRAL16kHz/fragments-short/ES_068_36.wav,[noise],[laughter].,dev
EN_068_37__ES_068_37,68,68,true,EN_068_37,ES_068_37,/Users/nilakshanraveendran/Documents/research/data/raw/DRAL16kHz/fragments-short/EN_068_37.wav,/Users/nilakshanraveendran/Documents/research/data/raw/DRAL16kHz/fragments-short/ES_068_37.wav,Like she was super sweet and kind and he was mean.,Ella era súper dulce y amable y él era grosero.,train
EN_068_38__ES_068_38,68,68,true,EN_068_38,ES_068_38,/Users/nilakshanraveendran/Documents/research/data/raw/DRAL16kHz/fragments-short/EN_068_38.wav,/Users/nilakshanraveendran/Documents/research/data/raw/DRAL16kHz/fragments-short/ES_068_38.wav,It was like a scary movie for kids.,Era como una película de miedo para los niños.,train
EN_068_39__ES_068_39,68,68,true,EN_068_39,ES_068_39,/Users/nilakshanraveendran/Documents/research/data/raw/DRAL16kHz/fragments-short/EN_068_39.wav,/Users/nilakshanraveendran/Documents/research/data/raw/DRAL16kHz/fragments-short/ES_068_39.wav,I think I tried watching it a few years ago.,Creo que lo intenté de ver hace unos años.,train
EN_068_3__ES_068_3,57,57,true,EN_068_3,ES_068_3,/Users/nilakshanraveendran/Documents/research/data/raw/DRAL16kHz/fragments-short/EN_068_3.wav,/Users/nilakshanraveendran/Documents/research/data/raw/DRAL16kHz/fragments-short/ES_068_3.wav,Why does he look like a Freddy?,¿Por qué- por qué se ve como un Freddy?,dev
EN_068_40__ES_068_40,57,57,true,EN_068_40,ES_068_40,/Users/nilakshanraveendran/Documents/research/data/raw/DRAL16kHz/fragments-short/EN_068_40.wav,/Users/nilakshanraveendran/Documents/research/data/raw/DRAL16kHz/fragments-short/ES_068_40.wav,kids over here like oh I want to watch my favorite TV show,"Los niños ahí diciendo, ah, quiero ver mi favorito programa.",dev
EN_068_41__ES_068_41,68,68,true,EN_068_41,ES_068_41,/Users/nilakshanraveendran/Documents/research/data/raw/DRAL16kHz/fragments-short/EN_068_41.wav,/Users/nilakshanraveendran/Documents/research/data/raw/DRAL16kHz/fragments-short/ES_068_41.wav,"Oh my god, it's working [laugh]!",¡Oh por Dios! ¡Está funcionando!,train
EN_068_42__ES_068_42,57,57,true,EN_068_42,ES_068_42,/Users/nilakshanraveendran/Documents/research/data/raw/DRAL16kHz/fragments-short/EN_068_42.wav,/Users/nilakshanraveendran/Documents/research/data/raw/DRAL16kHz/fragments-short/ES_068_42.wav,Yeah.,[laughter],dev
EN_068_43__ES_068_43,68,68,true,EN_068_43,ES_068_43,/Users/nilakshanraveendran/Documents/research/data/raw/DRAL16kHz/fragments-short/EN_068_43.wav,/Users/nilakshanraveendran/Documents/research/data/raw/DRAL16kHz/fragments-short/ES_068_43.wav,Why aren't you just here to look cute?,El mío nomás está aquí para verse bonito.,train
EN_068_44__ES_068_44,68,68,true,EN_068_44,ES_068_44,/Users/nilakshanraveendran/Documents/research/data/raw/DRAL16kHz/fragments-short/EN_068_44.wav,/Users/nilakshanraveendran/Documents/research/data/raw/DRAL16kHz/fragments-short/ES_068_44.wav,"No, I cannot do any accents.","No, no puedo hacer ningún acento.",train
EN_068_45__ES_068_45,57,57,true,EN_068_45,ES_068_45,/Users/nilakshanraveendran/Documents/research/data/raw/DRAL16kHz/fragments-short/EN_068_45.wav,/Users/nilakshanraveendran/Documents/research/data/raw/DRAL16kHz/fragments-short/ES_068_45.wav,No.,No.,dev
EN_068_46__ES_068_46,57,57,true,EN_068_46,ES_068_46,/Users/nilakshanraveendran/Documents/research/data/raw/DRAL16kHz/fragments-short/EN_068_46.wav,/Users/nilakshanraveendran/Documents/research/data/raw/DRAL16kHz/fragments-short/ES_068_46.wav,Have you.,¿Cómo?,dev
EN_068_47__ES_068_47,57,57,true,EN_068_47,ES_068_47,/Users/nilakshanraveendran/Documents/research/data/raw/DRAL16kHz/fragments-short/EN_068_47.wav,/Users/nilakshanraveendran/Documents/research/data/raw/DRAL16kHz/fragments-short/ES_068_47.wav,"Oi mate, don't struggle on your own!","Ay amigo, no batalle solo.",dev
EN_068_48__ES_068_48,68,68,true,EN_068_48,ES_068_48,/Users/nilakshanraveendran/Documents/research/data/raw/DRAL16kHz/fragments-short/EN_068_48.wav,/Users/nilakshanraveendran/Documents/research/data/raw/DRAL16kHz/fragments-short/ES_068_48.wav,What do you want? What do you wan- would you like today?,Um ¿Qué quieres? ¿Qué te gustaría hoy?,train
EN_068_49__ES_068_49,68,68,true,EN_068_49,ES_068_49,/Users/nilakshanraveendran/Documents/research/data/raw/DRAL16kHz/fragments-short/EN_068_49.wav,/Users/nilakshanraveendran/Documents/research/data/raw/DRAL16kHz/fragments-short/ES_068_49.wav,"Oh, you're English.","Oh, eres inglés.",train
EN_068_4__ES_068_4,68,68,true,EN_068_4,ES_068_4,/Users/nilakshanraveendran/Documents/research/data/raw/DRAL16kHz/fragments-short/EN_068_4.wav,/Users/nilakshanraveendran/Documents/research/data/raw/DRAL16kHz/fragments-short/ES_068_4.wav,my my second pet was gonna be named freddy,Mi- mi segunda mascota se iba a llamar Freddy.,train
EN_068_50__ES_068_50,68,68,true,EN_068_50,ES_068_50,/Users/nilakshanraveendran/Documents/research/data/raw/DRAL16kHz/fragments-short/EN_068_50.wav,/Users/nilakshanraveendran/Documents/research/data/raw/DRAL16kHz/fragments-short/ES_068_50.wav,"Okay, let me get the translator.","Ok, déjame agarrar el traductor.",train
EN_068_51__ES_068_51,68,68,true,EN_068_51,ES_068_51,/Users/nilakshanraveendran/Documents/research/data/raw/DRAL16kHz/fragments-short/EN_068_51.wav,/Users/nilakshanraveendran/Documents/research/data/raw/DRAL16kHz/fragments-short/ES_068_51.wav,You speak English.,Tú hablas inglés.,train
EN_068_52__ES_068_52,57,57,true,EN_068_52,ES_068_52,/Users/nilakshanraveendran/Documents/research/data/raw/DRAL16kHz/fragments-short/EN_068_52.wav,/Users/nilakshanraveendran/Documents/research/data/raw/DRAL16kHz/fragments-short/ES_068_52.wav,It's super fast and the British accent.,Bien rápido y en un acento inglés.,dev
EN_068_53__ES_068_53,68,68,true,EN_068_53,ES_068_53,/Users/nilakshanraveendran/Documents/research/data/raw/DRAL16kHz/fragments-short/EN_068_53.wav,/Users/nilakshanraveendran/Documents/research/data/raw/DRAL16kHz/fragments-short/ES_068_53.wav,Uh-huh.,Ajá.,train
EN_068_54__ES_068_54,57,57,true,EN_068_54,ES_068_54,/Users/nilakshanraveendran/Documents/research/data/raw/DRAL16kHz/fragments-short/EN_068_54.wav,/Users/nilakshanraveendran/Documents/research/data/raw/DRAL16kHz/fragments-short/ES_068_54.wav,"He's like, no, what language are you speaking?",Está diciendo como en qué lengua estás hablando [laughter].,dev
EN_068_55__ES_068_55,68,68,true,EN_068_55,ES_068_55,/Users/nilakshanraveendran/Documents/research/data/raw/DRAL16kHz/fragments-short/EN_068_55.wav,/Users/nilakshanraveendran/Documents/research/data/raw/DRAL16kHz/fragments-short/ES_068_55.wav,[laughing],[laughter],train
EN_068_5__ES_068_5,68,68,true,EN_068_5,ES_068_5,/Users/nilakshanraveendran/Documents/research/data/raw/DRAL16kHz/fragments-short/EN_068_5.wav,/Users/nilakshanraveendran/Documents/research/data/raw/DRAL16kHz/fragments-short/ES_068_5.wav,A family member. His name is Freddy.,"Un familiar, su nombre es Freddy.",train
EN_068_6__ES_068_6,68,68,true,EN_068_6,ES_068_6,/Users/nilakshanraveendran/Documents/research/data/raw/DRAL16kHz/fragments-short/EN_068_6.wav,/Users/nilakshanraveendran/Documents/research/data/raw/DRAL16kHz/fragments-short/ES_068_6.wav,based on Freddie Mercury.,Basado en Freddie Mercury.,train
EN_068_8__ES_068_8,57,57,true,EN_068_8,ES_068_8,/Users/nilakshanraveendran/Documents/research/data/raw/DRAL16kHz/fragments-short/EN_068_8.wav,/Users/nilakshanraveendran/Documents/research/data/raw/DRAL16kHz/fragments-short/ES_068_8.wav,"And now and now like you stop that, no.",Y ahora- y ahora tu peluche.,dev
EN_068_9__ES_068_9,68,68,true,EN_068_9,ES_068_9,/Users/nilakshanraveendran/Documents/research/data/raw/DRAL16kHz/fragments-short/EN_068_9.wav,/Users/nilakshanraveendran/Documents/research/data/raw/DRAL16kHz/fragments-short/ES_068_9.wav,Yeah.,Sí.,train
EN_069_10__ES_069_10,57,57,true,EN_069_10,ES_069_10,/Users/nilakshanraveendran/Documents/research/data/raw/DRAL16kHz/fragments-short/EN_069_10.wav,/Users/nilakshanraveendran/Documents/research/data/raw/DRAL16kHz/fragments-short/ES_069_10.wav,and then I came to YouTube in 2020.,Y luego viene a UTEP en el año 2020.,dev
EN_069_11__ES_069_11,57,57,true,EN_069_11,ES_069_11,/Users/nilakshanraveendran/Documents/research/data/raw/DRAL16kHz/fragments-short/EN_069_11.wav,/Users/nilakshanraveendran/Documents/research/data/raw/DRAL16kHz/fragments-short/ES_069_11.wav,everything happened with the pandemic and,Todo pasó con la pandemia y...,dev
EN_069_12__ES_069_12,57,57,true,EN_069_12,ES_069_12,/Users/nilakshanraveendran/Documents/research/data/raw/DRAL16kHz/fragments-short/EN_069_12.wav,/Users/nilakshanraveendran/Documents/research/data/raw/DRAL16kHz/fragments-short/ES_069_12.wav,"I didn't really like it, so I was like, no.","La verdad no me gustó, entonces estaba como, no.",dev
EN_069_13__ES_069_13,69,69,true,EN_069_13,ES_069_13,/Users/nilakshanraveendran/Documents/research/data/raw/DRAL16kHz/fragments-short/EN_069_13.wav,/Users/nilakshanraveendran/Documents/research/data/raw/DRAL16kHz/fragments-short/ES_069_13.wav,"But then I have a niece that actually, you know, when she graduated from high school.","Tengo una sobrina, de hecho, que cuando ella se graduó de la preparatoria.",train
EN_069_14__ES_069_14,69,69,true,EN_069_14,ES_069_14,/Users/nilakshanraveendran/Documents/research/data/raw/DRAL16kHz/fragments-short/EN_069_14.wav,/Users/nilakshanraveendran/Documents/research/data/raw/DRAL16kHz/fragments-short/ES_069_14.wav,"they have, how do you call the top student?",¿Cómo se llama el estudiante que es el que se gradúa con el más alto promedio?,train
EN_069_15__ES_069_15,69,69,true,EN_069_15,ES_069_15,/Users/nilakshanraveendran/Documents/research/data/raw/DRAL16kHz/fragments-short/EN_069_15.wav,/Users/nilakshanraveendran/Documents/research/data/raw/DRAL16kHz/fragments-short/ES_069_15.wav,So she was one of them and top student and all that.,"Y ella pues sí era una de las estudiantes que se graduaron con más alto promedio, pero...",train
EN_069_16__ES_069_16,69,69,true,EN_069_16,ES_069_16,/Users/nilakshanraveendran/Documents/research/data/raw/DRAL16kHz/fragments-short/EN_069_16.wav,/Users/nilakshanraveendran/Documents/research/data/raw/DRAL16kHz/fragments-short/ES_069_16.wav,But she took the gap year and she used it to travel around the country.,Se decidió tomar un- un año de descanso y- y decidió viajar por todo el país.,train
EN_069_17__ES_069_17,69,69,true,EN_069_17,ES_069_17,/Users/nilakshanraveendran/Documents/research/data/raw/DRAL16kHz/fragments-short/EN_069_17.wav,/Users/nilakshanraveendran/Documents/research/data/raw/DRAL16kHz/fragments-short/ES_069_17.wav,a program with Italy so you can go take classes two years in Italy two years here.,Un programa con en la universi- una universidad en Italia para que tomara clases dos años aquí y dos años en Italia.,train
EN_069_18__ES_069_18,69,69,true,EN_069_18,ES_069_18,/Users/nilakshanraveendran/Documents/research/data/raw/DRAL16kHz/fragments-short/EN_069_18.wav,/Users/nilakshanraveendran/Documents/research/data/raw/DRAL16kHz/fragments-short/ES_069_18.wav,She also finished high school during the pandemic and she was like a little overwhelmed.,"También terminó la preparatoria durante la pandemia, pero se sintió un poquito como saturada.",train
EN_069_19__ES_069_19,57,57,true,EN_069_19,ES_069_19,/Users/nilakshanraveendran/Documents/research/data/raw/DRAL16kHz/fragments-short/EN_069_19.wav,/Users/nilakshanraveendran/Documents/research/data/raw/DRAL16kHz/fragments-short/ES_069_19.wav,Yeah.,Sí.,dev
EN_069_1__ES_069_1,57,57,true,EN_069_1,ES_069_1,/Users/nilakshanraveendran/Documents/research/data/raw/DRAL16kHz/fragments-short/EN_069_1.wav,/Users/nilakshanraveendran/Documents/research/data/raw/DRAL16kHz/fragments-short/ES_069_1.wav,So we're going to play this game on the paper.,"Um, vamos a jugar un juego en el papel, eh.",dev
EN_069_20__ES_069_20,69,69,true,EN_069_20,ES_069_20,/Users/nilakshanraveendran/Documents/research/data/raw/DRAL16kHz/fragments-short/EN_069_20.wav,/Users/nilakshanraveendran/Documents/research/data/raw/DRAL16kHz/fragments-short/ES_069_20.wav,The pandemic was too tough on her.,La pandemia sí fue algo difícil para ella.,train
EN_069_21__ES_069_21,69,69,true,EN_069_21,ES_069_21,/Users/nilakshanraveendran/Documents/research/data/raw/DRAL16kHz/fragments-short/EN_069_21.wav,/Users/nilakshanraveendran/Documents/research/data/raw/DRAL16kHz/fragments-short/ES_069_21.wav,"She was a good student, top student and all that, but she never applied to anything.","Era una muy buena estudiante, fue una muy buena estudiante, pero no aplicó a nada.",train
EN_069_22__ES_069_22,69,69,true,EN_069_22,ES_069_22,/Users/nilakshanraveendran/Documents/research/data/raw/DRAL16kHz/fragments-short/EN_069_22.wav,/Users/nilakshanraveendran/Documents/research/data/raw/DRAL16kHz/fragments-short/ES_069_22.wav,So she like uh was kind of like overwhelmed.,"Pues ella se sentía así como que ay, muy saturada.",train
EN_069_23__ES_069_23,69,69,true,EN_069_23,ES_069_23,/Users/nilakshanraveendran/Documents/research/data/raw/DRAL16kHz/fragments-short/EN_069_23.wav,/Users/nilakshanraveendran/Documents/research/data/raw/DRAL16kHz/fragments-short/ES_069_23.wav,"So we talked to her, we told her, you know.","Pues entonces decidimos hablar con ella y le dijimos, pues tú sabes.",train
EN_069_24__ES_069_24,69,69,true,EN_069_24,ES_069_24,/Users/nilakshanraveendran/Documents/research/data/raw/DRAL16kHz/fragments-short/EN_069_24.wav,/Users/nilakshanraveendran/Documents/research/data/raw/DRAL16kHz/fragments-short/ES_069_24.wav,But you need to do something. Either you find a job.,"Pue- pero tienes que hacer algo, ya sea que consigas un trabajo.",train
EN_069_25__ES_069_25,69,69,true,EN_069_25,ES_069_25,/Users/nilakshanraveendran/Documents/research/data/raw/DRAL16kHz/fragments-short/EN_069_25.wav,/Users/nilakshanraveendran/Documents/research/data/raw/DRAL16kHz/fragments-short/ES_069_25.wav,That's where my grandp- in-laws live.,Es donde viven mis uh familia política.,train
EN_069_26__ES_069_26,69,69,true,EN_069_26,ES_069_26,/Users/nilakshanraveendran/Documents/research/data/raw/DRAL16kHz/fragments-short/EN_069_26.wav,/Users/nilakshanraveendran/Documents/research/data/raw/DRAL16kHz/fragments-short/ES_069_26.wav,and then she found the opportunity to work in the library at the high school she went to.,Y luego tuvo la oportunidad de conseguir un trabajo en la biblioteca de la escuela donde ella fue.,train
EN_069_27__ES_069_27,69,69,true,EN_069_27,ES_069_27,/Users/nilakshanraveendran/Documents/research/data/raw/DRAL16kHz/fragments-short/EN_069_27.wav,/Users/nilakshanraveendran/Documents/research/data/raw/DRAL16kHz/fragments-short/ES_069_27.wav,"And she was like, Mommy, I was seeing all these friends of Xenia, and everybody was doing homework, and I missed doing homework.","Y luego me dijo, mami, pues estaba viendo a todos los amigos de Xenia y estaban haciendo tarea y eh extrañé hacer tarea.",train
EN_069_28__ES_069_28,69,69,true,EN_069_28,ES_069_28,/Users/nilakshanraveendran/Documents/research/data/raw/DRAL16kHz/fragments-short/EN_069_28.wav,/Users/nilakshanraveendran/Documents/research/data/raw/DRAL16kHz/fragments-short/ES_069_28.wav,it's a good thing to step back and analyze everything.,A veces es bueno así esp- esp- tomar una pausa y analizar todo.,train
EN_069_2__ES_069_2,69,69,true,EN_069_2,ES_069_2,/Users/nilakshanraveendran/Documents/research/data/raw/DRAL16kHz/fragments-short/EN_069_2.wav,/Users/nilakshanraveendran/Documents/research/data/raw/DRAL16kHz/fragments-short/ES_069_2.wav,"I have Um, that's the first one.",Tengo... es la primera.,train
EN_069_3__ES_069_3,69,69,true,EN_069_3,ES_069_3,/Users/nilakshanraveendran/Documents/research/data/raw/DRAL16kHz/fragments-short/EN_069_3.wav,/Users/nilakshanraveendran/Documents/research/data/raw/DRAL16kHz/fragments-short/ES_069_3.wav,"No, it was like 20 minutes at least three times a week.","No, uh hago ejercicio 30 minutos por lo menos tres veces a la semana.",train
EN_069_4__ES_069_4,57,57,true,EN_069_4,ES_069_4,/Users/nilakshanraveendran/Documents/research/data/raw/DRAL16kHz/fragments-short/EN_069_4.wav,/Users/nilakshanraveendran/Documents/research/data/raw/DRAL16kHz/fragments-short/ES_069_4.wav,"He's barely in high school, so...","Apenas está en la preparatoria, entonces...",dev
EN_069_5__ES_069_5,69,69,true,EN_069_5,ES_069_5,/Users/nilakshanraveendran/Documents/research/data/raw/DRAL16kHz/fragments-short/EN_069_5.wav,/Users/nilakshanraveendran/Documents/research/data/raw/DRAL16kHz/fragments-short/ES_069_5.wav,"I wish the first one was true, but it's not.","Me gustaría que la primera fuera la verdad, pero era- pero no, era no era la verdad, era la mentira.",train
EN_069_6__ES_069_6,69,69,true,EN_069_6,ES_069_6,/Users/nilakshanraveendran/Documents/research/data/raw/DRAL16kHz/fragments-short/EN_069_6.wav,/Users/nilakshanraveendran/Documents/research/data/raw/DRAL16kHz/fragments-short/ES_069_6.wav,that second one was a true one. I have a 17 year old boy and a 20 year old girl.,La segunda era la correcta. Tengo un niño de 17 años y una niña de 20 años.,train
EN_069_7__ES_069_7,57,57,true,EN_069_7,ES_069_7,/Users/nilakshanraveendran/Documents/research/data/raw/DRAL16kHz/fragments-short/EN_069_7.wav,/Users/nilakshanraveendran/Documents/research/data/raw/DRAL16kHz/fragments-short/ES_069_7.wav,"Yeah, oh.",Ajá.,dev
EN_069_8__ES_069_8,69,69,true,EN_069_8,ES_069_8,/Users/nilakshanraveendran/Documents/research/data/raw/DRAL16kHz/fragments-short/EN_069_8.wav,/Users/nilakshanraveendran/Documents/research/data/raw/DRAL16kHz/fragments-short/ES_069_8.wav,and my son is a senior. He's going to graduate this May.,"Y mi hijo es senior, se va a graduar en mayo.",train
EN_069_9__ES_069_9,69,69,true,EN_069_9,ES_069_9,/Users/nilakshanraveendran/Documents/research/data/raw/DRAL16kHz/fragments-short/EN_069_9.wav,/Users/nilakshanraveendran/Documents/research/data/raw/DRAL16kHz/fragments-short/ES_069_9.wav,"He is excited, but he's not sure what he's going to be doing.","Está emocionado, pero no sabe todavía qué va a hacer.",train
EN_070_10__ES_070_10,70,70,true,EN_070_10,ES_070_10,/Users/nilakshanraveendran/Documents/research/data/raw/DRAL16kHz/fragments-short/EN_070_10.wav,/Users/nilakshanraveendran/Documents/research/data/raw/DRAL16kHz/fragments-short/ES_070_10.wav,"Not a bad idea, kill a little bit of people.","Muy mala idea, mataron poquita gente.",test
EN_070_11__ES_070_11,66,66,true,EN_070_11,ES_070_11,/Users/nilakshanraveendran/Documents/research/data/raw/DRAL16kHz/fragments-short/EN_070_11.wav,/Users/nilakshanraveendran/Documents/research/data/raw/DRAL16kHz/fragments-short/ES_070_11.wav,"Okay, okay.","Ok, ok.",train
EN_070_12__ES_070_12,70,70,true,EN_070_12,ES_070_12,/Users/nilakshanraveendran/Documents/research/data/raw/DRAL16kHz/fragments-short/EN_070_12.wav,/Users/nilakshanraveendran/Documents/research/data/raw/DRAL16kHz/fragments-short/ES_070_12.wav,Better the world,Mejorar el planeta.,test
EN_070_13__ES_070_13,66,66,true,EN_070_13,ES_070_13,/Users/nilakshanraveendran/Documents/research/data/raw/DRAL16kHz/fragments-short/EN_070_13.wav,/Users/nilakshanraveendran/Documents/research/data/raw/DRAL16kHz/fragments-short/ES_070_13.wav,type of what democracy republic,Tipo de que ¿democracia? ¿república?.,train
EN_070_14__ES_070_14,70,70,true,EN_070_14,ES_070_14,/Users/nilakshanraveendran/Documents/research/data/raw/DRAL16kHz/fragments-short/EN_070_14.wav,/Users/nilakshanraveendran/Documents/research/data/raw/DRAL16kHz/fragments-short/ES_070_14.wav,"Oh, definitely a republic, you know? A republic.",Definitivamente sería una- una república.,test
EN_070_15__ES_070_15,70,70,true,EN_070_15,ES_070_15,/Users/nilakshanraveendran/Documents/research/data/raw/DRAL16kHz/fragments-short/EN_070_15.wav,/Users/nilakshanraveendran/Documents/research/data/raw/DRAL16kHz/fragments-short/ES_070_15.wav,So basically make a unicef that actually works,"O sea, hacer una UNICEF que sí funcione.",test
EN_070_16__ES_070_16,66,66,true,EN_070_16,ES_070_16,/Users/nilakshanraveendran/Documents/research/data/raw/DRAL16kHz/fragments-short/EN_070_16.wav,/Users/nilakshanraveendran/Documents/research/data/raw/DRAL16kHz/fragments-short/ES_070_16.wav,Exactly.,Exactamente.,train
EN_070_17__ES_070_17,66,66,true,EN_070_17,ES_070_17,/Users/nilakshanraveendran/Documents/research/data/raw/DRAL16kHz/fragments-short/EN_070_17.wav,/Users/nilakshanraveendran/Documents/research/data/raw/DRAL16kHz/fragments-short/ES_070_17.wav,and their their ears being eradicated.,Y que sus líderes sean este erradicados.,train
EN_070_18__ES_070_18,66,66,true,EN_070_18,ES_070_18,/Users/nilakshanraveendran/Documents/research/data/raw/DRAL16kHz/fragments-short/EN_070_18.wav,/Users/nilakshanraveendran/Documents/research/data/raw/DRAL16kHz/fragments-short/ES_070_18.wav,"You know, we, um...",De- de manera...,train
EN_070_19__ES_070_19,70,70,true,EN_070_19,ES_070_19,/Users/nilakshanraveendran/Documents/research/data/raw/DRAL16kHz/fragments-short/EN_070_19.wav,/Users/nilakshanraveendran/Documents/research/data/raw/DRAL16kHz/fragments-short/ES_070_19.wav,humanitarian,Humanitaria,test
EN_070_1__ES_070_1,70,70,true,EN_070_1,ES_070_1,/Users/nilakshanraveendran/Documents/research/data/raw/DRAL16kHz/fragments-short/EN_070_1.wav,/Users/nilakshanraveendran/Documents/research/data/raw/DRAL16kHz/fragments-short/ES_070_1.wav,"Sir, please remain professional.","Señor, por favor, hay que permanecer profesional.",test
EN_070_20__ES_070_20,66,66,true,EN_070_20,ES_070_20,/Users/nilakshanraveendran/Documents/research/data/raw/DRAL16kHz/fragments-short/EN_070_20.wav,/Users/nilakshanraveendran/Documents/research/data/raw/DRAL16kHz/fragments-short/ES_070_20.wav,"Yeah, humanitarian. Yeah.",Humanitaria justa.,train
EN_070_21__ES_070_21,66,66,true,EN_070_21,ES_070_21,/Users/nilakshanraveendran/Documents/research/data/raw/DRAL16kHz/fragments-short/EN_070_21.wav,/Users/nilakshanraveendran/Documents/research/data/raw/DRAL16kHz/fragments-short/ES_070_21.wav,so meaning if a person is too rich that means that there's so many people that that are not,"Entonces si una persona es demasiado rica, eso quiere decir que hay muchísima gente que no lo es.",train
EN_070_22__ES_070_22,66,66,true,EN_070_22,ES_070_22,/Users/nilakshanraveendran/Documents/research/data/raw/DRAL16kHz/fragments-short/EN_070_22.wav,/Users/nilakshanraveendran/Documents/research/data/raw/DRAL16kHz/fragments-short/ES_070_22.wav,which is the best example of a,Es el mayor claro ejemplo de un monopolio.,train
EN_070_23__ES_070_23,70,70,true,EN_070_23,ES_070_23,/Users/nilakshanraveendran/Documents/research/data/raw/DRAL16kHz/fragments-short/EN_070_23.wav,/Users/nilakshanraveendran/Documents/research/data/raw/DRAL16kHz/fragments-short/ES_070_23.wav,that they bought all the entertainment industry.,Que compró todas las compañías de entretenimiento y todo.,test
EN_070_24__ES_070_24,66,66,true,EN_070_24,ES_070_24,/Users/nilakshanraveendran/Documents/research/data/raw/DRAL16kHz/fragments-short/EN_070_24.wav,/Users/nilakshanraveendran/Documents/research/data/raw/DRAL16kHz/fragments-short/ES_070_24.wav,"No, we'll play them. Yeah.",¿Qué compró? Miento,train
EN_070_25__ES_070_25,70,70,true,EN_070_25,ES_070_25,/Users/nilakshanraveendran/Documents/research/data/raw/DRAL16kHz/fragments-short/EN_070_25.wav,/Users/nilakshanraveendran/Documents/research/data/raw/DRAL16kHz/fragments-short/ES_070_25.wav,definitely take some military action,Definitivamente ah tomaría acciones militaria.,test
EN_070_26__ES_070_26,66,66,true,EN_070_26,ES_070_26,/Users/nilakshanraveendran/Documents/research/data/raw/DRAL16kHz/fragments-short/EN_070_26.wav,/Users/nilakshanraveendran/Documents/research/data/raw/DRAL16kHz/fragments-short/ES_070_26.wav,with force.,Pero con fuerza.,train
EN_070_27__ES_070_27,70,70,true,EN_070_27,ES_070_27,/Users/nilakshanraveendran/Documents/research/data/raw/DRAL16kHz/fragments-short/EN_070_27.wav,/Users/nilakshanraveendran/Documents/research/data/raw/DRAL16kHz/fragments-short/ES_070_27.wav,"Yes, with force.",Pero sí.,test
EN_070_28__ES_070_28,66,66,true,EN_070_28,ES_070_28,/Users/nilakshanraveendran/Documents/research/data/raw/DRAL16kHz/fragments-short/EN_070_28.wav,/Users/nilakshanraveendran/Documents/research/data/raw/DRAL16kHz/fragments-short/ES_070_28.wav,"Well, what I'm planning to do is... nothing.",Eh lo que planeo hacer es eh nada,train
EN_070_29__ES_070_29,66,66,true,EN_070_29,ES_070_29,/Users/nilakshanraveendran/Documents/research/data/raw/DRAL16kHz/fragments-short/EN_070_29.wav,/Users/nilakshanraveendran/Documents/research/data/raw/DRAL16kHz/fragments-short/ES_070_29.wav,"No, just kidding.","No, no te creas.",train
EN_070_2__ES_070_2,66,66,true,EN_070_2,ES_070_2,/Users/nilakshanraveendran/Documents/research/data/raw/DRAL16kHz/fragments-short/EN_070_2.wav,/Users/nilakshanraveendran/Documents/research/data/raw/DRAL16kHz/fragments-short/ES_070_2.wav,The first thing would be like goal for it like against criminals,"Sería ir con todo, contra todos los criminales.",train
EN_070_30__ES_070_30,66,66,true,EN_070_30,ES_070_30,/Users/nilakshanraveendran/Documents/research/data/raw/DRAL16kHz/fragments-short/EN_070_30.wav,/Users/nilakshanraveendran/Documents/research/data/raw/DRAL16kHz/fragments-short/ES_070_30.wav,"It divides in 1st, 4th, 2nd, 3rd, 4th and beginners.","Se divide en primera fuerza, segunda, tercera, cuarta y principiante.",train
EN_070_31__ES_070_31,70,70,true,EN_070_31,ES_070_31,/Users/nilakshanraveendran/Documents/research/data/raw/DRAL16kHz/fragments-short/EN_070_31.wav,/Users/nilakshanraveendran/Documents/research/data/raw/DRAL16kHz/fragments-short/ES_070_31.wav,I don't know if you've watched the series called attack on Titan,Planeo ver esta nueva serie que se llama... No sé si la ha visto Attack on Titans.,test
EN_070_32__ES_070_32,70,70,true,EN_070_32,ES_070_32,/Users/nilakshanraveendran/Documents/research/data/raw/DRAL16kHz/fragments-short/EN_070_32.wav,/Users/nilakshanraveendran/Documents/research/data/raw/DRAL16kHz/fragments-short/ES_070_32.wav,"Precisely, gentlemen. I plan to do that during my break.",Exactamente caballero y planeo hacer eso en mi break.,test
EN_070_33__ES_070_33,66,66,true,EN_070_33,ES_070_33,/Users/nilakshanraveendran/Documents/research/data/raw/DRAL16kHz/fragments-short/EN_070_33.wav,/Users/nilakshanraveendran/Documents/research/data/raw/DRAL16kHz/fragments-short/ES_070_33.wav,which is resulting in something complicated,Lo cual es- resulta muy complicado.,train
EN_070_34__ES_070_34,70,70,true,EN_070_34,ES_070_34,/Users/nilakshanraveendran/Documents/research/data/raw/DRAL16kHz/fragments-short/EN_070_34.wav,/Users/nilakshanraveendran/Documents/research/data/raw/DRAL16kHz/fragments-short/ES_070_34.wav,[breath],[laughter].,test
EN_070_35__ES_070_35,70,70,true,EN_070_35,ES_070_35,/Users/nilakshanraveendran/Documents/research/data/raw/DRAL16kHz/fragments-short/EN_070_35.wav,/Users/nilakshanraveendran/Documents/research/data/raw/DRAL16kHz/fragments-short/ES_070_35.wav,Yucatan. Wow.,Yucatan o.,test
EN_070_36__ES_070_36,66,66,true,EN_070_36,ES_070_36,/Users/nilakshanraveendran/Documents/research/data/raw/DRAL16kHz/fragments-short/EN_070_36.wav,/Users/nilakshanraveendran/Documents/research/data/raw/DRAL16kHz/fragments-short/ES_070_36.wav,Um well I don't know sorry,"Ajá, Guadalajara, no, perdón, Jalisco",train
EN_070_37__ES_070_37,66,66,true,EN_070_37,ES_070_37,/Users/nilakshanraveendran/Documents/research/data/raw/DRAL16kHz/fragments-short/EN_070_37.wav,/Users/nilakshanraveendran/Documents/research/data/raw/DRAL16kHz/fragments-short/ES_070_37.wav,well now we are in the united states but in the north of of yeah mexico,"Del pa-, bueno, ahorita estamos en Estados Unidos, pero en el norte del país, en- en México.",train
EN_070_38__ES_070_38,70,70,true,EN_070_38,ES_070_38,/Users/nilakshanraveendran/Documents/research/data/raw/DRAL16kHz/fragments-short/EN_070_38.wav,/Users/nilakshanraveendran/Documents/research/data/raw/DRAL16kHz/fragments-short/ES_070_38.wav,Mexico,México.,test
EN_070_39__ES_070_39,66,66,true,EN_070_39,ES_070_39,/Users/nilakshanraveendran/Documents/research/data/raw/DRAL16kHz/fragments-short/EN_070_39.wav,/Users/nilakshanraveendran/Documents/research/data/raw/DRAL16kHz/fragments-short/ES_070_39.wav,So it can be more diversified even tho- even though there's laws that can control monopolies.,"No, que sea más diver- diversificado, que si bien ya existen leyes para controlar monopolios.",train
EN_070_3__ES_070_3,66,66,true,EN_070_3,ES_070_3,/Users/nilakshanraveendran/Documents/research/data/raw/DRAL16kHz/fragments-short/EN_070_3.wav,/Users/nilakshanraveendran/Documents/research/data/raw/DRAL16kHz/fragments-short/ES_070_3.wav,and send them directly to prison.,y enviarlos este directamente a prisión.,train
EN_070_40__ES_070_40,66,66,true,EN_070_40,ES_070_40,/Users/nilakshanraveendran/Documents/research/data/raw/DRAL16kHz/fragments-short/EN_070_40.wav,/Users/nilakshanraveendran/Documents/research/data/raw/DRAL16kHz/fragments-short/ES_070_40.wav,"Um actually, um the coach that invited me um is a coach from the team of the UACJ.",De hecho el- mi- el coach que me invitó- el que me invitó fue el entrenador del equipo de la UACJ.,train
EN_070_4__ES_070_4,66,66,true,EN_070_4,ES_070_4,/Users/nilakshanraveendran/Documents/research/data/raw/DRAL16kHz/fragments-short/EN_070_4.wav,/Users/nilakshanraveendran/Documents/research/data/raw/DRAL16kHz/fragments-short/ES_070_4.wav,And their families have to pay for everything like they have to do in prison.,Y que sus familias tengan que pagar por todo lo que tengan que hacer ahí.,train
EN_070_5__ES_070_5,70,70,true,EN_070_5,ES_070_5,/Users/nilakshanraveendran/Documents/research/data/raw/DRAL16kHz/fragments-short/EN_070_5.wav,/Users/nilakshanraveendran/Documents/research/data/raw/DRAL16kHz/fragments-short/ES_070_5.wav,Unify all countries and make them all and fall into my name,"Hacer los países, unificarlos en una nación muy grande y fuerte a mi nombre.",test
EN_070_6__ES_070_6,70,70,true,EN_070_6,ES_070_6,/Users/nilakshanraveendran/Documents/research/data/raw/DRAL16kHz/fragments-short/EN_070_6.wav,/Users/nilakshanraveendran/Documents/research/data/raw/DRAL16kHz/fragments-short/ES_070_6.wav,Because I am very selfish. I would like to have all the riches in the world.,Porque yo soy una persona muy egoísta. A mí me gustaría tener todas las riquezas del mundo.,test
EN_070_7__ES_070_7,66,66,true,EN_070_7,ES_070_7,/Users/nilakshanraveendran/Documents/research/data/raw/DRAL16kHz/fragments-short/EN_070_7.wav,/Users/nilakshanraveendran/Documents/research/data/raw/DRAL16kHz/fragments-short/ES_070_7.wav,Okay.,Ok.,train
EN_070_8__ES_070_8,70,70,true,EN_070_8,ES_070_8,/Users/nilakshanraveendran/Documents/research/data/raw/DRAL16kHz/fragments-short/EN_070_8.wav,/Users/nilakshanraveendran/Documents/research/data/raw/DRAL16kHz/fragments-short/ES_070_8.wav,"Call me a bad person, but I think genocide is a good idea.","Llamenme muy mala persona, pero uh ge- uh genicidio no suena muy mal.",test
EN_070_9__ES_070_9,66,66,true,EN_070_9,ES_070_9,/Users/nilakshanraveendran/Documents/research/data/raw/DRAL16kHz/fragments-short/EN_070_9.wav,/Users/nilakshanraveendran/Documents/research/data/raw/DRAL16kHz/fragments-short/ES_070_9.wav,Genghis Khan they call him. Genghis Kang they call him.,"Gengis Khan le decían, Gengis Khan le decían, sí.",train
EN_071_10__ES_071_10,71,71,true,EN_071_10,ES_071_10,/Users/nilakshanraveendran/Documents/research/data/raw/DRAL16kHz/fragments-short/EN_071_10.wav,/Users/nilakshanraveendran/Documents/research/data/raw/DRAL16kHz/fragments-short/ES_071_10.wav,the nature that I know that I already have.,"La naturaleza que ya sé, que ya entiendo.",train
EN_071_11__ES_071_11,60,60,true,EN_071_11,ES_071_11,/Users/nilakshanraveendran/Documents/research/data/raw/DRAL16kHz/fragments-short/EN_071_11.wav,/Users/nilakshanraveendran/Documents/research/data/raw/DRAL16kHz/fragments-short/ES_071_11.wav,I would like to travel to many places because I've only lived here all my life.,Me- me gustaría viajar a muchos lugares porque pos nomás he vivido aquí toda mi vida.,dev
EN_071_12__ES_071_12,71,71,true,EN_071_12,ES_071_12,/Users/nilakshanraveendran/Documents/research/data/raw/DRAL16kHz/fragments-short/EN_071_12.wav,/Users/nilakshanraveendran/Documents/research/data/raw/DRAL16kHz/fragments-short/ES_071_12.wav,went through so many places i i got to see so many loves so many natures that i hold,"Fui por tantos lados, conocí a tantos amores y naturalezas del mundo que...",train
EN_071_13__ES_071_13,71,71,true,EN_071_13,ES_071_13,/Users/nilakshanraveendran/Documents/research/data/raw/DRAL16kHz/fragments-short/EN_071_13.wav,/Users/nilakshanraveendran/Documents/research/data/raw/DRAL16kHz/fragments-short/ES_071_13.wav,"Not Colombia, they consider me a gringo, European, just, and they look at me all weirdly.","me consideran como el gringo, como el- el europeo, me ven todo raro",train
EN_071_14__ES_071_14,60,60,true,EN_071_14,ES_071_14,/Users/nilakshanraveendran/Documents/research/data/raw/DRAL16kHz/fragments-short/EN_071_14.wav,/Users/nilakshanraveendran/Documents/research/data/raw/DRAL16kHz/fragments-short/ES_071_14.wav,[laugh],[laughter],dev
EN_071_15__ES_071_15,71,71,true,EN_071_15,ES_071_15,/Users/nilakshanraveendran/Documents/research/data/raw/DRAL16kHz/fragments-short/EN_071_15.wav,/Users/nilakshanraveendran/Documents/research/data/raw/DRAL16kHz/fragments-short/ES_071_15.wav,"They don't talk to me. They don't they don't treat me well, but that's okay","No me hablan, no me- no me tratan bien, pero está bien.",train
EN_071_16__ES_071_16,60,60,true,EN_071_16,ES_071_16,/Users/nilakshanraveendran/Documents/research/data/raw/DRAL16kHz/fragments-short/EN_071_16.wav,/Users/nilakshanraveendran/Documents/research/data/raw/DRAL16kHz/fragments-short/ES_071_16.wav,find a good job in a beautiful place.,Encontrar un trabajo bueno en un lugar muy bonito.,dev
EN_071_17__ES_071_17,71,71,true,EN_071_17,ES_071_17,/Users/nilakshanraveendran/Documents/research/data/raw/DRAL16kHz/fragments-short/EN_071_17.wav,/Users/nilakshanraveendran/Documents/research/data/raw/DRAL16kHz/fragments-short/ES_071_17.wav,because you want to or because you need to.,¿Porque quieres o porque necesitas?,train
EN_071_18__ES_071_18,60,60,true,EN_071_18,ES_071_18,/Users/nilakshanraveendran/Documents/research/data/raw/DRAL16kHz/fragments-short/EN_071_18.wav,/Users/nilakshanraveendran/Documents/research/data/raw/DRAL16kHz/fragments-short/ES_071_18.wav,Because I want to.,Porque quiero.,dev
EN_071_19__ES_071_19,60,60,true,EN_071_19,ES_071_19,/Users/nilakshanraveendran/Documents/research/data/raw/DRAL16kHz/fragments-short/EN_071_19.wav,/Users/nilakshanraveendran/Documents/research/data/raw/DRAL16kHz/fragments-short/ES_071_19.wav,I went to Hawaii for my honeymoon.,Fui a Hawaii um para mi luna de miel.,dev
EN_071_1__ES_071_1,60,60,true,EN_071_1,ES_071_1,/Users/nilakshanraveendran/Documents/research/data/raw/DRAL16kHz/fragments-short/EN_071_1.wav,/Users/nilakshanraveendran/Documents/research/data/raw/DRAL16kHz/fragments-short/ES_071_1.wav,"Yes, where are you from?",Sí. ¿De dónde eres?,dev
EN_071_20__ES_071_20,60,60,true,EN_071_20,ES_071_20,/Users/nilakshanraveendran/Documents/research/data/raw/DRAL16kHz/fragments-short/EN_071_20.wav,/Users/nilakshanraveendran/Documents/research/data/raw/DRAL16kHz/fragments-short/ES_071_20.wav,I think we want to go retire over there because it's so beautiful.,Creo que nos queremos ir a- a retirar allá [laughter] de lo hermoso que estaba.,dev
EN_071_21__ES_071_21,71,71,true,EN_071_21,ES_071_21,/Users/nilakshanraveendran/Documents/research/data/raw/DRAL16kHz/fragments-short/EN_071_21.wav,/Users/nilakshanraveendran/Documents/research/data/raw/DRAL16kHz/fragments-short/ES_071_21.wav,but i love him um i have a dog his name is noah he is um seven years old,"Pero lo amo, se llama Noah. Es un perrito, tiene ya unos 7 años.",train
EN_071_22__ES_071_22,60,60,true,EN_071_22,ES_071_22,/Users/nilakshanraveendran/Documents/research/data/raw/DRAL16kHz/fragments-short/EN_071_22.wav,/Users/nilakshanraveendran/Documents/research/data/raw/DRAL16kHz/fragments-short/ES_071_22.wav,oh,¡Aww!,dev
EN_071_23__ES_071_23,71,71,true,EN_071_23,ES_071_23,/Users/nilakshanraveendran/Documents/research/data/raw/DRAL16kHz/fragments-short/EN_071_23.wav,/Users/nilakshanraveendran/Documents/research/data/raw/DRAL16kHz/fragments-short/ES_071_23.wav,with everything it's like he he acts more like a person than anything really,"Todo porque no es un perro normal, actúa más como una persona que- que cualquier cosa.",train
EN_071_24__ES_071_24,60,60,true,EN_071_24,ES_071_24,/Users/nilakshanraveendran/Documents/research/data/raw/DRAL16kHz/fragments-short/EN_071_24.wav,/Users/nilakshanraveendran/Documents/research/data/raw/DRAL16kHz/fragments-short/ES_071_24.wav,with something [laughing],[laughter] Con algo [laughter].,dev
EN_071_25__ES_071_25,71,71,true,EN_071_25,ES_071_25,/Users/nilakshanraveendran/Documents/research/data/raw/DRAL16kHz/fragments-short/EN_071_25.wav,/Users/nilakshanraveendran/Documents/research/data/raw/DRAL16kHz/fragments-short/ES_071_25.wav,"Well, he- he's already had to deal with two two house moves, um but but not on plane, just through on car.","Él ya le ha tocado dos mudanzas de casa, entonces sí, pues de- de avión no.",train
EN_071_26__ES_071_26,60,60,true,EN_071_26,ES_071_26,/Users/nilakshanraveendran/Documents/research/data/raw/DRAL16kHz/fragments-short/EN_071_26.wav,/Users/nilakshanraveendran/Documents/research/data/raw/DRAL16kHz/fragments-short/ES_071_26.wav,Mm-hmm.,Mm-hmm.,dev
EN_071_27__ES_071_27,71,71,true,EN_071_27,ES_071_27,/Users/nilakshanraveendran/Documents/research/data/raw/DRAL16kHz/fragments-short/EN_071_27.wav,/Users/nilakshanraveendran/Documents/research/data/raw/DRAL16kHz/fragments-short/ES_071_27.wav,uh then i'm gonna pass him over to my to my older sister um she lives in phoenix,"Ya lo voy a pasar a mi hermana grande, a mi her- hermana mayor. Ella vive en- en Phoenix.",train
EN_071_28__ES_071_28,60,60,true,EN_071_28,ES_071_28,/Users/nilakshanraveendran/Documents/research/data/raw/DRAL16kHz/fragments-short/EN_071_28.wav,/Users/nilakshanraveendran/Documents/research/data/raw/DRAL16kHz/fragments-short/ES_071_28.wav,Mm-hmm.,Mm-hmm.,dev
EN_071_29__ES_071_29,60,60,true,EN_071_29,ES_071_29,/Users/nilakshanraveendran/Documents/research/data/raw/DRAL16kHz/fragments-short/EN_071_29.wav,/Users/nilakshanraveendran/Documents/research/data/raw/DRAL16kHz/fragments-short/ES_071_29.wav,"Well, you do work here in El Paso, right?","Ah, pues trabajas aquí en El Paso, ¿verdad? [laughter]",dev
EN_071_2__ES_071_2,71,71,true,EN_071_2,ES_071_2,/Users/nilakshanraveendran/Documents/research/data/raw/DRAL16kHz/fragments-short/EN_071_2.wav,/Users/nilakshanraveendran/Documents/research/data/raw/DRAL16kHz/fragments-short/ES_071_2.wav,I'm Colombian.,Soy de Colombia.,train
EN_071_30__ES_071_30,71,71,true,EN_071_30,ES_071_30,/Users/nilakshanraveendran/Documents/research/data/raw/DRAL16kHz/fragments-short/EN_071_30.wav,/Users/nilakshanraveendran/Documents/research/data/raw/DRAL16kHz/fragments-short/ES_071_30.wav,yeah i do okay,"Sí, sí, yo he trabajado aquí en El Paso.",train
EN_071_31__ES_071_31,71,71,true,EN_071_31,ES_071_31,/Users/nilakshanraveendran/Documents/research/data/raw/DRAL16kHz/fragments-short/EN_071_31.wav,/Users/nilakshanraveendran/Documents/research/data/raw/DRAL16kHz/fragments-short/ES_071_31.wav,"But now I'm working as a student, and that's that's more than enough, honestly.","Pero además de eso estoy trabajando um como estudiante, eso ya es suficiente, eso es más que suficiente.",train
EN_071_32__ES_071_32,60,60,true,EN_071_32,ES_071_32,/Users/nilakshanraveendran/Documents/research/data/raw/DRAL16kHz/fragments-short/EN_071_32.wav,/Users/nilakshanraveendran/Documents/research/data/raw/DRAL16kHz/fragments-short/ES_071_32.wav,Mm-hmm.,Pues sí.,dev
EN_071_33__ES_071_33,60,60,true,EN_071_33,ES_071_33,/Users/nilakshanraveendran/Documents/research/data/raw/DRAL16kHz/fragments-short/EN_071_33.wav,/Users/nilakshanraveendran/Documents/research/data/raw/DRAL16kHz/fragments-short/ES_071_33.wav,"After years, I found out that I didn't want to be a nurse.",Después de años me enteré que no quería ser enfermera.,dev
EN_071_3__ES_071_3,60,60,true,EN_071_3,ES_071_3,/Users/nilakshanraveendran/Documents/research/data/raw/DRAL16kHz/fragments-short/EN_071_3.wav,/Users/nilakshanraveendran/Documents/research/data/raw/DRAL16kHz/fragments-short/ES_071_3.wav,That's so cool.,"¡Ay, qué padre!",dev
EN_071_4__ES_071_4,71,71,true,EN_071_4,ES_071_4,/Users/nilakshanraveendran/Documents/research/data/raw/DRAL16kHz/fragments-short/EN_071_4.wav,/Users/nilakshanraveendran/Documents/research/data/raw/DRAL16kHz/fragments-short/ES_071_4.wav,"After that we lived in Mozambique, Africa.","Después de eso vivimos en Mozambique, Africa.",train
EN_071_5__ES_071_5,71,71,true,EN_071_5,ES_071_5,/Users/nilakshanraveendran/Documents/research/data/raw/DRAL16kHz/fragments-short/EN_071_5.wav,/Users/nilakshanraveendran/Documents/research/data/raw/DRAL16kHz/fragments-short/ES_071_5.wav,This is now my second semester as a transfer in UTEP.,Esto es ya mi segundo semestre como un transfer de UTEP.,train
EN_071_6__ES_071_6,60,60,true,EN_071_6,ES_071_6,/Users/nilakshanraveendran/Documents/research/data/raw/DRAL16kHz/fragments-short/EN_071_6.wav,/Users/nilakshanraveendran/Documents/research/data/raw/DRAL16kHz/fragments-short/ES_071_6.wav,I was born and raised here all my life.,Yo nací y vivo aquí toda mi vida [laughter].,dev
EN_071_7__ES_071_7,71,71,true,EN_071_7,ES_071_7,/Users/nilakshanraveendran/Documents/research/data/raw/DRAL16kHz/fragments-short/EN_071_7.wav,/Users/nilakshanraveendran/Documents/research/data/raw/DRAL16kHz/fragments-short/ES_071_7.wav,"place of family, um place of birth, something you can recognize throughout your whole life.","Un sitio de- de familia, de- de nacimiento, de- para que puedas reconocer todo por toda tu vida.",train
EN_071_8__ES_071_8,60,60,true,EN_071_8,ES_071_8,/Users/nilakshanraveendran/Documents/research/data/raw/DRAL16kHz/fragments-short/EN_071_8.wav,/Users/nilakshanraveendran/Documents/research/data/raw/DRAL16kHz/fragments-short/ES_071_8.wav,"But like you, that you have lived in many places, would you like to stay in one place for your whole life?","Pero como tú que has vivido en muchos lugares, ¿te gustaría quedarte en un lugar ya de por vida?",dev
EN_071_9__ES_071_9,71,71,true,EN_071_9,ES_071_9,/Users/nilakshanraveendran/Documents/research/data/raw/DRAL16kHz/fragments-short/EN_071_9.wav,/Users/nilakshanraveendran/Documents/research/data/raw/DRAL16kHz/fragments-short/ES_071_9.wav,is for the necessity of the um life that I have.,Es por la necesidad y- y el estilo de vida que tengo.,train
EN_072_10__ES_072_10,72,72,true,EN_072_10,ES_072_10,/Users/nilakshanraveendran/Documents/research/data/raw/DRAL16kHz/fragments-short/EN_072_10.wav,/Users/nilakshanraveendran/Documents/research/data/raw/DRAL16kHz/fragments-short/ES_072_10.wav,"Ummm, yeah, yeah, I'm excited.","Um, sí, sí, estoy emocionado.",train
EN_072_11__ES_072_11,57,57,true,EN_072_11,ES_072_11,/Users/nilakshanraveendran/Documents/research/data/raw/DRAL16kHz/fragments-short/EN_072_11.wav,/Users/nilakshanraveendran/Documents/research/data/raw/DRAL16kHz/fragments-short/ES_072_11.wav,I was just...,¿Estás estresado?,dev
EN_072_12__ES_072_12,72,72,true,EN_072_12,ES_072_12,/Users/nilakshanraveendran/Documents/research/data/raw/DRAL16kHz/fragments-short/EN_072_12.wav,/Users/nilakshanraveendran/Documents/research/data/raw/DRAL16kHz/fragments-short/ES_072_12.wav,and both like sad that I will have to leave my family here,Y también triste que voy a dejar a mi familia aquí.,train
EN_072_13__ES_072_13,72,72,true,EN_072_13,ES_072_13,/Users/nilakshanraveendran/Documents/research/data/raw/DRAL16kHz/fragments-short/EN_072_13.wav,/Users/nilakshanraveendran/Documents/research/data/raw/DRAL16kHz/fragments-short/ES_072_13.wav,I mean I've seen them every day for the last 21 years,Los he visto todos los días por los últimos 21 años.,train
EN_072_14__ES_072_14,72,72,true,EN_072_14,ES_072_14,/Users/nilakshanraveendran/Documents/research/data/raw/DRAL16kHz/fragments-short/EN_072_14.wav,/Users/nilakshanraveendran/Documents/research/data/raw/DRAL16kHz/fragments-short/ES_072_14.wav,the biggest decision I've done in my entire life.,La decisión más importante que he tomado en mi vida.,train
EN_072_15__ES_072_15,72,72,true,EN_072_15,ES_072_15,/Users/nilakshanraveendran/Documents/research/data/raw/DRAL16kHz/fragments-short/EN_072_15.wav,/Users/nilakshanraveendran/Documents/research/data/raw/DRAL16kHz/fragments-short/ES_072_15.wav,"Well, the only thing I have control over are my decisions and my performance during my internship.","Bueno, las únicas cosas de las que tengo control son mis decisiones y mi desempeño durante la internship.",train
EN_072_16__ES_072_16,72,72,true,EN_072_16,ES_072_16,/Users/nilakshanraveendran/Documents/research/data/raw/DRAL16kHz/fragments-short/EN_072_16.wav,/Users/nilakshanraveendran/Documents/research/data/raw/DRAL16kHz/fragments-short/ES_072_16.wav,"Yeah, but I mean, I can... I still don't know what team I'm going to be this summer, so it really depends on the team.","Sí, bueno, pero todavía no sé en qué equipo voy a estar en el verano. Así que va a depender del equipo.",train
EN_072_17__ES_072_17,72,72,true,EN_072_17,ES_072_17,/Users/nilakshanraveendran/Documents/research/data/raw/DRAL16kHz/fragments-short/EN_072_17.wav,/Users/nilakshanraveendran/Documents/research/data/raw/DRAL16kHz/fragments-short/ES_072_17.wav,"I think so, yeah. I think you can try to change, but it is not guaranteed.","Creo que sí, ajá. Creo que puedes intentar cambiarte, pero no está garantizado.",train
EN_072_18__ES_072_18,57,57,true,EN_072_18,ES_072_18,/Users/nilakshanraveendran/Documents/research/data/raw/DRAL16kHz/fragments-short/EN_072_18.wav,/Users/nilakshanraveendran/Documents/research/data/raw/DRAL16kHz/fragments-short/ES_072_18.wav,um nothing i mean it's okay,"Mmm, pues nada, pues está to- tá' bien.",dev
EN_072_19__ES_072_19,57,57,true,EN_072_19,ES_072_19,/Users/nilakshanraveendran/Documents/research/data/raw/DRAL16kHz/fragments-short/EN_072_19.wav,/Users/nilakshanraveendran/Documents/research/data/raw/DRAL16kHz/fragments-short/ES_072_19.wav,"movies. I watched, I re-watched Black Panther, Wakanda.","películas. Volví a ver a Black Panther, Wakanda.",dev
EN_072_1__ES_072_1,72,72,true,EN_072_1,ES_072_1,/Users/nilakshanraveendran/Documents/research/data/raw/DRAL16kHz/fragments-short/EN_072_1.wav,/Users/nilakshanraveendran/Documents/research/data/raw/DRAL16kHz/fragments-short/ES_072_1.wav,Ummm... Well I guess something that's really in my mind recently is...,"Uh, bueno, algo que ha estado en mi mente recientemente es...",train
EN_072_20__ES_072_20,72,72,true,EN_072_20,ES_072_20,/Users/nilakshanraveendran/Documents/research/data/raw/DRAL16kHz/fragments-short/EN_072_20.wav,/Users/nilakshanraveendran/Documents/research/data/raw/DRAL16kHz/fragments-short/ES_072_20.wav,I haven't watched that much Marvel recently.,No he visto tanto Marvel últimamente.,train
EN_072_21__ES_072_21,72,72,true,EN_072_21,ES_072_21,/Users/nilakshanraveendran/Documents/research/data/raw/DRAL16kHz/fragments-short/EN_072_21.wav,/Users/nilakshanraveendran/Documents/research/data/raw/DRAL16kHz/fragments-short/ES_072_21.wav,"Yeah, definitely. I mean, I have always been a sucker for Iron Man.","Sí, definitivamente. Siempre he sido un fan de Iron Man.",train
EN_072_22__ES_072_22,72,72,true,EN_072_22,ES_072_22,/Users/nilakshanraveendran/Documents/research/data/raw/DRAL16kHz/fragments-short/EN_072_22.wav,/Users/nilakshanraveendran/Documents/research/data/raw/DRAL16kHz/fragments-short/ES_072_22.wav,"And I would be very excited to see it there. But now with the live action movies, I don't feel like that.",Y me emocionaba mucho de verlo ahí. Pero con las películas live action ya no siento eso.,train
EN_072_23__ES_072_23,72,72,true,EN_072_23,ES_072_23,/Users/nilakshanraveendran/Documents/research/data/raw/DRAL16kHz/fragments-short/EN_072_23.wav,/Users/nilakshanraveendran/Documents/research/data/raw/DRAL16kHz/fragments-short/ES_072_23.wav,yeah civil war great movie,"Sí, Civil War. Gran película.",train
EN_072_24__ES_072_24,72,72,true,EN_072_24,ES_072_24,/Users/nilakshanraveendran/Documents/research/data/raw/DRAL16kHz/fragments-short/EN_072_24.wav,/Users/nilakshanraveendran/Documents/research/data/raw/DRAL16kHz/fragments-short/ES_072_24.wav,"Yeah, yeah. Great movie, great movie.","Sí, gran película, gran película.",train
EN_072_25__ES_072_25,57,57,true,EN_072_25,ES_072_25,/Users/nilakshanraveendran/Documents/research/data/raw/DRAL16kHz/fragments-short/EN_072_25.wav,/Users/nilakshanraveendran/Documents/research/data/raw/DRAL16kHz/fragments-short/ES_072_25.wav,[laugh/noise],,dev
EN_072_26__ES_072_26,57,57,true,EN_072_26,ES_072_26,/Users/nilakshanraveendran/Documents/research/data/raw/DRAL16kHz/fragments-short/EN_072_26.wav,/Users/nilakshanraveendran/Documents/research/data/raw/DRAL16kHz/fragments-short/ES_072_26.wav,When,[laughter],dev
EN_072_27__ES_072_27,57,57,true,EN_072_27,ES_072_27,/Users/nilakshanraveendran/Documents/research/data/raw/DRAL16kHz/fragments-short/EN_072_27.wav,/Users/nilakshanraveendran/Documents/research/data/raw/DRAL16kHz/fragments-short/ES_072_27.wav,"It's a soccer team of girls, they're in high school, and it's like they were going to a tournament in the plane, but then it crashed down.","Ah, es un equipo de fútbol de niños y estaban en la preparatoria y luego iban a un torneo y luego el avión se estrelló.",dev
EN_072_2__ES_072_2,72,72,true,EN_072_2,ES_072_2,/Users/nilakshanraveendran/Documents/research/data/raw/DRAL16kHz/fragments-short/EN_072_2.wav,/Users/nilakshanraveendran/Documents/research/data/raw/DRAL16kHz/fragments-short/ES_072_2.wav,Like the fact that I might be leaving home in less than a year,Como el hecho de que voy a irme de la casa en menos de un año.,train
EN_072_3__ES_072_3,72,72,true,EN_072_3,ES_072_3,/Users/nilakshanraveendran/Documents/research/data/raw/DRAL16kHz/fragments-short/EN_072_3.wav,/Users/nilakshanraveendran/Documents/research/data/raw/DRAL16kHz/fragments-short/ES_072_3.wav,there's a possibility that they give me a return offer for full time,Hay una posibilidad de que me den una oferta para regresar a tiempo completo.,train
EN_072_4__ES_072_4,72,72,true,EN_072_4,ES_072_4,/Users/nilakshanraveendran/Documents/research/data/raw/DRAL16kHz/fragments-short/EN_072_4.wav,/Users/nilakshanraveendran/Documents/research/data/raw/DRAL16kHz/fragments-short/ES_072_4.wav,"Probably the latest would be March, but I'm not sure.","Probablemente lo más tarde sería marzo, pero no estoy seguro.",train
EN_072_5__ES_072_5,72,72,true,EN_072_5,ES_072_5,/Users/nilakshanraveendran/Documents/research/data/raw/DRAL16kHz/fragments-short/EN_072_5.wav,/Users/nilakshanraveendran/Documents/research/data/raw/DRAL16kHz/fragments-short/ES_072_5.wav,"Yeah, they actually both graduate uh this year. Well, this semester on May.","Sí, de hecho las dos se gradúan este año, bueno este semestre, en mayo.",train
EN_072_6__ES_072_6,57,57,true,EN_072_6,ES_072_6,/Users/nilakshanraveendran/Documents/research/data/raw/DRAL16kHz/fragments-short/EN_072_6.wav,/Users/nilakshanraveendran/Documents/research/data/raw/DRAL16kHz/fragments-short/ES_072_6.wav,like you and you're you're graduating and,Como tú [laughter]. Y te vas a graduar como en...,dev
EN_072_7__ES_072_7,72,72,true,EN_072_7,ES_072_7,/Users/nilakshanraveendran/Documents/research/data/raw/DRAL16kHz/fragments-short/EN_072_7.wav,/Users/nilakshanraveendran/Documents/research/data/raw/DRAL16kHz/fragments-short/ES_072_7.wav,definitely which is the one coming to YouTube for nursing,"Dafne, que es la que va a venir a UTEP para enfermería.",train
EN_072_8__ES_072_8,57,57,true,EN_072_8,ES_072_8,/Users/nilakshanraveendran/Documents/research/data/raw/DRAL16kHz/fragments-short/EN_072_8.wav,/Users/nilakshanraveendran/Documents/research/data/raw/DRAL16kHz/fragments-short/ES_072_8.wav,Um,Oh.,dev
EN_072_9__ES_072_9,72,72,true,EN_072_9,ES_072_9,/Users/nilakshanraveendran/Documents/research/data/raw/DRAL16kHz/fragments-short/EN_072_9.wav,/Users/nilakshanraveendran/Documents/research/data/raw/DRAL16kHz/fragments-short/ES_072_9.wav,"Yeah, but I will be one semester here with","Sí, pero estaré aquí un semestre con...",train
EN_073_10__ES_073_10,73,73,true,EN_073_10,ES_073_10,/Users/nilakshanraveendran/Documents/research/data/raw/DRAL16kHz/fragments-short/EN_073_10.wav,/Users/nilakshanraveendran/Documents/research/data/raw/DRAL16kHz/fragments-short/ES_073_10.wav,"Otherwise, I'm going to fail again, and I don't want that.",Porque decía voy a reprobar again y no quiero eso.,train
EN_073_11__ES_073_11,73,73,true,EN_073_11,ES_073_11,/Users/nilakshanraveendran/Documents/research/data/raw/DRAL16kHz/fragments-short/EN_073_11.wav,/Users/nilakshanraveendran/Documents/research/data/raw/DRAL16kHz/fragments-short/ES_073_11.wav,"Oh, because I'm actually doing a minor in mathematics.","¿Oh, porque estoy haciendo un minor en matemáticas?",train
EN_073_12__ES_073_12,73,73,true,EN_073_12,ES_073_12,/Users/nilakshanraveendran/Documents/research/data/raw/DRAL16kHz/fragments-short/EN_073_12.wav,/Users/nilakshanraveendran/Documents/research/data/raw/DRAL16kHz/fragments-short/ES_073_12.wav,"There's a seminar, there's a lab, there's um the actual lecture.","Hay un seminar, hay un laboratorio, está la clase, entonces...",train
EN_073_13__ES_073_13,57,57,true,EN_073_13,ES_073_13,/Users/nilakshanraveendran/Documents/research/data/raw/DRAL16kHz/fragments-short/EN_073_13.wav,/Users/nilakshanraveendran/Documents/research/data/raw/DRAL16kHz/fragments-short/ES_073_13.wav,They give you like three different classes for like like one thing.,Te- te dan como tres diferentes clases por nomás una cosa.,dev
EN_073_14__ES_073_14,73,73,true,EN_073_14,ES_073_14,/Users/nilakshanraveendran/Documents/research/data/raw/DRAL16kHz/fragments-short/EN_073_14.wav,/Users/nilakshanraveendran/Documents/research/data/raw/DRAL16kHz/fragments-short/ES_073_14.wav,Yeah.,Sí,train
EN_073_15__ES_073_15,73,73,true,EN_073_15,ES_073_15,/Users/nilakshanraveendran/Documents/research/data/raw/DRAL16kHz/fragments-short/EN_073_15.wav,/Users/nilakshanraveendran/Documents/research/data/raw/DRAL16kHz/fragments-short/ES_073_15.wav,He's a person that we can actually work with.,Es una persona con la que realmente es fácil de trabajar.,train
EN_073_16__ES_073_16,57,57,true,EN_073_16,ES_073_16,/Users/nilakshanraveendran/Documents/research/data/raw/DRAL16kHz/fragments-short/EN_073_16.wav,/Users/nilakshanraveendran/Documents/research/data/raw/DRAL16kHz/fragments-short/ES_073_16.wav,"Not like the professors where they give you homework and homework and they're like, come on guys, this should be easy.","Eh, no como otros profesores que te dan tarea y tarea y te dicen, no, pues vamos chicos, está bien fácil.",dev
EN_073_17__ES_073_17,73,73,true,EN_073_17,ES_073_17,/Users/nilakshanraveendran/Documents/research/data/raw/DRAL16kHz/fragments-short/EN_073_17.wav,/Users/nilakshanraveendran/Documents/research/data/raw/DRAL16kHz/fragments-short/ES_073_17.wav,Yeah.,Sí.,train
EN_073_18__ES_073_18,73,73,true,EN_073_18,ES_073_18,/Users/nilakshanraveendran/Documents/research/data/raw/DRAL16kHz/fragments-short/EN_073_18.wav,/Users/nilakshanraveendran/Documents/research/data/raw/DRAL16kHz/fragments-short/ES_073_18.wav,But I think it was more because of my fault that I actually didn't know anything about programming.,Pero creo que fue más por mi culpa porque de hecho no sabía nada de programación.,train
EN_073_19__ES_073_19,73,73,true,EN_073_19,ES_073_19,/Users/nilakshanraveendran/Documents/research/data/raw/DRAL16kHz/fragments-short/EN_073_19.wav,/Users/nilakshanraveendran/Documents/research/data/raw/DRAL16kHz/fragments-short/ES_073_19.wav,"Let's be honest, college is about you have to study your own stuff.","Hay que ser honestos, el colegio es acerca de estudiar por ti mismo.",train
EN_073_1__ES_073_1,57,57,true,EN_073_1,ES_073_1,/Users/nilakshanraveendran/Documents/research/data/raw/DRAL16kHz/fragments-short/EN_073_1.wav,/Users/nilakshanraveendran/Documents/research/data/raw/DRAL16kHz/fragments-short/ES_073_1.wav,You were gonna tell me about school?,¿Me ibas a decir sobre la escuela?,dev
EN_073_20__ES_073_20,73,73,true,EN_073_20,ES_073_20,/Users/nilakshanraveendran/Documents/research/data/raw/DRAL16kHz/fragments-short/EN_073_20.wav,/Users/nilakshanraveendran/Documents/research/data/raw/DRAL16kHz/fragments-short/ES_073_20.wav,"One thing, for example, is that I hate when professors",Otra cosa que odio es cuando profesores...,train
EN_073_21__ES_073_21,73,73,true,EN_073_21,ES_073_21,/Users/nilakshanraveendran/Documents/research/data/raw/DRAL16kHz/fragments-short/EN_073_21.wav,/Users/nilakshanraveendran/Documents/research/data/raw/DRAL16kHz/fragments-short/ES_073_21.wav,In order to have access to my class you have to buy side books and this and this,O pa- para poder tener acceso a mi clase tienes que comprar zyBooks y esto y lo otro.,train
EN_073_22__ES_073_22,57,57,true,EN_073_22,ES_073_22,/Users/nilakshanraveendran/Documents/research/data/raw/DRAL16kHz/fragments-short/EN_073_22.wav,/Users/nilakshanraveendran/Documents/research/data/raw/DRAL16kHz/fragments-short/ES_073_22.wav,Yeah.,Sí.,dev
EN_073_23__ES_073_23,73,73,true,EN_073_23,ES_073_23,/Users/nilakshanraveendran/Documents/research/data/raw/DRAL16kHz/fragments-short/EN_073_23.wav,/Users/nilakshanraveendran/Documents/research/data/raw/DRAL16kHz/fragments-short/ES_073_23.wav,I need to pay for this thing in order to have access to your classes like oh my god no,"Tengo que pagar por esta cosa para poder tener acceso a tu clase. Es como de que... Ay, Dios mío, no [laughter].",train
EN_073_24__ES_073_24,57,57,true,EN_073_24,ES_073_24,/Users/nilakshanraveendran/Documents/research/data/raw/DRAL16kHz/fragments-short/EN_073_24.wav,/Users/nilakshanraveendran/Documents/research/data/raw/DRAL16kHz/fragments-short/ES_073_24.wav,Yeah.,[laughter].,dev
EN_073_25__ES_073_25,73,73,true,EN_073_25,ES_073_25,/Users/nilakshanraveendran/Documents/research/data/raw/DRAL16kHz/fragments-short/EN_073_25.wav,/Users/nilakshanraveendran/Documents/research/data/raw/DRAL16kHz/fragments-short/ES_073_25.wav,Oh really? I got it in special. I got it for 30.,"¿En serio? Lo agarré en especial, lo agarré por 30.",train
EN_073_26__ES_073_26,57,57,true,EN_073_26,ES_073_26,/Users/nilakshanraveendran/Documents/research/data/raw/DRAL16kHz/fragments-short/EN_073_26.wav,/Users/nilakshanraveendran/Documents/research/data/raw/DRAL16kHz/fragments-short/ES_073_26.wav,for each one.,,dev
EN_073_27__ES_073_27,57,57,true,EN_073_27,ES_073_27,/Users/nilakshanraveendran/Documents/research/data/raw/DRAL16kHz/fragments-short/EN_073_27.wav,/Users/nilakshanraveendran/Documents/research/data/raw/DRAL16kHz/fragments-short/ES_073_27.wav,30? Wow.,¿30? ¡Wow!,dev
EN_073_28__ES_073_28,73,73,true,EN_073_28,ES_073_28,/Users/nilakshanraveendran/Documents/research/data/raw/DRAL16kHz/fragments-short/EN_073_28.wav,/Users/nilakshanraveendran/Documents/research/data/raw/DRAL16kHz/fragments-short/ES_073_28.wav,Yeah.,¡Ey!,train
EN_073_29__ES_073_29,73,73,true,EN_073_29,ES_073_29,/Users/nilakshanraveendran/Documents/research/data/raw/DRAL16kHz/fragments-short/EN_073_29.wav,/Users/nilakshanraveendran/Documents/research/data/raw/DRAL16kHz/fragments-short/ES_073_29.wav,"Oh, you don't really need to buy a book for my class.","Oh, ¿realmente no necesitas comprar un libro para mi clase?",train
EN_073_2__ES_073_2,73,73,true,EN_073_2,ES_073_2,/Users/nilakshanraveendran/Documents/research/data/raw/DRAL16kHz/fragments-short/EN_073_2.wav,/Users/nilakshanraveendran/Documents/research/data/raw/DRAL16kHz/fragments-short/ES_073_2.wav,"Well, not a freshman because actually I took dual credit classes and...","Bueno, no estudiante de primer año porque de hecho tomé clases de crédito dual y...",train
EN_073_30__ES_073_30,73,73,true,EN_073_30,ES_073_30,/Users/nilakshanraveendran/Documents/research/data/raw/DRAL16kHz/fragments-short/EN_073_30.wav,/Users/nilakshanraveendran/Documents/research/data/raw/DRAL16kHz/fragments-short/ES_073_30.wav,the homework will be intact for it.,"Uh, la tarea va a estar en- en Blackboard.",train
EN_073_31__ES_073_31,73,73,true,EN_073_31,ES_073_31,/Users/nilakshanraveendran/Documents/research/data/raw/DRAL16kHz/fragments-short/EN_073_31.wav,/Users/nilakshanraveendran/Documents/research/data/raw/DRAL16kHz/fragments-short/ES_073_31.wav,"I don't know if that's allowed, but you can find some books online.","No sé si está permitido, pero puedes encontrar unos libros en línea.",train
EN_073_32__ES_073_32,57,57,true,EN_073_32,ES_073_32,/Users/nilakshanraveendran/Documents/research/data/raw/DRAL16kHz/fragments-short/EN_073_32.wav,/Users/nilakshanraveendran/Documents/research/data/raw/DRAL16kHz/fragments-short/ES_073_32.wav,"I don't think it's allowed, but you know, you have to do what you have to do.","No creo que sea permitido, pero tienes que hacer lo que tienes que hacer.",dev
EN_073_33__ES_073_33,73,73,true,EN_073_33,ES_073_33,/Users/nilakshanraveendran/Documents/research/data/raw/DRAL16kHz/fragments-short/EN_073_33.wav,/Users/nilakshanraveendran/Documents/research/data/raw/DRAL16kHz/fragments-short/ES_073_33.wav,"Yeah, I got my money back, but yeah, I had to buy it like from here actually.","Obtuve mi dinero de vuelta, pero- pero sí, tuve que comprarlo de hecho de aquí.",train
EN_073_34__ES_073_34,57,57,true,EN_073_34,ES_073_34,/Users/nilakshanraveendran/Documents/research/data/raw/DRAL16kHz/fragments-short/EN_073_34.wav,/Users/nilakshanraveendran/Documents/research/data/raw/DRAL16kHz/fragments-short/ES_073_34.wav,"I don't know, like even if we buy it though, like I feel like we don't really use it after.","No sé, como aunque lo compramos, como que no lo usamos ya después.",dev
EN_073_35__ES_073_35,73,73,true,EN_073_35,ES_073_35,/Users/nilakshanraveendran/Documents/research/data/raw/DRAL16kHz/fragments-short/EN_073_35.wav,/Users/nilakshanraveendran/Documents/research/data/raw/DRAL16kHz/fragments-short/ES_073_35.wav,It's kind of difficult for me to understand them.,Es algo difícil para mí entender eso [laughter].,train
EN_073_36__ES_073_36,73,73,true,EN_073_36,ES_073_36,/Users/nilakshanraveendran/Documents/research/data/raw/DRAL16kHz/fragments-short/EN_073_36.wav,/Users/nilakshanraveendran/Documents/research/data/raw/DRAL16kHz/fragments-short/ES_073_36.wav,last semester no my second semester,"El semestre pasado, no, el segundo semestre...",train
EN_073_3__ES_073_3,73,73,true,EN_073_3,ES_073_3,/Users/nilakshanraveendran/Documents/research/data/raw/DRAL16kHz/fragments-short/EN_073_3.wav,/Users/nilakshanraveendran/Documents/research/data/raw/DRAL16kHz/fragments-short/ES_073_3.wav,So I actually got into UTEP and I started as a sophomore.,Entonces entré a UTEP y entré como un estudiante de segundo año.,train
EN_073_4__ES_073_4,73,73,true,EN_073_4,ES_073_4,/Users/nilakshanraveendran/Documents/research/data/raw/DRAL16kHz/fragments-short/EN_073_4.wav,/Users/nilakshanraveendran/Documents/research/data/raw/DRAL16kHz/fragments-short/ES_073_4.wav,My first class actually was Introduction to Computer Science.,Mi primer clase de hecho fue Introducción a Sistemas Computacionales.,train
EN_073_5__ES_073_5,73,73,true,EN_073_5,ES_073_5,/Users/nilakshanraveendran/Documents/research/data/raw/DRAL16kHz/fragments-short/EN_073_5.wav,/Users/nilakshanraveendran/Documents/research/data/raw/DRAL16kHz/fragments-short/ES_073_5.wav,I didn't know by then anything about programming and anything.,No sabía para entonces nada de programación o algo así.,train
EN_073_6__ES_073_6,73,73,true,EN_073_6,ES_073_6,/Users/nilakshanraveendran/Documents/research/data/raw/DRAL16kHz/fragments-short/EN_073_6.wav,/Users/nilakshanraveendran/Documents/research/data/raw/DRAL16kHz/fragments-short/ES_073_6.wav,My first option was aeronautical engineering.,Mi primera opción uh fue Ingeniería Aeronáutica.,train
EN_073_7__ES_073_7,57,57,true,EN_073_7,ES_073_7,/Users/nilakshanraveendran/Documents/research/data/raw/DRAL16kHz/fragments-short/EN_073_7.wav,/Users/nilakshanraveendran/Documents/research/data/raw/DRAL16kHz/fragments-short/ES_073_7.wav,Right now you're close to graduation or?,Um ¿Ahorita estás cerca de graduarte?,dev
EN_073_8__ES_073_8,73,73,true,EN_073_8,ES_073_8,/Users/nilakshanraveendran/Documents/research/data/raw/DRAL16kHz/fragments-short/EN_073_8.wav,/Users/nilakshanraveendran/Documents/research/data/raw/DRAL16kHz/fragments-short/ES_073_8.wav,"Not really, actually this is my junior year","De hecho no, de hecho este es mi tercer año.",train
EN_073_9__ES_073_9,73,73,true,EN_073_9,ES_073_9,/Users/nilakshanraveendran/Documents/research/data/raw/DRAL16kHz/fragments-short/EN_073_9.wav,/Users/nilakshanraveendran/Documents/research/data/raw/DRAL16kHz/fragments-short/ES_073_9.wav,I decided to retake it next semester because right now I'm taking circuits and,Decidí retomar el siguiente semestre porque ahorita estoy tomando circuitos y...,train
EN_074_10__ES_074_10,74,74,true,EN_074_10,ES_074_10,/Users/nilakshanraveendran/Documents/research/data/raw/DRAL16kHz/fragments-short/EN_074_10.wav,/Users/nilakshanraveendran/Documents/research/data/raw/DRAL16kHz/fragments-short/ES_074_10.wav,"I mean, he's strong, but he has to win it.","Digo, es fuerte, pero tiene que ganar la competencia.",train
EN_074_11__ES_074_11,74,74,true,EN_074_11,ES_074_11,/Users/nilakshanraveendran/Documents/research/data/raw/DRAL16kHz/fragments-short/EN_074_11.wav,/Users/nilakshanraveendran/Documents/research/data/raw/DRAL16kHz/fragments-short/ES_074_11.wav,I think Diamante is gonna take the Flare of Flare Fruit and then he already has a Fruit.,Diamante agarra el Flare Flare fruit porque ya tiene una fruta.,train
EN_074_12__ES_074_12,70,70,true,EN_074_12,ES_074_12,/Users/nilakshanraveendran/Documents/research/data/raw/DRAL16kHz/fragments-short/EN_074_12.wav,/Users/nilakshanraveendran/Documents/research/data/raw/DRAL16kHz/fragments-short/ES_074_12.wav,"Yeah, I mean obviously.",Digo.,test
EN_074_13__ES_074_13,70,70,true,EN_074_13,ES_074_13,/Users/nilakshanraveendran/Documents/research/data/raw/DRAL16kHz/fragments-short/EN_074_13.wav,/Users/nilakshanraveendran/Documents/research/data/raw/DRAL16kHz/fragments-short/ES_074_13.wav,"cool that they introduce him back, Sabo, but like","Uh, estuvo padre que metieran a Sabo de nuevo, pero uh...",test
EN_074_14__ES_074_14,70,70,true,EN_074_14,ES_074_14,/Users/nilakshanraveendran/Documents/research/data/raw/DRAL16kHz/fragments-short/EN_074_14.wav,/Users/nilakshanraveendran/Documents/research/data/raw/DRAL16kHz/fragments-short/ES_074_14.wav,"Look at the flamingo, he's like crazy OP","Pero mira a Doflamingo, este está muy roto. Está- es muy poderoso.",test
EN_074_15__ES_074_15,74,74,true,EN_074_15,ES_074_15,/Users/nilakshanraveendran/Documents/research/data/raw/DRAL16kHz/fragments-short/EN_074_15.wav,/Users/nilakshanraveendran/Documents/research/data/raw/DRAL16kHz/fragments-short/ES_074_15.wav,kind of bad to compare them.,algo- algo malo para comparar.,train
EN_074_16__ES_074_16,70,70,true,EN_074_16,ES_074_16,/Users/nilakshanraveendran/Documents/research/data/raw/DRAL16kHz/fragments-short/EN_074_16.wav,/Users/nilakshanraveendran/Documents/research/data/raw/DRAL16kHz/fragments-short/ES_074_16.wav,"Yeah, I know.",Sí.,test
EN_074_17__ES_074_17,70,70,true,EN_074_17,ES_074_17,/Users/nilakshanraveendran/Documents/research/data/raw/DRAL16kHz/fragments-short/EN_074_17.wav,/Users/nilakshanraveendran/Documents/research/data/raw/DRAL16kHz/fragments-short/ES_074_17.wav,"No, no, no. He's going to be important.","No, no, o sea, él si va a ser muy importante, la verdad.",test
EN_074_18__ES_074_18,74,74,true,EN_074_18,ES_074_18,/Users/nilakshanraveendran/Documents/research/data/raw/DRAL16kHz/fragments-short/EN_074_18.wav,/Users/nilakshanraveendran/Documents/research/data/raw/DRAL16kHz/fragments-short/ES_074_18.wav,"Yeah, I'm just doing this because they pay me and that's it.","Sí, nada más estoy haciendo esto porque me pagan y ya.",train
EN_074_19__ES_074_19,74,74,true,EN_074_19,ES_074_19,/Users/nilakshanraveendran/Documents/research/data/raw/DRAL16kHz/fragments-short/EN_074_19.wav,/Users/nilakshanraveendran/Documents/research/data/raw/DRAL16kHz/fragments-short/ES_074_19.wav,the power to throw meteorites at you and then beam against you.,El poder para tirarte meteoritos y pelear contra ti.,train
EN_074_1__ES_074_1,70,70,true,EN_074_1,ES_074_1,/Users/nilakshanraveendran/Documents/research/data/raw/DRAL16kHz/fragments-short/EN_074_1.wav,/Users/nilakshanraveendran/Documents/research/data/raw/DRAL16kHz/fragments-short/ES_074_1.wav,"Oh yeah, it was pretty good, not gonna lie.","Uh, esa parte estuvo muy buena la verdad.",test
EN_074_20__ES_074_20,70,70,true,EN_074_20,ES_074_20,/Users/nilakshanraveendran/Documents/research/data/raw/DRAL16kHz/fragments-short/EN_074_20.wav,/Users/nilakshanraveendran/Documents/research/data/raw/DRAL16kHz/fragments-short/ES_074_20.wav,Even after being able to defend that off [unk],y eso que apenas Law pudo ser capaz de defenderse.,test
EN_074_21__ES_074_21,74,74,true,EN_074_21,ES_074_21,/Users/nilakshanraveendran/Documents/research/data/raw/DRAL16kHz/fragments-short/EN_074_21.wav,/Users/nilakshanraveendran/Documents/research/data/raw/DRAL16kHz/fragments-short/ES_074_21.wav,Fighting against a flamingo is not fair to anybody.,"Pelear contra Doflamingo no es justo, para nadie.",train
EN_074_22__ES_074_22,70,70,true,EN_074_22,ES_074_22,/Users/nilakshanraveendran/Documents/research/data/raw/DRAL16kHz/fragments-short/EN_074_22.wav,/Users/nilakshanraveendran/Documents/research/data/raw/DRAL16kHz/fragments-short/ES_074_22.wav,"You're gonna step up, you know so?",El va ser el que se va a tener que poner este- al frente.,test
EN_074_23__ES_074_23,74,74,true,EN_074_23,ES_074_23,/Users/nilakshanraveendran/Documents/research/data/raw/DRAL16kHz/fragments-short/EN_074_23.wav,/Users/nilakshanraveendran/Documents/research/data/raw/DRAL16kHz/fragments-short/ES_074_23.wav,"And he's not the stepfather, he's the father that stepped up.","Él no es el padrastro, él es el padre que se esforzó.",train
EN_074_24__ES_074_24,70,70,true,EN_074_24,ES_074_24,/Users/nilakshanraveendran/Documents/research/data/raw/DRAL16kHz/fragments-short/EN_074_24.wav,/Users/nilakshanraveendran/Documents/research/data/raw/DRAL16kHz/fragments-short/ES_074_24.wav,like i think that what was like really lame was um,"Uh, creo que lo que estuvo muy basura fue...",test
EN_074_25__ES_074_25,74,74,true,EN_074_25,ES_074_25,/Users/nilakshanraveendran/Documents/research/data/raw/DRAL16kHz/fragments-short/EN_074_25.wav,/Users/nilakshanraveendran/Documents/research/data/raw/DRAL16kHz/fragments-short/ES_074_25.wav,I couldn't care less about him being like Kratos or whatever his name was I know he's not Kratos but,"O sea, a mí no me- no me importó que su nombre era Kratos o como se llame él.",train
EN_074_26__ES_074_26,74,74,true,EN_074_26,ES_074_26,/Users/nilakshanraveendran/Documents/research/data/raw/DRAL16kHz/fragments-short/EN_074_26.wav,/Users/nilakshanraveendran/Documents/research/data/raw/DRAL16kHz/fragments-short/ES_074_26.wav,"Bro, he's a gladiator. They're supposed to do that.","O sea, él era un gladiador. Se supone que debe hacer eso.",train
EN_074_27__ES_074_27,74,74,true,EN_074_27,ES_074_27,/Users/nilakshanraveendran/Documents/research/data/raw/DRAL16kHz/fragments-short/EN_074_27.wav,/Users/nilakshanraveendran/Documents/research/data/raw/DRAL16kHz/fragments-short/ES_074_27.wav,"If this is historically accurate, yes, gladiators of course do not lose, if not they would be dead.","Si esto es históricamente preciso, sí, o sea, los gladiadores no pueden perder porque si pierden se mueren.",train
EN_074_28__ES_074_28,70,70,true,EN_074_28,ES_074_28,/Users/nilakshanraveendran/Documents/research/data/raw/DRAL16kHz/fragments-short/EN_074_28.wav,/Users/nilakshanraveendran/Documents/research/data/raw/DRAL16kHz/fragments-short/ES_074_28.wav,I don't know why everyone is like looking up to him if he's just bad,"Uh, no sé por qué todos lo admiran, si es [laughter] es bien malo.",test
EN_074_29__ES_074_29,74,74,true,EN_074_29,ES_074_29,/Users/nilakshanraveendran/Documents/research/data/raw/DRAL16kHz/fragments-short/EN_074_29.wav,/Users/nilakshanraveendran/Documents/research/data/raw/DRAL16kHz/fragments-short/ES_074_29.wav,is also dumb but sometimes he just like pays attention like when it's needed,"O sea, Luffy es tonto, pero cuando es necesario sí pone atención.",train
EN_074_2__ES_074_2,74,74,true,EN_074_2,ES_074_2,/Users/nilakshanraveendran/Documents/research/data/raw/DRAL16kHz/fragments-short/EN_074_2.wav,/Users/nilakshanraveendran/Documents/research/data/raw/DRAL16kHz/fragments-short/ES_074_2.wav,"By the army? No, he was in the- ah, like the revolutionary army you say","Ah, o sea, por el- el Army de la Revolución. Ah, sí, sí.",train
EN_074_30__ES_074_30,70,70,true,EN_074_30,ES_074_30,/Users/nilakshanraveendran/Documents/research/data/raw/DRAL16kHz/fragments-short/EN_074_30.wav,/Users/nilakshanraveendran/Documents/research/data/raw/DRAL16kHz/fragments-short/ES_074_30.wav,He knows what to do in fight situations.,"Uh, pero él sabe qué hacer cuando tiene que pelear.",test
EN_074_31__ES_074_31,74,74,true,EN_074_31,ES_074_31,/Users/nilakshanraveendran/Documents/research/data/raw/DRAL16kHz/fragments-short/EN_074_31.wav,/Users/nilakshanraveendran/Documents/research/data/raw/DRAL16kHz/fragments-short/ES_074_31.wav,"I'm not saying they deserve it, but they don't try to act different from their history.","O sea, no estoy diciendo que se lo merezcan, pero tampoco actúan diferente de su historia.",train
EN_074_32__ES_074_32,74,74,true,EN_074_32,ES_074_32,/Users/nilakshanraveendran/Documents/research/data/raw/DRAL16kHz/fragments-short/EN_074_32.wav,/Users/nilakshanraveendran/Documents/research/data/raw/DRAL16kHz/fragments-short/ES_074_32.wav,"Aw, don't blow me. I-I know-","[laughter] No me digas este avance, es de la historia.",train
EN_074_33__ES_074_33,74,74,true,EN_074_33,ES_074_33,/Users/nilakshanraveendran/Documents/research/data/raw/DRAL16kHz/fragments-short/EN_074_33.wav,/Users/nilakshanraveendran/Documents/research/data/raw/DRAL16kHz/fragments-short/ES_074_33.wav,need to be like gear 10 or something like that,tendría que ser como Gear 10 o algo pare-.,train
EN_074_3__ES_074_3,70,70,true,EN_074_3,ES_074_3,/Users/nilakshanraveendran/Documents/research/data/raw/DRAL16kHz/fragments-short/EN_074_3.wav,/Users/nilakshanraveendran/Documents/research/data/raw/DRAL16kHz/fragments-short/ES_074_3.wav,"Yeah, yeah.",Sí.,test
EN_074_4__ES_074_4,70,70,true,EN_074_4,ES_074_4,/Users/nilakshanraveendran/Documents/research/data/raw/DRAL16kHz/fragments-short/EN_074_4.wav,/Users/nilakshanraveendran/Documents/research/data/raw/DRAL16kHz/fragments-short/ES_074_4.wav,he was able to defend himself in the competition.,"Uh, se puede defender solo en la competencia.",test
EN_074_5__ES_074_5,74,74,true,EN_074_5,ES_074_5,/Users/nilakshanraveendran/Documents/research/data/raw/DRAL16kHz/fragments-short/EN_074_5.wav,/Users/nilakshanraveendran/Documents/research/data/raw/DRAL16kHz/fragments-short/ES_074_5.wav,which was too OP for this verse,Que es una fruta muy fuerte para el universo en el que están.,train
EN_074_6__ES_074_6,70,70,true,EN_074_6,ES_074_6,/Users/nilakshanraveendran/Documents/research/data/raw/DRAL16kHz/fragments-short/EN_074_6.wav,/Users/nilakshanraveendran/Documents/research/data/raw/DRAL16kHz/fragments-short/ES_074_6.wav,"The three of them are supposed to be on the same level, well they were before when they were kids but now","Se supone que estan en el mismo nivel cuando eran este niños, pero pues ahora...",test
EN_074_7__ES_074_7,74,74,true,EN_074_7,ES_074_7,/Users/nilakshanraveendran/Documents/research/data/raw/DRAL16kHz/fragments-short/EN_074_7.wav,/Users/nilakshanraveendran/Documents/research/data/raw/DRAL16kHz/fragments-short/ES_074_7.wav,so weak compared to them,"Débil, comparado con ellos.",train
EN_074_8__ES_074_8,70,70,true,EN_074_8,ES_074_8,/Users/nilakshanraveendran/Documents/research/data/raw/DRAL16kHz/fragments-short/EN_074_8.wav,/Users/nilakshanraveendran/Documents/research/data/raw/DRAL16kHz/fragments-short/ES_074_8.wav,"I mean yeah that's why, he was the weakest of them all","Pues sí, era débil, pero pues ahora ya es el más fuerte de todos [laughter].",test
EN_074_9__ES_074_9,70,70,true,EN_074_9,ES_074_9,/Users/nilakshanraveendran/Documents/research/data/raw/DRAL16kHz/fragments-short/EN_074_9.wav,/Users/nilakshanraveendran/Documents/research/data/raw/DRAL16kHz/fragments-short/ES_074_9.wav,[unk],"Si alguien escucha este audio, pos se van a spoilear de esta escena.",test
EN_075_10__ES_075_10,75,75,true,EN_075_10,ES_075_10,/Users/nilakshanraveendran/Documents/research/data/raw/DRAL16kHz/fragments-short/EN_075_10.wav,/Users/nilakshanraveendran/Documents/research/data/raw/DRAL16kHz/fragments-short/ES_075_10.wav,No lies.,No es cierto.,test
EN_075_11__ES_075_11,72,72,true,EN_075_11,ES_075_11,/Users/nilakshanraveendran/Documents/research/data/raw/DRAL16kHz/fragments-short/EN_075_11.wav,/Users/nilakshanraveendran/Documents/research/data/raw/DRAL16kHz/fragments-short/ES_075_11.wav,When I'm playing video games and you text me and I don't see it.,Cuando- [laughter] cuando estoy jugando videojuegos y no te- y me texteas y no lo veo.,train
EN_075_12__ES_075_12,75,75,true,EN_075_12,ES_075_12,/Users/nilakshanraveendran/Documents/research/data/raw/DRAL16kHz/fragments-short/EN_075_12.wav,/Users/nilakshanraveendran/Documents/research/data/raw/DRAL16kHz/fragments-short/ES_075_12.wav,Ooh. [laugh],¡Uuh![laughter].,test
EN_075_13__ES_075_13,75,75,true,EN_075_13,ES_075_13,/Users/nilakshanraveendran/Documents/research/data/raw/DRAL16kHz/fragments-short/EN_075_13.wav,/Users/nilakshanraveendran/Documents/research/data/raw/DRAL16kHz/fragments-short/ES_075_13.wav,"You said that I can multi-task, and I can, I can, but...","Dices que no puedo hacer multitask. And- Y sí puedo. Sí pue- sí puedo, pero...",test
EN_075_14__ES_075_14,75,75,true,EN_075_14,ES_075_14,/Users/nilakshanraveendran/Documents/research/data/raw/DRAL16kHz/fragments-short/EN_075_14.wav,/Users/nilakshanraveendran/Documents/research/data/raw/DRAL16kHz/fragments-short/ES_075_14.wav,That I can't but now you don't let me is like Oh you're so annoying,"Que sí puedo y luego, pues no, no me dejas eso es como que ay, como fastidias.",test
EN_075_15__ES_075_15,72,72,true,EN_075_15,ES_075_15,/Users/nilakshanraveendran/Documents/research/data/raw/DRAL16kHz/fragments-short/EN_075_15.wav,/Users/nilakshanraveendran/Documents/research/data/raw/DRAL16kHz/fragments-short/ES_075_15.wav,How am I gonna be circle?,"No puedo, ¿cómo voy a ser el del circle?",train
EN_075_16__ES_075_16,75,75,true,EN_075_16,ES_075_16,/Users/nilakshanraveendran/Documents/research/data/raw/DRAL16kHz/fragments-short/EN_075_16.wav,/Users/nilakshanraveendran/Documents/research/data/raw/DRAL16kHz/fragments-short/ES_075_16.wav,"Make a script- no, just make a line.","Haz un cuadro, no, haz una línea nomás.",test
EN_075_17__ES_075_17,75,75,true,EN_075_17,ES_075_17,/Users/nilakshanraveendran/Documents/research/data/raw/DRAL16kHz/fragments-short/EN_075_17.wav,/Users/nilakshanraveendran/Documents/research/data/raw/DRAL16kHz/fragments-short/ES_075_17.wav,"I think that a baby is not an error, but it definitely changed your life.","Yo pienso que un hijo no es un error, pero definitivamente sí te cambia la vida.",test
EN_075_18__ES_075_18,75,75,true,EN_075_18,ES_075_18,/Users/nilakshanraveendran/Documents/research/data/raw/DRAL16kHz/fragments-short/EN_075_18.wav,/Users/nilakshanraveendran/Documents/research/data/raw/DRAL16kHz/fragments-short/ES_075_18.wav,I bet you. So. [laugh],Ya te gané. Entonces [laughter].,test
EN_075_19__ES_075_19,72,72,true,EN_075_19,ES_075_19,/Users/nilakshanraveendran/Documents/research/data/raw/DRAL16kHz/fragments-short/EN_075_19.wav,/Users/nilakshanraveendran/Documents/research/data/raw/DRAL16kHz/fragments-short/ES_075_19.wav,But there's something I gotta say that I won.,"Pero te quiero decir algo, que ya gané.",train
EN_075_1__ES_075_1,75,75,true,EN_075_1,ES_075_1,/Users/nilakshanraveendran/Documents/research/data/raw/DRAL16kHz/fragments-short/EN_075_1.wav,/Users/nilakshanraveendran/Documents/research/data/raw/DRAL16kHz/fragments-short/ES_075_1.wav,This is what I want. One for you and one for me. Okay?,"Ok, vamos a hacer una y una. Una que- que a ti y una a mí, ¿ok?",test
EN_075_20__ES_075_20,75,75,true,EN_075_20,ES_075_20,/Users/nilakshanraveendran/Documents/research/data/raw/DRAL16kHz/fragments-short/EN_075_20.wav,/Users/nilakshanraveendran/Documents/research/data/raw/DRAL16kHz/fragments-short/ES_075_20.wav,Uh-huh.,[laughter],test
EN_075_21__ES_075_21,75,75,true,EN_075_21,ES_075_21,/Users/nilakshanraveendran/Documents/research/data/raw/DRAL16kHz/fragments-short/EN_075_21.wav,/Users/nilakshanraveendran/Documents/research/data/raw/DRAL16kHz/fragments-short/ES_075_21.wav,[noise],[gasp],test
EN_075_22__ES_075_22,75,75,true,EN_075_22,ES_075_22,/Users/nilakshanraveendran/Documents/research/data/raw/DRAL16kHz/fragments-short/EN_075_22.wav,/Users/nilakshanraveendran/Documents/research/data/raw/DRAL16kHz/fragments-short/ES_075_22.wav,You're such a cheater.,Es esta trampa.,test
EN_075_23__ES_075_23,72,72,true,EN_075_23,ES_075_23,/Users/nilakshanraveendran/Documents/research/data/raw/DRAL16kHz/fragments-short/EN_075_23.wav,/Users/nilakshanraveendran/Documents/research/data/raw/DRAL16kHz/fragments-short/ES_075_23.wav,Woo!,¡Woo!,train
EN_075_24__ES_075_24,75,75,true,EN_075_24,ES_075_24,/Users/nilakshanraveendran/Documents/research/data/raw/DRAL16kHz/fragments-short/EN_075_24.wav,/Users/nilakshanraveendran/Documents/research/data/raw/DRAL16kHz/fragments-short/ES_075_24.wav,[laughs],[laughter],test
EN_075_25__ES_075_25,75,75,true,EN_075_25,ES_075_25,/Users/nilakshanraveendran/Documents/research/data/raw/DRAL16kHz/fragments-short/EN_075_25.wav,/Users/nilakshanraveendran/Documents/research/data/raw/DRAL16kHz/fragments-short/ES_075_25.wav,"Hey, isn't this that idiot?","¡Ey! Pues está de este lado, menso.",test
EN_075_26__ES_075_26,72,72,true,EN_075_26,ES_075_26,/Users/nilakshanraveendran/Documents/research/data/raw/DRAL16kHz/fragments-short/EN_075_26.wav,/Users/nilakshanraveendran/Documents/research/data/raw/DRAL16kHz/fragments-short/ES_075_26.wav,[laugh],Oh [laughter].,train
EN_075_27__ES_075_27,75,75,true,EN_075_27,ES_075_27,/Users/nilakshanraveendran/Documents/research/data/raw/DRAL16kHz/fragments-short/EN_075_27.wav,/Users/nilakshanraveendran/Documents/research/data/raw/DRAL16kHz/fragments-short/ES_075_27.wav,It's an effective responsibility that you have to give.,"Es una responsabilidad afectiva, en el sentido de que tienes que darle...",test
EN_075_28__ES_075_28,72,72,true,EN_075_28,ES_075_28,/Users/nilakshanraveendran/Documents/research/data/raw/DRAL16kHz/fragments-short/EN_075_28.wav,/Users/nilakshanraveendran/Documents/research/data/raw/DRAL16kHz/fragments-short/ES_075_28.wav,"Well, there's one that I keep telling you that I want to watch, Puss in Boots.",Pos hay uno que te sigo diciendo que quiero ver Puss in Boots.,train
EN_075_29__ES_075_29,75,75,true,EN_075_29,ES_075_29,/Users/nilakshanraveendran/Documents/research/data/raw/DRAL16kHz/fragments-short/EN_075_29.wav,/Users/nilakshanraveendran/Documents/research/data/raw/DRAL16kHz/fragments-short/ES_075_29.wav,But I already saw it.,[laughter] ¡Pero yo ya la vi!,test
EN_075_2__ES_075_2,72,72,true,EN_075_2,ES_075_2,/Users/nilakshanraveendran/Documents/research/data/raw/DRAL16kHz/fragments-short/EN_075_2.wav,/Users/nilakshanraveendran/Documents/research/data/raw/DRAL16kHz/fragments-short/ES_075_2.wav,when someone is in class or in a quiet room and constantly tapping their foot against the um,Cuan- cuando estoy en clase hay unos estudiantes que están con sus pa- uh zapatos así como...,train
EN_075_30__ES_075_30,72,72,true,EN_075_30,ES_075_30,/Users/nilakshanraveendran/Documents/research/data/raw/DRAL16kHz/fragments-short/EN_075_30.wav,/Users/nilakshanraveendran/Documents/research/data/raw/DRAL16kHz/fragments-short/ES_075_30.wav,Oh no no no. Oh no look I did win!,"No, no, no ganamos. ¡Ah no, si gané!",train
EN_075_31__ES_075_31,75,75,true,EN_075_31,ES_075_31,/Users/nilakshanraveendran/Documents/research/data/raw/DRAL16kHz/fragments-short/EN_075_31.wav,/Users/nilakshanraveendran/Documents/research/data/raw/DRAL16kHz/fragments-short/ES_075_31.wav,Wait.,¡Pérate!,test
EN_075_32__ES_075_32,75,75,true,EN_075_32,ES_075_32,/Users/nilakshanraveendran/Documents/research/data/raw/DRAL16kHz/fragments-short/EN_075_32.wav,/Users/nilakshanraveendran/Documents/research/data/raw/DRAL16kHz/fragments-short/ES_075_32.wav,"Na na na, don't put anything here!","No, no pongas aquí nada.",test
EN_075_33__ES_075_33,72,72,true,EN_075_33,ES_075_33,/Users/nilakshanraveendran/Documents/research/data/raw/DRAL16kHz/fragments-short/EN_075_33.wav,/Users/nilakshanraveendran/Documents/research/data/raw/DRAL16kHz/fragments-short/ES_075_33.wav,"No, no, I wasn't gonna...","No, lo voy a poner ahi.",train
EN_075_34__ES_075_34,72,72,true,EN_075_34,ES_075_34,/Users/nilakshanraveendran/Documents/research/data/raw/DRAL16kHz/fragments-short/EN_075_34.wav,/Users/nilakshanraveendran/Documents/research/data/raw/DRAL16kHz/fragments-short/ES_075_34.wav,This movie talks about a kid that was with his mom.,Esta película eh habla de un niño que está con su mamá.,train
EN_075_35__ES_075_35,72,72,true,EN_075_35,ES_075_35,/Users/nilakshanraveendran/Documents/research/data/raw/DRAL16kHz/fragments-short/EN_075_35.wav,/Users/nilakshanraveendran/Documents/research/data/raw/DRAL16kHz/fragments-short/ES_075_35.wav,"Uh, he ran away by accident because the mom wasn't paying attention and then there was this man",pero por accidente porque la mamá no estaba poniendo atención y había un señor...,train
EN_075_3__ES_075_3,72,72,true,EN_075_3,ES_075_3,/Users/nilakshanraveendran/Documents/research/data/raw/DRAL16kHz/fragments-short/EN_075_3.wav,/Users/nilakshanraveendran/Documents/research/data/raw/DRAL16kHz/fragments-short/ES_075_3.wav,basically saying um to to stop um because it's making too much noise in the um quiet room.,Como que ya le digo que ya párale porque es mu- es mucho ruido.,train
EN_075_4__ES_075_4,75,75,true,EN_075_4,ES_075_4,/Users/nilakshanraveendran/Documents/research/data/raw/DRAL16kHz/fragments-short/EN_075_4.wav,/Users/nilakshanraveendran/Documents/research/data/raw/DRAL16kHz/fragments-short/ES_075_4.wav,"make sounds with their tongue, it's like [noise], no, I get bothered.",Hace sonidos así como... Con la lengua así como...as- eh me- me fastidia mucho.,test
EN_075_5__ES_075_5,75,75,true,EN_075_5,ES_075_5,/Users/nilakshanraveendran/Documents/research/data/raw/DRAL16kHz/fragments-short/EN_075_5.wav,/Users/nilakshanraveendran/Documents/research/data/raw/DRAL16kHz/fragments-short/ES_075_5.wav,I hate it with all my nerves.,Me desespera. Lo odio. Con todo mi ser.,test
EN_075_6__ES_075_6,75,75,true,EN_075_6,ES_075_6,/Users/nilakshanraveendran/Documents/research/data/raw/DRAL16kHz/fragments-short/EN_075_6.wav,/Users/nilakshanraveendran/Documents/research/data/raw/DRAL16kHz/fragments-short/ES_075_6.wav,"Yeah yeah yeah, that- that bothers me a lot.","Sí, sí, sí, sí, me fastidia todo- todo eso mucho.",test
EN_075_7__ES_075_7,75,75,true,EN_075_7,ES_075_7,/Users/nilakshanraveendran/Documents/research/data/raw/DRAL16kHz/fragments-short/EN_075_7.wav,/Users/nilakshanraveendran/Documents/research/data/raw/DRAL16kHz/fragments-short/ES_075_7.wav,"Let's do it with the same color! You don't have the same color! Nah, not even near, it's not the same color.","Ok, pero no tienes ese color, no, hay que hacerlos con el mismo color. Espérate, no es cierto, no es el mismo.",test
EN_075_8__ES_075_8,75,75,true,EN_075_8,ES_075_8,/Users/nilakshanraveendran/Documents/research/data/raw/DRAL16kHz/fragments-short/EN_075_8.wav,/Users/nilakshanraveendran/Documents/research/data/raw/DRAL16kHz/fragments-short/ES_075_8.wav,That you don't let me talk! You never let me talk!,¡Que no me dejas hablar! ¡Nunca me dejas hablar!,test
EN_075_9__ES_075_9,72,72,true,EN_075_9,ES_075_9,/Users/nilakshanraveendran/Documents/research/data/raw/DRAL16kHz/fragments-short/EN_075_9.wav,/Users/nilakshanraveendran/Documents/research/data/raw/DRAL16kHz/fragments-short/ES_075_9.wav,"You interrupt me and say, I know this this... No lies.","Me interrumpas y me dices, ah, pero esto, y nada toy' como que, ah, pos ok.",train
EN_076_10__ES_076_10,76,76,true,EN_076_10,ES_076_10,/Users/nilakshanraveendran/Documents/research/data/raw/DRAL16kHz/fragments-short/EN_076_10.wav,/Users/nilakshanraveendran/Documents/research/data/raw/DRAL16kHz/fragments-short/ES_076_10.wav,Yeah.,Sí.,dev
EN_076_11__ES_076_11,70,70,true,EN_076_11,ES_076_11,/Users/nilakshanraveendran/Documents/research/data/raw/DRAL16kHz/fragments-short/EN_076_11.wav,/Users/nilakshanraveendran/Documents/research/data/raw/DRAL16kHz/fragments-short/ES_076_11.wav,We almost canceled the um the plan precisely because if you don't remember in the news.,"Casi cancelamos el plan precisamente porque, no sé si te acuerdas que viste en las noticias que...",test
EN_076_12__ES_076_12,76,76,true,EN_076_12,ES_076_12,/Users/nilakshanraveendran/Documents/research/data/raw/DRAL16kHz/fragments-short/EN_076_12.wav,/Users/nilakshanraveendran/Documents/research/data/raw/DRAL16kHz/fragments-short/ES_076_12.wav,The venezuelans wanted to enter the Biforce.,Parece que los venezolanos quie- a fuerzas querían entrar a los...,dev
EN_076_13__ES_076_13,70,70,true,EN_076_13,ES_076_13,/Users/nilakshanraveendran/Documents/research/data/raw/DRAL16kHz/fragments-short/EN_076_13.wav,/Users/nilakshanraveendran/Documents/research/data/raw/DRAL16kHz/fragments-short/ES_076_13.wav,Uh-huh.,Ajá.,test
EN_076_14__ES_076_14,70,70,true,EN_076_14,ES_076_14,/Users/nilakshanraveendran/Documents/research/data/raw/DRAL16kHz/fragments-short/EN_076_14.wav,/Users/nilakshanraveendran/Documents/research/data/raw/DRAL16kHz/fragments-short/ES_076_14.wav,"And I was surprised because when I went there, really there was no one.","Y me sorprendió porque cuando fui a este, neta, no- no había nadie.",test
EN_076_1__ES_076_1,76,76,true,EN_076_1,ES_076_1,/Users/nilakshanraveendran/Documents/research/data/raw/DRAL16kHz/fragments-short/EN_076_1.wav,/Users/nilakshanraveendran/Documents/research/data/raw/DRAL16kHz/fragments-short/ES_076_1.wav,"If you want to, I'd like to start.",Si quieres yo quiero empezar.,dev
EN_076_2__ES_076_2,70,70,true,EN_076_2,ES_076_2,/Users/nilakshanraveendran/Documents/research/data/raw/DRAL16kHz/fragments-short/EN_076_2.wav,/Users/nilakshanraveendran/Documents/research/data/raw/DRAL16kHz/fragments-short/ES_076_2.wav,"Yeah, you can start.","Sí, tu- tu empieza.",test
EN_076_3__ES_076_3,76,76,true,EN_076_3,ES_076_3,/Users/nilakshanraveendran/Documents/research/data/raw/DRAL16kHz/fragments-short/EN_076_3.wav,/Users/nilakshanraveendran/Documents/research/data/raw/DRAL16kHz/fragments-short/ES_076_3.wav,my first opinion,So mi primera opinión.,dev
EN_076_4__ES_076_4,70,70,true,EN_076_4,ES_076_4,/Users/nilakshanraveendran/Documents/research/data/raw/DRAL16kHz/fragments-short/EN_076_4.wav,/Users/nilakshanraveendran/Documents/research/data/raw/DRAL16kHz/fragments-short/ES_076_4.wav,"Wait, wait, wait. I'm going to start.","Pérate, todavía no empezamos.",test
EN_076_5__ES_076_5,70,70,true,EN_076_5,ES_076_5,/Users/nilakshanraveendran/Documents/research/data/raw/DRAL16kHz/fragments-short/EN_076_5.wav,/Users/nilakshanraveendran/Documents/research/data/raw/DRAL16kHz/fragments-short/ES_076_5.wav,"Yeah, we already started.","Sí, ya empece- ya empezamos.",test
EN_076_6__ES_076_6,76,76,true,EN_076_6,ES_076_6,/Users/nilakshanraveendran/Documents/research/data/raw/DRAL16kHz/fragments-short/EN_076_6.wav,/Users/nilakshanraveendran/Documents/research/data/raw/DRAL16kHz/fragments-short/ES_076_6.wav,"to their nation of hypocrites, of democrats, those nasty, that they don't know how to do nothing, they don't know how to work, those nasty.","-ción de- de hipócritas, de demócratas, de- de asquerosos que no hacen nada, no saben trabajar, esos- esos asquerosos.",dev
EN_076_7__ES_076_7,76,76,true,EN_076_7,ES_076_7,/Users/nilakshanraveendran/Documents/research/data/raw/DRAL16kHz/fragments-short/EN_076_7.wav,/Users/nilakshanraveendran/Documents/research/data/raw/DRAL16kHz/fragments-short/ES_076_7.wav,"They are literally on the bridge asking for money, asking for charity, but they don't want to work.","Sí, o sea, literalmente están en el puente pidiendo dinero, pidiendo limosnas. Y no- no quieren trabajar, o sea...",dev
EN_076_8__ES_076_8,76,76,true,EN_076_8,ES_076_8,/Users/nilakshanraveendran/Documents/research/data/raw/DRAL16kHz/fragments-short/EN_076_8.wav,/Users/nilakshanraveendran/Documents/research/data/raw/DRAL16kHz/fragments-short/ES_076_8.wav,"Yeah, a Haitian watches my car.","Sí, a mí- a mí me lavo un carro un haitiano.",dev
EN_076_9__ES_076_9,70,70,true,EN_076_9,ES_076_9,/Users/nilakshanraveendran/Documents/research/data/raw/DRAL16kHz/fragments-short/EN_076_9.wav,/Users/nilakshanraveendran/Documents/research/data/raw/DRAL16kHz/fragments-short/ES_076_9.wav,Really?,¿Neta?,test
EN_077_10__ES_077_10,77,77,true,EN_077_10,ES_077_10,/Users/nilakshanraveendran/Documents/research/data/raw/DRAL16kHz/fragments-short/EN_077_10.wav,/Users/nilakshanraveendran/Documents/research/data/raw/DRAL16kHz/fragments-short/ES_077_10.wav,It's different how he loves one and how he loves the other one.,Nada que ver como quiera una y como quiera la otra. Ajá.,train
EN_077_11__ES_077_11,57,57,true,EN_077_11,ES_077_11,/Users/nilakshanraveendran/Documents/research/data/raw/DRAL16kHz/fragments-short/EN_077_11.wav,/Users/nilakshanraveendran/Documents/research/data/raw/DRAL16kHz/fragments-short/ES_077_11.wav,Uh-huh.,Ajá.,dev
EN_077_12__ES_077_12,77,77,true,EN_077_12,ES_077_12,/Users/nilakshanraveendran/Documents/research/data/raw/DRAL16kHz/fragments-short/EN_077_12.wav,/Users/nilakshanraveendran/Documents/research/data/raw/DRAL16kHz/fragments-short/ES_077_12.wav,"Yeah, it's what you deserve. [laugh]",Y pos- pos es lo que te mereces [laughter].,train
EN_077_13__ES_077_13,57,57,true,EN_077_13,ES_077_13,/Users/nilakshanraveendran/Documents/research/data/raw/DRAL16kHz/fragments-short/EN_077_13.wav,/Users/nilakshanraveendran/Documents/research/data/raw/DRAL16kHz/fragments-short/ES_077_13.wav,Yeah.,Sí.,dev
EN_077_14__ES_077_14,57,57,true,EN_077_14,ES_077_14,/Users/nilakshanraveendran/Documents/research/data/raw/DRAL16kHz/fragments-short/EN_077_14.wav,/Users/nilakshanraveendran/Documents/research/data/raw/DRAL16kHz/fragments-short/ES_077_14.wav,Yeah.,Está el Team Sel-.,dev
EN_077_15__ES_077_15,77,77,true,EN_077_15,ES_077_15,/Users/nilakshanraveendran/Documents/research/data/raw/DRAL16kHz/fragments-short/EN_077_15.wav,/Users/nilakshanraveendran/Documents/research/data/raw/DRAL16kHz/fragments-short/ES_077_15.wav,See? No! Tim Selena!,"Sí, no, es Team Selena [laughter].",train
EN_077_16__ES_077_16,57,57,true,EN_077_16,ES_077_16,/Users/nilakshanraveendran/Documents/research/data/raw/DRAL16kHz/fragments-short/EN_077_16.wav,/Users/nilakshanraveendran/Documents/research/data/raw/DRAL16kHz/fragments-short/ES_077_16.wav,"Yeah, no, I don't even know what happened",[laughter] Pero no- no sé ni qué pasó.,dev
EN_077_17__ES_077_17,57,57,true,EN_077_17,ES_077_17,/Users/nilakshanraveendran/Documents/research/data/raw/DRAL16kHz/fragments-short/EN_077_17.wav,/Users/nilakshanraveendran/Documents/research/data/raw/DRAL16kHz/fragments-short/ES_077_17.wav,"And it's already been years, but they're so bothering her.",Pero ya tiene años y todavía la están como molestando y...,dev
EN_077_18__ES_077_18,77,77,true,EN_077_18,ES_077_18,/Users/nilakshanraveendran/Documents/research/data/raw/DRAL16kHz/fragments-short/EN_077_18.wav,/Users/nilakshanraveendran/Documents/research/data/raw/DRAL16kHz/fragments-short/ES_077_18.wav,"Yeah, because I think they get along well with each other, so I think they stay in good terms.","Sí, pues es que creo que, o sea, es que ellos se llevaban bien y pues quedaron bien.",train
EN_077_19__ES_077_19,57,57,true,EN_077_19,ES_077_19,/Users/nilakshanraveendran/Documents/research/data/raw/DRAL16kHz/fragments-short/EN_077_19.wav,/Users/nilakshanraveendran/Documents/research/data/raw/DRAL16kHz/fragments-short/ES_077_19.wav,"Yeah, like why lie? Like nothing's gonna happen.","Sí, o sea, ¿por qué mentir? No pasa nada.",dev
EN_077_1__ES_077_1,57,57,true,EN_077_1,ES_077_1,/Users/nilakshanraveendran/Documents/research/data/raw/DRAL16kHz/fragments-short/EN_077_1.wav,/Users/nilakshanraveendran/Documents/research/data/raw/DRAL16kHz/fragments-short/ES_077_1.wav,"Oh yeah, they said that everyone got mad because Hailey was throwing shade to Selena.",Que todos se enojaron porque le estaba tirando algo a Selena. Ajá.,dev
EN_077_20__ES_077_20,77,77,true,EN_077_20,ES_077_20,/Users/nilakshanraveendran/Documents/research/data/raw/DRAL16kHz/fragments-short/EN_077_20.wav,/Users/nilakshanraveendran/Documents/research/data/raw/DRAL16kHz/fragments-short/ES_077_20.wav,Uh-huh.,Ajá.,train
EN_077_21__ES_077_21,77,77,true,EN_077_21,ES_077_21,/Users/nilakshanraveendran/Documents/research/data/raw/DRAL16kHz/fragments-short/EN_077_21.wav,/Users/nilakshanraveendran/Documents/research/data/raw/DRAL16kHz/fragments-short/ES_077_21.wav,,Ah.,train
EN_077_22__ES_077_22,77,77,true,EN_077_22,ES_077_22,/Users/nilakshanraveendran/Documents/research/data/raw/DRAL16kHz/fragments-short/EN_077_22.wav,/Users/nilakshanraveendran/Documents/research/data/raw/DRAL16kHz/fragments-short/ES_077_22.wav,And then to be married with a person that doesn't love you is like...,"Y luego estar casada como que con una persona que no te quiere, pues como que ah...",train
EN_077_23__ES_077_23,57,57,true,EN_077_23,ES_077_23,/Users/nilakshanraveendran/Documents/research/data/raw/DRAL16kHz/fragments-short/EN_077_23.wav,/Users/nilakshanraveendran/Documents/research/data/raw/DRAL16kHz/fragments-short/ES_077_23.wav,"Yeah, yeah, yeah.",No- como no te sientes,dev
EN_077_24__ES_077_24,77,77,true,EN_077_24,ES_077_24,/Users/nilakshanraveendran/Documents/research/data/raw/DRAL16kHz/fragments-short/EN_077_24.wav,/Users/nilakshanraveendran/Documents/research/data/raw/DRAL16kHz/fragments-short/ES_077_24.wav,I will say something like [noise] I will ask for the divorce [laugh],"Yo diría así como de que, ay, no, mejor me- byes. ¿Sabes cómo? Me divorcio o algo así.",train
EN_077_25__ES_077_25,57,57,true,EN_077_25,ES_077_25,/Users/nilakshanraveendran/Documents/research/data/raw/DRAL16kHz/fragments-short/EN_077_25.wav,/Users/nilakshanraveendran/Documents/research/data/raw/DRAL16kHz/fragments-short/ES_077_25.wav,I know right?,"Sí, ver-",dev
EN_077_26__ES_077_26,77,77,true,EN_077_26,ES_077_26,/Users/nilakshanraveendran/Documents/research/data/raw/DRAL16kHz/fragments-short/EN_077_26.wav,/Users/nilakshanraveendran/Documents/research/data/raw/DRAL16kHz/fragments-short/ES_077_26.wav,"like two weeks ago or one, she proposed to her and she said yes.",Dos semanas o una. Le propuso matrimonio. Y ella dijo que sí.,train
EN_077_27__ES_077_27,57,57,true,EN_077_27,ES_077_27,/Users/nilakshanraveendran/Documents/research/data/raw/DRAL16kHz/fragments-short/EN_077_27.wav,/Users/nilakshanraveendran/Documents/research/data/raw/DRAL16kHz/fragments-short/ES_077_27.wav,"Uh, um, what happened?","Ah, ¿y qué dijo?",dev
EN_077_28__ES_077_28,57,57,true,EN_077_28,ES_077_28,/Users/nilakshanraveendran/Documents/research/data/raw/DRAL16kHz/fragments-short/EN_077_28.wav,/Users/nilakshanraveendran/Documents/research/data/raw/DRAL16kHz/fragments-short/ES_077_28.wav,Huh!,,dev
EN_077_29__ES_077_29,77,77,true,EN_077_29,ES_077_29,/Users/nilakshanraveendran/Documents/research/data/raw/DRAL16kHz/fragments-short/EN_077_29.wav,/Users/nilakshanraveendran/Documents/research/data/raw/DRAL16kHz/fragments-short/ES_077_29.wav,It was too good to be true.,Era muy bueno para ser cierto [laughter].,train
EN_077_2__ES_077_2,77,77,true,EN_077_2,ES_077_2,/Users/nilakshanraveendran/Documents/research/data/raw/DRAL16kHz/fragments-short/EN_077_2.wav,/Users/nilakshanraveendran/Documents/research/data/raw/DRAL16kHz/fragments-short/ES_077_2.wav,Uh-huh.,Ajá.,train
EN_077_30__ES_077_30,57,57,true,EN_077_30,ES_077_30,/Users/nilakshanraveendran/Documents/research/data/raw/DRAL16kHz/fragments-short/EN_077_30.wav,/Users/nilakshanraveendran/Documents/research/data/raw/DRAL16kHz/fragments-short/ES_077_30.wav,[laugh],[laughter].,dev
EN_077_31__ES_077_31,77,77,true,EN_077_31,ES_077_31,/Users/nilakshanraveendran/Documents/research/data/raw/DRAL16kHz/fragments-short/EN_077_31.wav,/Users/nilakshanraveendran/Documents/research/data/raw/DRAL16kHz/fragments-short/ES_077_31.wav,"That's why he's single at that age. Maybe, probably. If you're single at that age, if it is not because of a career, it's because of something.","Por algo está soltero a esa edad [laughter], a lo mejor probablemente si no es por una carrera, es- está soltero por algo.",train
EN_077_32__ES_077_32,57,57,true,EN_077_32,ES_077_32,/Users/nilakshanraveendran/Documents/research/data/raw/DRAL16kHz/fragments-short/EN_077_32.wav,/Users/nilakshanraveendran/Documents/research/data/raw/DRAL16kHz/fragments-short/ES_077_32.wav,Yeah.,Sí [laughter].,dev
EN_077_33__ES_077_33,77,77,true,EN_077_33,ES_077_33,/Users/nilakshanraveendran/Documents/research/data/raw/DRAL16kHz/fragments-short/EN_077_33.wav,/Users/nilakshanraveendran/Documents/research/data/raw/DRAL16kHz/fragments-short/ES_077_33.wav,So then it starts the argument and one doesn't trust the other so it starts like that.,Y luego pues ya empiezan los problemas y luego uno no confía en el otro o así ese tipo de cosas.,train
EN_077_34__ES_077_34,57,57,true,EN_077_34,ES_077_34,/Users/nilakshanraveendran/Documents/research/data/raw/DRAL16kHz/fragments-short/EN_077_34.wav,/Users/nilakshanraveendran/Documents/research/data/raw/DRAL16kHz/fragments-short/ES_077_34.wav,Uh-huh.,Ajá.,dev
EN_077_35__ES_077_35,77,77,true,EN_077_35,ES_077_35,/Users/nilakshanraveendran/Documents/research/data/raw/DRAL16kHz/fragments-short/EN_077_35.wav,/Users/nilakshanraveendran/Documents/research/data/raw/DRAL16kHz/fragments-short/ES_077_35.wav,"In the case of that girl, it was some messages that was like like out of place, like I don't know.","Pero bueno, en el caso de esta muchacha, o sea, sí eran- sí eran mensajes medio [laughter] sacados del lugar [laughter]. O sea, no.",train
EN_077_36__ES_077_36,57,57,true,EN_077_36,ES_077_36,/Users/nilakshanraveendran/Documents/research/data/raw/DRAL16kHz/fragments-short/EN_077_36.wav,/Users/nilakshanraveendran/Documents/research/data/raw/DRAL16kHz/fragments-short/ES_077_36.wav,Aww.,¡Ay! [laughter],dev
EN_077_37__ES_077_37,77,77,true,EN_077_37,ES_077_37,/Users/nilakshanraveendran/Documents/research/data/raw/DRAL16kHz/fragments-short/EN_077_37.wav,/Users/nilakshanraveendran/Documents/research/data/raw/DRAL16kHz/fragments-short/ES_077_37.wav,"Don't look for me again in your life. You know how, like, here, don't look for me again.","O sea, no- no me vuelvas a buscar en tu vida, ¿sabes cómo? O sea, hasta aquí ya, no quiero nada contigo.",train
EN_077_38__ES_077_38,57,57,true,EN_077_38,ES_077_38,/Users/nilakshanraveendran/Documents/research/data/raw/DRAL16kHz/fragments-short/EN_077_38.wav,/Users/nilakshanraveendran/Documents/research/data/raw/DRAL16kHz/fragments-short/ES_077_38.wav,[noise],Mm-hmm.,dev
EN_077_39__ES_077_39,57,57,true,EN_077_39,ES_077_39,/Users/nilakshanraveendran/Documents/research/data/raw/DRAL16kHz/fragments-short/EN_077_39.wav,/Users/nilakshanraveendran/Documents/research/data/raw/DRAL16kHz/fragments-short/ES_077_39.wav,Yeah.,Sí.,dev
EN_077_3__ES_077_3,77,77,true,EN_077_3,ES_077_3,/Users/nilakshanraveendran/Documents/research/data/raw/DRAL16kHz/fragments-short/EN_077_3.wav,/Users/nilakshanraveendran/Documents/research/data/raw/DRAL16kHz/fragments-short/ES_077_3.wav,to selena uh-huh,¿A Selena? Ajá.,train
EN_077_40__ES_077_40,77,77,true,EN_077_40,ES_077_40,/Users/nilakshanraveendran/Documents/research/data/raw/DRAL16kHz/fragments-short/EN_077_40.wav,/Users/nilakshanraveendran/Documents/research/data/raw/DRAL16kHz/fragments-short/ES_077_40.wav,"You're gonna say like, oh I have everything with her, why am I gonna throw all of that away?","Sabes, decir así como que ah no lo tengo aquí todo o sea porque lo voy a echar a perder",train
EN_077_41__ES_077_41,77,77,true,EN_077_41,ES_077_41,/Users/nilakshanraveendran/Documents/research/data/raw/DRAL16kHz/fragments-short/EN_077_41.wav,/Users/nilakshanraveendran/Documents/research/data/raw/DRAL16kHz/fragments-short/ES_077_41.wav,I'm already free from you. Why would I wa- want to be with you again like,"Ya me libré de ti, ¿para qué quiero estar contigo otra vez [laughter] osea?",train
EN_077_42__ES_077_42,57,57,true,EN_077_42,ES_077_42,/Users/nilakshanraveendran/Documents/research/data/raw/DRAL16kHz/fragments-short/EN_077_42.wav,/Users/nilakshanraveendran/Documents/research/data/raw/DRAL16kHz/fragments-short/ES_077_42.wav,[laugh],[laughter],dev
EN_077_4__ES_077_4,77,77,true,EN_077_4,ES_077_4,/Users/nilakshanraveendran/Documents/research/data/raw/DRAL16kHz/fragments-short/EN_077_4.wav,/Users/nilakshanraveendran/Documents/research/data/raw/DRAL16kHz/fragments-short/ES_077_4.wav,but I think because she made fun about the sickness of Selena.,Pero creo que fue porque se burló de que- de la enfermedad de Selena.,train
EN_077_5__ES_077_5,77,77,true,EN_077_5,ES_077_5,/Users/nilakshanraveendran/Documents/research/data/raw/DRAL16kHz/fragments-short/EN_077_5.wav,/Users/nilakshanraveendran/Documents/research/data/raw/DRAL16kHz/fragments-short/ES_077_5.wav,I think she was making her makeup but or she just posted a picture but I don't remember.,"Al- Creo que se estaba maquillando, no sé, no me acuerdo la verdad que hizo, o subió una foto.",train
EN_077_6__ES_077_6,57,57,true,EN_077_6,ES_077_6,/Users/nilakshanraveendran/Documents/research/data/raw/DRAL16kHz/fragments-short/EN_077_6.wav,/Users/nilakshanraveendran/Documents/research/data/raw/DRAL16kHz/fragments-short/ES_077_6.wav,Yeah.,¿O qué dijo?,dev
EN_077_7__ES_077_7,57,57,true,EN_077_7,ES_077_7,/Users/nilakshanraveendran/Documents/research/data/raw/DRAL16kHz/fragments-short/EN_077_7.wav,/Users/nilakshanraveendran/Documents/research/data/raw/DRAL16kHz/fragments-short/ES_077_7.wav,Yeah.,Ajá.,dev
EN_077_8__ES_077_8,77,77,true,EN_077_8,ES_077_8,/Users/nilakshanraveendran/Documents/research/data/raw/DRAL16kHz/fragments-short/EN_077_8.wav,/Users/nilakshanraveendran/Documents/research/data/raw/DRAL16kHz/fragments-short/ES_077_8.wav,and I highly made fun of her [laugh] and then I think that,Y luego Haile se burló de ella y- y ya cuando [laughter] cuando se bur-.,train
EN_077_9__ES_077_9,57,57,true,EN_077_9,ES_077_9,/Users/nilakshanraveendran/Documents/research/data/raw/DRAL16kHz/fragments-short/EN_077_9.wav,/Users/nilakshanraveendran/Documents/research/data/raw/DRAL16kHz/fragments-short/ES_077_9.wav,Aww.,Oh.,dev
EN_078_10__ES_078_10,70,70,true,EN_078_10,ES_078_10,/Users/nilakshanraveendran/Documents/research/data/raw/DRAL16kHz/fragments-short/EN_078_10.wav,/Users/nilakshanraveendran/Documents/research/data/raw/DRAL16kHz/fragments-short/ES_078_10.wav,well its beca-,es como,test
EN_078_11__ES_078_11,78,78,true,EN_078_11,ES_078_11,/Users/nilakshanraveendran/Documents/research/data/raw/DRAL16kHz/fragments-short/EN_078_11.wav,/Users/nilakshanraveendran/Documents/research/data/raw/DRAL16kHz/fragments-short/ES_078_11.wav,because you get to see like savor the flavors,"Sí, eso porque puedes saborear más el sabor.",train
EN_078_12__ES_078_12,78,78,true,EN_078_12,ES_078_12,/Users/nilakshanraveendran/Documents/research/data/raw/DRAL16kHz/fragments-short/EN_078_12.wav,/Users/nilakshanraveendran/Documents/research/data/raw/DRAL16kHz/fragments-short/ES_078_12.wav,"Yeah, because if it's like this, you just take a bite and like, okay, it's done. But when it's cold, you take out the moment and then flavor.","Sí, porque si solo es así, solo le haces una mordida y ya, o sea, y con eso, estando así puedes estar en el momento del sabor.",train
EN_078_13__ES_078_13,70,70,true,EN_078_13,ES_078_13,/Users/nilakshanraveendran/Documents/research/data/raw/DRAL16kHz/fragments-short/EN_078_13.wav,/Users/nilakshanraveendran/Documents/research/data/raw/DRAL16kHz/fragments-short/ES_078_13.wav,"Yeah, I have a red one and some sort of purple.","Sí, tengo una roja y algo así como... Morado.",test
EN_078_14__ES_078_14,78,78,true,EN_078_14,ES_078_14,/Users/nilakshanraveendran/Documents/research/data/raw/DRAL16kHz/fragments-short/EN_078_14.wav,/Users/nilakshanraveendran/Documents/research/data/raw/DRAL16kHz/fragments-short/ES_078_14.wav,grape,¿Uva?,train
EN_078_15__ES_078_15,78,78,true,EN_078_15,ES_078_15,/Users/nilakshanraveendran/Documents/research/data/raw/DRAL16kHz/fragments-short/EN_078_15.wav,/Users/nilakshanraveendran/Documents/research/data/raw/DRAL16kHz/fragments-short/ES_078_15.wav,grape,¿Uva?,train
EN_078_16__ES_078_16,78,78,true,EN_078_16,ES_078_16,/Users/nilakshanraveendran/Documents/research/data/raw/DRAL16kHz/fragments-short/EN_078_16.wav,/Users/nilakshanraveendran/Documents/research/data/raw/DRAL16kHz/fragments-short/ES_078_16.wav,I have both grape colors.,Tengo- tengo ambos color uva.,train
EN_078_17__ES_078_17,78,78,true,EN_078_17,ES_078_17,/Users/nilakshanraveendran/Documents/research/data/raw/DRAL16kHz/fragments-short/EN_078_17.wav,/Users/nilakshanraveendran/Documents/research/data/raw/DRAL16kHz/fragments-short/ES_078_17.wav,"It's not that I don't like it, I just like... I would not try it again.","No es de que- no es de que no me guste, solo que no lo probaría de nuevo.",train
EN_078_18__ES_078_18,70,70,true,EN_078_18,ES_078_18,/Users/nilakshanraveendran/Documents/research/data/raw/DRAL16kHz/fragments-short/EN_078_18.wav,/Users/nilakshanraveendran/Documents/research/data/raw/DRAL16kHz/fragments-short/ES_078_18.wav,I mean it it's not bad But I don't know it's like free,"No- no está mal, pero... Es como... Como frito.",test
EN_078_19__ES_078_19,78,78,true,EN_078_19,ES_078_19,/Users/nilakshanraveendran/Documents/research/data/raw/DRAL16kHz/fragments-short/EN_078_19.wav,/Users/nilakshanraveendran/Documents/research/data/raw/DRAL16kHz/fragments-short/ES_078_19.wav,"Yes, please tell me. Enlighten me.","[laughter] Ok, dime, ilumíname",train
EN_078_1__ES_078_1,70,70,true,EN_078_1,ES_078_1,/Users/nilakshanraveendran/Documents/research/data/raw/DRAL16kHz/fragments-short/EN_078_1.wav,/Users/nilakshanraveendran/Documents/research/data/raw/DRAL16kHz/fragments-short/ES_078_1.wav,Which one do you prefer?,¿Cuál prefieres?,test
EN_078_20__ES_078_20,70,70,true,EN_078_20,ES_078_20,/Users/nilakshanraveendran/Documents/research/data/raw/DRAL16kHz/fragments-short/EN_078_20.wav,/Users/nilakshanraveendran/Documents/research/data/raw/DRAL16kHz/fragments-short/ES_078_20.wav,I have the other one.,Tengo la otra.,test
EN_078_21__ES_078_21,70,70,true,EN_078_21,ES_078_21,/Users/nilakshanraveendran/Documents/research/data/raw/DRAL16kHz/fragments-short/EN_078_21.wav,/Users/nilakshanraveendran/Documents/research/data/raw/DRAL16kHz/fragments-short/ES_078_21.wav,I have the other one [unk],tengo la otra,test
EN_078_22__ES_078_22,70,70,true,EN_078_22,ES_078_22,/Users/nilakshanraveendran/Documents/research/data/raw/DRAL16kHz/fragments-short/EN_078_22.wav,/Users/nilakshanraveendran/Documents/research/data/raw/DRAL16kHz/fragments-short/ES_078_22.wav,"the grape one doesn't taste bad, it's just like... whatever.","La uva no sabe mal, es solo que sabe como a... lo que sea.",test
EN_078_23__ES_078_23,78,78,true,EN_078_23,ES_078_23,/Users/nilakshanraveendran/Documents/research/data/raw/DRAL16kHz/fragments-short/EN_078_23.wav,/Users/nilakshanraveendran/Documents/research/data/raw/DRAL16kHz/fragments-short/ES_078_23.wav,"What are these for? Oh, this is for the tic-tac-toe!",Oh ¿Para qué es esto? ¡Oh! Eso es para el tic-tac-toe.,train
EN_078_24__ES_078_24,78,78,true,EN_078_24,ES_078_24,/Users/nilakshanraveendran/Documents/research/data/raw/DRAL16kHz/fragments-short/EN_078_24.wav,/Users/nilakshanraveendran/Documents/research/data/raw/DRAL16kHz/fragments-short/ES_078_24.wav,Why do you have the purple one?,¿Por qué tú tienes la morada?,train
EN_078_25__ES_078_25,70,70,true,EN_078_25,ES_078_25,/Users/nilakshanraveendran/Documents/research/data/raw/DRAL16kHz/fragments-short/EN_078_25.wav,/Users/nilakshanraveendran/Documents/research/data/raw/DRAL16kHz/fragments-short/ES_078_25.wav,"I don't know. It's because I'm better, I guess.","No sé, porque... tal vez porque soy mejor.",test
EN_078_26__ES_078_26,70,70,true,EN_078_26,ES_078_26,/Users/nilakshanraveendran/Documents/research/data/raw/DRAL16kHz/fragments-short/EN_078_26.wav,/Users/nilakshanraveendran/Documents/research/data/raw/DRAL16kHz/fragments-short/ES_078_26.wav,"Well, [unk] for me. Thank you.","Voy a hacer las líneas pues, más fácil para mí.",test
EN_078_27__ES_078_27,78,78,true,EN_078_27,ES_078_27,/Users/nilakshanraveendran/Documents/research/data/raw/DRAL16kHz/fragments-short/EN_078_27.wav,/Users/nilakshanraveendran/Documents/research/data/raw/DRAL16kHz/fragments-short/ES_078_27.wav,[laugh],[laughter].,train
EN_078_28__ES_078_28,70,70,true,EN_078_28,ES_078_28,/Users/nilakshanraveendran/Documents/research/data/raw/DRAL16kHz/fragments-short/EN_078_28.wav,/Users/nilakshanraveendran/Documents/research/data/raw/DRAL16kHz/fragments-short/ES_078_28.wav,Faster.,Más rápido.,test
EN_078_29__ES_078_29,78,78,true,EN_078_29,ES_078_29,/Users/nilakshanraveendran/Documents/research/data/raw/DRAL16kHz/fragments-short/EN_078_29.wav,/Users/nilakshanraveendran/Documents/research/data/raw/DRAL16kHz/fragments-short/ES_078_29.wav,Give me a sec.,Dame- dame un segundo.,train
EN_078_2__ES_078_2,78,78,true,EN_078_2,ES_078_2,/Users/nilakshanraveendran/Documents/research/data/raw/DRAL16kHz/fragments-short/EN_078_2.wav,/Users/nilakshanraveendran/Documents/research/data/raw/DRAL16kHz/fragments-short/ES_078_2.wav,Do you want to do the first one?,¿Quieres hacer la primera?,train
EN_078_30__ES_078_30,70,70,true,EN_078_30,ES_078_30,/Users/nilakshanraveendran/Documents/research/data/raw/DRAL16kHz/fragments-short/EN_078_30.wav,/Users/nilakshanraveendran/Documents/research/data/raw/DRAL16kHz/fragments-short/ES_078_30.wav,I don't know.,No.,test
EN_078_31__ES_078_31,70,70,true,EN_078_31,ES_078_31,/Users/nilakshanraveendran/Documents/research/data/raw/DRAL16kHz/fragments-short/EN_078_31.wav,/Users/nilakshanraveendran/Documents/research/data/raw/DRAL16kHz/fragments-short/ES_078_31.wav,"I don't know, think it, think about it.","No lo sé, piénsalo, piénsalo",test
EN_078_32__ES_078_32,78,78,true,EN_078_32,ES_078_32,/Users/nilakshanraveendran/Documents/research/data/raw/DRAL16kHz/fragments-short/EN_078_32.wav,/Users/nilakshanraveendran/Documents/research/data/raw/DRAL16kHz/fragments-short/ES_078_32.wav,[laugh],[laughter],train
EN_078_33__ES_078_33,78,78,true,EN_078_33,ES_078_33,/Users/nilakshanraveendran/Documents/research/data/raw/DRAL16kHz/fragments-short/EN_078_33.wav,/Users/nilakshanraveendran/Documents/research/data/raw/DRAL16kHz/fragments-short/ES_078_33.wav,No!,No.,train
EN_078_34__ES_078_34,78,78,true,EN_078_34,ES_078_34,/Users/nilakshanraveendran/Documents/research/data/raw/DRAL16kHz/fragments-short/EN_078_34.wav,/Users/nilakshanraveendran/Documents/research/data/raw/DRAL16kHz/fragments-short/ES_078_34.wav,"That was that was all me, I'm super smart.","No, no, eso- eso fue toda yo, estoy bien inteligente.",train
EN_078_35__ES_078_35,70,70,true,EN_078_35,ES_078_35,/Users/nilakshanraveendran/Documents/research/data/raw/DRAL16kHz/fragments-short/EN_078_35.wav,/Users/nilakshanraveendran/Documents/research/data/raw/DRAL16kHz/fragments-short/ES_078_35.wav,"Well, it's okay. It's okay.","Bueno, está bien, está bien.",test
EN_078_36__ES_078_36,70,70,true,EN_078_36,ES_078_36,/Users/nilakshanraveendran/Documents/research/data/raw/DRAL16kHz/fragments-short/EN_078_36.wav,/Users/nilakshanraveendran/Documents/research/data/raw/DRAL16kHz/fragments-short/ES_078_36.wav,I paid enough to live a happy life,Me paguen lo suficiente para tener una vida feliz.,test
EN_078_37__ES_078_37,70,70,true,EN_078_37,ES_078_37,/Users/nilakshanraveendran/Documents/research/data/raw/DRAL16kHz/fragments-short/EN_078_37.wav,/Users/nilakshanraveendran/Documents/research/data/raw/DRAL16kHz/fragments-short/ES_078_37.wav,"I don't know, I don't want them to be like those El Paso kids that some that they speak Spanish, some sort of","No sé, no me gustaría que fueran como esos niños de El Paso que hablan español o algo así.",test
EN_078_38__ES_078_38,70,70,true,EN_078_38,ES_078_38,/Users/nilakshanraveendran/Documents/research/data/raw/DRAL16kHz/fragments-short/EN_078_38.wav,/Users/nilakshanraveendran/Documents/research/data/raw/DRAL16kHz/fragments-short/ES_078_38.wav,Where exactly? I still have no idea.,exactamente en donde mmm la verdad todavia no sé.,test
EN_078_39__ES_078_39,70,70,true,EN_078_39,ES_078_39,/Users/nilakshanraveendran/Documents/research/data/raw/DRAL16kHz/fragments-short/EN_078_39.wav,/Users/nilakshanraveendran/Documents/research/data/raw/DRAL16kHz/fragments-short/ES_078_39.wav,I don't know there's there's no it's just a big desert,"No sé, es un- es un- era un desierto.",test
EN_078_3__ES_078_3,70,70,true,EN_078_3,ES_078_3,/Users/nilakshanraveendran/Documents/research/data/raw/DRAL16kHz/fragments-short/EN_078_3.wav,/Users/nilakshanraveendran/Documents/research/data/raw/DRAL16kHz/fragments-short/ES_078_3.wav,"I want to, I want to eat the Hershey's first.",Me voy a comer el Hershey's primero.,test
EN_078_40__ES_078_40,78,78,true,EN_078_40,ES_078_40,/Users/nilakshanraveendran/Documents/research/data/raw/DRAL16kHz/fragments-short/EN_078_40.wav,/Users/nilakshanraveendran/Documents/research/data/raw/DRAL16kHz/fragments-short/ES_078_40.wav,[noise],,train
EN_078_41__ES_078_41,70,70,true,EN_078_41,ES_078_41,/Users/nilakshanraveendran/Documents/research/data/raw/DRAL16kHz/fragments-short/EN_078_41.wav,/Users/nilakshanraveendran/Documents/research/data/raw/DRAL16kHz/fragments-short/ES_078_41.wav,"I mean if you don't mind, I will take another bite of that.","Bueno, si no te importa voy a tomar otra mordida de...",test
EN_078_42__ES_078_42,78,78,true,EN_078_42,ES_078_42,/Users/nilakshanraveendran/Documents/research/data/raw/DRAL16kHz/fragments-short/EN_078_42.wav,/Users/nilakshanraveendran/Documents/research/data/raw/DRAL16kHz/fragments-short/ES_078_42.wav,Can I eat the rest of the chocolate?,¿Puedo comerme el resto del chocolate?,train
EN_078_4__ES_078_4,78,78,true,EN_078_4,ES_078_4,/Users/nilakshanraveendran/Documents/research/data/raw/DRAL16kHz/fragments-short/EN_078_4.wav,/Users/nilakshanraveendran/Documents/research/data/raw/DRAL16kHz/fragments-short/ES_078_4.wav,"Okay, I'm gonna eat the Hershey's too.",Creo que también me lo voy a comer primero.,train
EN_078_5__ES_078_5,70,70,true,EN_078_5,ES_078_5,/Users/nilakshanraveendran/Documents/research/data/raw/DRAL16kHz/fragments-short/EN_078_5.wav,/Users/nilakshanraveendran/Documents/research/data/raw/DRAL16kHz/fragments-short/ES_078_5.wav,"You don't need the whole thing, just a bite.","No, no te comas todo el- el- el dulce.",test
EN_078_6__ES_078_6,78,78,true,EN_078_6,ES_078_6,/Users/nilakshanraveendran/Documents/research/data/raw/DRAL16kHz/fragments-short/EN_078_6.wav,/Users/nilakshanraveendran/Documents/research/data/raw/DRAL16kHz/fragments-short/ES_078_6.wav,Oops.,"Oh, ups.",train
EN_078_7__ES_078_7,70,70,true,EN_078_7,ES_078_7,/Users/nilakshanraveendran/Documents/research/data/raw/DRAL16kHz/fragments-short/EN_078_7.wav,/Users/nilakshanraveendran/Documents/research/data/raw/DRAL16kHz/fragments-short/ES_078_7.wav,but like hard cold like like ice,Pero... ¿Cómo? ¿Cómo- cómo fr- frío duro? ¿Cómo- cómo hielo?,test
EN_078_8__ES_078_8,78,78,true,EN_078_8,ES_078_8,/Users/nilakshanraveendran/Documents/research/data/raw/DRAL16kHz/fragments-short/EN_078_8.wav,/Users/nilakshanraveendran/Documents/research/data/raw/DRAL16kHz/fragments-short/ES_078_8.wav,Yes.,Sí.,train
EN_078_9__ES_078_9,78,78,true,EN_078_9,ES_078_9,/Users/nilakshanraveendran/Documents/research/data/raw/DRAL16kHz/fragments-short/EN_078_9.wav,/Users/nilakshanraveendran/Documents/research/data/raw/DRAL16kHz/fragments-short/ES_078_9.wav,"Well, not ice, but like cold.","Um, no, no hielo, pero o sea frío.",train
EN_079_10__ES_079_10,74,74,true,EN_079_10,ES_079_10,/Users/nilakshanraveendran/Documents/research/data/raw/DRAL16kHz/fragments-short/EN_079_10.wav,/Users/nilakshanraveendran/Documents/research/data/raw/DRAL16kHz/fragments-short/ES_079_10.wav,oh Selena Gomez and I'm just like,"Oh, Selena Gomez. Y ahora ya estoy como...",train
EN_079_11__ES_079_11,79,79,true,EN_079_11,ES_079_11,/Users/nilakshanraveendran/Documents/research/data/raw/DRAL16kHz/fragments-short/EN_079_11.wav,/Users/nilakshanraveendran/Documents/research/data/raw/DRAL16kHz/fragments-short/ES_079_11.wav,to get the sea- the seaweed taste from my mouth.,Quisiera sacar el sabor de seaweed de mi boca.,train
EN_079_12__ES_079_12,74,74,true,EN_079_12,ES_079_12,/Users/nilakshanraveendran/Documents/research/data/raw/DRAL16kHz/fragments-short/EN_079_12.wav,/Users/nilakshanraveendran/Documents/research/data/raw/DRAL16kHz/fragments-short/ES_079_12.wav,"I know, I want like a drink of water or something.","Ya sé, quiero como un trago de agua o algo.",train
EN_079_13__ES_079_13,74,74,true,EN_079_13,ES_079_13,/Users/nilakshanraveendran/Documents/research/data/raw/DRAL16kHz/fragments-short/EN_079_13.wav,/Users/nilakshanraveendran/Documents/research/data/raw/DRAL16kHz/fragments-short/ES_079_13.wav,I know. I should probably take the one that I bit.,"Ya sé, debo de sacar el que mordí.",train
EN_079_14__ES_079_14,79,79,true,EN_079_14,ES_079_14,/Users/nilakshanraveendran/Documents/research/data/raw/DRAL16kHz/fragments-short/EN_079_14.wav,/Users/nilakshanraveendran/Documents/research/data/raw/DRAL16kHz/fragments-short/ES_079_14.wav,clarity in our lab.,Claridad de nuestra lab.,train
EN_079_15__ES_079_15,79,79,true,EN_079_15,ES_079_15,/Users/nilakshanraveendran/Documents/research/data/raw/DRAL16kHz/fragments-short/EN_079_15.wav,/Users/nilakshanraveendran/Documents/research/data/raw/DRAL16kHz/fragments-short/ES_079_15.wav,Ah just kidding.,[risa] just kidding.,train
EN_079_16__ES_079_16,74,74,true,EN_079_16,ES_079_16,/Users/nilakshanraveendran/Documents/research/data/raw/DRAL16kHz/fragments-short/EN_079_16.wav,/Users/nilakshanraveendran/Documents/research/data/raw/DRAL16kHz/fragments-short/ES_079_16.wav,,REMOVE,train
EN_079_17__ES_079_17,79,79,true,EN_079_17,ES_079_17,/Users/nilakshanraveendran/Documents/research/data/raw/DRAL16kHz/fragments-short/EN_079_17.wav,/Users/nilakshanraveendran/Documents/research/data/raw/DRAL16kHz/fragments-short/ES_079_17.wav,Do you want to be X's or O's?,¿Quieres ser la X o la O?,train
EN_079_18__ES_079_18,74,74,true,EN_079_18,ES_079_18,/Users/nilakshanraveendran/Documents/research/data/raw/DRAL16kHz/fragments-short/EN_079_18.wav,/Users/nilakshanraveendran/Documents/research/data/raw/DRAL16kHz/fragments-short/ES_079_18.wav,I'll be Xs.,Voy a ser la X.,train
EN_079_19__ES_079_19,79,79,true,EN_079_19,ES_079_19,/Users/nilakshanraveendran/Documents/research/data/raw/DRAL16kHz/fragments-short/EN_079_19.wav,/Users/nilakshanraveendran/Documents/research/data/raw/DRAL16kHz/fragments-short/ES_079_19.wav,"I know, that's so awkward.","Ay, ya sé, qué vergüenza.",train
EN_079_1__ES_079_1,79,79,true,EN_079_1,ES_079_1,/Users/nilakshanraveendran/Documents/research/data/raw/DRAL16kHz/fragments-short/EN_079_1.wav,/Users/nilakshanraveendran/Documents/research/data/raw/DRAL16kHz/fragments-short/ES_079_1.wav,Do you like fish?,¿Te gusta el pescado?,train
EN_079_20__ES_079_20,74,74,true,EN_079_20,ES_079_20,/Users/nilakshanraveendran/Documents/research/data/raw/DRAL16kHz/fragments-short/EN_079_20.wav,/Users/nilakshanraveendran/Documents/research/data/raw/DRAL16kHz/fragments-short/ES_079_20.wav,,REMOVE,train
EN_079_21__ES_079_21,74,74,true,EN_079_21,ES_079_21,/Users/nilakshanraveendran/Documents/research/data/raw/DRAL16kHz/fragments-short/EN_079_21.wav,/Users/nilakshanraveendran/Documents/research/data/raw/DRAL16kHz/fragments-short/ES_079_21.wav,"It's what it sounds it's like Chinese food, but it's cooked by Mexicans","Es como suena, pero es comida cocinado por mexicanos.",train
EN_079_22__ES_079_22,79,79,true,EN_079_22,ES_079_22,/Users/nilakshanraveendran/Documents/research/data/raw/DRAL16kHz/fragments-short/EN_079_22.wav,/Users/nilakshanraveendran/Documents/research/data/raw/DRAL16kHz/fragments-short/ES_079_22.wav,"Uh, well, I guess it kinda, well yeah, I guess it is.","Ah, pues sí, pues sí, creo que sí.",train
EN_079_23__ES_079_23,74,74,true,EN_079_23,ES_079_23,/Users/nilakshanraveendran/Documents/research/data/raw/DRAL16kHz/fragments-short/EN_079_23.wav,/Users/nilakshanraveendran/Documents/research/data/raw/DRAL16kHz/fragments-short/ES_079_23.wav,I've been I've been trying to find like places to eat here and I'm just like mmmm,Ha tratado de hallar lugares para comer pero...,train
EN_079_24__ES_079_24,74,74,true,EN_079_24,ES_079_24,/Users/nilakshanraveendran/Documents/research/data/raw/DRAL16kHz/fragments-short/EN_079_24.wav,/Users/nilakshanraveendran/Documents/research/data/raw/DRAL16kHz/fragments-short/ES_079_24.wav,Let me go get some Whataburger.,Déjame ir a grabar.,train
EN_079_25__ES_079_25,79,79,true,EN_079_25,ES_079_25,/Users/nilakshanraveendran/Documents/research/data/raw/DRAL16kHz/fragments-short/EN_079_25.wav,/Users/nilakshanraveendran/Documents/research/data/raw/DRAL16kHz/fragments-short/ES_079_25.wav,It's super good. 10 out of 10.,Está bien rico [risa]. 10 de 10.,train
EN_079_26__ES_079_26,74,74,true,EN_079_26,ES_079_26,/Users/nilakshanraveendran/Documents/research/data/raw/DRAL16kHz/fragments-short/EN_079_26.wav,/Users/nilakshanraveendran/Documents/research/data/raw/DRAL16kHz/fragments-short/ES_079_26.wav,"And then I walked in and I was like, what is this?","Y luego entré y dije, ¿qué es eso?",train
EN_079_27__ES_079_27,74,74,true,EN_079_27,ES_079_27,/Users/nilakshanraveendran/Documents/research/data/raw/DRAL16kHz/fragments-short/EN_079_27.wav,/Users/nilakshanraveendran/Documents/research/data/raw/DRAL16kHz/fragments-short/ES_079_27.wav,I'd give myself my degree already.,Ya me hubiera dado mi diploma.,train
EN_079_28__ES_079_28,79,79,true,EN_079_28,ES_079_28,/Users/nilakshanraveendran/Documents/research/data/raw/DRAL16kHz/fragments-short/EN_079_28.wav,/Users/nilakshanraveendran/Documents/research/data/raw/DRAL16kHz/fragments-short/ES_079_28.wav,"and they like love going there, and I'm like.",les gusta ir pero,train
EN_079_29__ES_079_29,79,79,true,EN_079_29,ES_079_29,/Users/nilakshanraveendran/Documents/research/data/raw/DRAL16kHz/fragments-short/EN_079_29.wav,/Users/nilakshanraveendran/Documents/research/data/raw/DRAL16kHz/fragments-short/ES_079_29.wav,"No, thank you.","Yo como que no, gracias.",train
EN_079_2__ES_079_2,74,74,true,EN_079_2,ES_079_2,/Users/nilakshanraveendran/Documents/research/data/raw/DRAL16kHz/fragments-short/EN_079_2.wav,/Users/nilakshanraveendran/Documents/research/data/raw/DRAL16kHz/fragments-short/ES_079_2.wav,No.,No.,train
EN_079_3__ES_079_3,79,79,true,EN_079_3,ES_079_3,/Users/nilakshanraveendran/Documents/research/data/raw/DRAL16kHz/fragments-short/EN_079_3.wav,/Users/nilakshanraveendran/Documents/research/data/raw/DRAL16kHz/fragments-short/ES_079_3.wav,This sounds like ASMR.,Suena como ASMR.,train
EN_079_4__ES_079_4,74,74,true,EN_079_4,ES_079_4,/Users/nilakshanraveendran/Documents/research/data/raw/DRAL16kHz/fragments-short/EN_079_4.wav,/Users/nilakshanraveendran/Documents/research/data/raw/DRAL16kHz/fragments-short/ES_079_4.wav,,REMOVE,train
EN_079_5__ES_079_5,79,79,true,EN_079_5,ES_079_5,/Users/nilakshanraveendran/Documents/research/data/raw/DRAL16kHz/fragments-short/EN_079_5.wav,/Users/nilakshanraveendran/Documents/research/data/raw/DRAL16kHz/fragments-short/ES_079_5.wav,That's not for me.,No me gustó.,train
EN_079_6__ES_079_6,74,74,true,EN_079_6,ES_079_6,/Users/nilakshanraveendran/Documents/research/data/raw/DRAL16kHz/fragments-short/EN_079_6.wav,/Users/nilakshanraveendran/Documents/research/data/raw/DRAL16kHz/fragments-short/ES_079_6.wav,not my favorite,No es mi favorito.,train
EN_079_7__ES_079_7,74,74,true,EN_079_7,ES_079_7,/Users/nilakshanraveendran/Documents/research/data/raw/DRAL16kHz/fragments-short/EN_079_7.wav,/Users/nilakshanraveendran/Documents/research/data/raw/DRAL16kHz/fragments-short/ES_079_7.wav,"Yeah, I feel like that's way too many coincidences","Sí, es como muchas coincidencias.",train
EN_079_8__ES_079_8,79,79,true,EN_079_8,ES_079_8,/Users/nilakshanraveendran/Documents/research/data/raw/DRAL16kHz/fragments-short/EN_079_8.wav,/Users/nilakshanraveendran/Documents/research/data/raw/DRAL16kHz/fragments-short/ES_079_8.wav,but I also didn't know Selena had like lupus.,Yo no sabía que Selena Gomez tenía lupes.,train
EN_079_9__ES_079_9,79,79,true,EN_079_9,ES_079_9,/Users/nilakshanraveendran/Documents/research/data/raw/DRAL16kHz/fragments-short/EN_079_9.wav,/Users/nilakshanraveendran/Documents/research/data/raw/DRAL16kHz/fragments-short/ES_079_9.wav,I still think she's so pretty though. Like even with her face like changing.,"Yo de todos modos pienso que ella está muy bonita, aunque su cara está cambiando.",train
EN_080_10__ES_080_10,80,80,true,EN_080_10,ES_080_10,/Users/nilakshanraveendran/Documents/research/data/raw/DRAL16kHz/fragments-short/EN_080_10.wav,/Users/nilakshanraveendran/Documents/research/data/raw/DRAL16kHz/fragments-short/ES_080_10.wav,And he came and he found me like with a friend.,Y él vino y me encontró Dabando un café con un amigo,train
EN_080_11__ES_080_11,57,57,true,EN_080_11,ES_080_11,/Users/nilakshanraveendran/Documents/research/data/raw/DRAL16kHz/fragments-short/EN_080_11.wav,/Users/nilakshanraveendran/Documents/research/data/raw/DRAL16kHz/fragments-short/ES_080_11.wav,oh,Ah...,dev
EN_080_12__ES_080_12,80,80,true,EN_080_12,ES_080_12,/Users/nilakshanraveendran/Documents/research/data/raw/DRAL16kHz/fragments-short/EN_080_12.wav,/Users/nilakshanraveendran/Documents/research/data/raw/DRAL16kHz/fragments-short/ES_080_12.wav,"I he was like, what happened there?","Y vos decís, ¿qué pasa ahí?",train
EN_080_13__ES_080_13,80,80,true,EN_080_13,ES_080_13,/Users/nilakshanraveendran/Documents/research/data/raw/DRAL16kHz/fragments-short/EN_080_13.wav,/Users/nilakshanraveendran/Documents/research/data/raw/DRAL16kHz/fragments-short/ES_080_13.wav,in the relationship. He has every right to have girlfriends. I have every single right to have guy friends.,"En la relación, él tiene derecho a tener amigas Yo tengo derecho a tener amigos",train
EN_080_14__ES_080_14,57,57,true,EN_080_14,ES_080_14,/Users/nilakshanraveendran/Documents/research/data/raw/DRAL16kHz/fragments-short/EN_080_14.wav,/Users/nilakshanraveendran/Documents/research/data/raw/DRAL16kHz/fragments-short/ES_080_14.wav,Yeah.,Sí.,dev
EN_080_15__ES_080_15,57,57,true,EN_080_15,ES_080_15,/Users/nilakshanraveendran/Documents/research/data/raw/DRAL16kHz/fragments-short/EN_080_15.wav,/Users/nilakshanraveendran/Documents/research/data/raw/DRAL16kHz/fragments-short/ES_080_15.wav,"I don't know who it was, that had like 20 kids.","No sé quién era, que tenía como 20 hijos.",dev
EN_080_1__ES_080_1,57,57,true,EN_080_1,ES_080_1,/Users/nilakshanraveendran/Documents/research/data/raw/DRAL16kHz/fragments-short/EN_080_1.wav,/Users/nilakshanraveendran/Documents/research/data/raw/DRAL16kHz/fragments-short/ES_080_1.wav,Is there like a drama in your... in your life or your family or your friends?,"Hay algo de drama en tu en tu familia, en tu vida, con tus amigos.",dev
EN_080_2__ES_080_2,80,80,true,EN_080_2,ES_080_2,/Users/nilakshanraveendran/Documents/research/data/raw/DRAL16kHz/fragments-short/EN_080_2.wav,/Users/nilakshanraveendran/Documents/research/data/raw/DRAL16kHz/fragments-short/ES_080_2.wav,in your life.,¿Tu vida?,train
EN_080_3__ES_080_3,80,80,true,EN_080_3,ES_080_3,/Users/nilakshanraveendran/Documents/research/data/raw/DRAL16kHz/fragments-short/EN_080_3.wav,/Users/nilakshanraveendran/Documents/research/data/raw/DRAL16kHz/fragments-short/ES_080_3.wav,,REMOVE,train
EN_080_4__ES_080_4,80,80,true,EN_080_4,ES_080_4,/Users/nilakshanraveendran/Documents/research/data/raw/DRAL16kHz/fragments-short/EN_080_4.wav,/Users/nilakshanraveendran/Documents/research/data/raw/DRAL16kHz/fragments-short/ES_080_4.wav,"Eh, it's just a talk. Wha- whatever. We fight la- last week.","Nah pues es de plática que le hace, nos peleamos la semana pasada.",train
EN_080_5__ES_080_5,57,57,true,EN_080_5,ES_080_5,/Users/nilakshanraveendran/Documents/research/data/raw/DRAL16kHz/fragments-short/EN_080_5.wav,/Users/nilakshanraveendran/Documents/research/data/raw/DRAL16kHz/fragments-short/ES_080_5.wav,Yeah.,Bueno.,dev
EN_080_6__ES_080_6,80,80,true,EN_080_6,ES_080_6,/Users/nilakshanraveendran/Documents/research/data/raw/DRAL16kHz/fragments-short/EN_080_6.wav,/Users/nilakshanraveendran/Documents/research/data/raw/DRAL16kHz/fragments-short/ES_080_6.wav,mmm it was bad but not that bad,"Mmm, gacho pero no tan gacho",train
EN_080_7__ES_080_7,80,80,true,EN_080_7,ES_080_7,/Users/nilakshanraveendran/Documents/research/data/raw/DRAL16kHz/fragments-short/EN_080_7.wav,/Users/nilakshanraveendran/Documents/research/data/raw/DRAL16kHz/fragments-short/ES_080_7.wav,He was... he was jealous.,Se se puso celoso.,train
EN_080_8__ES_080_8,80,80,true,EN_080_8,ES_080_8,/Users/nilakshanraveendran/Documents/research/data/raw/DRAL16kHz/fragments-short/EN_080_8.wav,/Users/nilakshanraveendran/Documents/research/data/raw/DRAL16kHz/fragments-short/ES_080_8.wav,okay like he got mad at me so he told me no then see you later,"Ok, como que se enojó conmigo y me dijo, no, pues entonces te veo más tarde.",train
EN_080_9__ES_080_9,80,80,true,EN_080_9,ES_080_9,/Users/nilakshanraveendran/Documents/research/data/raw/DRAL16kHz/fragments-short/EN_080_9.wav,/Users/nilakshanraveendran/Documents/research/data/raw/DRAL16kHz/fragments-short/ES_080_9.wav,"And I told him, ah okay, that's fine. See you later then.","Y dije, ah, bueno, ándale, pues nos vemos más tarde.",train
EN_081_10__ES_081_10,81,81,true,EN_081_10,ES_081_10,/Users/nilakshanraveendran/Documents/research/data/raw/DRAL16kHz/fragments-short/EN_081_10.wav,/Users/nilakshanraveendran/Documents/research/data/raw/DRAL16kHz/fragments-short/ES_081_10.wav,"Like I would say like, oh my god, I have a $1 million so like.","Oh okey entonces diría, oh por Dios, tengo un millón de dol- dólares.",train
EN_081_11__ES_081_11,81,81,true,EN_081_11,ES_081_11,/Users/nilakshanraveendran/Documents/research/data/raw/DRAL16kHz/fragments-short/EN_081_11.wav,/Users/nilakshanraveendran/Documents/research/data/raw/DRAL16kHz/fragments-short/ES_081_11.wav,Oh shoot I have to spend it... in ice cream and stuff,"Oh rayos, tengo que tengo que gastarmelo todo en nieve y cosas.",train
EN_081_12__ES_081_12,70,70,true,EN_081_12,ES_081_12,/Users/nilakshanraveendran/Documents/research/data/raw/DRAL16kHz/fragments-short/EN_081_12.wav,/Users/nilakshanraveendran/Documents/research/data/raw/DRAL16kHz/fragments-short/ES_081_12.wav,The problem was really like what would you do if you win the lottery?,El tema era de este que hariamos si ganábamos la lotería.,test
EN_081_13__ES_081_13,81,81,true,EN_081_13,ES_081_13,/Users/nilakshanraveendran/Documents/research/data/raw/DRAL16kHz/fragments-short/EN_081_13.wav,/Users/nilakshanraveendran/Documents/research/data/raw/DRAL16kHz/fragments-short/ES_081_13.wav,"No, I would buy a super huge fridge, like a modern fridge, like a super technical fridge.","Uh no, compraría un super grande refrigerador como moderno, como uno muy técnico refrigerador.",train
EN_081_14__ES_081_14,70,70,true,EN_081_14,ES_081_14,/Users/nilakshanraveendran/Documents/research/data/raw/DRAL16kHz/fragments-short/EN_081_14.wav,/Users/nilakshanraveendran/Documents/research/data/raw/DRAL16kHz/fragments-short/ES_081_14.wav,Do you like ice cream? By any chance?,de pura casualidad te gusta el helado,test
EN_081_15__ES_081_15,81,81,true,EN_081_15,ES_081_15,/Users/nilakshanraveendran/Documents/research/data/raw/DRAL16kHz/fragments-short/EN_081_15.wav,/Users/nilakshanraveendran/Documents/research/data/raw/DRAL16kHz/fragments-short/ES_081_15.wav,No way.,"No, ¿por qué?.",train
EN_081_16__ES_081_16,70,70,true,EN_081_16,ES_081_16,/Users/nilakshanraveendran/Documents/research/data/raw/DRAL16kHz/fragments-short/EN_081_16.wav,/Users/nilakshanraveendran/Documents/research/data/raw/DRAL16kHz/fragments-short/ES_081_16.wav,Just that? You'll buy an industrial fridge with every ice cream in the world?,"solo eso, vas a comprar un, un refrigerador industrial con cada día en el mundo.",test
EN_081_17__ES_081_17,81,81,true,EN_081_17,ES_081_17,/Users/nilakshanraveendran/Documents/research/data/raw/DRAL16kHz/fragments-short/EN_081_17.wav,/Users/nilakshanraveendran/Documents/research/data/raw/DRAL16kHz/fragments-short/ES_081_17.wav,"Yes, yes, yes, yes.","Sí, sí, sí, sí, sí.",train
EN_081_18__ES_081_18,70,70,true,EN_081_18,ES_081_18,/Users/nilakshanraveendran/Documents/research/data/raw/DRAL16kHz/fragments-short/EN_081_18.wav,/Users/nilakshanraveendran/Documents/research/data/raw/DRAL16kHz/fragments-short/ES_081_18.wav,my ice cream.,Para nieve.,test
EN_081_19__ES_081_19,81,81,true,EN_081_19,ES_081_19,/Users/nilakshanraveendran/Documents/research/data/raw/DRAL16kHz/fragments-short/EN_081_19.wav,/Users/nilakshanraveendran/Documents/research/data/raw/DRAL16kHz/fragments-short/ES_081_19.wav,"No you wouldn't, no you wouldn't.","No lo harías, no lo harías.",train
EN_081_1__ES_081_1,70,70,true,EN_081_1,ES_081_1,/Users/nilakshanraveendran/Documents/research/data/raw/DRAL16kHz/fragments-short/EN_081_1.wav,/Users/nilakshanraveendran/Documents/research/data/raw/DRAL16kHz/fragments-short/ES_081_1.wav,"Uh yeah, I know, the microphone got disconnected.",Y y ya se por donde se nos desconectó el micrófono,test
EN_081_20__ES_081_20,70,70,true,EN_081_20,ES_081_20,/Users/nilakshanraveendran/Documents/research/data/raw/DRAL16kHz/fragments-short/EN_081_20.wav,/Users/nilakshanraveendran/Documents/research/data/raw/DRAL16kHz/fragments-short/ES_081_20.wav,but I'll but I'll but I'll,"Pero, pero, pero...",test
EN_081_21__ES_081_21,70,70,true,EN_081_21,ES_081_21,/Users/nilakshanraveendran/Documents/research/data/raw/DRAL16kHz/fragments-short/EN_081_21.wav,/Users/nilakshanraveendran/Documents/research/data/raw/DRAL16kHz/fragments-short/ES_081_21.wav,with that amount of money then I can buy a house you know $20 a video game and then a house,con esa cantidad de dinero puedes comprar una casa das 20 dólares un juego y luego una casa,test
EN_081_22__ES_081_22,81,81,true,EN_081_22,ES_081_22,/Users/nilakshanraveendran/Documents/research/data/raw/DRAL16kHz/fragments-short/EN_081_22.wav,/Users/nilakshanraveendran/Documents/research/data/raw/DRAL16kHz/fragments-short/ES_081_22.wav,Yeah.,Sí.,train
EN_081_23__ES_081_23,81,81,true,EN_081_23,ES_081_23,/Users/nilakshanraveendran/Documents/research/data/raw/DRAL16kHz/fragments-short/EN_081_23.wav,/Users/nilakshanraveendran/Documents/research/data/raw/DRAL16kHz/fragments-short/ES_081_23.wav,Yeah.,Sí.,train
EN_081_24__ES_081_24,81,81,true,EN_081_24,ES_081_24,/Users/nilakshanraveendran/Documents/research/data/raw/DRAL16kHz/fragments-short/EN_081_24.wav,/Users/nilakshanraveendran/Documents/research/data/raw/DRAL16kHz/fragments-short/ES_081_24.wav,Yeah.,¡Eh!,train
EN_081_25__ES_081_25,81,81,true,EN_081_25,ES_081_25,/Users/nilakshanraveendran/Documents/research/data/raw/DRAL16kHz/fragments-short/EN_081_25.wav,/Users/nilakshanraveendran/Documents/research/data/raw/DRAL16kHz/fragments-short/ES_081_25.wav,Yeah.,Sí.,train
EN_081_26__ES_081_26,81,81,true,EN_081_26,ES_081_26,/Users/nilakshanraveendran/Documents/research/data/raw/DRAL16kHz/fragments-short/EN_081_26.wav,/Users/nilakshanraveendran/Documents/research/data/raw/DRAL16kHz/fragments-short/ES_081_26.wav,"Wow, that's so humble of you. I never would've guessed.","¡Guau! Eso es tan noble de ti, nunca me hubiera imaginado.",train
EN_081_27__ES_081_27,70,70,true,EN_081_27,ES_081_27,/Users/nilakshanraveendran/Documents/research/data/raw/DRAL16kHz/fragments-short/EN_081_27.wav,/Users/nilakshanraveendran/Documents/research/data/raw/DRAL16kHz/fragments-short/ES_081_27.wav,You know wha- what I would buy?,¿Sabes qué me compraría?,test
EN_081_28__ES_081_28,70,70,true,EN_081_28,ES_081_28,/Users/nilakshanraveendran/Documents/research/data/raw/DRAL16kHz/fragments-short/EN_081_28.wav,/Users/nilakshanraveendran/Documents/research/data/raw/DRAL16kHz/fragments-short/ES_081_28.wav,A house for me obviously,"Una casa para mí, obviamente.",test
EN_081_29__ES_081_29,81,81,true,EN_081_29,ES_081_29,/Users/nilakshanraveendran/Documents/research/data/raw/DRAL16kHz/fragments-short/EN_081_29.wav,/Users/nilakshanraveendran/Documents/research/data/raw/DRAL16kHz/fragments-short/ES_081_29.wav,saying your motto and stuff like that. Ding!,Diciendo tu propia frase y todas esas cosas.,train
EN_081_2__ES_081_2,81,81,true,EN_081_2,ES_081_2,/Users/nilakshanraveendran/Documents/research/data/raw/DRAL16kHz/fragments-short/EN_081_2.wav,/Users/nilakshanraveendran/Documents/research/data/raw/DRAL16kHz/fragments-short/ES_081_2.wav,Like I was saying...,"Eh eh em, pues como decía",train
EN_081_30__ES_081_30,70,70,true,EN_081_30,ES_081_30,/Users/nilakshanraveendran/Documents/research/data/raw/DRAL16kHz/fragments-short/EN_081_30.wav,/Users/nilakshanraveendran/Documents/research/data/raw/DRAL16kHz/fragments-short/ES_081_30.wav,Mm-hmm.,Ajá.,test
EN_081_31__ES_081_31,70,70,true,EN_081_31,ES_081_31,/Users/nilakshanraveendran/Documents/research/data/raw/DRAL16kHz/fragments-short/EN_081_31.wav,/Users/nilakshanraveendran/Documents/research/data/raw/DRAL16kHz/fragments-short/ES_081_31.wav,Yeah.,Sí.,test
EN_081_32__ES_081_32,70,70,true,EN_081_32,ES_081_32,/Users/nilakshanraveendran/Documents/research/data/raw/DRAL16kHz/fragments-short/EN_081_32.wav,/Users/nilakshanraveendran/Documents/research/data/raw/DRAL16kHz/fragments-short/ES_081_32.wav,Business? It's not a business. What?,¿Negocio? No es un negocio. ¿Qué?,test
EN_081_33__ES_081_33,81,81,true,EN_081_33,ES_081_33,/Users/nilakshanraveendran/Documents/research/data/raw/DRAL16kHz/fragments-short/EN_081_33.wav,/Users/nilakshanraveendran/Documents/research/data/raw/DRAL16kHz/fragments-short/ES_081_33.wav,Like what if the little thing creates a much bigger thing?,¿Qué tal si la pequeña cosa se vuelve una más grande cosa?,train
EN_081_34__ES_081_34,70,70,true,EN_081_34,ES_081_34,/Users/nilakshanraveendran/Documents/research/data/raw/DRAL16kHz/fragments-short/EN_081_34.wav,/Users/nilakshanraveendran/Documents/research/data/raw/DRAL16kHz/fragments-short/ES_081_34.wav,"I wouldn't be arrogant enough to put my name on it, but...",Mmm no sería lo suficientemente arrogante para poner mi nombre.,test
EN_081_35__ES_081_35,81,81,true,EN_081_35,ES_081_35,/Users/nilakshanraveendran/Documents/research/data/raw/DRAL16kHz/fragments-short/EN_081_35.wav,/Users/nilakshanraveendran/Documents/research/data/raw/DRAL16kHz/fragments-short/ES_081_35.wav,basic,básica.,train
EN_081_36__ES_081_36,81,81,true,EN_081_36,ES_081_36,/Users/nilakshanraveendran/Documents/research/data/raw/DRAL16kHz/fragments-short/EN_081_36.wav,/Users/nilakshanraveendran/Documents/research/data/raw/DRAL16kHz/fragments-short/ES_081_36.wav,basic,básico,train
EN_081_37__ES_081_37,70,70,true,EN_081_37,ES_081_37,/Users/nilakshanraveendran/Documents/research/data/raw/DRAL16kHz/fragments-short/EN_081_37.wav,/Users/nilakshanraveendran/Documents/research/data/raw/DRAL16kHz/fragments-short/ES_081_37.wav,"you would like you're fine with that, just not masters, no not PhD.","Si estás bien como... ¿Estás bien con eso? No, no maestría, no doctorado",test
EN_081_38__ES_081_38,81,81,true,EN_081_38,ES_081_38,/Users/nilakshanraveendran/Documents/research/data/raw/DRAL16kHz/fragments-short/EN_081_38.wav,/Users/nilakshanraveendran/Documents/research/data/raw/DRAL16kHz/fragments-short/ES_081_38.wav,like take a um a year off and then go to grad school,como am como tomar un año ausente y después ir a la escuela de posgrado.,train
EN_081_39__ES_081_39,70,70,true,EN_081_39,ES_081_39,/Users/nilakshanraveendran/Documents/research/data/raw/DRAL16kHz/fragments-short/EN_081_39.wav,/Users/nilakshanraveendran/Documents/research/data/raw/DRAL16kHz/fragments-short/ES_081_39.wav,"I would like to, obviously, but...",si me gustaría obviamente pero,test
EN_081_3__ES_081_3,70,70,true,EN_081_3,ES_081_3,/Users/nilakshanraveendran/Documents/research/data/raw/DRAL16kHz/fragments-short/EN_081_3.wav,/Users/nilakshanraveendran/Documents/research/data/raw/DRAL16kHz/fragments-short/ES_081_3.wav,Continue,Continúa.,test
EN_081_4__ES_081_4,70,70,true,EN_081_4,ES_081_4,/Users/nilakshanraveendran/Documents/research/data/raw/DRAL16kHz/fragments-short/EN_081_4.wav,/Users/nilakshanraveendran/Documents/research/data/raw/DRAL16kHz/fragments-short/ES_081_4.wav,"that immediately it will be like, I don't know, not well earned.","Así de inmediato, no lo sé, no sería bien ganado.",test
EN_081_5__ES_081_5,81,81,true,EN_081_5,ES_081_5,/Users/nilakshanraveendran/Documents/research/data/raw/DRAL16kHz/fragments-short/EN_081_5.wav,/Users/nilakshanraveendran/Documents/research/data/raw/DRAL16kHz/fragments-short/ES_081_5.wav,The only thing that's in my mind right now is to do my assignments good and my test.,La única cosa que estaría en mi mente ahorita sería hacer mis trabajos bien y mis exámenes.,train
EN_081_6__ES_081_6,81,81,true,EN_081_6,ES_081_6,/Users/nilakshanraveendran/Documents/research/data/raw/DRAL16kHz/fragments-short/EN_081_6.wav,/Users/nilakshanraveendran/Documents/research/data/raw/DRAL16kHz/fragments-short/ES_081_6.wav,I would go for option B.,Yo iría por la opción B.,train
EN_081_7__ES_081_7,70,70,true,EN_081_7,ES_081_7,/Users/nilakshanraveendran/Documents/research/data/raw/DRAL16kHz/fragments-short/EN_081_7.wav,/Users/nilakshanraveendran/Documents/research/data/raw/DRAL16kHz/fragments-short/ES_081_7.wav,Why?,¿Por qué?,test
EN_081_8__ES_081_8,70,70,true,EN_081_8,ES_081_8,/Users/nilakshanraveendran/Documents/research/data/raw/DRAL16kHz/fragments-short/EN_081_8.wav,/Users/nilakshanraveendran/Documents/research/data/raw/DRAL16kHz/fragments-short/ES_081_8.wav,"No that's a that's a smart answer, 'cause at the end you will end up like with 3 million something dollars.","Esa es esa es la respuesta inteligente, porque al final terminarías como con 3 millones de dólares y algo.",test
EN_081_9__ES_081_9,81,81,true,EN_081_9,ES_081_9,/Users/nilakshanraveendran/Documents/research/data/raw/DRAL16kHz/fragments-short/EN_081_9.wav,/Users/nilakshanraveendran/Documents/research/data/raw/DRAL16kHz/fragments-short/ES_081_9.wav,I know like like the urged like oh shoot I have how many did you say,"Oh okey, yo yo sé el urge de que de que diga, oh rayos tengo de, ¿cuánto dijiste?",train
EN_082_10__ES_082_10,57,57,true,EN_082_10,ES_082_10,/Users/nilakshanraveendran/Documents/research/data/raw/DRAL16kHz/fragments-short/EN_082_10.wav,/Users/nilakshanraveendran/Documents/research/data/raw/DRAL16kHz/fragments-short/ES_082_10.wav,Not a good date. Yeah.,fuistes como en una buena cita y...,dev
EN_082_11__ES_082_11,82,82,true,EN_082_11,ES_082_11,/Users/nilakshanraveendran/Documents/research/data/raw/DRAL16kHz/fragments-short/EN_082_11.wav,/Users/nilakshanraveendran/Documents/research/data/raw/DRAL16kHz/fragments-short/ES_082_11.wav,"Yeah, it was.","Sí, ajá.",train
EN_082_12__ES_082_12,57,57,true,EN_082_12,ES_082_12,/Users/nilakshanraveendran/Documents/research/data/raw/DRAL16kHz/fragments-short/EN_082_12.wav,/Users/nilakshanraveendran/Documents/research/data/raw/DRAL16kHz/fragments-short/ES_082_12.wav,Was it a bad ending?,Terminó mal.,dev
EN_082_13__ES_082_13,82,82,true,EN_082_13,ES_082_13,/Users/nilakshanraveendran/Documents/research/data/raw/DRAL16kHz/fragments-short/EN_082_13.wav,/Users/nilakshanraveendran/Documents/research/data/raw/DRAL16kHz/fragments-short/ES_082_13.wav,Uh yes and no about what he told... about what he told me,"Eh, sí y no, por lo que me dijo.",train
EN_082_14__ES_082_14,57,57,true,EN_082_14,ES_082_14,/Users/nilakshanraveendran/Documents/research/data/raw/DRAL16kHz/fragments-short/EN_082_14.wav,/Users/nilakshanraveendran/Documents/research/data/raw/DRAL16kHz/fragments-short/ES_082_14.wav,thing where like someone like cheated and it's like oh no,situación donde alguien fue como infiel y,dev
EN_082_15__ES_082_15,82,82,true,EN_082_15,ES_082_15,/Users/nilakshanraveendran/Documents/research/data/raw/DRAL16kHz/fragments-short/EN_082_15.wav,/Users/nilakshanraveendran/Documents/research/data/raw/DRAL16kHz/fragments-short/ES_082_15.wav,"No, no, no.","No, no, no.",train
EN_082_16__ES_082_16,82,82,true,EN_082_16,ES_082_16,/Users/nilakshanraveendran/Documents/research/data/raw/DRAL16kHz/fragments-short/EN_082_16.wav,/Users/nilakshanraveendran/Documents/research/data/raw/DRAL16kHz/fragments-short/ES_082_16.wav,and he's already kind of uh dating uh with other girls or just talking to them.,"Y ya está saliendo con otras mujeres o, bueno, solo hablando con ellas.",train
EN_082_17__ES_082_17,82,82,true,EN_082_17,ES_082_17,/Users/nilakshanraveendran/Documents/research/data/raw/DRAL16kHz/fragments-short/EN_082_17.wav,/Users/nilakshanraveendran/Documents/research/data/raw/DRAL16kHz/fragments-short/ES_082_17.wav,"So he and I are are are really good friends, you know?","Entonces él y yo somos muy buenos amigos, ¿sabes?",train
EN_082_18__ES_082_18,82,82,true,EN_082_18,ES_082_18,/Users/nilakshanraveendran/Documents/research/data/raw/DRAL16kHz/fragments-short/EN_082_18.wav,/Users/nilakshanraveendran/Documents/research/data/raw/DRAL16kHz/fragments-short/ES_082_18.wav,"Just like for an advice, you know, no- not really like telling him. Yeah, not complaining. Yeah.","Nomás como por un consejo, ¿sabes? O sea, no, no realmente, ajá, no para quejarme.",train
EN_082_19__ES_082_19,57,57,true,EN_082_19,ES_082_19,/Users/nilakshanraveendran/Documents/research/data/raw/DRAL16kHz/fragments-short/EN_082_19.wav,/Users/nilakshanraveendran/Documents/research/data/raw/DRAL16kHz/fragments-short/ES_082_19.wav,"Yeah, not complaining is just like to get insight.","No, que no no para quejarse y así.",dev
EN_082_1__ES_082_1,82,82,true,EN_082_1,ES_082_1,/Users/nilakshanraveendran/Documents/research/data/raw/DRAL16kHz/fragments-short/EN_082_1.wav,/Users/nilakshanraveendran/Documents/research/data/raw/DRAL16kHz/fragments-short/ES_082_1.wav,by downtown that is called Plaza. I don't know if...,por el centro que se llama plaza no se,train
EN_082_20__ES_082_20,82,82,true,EN_082_20,ES_082_20,/Users/nilakshanraveendran/Documents/research/data/raw/DRAL16kHz/fragments-short/EN_082_20.wav,/Users/nilakshanraveendran/Documents/research/data/raw/DRAL16kHz/fragments-short/ES_082_20.wav,So that's why I sometimes go to for advice with him and everything.,Entonces es por eso que a veces voy por consejos con él y todo.,train
EN_082_21__ES_082_21,57,57,true,EN_082_21,ES_082_21,/Users/nilakshanraveendran/Documents/research/data/raw/DRAL16kHz/fragments-short/EN_082_21.wav,/Users/nilakshanraveendran/Documents/research/data/raw/DRAL16kHz/fragments-short/ES_082_21.wav,Mm-hmm.,Mm-hmm.,dev
EN_082_22__ES_082_22,82,82,true,EN_082_22,ES_082_22,/Users/nilakshanraveendran/Documents/research/data/raw/DRAL16kHz/fragments-short/EN_082_22.wav,/Users/nilakshanraveendran/Documents/research/data/raw/DRAL16kHz/fragments-short/ES_082_22.wav,an- and that girl got jealous of me.,Y esa chava se puso celosa de mí.,train
EN_082_23__ES_082_23,82,82,true,EN_082_23,ES_082_23,/Users/nilakshanraveendran/Documents/research/data/raw/DRAL16kHz/fragments-short/EN_082_23.wav,/Users/nilakshanraveendran/Documents/research/data/raw/DRAL16kHz/fragments-short/ES_082_23.wav,"Mmm I don't know if I love you, but uh I don't wanna lose you, but I don't want to be in a relationship with you, you know?","No sé si te amo, pero no te quiero perder, pero no quiero estar en una relación contigo, ¿sabes?",train
EN_082_24__ES_082_24,82,82,true,EN_082_24,ES_082_24,/Users/nilakshanraveendran/Documents/research/data/raw/DRAL16kHz/fragments-short/EN_082_24.wav,/Users/nilakshanraveendran/Documents/research/data/raw/DRAL16kHz/fragments-short/ES_082_24.wav,"And he already has his life, actually. Like, he has his house.","De hecho, ya tiene su vida hecha, ¿sabes? O sea, tiene su casa.",train
EN_082_25__ES_082_25,82,82,true,EN_082_25,ES_082_25,/Users/nilakshanraveendran/Documents/research/data/raw/DRAL16kHz/fragments-short/EN_082_25.wav,/Users/nilakshanraveendran/Documents/research/data/raw/DRAL16kHz/fragments-short/ES_082_25.wav,but I have my boyfriend so nothing to worry about.,"Tengo mi novio, o sea, nada que ver",train
EN_082_26__ES_082_26,82,82,true,EN_082_26,ES_082_26,/Users/nilakshanraveendran/Documents/research/data/raw/DRAL16kHz/fragments-short/EN_082_26.wav,/Users/nilakshanraveendran/Documents/research/data/raw/DRAL16kHz/fragments-short/ES_082_26.wav,"If I were you, like I would be re- really careful with her, you know like?","Si yo fuera tú, tendría como que, cuidado.",train
EN_082_2__ES_082_2,57,57,true,EN_082_2,ES_082_2,/Users/nilakshanraveendran/Documents/research/data/raw/DRAL16kHz/fragments-short/EN_082_2.wav,/Users/nilakshanraveendran/Documents/research/data/raw/DRAL16kHz/fragments-short/ES_082_2.wav,Yeah.,Sí.,dev
EN_082_3__ES_082_3,82,82,true,EN_082_3,ES_082_3,/Users/nilakshanraveendran/Documents/research/data/raw/DRAL16kHz/fragments-short/EN_082_3.wav,/Users/nilakshanraveendran/Documents/research/data/raw/DRAL16kHz/fragments-short/ES_082_3.wav,Oh actually I know some people that can let us um take some pictures at plaza and it's pre- eh really beautiful,"Oh de hecho, conozco personas en plaza que nos podrían dejar tomar fotos ahí y es un lugar muy bonito.",train
EN_082_4__ES_082_4,57,57,true,EN_082_4,ES_082_4,/Users/nilakshanraveendran/Documents/research/data/raw/DRAL16kHz/fragments-short/EN_082_4.wav,/Users/nilakshanraveendran/Documents/research/data/raw/DRAL16kHz/fragments-short/ES_082_4.wav,have you seen in shows like they just have like the whole like top to themselves that it's just like,Este no sé si has visto en los programas que tienen todo el techo así para ellos mismos.,dev
EN_082_5__ES_082_5,82,82,true,EN_082_5,ES_082_5,/Users/nilakshanraveendran/Documents/research/data/raw/DRAL16kHz/fragments-short/EN_082_5.wav,/Users/nilakshanraveendran/Documents/research/data/raw/DRAL16kHz/fragments-short/ES_082_5.wav,"Yeah, it was like...","Sí, era como que...",train
EN_082_6__ES_082_6,82,82,true,EN_082_6,ES_082_6,/Users/nilakshanraveendran/Documents/research/data/raw/DRAL16kHz/fragments-short/EN_082_6.wav,/Users/nilakshanraveendran/Documents/research/data/raw/DRAL16kHz/fragments-short/ES_082_6.wav,"his friend was like, let me turn some music for you.","Su amigo le dijo como de que, déjame poner poquita música para ti.",train
EN_082_7__ES_082_7,82,82,true,EN_082_7,ES_082_7,/Users/nilakshanraveendran/Documents/research/data/raw/DRAL16kHz/fragments-short/EN_082_7.wav,/Users/nilakshanraveendran/Documents/research/data/raw/DRAL16kHz/fragments-short/ES_082_7.wav,I just talk had a long conversation with my dad like that that night. Yeah.,Tuve una conversación larga con mi papá toda la noche ajá.,train
EN_082_8__ES_082_8,57,57,true,EN_082_8,ES_082_8,/Users/nilakshanraveendran/Documents/research/data/raw/DRAL16kHz/fragments-short/EN_082_8.wav,/Users/nilakshanraveendran/Documents/research/data/raw/DRAL16kHz/fragments-short/ES_082_8.wav,Aw.,Chao.,dev
EN_082_9__ES_082_9,82,82,true,EN_082_9,ES_082_9,/Users/nilakshanraveendran/Documents/research/data/raw/DRAL16kHz/fragments-short/EN_082_9.wav,/Users/nilakshanraveendran/Documents/research/data/raw/DRAL16kHz/fragments-short/ES_082_9.wav,"Actually, we're already finished. We're just painting it.","De hecho, ya lo terminamos, ya nomás lo estamos pintando.",train
EN_083_10__ES_083_10,70,70,true,EN_083_10,ES_083_10,/Users/nilakshanraveendran/Documents/research/data/raw/DRAL16kHz/fragments-short/EN_083_10.wav,/Users/nilakshanraveendran/Documents/research/data/raw/DRAL16kHz/fragments-short/ES_083_10.wav,Really?,[risa] ¿En serio?,test
EN_083_11__ES_083_11,70,70,true,EN_083_11,ES_083_11,/Users/nilakshanraveendran/Documents/research/data/raw/DRAL16kHz/fragments-short/EN_083_11.wav,/Users/nilakshanraveendran/Documents/research/data/raw/DRAL16kHz/fragments-short/ES_083_11.wav,"I don't know, it's 'cause I- I remember I downloaded it like in high school.","Es que no sé, m- me acuerdo que lo descargué así en la prepa.",test
EN_083_12__ES_083_12,83,83,true,EN_083_12,ES_083_12,/Users/nilakshanraveendran/Documents/research/data/raw/DRAL16kHz/fragments-short/EN_083_12.wav,/Users/nilakshanraveendran/Documents/research/data/raw/DRAL16kHz/fragments-short/ES_083_12.wav,Like in one day you you you like find the perfect chance t- to play it and you're like...,"Este un día, tú tú tú tú encuentras un día para jugarlo y pues",test
EN_083_13__ES_083_13,83,83,true,EN_083_13,ES_083_13,/Users/nilakshanraveendran/Documents/research/data/raw/DRAL16kHz/fragments-short/EN_083_13.wav,/Users/nilakshanraveendran/Documents/research/data/raw/DRAL16kHz/fragments-short/ES_083_13.wav,"Yeah, when when I get bored and there's no, it's 'cause there's no internet here sometimes.","Entonces sí, es que a veces me aburro y como no hay internet a veces aquí.",test
EN_083_14__ES_083_14,70,70,true,EN_083_14,ES_083_14,/Users/nilakshanraveendran/Documents/research/data/raw/DRAL16kHz/fragments-short/EN_083_14.wav,/Users/nilakshanraveendran/Documents/research/data/raw/DRAL16kHz/fragments-short/ES_083_14.wav,ah when your bored yeah,"Ah, cuando estás aburrida",test
EN_083_15__ES_083_15,70,70,true,EN_083_15,ES_083_15,/Users/nilakshanraveendran/Documents/research/data/raw/DRAL16kHz/fragments-short/EN_083_15.wav,/Users/nilakshanraveendran/Documents/research/data/raw/DRAL16kHz/fragments-short/ES_083_15.wav,for like to make you do quick maths like... like in your mind.,"Oh es para que tú hagas así como, matemáticas rapidas en tu mente.",test
EN_083_16__ES_083_16,70,70,true,EN_083_16,ES_083_16,/Users/nilakshanraveendran/Documents/research/data/raw/DRAL16kHz/fragments-short/EN_083_16.wav,/Users/nilakshanraveendran/Documents/research/data/raw/DRAL16kHz/fragments-short/ES_083_16.wav,"It was like some sort of strategy, but it was just like practicing and practicing.","Era como algún tipo de estrategia, era como practicar y practicar.",test
EN_083_17__ES_083_17,83,83,true,EN_083_17,ES_083_17,/Users/nilakshanraveendran/Documents/research/data/raw/DRAL16kHz/fragments-short/EN_083_17.wav,/Users/nilakshanraveendran/Documents/research/data/raw/DRAL16kHz/fragments-short/ES_083_17.wav,mmm,Mmm.,test
EN_083_18__ES_083_18,83,83,true,EN_083_18,ES_083_18,/Users/nilakshanraveendran/Documents/research/data/raw/DRAL16kHz/fragments-short/EN_083_18.wav,/Users/nilakshanraveendran/Documents/research/data/raw/DRAL16kHz/fragments-short/ES_083_18.wav,Oh.,[risa],test
EN_083_19__ES_083_19,70,70,true,EN_083_19,ES_083_19,/Users/nilakshanraveendran/Documents/research/data/raw/DRAL16kHz/fragments-short/EN_083_19.wav,/Users/nilakshanraveendran/Documents/research/data/raw/DRAL16kHz/fragments-short/ES_083_19.wav,eh I u- and now I... I- I barely can... can multiply.,"Y ahora apenas este [risa], puedo multiplicar.",test
EN_083_1__ES_083_1,83,83,true,EN_083_1,ES_083_1,/Users/nilakshanraveendran/Documents/research/data/raw/DRAL16kHz/fragments-short/EN_083_1.wav,/Users/nilakshanraveendran/Documents/research/data/raw/DRAL16kHz/fragments-short/ES_083_1.wav,We're just going to go through our phones and see... see what's up.,"Este, nomás vamos a buscar en nuestros teléfonos a ver qué y a ver.",test
EN_083_20__ES_083_20,83,83,true,EN_083_20,ES_083_20,/Users/nilakshanraveendran/Documents/research/data/raw/DRAL16kHz/fragments-short/EN_083_20.wav,/Users/nilakshanraveendran/Documents/research/data/raw/DRAL16kHz/fragments-short/ES_083_20.wav,"I mean, it seems like a cool skill to have.","Digo, pues es una habilidad, ¿quién sabe?",test
EN_083_21__ES_083_21,70,70,true,EN_083_21,ES_083_21,/Users/nilakshanraveendran/Documents/research/data/raw/DRAL16kHz/fragments-short/EN_083_21.wav,/Users/nilakshanraveendran/Documents/research/data/raw/DRAL16kHz/fragments-short/ES_083_21.wav,It was...,Yo era.,test
EN_083_22__ES_083_22,70,70,true,EN_083_22,ES_083_22,/Users/nilakshanraveendran/Documents/research/data/raw/DRAL16kHz/fragments-short/EN_083_22.wav,/Users/nilakshanraveendran/Documents/research/data/raw/DRAL16kHz/fragments-short/ES_083_22.wav,I mean-,Pues eh.,test
EN_083_23__ES_083_23,70,70,true,EN_083_23,ES_083_23,/Users/nilakshanraveendran/Documents/research/data/raw/DRAL16kHz/fragments-short/EN_083_23.wav,/Users/nilakshanraveendran/Documents/research/data/raw/DRAL16kHz/fragments-short/ES_083_23.wav,so we can't communicate there so that's why I downloaded the app,Así podemos comunicarnos y por eso descargue la app.,test
EN_083_2__ES_083_2,70,70,true,EN_083_2,ES_083_2,/Users/nilakshanraveendran/Documents/research/data/raw/DRAL16kHz/fragments-short/EN_083_2.wav,/Users/nilakshanraveendran/Documents/research/data/raw/DRAL16kHz/fragments-short/ES_083_2.wav,I'm I'm currently playing but like... like I've I stopped like for two years.,"Eh sigo jugando pero este, lo lo dejé de jugar como dos años",test
EN_083_3__ES_083_3,83,83,true,EN_083_3,ES_083_3,/Users/nilakshanraveendran/Documents/research/data/raw/DRAL16kHz/fragments-short/EN_083_3.wav,/Users/nilakshanraveendran/Documents/research/data/raw/DRAL16kHz/fragments-short/ES_083_3.wav,"like a few months and then I forget about it and then I uninstall it and then it- re- I remember and then I install it and then I'm like, oh, let's play.",Este juego por unos meses y luego lo olvido y luego lo borro y luego lo instalo. Y luego otra vez me acuerdo y luego lo instalo y luego ya después de un rato lo juego.,test
EN_083_4__ES_083_4,70,70,true,EN_083_4,ES_083_4,/Users/nilakshanraveendran/Documents/research/data/raw/DRAL16kHz/fragments-short/EN_083_4.wav,/Users/nilakshanraveendran/Documents/research/data/raw/DRAL16kHz/fragments-short/ES_083_4.wav,yes,"Ajá, sí.",test
EN_083_5__ES_083_5,70,70,true,EN_083_5,ES_083_5,/Users/nilakshanraveendran/Documents/research/data/raw/DRAL16kHz/fragments-short/EN_083_5.wav,/Users/nilakshanraveendran/Documents/research/data/raw/DRAL16kHz/fragments-short/ES_083_5.wav,I have this app which is communism bottom,"Tengo esta app, que es el botón comunista.",test
EN_083_6__ES_083_6,83,83,true,EN_083_6,ES_083_6,/Users/nilakshanraveendran/Documents/research/data/raw/DRAL16kHz/fragments-short/EN_083_6.wav,/Users/nilakshanraveendran/Documents/research/data/raw/DRAL16kHz/fragments-short/ES_083_6.wav,What's up?,¿Qué es eso?,test
EN_083_7__ES_083_7,70,70,true,EN_083_7,ES_083_7,/Users/nilakshanraveendran/Documents/research/data/raw/DRAL16kHz/fragments-short/EN_083_7.wav,/Users/nilakshanraveendran/Documents/research/data/raw/DRAL16kHz/fragments-short/ES_083_7.wav,The USSR.,El [risa] el himno de la USSR.,test
EN_083_8__ES_083_8,83,83,true,EN_083_8,ES_083_8,/Users/nilakshanraveendran/Documents/research/data/raw/DRAL16kHz/fragments-short/EN_083_8.wav,/Users/nilakshanraveendran/Documents/research/data/raw/DRAL16kHz/fragments-short/ES_083_8.wav,"Wait, I- I it's my friends my friend would love that actually.","Ay, espérate, no mi amiga le encantaría.",test
EN_083_9__ES_083_9,83,83,true,EN_083_9,ES_083_9,/Users/nilakshanraveendran/Documents/research/data/raw/DRAL16kHz/fragments-short/EN_083_9.wav,/Users/nilakshanraveendran/Documents/research/data/raw/DRAL16kHz/fragments-short/ES_083_9.wav,"She she always plays it and w- I'm like, why?",Siempre lo ponen y luego le digo por qué.,test
EN_084_10__ES_084_10,43,43,true,EN_084_10,ES_084_10,/Users/nilakshanraveendran/Documents/research/data/raw/DRAL16kHz/fragments-short/EN_084_10.wav,/Users/nilakshanraveendran/Documents/research/data/raw/DRAL16kHz/fragments-short/ES_084_10.wav,"I mean, you get a fine nurse a a lot, but I still love you a lot.",REMOVE,train
EN_084_11__ES_084_11,43,43,true,EN_084_11,ES_084_11,/Users/nilakshanraveendran/Documents/research/data/raw/DRAL16kHz/fragments-short/EN_084_11.wav,/Users/nilakshanraveendran/Documents/research/data/raw/DRAL16kHz/fragments-short/ES_084_11.wav,She doesn't talk to me.,Es que ya no me habla.,train
EN_084_12__ES_084_12,84,84,true,EN_084_12,ES_084_12,/Users/nilakshanraveendran/Documents/research/data/raw/DRAL16kHz/fragments-short/EN_084_12.wav,/Users/nilakshanraveendran/Documents/research/data/raw/DRAL16kHz/fragments-short/ES_084_12.wav,She doesn't talk to you anymore?,[risa] ¿ya no te habla?,train
EN_084_13__ES_084_13,43,43,true,EN_084_13,ES_084_13,/Users/nilakshanraveendran/Documents/research/data/raw/DRAL16kHz/fragments-short/EN_084_13.wav,/Users/nilakshanraveendran/Documents/research/data/raw/DRAL16kHz/fragments-short/ES_084_13.wav,No.,No.,train
EN_084_14__ES_084_14,84,84,true,EN_084_14,ES_084_14,/Users/nilakshanraveendran/Documents/research/data/raw/DRAL16kHz/fragments-short/EN_084_14.wav,/Users/nilakshanraveendran/Documents/research/data/raw/DRAL16kHz/fragments-short/ES_084_14.wav,"Oh yeah, yeah, I- I actually saw that he came to El Pasp.","Ah, ok, sí, eso sí sí vi que vino a El Paso.",train
EN_084_15__ES_084_15,43,43,true,EN_084_15,ES_084_15,/Users/nilakshanraveendran/Documents/research/data/raw/DRAL16kHz/fragments-short/EN_084_15.wav,/Users/nilakshanraveendran/Documents/research/data/raw/DRAL16kHz/fragments-short/ES_084_15.wav,"And then, pues yeah, that day she was mad and I was like, oh yeah, no.","Y luego, pues ya, ese día pues estaba enojada, y pues le hago ay no",train
EN_084_16__ES_084_16,43,43,true,EN_084_16,ES_084_16,/Users/nilakshanraveendran/Documents/research/data/raw/DRAL16kHz/fragments-short/EN_084_16.wav,/Users/nilakshanraveendran/Documents/research/data/raw/DRAL16kHz/fragments-short/ES_084_16.wav,"It was her, I didn't even do anything to her. That I know of","Ella sola, yo ni siquiera le hice nada. Bueno, que yo sepa, ¿verdad?",train
EN_084_17__ES_084_17,84,84,true,EN_084_17,ES_084_17,/Users/nilakshanraveendran/Documents/research/data/raw/DRAL16kHz/fragments-short/EN_084_17.wav,/Users/nilakshanraveendran/Documents/research/data/raw/DRAL16kHz/fragments-short/ES_084_17.wav,,[risa],train
EN_084_18__ES_084_18,84,84,true,EN_084_18,ES_084_18,/Users/nilakshanraveendran/Documents/research/data/raw/DRAL16kHz/fragments-short/EN_084_18.wav,/Users/nilakshanraveendran/Documents/research/data/raw/DRAL16kHz/fragments-short/ES_084_18.wav,"It's 'cause some- sometimes us girls are like, don't look at me, don't touch me like","Pues es que a veces agarramos las chavas como de que, híjole, no, no me mires, no me toques.",train
EN_084_19__ES_084_19,43,43,true,EN_084_19,ES_084_19,/Users/nilakshanraveendran/Documents/research/data/raw/DRAL16kHz/fragments-short/EN_084_19.wav,/Users/nilakshanraveendran/Documents/research/data/raw/DRAL16kHz/fragments-short/ES_084_19.wav,"Hopefully yeah, 'cause I don't want to pay the ticket.",A ver si porque no le quiero pagar el ticket,train
EN_084_1__ES_084_1,84,84,true,EN_084_1,ES_084_1,/Users/nilakshanraveendran/Documents/research/data/raw/DRAL16kHz/fragments-short/EN_084_1.wav,/Users/nilakshanraveendran/Documents/research/data/raw/DRAL16kHz/fragments-short/ES_084_1.wav,"We need some paper, but we're gonna leave everything like d-, messed up.","Nos faltó papelito, pero ay vamos a dejar todo manchado todavía.",train
EN_084_20__ES_084_20,84,84,true,EN_084_20,ES_084_20,/Users/nilakshanraveendran/Documents/research/data/raw/DRAL16kHz/fragments-short/EN_084_20.wav,/Users/nilakshanraveendran/Documents/research/data/raw/DRAL16kHz/fragments-short/ES_084_20.wav,"No, no, for real, she charged you?","No no, ¿en serio? ¿te lo cobró?",train
EN_084_21__ES_084_21,43,43,true,EN_084_21,ES_084_21,/Users/nilakshanraveendran/Documents/research/data/raw/DRAL16kHz/fragments-short/EN_084_21.wav,/Users/nilakshanraveendran/Documents/research/data/raw/DRAL16kHz/fragments-short/ES_084_21.wav,"Yes, look.",Si mirá.,train
EN_084_22__ES_084_22,84,84,true,EN_084_22,ES_084_22,/Users/nilakshanraveendran/Documents/research/data/raw/DRAL16kHz/fragments-short/EN_084_22.wav,/Users/nilakshanraveendran/Documents/research/data/raw/DRAL16kHz/fragments-short/ES_084_22.wav,"What the- nah, she did it because she wanted to screw you over.","¿Qué pantal-? No, no, no, eso lo hizo como de que para para fregarte.",train
EN_084_23__ES_084_23,84,84,true,EN_084_23,ES_084_23,/Users/nilakshanraveendran/Documents/research/data/raw/DRAL16kHz/fragments-short/EN_084_23.wav,/Users/nilakshanraveendran/Documents/research/data/raw/DRAL16kHz/fragments-short/ES_084_23.wav,"If I was you, I wouldn't paid her. Just to make her more mad.","Ay, yo que tú no se lo pagaba. Nomás para hacerla enojar peor.",train
EN_084_24__ES_084_24,84,84,true,EN_084_24,ES_084_24,/Users/nilakshanraveendran/Documents/research/data/raw/DRAL16kHz/fragments-short/EN_084_24.wav,/Users/nilakshanraveendran/Documents/research/data/raw/DRAL16kHz/fragments-short/ES_084_24.wav,We're already gonna break up. So just tell me how much was for my ticket so I can pay you.,"Ya vamos a terminar, nomás dime cuánto fue el boleto para pagártelo.",train
EN_084_25__ES_084_25,43,43,true,EN_084_25,ES_084_25,/Users/nilakshanraveendran/Documents/research/data/raw/DRAL16kHz/fragments-short/EN_084_25.wav,/Users/nilakshanraveendran/Documents/research/data/raw/DRAL16kHz/fragments-short/ES_084_25.wav,Now that you offered.,"Ya que te ofreces, pues damelo de una vez",train
EN_084_26__ES_084_26,84,84,true,EN_084_26,ES_084_26,/Users/nilakshanraveendran/Documents/research/data/raw/DRAL16kHz/fragments-short/EN_084_26.wav,/Users/nilakshanraveendran/Documents/research/data/raw/DRAL16kHz/fragments-short/ES_084_26.wav,Pues give it to me!,Y yo pues échalo,train
EN_084_27__ES_084_27,43,43,true,EN_084_27,ES_084_27,/Users/nilakshanraveendran/Documents/research/data/raw/DRAL16kHz/fragments-short/EN_084_27.wav,/Users/nilakshanraveendran/Documents/research/data/raw/DRAL16kHz/fragments-short/ES_084_27.wav,"No, no, I'm very calm. Yeah.","No, no soy muy calmado, sí",train
EN_084_28__ES_084_28,84,84,true,EN_084_28,ES_084_28,/Users/nilakshanraveendran/Documents/research/data/raw/DRAL16kHz/fragments-short/EN_084_28.wav,/Users/nilakshanraveendran/Documents/research/data/raw/DRAL16kHz/fragments-short/ES_084_28.wav,You're really calm?,¿Eres muy calmado?,train
EN_084_2__ES_084_2,84,84,true,EN_084_2,ES_084_2,/Users/nilakshanraveendran/Documents/research/data/raw/DRAL16kHz/fragments-short/EN_084_2.wav,/Users/nilakshanraveendran/Documents/research/data/raw/DRAL16kHz/fragments-short/ES_084_2.wav,"So she was really skinny and I... I was super fat, you know like?","Entonces, pues este, era un palito y yo pues estaba súper gordita [risa] entonces.",train
EN_084_3__ES_084_3,84,84,true,EN_084_3,ES_084_3,/Users/nilakshanraveendran/Documents/research/data/raw/DRAL16kHz/fragments-short/EN_084_3.wav,/Users/nilakshanraveendran/Documents/research/data/raw/DRAL16kHz/fragments-short/ES_084_3.wav,"No, I wo- I won't turn up to her level, so I left.","No, yo no me voy a rebajar a eso y [laughter] agarre y me fui.",train
EN_084_4__ES_084_4,84,84,true,EN_084_4,ES_084_4,/Users/nilakshanraveendran/Documents/research/data/raw/DRAL16kHz/fragments-short/EN_084_4.wav,/Users/nilakshanraveendran/Documents/research/data/raw/DRAL16kHz/fragments-short/ES_084_4.wav,"If you don't do it, I'm gonna sue you and everything.","Los voy a demandar, eh ¿sabes cómo?",train
EN_084_5__ES_084_5,43,43,true,EN_084_5,ES_084_5,/Users/nilakshanraveendran/Documents/research/data/raw/DRAL16kHz/fragments-short/EN_084_5.wav,/Users/nilakshanraveendran/Documents/research/data/raw/DRAL16kHz/fragments-short/ES_084_5.wav,The most recent fight,Yo la más reciente que me peleé fue en mi...,train
EN_084_6__ES_084_6,84,84,true,EN_084_6,ES_084_6,/Users/nilakshanraveendran/Documents/research/data/raw/DRAL16kHz/fragments-short/EN_084_6.wav,/Users/nilakshanraveendran/Documents/research/data/raw/DRAL16kHz/fragments-short/ES_084_6.wav,"Ay ay the most recent one, like, one of many or what?","Ay, es la más reciente, una de tantas.",train
EN_084_7__ES_084_7,43,43,true,EN_084_7,ES_084_7,/Users/nilakshanraveendran/Documents/research/data/raw/DRAL16kHz/fragments-short/EN_084_7.wav,/Users/nilakshanraveendran/Documents/research/data/raw/DRAL16kHz/fragments-short/ES_084_7.wav,,[laughter].,train
EN_084_8__ES_084_8,43,43,true,EN_084_8,ES_084_8,/Users/nilakshanraveendran/Documents/research/data/raw/DRAL16kHz/fragments-short/EN_084_8.wav,/Users/nilakshanraveendran/Documents/research/data/raw/DRAL16kHz/fragments-short/ES_084_8.wav,"Actually, yeah, I used to fight a lot","De hecho sí, yo era muy peleonero.",train
EN_084_9__ES_084_9,43,43,true,EN_084_9,ES_084_9,/Users/nilakshanraveendran/Documents/research/data/raw/DRAL16kHz/fragments-short/EN_084_9.wav,/Users/nilakshanraveendran/Documents/research/data/raw/DRAL16kHz/fragments-short/ES_084_9.wav,"He started yelling and I said ""hey""","Empezó a gritonear, le dije Ey.",train
EN_085_10__ES_085_10,79,79,true,EN_085_10,ES_085_10,/Users/nilakshanraveendran/Documents/research/data/raw/DRAL16kHz/fragments-short/EN_085_10.wav,/Users/nilakshanraveendran/Documents/research/data/raw/DRAL16kHz/fragments-short/ES_085_10.wav,So why would you take screenshots of conversations that you're having with the other people?,¿Cómo se te ocurre tomar screenshots de las conversaciones que tienes con- con las...?,train
EN_085_11__ES_085_11,85,85,true,EN_085_11,ES_085_11,/Users/nilakshanraveendran/Documents/research/data/raw/DRAL16kHz/fragments-short/EN_085_11.wav,/Users/nilakshanraveendran/Documents/research/data/raw/DRAL16kHz/fragments-short/ES_085_11.wav,Uh-huh.,¡Ajá!,train
EN_085_12__ES_085_12,85,85,true,EN_085_12,ES_085_12,/Users/nilakshanraveendran/Documents/research/data/raw/DRAL16kHz/fragments-short/EN_085_12.wav,/Users/nilakshanraveendran/Documents/research/data/raw/DRAL16kHz/fragments-short/ES_085_12.wav,"And sandal that you throw me, huh? Never pick it up again.",Y chancla que tira mija ni la levan-.,train
EN_085_13__ES_085_13,79,79,true,EN_085_13,ES_085_13,/Users/nilakshanraveendran/Documents/research/data/raw/DRAL16kHz/fragments-short/EN_085_13.wav,/Users/nilakshanraveendran/Documents/research/data/raw/DRAL16kHz/fragments-short/ES_085_13.wav,"It's like when you take your phone to get fixed, like you're giving them permission","Es como cuando llevas un teléfono a arreglar ¿no? o sea, les estás dando permiso...",train
EN_085_14__ES_085_14,85,85,true,EN_085_14,ES_085_14,/Users/nilakshanraveendran/Documents/research/data/raw/DRAL16kHz/fragments-short/EN_085_14.wav,/Users/nilakshanraveendran/Documents/research/data/raw/DRAL16kHz/fragments-short/ES_085_14.wav,Mm-hmm.,Mm-hmm.,train
EN_085_15__ES_085_15,85,85,true,EN_085_15,ES_085_15,/Users/nilakshanraveendran/Documents/research/data/raw/DRAL16kHz/fragments-short/EN_085_15.wav,/Users/nilakshanraveendran/Documents/research/data/raw/DRAL16kHz/fragments-short/ES_085_15.wav,"And if you don't unlock my phone, you don't know what I'm capable of.","Y si no desbloqueas mi teléfono, tú no sabes de lo que soy capaz.",train
EN_085_16__ES_085_16,79,79,true,EN_085_16,ES_085_16,/Users/nilakshanraveendran/Documents/research/data/raw/DRAL16kHz/fragments-short/EN_085_16.wav,/Users/nilakshanraveendran/Documents/research/data/raw/DRAL16kHz/fragments-short/ES_085_16.wav,was he sending you the messages from from his computer,está mandando mensajes por la compu-,train
EN_085_1__ES_085_1,85,85,true,EN_085_1,ES_085_1,/Users/nilakshanraveendran/Documents/research/data/raw/DRAL16kHz/fragments-short/EN_085_1.wav,/Users/nilakshanraveendran/Documents/research/data/raw/DRAL16kHz/fragments-short/ES_085_1.wav,"Nah, she'll listen to it when we stay.","Ay pues ahorita la escucho a ella [laughter], donde nos quedemos [laughter].",train
EN_085_2__ES_085_2,79,79,true,EN_085_2,ES_085_2,/Users/nilakshanraveendran/Documents/research/data/raw/DRAL16kHz/fragments-short/EN_085_2.wav,/Users/nilakshanraveendran/Documents/research/data/raw/DRAL16kHz/fragments-short/ES_085_2.wav,Ay ay.,"Ay, ay [laughter].",train
EN_085_3__ES_085_3,85,85,true,EN_085_3,ES_085_3,/Users/nilakshanraveendran/Documents/research/data/raw/DRAL16kHz/fragments-short/EN_085_3.wav,/Users/nilakshanraveendran/Documents/research/data/raw/DRAL16kHz/fragments-short/ES_085_3.wav,Which one? The one that I told you already? The one that he wanted to send it to you or which one?,¿De cuál? ¿Del que te dije ahorita? ¿Del que me querían mandar a la cárcel o cuál?,train
EN_085_4__ES_085_4,85,85,true,EN_085_4,ES_085_4,/Users/nilakshanraveendran/Documents/research/data/raw/DRAL16kHz/fragments-short/EN_085_4.wav,/Users/nilakshanraveendran/Documents/research/data/raw/DRAL16kHz/fragments-short/ES_085_4.wav,"Pues he went to my house and... Oh no, we were with my grandma.","pues llego a mi casa y todo el show, ah no, estamos con mi abuela",train
EN_085_5__ES_085_5,85,85,true,EN_085_5,ES_085_5,/Users/nilakshanraveendran/Documents/research/data/raw/DRAL16kHz/fragments-short/EN_085_5.wav,/Users/nilakshanraveendran/Documents/research/data/raw/DRAL16kHz/fragments-short/ES_085_5.wav,"so then I saw some screenshots when where she was saying hello my love, how are you doing baby?","Y en eso que salieron los screenshots donde, hola mi amor, ¿cómo estás? Chiquita.",train
EN_085_6__ES_085_6,85,85,true,EN_085_6,ES_085_6,/Users/nilakshanraveendran/Documents/research/data/raw/DRAL16kHz/fragments-short/EN_085_6.wav,/Users/nilakshanraveendran/Documents/research/data/raw/DRAL16kHz/fragments-short/ES_085_6.wav,"and I was like, a ver a ver le- m- let me see no no no, it's nothing","A ver, a ver, enséñame. Y luego pues él así como que no, no, no es nada.",train
EN_085_7__ES_085_7,85,85,true,EN_085_7,ES_085_7,/Users/nilakshanraveendran/Documents/research/data/raw/DRAL16kHz/fragments-short/EN_085_7.wav,/Users/nilakshanraveendran/Documents/research/data/raw/DRAL16kHz/fragments-short/ES_085_7.wav,"No, but show me! If you're cheating on me, let me find out so we can end things here.","Enséñame pues si me estás engañando pues ya que más da aquí, aquí muere veda'",train
EN_085_8__ES_085_8,85,85,true,EN_085_8,ES_085_8,/Users/nilakshanraveendran/Documents/research/data/raw/DRAL16kHz/fragments-short/EN_085_8.wav,/Users/nilakshanraveendran/Documents/research/data/raw/DRAL16kHz/fragments-short/ES_085_8.wav,"I mean, I don't know why he had that idea. I mean, dumbass, but...","O sea, no sé por qué se le vino eso a la mente, o sea imbécil, yo creo.",train
EN_085_9__ES_085_9,79,79,true,EN_085_9,ES_085_9,/Users/nilakshanraveendran/Documents/research/data/raw/DRAL16kHz/fragments-short/EN_085_9.wav,/Users/nilakshanraveendran/Documents/research/data/raw/DRAL16kHz/fragments-short/ES_085_9.wav,Oh so the pictures he had of the messages like he took the screenshots himself,"O sea, pero las fotos de los mensajes, ¿él- él tomó screenshot de esas?",train
EN_086_10__ES_086_10,86,86,true,EN_086_10,ES_086_10,/Users/nilakshanraveendran/Documents/research/data/raw/DRAL16kHz/fragments-short/EN_086_10.wav,/Users/nilakshanraveendran/Documents/research/data/raw/DRAL16kHz/fragments-short/ES_086_10.wav,And,Ajá.,train
EN_086_11__ES_086_11,70,70,true,EN_086_11,ES_086_11,/Users/nilakshanraveendran/Documents/research/data/raw/DRAL16kHz/fragments-short/EN_086_11.wav,/Users/nilakshanraveendran/Documents/research/data/raw/DRAL16kHz/fragments-short/ES_086_11.wav,"But some- somebody died, right? Like, pero just one of them. No?","Pero- pero alguien murió, ¿no? Eh uno de ellos.",test
EN_086_12__ES_086_12,86,86,true,EN_086_12,ES_086_12,/Users/nilakshanraveendran/Documents/research/data/raw/DRAL16kHz/fragments-short/EN_086_12.wav,/Users/nilakshanraveendran/Documents/research/data/raw/DRAL16kHz/fragments-short/ES_086_12.wav,,[laughter].,train
EN_086_13__ES_086_13,86,86,true,EN_086_13,ES_086_13,/Users/nilakshanraveendran/Documents/research/data/raw/DRAL16kHz/fragments-short/EN_086_13.wav,/Users/nilakshanraveendran/Documents/research/data/raw/DRAL16kHz/fragments-short/ES_086_13.wav,No more.,"No, más.",train
EN_086_14__ES_086_14,70,70,true,EN_086_14,ES_086_14,/Users/nilakshanraveendran/Documents/research/data/raw/DRAL16kHz/fragments-short/EN_086_14.wav,/Users/nilakshanraveendran/Documents/research/data/raw/DRAL16kHz/fragments-short/ES_086_14.wav,and then then the series is just like episodes about what happened or it's like about the present?,Pero la serie es como de cosas que pasaron o es del- del presente?,test
EN_086_15__ES_086_15,86,86,true,EN_086_15,ES_086_15,/Users/nilakshanraveendran/Documents/research/data/raw/DRAL16kHz/fragments-short/EN_086_15.wav,/Users/nilakshanraveendran/Documents/research/data/raw/DRAL16kHz/fragments-short/ES_086_15.wav,mmm,Mmm.,train
EN_086_16__ES_086_16,86,86,true,EN_086_16,ES_086_16,/Users/nilakshanraveendran/Documents/research/data/raw/DRAL16kHz/fragments-short/EN_086_16.wav,/Users/nilakshanraveendran/Documents/research/data/raw/DRAL16kHz/fragments-short/ES_086_16.wav,like showing the survivors and how the past is coming back to haunt them.,Este enseñan a los sobrevivientes y enseñan cómo el pasado los están persiguiendo.,train
EN_086_17__ES_086_17,86,86,true,EN_086_17,ES_086_17,/Users/nilakshanraveendran/Documents/research/data/raw/DRAL16kHz/fragments-short/EN_086_17.wav,/Users/nilakshanraveendran/Documents/research/data/raw/DRAL16kHz/fragments-short/ES_086_17.wav,So a girl died in the end of season one where she was left out.,Um entonces una- una chica se murió cuando- en la primera temporada cuando la dejaron afuera.,train
EN_086_18__ES_086_18,70,70,true,EN_086_18,ES_086_18,/Users/nilakshanraveendran/Documents/research/data/raw/DRAL16kHz/fragments-short/EN_086_18.wav,/Users/nilakshanraveendran/Documents/research/data/raw/DRAL16kHz/fragments-short/ES_086_18.wav,But it was but it's l- it's about eh something that happened in like in real life.,Pero eh pero es algo que pasó en la- en la vida real.,test
EN_086_19__ES_086_19,86,86,true,EN_086_19,ES_086_19,/Users/nilakshanraveendran/Documents/research/data/raw/DRAL16kHz/fragments-short/EN_086_19.wav,/Users/nilakshanraveendran/Documents/research/data/raw/DRAL16kHz/fragments-short/ES_086_19.wav,Yeah.,Sí.,train
EN_086_1__ES_086_1,86,86,true,EN_086_1,ES_086_1,/Users/nilakshanraveendran/Documents/research/data/raw/DRAL16kHz/fragments-short/EN_086_1.wav,/Users/nilakshanraveendran/Documents/research/data/raw/DRAL16kHz/fragments-short/ES_086_1.wav,And it was it was kind of wild.,"Y estuvo muy, no sé, muy intense [laughter].",train
EN_086_20__ES_086_20,70,70,true,EN_086_20,ES_086_20,/Users/nilakshanraveendran/Documents/research/data/raw/DRAL16kHz/fragments-short/EN_086_20.wav,/Users/nilakshanraveendran/Documents/research/data/raw/DRAL16kHz/fragments-short/ES_086_20.wav,with the dead bodies what they did was basically they preserved them like in ice,Básicamente lo que hicieron este fue... Los- los cuerpos este si ves los preservaron así como- como en hielo.,test
EN_086_21__ES_086_21,70,70,true,EN_086_21,ES_086_21,/Users/nilakshanraveendran/Documents/research/data/raw/DRAL16kHz/fragments-short/EN_086_21.wav,/Users/nilakshanraveendran/Documents/research/data/raw/DRAL16kHz/fragments-short/ES_086_21.wav,"Yeah, it's been like a um my friends. It's been like a month like hey, let's do something this weekend and they're like ""Ah no, I have to do this here""","si, y luego este, ya que- ya va como un mes de que- de que el fin de semana, oye vamos a hacer algo el fin de semana y luego decir, no y tengo que hacer algo en este lugar.",test
EN_086_2__ES_086_2,70,70,true,EN_086_2,ES_086_2,/Users/nilakshanraveendran/Documents/research/data/raw/DRAL16kHz/fragments-short/EN_086_2.wav,/Users/nilakshanraveendran/Documents/research/data/raw/DRAL16kHz/fragments-short/ES_086_2.wav,Ok ok what what's the name of the show?,"Ok, pero ¿cuál- cuál es el nombre del show?",test
EN_086_3__ES_086_3,70,70,true,EN_086_3,ES_086_3,/Users/nilakshanraveendran/Documents/research/data/raw/DRAL16kHz/fragments-short/EN_086_3.wav,/Users/nilakshanraveendran/Documents/research/data/raw/DRAL16kHz/fragments-short/ES_086_3.wav,"No, I know, I  I ha- I've heard of it but",Ya sé si- si- si he escuchado de ella.,test
EN_086_4__ES_086_4,86,86,true,EN_086_4,ES_086_4,/Users/nilakshanraveendran/Documents/research/data/raw/DRAL16kHz/fragments-short/EN_086_4.wav,/Users/nilakshanraveendran/Documents/research/data/raw/DRAL16kHz/fragments-short/ES_086_4.wav,Yeah.,¿Sí?,train
EN_086_5__ES_086_5,70,70,true,EN_086_5,ES_086_5,/Users/nilakshanraveendran/Documents/research/data/raw/DRAL16kHz/fragments-short/EN_086_5.wav,/Users/nilakshanraveendran/Documents/research/data/raw/DRAL16kHz/fragments-short/ES_086_5.wav,but no I haven't watched it but I- I've heard of it,"Eh no, no la he visto, pero si se de que- si de que...",test
EN_086_6__ES_086_6,86,86,true,EN_086_6,ES_086_6,/Users/nilakshanraveendran/Documents/research/data/raw/DRAL16kHz/fragments-short/EN_086_6.wav,/Users/nilakshanraveendran/Documents/research/data/raw/DRAL16kHz/fragments-short/ES_086_6.wav,You know what it's about?,Oh ¿Sabes de qué es?,train
EN_086_7__ES_086_7,70,70,true,EN_086_7,ES_086_7,/Users/nilakshanraveendran/Documents/research/data/raw/DRAL16kHz/fragments-short/EN_086_7.wav,/Users/nilakshanraveendran/Documents/research/data/raw/DRAL16kHz/fragments-short/ES_086_7.wav,It's about a... Murder?,Es sobre...Mmm ¿Un asesinato?,test
EN_086_8__ES_086_8,86,86,true,EN_086_8,ES_086_8,/Users/nilakshanraveendran/Documents/research/data/raw/DRAL16kHz/fragments-short/EN_086_8.wav,/Users/nilakshanraveendran/Documents/research/data/raw/DRAL16kHz/fragments-short/ES_086_8.wav,,¿Hm?,train
EN_086_9__ES_086_9,70,70,true,EN_086_9,ES_086_9,/Users/nilakshanraveendran/Documents/research/data/raw/DRAL16kHz/fragments-short/EN_086_9.wav,/Users/nilakshanraveendran/Documents/research/data/raw/DRAL16kHz/fragments-short/ES_086_9.wav,"And then likes, thi- like things happen and then like...",Las cosas pasan y- y...,test
EN_087_10__ES_087_10,87,87,true,EN_087_10,ES_087_10,/Users/nilakshanraveendran/Documents/research/data/raw/DRAL16kHz/fragments-short/EN_087_10.wav,/Users/nilakshanraveendran/Documents/research/data/raw/DRAL16kHz/fragments-short/ES_087_10.wav,"And they had like FIFA or... or I don't know what else they had, but it was mostly FIFA.","Y tenían el juego de FIFA. Bueno, pues no sé qué más tenían, pero po- era más bien FIFA.",train
EN_087_11__ES_087_11,43,43,true,EN_087_11,ES_087_11,/Users/nilakshanraveendran/Documents/research/data/raw/DRAL16kHz/fragments-short/EN_087_11.wav,/Users/nilakshanraveendran/Documents/research/data/raw/DRAL16kHz/fragments-short/ES_087_11.wav,"I used to be good, not anymore.","Antes era bueno, ya no.",train
EN_087_12__ES_087_12,43,43,true,EN_087_12,ES_087_12,/Users/nilakshanraveendran/Documents/research/data/raw/DRAL16kHz/fragments-short/EN_087_12.wav,/Users/nilakshanraveendran/Documents/research/data/raw/DRAL16kHz/fragments-short/ES_087_12.wav,"You're like, I'm Cristiano.","Estabas como, soy Cristiano.",train
EN_087_13__ES_087_13,43,43,true,EN_087_13,ES_087_13,/Users/nilakshanraveendran/Documents/research/data/raw/DRAL16kHz/fragments-short/EN_087_13.wav,/Users/nilakshanraveendran/Documents/research/data/raw/DRAL16kHz/fragments-short/ES_087_13.wav,that I know of. I think it's Marcelo Benzema.,Que yo sepa es Marcelo Benzema.,train
EN_087_14__ES_087_14,87,87,true,EN_087_14,ES_087_14,/Users/nilakshanraveendran/Documents/research/data/raw/DRAL16kHz/fragments-short/EN_087_14.wav,/Users/nilakshanraveendran/Documents/research/data/raw/DRAL16kHz/fragments-short/ES_087_14.wav,"Like watching like who wins, who loses.","Como viendo quién gana, quién pierde.",train
EN_087_15__ES_087_15,43,43,true,EN_087_15,ES_087_15,/Users/nilakshanraveendran/Documents/research/data/raw/DRAL16kHz/fragments-short/EN_087_15.wav,/Users/nilakshanraveendran/Documents/research/data/raw/DRAL16kHz/fragments-short/ES_087_15.wav,It went to penalties.,Se fue a penales.,train
EN_087_16__ES_087_16,87,87,true,EN_087_16,ES_087_16,/Users/nilakshanraveendran/Documents/research/data/raw/DRAL16kHz/fragments-short/EN_087_16.wav,/Users/nilakshanraveendran/Documents/research/data/raw/DRAL16kHz/fragments-short/ES_087_16.wav,"Penalties, yeah.","Penales, sí.",train
EN_087_17__ES_087_17,43,43,true,EN_087_17,ES_087_17,/Users/nilakshanraveendran/Documents/research/data/raw/DRAL16kHz/fragments-short/EN_087_17.wav,/Users/nilakshanraveendran/Documents/research/data/raw/DRAL16kHz/fragments-short/ES_087_17.wav,"Kinda feels like those movies, like, what are they called?","Se siente como esas películas, como... ¿Cómo se llaman?",train
EN_087_18__ES_087_18,43,43,true,EN_087_18,ES_087_18,/Users/nilakshanraveendran/Documents/research/data/raw/DRAL16kHz/fragments-short/EN_087_18.wav,/Users/nilakshanraveendran/Documents/research/data/raw/DRAL16kHz/fragments-short/ES_087_18.wav,where you can do like any type of crime,Donde puedes hacer cualquier tipo de crimen.,train
EN_087_19__ES_087_19,87,87,true,EN_087_19,ES_087_19,/Users/nilakshanraveendran/Documents/research/data/raw/DRAL16kHz/fragments-short/EN_087_19.wav,/Users/nilakshanraveendran/Documents/research/data/raw/DRAL16kHz/fragments-short/ES_087_19.wav,"It's like anything is legal for like 24 hours. And it's like, oh my God.","Ah, todo está legal como por 24 horas y es como, bueno.",train
EN_087_1__ES_087_1,87,87,true,EN_087_1,ES_087_1,/Users/nilakshanraveendran/Documents/research/data/raw/DRAL16kHz/fragments-short/EN_087_1.wav,/Users/nilakshanraveendran/Documents/research/data/raw/DRAL16kHz/fragments-short/ES_087_1.wav,We're gonna name some plushies today. Or toys.,"Vamos a nombrar unos peluches hoy y bueno, juguetes.",train
EN_087_20__ES_087_20,87,87,true,EN_087_20,ES_087_20,/Users/nilakshanraveendran/Documents/research/data/raw/DRAL16kHz/fragments-short/EN_087_20.wav,/Users/nilakshanraveendran/Documents/research/data/raw/DRAL16kHz/fragments-short/ES_087_20.wav,No.,No.,train
EN_087_21__ES_087_21,43,43,true,EN_087_21,ES_087_21,/Users/nilakshanraveendran/Documents/research/data/raw/DRAL16kHz/fragments-short/EN_087_21.wav,/Users/nilakshanraveendran/Documents/research/data/raw/DRAL16kHz/fragments-short/ES_087_21.wav,Imagine being in- in one of those.,Imagínate estar en una de esas.,train
EN_087_22__ES_087_22,87,87,true,EN_087_22,ES_087_22,/Users/nilakshanraveendran/Documents/research/data/raw/DRAL16kHz/fragments-short/EN_087_22.wav,/Users/nilakshanraveendran/Documents/research/data/raw/DRAL16kHz/fragments-short/ES_087_22.wav,"Okay, if you were in the Purge, what would you do?","Ok, si estuvieras en la purga, ¿qué harías? [laughter].",train
EN_087_23__ES_087_23,43,43,true,EN_087_23,ES_087_23,/Users/nilakshanraveendran/Documents/research/data/raw/DRAL16kHz/fragments-short/EN_087_23.wav,/Users/nilakshanraveendran/Documents/research/data/raw/DRAL16kHz/fragments-short/ES_087_23.wav,probably go to like a store like an n- an electronic store,Probable iría a una tienda como a una tienda de electronica.,train
EN_087_24__ES_087_24,87,87,true,EN_087_24,ES_087_24,/Users/nilakshanraveendran/Documents/research/data/raw/DRAL16kHz/fragments-short/EN_087_24.wav,/Users/nilakshanraveendran/Documents/research/data/raw/DRAL16kHz/fragments-short/ES_087_24.wav,You wouldn't take like protection since everything's legal?,¿No llevarías protección? Por- porque pues todo está legal.,train
EN_087_25__ES_087_25,87,87,true,EN_087_25,ES_087_25,/Users/nilakshanraveendran/Documents/research/data/raw/DRAL16kHz/fragments-short/EN_087_25.wav,/Users/nilakshanraveendran/Documents/research/data/raw/DRAL16kHz/fragments-short/ES_087_25.wav,Like like anyone could like kill you and it's like whatever.,Como cualquiera te puede matar y es pues lo que sea.,train
EN_087_26__ES_087_26,43,43,true,EN_087_26,ES_087_26,/Users/nilakshanraveendran/Documents/research/data/raw/DRAL16kHz/fragments-short/EN_087_26.wav,/Users/nilakshanraveendran/Documents/research/data/raw/DRAL16kHz/fragments-short/ES_087_26.wav,Trying to plan a heist now.,Tratando de planear un atraco.,train
EN_087_27__ES_087_27,43,43,true,EN_087_27,ES_087_27,/Users/nilakshanraveendran/Documents/research/data/raw/DRAL16kHz/fragments-short/EN_087_27.wav,/Users/nilakshanraveendran/Documents/research/data/raw/DRAL16kHz/fragments-short/ES_087_27.wav,I'll probably go with Mr. Blue.,Yo creo me iría con Mr. Blue.,train
EN_087_28__ES_087_28,87,87,true,EN_087_28,ES_087_28,/Users/nilakshanraveendran/Documents/research/data/raw/DRAL16kHz/fragments-short/EN_087_28.wav,/Users/nilakshanraveendran/Documents/research/data/raw/DRAL16kHz/fragments-short/ES_087_28.wav,"Mr. Blue, that's a good one.",Mr. Blue si es un buen hombre.,train
EN_087_2__ES_087_2,87,87,true,EN_087_2,ES_087_2,/Users/nilakshanraveendran/Documents/research/data/raw/DRAL16kHz/fragments-short/EN_087_2.wav,/Users/nilakshanraveendran/Documents/research/data/raw/DRAL16kHz/fragments-short/ES_087_2.wav,"Yeah, Crash Bandicoot, yeah.","Sí, el Crash Bandicoot.",train
EN_087_3__ES_087_3,43,43,true,EN_087_3,ES_087_3,/Users/nilakshanraveendran/Documents/research/data/raw/DRAL16kHz/fragments-short/EN_087_3.wav,/Users/nilakshanraveendran/Documents/research/data/raw/DRAL16kHz/fragments-short/ES_087_3.wav,"That's what it looks like, the crash.","Si, es así como se mira, como Crash.",train
EN_087_4__ES_087_4,87,87,true,EN_087_4,ES_087_4,/Users/nilakshanraveendran/Documents/research/data/raw/DRAL16kHz/fragments-short/EN_087_4.wav,/Users/nilakshanraveendran/Documents/research/data/raw/DRAL16kHz/fragments-short/ES_087_4.wav,You know what? That exact same person brought up that game.,"Sí, ¿sabes? Esa persona habló de ese mismo juego.",train
EN_087_5__ES_087_5,87,87,true,EN_087_5,ES_087_5,/Users/nilakshanraveendran/Documents/research/data/raw/DRAL16kHz/fragments-short/EN_087_5.wav,/Users/nilakshanraveendran/Documents/research/data/raw/DRAL16kHz/fragments-short/ES_087_5.wav,Yeah.,Sí.,train
EN_087_6__ES_087_6,87,87,true,EN_087_6,ES_087_6,/Users/nilakshanraveendran/Documents/research/data/raw/DRAL16kHz/fragments-short/EN_087_6.wav,/Users/nilakshanraveendran/Documents/research/data/raw/DRAL16kHz/fragments-short/ES_087_6.wav,Yeah.,¿Sí?,train
EN_087_7__ES_087_7,43,43,true,EN_087_7,ES_087_7,/Users/nilakshanraveendran/Documents/research/data/raw/DRAL16kHz/fragments-short/EN_087_7.wav,/Users/nilakshanraveendran/Documents/research/data/raw/DRAL16kHz/fragments-short/ES_087_7.wav,"It was, it was free.",Sí era- era gratis [laughter].,train
EN_087_8__ES_087_8,43,43,true,EN_087_8,ES_087_8,/Users/nilakshanraveendran/Documents/research/data/raw/DRAL16kHz/fragments-short/EN_087_8.wav,/Users/nilakshanraveendran/Documents/research/data/raw/DRAL16kHz/fragments-short/ES_087_8.wav,"Nah, let's change to PS4, let's see how it is","No, no, vamos a cambiarnos al Playstation 4 a ver como es.",train
EN_087_9__ES_087_9,87,87,true,EN_087_9,ES_087_9,/Users/nilakshanraveendran/Documents/research/data/raw/DRAL16kHz/fragments-short/EN_087_9.wav,/Users/nilakshanraveendran/Documents/research/data/raw/DRAL16kHz/fragments-short/ES_087_9.wav,"I've heard that it's better and I'm like, I don't know I don't know.","Oí que sí está mejor, pero pues no sé, no sé.",train
EN_088_10__ES_088_10,88,88,true,EN_088_10,ES_088_10,/Users/nilakshanraveendran/Documents/research/data/raw/DRAL16kHz/fragments-short/EN_088_10.wav,/Users/nilakshanraveendran/Documents/research/data/raw/DRAL16kHz/fragments-short/ES_088_10.wav,That mission I had barely done it when you guys invited me.,Esa misión ya apenas la acabo de hacer cuando me invitaron.,train
EN_088_11__ES_088_11,85,85,true,EN_088_11,ES_088_11,/Users/nilakshanraveendran/Documents/research/data/raw/DRAL16kHz/fragments-short/EN_088_11.wav,/Users/nilakshanraveendran/Documents/research/data/raw/DRAL16kHz/fragments-short/ES_088_11.wav,Didn't you get out at 12?,¿Que no saliste de las 12?,train
EN_088_12__ES_088_12,88,88,true,EN_088_12,ES_088_12,/Users/nilakshanraveendran/Documents/research/data/raw/DRAL16kHz/fragments-short/EN_088_12.wav,/Users/nilakshanraveendran/Documents/research/data/raw/DRAL16kHz/fragments-short/ES_088_12.wav,"Yes, but I started studying a little bit.","Sí, pero me puse a estudiar un poquito.",train
EN_088_13__ES_088_13,85,85,true,EN_088_13,ES_088_13,/Users/nilakshanraveendran/Documents/research/data/raw/DRAL16kHz/fragments-short/EN_088_13.wav,/Users/nilakshanraveendran/Documents/research/data/raw/DRAL16kHz/fragments-short/ES_088_13.wav,You came at three and then um you went back over there?,¿Viniste a las 3 y luego te regresaste para allá?,train
EN_088_14__ES_088_14,85,85,true,EN_088_14,ES_088_14,/Users/nilakshanraveendran/Documents/research/data/raw/DRAL16kHz/fragments-short/EN_088_14.wav,/Users/nilakshanraveendran/Documents/research/data/raw/DRAL16kHz/fragments-short/ES_088_14.wav,You stayed here for literally an hour?,¿Y literal te quedaste aquí una hora?,train
EN_088_15__ES_088_15,88,88,true,EN_088_15,ES_088_15,/Users/nilakshanraveendran/Documents/research/data/raw/DRAL16kHz/fragments-short/EN_088_15.wav,/Users/nilakshanraveendran/Documents/research/data/raw/DRAL16kHz/fragments-short/ES_088_15.wav,I think we just talked.,"Nada, nomas platicando.",train
EN_088_16__ES_088_16,85,85,true,EN_088_16,ES_088_16,/Users/nilakshanraveendran/Documents/research/data/raw/DRAL16kHz/fragments-short/EN_088_16.wav,/Users/nilakshanraveendran/Documents/research/data/raw/DRAL16kHz/fragments-short/ES_088_16.wav,So why didn't you do the session?,¿Por qué no hiciste la sesión?,train
EN_088_17__ES_088_17,88,88,true,EN_088_17,ES_088_17,/Users/nilakshanraveendran/Documents/research/data/raw/DRAL16kHz/fragments-short/EN_088_17.wav,/Users/nilakshanraveendran/Documents/research/data/raw/DRAL16kHz/fragments-short/ES_088_17.wav,'Cause I was waiting for you.,Porque te estaba esperando.,train
EN_088_18__ES_088_18,85,85,true,EN_088_18,ES_088_18,/Users/nilakshanraveendran/Documents/research/data/raw/DRAL16kHz/fragments-short/EN_088_18.wav,/Users/nilakshanraveendran/Documents/research/data/raw/DRAL16kHz/fragments-short/ES_088_18.wav,"Aww, how cute! He was waiting for his big brother!","Ay, qué bonito. Estaba esperando su hermano mayor.",train
EN_088_19__ES_088_19,88,88,true,EN_088_19,ES_088_19,/Users/nilakshanraveendran/Documents/research/data/raw/DRAL16kHz/fragments-short/EN_088_19.wav,/Users/nilakshanraveendran/Documents/research/data/raw/DRAL16kHz/fragments-short/ES_088_19.wav,How brotherly I am.,Que tan hermanable soy.,train
EN_088_1__ES_088_1,85,85,true,EN_088_1,ES_088_1,/Users/nilakshanraveendran/Documents/research/data/raw/DRAL16kHz/fragments-short/EN_088_1.wav,/Users/nilakshanraveendran/Documents/research/data/raw/DRAL16kHz/fragments-short/ES_088_1.wav,The fire dude was beating him up.,Y el del juego se lo está fregando.,train
EN_088_20__ES_088_20,85,85,true,EN_088_20,ES_088_20,/Users/nilakshanraveendran/Documents/research/data/raw/DRAL16kHz/fragments-short/EN_088_20.wav,/Users/nilakshanraveendran/Documents/research/data/raw/DRAL16kHz/fragments-short/ES_088_20.wav,"Yeah, yeah.","Sí, sí.",train
EN_088_21__ES_088_21,88,88,true,EN_088_21,ES_088_21,/Users/nilakshanraveendran/Documents/research/data/raw/DRAL16kHz/fragments-short/EN_088_21.wav,/Users/nilakshanraveendran/Documents/research/data/raw/DRAL16kHz/fragments-short/ES_088_21.wav,Not like others.,No como a otros.,train
EN_088_22__ES_088_22,85,85,true,EN_088_22,ES_088_22,/Users/nilakshanraveendran/Documents/research/data/raw/DRAL16kHz/fragments-short/EN_088_22.wav,/Users/nilakshanraveendran/Documents/research/data/raw/DRAL16kHz/fragments-short/ES_088_22.wav,Let's see how you translate that.,A ver cómo le haces para traducir eso.,train
EN_088_23__ES_088_23,85,85,true,EN_088_23,ES_088_23,/Users/nilakshanraveendran/Documents/research/data/raw/DRAL16kHz/fragments-short/EN_088_23.wav,/Users/nilakshanraveendran/Documents/research/data/raw/DRAL16kHz/fragments-short/ES_088_23.wav,Did you really stay here for an hour without doing anything?,¿En serio te quedaste hace una hora sin hacer nada aquí?,train
EN_088_24__ES_088_24,88,88,true,EN_088_24,ES_088_24,/Users/nilakshanraveendran/Documents/research/data/raw/DRAL16kHz/fragments-short/EN_088_24.wav,/Users/nilakshanraveendran/Documents/research/data/raw/DRAL16kHz/fragments-short/ES_088_24.wav,"Yes, what's wrong with that?","Sí, pues ¿qué tiene de malo?",train
EN_088_25__ES_088_25,88,88,true,EN_088_25,ES_088_25,/Users/nilakshanraveendran/Documents/research/data/raw/DRAL16kHz/fragments-short/EN_088_25.wav,/Users/nilakshanraveendran/Documents/research/data/raw/DRAL16kHz/fragments-short/ES_088_25.wav,What were you doing then the time you didn't come? At... at 3?,¿Tú qué estabas haciendo en la hora que no viniste? A las 3.,train
EN_088_26__ES_088_26,85,85,true,EN_088_26,ES_088_26,/Users/nilakshanraveendran/Documents/research/data/raw/DRAL16kHz/fragments-short/EN_088_26.wav,/Users/nilakshanraveendran/Documents/research/data/raw/DRAL16kHz/fragments-short/ES_088_26.wav,um... so the container had ethanol or like the fumes from the ethanol,"El contenedor tenía etanol, bueno tenía este humo de etanol.",train
EN_088_27__ES_088_27,85,85,true,EN_088_27,ES_088_27,/Users/nilakshanraveendran/Documents/research/data/raw/DRAL16kHz/fragments-short/EN_088_27.wav,/Users/nilakshanraveendran/Documents/research/data/raw/DRAL16kHz/fragments-short/ES_088_27.wav,Um so they put the acid in there and it like exploded,vaciaron el- el ácido ahí y explotó.,train
EN_088_28__ES_088_28,85,85,true,EN_088_28,ES_088_28,/Users/nilakshanraveendran/Documents/research/data/raw/DRAL16kHz/fragments-short/EN_088_28.wav,/Users/nilakshanraveendran/Documents/research/data/raw/DRAL16kHz/fragments-short/ES_088_28.wav,"So since they're acids, you have to scrape yourself for like 15 minutes.","Como son ácidos,tie- por 15 minutos te tienes que tallar.",train
EN_088_29__ES_088_29,85,85,true,EN_088_29,ES_088_29,/Users/nilakshanraveendran/Documents/research/data/raw/DRAL16kHz/fragments-short/EN_088_29.wav,/Users/nilakshanraveendran/Documents/research/data/raw/DRAL16kHz/fragments-short/ES_088_29.wav,"He wasn't using his... Yeah, his lab coat.",No estaba usando su bata de laboratorio.,train
EN_088_2__ES_088_2,88,88,true,EN_088_2,ES_088_2,/Users/nilakshanraveendran/Documents/research/data/raw/DRAL16kHz/fragments-short/EN_088_2.wav,/Users/nilakshanraveendran/Documents/research/data/raw/DRAL16kHz/fragments-short/ES_088_2.wav,The Monarch?,¿Al Monar?.,train
EN_088_30__ES_088_30,88,88,true,EN_088_30,ES_088_30,/Users/nilakshanraveendran/Documents/research/data/raw/DRAL16kHz/fragments-short/EN_088_30.wav,/Users/nilakshanraveendran/Documents/research/data/raw/DRAL16kHz/fragments-short/ES_088_30.wav,His coat?,Su bata.,train
EN_088_31__ES_088_31,88,88,true,EN_088_31,ES_088_31,/Users/nilakshanraveendran/Documents/research/data/raw/DRAL16kHz/fragments-short/EN_088_31.wav,/Users/nilakshanraveendran/Documents/research/data/raw/DRAL16kHz/fragments-short/ES_088_31.wav,The good thing he had long sleeves.,Pos lo bueno que tenía manga larga,train
EN_088_32__ES_088_32,85,85,true,EN_088_32,ES_088_32,/Users/nilakshanraveendran/Documents/research/data/raw/DRAL16kHz/fragments-short/EN_088_32.wav,/Users/nilakshanraveendran/Documents/research/data/raw/DRAL16kHz/fragments-short/ES_088_32.wav,"Yeah, I mean his skin wasn't gonna melt or anything.","O sea, no se le iba a derretir la piel tampoco.",train
EN_088_33__ES_088_33,88,88,true,EN_088_33,ES_088_33,/Users/nilakshanraveendran/Documents/research/data/raw/DRAL16kHz/fragments-short/EN_088_33.wav,/Users/nilakshanraveendran/Documents/research/data/raw/DRAL16kHz/fragments-short/ES_088_33.wav,Might as well.,De una vez.,train
EN_088_34__ES_088_34,85,85,true,EN_088_34,ES_088_34,/Users/nilakshanraveendran/Documents/research/data/raw/DRAL16kHz/fragments-short/EN_088_34.wav,/Users/nilakshanraveendran/Documents/research/data/raw/DRAL16kHz/fragments-short/ES_088_34.wav,"Yeah, you know, I even did it without the calculator.","Es más, hasta hice ese problema sin calculadora.",train
EN_088_3__ES_088_3,85,85,true,EN_088_3,ES_088_3,/Users/nilakshanraveendran/Documents/research/data/raw/DRAL16kHz/fragments-short/EN_088_3.wav,/Users/nilakshanraveendran/Documents/research/data/raw/DRAL16kHz/fragments-short/ES_088_3.wav,"Yeah, he's beating him up. I'm not going to play tic-tac-toe with you eh.","Sí, se lo está fregando. Yo no me voy a poner a jugar tic-tac-toe contigo.",train
EN_088_4__ES_088_4,88,88,true,EN_088_4,ES_088_4,/Users/nilakshanraveendran/Documents/research/data/raw/DRAL16kHz/fragments-short/EN_088_4.wav,/Users/nilakshanraveendran/Documents/research/data/raw/DRAL16kHz/fragments-short/ES_088_4.wav,So how was he cancelling them?,¿Cómo se las estaba cancelando?,train
EN_088_5__ES_088_5,85,85,true,EN_088_5,ES_088_5,/Users/nilakshanraveendran/Documents/research/data/raw/DRAL16kHz/fragments-short/EN_088_5.wav,/Users/nilakshanraveendran/Documents/research/data/raw/DRAL16kHz/fragments-short/ES_088_5.wav,uh with pure power,Pues con puro... Poder,train
EN_088_6__ES_088_6,85,85,true,EN_088_6,ES_088_6,/Users/nilakshanraveendran/Documents/research/data/raw/DRAL16kHz/fragments-short/EN_088_6.wav,/Users/nilakshanraveendran/Documents/research/data/raw/DRAL16kHz/fragments-short/ES_088_6.wav,Oh he was already getting uh uh sort of like an idea of how to like advance or uh increase his power.,"Como que ya se estaban dando una idea de cómo avanzar, cómo incrementar su poder.",train
EN_088_7__ES_088_7,88,88,true,EN_088_7,ES_088_7,/Users/nilakshanraveendran/Documents/research/data/raw/DRAL16kHz/fragments-short/EN_088_7.wav,/Users/nilakshanraveendran/Documents/research/data/raw/DRAL16kHz/fragments-short/ES_088_7.wav,he doesn't even remember his father and uh his father got mad,"No recuerda al papá ni nada, que el papá se enojó.",train
EN_088_8__ES_088_8,85,85,true,EN_088_8,ES_088_8,/Users/nilakshanraveendran/Documents/research/data/raw/DRAL16kHz/fragments-short/EN_088_8.wav,/Users/nilakshanraveendran/Documents/research/data/raw/DRAL16kHz/fragments-short/ES_088_8.wav,Uh-huh.,Ajá.,train
EN_088_9__ES_088_9,85,85,true,EN_088_9,ES_088_9,/Users/nilakshanraveendran/Documents/research/data/raw/DRAL16kHz/fragments-short/EN_088_9.wav,/Users/nilakshanraveendran/Documents/research/data/raw/DRAL16kHz/fragments-short/ES_088_9.wav,That was um Dong Shao. I think that was his name.,"que era el- el Dong Shao, algo así se llama.",train
EN_089_10__ES_089_10,89,89,true,EN_089_10,ES_089_10,/Users/nilakshanraveendran/Documents/research/data/raw/DRAL16kHz/fragments-short/EN_089_10.wav,/Users/nilakshanraveendran/Documents/research/data/raw/DRAL16kHz/fragments-short/ES_089_10.wav,"How old are you? 30? 50? No, I'm kidding.","¿Cuántos años tienes? Como 30... Ah, no, 50 [laughter].",train
EN_089_11__ES_089_11,85,85,true,EN_089_11,ES_089_11,/Users/nilakshanraveendran/Documents/research/data/raw/DRAL16kHz/fragments-short/EN_089_11.wav,/Users/nilakshanraveendran/Documents/research/data/raw/DRAL16kHz/fragments-short/ES_089_11.wav,Oh.,¡Oh!,train
EN_089_12__ES_089_12,85,85,true,EN_089_12,ES_089_12,/Users/nilakshanraveendran/Documents/research/data/raw/DRAL16kHz/fragments-short/EN_089_12.wav,/Users/nilakshanraveendran/Documents/research/data/raw/DRAL16kHz/fragments-short/ES_089_12.wav,"The one insecurity I have, and you attack it.",La única inseguridad que tengo y tú la atacas [laughter].,train
EN_089_13__ES_089_13,89,89,true,EN_089_13,ES_089_13,/Users/nilakshanraveendran/Documents/research/data/raw/DRAL16kHz/fragments-short/EN_089_13.wav,/Users/nilakshanraveendran/Documents/research/data/raw/DRAL16kHz/fragments-short/ES_089_13.wav,Uh-huh.,[laughter].,train
EN_089_14__ES_089_14,89,89,true,EN_089_14,ES_089_14,/Users/nilakshanraveendran/Documents/research/data/raw/DRAL16kHz/fragments-short/EN_089_14.wav,/Users/nilakshanraveendran/Documents/research/data/raw/DRAL16kHz/fragments-short/ES_089_14.wav,"Like, what's young to you? 'Cause I think young for me would be probably like 50. That's halfway, right? So.","Pa' ti que es joven, porque para mí yo digo como 30, o no, 50, porque es como medio ¿no? es como la mitad.",train
EN_089_15__ES_089_15,89,89,true,EN_089_15,ES_089_15,/Users/nilakshanraveendran/Documents/research/data/raw/DRAL16kHz/fragments-short/EN_089_15.wav,/Users/nilakshanraveendran/Documents/research/data/raw/DRAL16kHz/fragments-short/ES_089_15.wav,"Like like you feel old and like the way I've been taking care of myself, I'm not gonna feel that great.","Te sientes viejo, ¿no? Y luego yo como me estoy cuidando, pues no- no creo que me voy a sentir tan bien.",train
EN_089_16__ES_089_16,85,85,true,EN_089_16,ES_089_16,/Users/nilakshanraveendran/Documents/research/data/raw/DRAL16kHz/fragments-short/EN_089_16.wav,/Users/nilakshanraveendran/Documents/research/data/raw/DRAL16kHz/fragments-short/ES_089_16.wav,dying like at 50 you don't really get t- like a chance to enjoy your life that much,Morirse a los 50 este digo que no- no te toca vivir tu vida,train
EN_089_17__ES_089_17,85,85,true,EN_089_17,ES_089_17,/Users/nilakshanraveendran/Documents/research/data/raw/DRAL16kHz/fragments-short/EN_089_17.wav,/Users/nilakshanraveendran/Documents/research/data/raw/DRAL16kHz/fragments-short/ES_089_17.wav,"You retire what, like at 63, 64? That's when you're able to retire.","So, te retiras a los que 63, 64, es más o menos cuando te dejan retirarte.",train
EN_089_18__ES_089_18,89,89,true,EN_089_18,ES_089_18,/Users/nilakshanraveendran/Documents/research/data/raw/DRAL16kHz/fragments-short/EN_089_18.wav,/Users/nilakshanraveendran/Documents/research/data/raw/DRAL16kHz/fragments-short/ES_089_18.wav,And they they they keep on upping the retirement age.,Y ellos- ellos- ellos siguen incrementando el edad para retirarse.,train
EN_089_19__ES_089_19,85,85,true,EN_089_19,ES_089_19,/Users/nilakshanraveendran/Documents/research/data/raw/DRAL16kHz/fragments-short/EN_089_19.wav,/Users/nilakshanraveendran/Documents/research/data/raw/DRAL16kHz/fragments-short/ES_089_19.wav,"When you're old already, it's it's kind of like when you have the most time for yourself, you know?",Cuando estás viejo es cuando tienes ya el uh más tiempo para ti.,train
EN_089_1__ES_089_1,89,89,true,EN_089_1,ES_089_1,/Users/nilakshanraveendran/Documents/research/data/raw/DRAL16kHz/fragments-short/EN_089_1.wav,/Users/nilakshanraveendran/Documents/research/data/raw/DRAL16kHz/fragments-short/ES_089_1.wav,I mean I guess they have descriptions for some of them or all of them,"Bueno, pues creo que tienen descripciones para unas, o bueno, pues todas.",train
EN_089_20__ES_089_20,89,89,true,EN_089_20,ES_089_20,/Users/nilakshanraveendran/Documents/research/data/raw/DRAL16kHz/fragments-short/EN_089_20.wav,/Users/nilakshanraveendran/Documents/research/data/raw/DRAL16kHz/fragments-short/ES_089_20.wav,Mm-hmm.,Mm-hmm.,train
EN_089_21__ES_089_21,89,89,true,EN_089_21,ES_089_21,/Users/nilakshanraveendran/Documents/research/data/raw/DRAL16kHz/fragments-short/EN_089_21.wav,/Users/nilakshanraveendran/Documents/research/data/raw/DRAL16kHz/fragments-short/ES_089_21.wav,Mm-hmm.,Mm-hmm.,train
EN_089_22__ES_089_22,85,85,true,EN_089_22,ES_089_22,/Users/nilakshanraveendran/Documents/research/data/raw/DRAL16kHz/fragments-short/EN_089_22.wav,/Users/nilakshanraveendran/Documents/research/data/raw/DRAL16kHz/fragments-short/ES_089_22.wav,"Uh I'm also like, oh, I want to die young. Uh I don't want to be a burden to people when I'm old.","Yo también soy asi de que me quiero morir joven, pero también no quiero ser una molestia para otras personas.",train
EN_089_23__ES_089_23,89,89,true,EN_089_23,ES_089_23,/Users/nilakshanraveendran/Documents/research/data/raw/DRAL16kHz/fragments-short/EN_089_23.wav,/Users/nilakshanraveendran/Documents/research/data/raw/DRAL16kHz/fragments-short/ES_089_23.wav,"You're like I don't wanna be like have kids or something and be like, oh, they have to take care of me when I'm older.","Este no quiero como tener hijos y luego ya en el futuro estar como, ah, me tienen que cuidar a fuerzas.",train
EN_089_24__ES_089_24,85,85,true,EN_089_24,ES_089_24,/Users/nilakshanraveendran/Documents/research/data/raw/DRAL16kHz/fragments-short/EN_089_24.wav,/Users/nilakshanraveendran/Documents/research/data/raw/DRAL16kHz/fragments-short/ES_089_24.wav,"Even if they say you're not, you are being a burden to them.","Aunque ellos digan que no eres una molestia, sí estás siendo una molestia para ellos.",train
EN_089_25__ES_089_25,89,89,true,EN_089_25,ES_089_25,/Users/nilakshanraveendran/Documents/research/data/raw/DRAL16kHz/fragments-short/EN_089_25.wav,/Users/nilakshanraveendran/Documents/research/data/raw/DRAL16kHz/fragments-short/ES_089_25.wav,It would be nice if you could be able to have a retirement plan that doesn't rely on... on other people.,Sería bueno tener- poder tener un plan de retiro que no dependa en pos otras personas.,train
EN_089_2__ES_089_2,85,85,true,EN_089_2,ES_089_2,/Users/nilakshanraveendran/Documents/research/data/raw/DRAL16kHz/fragments-short/EN_089_2.wav,/Users/nilakshanraveendran/Documents/research/data/raw/DRAL16kHz/fragments-short/ES_089_2.wav,It's hard for parents as well when they lose one of their children.,Es difícil también para los padres cuando uh pierden a un hijo.,train
EN_089_3__ES_089_3,85,85,true,EN_089_3,ES_089_3,/Users/nilakshanraveendran/Documents/research/data/raw/DRAL16kHz/fragments-short/EN_089_3.wav,/Users/nilakshanraveendran/Documents/research/data/raw/DRAL16kHz/fragments-short/ES_089_3.wav,"that can mess someone up real bad, so.",Si eso puede arruinar a alguien así uh.,train
EN_089_4__ES_089_4,89,89,true,EN_089_4,ES_089_4,/Users/nilakshanraveendran/Documents/research/data/raw/DRAL16kHz/fragments-short/EN_089_4.wav,/Users/nilakshanraveendran/Documents/research/data/raw/DRAL16kHz/fragments-short/ES_089_4.wav,mo- most people expect them to die first before their children so when it happens it's like what the hell,"La mayoría de la gente cree que se va a morir después de sus niños, entonces ya cuando pasa, entonces es como, ¿qué onda?",train
EN_089_5__ES_089_5,85,85,true,EN_089_5,ES_089_5,/Users/nilakshanraveendran/Documents/research/data/raw/DRAL16kHz/fragments-short/EN_089_5.wav,/Users/nilakshanraveendran/Documents/research/data/raw/DRAL16kHz/fragments-short/ES_089_5.wav,I,Sí.,train
EN_089_6__ES_089_6,85,85,true,EN_089_6,ES_089_6,/Users/nilakshanraveendran/Documents/research/data/raw/DRAL16kHz/fragments-short/EN_089_6.wav,/Users/nilakshanraveendran/Documents/research/data/raw/DRAL16kHz/fragments-short/ES_089_6.wav,Yeah.,Sí.,train
EN_089_7__ES_089_7,85,85,true,EN_089_7,ES_089_7,/Users/nilakshanraveendran/Documents/research/data/raw/DRAL16kHz/fragments-short/EN_089_7.wav,/Users/nilakshanraveendran/Documents/research/data/raw/DRAL16kHz/fragments-short/ES_089_7.wav,we're gonna bury them but that they don't want to bury us,nosotros los vamos a enterrar a ellos y no que ellos nos vayan a enterrar a nosotros.,train
EN_089_8__ES_089_8,89,89,true,EN_089_8,ES_089_8,/Users/nilakshanraveendran/Documents/research/data/raw/DRAL16kHz/fragments-short/EN_089_8.wav,/Users/nilakshanraveendran/Documents/research/data/raw/DRAL16kHz/fragments-short/ES_089_8.wav,Mm-hmm.,Mm-hmm.,train
EN_089_9__ES_089_9,89,89,true,EN_089_9,ES_089_9,/Users/nilakshanraveendran/Documents/research/data/raw/DRAL16kHz/fragments-short/EN_089_9.wav,/Users/nilakshanraveendran/Documents/research/data/raw/DRAL16kHz/fragments-short/ES_089_9.wav,It's like parents aren't supposed to outlive their children.,Y es como padres no deben de sobrevivir a sus niños.,train
EN_090_10__ES_090_10,90,90,true,EN_090_10,ES_090_10,/Users/nilakshanraveendran/Documents/research/data/raw/DRAL16kHz/fragments-short/EN_090_10.wav,/Users/nilakshanraveendran/Documents/research/data/raw/DRAL16kHz/fragments-short/ES_090_10.wav,So it was closed so I had to go to another bridge and I made two hours of line.,"Entonces estaba cerrada y me tuve que ir por otro puente, hice dos horas de fila.",dev
EN_090_11__ES_090_11,90,90,true,EN_090_11,ES_090_11,/Users/nilakshanraveendran/Documents/research/data/raw/DRAL16kHz/fragments-short/EN_090_11.wav,/Users/nilakshanraveendran/Documents/research/data/raw/DRAL16kHz/fragments-short/ES_090_11.wav,"No, I got here on time because I came here since 10:30am.","No, sí llegue a tiempo porque me vine desde las 10 y media de la mañana.",dev
EN_090_12__ES_090_12,90,90,true,EN_090_12,ES_090_12,/Users/nilakshanraveendran/Documents/research/data/raw/DRAL16kHz/fragments-short/EN_090_12.wav,/Users/nilakshanraveendran/Documents/research/data/raw/DRAL16kHz/fragments-short/ES_090_12.wav,"Because they're kids la- um, like, they're inoffensive people, you know?","Porque son niños que, pues, es- son personas indefensas, ¿sabes?",dev
EN_090_13__ES_090_13,90,90,true,EN_090_13,ES_090_13,/Users/nilakshanraveendran/Documents/research/data/raw/DRAL16kHz/fragments-short/EN_090_13.wav,/Users/nilakshanraveendran/Documents/research/data/raw/DRAL16kHz/fragments-short/ES_090_13.wav,"No, it's 'cause I didn't want it to have a kid, but no, i- that's not valid b- when... when you have a kid that is already here, yeah, like, you know?","Es que yo no quería tener un hijo o ese tipo de cosas, pero ya no es válido cuando hay un niño ya de por medio que ya está aquí, ¿sabes?",dev
EN_090_14__ES_090_14,57,57,true,EN_090_14,ES_090_14,/Users/nilakshanraveendran/Documents/research/data/raw/DRAL16kHz/fragments-short/EN_090_14.wav,/Users/nilakshanraveendran/Documents/research/data/raw/DRAL16kHz/fragments-short/ES_090_14.wav,Yeah.,Sí.,dev
EN_090_15__ES_090_15,90,90,true,EN_090_15,ES_090_15,/Users/nilakshanraveendran/Documents/research/data/raw/DRAL16kHz/fragments-short/EN_090_15.wav,/Users/nilakshanraveendran/Documents/research/data/raw/DRAL16kHz/fragments-short/ES_090_15.wav,"But why to abuse them? Like, they're kids that are innocent, you know? Like, why to abuse them?","Pero por qué abusarlos, por qué abusar de- de alguien que es- que es inocente.",dev
EN_090_16__ES_090_16,57,57,true,EN_090_16,ES_090_16,/Users/nilakshanraveendran/Documents/research/data/raw/DRAL16kHz/fragments-short/EN_090_16.wav,/Users/nilakshanraveendran/Documents/research/data/raw/DRAL16kHz/fragments-short/ES_090_16.wav,Yeah.,Sí.,dev
EN_090_17__ES_090_17,90,90,true,EN_090_17,ES_090_17,/Users/nilakshanraveendran/Documents/research/data/raw/DRAL16kHz/fragments-short/EN_090_17.wav,/Users/nilakshanraveendran/Documents/research/data/raw/DRAL16kHz/fragments-short/ES_090_17.wav,"I mean, I don't care about me, but I'm already of legal age in Mexico.","Ya uno como sea, ¿sabes cómo? Yo soy mayor de edad en México.",dev
EN_090_18__ES_090_18,57,57,true,EN_090_18,ES_090_18,/Users/nilakshanraveendran/Documents/research/data/raw/DRAL16kHz/fragments-short/EN_090_18.wav,/Users/nilakshanraveendran/Documents/research/data/raw/DRAL16kHz/fragments-short/ES_090_18.wav,Uh-huh.,¡Aww!,dev
EN_090_19__ES_090_19,90,90,true,EN_090_19,ES_090_19,/Users/nilakshanraveendran/Documents/research/data/raw/DRAL16kHz/fragments-short/EN_090_19.wav,/Users/nilakshanraveendran/Documents/research/data/raw/DRAL16kHz/fragments-short/ES_090_19.wav,"I cannot imagine the sadness of those kids to be in that place, in a shelter.","No me puedo imaginar la tristeza de estos niños tener que estar en ese lugar, en un shelter.",dev
EN_090_1__ES_090_1,90,90,true,EN_090_1,ES_090_1,/Users/nilakshanraveendran/Documents/research/data/raw/DRAL16kHz/fragments-short/EN_090_1.wav,/Users/nilakshanraveendran/Documents/research/data/raw/DRAL16kHz/fragments-short/ES_090_1.wav,So I cannot tell you about it bad experiences to be honest,"Entonces no puedo decirte de malas experiencias, la verdad.",dev
EN_090_2__ES_090_2,57,57,true,EN_090_2,ES_090_2,/Users/nilakshanraveendran/Documents/research/data/raw/DRAL16kHz/fragments-short/EN_090_2.wav,/Users/nilakshanraveendran/Documents/research/data/raw/DRAL16kHz/fragments-short/ES_090_2.wav,"Ah, okay.","Ah, ok.",dev
EN_090_3__ES_090_3,57,57,true,EN_090_3,ES_090_3,/Users/nilakshanraveendran/Documents/research/data/raw/DRAL16kHz/fragments-short/EN_090_3.wav,/Users/nilakshanraveendran/Documents/research/data/raw/DRAL16kHz/fragments-short/ES_090_3.wav,"If you want, just that one. And then you're already read the rest, no?","Si quieres nomás esa y luego ya listo lo demás, ¿no?",dev
EN_090_4__ES_090_4,90,90,true,EN_090_4,ES_090_4,/Users/nilakshanraveendran/Documents/research/data/raw/DRAL16kHz/fragments-short/EN_090_4.wav,/Users/nilakshanraveendran/Documents/research/data/raw/DRAL16kHz/fragments-short/ES_090_4.wav,The one that I think is Child Crisis and the center of El Paso.,Y el que yo pienso sería... Child Crisis Cen- Center of El Paso.,dev
EN_090_5__ES_090_5,90,90,true,EN_090_5,ES_090_5,/Users/nilakshanraveendran/Documents/research/data/raw/DRAL16kHz/fragments-short/EN_090_5.wav,/Users/nilakshanraveendran/Documents/research/data/raw/DRAL16kHz/fragments-short/ES_090_5.wav,"It's the same, something like that. It's almost the same.","Es igual per-, casi casi, es parecido.",dev
EN_090_6__ES_090_6,90,90,true,EN_090_6,ES_090_6,/Users/nilakshanraveendran/Documents/research/data/raw/DRAL16kHz/fragments-short/EN_090_6.wav,/Users/nilakshanraveendran/Documents/research/data/raw/DRAL16kHz/fragments-short/ES_090_6.wav,"No, then I think it's more like the second one.",No entonces le voy más al Segundo [laughter].,dev
EN_090_7__ES_090_7,90,90,true,EN_090_7,ES_090_7,/Users/nilakshanraveendran/Documents/research/data/raw/DRAL16kHz/fragments-short/EN_090_7.wav,/Users/nilakshanraveendran/Documents/research/data/raw/DRAL16kHz/fragments-short/ES_090_7.wav,"To be honest, I didn't choose a lot from the others 'cause I see that a lot talk about immigrants.",La verdad no escogí muchos de los otros porque veo que muchos hablan de inmigrantes.,dev
EN_090_8__ES_090_8,90,90,true,EN_090_8,ES_090_8,/Users/nilakshanraveendran/Documents/research/data/raw/DRAL16kHz/fragments-short/EN_090_8.wav,/Users/nilakshanraveendran/Documents/research/data/raw/DRAL16kHz/fragments-short/ES_090_8.wav,I'm not that happy with the situation.,Ahorita estoy no muy contenta con la situación.,dev
EN_090_9__ES_090_9,90,90,true,EN_090_9,ES_090_9,/Users/nilakshanraveendran/Documents/research/data/raw/DRAL16kHz/fragments-short/EN_090_9.wav,/Users/nilakshanraveendran/Documents/research/data/raw/DRAL16kHz/fragments-short/ES_090_9.wav,"So people can get to the bridge and they think that trying to standing there, they're gonna let them cross.",Para que llegue gente y nomas pensando que se van a parar en el puente y los van a dejar cruzar.,dev
EN_091_10__ES_091_10,86,86,true,EN_091_10,ES_091_10,/Users/nilakshanraveendran/Documents/research/data/raw/DRAL16kHz/fragments-short/EN_091_10.wav,/Users/nilakshanraveendran/Documents/research/data/raw/DRAL16kHz/fragments-short/ES_091_10.wav,two or three people.,a los muchachos,train
EN_091_11__ES_091_11,86,86,true,EN_091_11,ES_091_11,/Users/nilakshanraveendran/Documents/research/data/raw/DRAL16kHz/fragments-short/EN_091_11.wav,/Users/nilakshanraveendran/Documents/research/data/raw/DRAL16kHz/fragments-short/ES_091_11.wav,"I see like a bunch of food all over the place. I was like, oh my god.","Yo vi comida en todo- todos lados, todo en el piso y dije, ay Dios mío.",train
EN_091_12__ES_091_12,86,86,true,EN_091_12,ES_091_12,/Users/nilakshanraveendran/Documents/research/data/raw/DRAL16kHz/fragments-short/EN_091_12.wav,/Users/nilakshanraveendran/Documents/research/data/raw/DRAL16kHz/fragments-short/ES_091_12.wav,so much food on the floor. I felt so bad for the janitors.,"Hay comida en todo el piso, sentí muy mal por el concergedores.",train
EN_091_13__ES_091_13,91,91,true,EN_091_13,ES_091_13,/Users/nilakshanraveendran/Documents/research/data/raw/DRAL16kHz/fragments-short/EN_091_13.wav,/Users/nilakshanraveendran/Documents/research/data/raw/DRAL16kHz/fragments-short/ES_091_13.wav,I do remember but it wasn't like that. We just got out of class and make a party.,"Sí recuerdo la mía, pero no fue así. Nomás nos salimos de la clase e hicimos una fiesta.",train
EN_091_14__ES_091_14,86,86,true,EN_091_14,ES_091_14,/Users/nilakshanraveendran/Documents/research/data/raw/DRAL16kHz/fragments-short/EN_091_14.wav,/Users/nilakshanraveendran/Documents/research/data/raw/DRAL16kHz/fragments-short/ES_091_14.wav,Oh.,Oh,train
EN_091_15__ES_091_15,86,86,true,EN_091_15,ES_091_15,/Users/nilakshanraveendran/Documents/research/data/raw/DRAL16kHz/fragments-short/EN_091_15.wav,/Users/nilakshanraveendran/Documents/research/data/raw/DRAL16kHz/fragments-short/ES_091_15.wav,"Did you go to it, I'm guessing? Oh, man. That must've been fun.","¿Fuistes? Sí. Ah, yo, eso, yo creo que eso fue divertido.",train
EN_091_16__ES_091_16,91,91,true,EN_091_16,ES_091_16,/Users/nilakshanraveendran/Documents/research/data/raw/DRAL16kHz/fragments-short/EN_091_16.wav,/Users/nilakshanraveendran/Documents/research/data/raw/DRAL16kHz/fragments-short/ES_091_16.wav,Yeah.,Sí.,train
EN_091_17__ES_091_17,91,91,true,EN_091_17,ES_091_17,/Users/nilakshanraveendran/Documents/research/data/raw/DRAL16kHz/fragments-short/EN_091_17.wav,/Users/nilakshanraveendran/Documents/research/data/raw/DRAL16kHz/fragments-short/ES_091_17.wav,I think it was Coke or something like that.,Era coca o algo así.,train
EN_091_18__ES_091_18,86,86,true,EN_091_18,ES_091_18,/Users/nilakshanraveendran/Documents/research/data/raw/DRAL16kHz/fragments-short/EN_091_18.wav,/Users/nilakshanraveendran/Documents/research/data/raw/DRAL16kHz/fragments-short/ES_091_18.wav,Coke? Coke pong?,¿Coc? ¿Coc?,train
EN_091_19__ES_091_19,91,91,true,EN_091_19,ES_091_19,/Users/nilakshanraveendran/Documents/research/data/raw/DRAL16kHz/fragments-short/EN_091_19.wav,/Users/nilakshanraveendran/Documents/research/data/raw/DRAL16kHz/fragments-short/ES_091_19.wav,I'm good at that too but I'm like... They always p- put me last.,"También soy bueno en eso, pero... Siempre me ponen al último.",train
EN_091_1__ES_091_1,86,86,true,EN_091_1,ES_091_1,/Users/nilakshanraveendran/Documents/research/data/raw/DRAL16kHz/fragments-short/EN_091_1.wav,/Users/nilakshanraveendran/Documents/research/data/raw/DRAL16kHz/fragments-short/ES_091_1.wav,"I think I'm doing pretty good. I mean, I got a pretty good gr- grade on my last midterm.","Um yo creo que hice muy bien, uh en el ultimo midterm agarre un 84",train
EN_091_20__ES_091_20,91,91,true,EN_091_20,ES_091_20,/Users/nilakshanraveendran/Documents/research/data/raw/DRAL16kHz/fragments-short/EN_091_20.wav,/Users/nilakshanraveendran/Documents/research/data/raw/DRAL16kHz/fragments-short/ES_091_20.wav,But it was full of like cars. It kinda looked li- like a junkyard.,Estaba lleno de carros. Casi casi se parecía a un yonke.,train
EN_091_2__ES_091_2,86,86,true,EN_091_2,ES_091_2,/Users/nilakshanraveendran/Documents/research/data/raw/DRAL16kHz/fragments-short/EN_091_2.wav,/Users/nilakshanraveendran/Documents/research/data/raw/DRAL16kHz/fragments-short/ES_091_2.wav,"If we start somewhere, but I guess that's where I'm starting.",Todos nosotros siempre pensamos en un lugar y eh yo creo que ahí voy a pensar yo.,train
EN_091_3__ES_091_3,86,86,true,EN_091_3,ES_091_3,/Users/nilakshanraveendran/Documents/research/data/raw/DRAL16kHz/fragments-short/EN_091_3.wav,/Users/nilakshanraveendran/Documents/research/data/raw/DRAL16kHz/fragments-short/ES_091_3.wav,"Well, it wasn't hard in concept. The concept wasn't hard, but executing it is kind of hard.","El la concepto no- no es difícil, pero siéndolo en práctica sí es.",train
EN_091_4__ES_091_4,91,91,true,EN_091_4,ES_091_4,/Users/nilakshanraveendran/Documents/research/data/raw/DRAL16kHz/fragments-short/EN_091_4.wav,/Users/nilakshanraveendran/Documents/research/data/raw/DRAL16kHz/fragments-short/ES_091_4.wav,I'm still I'm still struggling with it.,Todavía estoy batallando con eso.,train
EN_091_5__ES_091_5,91,91,true,EN_091_5,ES_091_5,/Users/nilakshanraveendran/Documents/research/data/raw/DRAL16kHz/fragments-short/EN_091_5.wav,/Users/nilakshanraveendran/Documents/research/data/raw/DRAL16kHz/fragments-short/ES_091_5.wav,"I remember when I watched those, I was like, uh, this looks easy.","Me acuerdo cuando vi eso, dije, oh, eso se ve fácil.",train
EN_091_6__ES_091_6,86,86,true,EN_091_6,ES_091_6,/Users/nilakshanraveendran/Documents/research/data/raw/DRAL16kHz/fragments-short/EN_091_6.wav,/Users/nilakshanraveendran/Documents/research/data/raw/DRAL16kHz/fragments-short/ES_091_6.wav,Oh.,jajaja,train
EN_091_7__ES_091_7,86,86,true,EN_091_7,ES_091_7,/Users/nilakshanraveendran/Documents/research/data/raw/DRAL16kHz/fragments-short/EN_091_7.wav,/Users/nilakshanraveendran/Documents/research/data/raw/DRAL16kHz/fragments-short/ES_091_7.wav,gonna be a lot more different high school I never believed them but then like here we are,"Es muy diferente que High School, pero aquí estamos.",train
EN_091_8__ES_091_8,86,86,true,EN_091_8,ES_091_8,/Users/nilakshanraveendran/Documents/research/data/raw/DRAL16kHz/fragments-short/EN_091_8.wav,/Users/nilakshanraveendran/Documents/research/data/raw/DRAL16kHz/fragments-short/ES_091_8.wav,"Alright, 'cause yeah you graduated a very long time ago.","Oh, pues sí, grabé eso hace mucho tiempo.",train
EN_091_9__ES_091_9,91,91,true,EN_091_9,ES_091_9,/Users/nilakshanraveendran/Documents/research/data/raw/DRAL16kHz/fragments-short/EN_091_9.wav,/Users/nilakshanraveendran/Documents/research/data/raw/DRAL16kHz/fragments-short/ES_091_9.wav,"Only from high school only talk like with like two or three, the other ones I don't know what happened to them.","De la prepa, nomás le hablo como a dos o tres. Las otras no sé qué les pasó.",train
EN_092_10__ES_092_10,85,85,true,EN_092_10,ES_092_10,/Users/nilakshanraveendran/Documents/research/data/raw/DRAL16kHz/fragments-short/EN_092_10.wav,/Users/nilakshanraveendran/Documents/research/data/raw/DRAL16kHz/fragments-short/ES_092_10.wav,I guess Pancha started having like feelings for uh for Juanita,Yo creo que Pancha empezó a tener sentimientos por... ¿Por quién? Por ti. Por Juanita.,train
EN_092_11__ES_092_11,92,92,true,EN_092_11,ES_092_11,/Users/nilakshanraveendran/Documents/research/data/raw/DRAL16kHz/fragments-short/EN_092_11.wav,/Users/nilakshanraveendran/Documents/research/data/raw/DRAL16kHz/fragments-short/ES_092_11.wav,For who? For you!,¿Por quién? Por ti.,train
EN_092_12__ES_092_12,85,85,true,EN_092_12,ES_092_12,/Users/nilakshanraveendran/Documents/research/data/raw/DRAL16kHz/fragments-short/EN_092_12.wav,/Users/nilakshanraveendran/Documents/research/data/raw/DRAL16kHz/fragments-short/ES_092_12.wav,"But Pancha used to hang out a lot with me, so they thought she had feelings for me.","Pero Pancha solía juntarse mucho conmigo, pensaban que ella tenía sentimientos por mí.",train
EN_092_13__ES_092_13,85,85,true,EN_092_13,ES_092_13,/Users/nilakshanraveendran/Documents/research/data/raw/DRAL16kHz/fragments-short/EN_092_13.wav,/Users/nilakshanraveendran/Documents/research/data/raw/DRAL16kHz/fragments-short/ES_092_13.wav,"Pancha was like asking my friend, so guess what?","So Pancha, le estaba diciendo a mi amiga. No sabes qué.",train
EN_092_14__ES_092_14,85,85,true,EN_092_14,ES_092_14,/Users/nilakshanraveendran/Documents/research/data/raw/DRAL16kHz/fragments-short/EN_092_14.wav,/Users/nilakshanraveendran/Documents/research/data/raw/DRAL16kHz/fragments-short/ES_092_14.wav,"And everyone else around me was also asking me like, dude, I think she likes you.","Todos alrededor de mí tambien me están diciendo, este, wey, creo que le gusta.",train
EN_092_15__ES_092_15,85,85,true,EN_092_15,ES_092_15,/Users/nilakshanraveendran/Documents/research/data/raw/DRAL16kHz/fragments-short/EN_092_15.wav,/Users/nilakshanraveendran/Documents/research/data/raw/DRAL16kHz/fragments-short/ES_092_15.wav,Pancha told my friend that she liked Juanita.,Pancha le dijo a mi amiga que le gustaba Juanita.,train
EN_092_16__ES_092_16,85,85,true,EN_092_16,ES_092_16,/Users/nilakshanraveendran/Documents/research/data/raw/DRAL16kHz/fragments-short/EN_092_16.wav,/Users/nilakshanraveendran/Documents/research/data/raw/DRAL16kHz/fragments-short/ES_092_16.wav,We've known that since we first met her.,Sabemos de eso desde que la conocemos.,train
EN_092_17__ES_092_17,92,92,true,EN_092_17,ES_092_17,/Users/nilakshanraveendran/Documents/research/data/raw/DRAL16kHz/fragments-short/EN_092_17.wav,/Users/nilakshanraveendran/Documents/research/data/raw/DRAL16kHz/fragments-short/ES_092_17.wav,"Yeah? Oh okay, so everyone, everyone, okay.","Sí, entonces todos sabían.",train
EN_092_18__ES_092_18,85,85,true,EN_092_18,ES_092_18,/Users/nilakshanraveendran/Documents/research/data/raw/DRAL16kHz/fragments-short/EN_092_18.wav,/Users/nilakshanraveendran/Documents/research/data/raw/DRAL16kHz/fragments-short/ES_092_18.wav,Yeah. Yeah. Everyone knew.,"Sí. ¿Sí? Entonces todos sabían. Sí, todos sabían.",train
EN_092_19__ES_092_19,85,85,true,EN_092_19,ES_092_19,/Users/nilakshanraveendran/Documents/research/data/raw/DRAL16kHz/fragments-short/EN_092_19.wav,/Users/nilakshanraveendran/Documents/research/data/raw/DRAL16kHz/fragments-short/ES_092_19.wav,Tell her. Tell her how you feel.,"le dijo, dile como te sientes",train
EN_092_1__ES_092_1,92,92,true,EN_092_1,ES_092_1,/Users/nilakshanraveendran/Documents/research/data/raw/DRAL16kHz/fragments-short/EN_092_1.wav,/Users/nilakshanraveendran/Documents/research/data/raw/DRAL16kHz/fragments-short/ES_092_1.wav,"No, that doesn't bother me. No.","No, eso no me molesta. No.",train
EN_092_20__ES_092_20,92,92,true,EN_092_20,ES_092_20,/Users/nilakshanraveendran/Documents/research/data/raw/DRAL16kHz/fragments-short/EN_092_20.wav,/Users/nilakshanraveendran/Documents/research/data/raw/DRAL16kHz/fragments-short/ES_092_20.wav,Yeah.,¿Sí?,train
EN_092_21__ES_092_21,85,85,true,EN_092_21,ES_092_21,/Users/nilakshanraveendran/Documents/research/data/raw/DRAL16kHz/fragments-short/EN_092_21.wav,/Users/nilakshanraveendran/Documents/research/data/raw/DRAL16kHz/fragments-short/ES_092_21.wav,Like she was mad 'cause of some comments that Pancha had made throughout the week.,"Y ella estaba enojada por unos comentarios que Pancha hizo en la, en la semana.",train
EN_092_22__ES_092_22,92,92,true,EN_092_22,ES_092_22,/Users/nilakshanraveendran/Documents/research/data/raw/DRAL16kHz/fragments-short/EN_092_22.wav,/Users/nilakshanraveendran/Documents/research/data/raw/DRAL16kHz/fragments-short/ES_092_22.wav,Mm-hmm.,Mm-hmm.,train
EN_092_23__ES_092_23,85,85,true,EN_092_23,ES_092_23,/Users/nilakshanraveendran/Documents/research/data/raw/DRAL16kHz/fragments-short/EN_092_23.wav,/Users/nilakshanraveendran/Documents/research/data/raw/DRAL16kHz/fragments-short/ES_092_23.wav,"And then he's like, I don't... I don't really like her that much.",Y luego pues ella dijo que pues no me gusta tanto.,train
EN_092_24__ES_092_24,85,85,true,EN_092_24,ES_092_24,/Users/nilakshanraveendran/Documents/research/data/raw/DRAL16kHz/fragments-short/EN_092_24.wav,/Users/nilakshanraveendran/Documents/research/data/raw/DRAL16kHz/fragments-short/ES_092_24.wav,as a person she like... like not the type of person I wanna hang out with,"Como persona este, pues no es, no es el tipo de persona con la que quiere juntarse.",train
EN_092_25__ES_092_25,92,92,true,EN_092_25,ES_092_25,/Users/nilakshanraveendran/Documents/research/data/raw/DRAL16kHz/fragments-short/EN_092_25.wav,/Users/nilakshanraveendran/Documents/research/data/raw/DRAL16kHz/fragments-short/ES_092_25.wav,Uh-huh.,Ajá.,train
EN_092_2__ES_092_2,85,85,true,EN_092_2,ES_092_2,/Users/nilakshanraveendran/Documents/research/data/raw/DRAL16kHz/fragments-short/EN_092_2.wav,/Users/nilakshanraveendran/Documents/research/data/raw/DRAL16kHz/fragments-short/ES_092_2.wav,That doesn't bother you?,¿Te molesta?,train
EN_092_3__ES_092_3,92,92,true,EN_092_3,ES_092_3,/Users/nilakshanraveendran/Documents/research/data/raw/DRAL16kHz/fragments-short/EN_092_3.wav,/Users/nilakshanraveendran/Documents/research/data/raw/DRAL16kHz/fragments-short/ES_092_3.wav,"No I think I have another one. Yeah, this one is the last one.","No, creo que tengo otro. Sí, este es el último.",train
EN_092_4__ES_092_4,92,92,true,EN_092_4,ES_092_4,/Users/nilakshanraveendran/Documents/research/data/raw/DRAL16kHz/fragments-short/EN_092_4.wav,/Users/nilakshanraveendran/Documents/research/data/raw/DRAL16kHz/fragments-short/ES_092_4.wav,Uh I- I cannot talk a lot about about them 'cause I have only had like one job in my whole life.,"Eh no, no puedo hablar mucho de ellos porque nomás he tenido un trabajo como en toda mi vida.",train
EN_092_5__ES_092_5,92,92,true,EN_092_5,ES_092_5,/Users/nilakshanraveendran/Documents/research/data/raw/DRAL16kHz/fragments-short/EN_092_5.wav,/Users/nilakshanraveendran/Documents/research/data/raw/DRAL16kHz/fragments-short/ES_092_5.wav,"That's the only one I can talk about. Uh, do you want to start?","Creo que es la única de la que puedo hablar, pero... ¿Quieres empezar?",train
EN_092_6__ES_092_6,85,85,true,EN_092_6,ES_092_6,/Users/nilakshanraveendran/Documents/research/data/raw/DRAL16kHz/fragments-short/EN_092_6.wav,/Users/nilakshanraveendran/Documents/research/data/raw/DRAL16kHz/fragments-short/ES_092_6.wav,A ver.,A ver.,train
EN_092_7__ES_092_7,85,85,true,EN_092_7,ES_092_7,/Users/nilakshanraveendran/Documents/research/data/raw/DRAL16kHz/fragments-short/EN_092_7.wav,/Users/nilakshanraveendran/Documents/research/data/raw/DRAL16kHz/fragments-short/ES_092_7.wav,"One joined in January, the other one joined like mid-February.","Una se unió en enero, la otra se unió como en... a mediados de febrero.",train
EN_092_8__ES_092_8,85,85,true,EN_092_8,ES_092_8,/Users/nilakshanraveendran/Documents/research/data/raw/DRAL16kHz/fragments-short/EN_092_8.wav,/Users/nilakshanraveendran/Documents/research/data/raw/DRAL16kHz/fragments-short/ES_092_8.wav,"Let's call the one in January, Pancha, and the one that joined in February, Juanita.","Vamos a llamarle a la que se unió en enero, Pancha, y la que se unió en febrero, Juanita.",train
EN_092_9__ES_092_9,85,85,true,EN_092_9,ES_092_9,/Users/nilakshanraveendran/Documents/research/data/raw/DRAL16kHz/fragments-short/EN_092_9.wav,/Users/nilakshanraveendran/Documents/research/data/raw/DRAL16kHz/fragments-short/ES_092_9.wav,and they would join me and one of my other friends. She's a girl too.,Este y se- se unió a mí y a uno de mis amigos que también es mujer,train
EN_093_10__ES_093_10,93,93,true,EN_093_10,ES_093_10,/Users/nilakshanraveendran/Documents/research/data/raw/DRAL16kHz/fragments-short/EN_093_10.wav,/Users/nilakshanraveendran/Documents/research/data/raw/DRAL16kHz/fragments-short/ES_093_10.wav,"I don't know, I think that would be a very crazy idea.","No sé, es que sería una idea muy loca.",train
EN_093_11__ES_093_11,93,93,true,EN_093_11,ES_093_11,/Users/nilakshanraveendran/Documents/research/data/raw/DRAL16kHz/fragments-short/EN_093_11.wav,/Users/nilakshanraveendran/Documents/research/data/raw/DRAL16kHz/fragments-short/ES_093_11.wav,Of course taking my family or taking my friends with me.,"Obviamente llevar a mi familia, mejor llevar amigos.",train
EN_093_12__ES_093_12,93,93,true,EN_093_12,ES_093_12,/Users/nilakshanraveendran/Documents/research/data/raw/DRAL16kHz/fragments-short/EN_093_12.wav,/Users/nilakshanraveendran/Documents/research/data/raw/DRAL16kHz/fragments-short/ES_093_12.wav,That one would be very interesting but I also think that it would be very expensive.,"Está muy interesante, pero también es muy caro.",train
EN_093_13__ES_093_13,93,93,true,EN_093_13,ES_093_13,/Users/nilakshanraveendran/Documents/research/data/raw/DRAL16kHz/fragments-short/EN_093_13.wav,/Users/nilakshanraveendran/Documents/research/data/raw/DRAL16kHz/fragments-short/ES_093_13.wav,yeah I think I would do many things but I wouldn't uh spend that money just to spend it,"Sí, haría muchas cosas, pero creo que no lo gastaría a la ligera o sea.",train
EN_093_14__ES_093_14,93,93,true,EN_093_14,ES_093_14,/Users/nilakshanraveendran/Documents/research/data/raw/DRAL16kHz/fragments-short/EN_093_14.wav,/Users/nilakshanraveendran/Documents/research/data/raw/DRAL16kHz/fragments-short/ES_093_14.wav,think it also goes together with uh helping others,va de la mano también el ayudar a otros.,train
EN_093_15__ES_093_15,93,93,true,EN_093_15,ES_093_15,/Users/nilakshanraveendran/Documents/research/data/raw/DRAL16kHz/fragments-short/EN_093_15.wav,/Users/nilakshanraveendran/Documents/research/data/raw/DRAL16kHz/fragments-short/ES_093_15.wav,"Because sometimes we'd only want that money for ourselves, but we have to think, how can you... how can you use that money to help others?","Porque a veces nomás queremos ese dinero para nosotros, pero ¿cómo estás ayudando a la comunidad?",train
EN_093_16__ES_093_16,93,93,true,EN_093_16,ES_093_16,/Users/nilakshanraveendran/Documents/research/data/raw/DRAL16kHz/fragments-short/EN_093_16.wav,/Users/nilakshanraveendran/Documents/research/data/raw/DRAL16kHz/fragments-short/ES_093_16.wav,You can help others to have a better quality of life.,puedes ayudar a que alguien tenga una mejor calidad de vida.,train
EN_093_17__ES_093_17,57,57,true,EN_093_17,ES_093_17,/Users/nilakshanraveendran/Documents/research/data/raw/DRAL16kHz/fragments-short/EN_093_17.wav,/Users/nilakshanraveendran/Documents/research/data/raw/DRAL16kHz/fragments-short/ES_093_17.wav,Yeah.,Sí.,dev
EN_093_18__ES_093_18,93,93,true,EN_093_18,ES_093_18,/Users/nilakshanraveendran/Documents/research/data/raw/DRAL16kHz/fragments-short/EN_093_18.wav,/Users/nilakshanraveendran/Documents/research/data/raw/DRAL16kHz/fragments-short/ES_093_18.wav,I think that is something very important.,"Entonces, siento que es algo importante también.",train
EN_093_1__ES_093_1,57,57,true,EN_093_1,ES_093_1,/Users/nilakshanraveendran/Documents/research/data/raw/DRAL16kHz/fragments-short/EN_093_1.wav,/Users/nilakshanraveendran/Documents/research/data/raw/DRAL16kHz/fragments-short/ES_093_1.wav,It's like people who have won the lottery and they didn't like think about it and they used everything.,"como gente que ha ganado la lotería, que no lo pensaron bien y la gastaron todo.",dev
EN_093_2__ES_093_2,93,93,true,EN_093_2,ES_093_2,/Users/nilakshanraveendran/Documents/research/data/raw/DRAL16kHz/fragments-short/EN_093_2.wav,/Users/nilakshanraveendran/Documents/research/data/raw/DRAL16kHz/fragments-short/ES_093_2.wav,"Okay, I think that is um the dream of everyone. Everyone wants to wo- won the lottery.","Ok, siento como que eso es un sueño que todos han tenido siempre, ¿no? De ganarse la lotería.",train
EN_093_3__ES_093_3,57,57,true,EN_093_3,ES_093_3,/Users/nilakshanraveendran/Documents/research/data/raw/DRAL16kHz/fragments-short/EN_093_3.wav,/Users/nilakshanraveendran/Documents/research/data/raw/DRAL16kHz/fragments-short/ES_093_3.wav,Yeah.,Sí.,dev
EN_093_4__ES_093_4,93,93,true,EN_093_4,ES_093_4,/Users/nilakshanraveendran/Documents/research/data/raw/DRAL16kHz/fragments-short/EN_093_4.wav,/Users/nilakshanraveendran/Documents/research/data/raw/DRAL16kHz/fragments-short/ES_093_4.wav,It is um about quitting your job and not having to worry about paying something.,"salirse del trabajo, de tener que estar preocupado por pagar.",train
EN_093_5__ES_093_5,93,93,true,EN_093_5,ES_093_5,/Users/nilakshanraveendran/Documents/research/data/raw/DRAL16kHz/fragments-short/EN_093_5.wav,/Users/nilakshanraveendran/Documents/research/data/raw/DRAL16kHz/fragments-short/ES_093_5.wav,"Um yeah, I would invest in my education.","Pues sí, lo invertiría en mi educación.",train
EN_093_6__ES_093_6,93,93,true,EN_093_6,ES_093_6,/Users/nilakshanraveendran/Documents/research/data/raw/DRAL16kHz/fragments-short/EN_093_6.wav,/Users/nilakshanraveendran/Documents/research/data/raw/DRAL16kHz/fragments-short/ES_093_6.wav,"Um because I get assistance to pay my tuition, but it doesn't cover my whole tuition.","Me ayudan para pagar mi escuela, pero no, no cubre todos los gastos.",train
EN_093_7__ES_093_7,93,93,true,EN_093_7,ES_093_7,/Users/nilakshanraveendran/Documents/research/data/raw/DRAL16kHz/fragments-short/EN_093_7.wav,/Users/nilakshanraveendran/Documents/research/data/raw/DRAL16kHz/fragments-short/ES_093_7.wav,So I have to look for ways to uh complete my tuition in other ways.,entonces yo tengo que estar buscando por mi propia cuenta cómo acompletar la otra parte.,train
EN_093_8__ES_093_8,93,93,true,EN_093_8,ES_093_8,/Users/nilakshanraveendran/Documents/research/data/raw/DRAL16kHz/fragments-short/EN_093_8.wav,/Users/nilakshanraveendran/Documents/research/data/raw/DRAL16kHz/fragments-short/ES_093_8.wav,"Right now, for example, I have to work. I'm working right now.",Si trabajando como ahorita que estoy trabajando.,train
EN_093_9__ES_093_9,93,93,true,EN_093_9,ES_093_9,/Users/nilakshanraveendran/Documents/research/data/raw/DRAL16kHz/fragments-short/EN_093_9.wav,/Users/nilakshanraveendran/Documents/research/data/raw/DRAL16kHz/fragments-short/ES_093_9.wav,So that would be a very helpful um assistance.,Esa ayuda sí sería muy beneficiosa.,train
EN_094_10__ES_094_10,94,94,true,EN_094_10,ES_094_10,/Users/nilakshanraveendran/Documents/research/data/raw/DRAL16kHz/fragments-short/EN_094_10.wav,/Users/nilakshanraveendran/Documents/research/data/raw/DRAL16kHz/fragments-short/ES_094_10.wav,I uh I thought about it uh,"Ahí ya, después la pensé",train
EN_094_11__ES_094_11,85,85,true,EN_094_11,ES_094_11,/Users/nilakshanraveendran/Documents/research/data/raw/DRAL16kHz/fragments-short/EN_094_11.wav,/Users/nilakshanraveendran/Documents/research/data/raw/DRAL16kHz/fragments-short/ES_094_11.wav,But I didn't send her a message till yesterday.,Pero no le mandé mensaje hasta ayer.,train
EN_094_12__ES_094_12,85,85,true,EN_094_12,ES_094_12,/Users/nilakshanraveendran/Documents/research/data/raw/DRAL16kHz/fragments-short/EN_094_12.wav,/Users/nilakshanraveendran/Documents/research/data/raw/DRAL16kHz/fragments-short/ES_094_12.wav,"On Sunday, I didn't want to send her a message 'cause it was Easter and I didn't want to bother her.","El domingo no le quise mandar mensaje, pues era Pascua, estaba toda con su familia, no la quiero molestar.",train
EN_094_13__ES_094_13,85,85,true,EN_094_13,ES_094_13,/Users/nilakshanraveendran/Documents/research/data/raw/DRAL16kHz/fragments-short/EN_094_13.wav,/Users/nilakshanraveendran/Documents/research/data/raw/DRAL16kHz/fragments-short/ES_094_13.wav,"She's not like that with new people. She's not, like, very talkative.","Dice, ella no es, no es así con gente nueva, no anda de platicadora.",train
EN_094_14__ES_094_14,85,85,true,EN_094_14,ES_094_14,/Users/nilakshanraveendran/Documents/research/data/raw/DRAL16kHz/fragments-short/EN_094_14.wav,/Users/nilakshanraveendran/Documents/research/data/raw/DRAL16kHz/fragments-short/ES_094_14.wav,they tell you they're gonna introduce someone to you obviously you're gonna doll up,"Si te dicen que te van a presentar a alguien, pues obviamente te vas a arreglar.",train
EN_094_15__ES_094_15,94,94,true,EN_094_15,ES_094_15,/Users/nilakshanraveendran/Documents/research/data/raw/DRAL16kHz/fragments-short/EN_094_15.wav,/Users/nilakshanraveendran/Documents/research/data/raw/DRAL16kHz/fragments-short/ES_094_15.wav,"I'll go for what your friend told you, and let me tell you why.",Yo opto por lo que te dijo tu amiga. Y déjame te digo por qué.,train
EN_094_16__ES_094_16,94,94,true,EN_094_16,ES_094_16,/Users/nilakshanraveendran/Documents/research/data/raw/DRAL16kHz/fragments-short/EN_094_16.wav,/Users/nilakshanraveendran/Documents/research/data/raw/DRAL16kHz/fragments-short/ES_094_16.wav,"All of them are the same, y- you know how? Like, I was in that stage.","que todos son iguales, ¿sa- sabes cómo? está en esa etapa",train
EN_094_17__ES_094_17,94,94,true,EN_094_17,ES_094_17,/Users/nilakshanraveendran/Documents/research/data/raw/DRAL16kHz/fragments-short/EN_094_17.wav,/Users/nilakshanraveendran/Documents/research/data/raw/DRAL16kHz/fragments-short/ES_094_17.wav,"Let me tell you that I have a friend, you know what I mean? 'Cause they work together.",Fíjate que tengo una amiga. ¿Sabes cómo? Porque trabajaban juntos.,train
EN_094_1__ES_094_1,94,94,true,EN_094_1,ES_094_1,/Users/nilakshanraveendran/Documents/research/data/raw/DRAL16kHz/fragments-short/EN_094_1.wav,/Users/nilakshanraveendran/Documents/research/data/raw/DRAL16kHz/fragments-short/ES_094_1.wav,I- I think you finish it and like she's just making drama,Pues creo que sí lo terminaste de que pues está creando puro drama.,train
EN_094_2__ES_094_2,85,85,true,EN_094_2,ES_094_2,/Users/nilakshanraveendran/Documents/research/data/raw/DRAL16kHz/fragments-short/EN_094_2.wav,/Users/nilakshanraveendran/Documents/research/data/raw/DRAL16kHz/fragments-short/ES_094_2.wav,I don't want to play with you. I'm going to beat you and you're going to start crying.,"Y me dijo que no a jugar, no te quiero ganar y vas a ponerte a llorar.",train
EN_094_3__ES_094_3,85,85,true,EN_094_3,ES_094_3,/Users/nilakshanraveendran/Documents/research/data/raw/DRAL16kHz/fragments-short/EN_094_3.wav,/Users/nilakshanraveendran/Documents/research/data/raw/DRAL16kHz/fragments-short/ES_094_3.wav,I'm gonna introduce you to one of my friends. You guys will get along really well.,"Te voy a presentar a una de mis amigas, este, tú y ella se llevarían muy bien.",train
EN_094_4__ES_094_4,85,85,true,EN_094_4,ES_094_4,/Users/nilakshanraveendran/Documents/research/data/raw/DRAL16kHz/fragments-short/EN_094_4.wav,/Users/nilakshanraveendran/Documents/research/data/raw/DRAL16kHz/fragments-short/ES_094_4.wav,"What do we call this girl? Um, Maria.",¿Cómo le ponemos a esta chava? María.,train
EN_094_5__ES_094_5,85,85,true,EN_094_5,ES_094_5,/Users/nilakshanraveendran/Documents/research/data/raw/DRAL16kHz/fragments-short/EN_094_5.wav,/Users/nilakshanraveendran/Documents/research/data/raw/DRAL16kHz/fragments-short/ES_094_5.wav,And I kind of just like blew her off.,"Y yo le, no, yo la, yo como que la tiré al león",train
EN_094_6__ES_094_6,85,85,true,EN_094_6,ES_094_6,/Users/nilakshanraveendran/Documents/research/data/raw/DRAL16kHz/fragments-short/EN_094_6.wav,/Users/nilakshanraveendran/Documents/research/data/raw/DRAL16kHz/fragments-short/ES_094_6.wav,We went to go bowling and they invited her too.,Fuimos a jugar boliche y la invitaron a ella también.,train
EN_094_7__ES_094_7,85,85,true,EN_094_7,ES_094_7,/Users/nilakshanraveendran/Documents/research/data/raw/DRAL16kHz/fragments-short/EN_094_7.wav,/Users/nilakshanraveendran/Documents/research/data/raw/DRAL16kHz/fragments-short/ES_094_7.wav,"Yeah, we met there and um we were talking and yeah, I kind of like the girl.","Sí, ahí nos conocimos y ya platicando ahí me cayó bien la chava.",train
EN_094_8__ES_094_8,85,85,true,EN_094_8,ES_094_8,/Users/nilakshanraveendran/Documents/research/data/raw/DRAL16kHz/fragments-short/EN_094_8.wav,/Users/nilakshanraveendran/Documents/research/data/raw/DRAL16kHz/fragments-short/ES_094_8.wav,"Um, but I didn't ask for her number at the end of the night.",Y pero no le pedí su número al final de la noche,train
EN_094_9__ES_094_9,85,85,true,EN_094_9,ES_094_9,/Users/nilakshanraveendran/Documents/research/data/raw/DRAL16kHz/fragments-short/EN_094_9.wav,/Users/nilakshanraveendran/Documents/research/data/raw/DRAL16kHz/fragments-short/ES_094_9.wav,"So at the end uh I didn't ask for her number, but then I thought about it. And then","fui, no le pide el número, ya después la pensé",train
EN_095_10__ES_095_10,85,85,true,EN_095_10,ES_095_10,/Users/nilakshanraveendran/Documents/research/data/raw/DRAL16kHz/fragments-short/EN_095_10.wav,/Users/nilakshanraveendran/Documents/research/data/raw/DRAL16kHz/fragments-short/ES_095_10.wav,"told you, no? Que I got the number on Sunday.","Pues si te dije no, que agarré su número el domingo.",train
EN_095_11__ES_095_11,85,85,true,EN_095_11,ES_095_11,/Users/nilakshanraveendran/Documents/research/data/raw/DRAL16kHz/fragments-short/EN_095_11.wav,/Users/nilakshanraveendran/Documents/research/data/raw/DRAL16kHz/fragments-short/ES_095_11.wav,It was like a really short conversation we had.,una conversación muy corta,train
EN_095_12__ES_095_12,85,85,true,EN_095_12,ES_095_12,/Users/nilakshanraveendran/Documents/research/data/raw/DRAL16kHz/fragments-short/EN_095_12.wav,/Users/nilakshanraveendran/Documents/research/data/raw/DRAL16kHz/fragments-short/ES_095_12.wav,That's That's what I'm thinking. I'm gonna wait for her to reply 'cause I don't want to be like pushy,"Sí, es lo que estoy pensando, pero me voy a esperar a que ella conteste porque no quiero ser así como que muy molesto.",train
EN_095_13__ES_095_13,95,95,true,EN_095_13,ES_095_13,/Users/nilakshanraveendran/Documents/research/data/raw/DRAL16kHz/fragments-short/EN_095_13.wav,/Users/nilakshanraveendran/Documents/research/data/raw/DRAL16kHz/fragments-short/ES_095_13.wav,Have a date?,Una cita.,train
EN_095_14__ES_095_14,85,85,true,EN_095_14,ES_095_14,/Users/nilakshanraveendran/Documents/research/data/raw/DRAL16kHz/fragments-short/EN_095_14.wav,/Users/nilakshanraveendran/Documents/research/data/raw/DRAL16kHz/fragments-short/ES_095_14.wav,"If she replies by tomorrow, pues I'm just gonna invite her out","Si me contesta para mañana, pues entonces ya nomás la invito.",train
EN_095_15__ES_095_15,85,85,true,EN_095_15,ES_095_15,/Users/nilakshanraveendran/Documents/research/data/raw/DRAL16kHz/fragments-short/EN_095_15.wav,/Users/nilakshanraveendran/Documents/research/data/raw/DRAL16kHz/fragments-short/ES_095_15.wav,"Maybe I'll send a message, maybe not. I'm still thinking about that.","A lo mejor mando el mensaje, todavía la estoy pensando.",train
EN_095_16__ES_095_16,85,85,true,EN_095_16,ES_095_16,/Users/nilakshanraveendran/Documents/research/data/raw/DRAL16kHz/fragments-short/EN_095_16.wav,/Users/nilakshanraveendran/Documents/research/data/raw/DRAL16kHz/fragments-short/ES_095_16.wav,that you sa- you meant this union of what pizza hut,Pensé que decías esta unión que Pizza Hut.,train
EN_095_17__ES_095_17,95,95,true,EN_095_17,ES_095_17,/Users/nilakshanraveendran/Documents/research/data/raw/DRAL16kHz/fragments-short/EN_095_17.wav,/Users/nilakshanraveendran/Documents/research/data/raw/DRAL16kHz/fragments-short/ES_095_17.wav,,jajaja,train
EN_095_18__ES_095_18,85,85,true,EN_095_18,ES_095_18,/Users/nilakshanraveendran/Documents/research/data/raw/DRAL16kHz/fragments-short/EN_095_18.wav,/Users/nilakshanraveendran/Documents/research/data/raw/DRAL16kHz/fragments-short/ES_095_18.wav,We paid for all day. We're going to eat here all day.,"Pagamos para todo el día, vamos a comer aquí todo el día.",train
EN_095_19__ES_095_19,85,85,true,EN_095_19,ES_095_19,/Users/nilakshanraveendran/Documents/research/data/raw/DRAL16kHz/fragments-short/EN_095_19.wav,/Users/nilakshanraveendran/Documents/research/data/raw/DRAL16kHz/fragments-short/ES_095_19.wav,What happened with uh your friend? Did she ever text you again?,¿Qué pasó con tu amiga? este ¿Sí te mandó mensaje?,train
EN_095_1__ES_095_1,95,95,true,EN_095_1,ES_095_1,/Users/nilakshanraveendran/Documents/research/data/raw/DRAL16kHz/fragments-short/EN_095_1.wav,/Users/nilakshanraveendran/Documents/research/data/raw/DRAL16kHz/fragments-short/ES_095_1.wav,"I got out of the lab early, so I went to the office.",Me salí del laboratorio temprano y me fui a la oficina.,train
EN_095_20__ES_095_20,95,95,true,EN_095_20,ES_095_20,/Users/nilakshanraveendran/Documents/research/data/raw/DRAL16kHz/fragments-short/EN_095_20.wav,/Users/nilakshanraveendran/Documents/research/data/raw/DRAL16kHz/fragments-short/ES_095_20.wav,"After that message, she never texted me back. I never tex- texted her back.","Después de ese mensaje, ya no me volvió a mandar mensaje. Y pues yo tampoco.",train
EN_095_21__ES_095_21,95,95,true,EN_095_21,ES_095_21,/Users/nilakshanraveendran/Documents/research/data/raw/DRAL16kHz/fragments-short/EN_095_21.wav,/Users/nilakshanraveendran/Documents/research/data/raw/DRAL16kHz/fragments-short/ES_095_21.wav,She's probably gonna text me back when she's drunk again.,A lo mejor me vuelve a mandar mensaje cuando esté borracha.,train
EN_095_22__ES_095_22,95,95,true,EN_095_22,ES_095_22,/Users/nilakshanraveendran/Documents/research/data/raw/DRAL16kHz/fragments-short/EN_095_22.wav,/Users/nilakshanraveendran/Documents/research/data/raw/DRAL16kHz/fragments-short/ES_095_22.wav,I mean she's the one that's mad and I don't know why,"Pues ella es la que está enojada y no, pues no sé.",train
EN_095_23__ES_095_23,85,85,true,EN_095_23,ES_095_23,/Users/nilakshanraveendran/Documents/research/data/raw/DRAL16kHz/fragments-short/EN_095_23.wav,/Users/nilakshanraveendran/Documents/research/data/raw/DRAL16kHz/fragments-short/ES_095_23.wav,"Just because there's a goalie doesn't mean you can't score, bro.","No nomás porque hay un portero significa que no puedes meter gol, hermano.",train
EN_095_24__ES_095_24,85,85,true,EN_095_24,ES_095_24,/Users/nilakshanraveendran/Documents/research/data/raw/DRAL16kHz/fragments-short/EN_095_24.wav,/Users/nilakshanraveendran/Documents/research/data/raw/DRAL16kHz/fragments-short/ES_095_24.wav,"What, isn't that true? Isn't that true?",¿Qué? ¿A poco no es verdad? ¿A poco no es verdad?,train
EN_095_25__ES_095_25,95,95,true,EN_095_25,ES_095_25,/Users/nilakshanraveendran/Documents/research/data/raw/DRAL16kHz/fragments-short/EN_095_25.wav,/Users/nilakshanraveendran/Documents/research/data/raw/DRAL16kHz/fragments-short/ES_095_25.wav,It is true.,"Sí, es verdad.",train
EN_095_2__ES_095_2,95,95,true,EN_095_2,ES_095_2,/Users/nilakshanraveendran/Documents/research/data/raw/DRAL16kHz/fragments-short/EN_095_2.wav,/Users/nilakshanraveendran/Documents/research/data/raw/DRAL16kHz/fragments-short/ES_095_2.wav,"It's not your office anymore, it's mine.",Ya no es tu oficina es la mía.,train
EN_095_3__ES_095_3,85,85,true,EN_095_3,ES_095_3,/Users/nilakshanraveendran/Documents/research/data/raw/DRAL16kHz/fragments-short/EN_095_3.wav,/Users/nilakshanraveendran/Documents/research/data/raw/DRAL16kHz/fragments-short/ES_095_3.wav,"No, it's mine. It's under my name.","No, si es mi oficina, está bajo mi nombre.",train
EN_095_4__ES_095_4,85,85,true,EN_095_4,ES_095_4,/Users/nilakshanraveendran/Documents/research/data/raw/DRAL16kHz/fragments-short/EN_095_4.wav,/Users/nilakshanraveendran/Documents/research/data/raw/DRAL16kHz/fragments-short/ES_095_4.wav,"Okay, I might get a new student. She needs to study for the SAT.",que voy a agarrar un estudiante nuevo que tiene que estudiar para el SAT.,train
EN_095_5__ES_095_5,85,85,true,EN_095_5,ES_095_5,/Users/nilakshanraveendran/Documents/research/data/raw/DRAL16kHz/fragments-short/EN_095_5.wav,/Users/nilakshanraveendran/Documents/research/data/raw/DRAL16kHz/fragments-short/ES_095_5.wav,"No, pero they have a book there that I can just review real quick. I mean, how hard can it be?","No, pero tienen un libro ahí que puedo repasar de volada y pues qué tan difícil puede ser.",train
EN_095_6__ES_095_6,85,85,true,EN_095_6,ES_095_6,/Users/nilakshanraveendran/Documents/research/data/raw/DRAL16kHz/fragments-short/EN_095_6.wav,/Users/nilakshanraveendran/Documents/research/data/raw/DRAL16kHz/fragments-short/ES_095_6.wav,kinda like the stuff you were working on the other day simple math,Como las cosas que estabas trabajando el otro día. Matemáticas simples.,train
EN_095_7__ES_095_7,85,85,true,EN_095_7,ES_095_7,/Users/nilakshanraveendran/Documents/research/data/raw/DRAL16kHz/fragments-short/EN_095_7.wav,/Users/nilakshanraveendran/Documents/research/data/raw/DRAL16kHz/fragments-short/ES_095_7.wav,"Oh, I didn't tell you yet. Este I ended up getting that that girl's number.","Oh, no te he dicho todavía, este terminé este consiguiendo el número de esa chava.",train
EN_095_8__ES_095_8,95,95,true,EN_095_8,ES_095_8,/Users/nilakshanraveendran/Documents/research/data/raw/DRAL16kHz/fragments-short/EN_095_8.wav,/Users/nilakshanraveendran/Documents/research/data/raw/DRAL16kHz/fragments-short/ES_095_8.wav,Wha- What made you change your mind?,¿Qué te hizo cambiar de parecer?,train
EN_095_9__ES_095_9,85,85,true,EN_095_9,ES_095_9,/Users/nilakshanraveendran/Documents/research/data/raw/DRAL16kHz/fragments-short/EN_095_9.wav,/Users/nilakshanraveendran/Documents/research/data/raw/DRAL16kHz/fragments-short/ES_095_9.wav,"Pues no, I didn't change my mind. I mean, I told you I did like her.","Pues no, no cambié de parecer, este, sí te había dicho que sí me gustaba.",train
EN_096_10__ES_096_10,19,19,true,EN_096_10,ES_096_10,/Users/nilakshanraveendran/Documents/research/data/raw/DRAL16kHz/fragments-short/EN_096_10.wav,/Users/nilakshanraveendran/Documents/research/data/raw/DRAL16kHz/fragments-short/ES_096_10.wav,"Personally I, I would place policies that would stop people from overthrowing me.",personalmente yo pondría polizas para que no me quitaran el trono,train
EN_096_11__ES_096_11,19,19,true,EN_096_11,ES_096_11,/Users/nilakshanraveendran/Documents/research/data/raw/DRAL16kHz/fragments-short/EN_096_11.wav,/Users/nilakshanraveendran/Documents/research/data/raw/DRAL16kHz/fragments-short/ES_096_11.wav,I would just exile them like Napoleon.,Los exiliaría como Napoleón.,train
EN_096_12__ES_096_12,19,19,true,EN_096_12,ES_096_12,/Users/nilakshanraveendran/Documents/research/data/raw/DRAL16kHz/fragments-short/EN_096_12.wav,/Users/nilakshanraveendran/Documents/research/data/raw/DRAL16kHz/fragments-short/ES_096_12.wav,and island in the middle of nowhere.,en una isla en medio de la nada.,train
EN_096_13__ES_096_13,96,96,true,EN_096_13,ES_096_13,/Users/nilakshanraveendran/Documents/research/data/raw/DRAL16kHz/fragments-short/EN_096_13.wav,/Users/nilakshanraveendran/Documents/research/data/raw/DRAL16kHz/fragments-short/ES_096_13.wav,Your rating would be similar to fascism.,"Tu reino sería similar a, al fascismo.",train
EN_096_14__ES_096_14,96,96,true,EN_096_14,ES_096_14,/Users/nilakshanraveendran/Documents/research/data/raw/DRAL16kHz/fragments-short/EN_096_14.wav,/Users/nilakshanraveendran/Documents/research/data/raw/DRAL16kHz/fragments-short/ES_096_14.wav,more of a iron hand for goods if you know if you catch my idea,más como una mano de hierro en bienes,train
EN_096_15__ES_096_15,96,96,true,EN_096_15,ES_096_15,/Users/nilakshanraveendran/Documents/research/data/raw/DRAL16kHz/fragments-short/EN_096_15.wav,/Users/nilakshanraveendran/Documents/research/data/raw/DRAL16kHz/fragments-short/ES_096_15.wav,Have them under my power and I control who gets to eat,tenerlas bajo mi poder y controlar quién come.,train
EN_096_16__ES_096_16,96,96,true,EN_096_16,ES_096_16,/Users/nilakshanraveendran/Documents/research/data/raw/DRAL16kHz/fragments-short/EN_096_16.wav,/Users/nilakshanraveendran/Documents/research/data/raw/DRAL16kHz/fragments-short/ES_096_16.wav,"Yea- I- I know why most dictatorship don't work, you know, they are too soft on their subordinates",Yo sé por qué muchas dicta- dictaduras no funcionan. Son muy suaves con los subordinados.,train
EN_096_17__ES_096_17,19,19,true,EN_096_17,ES_096_17,/Users/nilakshanraveendran/Documents/research/data/raw/DRAL16kHz/fragments-short/EN_096_17.wav,/Users/nilakshanraveendran/Documents/research/data/raw/DRAL16kHz/fragments-short/ES_096_17.wav,That's an excellent idea.,Es una idea excelente.,train
EN_096_18__ES_096_18,96,96,true,EN_096_18,ES_096_18,/Users/nilakshanraveendran/Documents/research/data/raw/DRAL16kHz/fragments-short/EN_096_18.wav,/Users/nilakshanraveendran/Documents/research/data/raw/DRAL16kHz/fragments-short/ES_096_18.wav,I don't necessarily think it's the best for his family.,No necesariamente pienso que es lo mejor para su familia.,train
EN_096_1__ES_096_1,96,96,true,EN_096_1,ES_096_1,/Users/nilakshanraveendran/Documents/research/data/raw/DRAL16kHz/fragments-short/EN_096_1.wav,/Users/nilakshanraveendran/Documents/research/data/raw/DRAL16kHz/fragments-short/ES_096_1.wav,"You know what, I'm gonna go with the classic Boy Scouts of America.",¿Sabes qué? Voy a decidir un clásico. Los Boy Scouts de América.,train
EN_096_2__ES_096_2,96,96,true,EN_096_2,ES_096_2,/Users/nilakshanraveendran/Documents/research/data/raw/DRAL16kHz/fragments-short/EN_096_2.wav,/Users/nilakshanraveendran/Documents/research/data/raw/DRAL16kHz/fragments-short/ES_096_2.wav,I think the money would help uh... uh benefit a lot of uh lower income.,Pienso que el dinero sí podría ayudar a mucha a muchos ah de bajos recursos.,train
EN_096_3__ES_096_3,19,19,true,EN_096_3,ES_096_3,/Users/nilakshanraveendran/Documents/research/data/raw/DRAL16kHz/fragments-short/EN_096_3.wav,/Users/nilakshanraveendran/Documents/research/data/raw/DRAL16kHz/fragments-short/ES_096_3.wav,Camping gives them a bunch of skills,Acampar les da muchas eh habilidades.,train
EN_096_4__ES_096_4,96,96,true,EN_096_4,ES_096_4,/Users/nilakshanraveendran/Documents/research/data/raw/DRAL16kHz/fragments-short/EN_096_4.wav,/Users/nilakshanraveendran/Documents/research/data/raw/DRAL16kHz/fragments-short/ES_096_4.wav,Camping it's it's a [unk] and using a knife,y acampar y también usar una navaja,train
EN_096_5__ES_096_5,96,96,true,EN_096_5,ES_096_5,/Users/nilakshanraveendran/Documents/research/data/raw/DRAL16kHz/fragments-short/EN_096_5.wav,/Users/nilakshanraveendran/Documents/research/data/raw/DRAL16kHz/fragments-short/ES_096_5.wav,Oh so you d- you do agree with me that the Boy Scouts of America should receive the... the $20?,"O sea, si estás conmigo, que los Boy Scouts de América deberían recibir esos 20 dólares.",train
EN_096_6__ES_096_6,19,19,true,EN_096_6,ES_096_6,/Users/nilakshanraveendran/Documents/research/data/raw/DRAL16kHz/fragments-short/EN_096_6.wav,/Users/nilakshanraveendran/Documents/research/data/raw/DRAL16kHz/fragments-short/ES_096_6.wav,The Boy Scouts are a type of legacy.,Los Boy Scouts son un tipo de legado.,train
EN_096_7__ES_096_7,19,19,true,EN_096_7,ES_096_7,/Users/nilakshanraveendran/Documents/research/data/raw/DRAL16kHz/fragments-short/EN_096_7.wav,/Users/nilakshanraveendran/Documents/research/data/raw/DRAL16kHz/fragments-short/ES_096_7.wav,has been going on for decades.,que ha existido por décadas.,train
EN_096_8__ES_096_8,19,19,true,EN_096_8,ES_096_8,/Users/nilakshanraveendran/Documents/research/data/raw/DRAL16kHz/fragments-short/EN_096_8.wav,/Users/nilakshanraveendran/Documents/research/data/raw/DRAL16kHz/fragments-short/ES_096_8.wav,values such as teamwork compassion,"valores como el trabajo en equipo, la compasión.",train
EN_096_9__ES_096_9,19,19,true,EN_096_9,ES_096_9,/Users/nilakshanraveendran/Documents/research/data/raw/DRAL16kHz/fragments-short/EN_096_9.wav,/Users/nilakshanraveendran/Documents/research/data/raw/DRAL16kHz/fragments-short/ES_096_9.wav,And I think that's why they deserve it.,Por eso pienso que lo merecen.,train
EN_097_10__ES_097_10,97,97,true,EN_097_10,ES_097_10,/Users/nilakshanraveendran/Documents/research/data/raw/DRAL16kHz/fragments-short/EN_097_10.wav,/Users/nilakshanraveendran/Documents/research/data/raw/DRAL16kHz/fragments-short/ES_097_10.wav,"Oh, let me spill the tea.",¿Cómo te comete a mi? Tú le chismes.,train
EN_097_11__ES_097_11,97,97,true,EN_097_11,ES_097_11,/Users/nilakshanraveendran/Documents/research/data/raw/DRAL16kHz/fragments-short/EN_097_11.wav,/Users/nilakshanraveendran/Documents/research/data/raw/DRAL16kHz/fragments-short/ES_097_11.wav,"Oh, the last time I was talking with Samantha.",La otra vez estaba platicando con Samantha.,train
EN_097_12__ES_097_12,97,97,true,EN_097_12,ES_097_12,/Users/nilakshanraveendran/Documents/research/data/raw/DRAL16kHz/fragments-short/EN_097_12.wav,/Users/nilakshanraveendran/Documents/research/data/raw/DRAL16kHz/fragments-short/ES_097_12.wav,She uploaded video... drunk.,Subió un video. Borracha.,train
EN_097_13__ES_097_13,97,97,true,EN_097_13,ES_097_13,/Users/nilakshanraveendran/Documents/research/data/raw/DRAL16kHz/fragments-short/EN_097_13.wav,/Users/nilakshanraveendran/Documents/research/data/raw/DRAL16kHz/fragments-short/ES_097_13.wav,And they were fighting.,Pues están peleando,train
EN_097_14__ES_097_14,88,88,true,EN_097_14,ES_097_14,/Users/nilakshanraveendran/Documents/research/data/raw/DRAL16kHz/fragments-short/EN_097_14.wav,/Users/nilakshanraveendran/Documents/research/data/raw/DRAL16kHz/fragments-short/ES_097_14.wav,The aggressor.,La agresora.,train
EN_097_15__ES_097_15,97,97,true,EN_097_15,ES_097_15,/Users/nilakshanraveendran/Documents/research/data/raw/DRAL16kHz/fragments-short/EN_097_15.wav,/Users/nilakshanraveendran/Documents/research/data/raw/DRAL16kHz/fragments-short/ES_097_15.wav,"Yeah, and... and she and he was a victim.","Sí, y ella, y él es la víctima.",train
EN_097_16__ES_097_16,97,97,true,EN_097_16,ES_097_16,/Users/nilakshanraveendran/Documents/research/data/raw/DRAL16kHz/fragments-short/EN_097_16.wav,/Users/nilakshanraveendran/Documents/research/data/raw/DRAL16kHz/fragments-short/ES_097_16.wav,Oh poor girl.,"Ay, pobrecita ella.",train
EN_097_17__ES_097_17,88,88,true,EN_097_17,ES_097_17,/Users/nilakshanraveendran/Documents/research/data/raw/DRAL16kHz/fragments-short/EN_097_17.wav,/Users/nilakshanraveendran/Documents/research/data/raw/DRAL16kHz/fragments-short/ES_097_17.wav,"Oiy, you're missing this one.","Voy yo, le faltó esta",train
EN_097_18__ES_097_18,88,88,true,EN_097_18,ES_097_18,/Users/nilakshanraveendran/Documents/research/data/raw/DRAL16kHz/fragments-short/EN_097_18.wav,/Users/nilakshanraveendran/Documents/research/data/raw/DRAL16kHz/fragments-short/ES_097_18.wav,I just hit the desk,Le pegué aquí en el escritorio.,train
EN_097_19__ES_097_19,97,97,true,EN_097_19,ES_097_19,/Users/nilakshanraveendran/Documents/research/data/raw/DRAL16kHz/fragments-short/EN_097_19.wav,/Users/nilakshanraveendran/Documents/research/data/raw/DRAL16kHz/fragments-short/ES_097_19.wav,There is also one that is super big,También hay uno que es muy grande.,train
EN_097_1__ES_097_1,88,88,true,EN_097_1,ES_097_1,/Users/nilakshanraveendran/Documents/research/data/raw/DRAL16kHz/fragments-short/EN_097_1.wav,/Users/nilakshanraveendran/Documents/research/data/raw/DRAL16kHz/fragments-short/ES_097_1.wav,I will try it now. I haven't tried it yet.,ahorita la voy a probar,train
EN_097_20__ES_097_20,88,88,true,EN_097_20,ES_097_20,/Users/nilakshanraveendran/Documents/research/data/raw/DRAL16kHz/fragments-short/EN_097_20.wav,/Users/nilakshanraveendran/Documents/research/data/raw/DRAL16kHz/fragments-short/ES_097_20.wav,How? What do you mean a big cat?,"¿Cómo, cómo que un gato grande?",train
EN_097_21__ES_097_21,88,88,true,EN_097_21,ES_097_21,/Users/nilakshanraveendran/Documents/research/data/raw/DRAL16kHz/fragments-short/EN_097_21.wav,/Users/nilakshanraveendran/Documents/research/data/raw/DRAL16kHz/fragments-short/ES_097_21.wav,I don't remember this,No me acuerdo de eso.,train
EN_097_22__ES_097_22,97,97,true,EN_097_22,ES_097_22,/Users/nilakshanraveendran/Documents/research/data/raw/DRAL16kHz/fragments-short/EN_097_22.wav,/Users/nilakshanraveendran/Documents/research/data/raw/DRAL16kHz/fragments-short/ES_097_22.wav,And he has a daughter.,Y él tiene una hija.,train
EN_097_2__ES_097_2,88,88,true,EN_097_2,ES_097_2,/Users/nilakshanraveendran/Documents/research/data/raw/DRAL16kHz/fragments-short/EN_097_2.wav,/Users/nilakshanraveendran/Documents/research/data/raw/DRAL16kHz/fragments-short/ES_097_2.wav,"I think it's good, uh... eh but it's too sweet.","Está rico, solo que está muy dulce.",train
EN_097_3__ES_097_3,97,97,true,EN_097_3,ES_097_3,/Users/nilakshanraveendran/Documents/research/data/raw/DRAL16kHz/fragments-short/EN_097_3.wav,/Users/nilakshanraveendran/Documents/research/data/raw/DRAL16kHz/fragments-short/ES_097_3.wav,I think it's super good because it's salt.,Pero a mí se me hace súper bien porque está salado.,train
EN_097_4__ES_097_4,97,97,true,EN_097_4,ES_097_4,/Users/nilakshanraveendran/Documents/research/data/raw/DRAL16kHz/fragments-short/EN_097_4.wav,/Users/nilakshanraveendran/Documents/research/data/raw/DRAL16kHz/fragments-short/ES_097_4.wav,Let's go to eat or what? Did you eat?,¿Vamos a comer o qué? ¿Ya comiste?,train
EN_097_5__ES_097_5,88,88,true,EN_097_5,ES_097_5,/Users/nilakshanraveendran/Documents/research/data/raw/DRAL16kHz/fragments-short/EN_097_5.wav,/Users/nilakshanraveendran/Documents/research/data/raw/DRAL16kHz/fragments-short/ES_097_5.wav,Yes. No.,Sí. No.,train
EN_097_6__ES_097_6,88,88,true,EN_097_6,ES_097_6,/Users/nilakshanraveendran/Documents/research/data/raw/DRAL16kHz/fragments-short/EN_097_6.wav,/Users/nilakshanraveendran/Documents/research/data/raw/DRAL16kHz/fragments-short/ES_097_6.wav,What do you want to eat?,¿Qué se te antoja comer?,train
EN_097_7__ES_097_7,97,97,true,EN_097_7,ES_097_7,/Users/nilakshanraveendran/Documents/research/data/raw/DRAL16kHz/fragments-short/EN_097_7.wav,/Users/nilakshanraveendran/Documents/research/data/raw/DRAL16kHz/fragments-short/ES_097_7.wav,"Are you shy, right?",¿Tienes vergüenza verdad?,train
EN_097_8__ES_097_8,97,97,true,EN_097_8,ES_097_8,/Users/nilakshanraveendran/Documents/research/data/raw/DRAL16kHz/fragments-short/EN_097_8.wav,/Users/nilakshanraveendran/Documents/research/data/raw/DRAL16kHz/fragments-short/ES_097_8.wav,"Look, let's... let's read this.","A ver, vamos a leerlo de aquí.",train
EN_097_9__ES_097_9,88,88,true,EN_097_9,ES_097_9,/Users/nilakshanraveendran/Documents/research/data/raw/DRAL16kHz/fragments-short/EN_097_9.wav,/Users/nilakshanraveendran/Documents/research/data/raw/DRAL16kHz/fragments-short/ES_097_9.wav,Which rules y- would you have?,¿Cuáles serían tus reglas?,train
EN_098_10__ES_098_10,85,85,true,EN_098_10,ES_098_10,/Users/nilakshanraveendran/Documents/research/data/raw/DRAL16kHz/fragments-short/EN_098_10.wav,/Users/nilakshanraveendran/Documents/research/data/raw/DRAL16kHz/fragments-short/ES_098_10.wav,"It kinda sucks that, like, she stopped talking to me like cold turkey.","Es que esta gacho que me dejó de hablar así, este, de la nada.",train
EN_098_11__ES_098_11,98,98,true,EN_098_11,ES_098_11,/Users/nilakshanraveendran/Documents/research/data/raw/DRAL16kHz/fragments-short/EN_098_11.wav,/Users/nilakshanraveendran/Documents/research/data/raw/DRAL16kHz/fragments-short/ES_098_11.wav,"Maybe she was confused about something, but...","Tal vez estaba confundida de algo, pero...",train
EN_098_12__ES_098_12,85,85,true,EN_098_12,ES_098_12,/Users/nilakshanraveendran/Documents/research/data/raw/DRAL16kHz/fragments-short/EN_098_12.wav,/Users/nilakshanraveendran/Documents/research/data/raw/DRAL16kHz/fragments-short/ES_098_12.wav,"We had already ended things, but we were kind of like still talking.","Es que ya- ya habíamos terminado, pero todavía estamos hablando.",train
EN_098_13__ES_098_13,98,98,true,EN_098_13,ES_098_13,/Users/nilakshanraveendran/Documents/research/data/raw/DRAL16kHz/fragments-short/EN_098_13.wav,/Users/nilakshanraveendran/Documents/research/data/raw/DRAL16kHz/fragments-short/ES_098_13.wav,Like it was like a break. No really?,Como que se dieron un tiempo ¿Realmente no?,train
EN_098_14__ES_098_14,85,85,true,EN_098_14,ES_098_14,/Users/nilakshanraveendran/Documents/research/data/raw/DRAL16kHz/fragments-short/EN_098_14.wav,/Users/nilakshanraveendran/Documents/research/data/raw/DRAL16kHz/fragments-short/ES_098_14.wav,Hmm.,Mmm...,train
EN_098_15__ES_098_15,85,85,true,EN_098_15,ES_098_15,/Users/nilakshanraveendran/Documents/research/data/raw/DRAL16kHz/fragments-short/EN_098_15.wav,/Users/nilakshanraveendran/Documents/research/data/raw/DRAL16kHz/fragments-short/ES_098_15.wav,"I really enjoyed talking to her, hanging out with her too.","Este, sí me gustaba hablar con ella y salir con ella.",train
EN_098_16__ES_098_16,98,98,true,EN_098_16,ES_098_16,/Users/nilakshanraveendran/Documents/research/data/raw/DRAL16kHz/fragments-short/EN_098_16.wav,/Users/nilakshanraveendran/Documents/research/data/raw/DRAL16kHz/fragments-short/ES_098_16.wav,Mm-hmm.,mhm,train
EN_098_17__ES_098_17,98,98,true,EN_098_17,ES_098_17,/Users/nilakshanraveendran/Documents/research/data/raw/DRAL16kHz/fragments-short/EN_098_17.wav,/Users/nilakshanraveendran/Documents/research/data/raw/DRAL16kHz/fragments-short/ES_098_17.wav,What happened? So then you saw her?,¿Y qué pasó? ¿La- la viste?,train
EN_098_18__ES_098_18,85,85,true,EN_098_18,ES_098_18,/Users/nilakshanraveendran/Documents/research/data/raw/DRAL16kHz/fragments-short/EN_098_18.wav,/Users/nilakshanraveendran/Documents/research/data/raw/DRAL16kHz/fragments-short/ES_098_18.wav,I kinda just like glanced over and saw her and she just went like this,Pués volteé y la vi y luego nomás me hizo así,train
EN_098_19__ES_098_19,85,85,true,EN_098_19,ES_098_19,/Users/nilakshanraveendran/Documents/research/data/raw/DRAL16kHz/fragments-short/EN_098_19.wav,/Users/nilakshanraveendran/Documents/research/data/raw/DRAL16kHz/fragments-short/ES_098_19.wav,like reaction of mine was like this,So la reacción mía fue así.,train
EN_098_1__ES_098_1,98,98,true,EN_098_1,ES_098_1,/Users/nilakshanraveendran/Documents/research/data/raw/DRAL16kHz/fragments-short/EN_098_1.wav,/Users/nilakshanraveendran/Documents/research/data/raw/DRAL16kHz/fragments-short/ES_098_1.wav,The wha- the last what?,¿La última qué?,train
EN_098_20__ES_098_20,98,98,true,EN_098_20,ES_098_20,/Users/nilakshanraveendran/Documents/research/data/raw/DRAL16kHz/fragments-short/EN_098_20.wav,/Users/nilakshanraveendran/Documents/research/data/raw/DRAL16kHz/fragments-short/ES_098_20.wav,something inside you got bro-,Algo dentro de ti se rompió.,train
EN_098_21__ES_098_21,85,85,true,EN_098_21,ES_098_21,/Users/nilakshanraveendran/Documents/research/data/raw/DRAL16kHz/fragments-short/EN_098_21.wav,/Users/nilakshanraveendran/Documents/research/data/raw/DRAL16kHz/fragments-short/ES_098_21.wav,after she said hi to me and she just like walked right past me and she just kept walking,"después de que me dijo hola, nomás este se siguió caminando y me pasó.",train
EN_098_22__ES_098_22,98,98,true,EN_098_22,ES_098_22,/Users/nilakshanraveendran/Documents/research/data/raw/DRAL16kHz/fragments-short/EN_098_22.wav,/Users/nilakshanraveendran/Documents/research/data/raw/DRAL16kHz/fragments-short/ES_098_22.wav,"She didn't stop like to say hey like to catch up, no?",¿No se paro para decir hey o para hablar?,train
EN_098_23__ES_098_23,85,85,true,EN_098_23,ES_098_23,/Users/nilakshanraveendran/Documents/research/data/raw/DRAL16kHz/fragments-short/EN_098_23.wav,/Users/nilakshanraveendran/Documents/research/data/raw/DRAL16kHz/fragments-short/ES_098_23.wav,M-m. No.,M-M. No,train
EN_098_24__ES_098_24,85,85,true,EN_098_24,ES_098_24,/Users/nilakshanraveendran/Documents/research/data/raw/DRAL16kHz/fragments-short/EN_098_24.wav,/Users/nilakshanraveendran/Documents/research/data/raw/DRAL16kHz/fragments-short/ES_098_24.wav,"At this point I'm kinda like, meh, pues whatever, you know?","Pero a este punto ya estoy como que, eh, pues lo que sea, ¿no?",train
EN_098_25__ES_098_25,98,98,true,EN_098_25,ES_098_25,/Users/nilakshanraveendran/Documents/research/data/raw/DRAL16kHz/fragments-short/EN_098_25.wav,/Users/nilakshanraveendran/Documents/research/data/raw/DRAL16kHz/fragments-short/ES_098_25.wav,You get like you feel something inside you like no?,"Pero no fue así como que sentiste algo dentro de ti, ¿no?",train
EN_098_26__ES_098_26,98,98,true,EN_098_26,ES_098_26,/Users/nilakshanraveendran/Documents/research/data/raw/DRAL16kHz/fragments-short/EN_098_26.wav,/Users/nilakshanraveendran/Documents/research/data/raw/DRAL16kHz/fragments-short/ES_098_26.wav,"I mean, it's not like uh like if I love him.","Digo, no, es como que- como que lo amo.",train
EN_098_27__ES_098_27,85,85,true,EN_098_27,ES_098_27,/Users/nilakshanraveendran/Documents/research/data/raw/DRAL16kHz/fragments-short/EN_098_27.wav,/Users/nilakshanraveendran/Documents/research/data/raw/DRAL16kHz/fragments-short/ES_098_27.wav,So the reason we ended things was because... So she's Christian.,La razón por la que terminamos es porque pues... ella es cristiana.,train
EN_098_2__ES_098_2,85,85,true,EN_098_2,ES_098_2,/Users/nilakshanraveendran/Documents/research/data/raw/DRAL16kHz/fragments-short/EN_098_2.wav,/Users/nilakshanraveendran/Documents/research/data/raw/DRAL16kHz/fragments-short/ES_098_2.wav,the last girl I went out with.,De la última chava con la que salí.,train
EN_098_3__ES_098_3,85,85,true,EN_098_3,ES_098_3,/Users/nilakshanraveendran/Documents/research/data/raw/DRAL16kHz/fragments-short/EN_098_3.wav,/Users/nilakshanraveendran/Documents/research/data/raw/DRAL16kHz/fragments-short/ES_098_3.wav,,¿Ella fue la que te rompió el corazón así más?,train
EN_098_4__ES_098_4,85,85,true,EN_098_4,ES_098_4,/Users/nilakshanraveendran/Documents/research/data/raw/DRAL16kHz/fragments-short/EN_098_4.wav,/Users/nilakshanraveendran/Documents/research/data/raw/DRAL16kHz/fragments-short/ES_098_4.wav,I wouldn't say break my heart.,Yo no diría que quebró el corazón.,train
EN_098_5__ES_098_5,85,85,true,EN_098_5,ES_098_5,/Users/nilakshanraveendran/Documents/research/data/raw/DRAL16kHz/fragments-short/EN_098_5.wav,/Users/nilakshanraveendran/Documents/research/data/raw/DRAL16kHz/fragments-short/ES_098_5.wav,"Pero yeah, I would say this is the one that kinda hit me the most.","Sí, pues yo diría que... El [unk] que me caló más.",train
EN_098_6__ES_098_6,98,98,true,EN_098_6,ES_098_6,/Users/nilakshanraveendran/Documents/research/data/raw/DRAL16kHz/fragments-short/EN_098_6.wav,/Users/nilakshanraveendran/Documents/research/data/raw/DRAL16kHz/fragments-short/ES_098_6.wav,You guys were together like for like a long time or?,¿Ustedes estuvieron juntos por... Como... Un buen tiempo o...,train
EN_098_7__ES_098_7,85,85,true,EN_098_7,ES_098_7,/Users/nilakshanraveendran/Documents/research/data/raw/DRAL16kHz/fragments-short/EN_098_7.wav,/Users/nilakshanraveendran/Documents/research/data/raw/DRAL16kHz/fragments-short/ES_098_7.wav,So I mean it wasn't a lot pero...,No era mucho.,train
EN_098_8__ES_098_8,98,98,true,EN_098_8,ES_098_8,/Users/nilakshanraveendran/Documents/research/data/raw/DRAL16kHz/fragments-short/EN_098_8.wav,/Users/nilakshanraveendran/Documents/research/data/raw/DRAL16kHz/fragments-short/ES_098_8.wav,It wasn't like that little.,Pero tampoco tan poquito.,train
EN_098_9__ES_098_9,85,85,true,EN_098_9,ES_098_9,/Users/nilakshanraveendran/Documents/research/data/raw/DRAL16kHz/fragments-short/EN_098_9.wav,/Users/nilakshanraveendran/Documents/research/data/raw/DRAL16kHz/fragments-short/ES_098_9.wav,'Cause like we were in good terms all the way up to the like last point.,Es que estuvimos en buenos términos hasta el último punto.,train
EN_099_10__ES_099_10,99,99,true,EN_099_10,ES_099_10,/Users/nilakshanraveendran/Documents/research/data/raw/DRAL16kHz/fragments-short/EN_099_10.wav,/Users/nilakshanraveendran/Documents/research/data/raw/DRAL16kHz/fragments-short/ES_099_10.wav,"Ah, the girl is American, you know? She doesn't speak Spanish.","Ah, la muchacha es gringa, o sea, no habla español ¿Sabes cómo? Ajá",train
EN_099_11__ES_099_11,2,2,true,EN_099_11,ES_099_11,/Users/nilakshanraveendran/Documents/research/data/raw/DRAL16kHz/fragments-short/EN_099_11.wav,/Users/nilakshanraveendran/Documents/research/data/raw/DRAL16kHz/fragments-short/ES_099_11.wav,No?,¿No?,train
EN_099_12__ES_099_12,2,2,true,EN_099_12,ES_099_12,/Users/nilakshanraveendran/Documents/research/data/raw/DRAL16kHz/fragments-short/EN_099_12.wav,/Users/nilakshanraveendran/Documents/research/data/raw/DRAL16kHz/fragments-short/ES_099_12.wav,I understand it and I believe you.,Lo entiendo y te creo,train
EN_099_13__ES_099_13,99,99,true,EN_099_13,ES_099_13,/Users/nilakshanraveendran/Documents/research/data/raw/DRAL16kHz/fragments-short/EN_099_13.wav,/Users/nilakshanraveendran/Documents/research/data/raw/DRAL16kHz/fragments-short/ES_099_13.wav,"So yeah, they started to date each other and she started to like him.",Y ya pues total que empezaron a salir y a esta sí le empezó a gustar.,train
EN_099_14__ES_099_14,2,2,true,EN_099_14,ES_099_14,/Users/nilakshanraveendran/Documents/research/data/raw/DRAL16kHz/fragments-short/EN_099_14.wav,/Users/nilakshanraveendran/Documents/research/data/raw/DRAL16kHz/fragments-short/ES_099_14.wav,"Because he said that he got divorced. Like, he got married on divorce. And I was like, oh!","Oye, porque dice que ya se divorció, que se casó y se divorció, dije yo ohh.",train
EN_099_15__ES_099_15,99,99,true,EN_099_15,ES_099_15,/Users/nilakshanraveendran/Documents/research/data/raw/DRAL16kHz/fragments-short/EN_099_15.wav,/Users/nilakshanraveendran/Documents/research/data/raw/DRAL16kHz/fragments-short/ES_099_15.wav,,¿Por qué?,train
EN_099_16__ES_099_16,2,2,true,EN_099_16,ES_099_16,/Users/nilakshanraveendran/Documents/research/data/raw/DRAL16kHz/fragments-short/EN_099_16.wav,/Users/nilakshanraveendran/Documents/research/data/raw/DRAL16kHz/fragments-short/ES_099_16.wav,"Well, everybody's different. 'cause there's some couples that get married young and...","Bueno, pues cada quien ¿verdad?, porque hay- hay parejas que se casan jóvenes y...",train
EN_099_17__ES_099_17,99,99,true,EN_099_17,ES_099_17,/Users/nilakshanraveendran/Documents/research/data/raw/DRAL16kHz/fragments-short/EN_099_17.wav,/Users/nilakshanraveendran/Documents/research/data/raw/DRAL16kHz/fragments-short/ES_099_17.wav,"Pues, yeah.",Pues... ¿Sí?,train
EN_099_18__ES_099_18,99,99,true,EN_099_18,ES_099_18,/Users/nilakshanraveendran/Documents/research/data/raw/DRAL16kHz/fragments-short/EN_099_18.wav,/Users/nilakshanraveendran/Documents/research/data/raw/DRAL16kHz/fragments-short/ES_099_18.wav,"Not that old, well, it's 'cause he's young still right?","No tan joven, pero tampoco tan grande. Bueno, pues es que está joven, ¿verdad?",train
EN_099_19__ES_099_19,99,99,true,EN_099_19,ES_099_19,/Users/nilakshanraveendran/Documents/research/data/raw/DRAL16kHz/fragments-short/EN_099_19.wav,/Users/nilakshanraveendran/Documents/research/data/raw/DRAL16kHz/fragments-short/ES_099_19.wav,"Well, it's 'cause he's older than me. He's four years older than me.","Bueno, es que él es mayor que yo, me lleva cuatro años.",train
EN_099_1__ES_099_1,99,99,true,EN_099_1,ES_099_1,/Users/nilakshanraveendran/Documents/research/data/raw/DRAL16kHz/fragments-short/EN_099_1.wav,/Users/nilakshanraveendran/Documents/research/data/raw/DRAL16kHz/fragments-short/ES_099_1.wav,"Well, I met him here because of computer science.","Bueno, lo conocí aquí, este por CS.",train
EN_099_20__ES_099_20,2,2,true,EN_099_20,ES_099_20,/Users/nilakshanraveendran/Documents/research/data/raw/DRAL16kHz/fragments-short/EN_099_20.wav,/Users/nilakshanraveendran/Documents/research/data/raw/DRAL16kHz/fragments-short/ES_099_20.wav,"She told me, oh yeah, I want five kids and all that.","Me dice, oh sí, quiero cinco niños y quién sabe qué yo.",train
EN_099_21__ES_099_21,99,99,true,EN_099_21,ES_099_21,/Users/nilakshanraveendran/Documents/research/data/raw/DRAL16kHz/fragments-short/EN_099_21.wav,/Users/nilakshanraveendran/Documents/research/data/raw/DRAL16kHz/fragments-short/ES_099_21.wav,,¡Ay hijo de su!,train
EN_099_22__ES_099_22,99,99,true,EN_099_22,ES_099_22,/Users/nilakshanraveendran/Documents/research/data/raw/DRAL16kHz/fragments-short/EN_099_22.wav,/Users/nilakshanraveendran/Documents/research/data/raw/DRAL16kHz/fragments-short/ES_099_22.wav,You're still with that boyfriend that you used to have?,¿Todavía sigues con el novio que tenías?,train
EN_099_23__ES_099_23,2,2,true,EN_099_23,ES_099_23,/Users/nilakshanraveendran/Documents/research/data/raw/DRAL16kHz/fragments-short/EN_099_23.wav,/Users/nilakshanraveendran/Documents/research/data/raw/DRAL16kHz/fragments-short/ES_099_23.wav,No.,No.,train
EN_099_24__ES_099_24,2,2,true,EN_099_24,ES_099_24,/Users/nilakshanraveendran/Documents/research/data/raw/DRAL16kHz/fragments-short/EN_099_24.wav,/Users/nilakshanraveendran/Documents/research/data/raw/DRAL16kHz/fragments-short/ES_099_24.wav,"He asked ""Do you want to get back together?"" And I was like, no.","Él dijo, bueno, pues, ¿quieres regresar? Y yo, no, no.",train
EN_099_25__ES_099_25,99,99,true,EN_099_25,ES_099_25,/Users/nilakshanraveendran/Documents/research/data/raw/DRAL16kHz/fragments-short/EN_099_25.wav,/Users/nilakshanraveendran/Documents/research/data/raw/DRAL16kHz/fragments-short/ES_099_25.wav,,¡Ah!,train
EN_099_26__ES_099_26,2,2,true,EN_099_26,ES_099_26,/Users/nilakshanraveendran/Documents/research/data/raw/DRAL16kHz/fragments-short/EN_099_26.wav,/Users/nilakshanraveendran/Documents/research/data/raw/DRAL16kHz/fragments-short/ES_099_26.wav,We can eat uh we can eat later if you like want to talk.,Comemo- ¿Podemos comer después? Si quieres platicar.,train
EN_099_27__ES_099_27,2,2,true,EN_099_27,ES_099_27,/Users/nilakshanraveendran/Documents/research/data/raw/DRAL16kHz/fragments-short/EN_099_27.wav,/Users/nilakshanraveendran/Documents/research/data/raw/DRAL16kHz/fragments-short/ES_099_27.wav,I'll accept going somewhere to talk or I don't know go drinking a coffee or something like that,"Te acepto, ir a... nomas a practicar a un lugar, podemos ir a agarrar un café o...",train
EN_099_28__ES_099_28,99,99,true,EN_099_28,ES_099_28,/Users/nilakshanraveendran/Documents/research/data/raw/DRAL16kHz/fragments-short/EN_099_28.wav,/Users/nilakshanraveendran/Documents/research/data/raw/DRAL16kHz/fragments-short/ES_099_28.wav,Mm-hmm.,M-,train
EN_099_2__ES_099_2,99,99,true,EN_099_2,ES_099_2,/Users/nilakshanraveendran/Documents/research/data/raw/DRAL16kHz/fragments-short/EN_099_2.wav,/Users/nilakshanraveendran/Documents/research/data/raw/DRAL16kHz/fragments-short/ES_099_2.wav,"and his wife was like, um, kind of toxic.",Que su esposa era muy... medio tóxica.,train
EN_099_3__ES_099_3,99,99,true,EN_099_3,ES_099_3,/Users/nilakshanraveendran/Documents/research/data/raw/DRAL16kHz/fragments-short/EN_099_3.wav,/Users/nilakshanraveendran/Documents/research/data/raw/DRAL16kHz/fragments-short/ES_099_3.wav,He stopped talking to me out of nowhere and I thought that it was because of his wife.,Me dejó de hablar así de la nada. Y yo supuse que fue por su esposa.,train
EN_099_4__ES_099_4,99,99,true,EN_099_4,ES_099_4,/Users/nilakshanraveendran/Documents/research/data/raw/DRAL16kHz/fragments-short/EN_099_4.wav,/Users/nilakshanraveendran/Documents/research/data/raw/DRAL16kHz/fragments-short/ES_099_4.wav,"Then a couple of months later, he started talking to me again, and he told me, no pues, I already got divorced.","como un par de meses me volvió a hablar y me dijo no, pues ya me divorcié",train
EN_099_5__ES_099_5,99,99,true,EN_099_5,ES_099_5,/Users/nilakshanraveendran/Documents/research/data/raw/DRAL16kHz/fragments-short/EN_099_5.wav,/Users/nilakshanraveendran/Documents/research/data/raw/DRAL16kHz/fragments-short/ES_099_5.wav,So he was going through his process and you know.,"Pues está pasando su proceso, ¿sabes cómo? Y así",train
EN_099_6__ES_099_6,2,2,true,EN_099_6,ES_099_6,/Users/nilakshanraveendran/Documents/research/data/raw/DRAL16kHz/fragments-short/EN_099_6.wav,/Users/nilakshanraveendran/Documents/research/data/raw/DRAL16kHz/fragments-short/ES_099_6.wav,Yeah well yeah.,Sí pues.,train
EN_099_7__ES_099_7,99,99,true,EN_099_7,ES_099_7,/Users/nilakshanraveendran/Documents/research/data/raw/DRAL16kHz/fragments-short/EN_099_7.wav,/Users/nilakshanraveendran/Documents/research/data/raw/DRAL16kHz/fragments-short/ES_099_7.wav,"Yeah, and I told him, hey, um I wanted a Polaroid for me and my boyfriend.","Yo le dije, oye, fíjate que quiero una polaroid para mí y para mi novio.",train
EN_099_8__ES_099_8,99,99,true,EN_099_8,ES_099_8,/Users/nilakshanraveendran/Documents/research/data/raw/DRAL16kHz/fragments-short/EN_099_8.wav,/Users/nilakshanraveendran/Documents/research/data/raw/DRAL16kHz/fragments-short/ES_099_8.wav,"I mean, look, uh let's have something like, let's have a good moment and you know.","Pues mira, vamos a... a tener algo como pues pasarnosla chida",train
EN_099_9__ES_099_9,99,99,true,EN_099_9,ES_099_9,/Users/nilakshanraveendran/Documents/research/data/raw/DRAL16kHz/fragments-short/EN_099_9.wav,/Users/nilakshanraveendran/Documents/research/data/raw/DRAL16kHz/fragments-short/ES_099_9.wav,and you're not gonna ask for my information to contact me later.,¿Y no me vas a pedir mi- mi información para contactarme después?,train
EN_100_10__ES_100_10,57,57,true,EN_100_10,ES_100_10,/Users/nilakshanraveendran/Documents/research/data/raw/DRAL16kHz/fragments-short/EN_100_10.wav,/Users/nilakshanraveendran/Documents/research/data/raw/DRAL16kHz/fragments-short/ES_100_10.wav,I would like sprint in the last like few seconds even if it hurt.,Corría más rápido ya cuando era los últimos segundos y aunque me dolía.,dev
EN_100_11__ES_100_11,100,100,true,EN_100_11,ES_100_11,/Users/nilakshanraveendran/Documents/research/data/raw/DRAL16kHz/fragments-short/EN_100_11.wav,/Users/nilakshanraveendran/Documents/research/data/raw/DRAL16kHz/fragments-short/ES_100_11.wav,"And I have broken both arms, so... Yeah.","Sí, y ya me he quebrado los dos brazos. ¿Te quebraste los dos brazos? Sí.",dev
EN_100_12__ES_100_12,57,57,true,EN_100_12,ES_100_12,/Users/nilakshanraveendran/Documents/research/data/raw/DRAL16kHz/fragments-short/EN_100_12.wav,/Users/nilakshanraveendran/Documents/research/data/raw/DRAL16kHz/fragments-short/ES_100_12.wav,You- You've broken both arms?,¿Te quebraste los dos brazos?,dev
EN_100_13__ES_100_13,57,57,true,EN_100_13,ES_100_13,/Users/nilakshanraveendran/Documents/research/data/raw/DRAL16kHz/fragments-short/EN_100_13.wav,/Users/nilakshanraveendran/Documents/research/data/raw/DRAL16kHz/fragments-short/ES_100_13.wav,How'd you fly that far? Oh my god.,"¿Cómo volaste tan lejos? Oh, my... No, mi Dios.",dev
EN_100_14__ES_100_14,100,100,true,EN_100_14,ES_100_14,/Users/nilakshanraveendran/Documents/research/data/raw/DRAL16kHz/fragments-short/EN_100_14.wav,/Users/nilakshanraveendran/Documents/research/data/raw/DRAL16kHz/fragments-short/ES_100_14.wav,I was really skinny.,Estaba bien flaquito,dev
EN_100_15__ES_100_15,100,100,true,EN_100_15,ES_100_15,/Users/nilakshanraveendran/Documents/research/data/raw/DRAL16kHz/fragments-short/EN_100_15.wav,/Users/nilakshanraveendran/Documents/research/data/raw/DRAL16kHz/fragments-short/ES_100_15.wav,"I mean, I stayed there till like the end of the... of the school.",Pero pues ahí me quedaste que se acabó la escuela.,dev
EN_100_16__ES_100_16,57,57,true,EN_100_16,ES_100_16,/Users/nilakshanraveendran/Documents/research/data/raw/DRAL16kHz/fragments-short/EN_100_16.wav,/Users/nilakshanraveendran/Documents/research/data/raw/DRAL16kHz/fragments-short/ES_100_16.wav,uh,Ah,dev
EN_100_17__ES_100_17,100,100,true,EN_100_17,ES_100_17,/Users/nilakshanraveendran/Documents/research/data/raw/DRAL16kHz/fragments-short/EN_100_17.wav,/Users/nilakshanraveendran/Documents/research/data/raw/DRAL16kHz/fragments-short/ES_100_17.wav,there with a broken arm and everything.,con... cob el brazo quebrado y todo.,dev
EN_100_18__ES_100_18,57,57,true,EN_100_18,ES_100_18,/Users/nilakshanraveendran/Documents/research/data/raw/DRAL16kHz/fragments-short/EN_100_18.wav,/Users/nilakshanraveendran/Documents/research/data/raw/DRAL16kHz/fragments-short/ES_100_18.wav,Uh-huh.,Ajá.,dev
EN_100_19__ES_100_19,100,100,true,EN_100_19,ES_100_19,/Users/nilakshanraveendran/Documents/research/data/raw/DRAL16kHz/fragments-short/EN_100_19.wav,/Users/nilakshanraveendran/Documents/research/data/raw/DRAL16kHz/fragments-short/ES_100_19.wav,"No, my parents didn't sue her, but they were pissed.","No, mis papás no la demandaron, pero sí estaban enojados.",dev
EN_100_1__ES_100_1,57,57,true,EN_100_1,ES_100_1,/Users/nilakshanraveendran/Documents/research/data/raw/DRAL16kHz/fragments-short/EN_100_1.wav,/Users/nilakshanraveendran/Documents/research/data/raw/DRAL16kHz/fragments-short/ES_100_1.wav,I'm I'm uh think about it a little.,Te lo voy a- Lo voy a pensar un poco.,dev
EN_100_20__ES_100_20,57,57,true,EN_100_20,ES_100_20,/Users/nilakshanraveendran/Documents/research/data/raw/DRAL16kHz/fragments-short/EN_100_20.wav,/Users/nilakshanraveendran/Documents/research/data/raw/DRAL16kHz/fragments-short/ES_100_20.wav,Hmm.,mmm,dev
EN_100_21__ES_100_21,100,100,true,EN_100_21,ES_100_21,/Users/nilakshanraveendran/Documents/research/data/raw/DRAL16kHz/fragments-short/EN_100_21.wav,/Users/nilakshanraveendran/Documents/research/data/raw/DRAL16kHz/fragments-short/ES_100_21.wav,"Hey, you remember when you left me with a broken arm?","Ey, ¿te acuerdas cuando me dejaste con un brazo quebrado?",dev
EN_100_22__ES_100_22,100,100,true,EN_100_22,ES_100_22,/Users/nilakshanraveendran/Documents/research/data/raw/DRAL16kHz/fragments-short/EN_100_22.wav,/Users/nilakshanraveendran/Documents/research/data/raw/DRAL16kHz/fragments-short/ES_100_22.wav,"And then a year later in first grade, I broke the other one.","Y luego un año después, en el primer grado, me quebré el otro.",dev
EN_100_23__ES_100_23,100,100,true,EN_100_23,ES_100_23,/Users/nilakshanraveendran/Documents/research/data/raw/DRAL16kHz/fragments-short/EN_100_23.wav,/Users/nilakshanraveendran/Documents/research/data/raw/DRAL16kHz/fragments-short/ES_100_23.wav,"I had him for high school and- and I was like, do you remember? He was like, no.","Estaba conmigo en high school y le dije, ¿te acuerdas? Y me dijo, no.",dev
EN_100_2__ES_100_2,100,100,true,EN_100_2,ES_100_2,/Users/nilakshanraveendran/Documents/research/data/raw/DRAL16kHz/fragments-short/EN_100_2.wav,/Users/nilakshanraveendran/Documents/research/data/raw/DRAL16kHz/fragments-short/ES_100_2.wav,Just got to think about the lie.,Nomás tengo que pensar sobre la mentira.,dev
EN_100_3__ES_100_3,57,57,true,EN_100_3,ES_100_3,/Users/nilakshanraveendran/Documents/research/data/raw/DRAL16kHz/fragments-short/EN_100_3.wav,/Users/nilakshanraveendran/Documents/research/data/raw/DRAL16kHz/fragments-short/ES_100_3.wav,"I have the lie, I don't have the truth yet.","Tengo la mentira, pero no tengo la verdad todavía.",dev
EN_100_4__ES_100_4,100,100,true,EN_100_4,ES_100_4,/Users/nilakshanraveendran/Documents/research/data/raw/DRAL16kHz/fragments-short/EN_100_4.wav,/Users/nilakshanraveendran/Documents/research/data/raw/DRAL16kHz/fragments-short/ES_100_4.wav,,[laughter].,dev
EN_100_5__ES_100_5,100,100,true,EN_100_5,ES_100_5,/Users/nilakshanraveendran/Documents/research/data/raw/DRAL16kHz/fragments-short/EN_100_5.wav,/Users/nilakshanraveendran/Documents/research/data/raw/DRAL16kHz/fragments-short/ES_100_5.wav,I don't do bad stuff. No.,No hago cosas malas. ¿No eres mentiroso? No.,dev
EN_100_6__ES_100_6,57,57,true,EN_100_6,ES_100_6,/Users/nilakshanraveendran/Documents/research/data/raw/DRAL16kHz/fragments-short/EN_100_6.wav,/Users/nilakshanraveendran/Documents/research/data/raw/DRAL16kHz/fragments-short/ES_100_6.wav,You're you're not a liar?,¿No eres mentiroso?,dev
EN_100_7__ES_100_7,57,57,true,EN_100_7,ES_100_7,/Users/nilakshanraveendran/Documents/research/data/raw/DRAL16kHz/fragments-short/EN_100_7.wav,/Users/nilakshanraveendran/Documents/research/data/raw/DRAL16kHz/fragments-short/ES_100_7.wav,Aren't you uh l- aren't you like a... like a  fighter?,¿No n- no eres como un peleador?,dev
EN_100_8__ES_100_8,100,100,true,EN_100_8,ES_100_8,/Users/nilakshanraveendran/Documents/research/data/raw/DRAL16kHz/fragments-short/EN_100_8.wav,/Users/nilakshanraveendran/Documents/research/data/raw/DRAL16kHz/fragments-short/ES_100_8.wav,You know those that where you punch and run?,¿Y sabes de esos donde golpeas y corres?,dev
EN_100_9__ES_100_9,57,57,true,EN_100_9,ES_100_9,/Users/nilakshanraveendran/Documents/research/data/raw/DRAL16kHz/fragments-short/EN_100_9.wav,/Users/nilakshanraveendran/Documents/research/data/raw/DRAL16kHz/fragments-short/ES_100_9.wav,"We would like compete every Wednesday, and I got top 10 every single time.",Compitíamos cada miércoles y quedaba en top 10 cada vez.,dev
EN_101_10__ES_101_10,70,70,true,EN_101_10,ES_101_10,/Users/nilakshanraveendran/Documents/research/data/raw/DRAL16kHz/fragments-short/EN_101_10.wav,/Users/nilakshanraveendran/Documents/research/data/raw/DRAL16kHz/fragments-short/ES_101_10.wav,"No, le- let me tell you, I had an exam uh o- one day.","No, déjame te cuento, este... Tenía examen el... un día.",test
EN_101_11__ES_101_11,101,101,true,EN_101_11,ES_101_11,/Users/nilakshanraveendran/Documents/research/data/raw/DRAL16kHz/fragments-short/EN_101_11.wav,/Users/nilakshanraveendran/Documents/research/data/raw/DRAL16kHz/fragments-short/ES_101_11.wav,,¡Ah!,train
EN_101_12__ES_101_12,70,70,true,EN_101_12,ES_101_12,/Users/nilakshanraveendran/Documents/research/data/raw/DRAL16kHz/fragments-short/EN_101_12.wav,/Users/nilakshanraveendran/Documents/research/data/raw/DRAL16kHz/fragments-short/ES_101_12.wav,This game is gonna last like 20 minutes? 15 minutes?,"Este juego va a durar unos 20 minutos, 15 minutos.",test
EN_101_13__ES_101_13,70,70,true,EN_101_13,ES_101_13,/Users/nilakshanraveendran/Documents/research/data/raw/DRAL16kHz/fragments-short/EN_101_13.wav,/Users/nilakshanraveendran/Documents/research/data/raw/DRAL16kHz/fragments-short/ES_101_13.wav,"And then my my coach told me uh, wha- what's wrong with you?","Y luego mi coach me dijo, pues ¿qué traes?",test
EN_101_14__ES_101_14,70,70,true,EN_101_14,ES_101_14,/Users/nilakshanraveendran/Documents/research/data/raw/DRAL16kHz/fragments-short/EN_101_14.wav,/Users/nilakshanraveendran/Documents/research/data/raw/DRAL16kHz/fragments-short/ES_101_14.wav,He he has nothing? Wha- what's wrong with you?,"Pues no trae nada, o sea, ¿por qué? ¿qué te pasa?",test
EN_101_15__ES_101_15,70,70,true,EN_101_15,ES_101_15,/Users/nilakshanraveendran/Documents/research/data/raw/DRAL16kHz/fragments-short/EN_101_15.wav,/Users/nilakshanraveendran/Documents/research/data/raw/DRAL16kHz/fragments-short/ES_101_15.wav,Eh if you want you can go and I'll and I'll talk to you when... when you have to play.,Si quieres te vas y pues te hablo cuando tengas que volver a jugar.,test
EN_101_16__ES_101_16,101,101,true,EN_101_16,ES_101_16,/Users/nilakshanraveendran/Documents/research/data/raw/DRAL16kHz/fragments-short/EN_101_16.wav,/Users/nilakshanraveendran/Documents/research/data/raw/DRAL16kHz/fragments-short/ES_101_16.wav,Mm-hmm.,Ajá.,train
EN_101_17__ES_101_17,70,70,true,EN_101_17,ES_101_17,/Users/nilakshanraveendran/Documents/research/data/raw/DRAL16kHz/fragments-short/EN_101_17.wav,/Users/nilakshanraveendran/Documents/research/data/raw/DRAL16kHz/fragments-short/ES_101_17.wav,and I went somewhere else to do my... my exam.,Y me fui a este otro lado a hacer mi examen.,test
EN_101_18__ES_101_18,70,70,true,EN_101_18,ES_101_18,/Users/nilakshanraveendran/Documents/research/data/raw/DRAL16kHz/fragments-short/EN_101_18.wav,/Users/nilakshanraveendran/Documents/research/data/raw/DRAL16kHz/fragments-short/ES_101_18.wav,And so... 100! Yes.,Me pus-... 100. Sí.,test
EN_101_19__ES_101_19,101,101,true,EN_101_19,ES_101_19,/Users/nilakshanraveendran/Documents/research/data/raw/DRAL16kHz/fragments-short/EN_101_19.wav,/Users/nilakshanraveendran/Documents/research/data/raw/DRAL16kHz/fragments-short/ES_101_19.wav,And how did it go in your exam? Really?,¿Y cómo te fue en el examen? ci- ¿De veras?,train
EN_101_1__ES_101_1,70,70,true,EN_101_1,ES_101_1,/Users/nilakshanraveendran/Documents/research/data/raw/DRAL16kHz/fragments-short/EN_101_1.wav,/Users/nilakshanraveendran/Documents/research/data/raw/DRAL16kHz/fragments-short/ES_101_1.wav,I was I was sadly eliminated by a kid from UNAM.,Fui fui... lastimosamente fui eliminado por uno de la... de la UNAM,test
EN_101_20__ES_101_20,70,70,true,EN_101_20,ES_101_20,/Users/nilakshanraveendran/Documents/research/data/raw/DRAL16kHz/fragments-short/EN_101_20.wav,/Users/nilakshanraveendran/Documents/research/data/raw/DRAL16kHz/fragments-short/ES_101_20.wav,"Yes, fortunately we didn't have to play that one. I didn't have to play that again 'cause we won 3-0.","Sí, afortunadamente en ese no tuvimos que volver a jugar. Ganamos y la ganamos 3-0.",test
EN_101_21__ES_101_21,70,70,true,EN_101_21,ES_101_21,/Users/nilakshanraveendran/Documents/research/data/raw/DRAL16kHz/fragments-short/EN_101_21.wav,/Users/nilakshanraveendran/Documents/research/data/raw/DRAL16kHz/fragments-short/ES_101_21.wav,so I pass as the first one in my... my group,Entonces pues yo pasé como primero de mi grupo.,test
EN_101_22__ES_101_22,70,70,true,EN_101_22,ES_101_22,/Users/nilakshanraveendran/Documents/research/data/raw/DRAL16kHz/fragments-short/EN_101_22.wav,/Users/nilakshanraveendran/Documents/research/data/raw/DRAL16kHz/fragments-short/ES_101_22.wav,"But the people there at the the tournament, they didn't organize well, so...","Pero el torneo, pues lo organiz- pues ahí los del evento no se organizaron bien.",test
EN_101_2__ES_101_2,70,70,true,EN_101_2,ES_101_2,/Users/nilakshanraveendran/Documents/research/data/raw/DRAL16kHz/fragments-short/EN_101_2.wav,/Users/nilakshanraveendran/Documents/research/data/raw/DRAL16kHz/fragments-short/ES_101_2.wav,"I didn't lose uh badly, it was it could be it could be it could've been worse.","-co es como que tampoco perdí feo, o sea, pudo haber sido peor la verdad",test
EN_101_3__ES_101_3,101,101,true,EN_101_3,ES_101_3,/Users/nilakshanraveendran/Documents/research/data/raw/DRAL16kHz/fragments-short/EN_101_3.wav,/Users/nilakshanraveendran/Documents/research/data/raw/DRAL16kHz/fragments-short/ES_101_3.wav,Mm-hmm.,Mm-hmm.,train
EN_101_4__ES_101_4,101,101,true,EN_101_4,ES_101_4,/Users/nilakshanraveendran/Documents/research/data/raw/DRAL16kHz/fragments-short/EN_101_4.wav,/Users/nilakshanraveendran/Documents/research/data/raw/DRAL16kHz/fragments-short/ES_101_4.wav,So no one like no one won or continued,Entonces nadie- nadie siguió.,train
EN_101_5__ES_101_5,70,70,true,EN_101_5,ES_101_5,/Users/nilakshanraveendran/Documents/research/data/raw/DRAL16kHz/fragments-short/EN_101_5.wav,/Users/nilakshanraveendran/Documents/research/data/raw/DRAL16kHz/fragments-short/ES_101_5.wav,"Uh no of Chihuahua, no.",de- de chihuahua no,test
EN_101_6__ES_101_6,70,70,true,EN_101_6,ES_101_6,/Users/nilakshanraveendran/Documents/research/data/raw/DRAL16kHz/fragments-short/EN_101_6.wav,/Users/nilakshanraveendran/Documents/research/data/raw/DRAL16kHz/fragments-short/ES_101_6.wav,"so Chihuahua sent players eh Nuevo Leon, eh Sinaloa, Veracruz","O sea, Chihuahua mandó, Nuevo León, Sinaloa, Veracruz...",test
EN_101_7__ES_101_7,101,101,true,EN_101_7,ES_101_7,/Users/nilakshanraveendran/Documents/research/data/raw/DRAL16kHz/fragments-short/EN_101_7.wav,/Users/nilakshanraveendran/Documents/research/data/raw/DRAL16kHz/fragments-short/ES_101_7.wav,Mm-hmm.,Mm-hmm.,train
EN_101_8__ES_101_8,101,101,true,EN_101_8,ES_101_8,/Users/nilakshanraveendran/Documents/research/data/raw/DRAL16kHz/fragments-short/EN_101_8.wav,/Users/nilakshanraveendran/Documents/research/data/raw/DRAL16kHz/fragments-short/ES_101_8.wav,"Everyone, everyone?","¿Todos, todos?",train
EN_101_9__ES_101_9,70,70,true,EN_101_9,ES_101_9,/Users/nilakshanraveendran/Documents/research/data/raw/DRAL16kHz/fragments-short/EN_101_9.wav,/Users/nilakshanraveendran/Documents/research/data/raw/DRAL16kHz/fragments-short/ES_101_9.wav,Uh sadly eliminated but I brought us mmm I brought uh two medals,"Tristemente eliminado. Pero bueno, me traje- nos traje- me traje dos medallas.",test
EN_102_10__ES_102_10,85,85,true,EN_102_10,ES_102_10,/Users/nilakshanraveendran/Documents/research/data/raw/DRAL16kHz/fragments-short/EN_102_10.wav,/Users/nilakshanraveendran/Documents/research/data/raw/DRAL16kHz/fragments-short/ES_102_10.wav,Yeah.,Sí.,train
EN_102_11__ES_102_11,85,85,true,EN_102_11,ES_102_11,/Users/nilakshanraveendran/Documents/research/data/raw/DRAL16kHz/fragments-short/EN_102_11.wav,/Users/nilakshanraveendran/Documents/research/data/raw/DRAL16kHz/fragments-short/ES_102_11.wav,"Um well, electricity, I think it's a little more complicated than... uh physics.","Pero este, bueno, electricidad se me hace un poquito más complicado que física mecánica.",train
EN_102_12__ES_102_12,102,102,true,EN_102_12,ES_102_12,/Users/nilakshanraveendran/Documents/research/data/raw/DRAL16kHz/fragments-short/EN_102_12.wav,/Users/nilakshanraveendran/Documents/research/data/raw/DRAL16kHz/fragments-short/ES_102_12.wav,Do you know a lot of people through here or not?,¿Conoces a mucha gente por medio de aquí o no?,train
EN_102_13__ES_102_13,102,102,true,EN_102_13,ES_102_13,/Users/nilakshanraveendran/Documents/research/data/raw/DRAL16kHz/fragments-short/EN_102_13.wav,/Users/nilakshanraveendran/Documents/research/data/raw/DRAL16kHz/fragments-short/ES_102_13.wav,Are you the only one that comes from outside?,Eres el único que viene de por fuera.,train
EN_102_14__ES_102_14,85,85,true,EN_102_14,ES_102_14,/Users/nilakshanraveendran/Documents/research/data/raw/DRAL16kHz/fragments-short/EN_102_14.wav,/Users/nilakshanraveendran/Documents/research/data/raw/DRAL16kHz/fragments-short/ES_102_14.wav,I think so.,Yo creo que sí.,train
EN_102_15__ES_102_15,85,85,true,EN_102_15,ES_102_15,/Users/nilakshanraveendran/Documents/research/data/raw/DRAL16kHz/fragments-short/EN_102_15.wav,/Users/nilakshanraveendran/Documents/research/data/raw/DRAL16kHz/fragments-short/ES_102_15.wav,"Um, I know a guy that works in the first floor.",Conozco a un señor que ahí trabaja en el primer piso.,train
EN_102_16__ES_102_16,102,102,true,EN_102_16,ES_102_16,/Users/nilakshanraveendran/Documents/research/data/raw/DRAL16kHz/fragments-short/EN_102_16.wav,/Users/nilakshanraveendran/Documents/research/data/raw/DRAL16kHz/fragments-short/ES_102_16.wav,"Yeah, don't tell them that. Yeah, yeah, yeah.","No le digas eso. No. Sí, sí, sí.",train
EN_102_17__ES_102_17,85,85,true,EN_102_17,ES_102_17,/Users/nilakshanraveendran/Documents/research/data/raw/DRAL16kHz/fragments-short/EN_102_17.wav,/Users/nilakshanraveendran/Documents/research/data/raw/DRAL16kHz/fragments-short/ES_102_17.wav,"Yeah, I'm a little crazy.",Estoy medio loquito.,train
EN_102_18__ES_102_18,102,102,true,EN_102_18,ES_102_18,/Users/nilakshanraveendran/Documents/research/data/raw/DRAL16kHz/fragments-short/EN_102_18.wav,/Users/nilakshanraveendran/Documents/research/data/raw/DRAL16kHz/fragments-short/ES_102_18.wav,"Please, 25 is not that old.","Ay, por favor, 25 no es nada.",train
EN_102_19__ES_102_19,85,85,true,EN_102_19,ES_102_19,/Users/nilakshanraveendran/Documents/research/data/raw/DRAL16kHz/fragments-short/EN_102_19.wav,/Users/nilakshanraveendran/Documents/research/data/raw/DRAL16kHz/fragments-short/ES_102_19.wav,Just think about it. I'm in my mid-20s already.,Ponte a pensar yo ya estoy en mis mid-twenties.,train
EN_102_1__ES_102_1,85,85,true,EN_102_1,ES_102_1,/Users/nilakshanraveendran/Documents/research/data/raw/DRAL16kHz/fragments-short/EN_102_1.wav,/Users/nilakshanraveendran/Documents/research/data/raw/DRAL16kHz/fragments-short/ES_102_1.wav,Uh because I'm a master's student.,Porque soy de maestría.,train
EN_102_20__ES_102_20,85,85,true,EN_102_20,ES_102_20,/Users/nilakshanraveendran/Documents/research/data/raw/DRAL16kHz/fragments-short/EN_102_20.wav,/Users/nilakshanraveendran/Documents/research/data/raw/DRAL16kHz/fragments-short/ES_102_20.wav,They went to school when I was young.,"superó en mi escuela, o sea cuando estaba joven",train
EN_102_21__ES_102_21,102,102,true,EN_102_21,ES_102_21,/Users/nilakshanraveendran/Documents/research/data/raw/DRAL16kHz/fragments-short/EN_102_21.wav,/Users/nilakshanraveendran/Documents/research/data/raw/DRAL16kHz/fragments-short/ES_102_21.wav,So you'd be a doctor? A medical doctor?,"Serías doctor, doctor médico.",train
EN_102_22__ES_102_22,85,85,true,EN_102_22,ES_102_22,/Users/nilakshanraveendran/Documents/research/data/raw/DRAL16kHz/fragments-short/EN_102_22.wav,/Users/nilakshanraveendran/Documents/research/data/raw/DRAL16kHz/fragments-short/ES_102_22.wav,Mm-hmm. Mm-hmm.,Mm-hmm. Mm-hmm.,train
EN_102_23__ES_102_23,102,102,true,EN_102_23,ES_102_23,/Users/nilakshanraveendran/Documents/research/data/raw/DRAL16kHz/fragments-short/EN_102_23.wav,/Users/nilakshanraveendran/Documents/research/data/raw/DRAL16kHz/fragments-short/ES_102_23.wav,"Yeah, it's 'cause I thought you were a medical doc- Well, you're like a doctor of doctors, so to say.","Sí, yo pensé que tú eras doctor, así medi-... Eres doctor de doctores, por decir.",train
EN_102_24__ES_102_24,85,85,true,EN_102_24,ES_102_24,/Users/nilakshanraveendran/Documents/research/data/raw/DRAL16kHz/fragments-short/EN_102_24.wav,/Users/nilakshanraveendran/Documents/research/data/raw/DRAL16kHz/fragments-short/ES_102_24.wav,and big tumor on its side.,la bola del tumor aquí así en el lado.,train
EN_102_25__ES_102_25,102,102,true,EN_102_25,ES_102_25,/Users/nilakshanraveendran/Documents/research/data/raw/DRAL16kHz/fragments-short/EN_102_25.wav,/Users/nilakshanraveendran/Documents/research/data/raw/DRAL16kHz/fragments-short/ES_102_25.wav,,¡Eh!,train
EN_102_26__ES_102_26,85,85,true,EN_102_26,ES_102_26,/Users/nilakshanraveendran/Documents/research/data/raw/DRAL16kHz/fragments-short/EN_102_26.wav,/Users/nilakshanraveendran/Documents/research/data/raw/DRAL16kHz/fragments-short/ES_102_26.wav,"If you think that's bad, then uh when we have to kill them, that's... that's worse.",Si eso se te hace feo cuando los tenemos que matar es más gacho.,train
EN_102_27__ES_102_27,102,102,true,EN_102_27,ES_102_27,/Users/nilakshanraveendran/Documents/research/data/raw/DRAL16kHz/fragments-short/EN_102_27.wav,/Users/nilakshanraveendran/Documents/research/data/raw/DRAL16kHz/fragments-short/ES_102_27.wav,"So you can give it a little tumor, but once it gets too big, cut it off.","O sea, le pueden dar un tumor chiquito, pero ya que crezca, mochenle.",train
EN_102_2__ES_102_2,102,102,true,EN_102_2,ES_102_2,/Users/nilakshanraveendran/Documents/research/data/raw/DRAL16kHz/fragments-short/EN_102_2.wav,/Users/nilakshanraveendran/Documents/research/data/raw/DRAL16kHz/fragments-short/ES_102_2.wav,"Oh, okay, sorry.","Ah, ok, perdón.",train
EN_102_3__ES_102_3,85,85,true,EN_102_3,ES_102_3,/Users/nilakshanraveendran/Documents/research/data/raw/DRAL16kHz/fragments-short/EN_102_3.wav,/Users/nilakshanraveendran/Documents/research/data/raw/DRAL16kHz/fragments-short/ES_102_3.wav,"If not, I'm uh just extend it to fall to graduate in December.","Si no, a lo mejor lo extiendo para Fall, para graduarme en diciembre.",train
EN_102_4__ES_102_4,102,102,true,EN_102_4,ES_102_4,/Users/nilakshanraveendran/Documents/research/data/raw/DRAL16kHz/fragments-short/EN_102_4.wav,/Users/nilakshanraveendran/Documents/research/data/raw/DRAL16kHz/fragments-short/ES_102_4.wav,Uh-huh.,Ajá.,train
EN_102_5__ES_102_5,102,102,true,EN_102_5,ES_102_5,/Users/nilakshanraveendran/Documents/research/data/raw/DRAL16kHz/fragments-short/EN_102_5.wav,/Users/nilakshanraveendran/Documents/research/data/raw/DRAL16kHz/fragments-short/ES_102_5.wav,"Um, do you have a job, internship, or anything like that?","Este tienes trabajo, interinatos o algo así.",train
EN_102_6__ES_102_6,85,85,true,EN_102_6,ES_102_6,/Users/nilakshanraveendran/Documents/research/data/raw/DRAL16kHz/fragments-short/EN_102_6.wav,/Users/nilakshanraveendran/Documents/research/data/raw/DRAL16kHz/fragments-short/ES_102_6.wav,"Yeah, well, right now I'm just working as a TA.","Sí, pues ahorita estoy trabajando de TA.",train
EN_102_7__ES_102_7,85,85,true,EN_102_7,ES_102_7,/Users/nilakshanraveendran/Documents/research/data/raw/DRAL16kHz/fragments-short/EN_102_7.wav,/Users/nilakshanraveendran/Documents/research/data/raw/DRAL16kHz/fragments-short/ES_102_7.wav,"The way you say that, I don't know if to feel offended.","La manera en que dices eso, no sé si sentirme ofendido o...",train
EN_102_8__ES_102_8,102,102,true,EN_102_8,ES_102_8,/Users/nilakshanraveendran/Documents/research/data/raw/DRAL16kHz/fragments-short/EN_102_8.wav,/Users/nilakshanraveendran/Documents/research/data/raw/DRAL16kHz/fragments-short/ES_102_8.wav,It was it took forever. It was so boring and it was so hard.,"Y se me hizo eterno, la peor clase que había tomado, súper difícil.",train
EN_102_9__ES_102_9,102,102,true,EN_102_9,ES_102_9,/Users/nilakshanraveendran/Documents/research/data/raw/DRAL16kHz/fragments-short/EN_102_9.wav,/Users/nilakshanraveendran/Documents/research/data/raw/DRAL16kHz/fragments-short/ES_102_9.wav,"No, no, no. I think I'm talking about different things, I realize.","No, no, no, bueno, estoy hablando de diferentes cosas, pues me doy cuenta.",train
EN_103_10__ES_103_10,91,91,true,EN_103_10,ES_103_10,/Users/nilakshanraveendran/Documents/research/data/raw/DRAL16kHz/fragments-short/EN_103_10.wav,/Users/nilakshanraveendran/Documents/research/data/raw/DRAL16kHz/fragments-short/ES_103_10.wav,Why bring the little kids? 'Cause he was like maybe three or four?,Pero ¿por qué llevan a los niños tan chiquitos? Tenían como 3 o 4 años.,train
EN_103_11__ES_103_11,91,91,true,EN_103_11,ES_103_11,/Users/nilakshanraveendran/Documents/research/data/raw/DRAL16kHz/fragments-short/EN_103_11.wav,/Users/nilakshanraveendran/Documents/research/data/raw/DRAL16kHz/fragments-short/ES_103_11.wav,all the other boxes were fine,Y las otras voces estaban bien.,train
EN_103_1__ES_103_1,103,103,true,EN_103_1,ES_103_1,/Users/nilakshanraveendran/Documents/research/data/raw/DRAL16kHz/fragments-short/EN_103_1.wav,/Users/nilakshanraveendran/Documents/research/data/raw/DRAL16kHz/fragments-short/ES_103_1.wav,I- I play on the Wii. I would play the Mario games in the DS.,"jugué en el Wii,este jugaba a los juegos de Mario en el DS.",test
EN_103_2__ES_103_2,91,91,true,EN_103_2,ES_103_2,/Users/nilakshanraveendran/Documents/research/data/raw/DRAL16kHz/fragments-short/EN_103_2.wav,/Users/nilakshanraveendran/Documents/research/data/raw/DRAL16kHz/fragments-short/ES_103_2.wav,Have you seen like that little star that Rosalina has?,¿Has visto la- la estrellita que tiene Rosalina?,train
EN_103_3__ES_103_3,91,91,true,EN_103_3,ES_103_3,/Users/nilakshanraveendran/Documents/research/data/raw/DRAL16kHz/fragments-short/EN_103_3.wav,/Users/nilakshanraveendran/Documents/research/data/raw/DRAL16kHz/fragments-short/ES_103_3.wav,He was like being all psychotic and stuff. It was like really weird.,"Se estaba portando así como bien psicópatas, fue muy raro.",train
EN_103_4__ES_103_4,91,91,true,EN_103_4,ES_103_4,/Users/nilakshanraveendran/Documents/research/data/raw/DRAL16kHz/fragments-short/EN_103_4.wav,/Users/nilakshanraveendran/Documents/research/data/raw/DRAL16kHz/fragments-short/ES_103_4.wav,"And he was like, no, we're all going to die and it's so fun and like","Y pues sí, la estrellita estaba así como que no, pero vamos a morir, quiero morir.",train
EN_103_5__ES_103_5,91,91,true,EN_103_5,ES_103_5,/Users/nilakshanraveendran/Documents/research/data/raw/DRAL16kHz/fragments-short/EN_103_5.wav,/Users/nilakshanraveendran/Documents/research/data/raw/DRAL16kHz/fragments-short/ES_103_5.wav,"No, why? I wanted to die!",¿Pero por qué? ¡Yo quería morir!,train
EN_103_6__ES_103_6,91,91,true,EN_103_6,ES_103_6,/Users/nilakshanraveendran/Documents/research/data/raw/DRAL16kHz/fragments-short/EN_103_6.wav,/Users/nilakshanraveendran/Documents/research/data/raw/DRAL16kHz/fragments-short/ES_103_6.wav,,Entonces así son las lunas de psicóticas.,train
EN_103_7__ES_103_7,91,91,true,EN_103_7,ES_103_7,/Users/nilakshanraveendran/Documents/research/data/raw/DRAL16kHz/fragments-short/EN_103_7.wav,/Users/nilakshanraveendran/Documents/research/data/raw/DRAL16kHz/fragments-short/ES_103_7.wav,and a little kid just kept turning around trying to talk to me,Y el niño nomás volteándose y volteándose tratando de hablar conmigo.,train
EN_103_8__ES_103_8,103,103,true,EN_103_8,ES_103_8,/Users/nilakshanraveendran/Documents/research/data/raw/DRAL16kHz/fragments-short/EN_103_8.wav,/Users/nilakshanraveendran/Documents/research/data/raw/DRAL16kHz/fragments-short/ES_103_8.wav,,No se trata nada de-,test
EN_103_9__ES_103_9,91,91,true,EN_103_9,ES_103_9,/Users/nilakshanraveendran/Documents/research/data/raw/DRAL16kHz/fragments-short/EN_103_9.wav,/Users/nilakshanraveendran/Documents/research/data/raw/DRAL16kHz/fragments-short/ES_103_9.wav,"I don't know, it was like really annoying.","Pero no sé, fue así como muy molesto.",train
EN_104_10__ES_104_10,57,57,true,EN_104_10,ES_104_10,/Users/nilakshanraveendran/Documents/research/data/raw/DRAL16kHz/fragments-short/EN_104_10.wav,/Users/nilakshanraveendran/Documents/research/data/raw/DRAL16kHz/fragments-short/ES_104_10.wav,"And the kids are always like saying like, oh, look, it's like a weenie dog.","Siempre dicen los niños, ah, miren, es un perro salchicha.",dev
EN_104_11__ES_104_11,57,57,true,EN_104_11,ES_104_11,/Users/nilakshanraveendran/Documents/research/data/raw/DRAL16kHz/fragments-short/EN_104_11.wav,/Users/nilakshanraveendran/Documents/research/data/raw/DRAL16kHz/fragments-short/ES_104_11.wav,but he still looks good you know like he looks a little skinny but you know,"Pero todavía se ve bien, este, se ve poquito delgado, pero...",dev
EN_104_12__ES_104_12,104,104,true,EN_104_12,ES_104_12,/Users/nilakshanraveendran/Documents/research/data/raw/DRAL16kHz/fragments-short/EN_104_12.wav,/Users/nilakshanraveendran/Documents/research/data/raw/DRAL16kHz/fragments-short/ES_104_12.wav,"They live long, but they have a lot of like spinal cord problems.","Viven mucho, pero tienen muchos problemas en la columna.",train
EN_104_13__ES_104_13,57,57,true,EN_104_13,ES_104_13,/Users/nilakshanraveendran/Documents/research/data/raw/DRAL16kHz/fragments-short/EN_104_13.wav,/Users/nilakshanraveendran/Documents/research/data/raw/DRAL16kHz/fragments-short/ES_104_13.wav,Mm-hmm.,Mm-hmm.,dev
EN_104_14__ES_104_14,57,57,true,EN_104_14,ES_104_14,/Users/nilakshanraveendran/Documents/research/data/raw/DRAL16kHz/fragments-short/EN_104_14.wav,/Users/nilakshanraveendran/Documents/research/data/raw/DRAL16kHz/fragments-short/ES_104_14.wav,But I think mine is a little bit like crossed mixed with other ones 'cause he's not that long like... like other ones.,Pero se me hace que la mía es como poquito cruzada con otro porque no es tan largo como otros.,dev
EN_104_15__ES_104_15,104,104,true,EN_104_15,ES_104_15,/Users/nilakshanraveendran/Documents/research/data/raw/DRAL16kHz/fragments-short/EN_104_15.wav,/Users/nilakshanraveendran/Documents/research/data/raw/DRAL16kHz/fragments-short/ES_104_15.wav,"He's a mutt. He has uh short legs, uh very stubby legs.","está chato, está cortito, tiene unas patitas cortitas.",train
EN_104_16__ES_104_16,57,57,true,EN_104_16,ES_104_16,/Users/nilakshanraveendran/Documents/research/data/raw/DRAL16kHz/fragments-short/EN_104_16.wav,/Users/nilakshanraveendran/Documents/research/data/raw/DRAL16kHz/fragments-short/ES_104_16.wav,Hmm.,,dev
EN_104_17__ES_104_17,57,57,true,EN_104_17,ES_104_17,/Users/nilakshanraveendran/Documents/research/data/raw/DRAL16kHz/fragments-short/EN_104_17.wav,/Users/nilakshanraveendran/Documents/research/data/raw/DRAL16kHz/fragments-short/ES_104_17.wav,I think that um we got them when I was like seven years old.,Se me hace que... lo aga- lo agarramos cuando yo tenía como 7 años.,dev
EN_104_18__ES_104_18,104,104,true,EN_104_18,ES_104_18,/Users/nilakshanraveendran/Documents/research/data/raw/DRAL16kHz/fragments-short/EN_104_18.wav,/Users/nilakshanraveendran/Documents/research/data/raw/DRAL16kHz/fragments-short/ES_104_18.wav,"Look, nah, I think... I think you have a favorite. Yeah, I know which is your favorite.",Mira ahh ya sé cuál es tu favorito. Tienes favorito.,train
EN_104_19__ES_104_19,57,57,true,EN_104_19,ES_104_19,/Users/nilakshanraveendran/Documents/research/data/raw/DRAL16kHz/fragments-short/EN_104_19.wav,/Users/nilakshanraveendran/Documents/research/data/raw/DRAL16kHz/fragments-short/ES_104_19.wav,I want him to last me until like I'm 20.,Quiero que me dure hasta los 20.,dev
EN_104_1__ES_104_1,104,104,true,EN_104_1,ES_104_1,/Users/nilakshanraveendran/Documents/research/data/raw/DRAL16kHz/fragments-short/EN_104_1.wav,/Users/nilakshanraveendran/Documents/research/data/raw/DRAL16kHz/fragments-short/ES_104_1.wav,I would buy a house here in Texas and in Hawaii.,Me compraría una casa aquí en Texas y otra casa en Hawaii.,train
EN_104_20__ES_104_20,104,104,true,EN_104_20,ES_104_20,/Users/nilakshanraveendran/Documents/research/data/raw/DRAL16kHz/fragments-short/EN_104_20.wav,/Users/nilakshanraveendran/Documents/research/data/raw/DRAL16kHz/fragments-short/ES_104_20.wav,Until you're 20?,[unk],train
EN_104_21__ES_104_21,104,104,true,EN_104_21,ES_104_21,/Users/nilakshanraveendran/Documents/research/data/raw/DRAL16kHz/fragments-short/EN_104_21.wav,/Users/nilakshanraveendran/Documents/research/data/raw/DRAL16kHz/fragments-short/ES_104_21.wav,"So most people start kinder like at 6, 7. Uh, I started at 5.","Co- co- muchos entran como al kinder como a los 6, 7 años yo entré a los 5.",train
EN_104_22__ES_104_22,57,57,true,EN_104_22,ES_104_22,/Users/nilakshanraveendran/Documents/research/data/raw/DRAL16kHz/fragments-short/EN_104_22.wav,/Users/nilakshanraveendran/Documents/research/data/raw/DRAL16kHz/fragments-short/ES_104_22.wav,Uh-huh.,Ajá.,dev
EN_104_23__ES_104_23,57,57,true,EN_104_23,ES_104_23,/Users/nilakshanraveendran/Documents/research/data/raw/DRAL16kHz/fragments-short/EN_104_23.wav,/Users/nilakshanraveendran/Documents/research/data/raw/DRAL16kHz/fragments-short/ES_104_23.wav,Mm-hmm.,Mm-hmm.,dev
EN_104_24__ES_104_24,104,104,true,EN_104_24,ES_104_24,/Users/nilakshanraveendran/Documents/research/data/raw/DRAL16kHz/fragments-short/EN_104_24.wav,/Users/nilakshanraveendran/Documents/research/data/raw/DRAL16kHz/fragments-short/ES_104_24.wav,"I will finish my career, the bachelor's, when I'm around 21, 22.",Terminaría mi carrera... el bachelor's lo terminaría en... a los 21 o 22.,train
EN_104_25__ES_104_25,57,57,true,EN_104_25,ES_104_25,/Users/nilakshanraveendran/Documents/research/data/raw/DRAL16kHz/fragments-short/EN_104_25.wav,/Users/nilakshanraveendran/Documents/research/data/raw/DRAL16kHz/fragments-short/ES_104_25.wav,"And I was like, well, I don't know, I'll just, like, leave it, and I'll just work, and yeah.","Y pues dije ah, pues mejor lo dejo y ya nomás trabajo y ya.",dev
EN_104_26__ES_104_26,57,57,true,EN_104_26,ES_104_26,/Users/nilakshanraveendran/Documents/research/data/raw/DRAL16kHz/fragments-short/EN_104_26.wav,/Users/nilakshanraveendran/Documents/research/data/raw/DRAL16kHz/fragments-short/ES_104_26.wav,"I worked in Jimmy John's. Uh-huh, yeah","Trabajé en Jimmy John's. Ajá, sí",dev
EN_104_27__ES_104_27,104,104,true,EN_104_27,ES_104_27,/Users/nilakshanraveendran/Documents/research/data/raw/DRAL16kHz/fragments-short/EN_104_27.wav,/Users/nilakshanraveendran/Documents/research/data/raw/DRAL16kHz/fragments-short/ES_104_27.wav,"Oh, the sandwiches, right?","Ah, los sándwiches.",train
EN_104_28__ES_104_28,57,57,true,EN_104_28,ES_104_28,/Users/nilakshanraveendran/Documents/research/data/raw/DRAL16kHz/fragments-short/EN_104_28.wav,/Users/nilakshanraveendran/Documents/research/data/raw/DRAL16kHz/fragments-short/ES_104_28.wav,"Well, yeah, I'll just return to school and I'll see what's up.","Y dije, no, pues regreso a la escuela a ver qué.",dev
EN_104_29__ES_104_29,104,104,true,EN_104_29,ES_104_29,/Users/nilakshanraveendran/Documents/research/data/raw/DRAL16kHz/fragments-short/EN_104_29.wav,/Users/nilakshanraveendran/Documents/research/data/raw/DRAL16kHz/fragments-short/ES_104_29.wav,"If I come back, it's either because I was uh... I was made to or I had the same experience.",Si regresaría sería porque o me obligaron o porque tuve esa experiencia.,train
EN_104_2__ES_104_2,104,104,true,EN_104_2,ES_104_2,/Users/nilakshanraveendran/Documents/research/data/raw/DRAL16kHz/fragments-short/EN_104_2.wav,/Users/nilakshanraveendran/Documents/research/data/raw/DRAL16kHz/fragments-short/ES_104_2.wav,Texas? Ah! I don't want Austin or Dallas or any big city 'cause of the traffic.,Tejas argh... no quiero Austin y así ciudades grandes porque pues nah el tráfico.,train
EN_104_30__ES_104_30,104,104,true,EN_104_30,ES_104_30,/Users/nilakshanraveendran/Documents/research/data/raw/DRAL16kHz/fragments-short/EN_104_30.wav,/Users/nilakshanraveendran/Documents/research/data/raw/DRAL16kHz/fragments-short/ES_104_30.wav,"Here in El Paso, we rarely see self-made millionaires.",Aquí en El Paso es raramente que se haga una millonaria.,train
EN_104_3__ES_104_3,57,57,true,EN_104_3,ES_104_3,/Users/nilakshanraveendran/Documents/research/data/raw/DRAL16kHz/fragments-short/EN_104_3.wav,/Users/nilakshanraveendran/Documents/research/data/raw/DRAL16kHz/fragments-short/ES_104_3.wav,Hmm.,No.,dev
EN_104_4__ES_104_4,104,104,true,EN_104_4,ES_104_4,/Users/nilakshanraveendran/Documents/research/data/raw/DRAL16kHz/fragments-short/EN_104_4.wav,/Users/nilakshanraveendran/Documents/research/data/raw/DRAL16kHz/fragments-short/ES_104_4.wav,"Yes, there is beautiful houses here in El Paso, like over there, what do you call it uh? Scenic Drive.",Sí hay bonitas casas en El Paso como allá por... ¿Cómo se dice? Por Scenic Drive.,train
EN_104_5__ES_104_5,57,57,true,EN_104_5,ES_104_5,/Users/nilakshanraveendran/Documents/research/data/raw/DRAL16kHz/fragments-short/EN_104_5.wav,/Users/nilakshanraveendran/Documents/research/data/raw/DRAL16kHz/fragments-short/ES_104_5.wav,"No, but if you won the lottery, you wouldn't be basic no?","Pero pues si ganarías la lotería no serías básico, ¿no?",dev
EN_104_6__ES_104_6,104,104,true,EN_104_6,ES_104_6,/Users/nilakshanraveendran/Documents/research/data/raw/DRAL16kHz/fragments-short/EN_104_6.wav,/Users/nilakshanraveendran/Documents/research/data/raw/DRAL16kHz/fragments-short/ES_104_6.wav,"Uh the other thing um, either I invest it or I w- spend it in cars.",los- lo otro lo hago... lo invierto o me lo gasto en carros,train
EN_104_7__ES_104_7,57,57,true,EN_104_7,ES_104_7,/Users/nilakshanraveendran/Documents/research/data/raw/DRAL16kHz/fragments-short/EN_104_7.wav,/Users/nilakshanraveendran/Documents/research/data/raw/DRAL16kHz/fragments-short/ES_104_7.wav,Yeah.,Ajá.,dev
EN_104_8__ES_104_8,57,57,true,EN_104_8,ES_104_8,/Users/nilakshanraveendran/Documents/research/data/raw/DRAL16kHz/fragments-short/EN_104_8.wav,/Users/nilakshanraveendran/Documents/research/data/raw/DRAL16kHz/fragments-short/ES_104_8.wav,"Yeah, like, so that way I know how to make it so my money can make more money.","Sí, así para saber cómo puedo hacer que mi dinero haga dinero.",dev
EN_104_9__ES_104_9,57,57,true,EN_104_9,ES_104_9,/Users/nilakshanraveendran/Documents/research/data/raw/DRAL16kHz/fragments-short/EN_104_9.wav,/Users/nilakshanraveendran/Documents/research/data/raw/DRAL16kHz/fragments-short/ES_104_9.wav,"And after that, I would leave school.","Después de eso, dejaría la escuela.",dev
