sample_id,speaker_id,same_speaker_pair,direction,source_audio,target_reference_audio,source_reference_text,asr_text,translation_reference,translated_text,tts_asr_text,generated_audio,tts_seed,asr_wer,tts_intelligibility_wer,speaker_similarity,human_target_speaker_similarity,f0_mean_source,f0_mean_generated,f0_mean_target_reference,f0_std_source,f0_std_generated,f0_std_target_reference,energy_source,energy_generated,energy_target_reference,duration_source,duration_generated,duration_target_reference,speaking_rate_source,speaking_rate_generated,speaking_rate_target_reference,status,error_stage,error_message
EN_001_11__ES_001_11,1,true,en-es,/Users/nilakshanraveendran/Documents/research/data/raw/DRAL16kHz/fragments-short/EN_001_11.wav,/Users/nilakshanraveendran/Documents/research/data/raw/DRAL16kHz/fragments-short/ES_001_11.wav,That's during the Empire.,That's during the empire.,Es durante el imperio.,Eso es durante el imperio.,Eso es durante el Imperio.,/Users/nilakshanraveendran/Documents/research/outputs/synthesis/en-es/EN_001_11__ES_001_11_en-es.wav,37138419,0.0,0.0,0.21370597183704376,0.3782675266265869,145.76295874360034,118.11815609113269,nan,12.844055719261783,34.75102835765257,nan,0.012470359914004803,0.10654371976852417,0.018672656267881393,1.108,2.4966875,1.0,3.6101083032490973,2.0026535159085785,4.0,ok,,
EN_001_11__ES_001_11,1,true,es-en,/Users/nilakshanraveendran/Documents/research/data/raw/DRAL16kHz/fragments-short/ES_001_11.wav,/Users/nilakshanraveendran/Documents/research/data/raw/DRAL16kHz/fragments-short/EN_001_11.wav,Es durante el imperio.,es durante el imperio.,That's during the Empire.,It's during the empire.,"I am dead.""",/Users/nilakshanraveendran/Documents/research/outputs/synthesis/es-en/EN_001_11__ES_001_11_es-en.wav,1901703495,0.0,1.0,0.32377761602401733,0.3782675266265869,nan,118.7393769647061,145.76295874360034,nan,41.94248059766956,12.844055719261783,0.018672656267881393,0.09025000035762787,0.012470359914004803,1.0,2.4966875,1.108,4.0,1.602122812726863,3.6101083032490973,ok,,
EN_001_13__ES_001_13,1,true,en-es,/Users/nilakshanraveendran/Documents/research/data/raw/DRAL16kHz/fragments-short/EN_001_13.wav,/Users/nilakshanraveendran/Documents/research/data/raw/DRAL16kHz/fragments-short/ES_001_13.wav,"Yeah, we quickly reserved the next day and I could go for the following day.","Yeah, we quickly reserved the next day and I could go for the following day.",y de volada los reservamos el siguiente día y pude ir el eh el día después,"Sí, rápidamente reservamos al día siguiente y yo podría ir para el día siguiente.","Sí, rápidamente reservamos al día siguiente y yo podría ir para el día siguiente.",/Users/nilakshanraveendran/Documents/research/outputs/synthesis/en-es/EN_001_13__ES_001_13_en-es.wav,46696712,0.0,0.0,0.38371986150741577,0.4461876153945923,123.40602890708207,432.2191605962934,118.99465936246445,24.091356890611507,409.71734626012625,32.34439883707444,0.012555284425616264,0.07496130466461182,0.010236192494630814,4.81,7.4246875,6.08,3.118503118503119,1.8856012458436802,2.6315789473684212,ok,,
EN_001_13__ES_001_13,1,true,es-en,/Users/nilakshanraveendran/Documents/research/data/raw/DRAL16kHz/fragments-short/ES_001_13.wav,/Users/nilakshanraveendran/Documents/research/data/raw/DRAL16kHz/fragments-short/EN_001_13.wav,y de volada los reservamos el siguiente día y pude ir el eh el día después,de volada nos reservamos el siguiente día y puede ir el día después.,"Yeah, we quickly reserved the next day and I could go for the following day.",We reserve the next day and you can go the day after.,We reserve the next day and you can go the day after.,/Users/nilakshanraveendran/Documents/research/outputs/synthesis/es-en/EN_001_13__ES_001_13_es-en.wav,1705038299,0.3125,0.0,0.23130391538143158,0.4461876153945923,118.99465936246445,111.74656610860993,123.40602890708207,32.34439883707444,9.820654969228348,24.091356890611507,0.010236192494630814,0.09875072538852692,0.012555284425616264,6.08,4.363375,4.81,2.6315789473684212,2.7501647234079125,3.118503118503119,ok,,
EN_001_15__ES_001_15,1,true,en-es,/Users/nilakshanraveendran/Documents/research/data/raw/DRAL16kHz/fragments-short/EN_001_15.wav,/Users/nilakshanraveendran/Documents/research/data/raw/DRAL16kHz/fragments-short/ES_001_15.wav,mhm,Mm-hmm,,Mm-hmm,,/Users/nilakshanraveendran/Documents/research/outputs/synthesis/en-es/EN_001_15__ES_001_15_en-es.wav,804684607,1.0,1.0,0.12581434845924377,0.41285616159439087,65.864953736494,65.0,125.70681463761015,2.388457881533212,0.0,47.95574243453851,0.0021565784700214863,0.16863857209682465,0.003917953930795193,0.905,1.942,0.8,1.1049723756906078,0.5149330587023687,nan,ok,,
EN_001_15__ES_001_15,1,true,es-en,/Users/nilakshanraveendran/Documents/research/data/raw/DRAL16kHz/fragments-short/ES_001_15.wav,/Users/nilakshanraveendran/Documents/research/data/raw/DRAL16kHz/fragments-short/EN_001_15.wav,,No,mhm,No,No.,/Users/nilakshanraveendran/Documents/research/outputs/synthesis/es-en/EN_001_15__ES_001_15_es-en.wav,852685802,,0.0,0.27149006724357605,0.41285616159439087,125.70681463761015,122.25449698761959,65.864953736494,47.95574243453851,5.67678344048674,2.388457881533212,0.003917953930795193,0.07507751137018204,0.0021565784700214863,0.8,1.11,0.905,nan,0.9009009009009008,1.1049723756906078,ok,,
EN_001_17__ES_001_17,1,true,en-es,/Users/nilakshanraveendran/Documents/research/data/raw/DRAL16kHz/fragments-short/EN_001_17.wav,/Users/nilakshanraveendran/Documents/research/data/raw/DRAL16kHz/fragments-short/ES_001_17.wav,"Yeah, that was my adventures at Disney, dude.","Yeah, that was my adventures at Disney dude.",Esa fue mi aventura de de Disney vato.,"Sí, esas fueron mis aventuras en Disney.","Sí, esas fueron mis aventuras en Disney.",/Users/nilakshanraveendran/Documents/research/outputs/synthesis/en-es/EN_001_17__ES_001_17_en-es.wav,1978118736,0.0,0.0,0.34957996010780334,0.6203663349151611,114.32909095381758,122.29093455685573,110.49978342187647,6.040237985556748,14.621791697545248,10.341081339789499,0.00903353001922369,0.07277461141347885,0.007033647503703833,2.906,4.1286875,3.04,2.7529249827942186,1.6954540637914592,2.6315789473684212,ok,,
EN_001_17__ES_001_17,1,true,es-en,/Users/nilakshanraveendran/Documents/research/data/raw/DRAL16kHz/fragments-short/ES_001_17.wav,/Users/nilakshanraveendran/Documents/research/data/raw/DRAL16kHz/fragments-short/EN_001_17.wav,Esa fue mi aventura de de Disney vato.,y eso fue mi aventura de Disney.,"Yeah, that was my adventures at Disney, dude.",And that was my Disney adventure.,And that was my Disney adventure.,/Users/nilakshanraveendran/Documents/research/outputs/synthesis/es-en/EN_001_17__ES_001_17_es-en.wav,794586220,0.5,0.0,0.4590545892715454,0.6203663349151611,110.49978342187647,112.58172628017356,114.32909095381758,10.341081339789499,9.236965036771673,6.040237985556748,0.007033647503703833,0.07934381067752838,0.00903353001922369,3.04,2.827375,2.906,2.6315789473684212,2.122109730757328,2.7529249827942186,ok,,
EN_001_21__ES_001_21,1,true,en-es,/Users/nilakshanraveendran/Documents/research/data/raw/DRAL16kHz/fragments-short/EN_001_21.wav,/Users/nilakshanraveendran/Documents/research/data/raw/DRAL16kHz/fragments-short/ES_001_21.wav,So how much distance in the in the bike or in the dam?,So how much distance in the bike or in the dam?,"¿Cuánta distancia te aventaste en la en la bici, en la presa?",¿Cuánta distancia hay en la bicicleta o en la presa?,aguanta distancia en la bicicleta o presa.,/Users/nilakshanraveendran/Documents/research/outputs/synthesis/en-es/EN_001_21__ES_001_21_en-es.wav,1940327994,0.15384615384615385,0.4,0.42457064986228943,0.41978442668914795,113.72118869500446,115.18176280254924,141.93125288046184,9.910761332363231,9.19169303622117,25.31939944250828,0.008110699243843555,0.09735430032014847,0.013898715376853943,4.729,3.6166875,2.62,2.748995559314866,2.764961031330465,4.580152671755725,ok,,
EN_001_21__ES_001_21,1,true,es-en,/Users/nilakshanraveendran/Documents/research/data/raw/DRAL16kHz/fragments-short/ES_001_21.wav,/Users/nilakshanraveendran/Documents/research/data/raw/DRAL16kHz/fragments-short/EN_001_21.wav,"¿Cuánta distancia te aventaste en la en la bici, en la presa?",¿Cuánta distancia te aventaste en la vis sin la presa?,So how much distance in the in the bike or in the dam?,How far did you get on the vis without the prey?,How far did you get on the vis without the prey?,/Users/nilakshanraveendran/Documents/research/outputs/synthesis/es-en/EN_001_21__ES_001_21_es-en.wav,1652733241,0.3333333333333333,0.0,0.1451525241136551,0.41978442668914795,141.93125288046184,178.64311014468325,113.72118869500446,25.31939944250828,33.21357398590826,9.910761332363231,0.013898715376853943,0.10481293499469757,0.008110699243843555,2.62,4.0326875,4.729,4.580152671755725,2.727709498938363,2.748995559314866,ok,,
EN_001_29__ES_001_29,1,true,en-es,/Users/nilakshanraveendran/Documents/research/data/raw/DRAL16kHz/fragments-short/EN_001_29.wav,/Users/nilakshanraveendran/Documents/research/data/raw/DRAL16kHz/fragments-short/ES_001_29.wav,and How's your mom?,How's your mom?,¿Y cómo está tu mamá?,¿Cómo está tu mamá?,Como está tu mama,/Users/nilakshanraveendran/Documents/research/outputs/synthesis/en-es/EN_001_29__ES_001_29_en-es.wav,1444045631,0.25,0.5,0.34749913215637207,0.34012821316719055,119.95363123717857,127.90414034308043,137.38502284460122,13.57342954007097,8.784937664946773,10.529296824049487,0.009586361236870289,0.09259025752544403,0.011054914444684982,1.149,1.995375,0.9,3.4812880765883376,2.004635720102738,5.555555555555555,ok,,
EN_001_29__ES_001_29,1,true,es-en,/Users/nilakshanraveendran/Documents/research/data/raw/DRAL16kHz/fragments-short/ES_001_29.wav,/Users/nilakshanraveendran/Documents/research/data/raw/DRAL16kHz/fragments-short/EN_001_29.wav,¿Y cómo está tu mamá?,¿Y cómo está tu mama?,and How's your mom?,And how's your mom?,and how's your mom?,/Users/nilakshanraveendran/Documents/research/outputs/synthesis/es-en/EN_001_29__ES_001_29_es-en.wav,1321755159,0.2,0.0,0.311616450548172,0.34012821316719055,137.38502284460122,185.17270531558037,119.95363123717857,10.529296824049487,19.1191411542904,13.57342954007097,0.011054914444684982,0.09576133638620377,0.009586361236870289,0.9,1.483375,1.149,5.555555555555555,2.6965534675992244,3.4812880765883376,ok,,
EN_001_2__ES_001_2,1,true,en-es,/Users/nilakshanraveendran/Documents/research/data/raw/DRAL16kHz/fragments-short/EN_001_2.wav,/Users/nilakshanraveendran/Documents/research/data/raw/DRAL16kHz/fragments-short/ES_001_2.wav,Yes.,Yes?,¿Sí?,¿Sí?,Sígh.,/Users/nilakshanraveendran/Documents/research/outputs/synthesis/en-es/EN_001_2__ES_001_2_en-es.wav,671417239,0.0,1.0,0.2283109426498413,0.23958629369735718,811.3205532740432,89.98543251135732,nan,61.689644123787936,28.353346788363144,nan,0.0034332505892962217,0.08316049724817276,0.003282460616901517,1.027,1.846,0.71,0.9737098344693282,0.5417118093174431,1.4084507042253522,ok,,
EN_001_2__ES_001_2,1,true,es-en,/Users/nilakshanraveendran/Documents/research/data/raw/DRAL16kHz/fragments-short/ES_001_2.wav,/Users/nilakshanraveendran/Documents/research/data/raw/DRAL16kHz/fragments-short/EN_001_2.wav,¿Sí?,¿Sí?,Yes.,Yeah?,Yeah?,/Users/nilakshanraveendran/Documents/research/outputs/synthesis/es-en/EN_001_2__ES_001_2_es-en.wav,938499597,0.0,0.0,0.16242916882038116,0.23958629369735718,nan,137.88474535281426,811.3205532740432,nan,2.4680322950119473,61.689644123787936,0.003282460616901517,0.08648469299077988,0.0034332505892962217,0.71,1.206,1.027,1.4084507042253522,0.8291873963515755,0.9737098344693282,ok,,
EN_001_30__ES_001_30,1,true,en-es,/Users/nilakshanraveendran/Documents/research/data/raw/DRAL16kHz/fragments-short/EN_001_30.wav,/Users/nilakshanraveendran/Documents/research/data/raw/DRAL16kHz/fragments-short/ES_001_30.wav,"I know the name, I just can't figure out where it's at.",Another name. I just can't figure out where it's at.,"Si se del nombre, pero no ubico donde esta","Otro nombre, pero no sé dónde está.","Otro nombre, pero no sé dónde está.",/Users/nilakshanraveendran/Documents/research/outputs/synthesis/en-es/EN_001_30__ES_001_30_en-es.wav,377649292,0.25,0.0,0.4473220407962799,0.42491257190704346,791.3498323388192,580.1273862527586,120.54482630395285,5.493870699417221,403.41067935519857,26.516103555203426,0.010782547295093536,0.08580026775598526,0.009867622517049313,4.027,3.478,2.99,2.979885771045443,2.0126509488211615,3.0100334448160533,ok,,
EN_001_30__ES_001_30,1,true,es-en,/Users/nilakshanraveendran/Documents/research/data/raw/DRAL16kHz/fragments-short/ES_001_30.wav,/Users/nilakshanraveendran/Documents/research/data/raw/DRAL16kHz/fragments-short/EN_001_30.wav,"Si se del nombre, pero no ubico donde esta","Sí sé del nombre, pero no ubico donde está.","I know the name, I just can't figure out where it's at.","I do know the name, but I don't know where it is.","I do know the name, but I don't know where it is.",/Users/nilakshanraveendran/Documents/research/outputs/synthesis/es-en/EN_001_30__ES_001_30_es-en.wav,10633220,0.3333333333333333,0.0,0.3267514705657959,0.42491257190704346,120.54482630395285,131.3549216843199,791.3498323388192,26.516103555203426,18.547111240938044,5.493870699417221,0.009867622517049313,0.1293153017759323,0.010782547295093536,2.99,3.1046875,4.027,3.0100334448160533,3.865123301459487,2.979885771045443,ok,,
EN_001_36__ES_001_36,1,true,en-es,/Users/nilakshanraveendran/Documents/research/data/raw/DRAL16kHz/fragments-short/EN_001_36.wav,/Users/nilakshanraveendran/Documents/research/data/raw/DRAL16kHz/fragments-short/ES_001_36.wav,T- t- tell me what day exactly.,Tell me what day exactly.,"Dime, dime que día exacto.",Dime qué día exactamente.,Dime que día exactamente.,/Users/nilakshanraveendran/Documents/research/outputs/synthesis/en-es/EN_001_36__ES_001_36_en-es.wav,926205565,0.2857142857142857,0.25,0.323078453540802,0.4814421534538269,173.92922296087158,183.59330233046853,183.80936060091338,41.74433787574782,13.547077404478182,29.757263113984518,0.029000915586948395,0.058555968105793,0.018715832382440567,2.297,4.171375,2.14,3.04745319982586,0.9589164244403823,2.336448598130841,ok,,
EN_001_36__ES_001_36,1,true,es-en,/Users/nilakshanraveendran/Documents/research/data/raw/DRAL16kHz/fragments-short/ES_001_36.wav,/Users/nilakshanraveendran/Documents/research/data/raw/DRAL16kHz/fragments-short/EN_001_36.wav,"Dime, dime que día exacto.","Dime, dime que día exacto.",T- t- tell me what day exactly.,"Tell me, tell me what exact day.","Tell me, tell me what exact day?",/Users/nilakshanraveendran/Documents/research/outputs/synthesis/es-en/EN_001_36__ES_001_36_es-en.wav,1827243163,0.0,0.0,0.4650794267654419,0.4814421534538269,183.80936060091338,174.075685216206,173.92922296087158,29.757263113984518,54.20796765169952,41.74433787574782,0.018715832382440567,0.10675204545259476,0.029000915586948395,2.14,3.478,2.297,2.336448598130841,2.0126509488211615,3.04745319982586,ok,,
EN_001_37__ES_001_37,1,true,en-es,/Users/nilakshanraveendran/Documents/research/data/raw/DRAL16kHz/fragments-short/EN_001_37.wav,/Users/nilakshanraveendran/Documents/research/data/raw/DRAL16kHz/fragments-short/ES_001_37.wav,so I can buy the ticket.,so I can buy the ticket.,Para ya comprar el boleto.,para que pueda comprar el boleto.,para que pueda comprar el boleto.,/Users/nilakshanraveendran/Documents/research/outputs/synthesis/en-es/EN_001_37__ES_001_37_en-es.wav,1339249006,0.0,0.0,0.32217320799827576,0.30675560235977173,125.63569100252356,138.28794688798735,183.10371537996383,18.727733423091312,30.141447454832406,2.189222626133508,0.02841518260538578,0.10733755677938461,0.02076422981917858,1.243,2.923375,1.72,4.827031375703942,2.0524222858853207,2.9069767441860463,ok,,
EN_001_37__ES_001_37,1,true,es-en,/Users/nilakshanraveendran/Documents/research/data/raw/DRAL16kHz/fragments-short/ES_001_37.wav,/Users/nilakshanraveendran/Documents/research/data/raw/DRAL16kHz/fragments-short/EN_001_37.wav,Para ya comprar el boleto.,para ya comprar el boleto,so I can buy the ticket.,to buy the ticket,Bye that ticket or that ticket,/Users/nilakshanraveendran/Documents/research/outputs/synthesis/es-en/EN_001_37__ES_001_37_es-en.wav,1692754586,0.0,1.25,0.3324955403804779,0.30675560235977173,183.10371537996383,112.07848738766779,125.63569100252356,2.189222626133508,27.951594155423017,18.727733423091312,0.02076422981917858,0.09556101262569427,0.02841518260538578,1.72,3.9366875,1.243,2.9069767441860463,1.0160826837283883,4.827031375703942,ok,,
EN_001_38__ES_001_38,1,true,en-es,/Users/nilakshanraveendran/Documents/research/data/raw/DRAL16kHz/fragments-short/EN_001_38.wav,/Users/nilakshanraveendran/Documents/research/data/raw/DRAL16kHz/fragments-short/ES_001_38.wav,That's why we're here in the lab.,That's what we're hearing in the lab.,Para eso estamos aquí en el laboratorio.,Eso es lo que oímos en el laboratorio.,Eso es lo que oímos en el laboratorio.,/Users/nilakshanraveendran/Documents/research/outputs/synthesis/en-es/EN_001_38__ES_001_38_en-es.wav,1617421612,0.2857142857142857,0.0,0.35584908723831177,0.3340643048286438,124.29246490638734,136.39675905643531,117.69538833320114,6.31670155035202,19.207505356945635,15.037152824969207,0.009269527159631252,0.07454700022935867,0.00924178957939148,1.648,4.822,2.2,4.247572815533981,1.6590626296142679,3.1818181818181817,ok,,
EN_001_38__ES_001_38,1,true,es-en,/Users/nilakshanraveendran/Documents/research/data/raw/DRAL16kHz/fragments-short/ES_001_38.wav,/Users/nilakshanraveendran/Documents/research/data/raw/DRAL16kHz/fragments-short/EN_001_38.wav,Para eso estamos aquí en el laboratorio.,Para eso estamos aquí en la laboratoria.,That's why we're here in the lab.,That's why we're here at work.,That's why we're here at work.,/Users/nilakshanraveendran/Documents/research/outputs/synthesis/es-en/EN_001_38__ES_001_38_es-en.wav,1914682923,0.2857142857142857,0.0,0.24570788443088531,0.3340643048286438,117.69538833320114,109.94485056930644,124.29246490638734,15.037152824969207,4.7223247876924646,6.31670155035202,0.00924178957939148,0.13428573310375214,0.009269527159631252,2.2,1.899375,1.648,3.1818181818181817,3.15893385982231,4.247572815533981,ok,,
EN_001_39__ES_001_39,1,true,en-es,/Users/nilakshanraveendran/Documents/research/data/raw/DRAL16kHz/fragments-short/EN_001_39.wav,/Users/nilakshanraveendran/Documents/research/data/raw/DRAL16kHz/fragments-short/ES_001_39.wav,We help each other out.,We help each other out.,ayudamos entre nosotros,Nos ayudamos mutuamente.,Nos ayudamos mutuamente.,/Users/nilakshanraveendran/Documents/research/outputs/synthesis/en-es/EN_001_39__ES_001_39_en-es.wav,1011699494,0.0,0.0,0.251822829246521,0.3600975275039673,659.9510491428726,100.9635435674095,112.39229529570437,26.977025901244133,22.937890210629785,10.557709829341109,0.008982072584331036,0.04994986951351166,0.006018401123583317,1.054,3.339375,1.23,4.743833017077798,0.8983717012914093,2.4390243902439024,ok,,
EN_001_39__ES_001_39,1,true,es-en,/Users/nilakshanraveendran/Documents/research/data/raw/DRAL16kHz/fragments-short/ES_001_39.wav,/Users/nilakshanraveendran/Documents/research/data/raw/DRAL16kHz/fragments-short/EN_001_39.wav,ayudamos entre nosotros,ayudamos entre nosotros.,We help each other out.,We help each other.,We help each other.,/Users/nilakshanraveendran/Documents/research/outputs/synthesis/es-en/EN_001_39__ES_001_39_es-en.wav,942993492,0.0,0.0,0.32154566049575806,0.3600975275039673,112.39229529570437,112.21427786894694,659.9510491428726,10.557709829341109,4.780075659822457,26.977025901244133,0.006018401123583317,0.1193135529756546,0.008982072584331036,1.23,1.995375,1.054,2.4390243902439024,2.004635720102738,4.743833017077798,ok,,
EN_001_3__ES_001_3,1,true,en-es,/Users/nilakshanraveendran/Documents/research/data/raw/DRAL16kHz/fragments-short/EN_001_3.wav,/Users/nilakshanraveendran/Documents/research/data/raw/DRAL16kHz/fragments-short/ES_001_3.wav,uh Was Montse's boyfriend.,was Monts's boyfriend.,fue el novio de Monse,era el novio de Monts.,era el novio de Mons.,/Users/nilakshanraveendran/Documents/research/outputs/synthesis/en-es/EN_001_3__ES_001_3_en-es.wav,524583592,0.5,0.2,0.4512975811958313,0.501725435256958,118.24318149664661,853.3715424872565,128.59030409680673,7.65089553455714,300.73175968221386,27.75616898665566,0.011018662713468075,0.034111566841602325,0.016233306378126144,1.96,6.262,1.66,2.0408163265306123,0.7984669434685404,3.0120481927710845,ok,,
EN_001_3__ES_001_3,1,true,es-en,/Users/nilakshanraveendran/Documents/research/data/raw/DRAL16kHz/fragments-short/ES_001_3.wav,/Users/nilakshanraveendran/Documents/research/data/raw/DRAL16kHz/fragments-short/EN_001_3.wav,fue el novio de Monse,fue el novio de monse,uh Was Montse's boyfriend.,was monse's boyfriend.,was Muntz's boyfriend.,/Users/nilakshanraveendran/Documents/research/outputs/synthesis/es-en/EN_001_3__ES_001_3_es-en.wav,1189313951,0.0,0.3333333333333333,0.3909444808959961,0.501725435256958,128.59030409680673,141.16993259546894,118.24318149664661,27.75616898665566,40.75761772015568,7.65089553455714,0.016233306378126144,0.11167649924755096,0.011018662713468075,1.66,2.219375,1.96,3.0120481927710845,1.3517319065052098,2.0408163265306123,ok,,
EN_001_42__ES_001_42,1,true,en-es,/Users/nilakshanraveendran/Documents/research/data/raw/DRAL16kHz/fragments-short/EN_001_42.wav,/Users/nilakshanraveendran/Documents/research/data/raw/DRAL16kHz/fragments-short/ES_001_42.wav,I'm sure to apply to the master's program.,I'm sure to apply to the masters program.,¿De seguro para aplicar al Masters Program?,Estoy seguro de aplicar al programa de maestría.,Estoy seguro de aplicar al programa de maestría.,/Users/nilakshanraveendran/Documents/research/outputs/synthesis/en-es/EN_001_42__ES_001_42_en-es.wav,1922579044,0.0,0.0,0.30971425771713257,0.43546262383461,120.12973022767974,804.6719054495621,141.58893079705726,20.83121743351842,348.144732793364,26.66613414557723,0.008490676991641521,0.06464358419179916,0.011363785713911057,3.122,5.707375,2.5,2.5624599615631007,1.4016951751023894,2.8,ok,,
EN_001_42__ES_001_42,1,true,es-en,/Users/nilakshanraveendran/Documents/research/data/raw/DRAL16kHz/fragments-short/ES_001_42.wav,/Users/nilakshanraveendran/Documents/research/data/raw/DRAL16kHz/fragments-short/EN_001_42.wav,¿De seguro para aplicar al Masters Program?,¿De seguro para aplicar al Master's Program?,I'm sure to apply to the master's program.,Sure to apply to the Master's Program?,sure to apply to the master's program.,/Users/nilakshanraveendran/Documents/research/outputs/synthesis/es-en/EN_001_42__ES_001_42_es-en.wav,21112727,0.0,0.0,0.32411250472068787,0.43546262383461,141.58893079705726,133.79471880413988,120.12973022767974,26.66613414557723,14.433500494722598,20.83121743351842,0.011363785713911057,0.08162979781627655,0.008490676991641521,2.5,3.062,3.122,2.8,2.286087524493795,2.5624599615631007,ok,,
EN_001_5__ES_001_5,1,true,en-es,/Users/nilakshanraveendran/Documents/research/data/raw/DRAL16kHz/fragments-short/EN_001_5.wav,/Users/nilakshanraveendran/Documents/research/data/raw/DRAL16kHz/fragments-short/ES_001_5.wav,"uh is, sorry, is Monse's boyfriend. yeah",It is so is monsters boyfriend,es entonce- es,Es tan monstruos novio,Es... Están monstruos novio.,/Users/nilakshanraveendran/Documents/research/outputs/synthesis/en-es/EN_001_5__ES_001_5_en-es.wav,98685059,0.5714285714285714,0.25,0.19217225909233093,0.3871258497238159,136.16037612115534,540.8593804497812,184.12832411953013,21.883244085714963,393.82107752334605,78.64137297886394,0.010794912464916706,0.07093293219804764,0.0167807936668396,5.77,4.2246875,3.27,1.2131715771230505,0.9468155928692951,0.9174311926605504,ok,,
EN_001_5__ES_001_5,1,true,es-en,/Users/nilakshanraveendran/Documents/research/data/raw/DRAL16kHz/fragments-short/ES_001_5.wav,/Users/nilakshanraveendran/Documents/research/data/raw/DRAL16kHz/fragments-short/EN_001_5.wav,es entonce- es,"Es, entonces. ¡Suscríbete!","uh is, sorry, is Monse's boyfriend. yeah","It's, then. Subscribe!",It's then subscribe.,/Users/nilakshanraveendran/Documents/research/outputs/synthesis/es-en/EN_001_5__ES_001_5_es-en.wav,1297943926,0.6666666666666666,0.0,0.2992958426475525,0.3871258497238159,184.12832411953013,98.32761199155182,136.16037612115534,78.64137297886394,44.99762603262407,21.883244085714963,0.0167807936668396,0.045309457927942276,0.010794912464916706,3.27,4.6306875,5.77,0.9174311926605504,0.6478519658258088,1.2131715771230505,ok,,
EN_001_6__ES_001_6,1,true,en-es,/Users/nilakshanraveendran/Documents/research/data/raw/DRAL16kHz/fragments-short/EN_001_6.wav,/Users/nilakshanraveendran/Documents/research/data/raw/DRAL16kHz/fragments-short/ES_001_6.wav,First I was stressed out on the first day.,"First out, just out on the first day.",Primeramente yo estaba todo estresado.,"Primero fuera, el primer día.",Primero fuera... el primer día.,/Users/nilakshanraveendran/Documents/research/outputs/synthesis/en-es/EN_001_6__ES_001_6_en-es.wav,532454012,0.3333333333333333,0.0,0.27275580167770386,0.45372384786605835,157.65918990591678,485.531831911415,183.3826537296431,11.537588599700305,362.3821842581665,20.36227692770723,0.016745256260037422,0.08246929198503494,0.026900941506028175,2.027,2.923375,1.54,4.440059200789343,1.710351904904434,3.2467532467532467,ok,,
EN_001_6__ES_001_6,1,true,es-en,/Users/nilakshanraveendran/Documents/research/data/raw/DRAL16kHz/fragments-short/ES_001_6.wav,/Users/nilakshanraveendran/Documents/research/data/raw/DRAL16kHz/fragments-short/EN_001_6.wav,Primeramente yo estaba todo estresado.,"Primero, yo estaba todo estresado.",First I was stressed out on the first day.,"First, I was all stressed out.",At first I was all stressed out.,/Users/nilakshanraveendran/Documents/research/outputs/synthesis/es-en/EN_001_6__ES_001_6_es-en.wav,507137889,0.2,0.16666666666666666,0.210699200630188,0.45372384786605835,183.3826537296431,218.6433569032392,157.65918990591678,20.36227692770723,33.30304750207987,11.537588599700305,0.026900941506028175,0.12459399551153183,0.016745256260037422,1.54,2.1766875,2.027,3.2467532467532467,2.7564820397967096,4.440059200789343,ok,,
EN_001_8__ES_001_8,1,true,en-es,/Users/nilakshanraveendran/Documents/research/data/raw/DRAL16kHz/fragments-short/EN_001_8.wav,/Users/nilakshanraveendran/Documents/research/data/raw/DRAL16kHz/fragments-short/ES_001_8.wav,because I hadn't made my reservation yet.,because I hadn't made my reservation yet.,porque yo no había hecho mi reservación.,porque aún no había hecho mi reserva.,No había hecho mi reserva.,/Users/nilakshanraveendran/Documents/research/outputs/synthesis/en-es/EN_001_8__ES_001_8_en-es.wav,2056294206,0.0,0.2857142857142857,0.26505064964294434,0.5020047426223755,119.0682680470409,129.88360857356133,130.58028724872702,9.944800426288873,2.4180201444215035,15.833507120462473,0.01575622148811817,0.09663543105125427,0.01676800474524498,1.959,3.062,1.74,3.5732516590096988,2.286087524493795,4.022988505747127,ok,,
EN_001_8__ES_001_8,1,true,es-en,/Users/nilakshanraveendran/Documents/research/data/raw/DRAL16kHz/fragments-short/ES_001_8.wav,/Users/nilakshanraveendran/Documents/research/data/raw/DRAL16kHz/fragments-short/EN_001_8.wav,porque yo no había hecho mi reservación.,porque yo no había hecho mi reservación.,because I hadn't made my reservation yet.,Because I hadn't made my reservation.,because I hadn't made my reservation.,/Users/nilakshanraveendran/Documents/research/outputs/synthesis/es-en/EN_001_8__ES_001_8_es-en.wav,1317947471,0.0,0.0,0.40898823738098145,0.5020047426223755,130.58028724872702,132.89780075740165,119.0682680470409,15.833507120462473,14.784582898118733,9.944800426288873,0.01676800474524498,0.11314724385738373,0.01575622148811817,1.74,3.382,1.959,4.022988505747127,1.7740981667652276,3.5732516590096988,ok,,
EN_006_10__ES_006_10,6,true,en-es,/Users/nilakshanraveendran/Documents/research/data/raw/DRAL16kHz/fragments-short/EN_006_10.wav,/Users/nilakshanraveendran/Documents/research/data/raw/DRAL16kHz/fragments-short/ES_006_10.wav,,멍.,Sí.,.,Ay...,/Users/nilakshanraveendran/Documents/research/outputs/synthesis/en-es/EN_006_10__ES_006_10_en-es.wav,1526175794,,1.0,0.07817726582288742,0.10547278821468353,649.1519671442095,86.49843396717283,nan,145.83772239895703,8.75192038174767,nan,0.0020123880822211504,0.06414387375116348,0.0037422929890453815,0.36,4.406,0.46,nan,0.22696323195642307,2.1739130434782608,ok,,
EN_006_10__ES_006_10,6,true,es-en,/Users/nilakshanraveendran/Documents/research/data/raw/DRAL16kHz/fragments-short/ES_006_10.wav,/Users/nilakshanraveendran/Documents/research/data/raw/DRAL16kHz/fragments-short/EN_006_10.wav,Sí.,Sí.,,Yeah.,Yeah.,/Users/nilakshanraveendran/Documents/research/outputs/synthesis/es-en/EN_006_10__ES_006_10_es-en.wav,49926837,0.0,0.0,0.339499294757843,0.10547278821468353,nan,818.610217541946,649.1519671442095,nan,78.50965238752124,145.83772239895703,0.0037422929890453815,0.05233321711421013,0.0020123880822211504,0.46,1.11,0.36,2.1739130434782608,0.9009009009009008,nan,ok,,
EN_006_12__ES_006_12,6,true,en-es,/Users/nilakshanraveendran/Documents/research/data/raw/DRAL16kHz/fragments-short/EN_006_12.wav,/Users/nilakshanraveendran/Documents/research/data/raw/DRAL16kHz/fragments-short/ES_006_12.wav,pregnant mothers will try to come here.,pregnant mothers will try to come here.,Las mamás embarazadas intentan...,Las madres embarazadas intentarán venir aquí.,Las madres embarazadas intentarán venir aquí.,/Users/nilakshanraveendran/Documents/research/outputs/synthesis/en-es/EN_006_12__ES_006_12_en-es.wav,1840060197,0.0,0.0,0.322597861289978,0.3364623486995697,100.78666869739932,nan,107.84629772172651,3.5675343694747035,nan,10.995162897480139,0.005703672766685486,0.09209289401769638,0.006611441727727652,1.34,3.0086875,1.67,5.223880597014925,1.994225056606909,2.3952095808383236,ok,,
EN_006_12__ES_006_12,6,true,es-en,/Users/nilakshanraveendran/Documents/research/data/raw/DRAL16kHz/fragments-short/ES_006_12.wav,/Users/nilakshanraveendran/Documents/research/data/raw/DRAL16kHz/fragments-short/EN_006_12.wav,Las mamás embarazadas intentan...,las mamás embarazadas intentan,pregnant mothers will try to come here.,Pregnant moms try,pregnant moms try.,/Users/nilakshanraveendran/Documents/research/outputs/synthesis/es-en/EN_006_12__ES_006_12_es-en.wav,1458121784,0.0,0.0,0.1953202784061432,0.3364623486995697,107.84629772172651,116.24708396575434,100.78666869739932,10.995162897480139,6.247889772275481,3.5675343694747035,0.006611441727727652,0.09067604690790176,0.005703672766685486,1.67,1.899375,1.34,2.3952095808383236,1.579466929911155,5.223880597014925,ok,,
EN_006_13__ES_006_13,6,true,en-es,/Users/nilakshanraveendran/Documents/research/data/raw/DRAL16kHz/fragments-short/EN_006_13.wav,/Users/nilakshanraveendran/Documents/research/data/raw/DRAL16kHz/fragments-short/ES_006_13.wav,have their babies,have the reason,tener a sus bebés aquí,tienen la razón,tienen la razón.,/Users/nilakshanraveendran/Documents/research/outputs/synthesis/en-es/EN_006_13__ES_006_13_en-es.wav,1561817149,0.6666666666666666,0.0,0.2083021104335785,0.25248581171035767,101.05026263682417,87.15661968498436,102.77768929879373,4.283839674415796,22.97936482588094,12.797206939720736,0.0035008066333830357,0.0570271834731102,0.0019618875812739134,0.7,2.411375,1.18,4.285714285714286,1.2441034679384169,4.237288135593221,ok,,
EN_006_13__ES_006_13,6,true,es-en,/Users/nilakshanraveendran/Documents/research/data/raw/DRAL16kHz/fragments-short/ES_006_13.wav,/Users/nilakshanraveendran/Documents/research/data/raw/DRAL16kHz/fragments-short/EN_006_13.wav,tener a sus bebés aquí,tener su de vez aquí.,have their babies,have your time here.,Have your time here.,/Users/nilakshanraveendran/Documents/research/outputs/synthesis/es-en/EN_006_13__ES_006_13_es-en.wav,788291478,0.6,0.0,0.2762543559074402,0.25248581171035767,102.77768929879373,99.92173561684936,101.05026263682417,12.797206939720736,7.431434780978559,4.283839674415796,0.0019618875812739134,0.06914609670639038,0.0035008066333830357,1.18,1.526,0.7,4.237288135593221,2.621231979030144,4.285714285714286,ok,,
EN_006_15__ES_006_15,6,true,en-es,/Users/nilakshanraveendran/Documents/research/data/raw/DRAL16kHz/fragments-short/EN_006_15.wav,/Users/nilakshanraveendran/Documents/research/data/raw/DRAL16kHz/fragments-short/ES_006_15.wav,Yeah.,Yeah.,Sí.,Sí.,Sí.,/Users/nilakshanraveendran/Documents/research/outputs/synthesis/en-es/EN_006_15__ES_006_15_en-es.wav,864567612,0.0,0.0,0.0946492999792099,0.21727922558784485,499.78705108085035,nan,79.1193800430984,31.157337534600355,nan,14.5478121736414,0.0015553811099380255,0.03576885536313057,0.0015020283171907067,0.5,1.846,0.42,2.0,0.5417118093174431,2.380952380952381,ok,,
EN_006_15__ES_006_15,6,true,es-en,/Users/nilakshanraveendran/Documents/research/data/raw/DRAL16kHz/fragments-short/ES_006_15.wav,/Users/nilakshanraveendran/Documents/research/data/raw/DRAL16kHz/fragments-short/EN_006_15.wav,Sí.,Sí.,Yeah.,Yeah.,Yeah.,/Users/nilakshanraveendran/Documents/research/outputs/synthesis/es-en/EN_006_15__ES_006_15_es-en.wav,888581792,0.0,0.0,0.20104381442070007,0.21727922558784485,79.1193800430984,86.41631606867533,499.78705108085035,14.5478121736414,17.025635065870524,31.157337534600355,0.0015020283171907067,0.07787904143333435,0.0015553811099380255,0.42,1.483375,0.5,2.380952380952381,0.6741383668998061,2.0,ok,,
EN_006_16__ES_006_16,6,true,en-es,/Users/nilakshanraveendran/Documents/research/data/raw/DRAL16kHz/fragments-short/EN_006_16.wav,/Users/nilakshanraveendran/Documents/research/data/raw/DRAL16kHz/fragments-short/ES_006_16.wav,my my grandpa and my grandma.,my grandpa and my grandma.,Mi mi abuelo y mi abuela...,Mi abuelo y mi abuela.,mi abuelo y mi abuela.,/Users/nilakshanraveendran/Documents/research/outputs/synthesis/en-es/EN_006_16__ES_006_16_en-es.wav,1412369672,0.16666666666666666,0.0,0.4337007403373718,0.49016904830932617,95.98346349770917,105.20164621099677,99.97569415909302,3.524365099386412,9.406840207776952,4.28059373898419,0.00575756561011076,0.09618046134710312,0.004689863882958889,1.88,1.942,1.82,3.191489361702128,2.5746652935118437,3.2967032967032965,ok,,
EN_006_16__ES_006_16,6,true,es-en,/Users/nilakshanraveendran/Documents/research/data/raw/DRAL16kHz/fragments-short/ES_006_16.wav,/Users/nilakshanraveendran/Documents/research/data/raw/DRAL16kHz/fragments-short/EN_006_16.wav,Mi mi abuelo y mi abuela...,mi abuelo y mi abuelada.,my my grandpa and my grandma.,my grandfather and my grandmother.,"My grandfather and my grandmother. Yeah, hi.",/Users/nilakshanraveendran/Documents/research/outputs/synthesis/es-en/EN_006_16__ES_006_16_es-en.wav,2014639173,0.3333333333333333,0.4,0.3906855583190918,0.49016904830932617,99.97569415909302,100.97252949565237,95.98346349770917,4.28059373898419,0.6980958000321453,3.524365099386412,0.004689863882958889,0.07010222971439362,0.00575756561011076,1.82,3.478,1.88,3.2967032967032965,1.437607820586544,3.191489361702128,ok,,
EN_006_17__ES_006_17,6,true,en-es,/Users/nilakshanraveendran/Documents/research/data/raw/DRAL16kHz/fragments-short/EN_006_17.wav,/Users/nilakshanraveendran/Documents/research/data/raw/DRAL16kHz/fragments-short/ES_006_17.wav,we're living here,We're living here.,Estaban viviendo aquí.,Estamos viviendo aquí.,Estamos viviendo aquí.,/Users/nilakshanraveendran/Documents/research/outputs/synthesis/en-es/EN_006_17__ES_006_17_en-es.wav,683597648,0.0,0.0,0.4935031533241272,0.48229295015335083,100.3118207113509,106.07881415422392,109.87508986778714,5.817856024830832,3.5123709078191827,13.467498609681662,0.003099474823102355,0.0728650614619255,0.003118620254099369,0.86,1.5686875,1.18,3.488372093023256,1.9124267899119487,2.5423728813559325,ok,,
EN_006_17__ES_006_17,6,true,es-en,/Users/nilakshanraveendran/Documents/research/data/raw/DRAL16kHz/fragments-short/ES_006_17.wav,/Users/nilakshanraveendran/Documents/research/data/raw/DRAL16kHz/fragments-short/EN_006_17.wav,Estaban viviendo aquí.,están viviendo aquí,we're living here,They're living here.,They're living here.,/Users/nilakshanraveendran/Documents/research/outputs/synthesis/es-en/EN_006_17__ES_006_17_es-en.wav,1473121015,0.3333333333333333,0.0,0.3281583786010742,0.48229295015335083,109.87508986778714,102.74617881926393,100.3118207113509,13.467498609681662,9.001516905812549,5.817856024830832,0.003118620254099369,0.0773378387093544,0.003099474823102355,1.18,1.622,0.86,2.5423728813559325,1.849568434032059,3.488372093023256,ok,,
EN_006_18__ES_006_18,6,true,en-es,/Users/nilakshanraveendran/Documents/research/data/raw/DRAL16kHz/fragments-short/EN_006_18.wav,/Users/nilakshanraveendran/Documents/research/data/raw/DRAL16kHz/fragments-short/ES_006_18.wav,'Cause we're going through the residency thing.,because we're going through the residency thing.,estaban tratando de arreglar su residencia.,Porque estamos pasando por lo de la residencia.,porque estamos pasando por lo de la residencia.,/Users/nilakshanraveendran/Documents/research/outputs/synthesis/en-es/EN_006_18__ES_006_18_en-es.wav,752695605,0.14285714285714285,0.0,0.47893819212913513,0.4577525854110718,108.35353079010761,102.68647129306228,101.89504163060116,8.811689899054612,10.828633421075947,4.487552631146146,0.003806019201874733,0.1100279688835144,0.003476435551419854,1.53,3.4246875,1.88,4.57516339869281,2.3359795601788482,3.191489361702128,ok,,
EN_006_18__ES_006_18,6,true,es-en,/Users/nilakshanraveendran/Documents/research/data/raw/DRAL16kHz/fragments-short/ES_006_18.wav,/Users/nilakshanraveendran/Documents/research/data/raw/DRAL16kHz/fragments-short/EN_006_18.wav,estaban tratando de arreglar su residencia.,están tratando de arreglar su residencia.,'Cause we're going through the residency thing.,They're trying to fix your residence.,They're trying to fix your residence.,/Users/nilakshanraveendran/Documents/research/outputs/synthesis/es-en/EN_006_18__ES_006_18_es-en.wav,1781314244,0.16666666666666666,0.0,0.2941375970840454,0.4577525854110718,101.89504163060116,97.89361356321712,108.35353079010761,4.487552631146146,2.7630468738872405,8.811689899054612,0.003476435551419854,0.07971223443746567,0.003806019201874733,1.88,2.454,1.53,3.191489361702128,2.4449877750611244,4.57516339869281,ok,,
EN_006_19__ES_006_19,6,true,en-es,/Users/nilakshanraveendran/Documents/research/data/raw/DRAL16kHz/fragments-short/EN_006_19.wav,/Users/nilakshanraveendran/Documents/research/data/raw/DRAL16kHz/fragments-short/ES_006_19.wav,"And it was weird 'cause she also told me that I was like, uh...",And it was really good she also told me that I was like...,y estuvo raro porque también me dijo que,Y fue muy bueno que también me dijera que yo estaba como...,y fue muy bueno que también me dijera que yo estaba como...,/Users/nilakshanraveendran/Documents/research/outputs/synthesis/en-es/EN_006_19__ES_006_19_en-es.wav,1548728510,0.21428571428571427,0.0,0.36213332414627075,0.37331634759902954,113.88609431638967,123.91070640165893,115.47074167439884,9.184059415212168,14.357274421689496,8.845735886351017,0.006550355814397335,0.07423325628042221,0.003986709285527468,2.78,6.443375,2.38,5.035971223021583,1.8623780239393177,3.361344537815126,ok,,
EN_006_19__ES_006_19,6,true,es-en,/Users/nilakshanraveendran/Documents/research/data/raw/DRAL16kHz/fragments-short/ES_006_19.wav,/Users/nilakshanraveendran/Documents/research/data/raw/DRAL16kHz/fragments-short/EN_006_19.wav,y estuvo raro porque también me dijo que,y estuvo raro porque también me dijo que...,"And it was weird 'cause she also told me that I was like, uh...",And it was weird because he also told me that...,and it was weird because he also told me that.,/Users/nilakshanraveendran/Documents/research/outputs/synthesis/es-en/EN_006_19__ES_006_19_es-en.wav,962809232,0.0,0.0,0.39059513807296753,0.37331634759902954,115.47074167439884,103.86843764711406,113.88609431638967,8.845735886351017,11.505393105694642,9.184059415212168,0.003986709285527468,0.07406225055456161,0.006550355814397335,2.38,4.267375,2.78,3.361344537815126,2.3433609654647176,5.035971223021583,ok,,
EN_006_20__ES_006_20,6,true,en-es,/Users/nilakshanraveendran/Documents/research/data/raw/DRAL16kHz/fragments-short/EN_006_20.wav,/Users/nilakshanraveendran/Documents/research/data/raw/DRAL16kHz/fragments-short/ES_006_20.wav,That I was due already like a couple weeks before.,that I was due already like a couple weeks before.,tienía que haber nacido hace dos semanas,que ya tenía que hacerlo como un par de semanas antes.,que ya tenía que hacerlo como un par de semanas antes,/Users/nilakshanraveendran/Documents/research/outputs/synthesis/en-es/EN_006_20__ES_006_20_en-es.wav,1918180153,0.0,0.0,0.3669341504573822,0.3161328136920929,117.55538188085048,558.6015291917182,110.77510663858004,6.188618786661438,418.01715096280844,6.041841989479628,0.008174946531653404,0.05308171734213829,0.0047848401591181755,2.18,7.382,1.92,4.587155963302752,1.490111081007857,3.6458333333333335,ok,,
EN_006_20__ES_006_20,6,true,es-en,/Users/nilakshanraveendran/Documents/research/data/raw/DRAL16kHz/fragments-short/ES_006_20.wav,/Users/nilakshanraveendran/Documents/research/data/raw/DRAL16kHz/fragments-short/EN_006_20.wav,tienía que haber nacido hace dos semanas,tiene que haber nacido hace dos semanas,That I was due already like a couple weeks before.,He must have been born two weeks ago.,He must have been born two weeks ago.,/Users/nilakshanraveendran/Documents/research/outputs/synthesis/es-en/EN_006_20__ES_006_20_es-en.wav,2119652635,0.14285714285714285,0.0,0.31583213806152344,0.3161328136920929,110.77510663858004,104.38323178852426,117.55538188085048,6.041841989479628,3.558989745880836,6.188618786661438,0.0047848401591181755,0.1003747284412384,0.008174946531653404,1.92,2.2726875,2.18,3.6458333333333335,3.520061601078019,4.587155963302752,ok,,
EN_006_21__ES_006_21,6,true,en-es,/Users/nilakshanraveendran/Documents/research/data/raw/DRAL16kHz/fragments-short/EN_006_21.wav,/Users/nilakshanraveendran/Documents/research/data/raw/DRAL16kHz/fragments-short/ES_006_21.wav,Psychology undergrad and then I'm,psychology undergrad and then I'm,una licenciatura en psicología,de psicología y luego estoy,de psicología y luego estoy,/Users/nilakshanraveendran/Documents/research/outputs/synthesis/en-es/EN_006_21__ES_006_21_en-es.wav,1325088244,0.0,0.0,0.30053889751434326,0.3160964250564575,126.29620276488717,151.8509720315558,120.08309923794344,15.02965635758363,14.328564384194214,11.577841124609233,0.00857599824666977,0.12804046273231506,0.004579947330057621,1.19,2.038,1.65,4.201680672268908,2.4533856722276743,2.4242424242424243,ok,,
EN_006_21__ES_006_21,6,true,es-en,/Users/nilakshanraveendran/Documents/research/data/raw/DRAL16kHz/fragments-short/ES_006_21.wav,/Users/nilakshanraveendran/Documents/research/data/raw/DRAL16kHz/fragments-short/EN_006_21.wav,una licenciatura en psicología,una licenciatura de psicología.,Psychology undergrad and then I'm,a degree in psychology.,degree in psychology.,/Users/nilakshanraveendran/Documents/research/outputs/synthesis/es-en/EN_006_21__ES_006_21_es-en.wav,1741795213,0.25,0.25,0.2623118758201599,0.3160964250564575,120.08309923794344,116.11919600259655,126.29620276488717,11.577841124609233,17.32981409130083,15.02965635758363,0.004579947330057621,0.1014338806271553,0.00857599824666977,1.65,2.358,1.19,2.4242424242424243,1.6963528413910092,4.201680672268908,ok,,
EN_006_22__ES_006_22,6,true,en-es,/Users/nilakshanraveendran/Documents/research/data/raw/DRAL16kHz/fragments-short/EN_006_22.wav,/Users/nilakshanraveendran/Documents/research/data/raw/DRAL16kHz/fragments-short/ES_006_22.wav,Right now I'm working towards my LPC.,Right now I'm working towards my LPC.,y ahorita estoy trabajando para mi licencia en consejería,Ahora mismo estoy trabajando para mi LPC.,Ahora mismo estoy trabajando para mi LPC.,/Users/nilakshanraveendran/Documents/research/outputs/synthesis/en-es/EN_006_22__ES_006_22_en-es.wav,1438520852,0.0,0.0,0.3107146620750427,0.3777216672897339,105.53141919599476,100.04657336449259,98.88236562736594,1.9590605678408533,7.802082642717905,4.523775020508359,0.002821396104991436,0.10341954976320267,0.0027437773533165455,2.22,3.5206875,2.63,3.153153153153153,1.9882480339422341,3.4220532319391634,ok,,
EN_006_22__ES_006_22,6,true,es-en,/Users/nilakshanraveendran/Documents/research/data/raw/DRAL16kHz/fragments-short/ES_006_22.wav,/Users/nilakshanraveendran/Documents/research/data/raw/DRAL16kHz/fragments-short/EN_006_22.wav,y ahorita estoy trabajando para mi licencia en consejería,y ahorita estoy trabajando para mi licencia en consejería.,Right now I'm working towards my LPC.,And right now I'm working for my counseling license.,and right now I'm working for my counseling license.,/Users/nilakshanraveendran/Documents/research/outputs/synthesis/es-en/EN_006_22__ES_006_22_es-en.wav,692140266,0.0,0.0,0.3121170401573181,0.3777216672897339,98.88236562736594,92.95160307022361,105.53141919599476,4.523775020508359,10.937654725071221,1.9590605678408533,0.0027437773533165455,0.0925317332148552,0.002821396104991436,2.63,3.382,2.22,3.4220532319391634,2.6611472501478413,3.153153153153153,ok,,
EN_006_24__ES_006_24,6,true,en-es,/Users/nilakshanraveendran/Documents/research/data/raw/DRAL16kHz/fragments-short/EN_006_24.wav,/Users/nilakshanraveendran/Documents/research/data/raw/DRAL16kHz/fragments-short/ES_006_24.wav,I want to work with the inmate inmate population.,I wanna work with the inmate population.,Quiero trabajar con la población presa.,Quiero trabajar con la población reclusa.,Quiero trabajar con la población recluza.,/Users/nilakshanraveendran/Documents/research/outputs/synthesis/en-es/EN_006_24__ES_006_24_en-es.wav,153822810,0.3333333333333333,0.16666666666666666,0.39978060126304626,0.35014021396636963,117.10040177248027,411.9047545947384,120.20697032373947,10.870416741183078,409.90434163695795,14.345502966956918,0.007564781233668327,0.068968765437603,0.007118842098861933,1.87,4.502,2.18,4.81283422459893,1.332741003998223,2.7522935779816513,ok,,
EN_006_24__ES_006_24,6,true,es-en,/Users/nilakshanraveendran/Documents/research/data/raw/DRAL16kHz/fragments-short/ES_006_24.wav,/Users/nilakshanraveendran/Documents/research/data/raw/DRAL16kHz/fragments-short/EN_006_24.wav,Quiero trabajar con la población presa.,quiero trabajar con la población presa,I want to work with the inmate inmate population.,I want to work with the prison population.,I want to work with the prison population.,/Users/nilakshanraveendran/Documents/research/outputs/synthesis/es-en/EN_006_24__ES_006_24_es-en.wav,1422656172,0.0,0.0,0.29441672563552856,0.35014021396636963,120.20697032373947,303.4818501470183,117.10040177248027,14.345502966956918,331.6293412503137,10.870416741183078,0.007118842098861933,0.088410884141922,0.007564781233668327,2.18,3.4246875,1.87,2.7522935779816513,2.3359795601788482,4.81283422459893,ok,,
EN_006_25__ES_006_25,6,true,en-es,/Users/nilakshanraveendran/Documents/research/data/raw/DRAL16kHz/fragments-short/EN_006_25.wav,/Users/nilakshanraveendran/Documents/research/data/raw/DRAL16kHz/fragments-short/ES_006_25.wav,I actually worked at the...,actually worked at the,De hecho trabajé en la...,realmente trabajado en el,realmente trabajado en el led,/Users/nilakshanraveendran/Documents/research/outputs/synthesis/en-es/EN_006_25__ES_006_25_en-es.wav,1499255192,0.2,0.25,0.461841881275177,0.32860851287841797,122.4540480271367,135.08488327841474,126.33531206760873,12.993281600550697,21.695151524440732,9.534574692860382,0.007935617119073868,0.13138212263584137,0.006010664626955986,1.59,2.358,1.7,3.144654088050314,1.6963528413910092,2.9411764705882355,ok,,
EN_006_25__ES_006_25,6,true,es-en,/Users/nilakshanraveendran/Documents/research/data/raw/DRAL16kHz/fragments-short/ES_006_25.wav,/Users/nilakshanraveendran/Documents/research/data/raw/DRAL16kHz/fragments-short/EN_006_25.wav,De hecho trabajé en la...,De hecho trabajé en la...,I actually worked at the...,I actually worked at the...,I actually worked at the...,/Users/nilakshanraveendran/Documents/research/outputs/synthesis/es-en/EN_006_25__ES_006_25_es-en.wav,1092300830,0.0,0.0,0.3565344214439392,0.32860851287841797,126.33531206760873,837.5033534719505,122.4540480271367,9.534574692860382,108.76641308881108,12.993281600550697,0.006010664626955986,0.07001171261072159,0.007935617119073868,1.7,2.966,1.59,2.9411764705882355,1.6857720836142953,3.144654088050314,ok,,
EN_006_26__ES_006_26,6,true,en-es,/Users/nilakshanraveendran/Documents/research/data/raw/DRAL16kHz/fragments-short/EN_006_26.wav,/Users/nilakshanraveendran/Documents/research/data/raw/DRAL16kHz/fragments-short/ES_006_26.wav,downtown county jail,downtown county jowl,la prisión del centro,jowl del centro del condado,y ya hubo el centro del condado,/Users/nilakshanraveendran/Documents/research/outputs/synthesis/en-es/EN_006_26__ES_006_26_en-es.wav,445639901,0.3333333333333333,0.8,0.3445846438407898,0.2744937539100647,111.7817818751483,121.66137552458105,111.55566929216293,3.8176143610805613,7.752460883569162,4.413666670101228,0.005990044679492712,0.11020037531852722,0.005060551688075066,1.09,2.4966875,1.33,2.7522935779816513,2.0026535159085785,3.007518796992481,ok,,
EN_006_26__ES_006_26,6,true,es-en,/Users/nilakshanraveendran/Documents/research/data/raw/DRAL16kHz/fragments-short/ES_006_26.wav,/Users/nilakshanraveendran/Documents/research/data/raw/DRAL16kHz/fragments-short/EN_006_26.wav,la prisión del centro,la presión del centro.,downtown county jail,The pressure in the center.,the pressure in the center.,/Users/nilakshanraveendran/Documents/research/outputs/synthesis/es-en/EN_006_26__ES_006_26_es-en.wav,242574354,0.25,0.0,0.3078112304210663,0.2744937539100647,111.55566929216293,109.25305380344308,111.7817818751483,4.413666670101228,1.2055204918924098,3.8176143610805613,0.005060551688075066,0.0859985500574112,0.005990044679492712,1.33,1.846,1.09,3.007518796992481,2.7085590465872156,2.7522935779816513,ok,,
EN_006_27__ES_006_27,6,true,en-es,/Users/nilakshanraveendran/Documents/research/data/raw/DRAL16kHz/fragments-short/EN_006_27.wav,/Users/nilakshanraveendran/Documents/research/data/raw/DRAL16kHz/fragments-short/ES_006_27.wav,I worked over there.,I worked over there.,Trabaje allá.,Trabajé allí.,¡Te voy a ver allí!,/Users/nilakshanraveendran/Documents/research/outputs/synthesis/en-es/EN_006_27__ES_006_27_en-es.wav,1948649987,0.0,2.0,0.23254802823066711,0.2775893211364746,146.35316097285812,152.2627212792297,134.18910722198586,10.702715715348628,89.77190452005092,12.137386600226538,0.009365163743495941,0.08300222456455231,0.011350800283253193,0.91,2.219375,0.9,4.395604395604395,0.9011546043368066,2.2222222222222223,ok,,
EN_006_27__ES_006_27,6,true,es-en,/Users/nilakshanraveendran/Documents/research/data/raw/DRAL16kHz/fragments-short/ES_006_27.wav,/Users/nilakshanraveendran/Documents/research/data/raw/DRAL16kHz/fragments-short/EN_006_27.wav,Trabaje allá.,¡Traje ya!,I worked over there.,I've got it!,I've got it.,/Users/nilakshanraveendran/Documents/research/outputs/synthesis/es-en/EN_006_27__ES_006_27_es-en.wav,1138983695,1.0,0.0,0.10723516345024109,0.2775893211364746,134.18910722198586,nan,146.35316097285812,12.137386600226538,nan,10.702715715348628,0.011350800283253193,0.08792434632778168,0.009365163743495941,0.9,1.483375,0.91,2.2222222222222223,2.022415100699418,4.395604395604395,ok,,
EN_006_28__ES_006_28,6,true,en-es,/Users/nilakshanraveendran/Documents/research/data/raw/DRAL16kHz/fragments-short/EN_006_28.wav,/Users/nilakshanraveendran/Documents/research/data/raw/DRAL16kHz/fragments-short/ES_006_28.wav,It was pretty...,It was pretty...,Fue...,Fue bonito...,¡Huey bonito!,/Users/nilakshanraveendran/Documents/research/outputs/synthesis/en-es/EN_006_28__ES_006_28_en-es.wav,111116680,0.0,0.5,0.4439646303653717,0.1586454212665558,126.07984259572804,126.21554134717275,107.5235321512788,5.915712989078257,3.690537149671988,1.5972206700813316,0.004408714361488819,0.10478914529085159,0.006177179515361786,0.99,1.483375,1.03,3.0303030303030303,1.3482767337996122,0.970873786407767,ok,,
EN_006_28__ES_006_28,6,true,es-en,/Users/nilakshanraveendran/Documents/research/data/raw/DRAL16kHz/fragments-short/ES_006_28.wav,/Users/nilakshanraveendran/Documents/research/data/raw/DRAL16kHz/fragments-short/EN_006_28.wav,Fue...,¡Hueaa!,It was pretty...,Hueaa!,Yeah,/Users/nilakshanraveendran/Documents/research/outputs/synthesis/es-en/EN_006_28__ES_006_28_es-en.wav,1532023715,1.0,1.0,0.22311434149742126,0.1586454212665558,107.5235321512788,109.37875054835949,126.07984259572804,1.5972206700813316,5.0316424148762025,5.915712989078257,0.006177179515361786,0.13075949251651764,0.004408714361488819,1.03,1.5686875,0.99,0.970873786407767,0.6374755966373162,3.0303030303030303,ok,,
EN_006_29__ES_006_29,6,true,en-es,/Users/nilakshanraveendran/Documents/research/data/raw/DRAL16kHz/fragments-short/EN_006_29.wav,/Users/nilakshanraveendran/Documents/research/data/raw/DRAL16kHz/fragments-short/ES_006_29.wav,interesting,Interesting.,interesante,Interesante.,interesante.,/Users/nilakshanraveendran/Documents/research/outputs/synthesis/en-es/EN_006_29__ES_006_29_en-es.wav,1509474064,0.0,0.0,0.3400740623474121,0.35726645588874817,nan,117.96293705720528,nan,nan,1.390223578351072,nan,0.00340474396944046,0.06387259811162949,0.002967892913147807,0.91,1.387375,1.18,1.0989010989010988,0.7207856563654383,0.8474576271186441,ok,,
EN_006_29__ES_006_29,6,true,es-en,/Users/nilakshanraveendran/Documents/research/data/raw/DRAL16kHz/fragments-short/ES_006_29.wav,/Users/nilakshanraveendran/Documents/research/data/raw/DRAL16kHz/fragments-short/EN_006_29.wav,interesante,interesante,interesting,interesting,Interesting.,/Users/nilakshanraveendran/Documents/research/outputs/synthesis/es-en/EN_006_29__ES_006_29_es-en.wav,2088376169,0.0,0.0,0.06930752098560333,0.35726645588874817,nan,108.89431662179811,nan,nan,8.423416152739417,nan,0.002967892913147807,0.07719040662050247,0.00340474396944046,1.18,1.3446875,0.91,0.8474576271186441,0.7436672089240065,1.0989010989010988,ok,,
EN_006_2__ES_006_2,6,true,en-es,/Users/nilakshanraveendran/Documents/research/data/raw/DRAL16kHz/fragments-short/EN_006_2.wav,/Users/nilakshanraveendran/Documents/research/data/raw/DRAL16kHz/fragments-short/ES_006_2.wav,Whatever you want.,whatever you want.,lo que tú quieras,Lo que quieras.,lo que quieras.,/Users/nilakshanraveendran/Documents/research/outputs/synthesis/en-es/EN_006_2__ES_006_2_en-es.wav,72922728,0.0,0.0,0.1751251518726349,0.28872150182724,106.50913056745777,114.11542360104534,nan,2.994549806662643,8.323061298573172,nan,0.00208599166944623,0.09834590554237366,0.002664581872522831,0.92,1.622,1.12,3.260869565217391,1.849568434032059,3.571428571428571,ok,,
EN_006_2__ES_006_2,6,true,es-en,/Users/nilakshanraveendran/Documents/research/data/raw/DRAL16kHz/fragments-short/ES_006_2.wav,/Users/nilakshanraveendran/Documents/research/data/raw/DRAL16kHz/fragments-short/EN_006_2.wav,lo que tú quieras,lo que tú quieres,Whatever you want.,What you want,what you want.,/Users/nilakshanraveendran/Documents/research/outputs/synthesis/es-en/EN_006_2__ES_006_2_es-en.wav,2521144,0.25,0.0,0.10393601655960083,0.28872150182724,nan,105.25068732216917,106.50913056745777,nan,20.380353734679776,2.994549806662643,0.002664581872522831,0.09934352338314056,0.00208599166944623,1.12,1.3446875,0.92,3.571428571428571,2.2310016267720196,3.260869565217391,ok,,
EN_006_30__ES_006_30,6,true,en-es,/Users/nilakshanraveendran/Documents/research/data/raw/DRAL16kHz/fragments-short/EN_006_30.wav,/Users/nilakshanraveendran/Documents/research/data/raw/DRAL16kHz/fragments-short/ES_006_30.wav,because I was doing the overnight shift.,cause I was doing the overnight shift.,Porque estaba haciendo el turno nocturno,Porque estaba haciendo el turno de noche.,porque estaba haciendo el turno de noche.,/Users/nilakshanraveendran/Documents/research/outputs/synthesis/en-es/EN_006_30__ES_006_30_en-es.wav,668511465,0.14285714285714285,0.0,0.526557207107544,0.4226687550544739,111.85891140796011,119.09955789563325,115.20031628882097,11.665926765430836,5.120176333094538,6.145348878167497,0.008051306940615177,0.09634041786193848,0.007374247536063194,1.36,3.2006875,2.03,5.147058823529411,2.1870301302454553,2.9556650246305423,ok,,
EN_006_30__ES_006_30,6,true,es-en,/Users/nilakshanraveendran/Documents/research/data/raw/DRAL16kHz/fragments-short/ES_006_30.wav,/Users/nilakshanraveendran/Documents/research/data/raw/DRAL16kHz/fragments-short/EN_006_30.wav,Porque estaba haciendo el turno nocturno,porque estaba haciendo el tronoctur.,because I was doing the overnight shift.,Because I was doing the thronectur.,because I was doing the Thronecure.,/Users/nilakshanraveendran/Documents/research/outputs/synthesis/es-en/EN_006_30__ES_006_30_es-en.wav,447011296,0.3333333333333333,0.16666666666666666,0.3957560360431671,0.4226687550544739,115.20031628882097,110.59479802423554,111.85891140796011,6.145348878167497,7.291162325253785,11.665926765430836,0.007374247536063194,0.09260590374469757,0.008051306940615177,2.03,3.286,1.36,2.9556650246305423,1.825928180158247,5.147058823529411,ok,,
EN_006_32__ES_006_32,6,true,en-es,/Users/nilakshanraveendran/Documents/research/data/raw/DRAL16kHz/fragments-short/EN_006_32.wav,/Users/nilakshanraveendran/Documents/research/data/raw/DRAL16kHz/fragments-short/ES_006_32.wav,So I was there from 7pm to 7am.,So all of those are from 7p into 7a.,estaba ahí de 7 de la noche a 7 de la mañana,Así que todos esos son de 7p en 7a.,así que todos esos son de 7 en 7.,/Users/nilakshanraveendran/Documents/research/outputs/synthesis/en-es/EN_006_32__ES_006_32_en-es.wav,2006934166,0.875,0.2222222222222222,0.3673752546310425,0.45843029022216797,102.72983019670342,75.90084590190202,103.56504457122965,3.6417507799756637,16.016397416464898,2.310498095059511,0.004859674256294966,0.06396028399467468,0.003817038843408227,2.01,5.014,2.96,3.9800995024875627,1.7949740725967291,4.054054054054054,ok,,
EN_006_32__ES_006_32,6,true,es-en,/Users/nilakshanraveendran/Documents/research/data/raw/DRAL16kHz/fragments-short/ES_006_32.wav,/Users/nilakshanraveendran/Documents/research/data/raw/DRAL16kHz/fragments-short/EN_006_32.wav,estaba ahí de 7 de la noche a 7 de la mañana,estaba ahí de 7 de la noche a 7 de la mañana,So I was there from 7pm to 7am.,I was there from 7 overnight to 7 in the morning.,I was there from 7 over night to 7 in the morning.,/Users/nilakshanraveendran/Documents/research/outputs/synthesis/es-en/EN_006_32__ES_006_32_es-en.wav,876037990,0.0,0.18181818181818182,0.484274685382843,0.45843029022216797,103.56504457122965,111.77111864973602,102.72983019670342,2.310498095059511,14.288946420552177,3.6417507799756637,0.003817038843408227,0.08621004968881607,0.004859674256294966,2.96,4.2246875,2.01,4.054054054054054,2.6037428803905613,3.9800995024875627,ok,,
EN_006_33__ES_006_33,6,true,en-es,/Users/nilakshanraveendran/Documents/research/data/raw/DRAL16kHz/fragments-short/EN_006_33.wav,/Users/nilakshanraveendran/Documents/research/data/raw/DRAL16kHz/fragments-short/ES_006_33.wav,I- I quit that place.,I quit that place.,Renuncié a aquel lugar.,Renuncié a ese lugar.,renuncié a ese lugar,/Users/nilakshanraveendran/Documents/research/outputs/synthesis/en-es/EN_006_33__ES_006_33_en-es.wav,1827687151,0.2,0.0,0.3861882984638214,0.2655065357685089,128.70921935114373,159.1190487640755,129.23204490585024,14.455153256913617,35.35434619037496,11.844580670493665,0.010145449079573154,0.08716262131929398,0.008724951185286045,1.46,3.5206875,1.24,3.4246575342465753,1.1361417336812767,3.2258064516129035,ok,,
EN_006_33__ES_006_33,6,true,es-en,/Users/nilakshanraveendran/Documents/research/data/raw/DRAL16kHz/fragments-short/ES_006_33.wav,/Users/nilakshanraveendran/Documents/research/data/raw/DRAL16kHz/fragments-short/EN_006_33.wav,Renuncié a aquel lugar.,Le renuncié a que lugar...,I- I quit that place.,I gave him up to what place...,I gave him up to what place?,/Users/nilakshanraveendran/Documents/research/outputs/synthesis/es-en/EN_006_33__ES_006_33_es-en.wav,1617532726,0.5,0.0,0.2701668441295624,0.2655065357685089,129.23204490585024,136.65477534452836,128.70921935114373,11.844580670493665,23.083947484806444,14.455153256913617,0.008724951185286045,0.10116153210401535,0.010145449079573154,1.24,2.731375,1.46,3.2258064516129035,2.5628117706283464,3.4246575342465753,ok,,
EN_006_34__ES_006_34,6,true,en-es,/Users/nilakshanraveendran/Documents/research/data/raw/DRAL16kHz/fragments-short/EN_006_34.wav,/Users/nilakshanraveendran/Documents/research/data/raw/DRAL16kHz/fragments-short/ES_006_34.wav,Barely on February.,barely on February.,e- en febrero,apenas en febrero.,apenas en febrero,/Users/nilakshanraveendran/Documents/research/outputs/synthesis/en-es/EN_006_34__ES_006_34_en-es.wav,1455234054,0.0,0.0,0.28955215215682983,0.2535368502140045,125.4304265563793,118.00072699617003,nan,0.9625401487786579,35.548892524181674,nan,0.008476270362734795,0.07777134329080582,0.005924793891608715,1.05,2.87,1.26,2.857142857142857,1.0452961672473868,2.380952380952381,ok,,
EN_006_34__ES_006_34,6,true,es-en,/Users/nilakshanraveendran/Documents/research/data/raw/DRAL16kHz/fragments-short/ES_006_34.wav,/Users/nilakshanraveendran/Documents/research/data/raw/DRAL16kHz/fragments-short/EN_006_34.wav,e- en febrero,en febrero,Barely on February.,in February,in February.,/Users/nilakshanraveendran/Documents/research/outputs/synthesis/es-en/EN_006_34__ES_006_34_es-en.wav,1814032271,0.3333333333333333,0.0,0.3337366282939911,0.2535368502140045,nan,110.01210771107961,125.4304265563793,nan,5.585718415803556,0.9625401487786579,0.005924793891608715,0.07956038415431976,0.008476270362734795,1.26,1.43,1.05,2.380952380952381,1.3986013986013988,2.857142857142857,ok,,
EN_006_36__ES_006_36,6,true,en-es,/Users/nilakshanraveendran/Documents/research/data/raw/DRAL16kHz/fragments-short/EN_006_36.wav,/Users/nilakshanraveendran/Documents/research/data/raw/DRAL16kHz/fragments-short/ES_006_36.wav,"That was the first experience that I was like, okay, so this is what's going to be like.","That was the first experience that I was like, okay, so this is what's going to be like.","esa fue la primer, la primer experiencia que dije ok, así va a estar la cosa","Esa fue la primera experiencia que me pareció, vale, así que esto es lo que va a ser.",esa fue la primera experiencia que me pareció. Vale. Así que esto es lo que va a ser.,/Users/nilakshanraveendran/Documents/research/outputs/synthesis/en-es/EN_006_36__ES_006_36_en-es.wav,1842522779,0.0,0.0,0.35803884267807007,0.5991241931915283,99.30847671133377,112.48645775063518,105.9776246206086,6.780478472610355,33.983553436320236,19.0697866168958,0.004117544274777174,0.09209981560707092,0.003949293866753578,4.33,6.358,4.05,4.157043879907621,2.8310789556464298,3.9506172839506175,ok,,
EN_006_36__ES_006_36,6,true,es-en,/Users/nilakshanraveendran/Documents/research/data/raw/DRAL16kHz/fragments-short/ES_006_36.wav,/Users/nilakshanraveendran/Documents/research/data/raw/DRAL16kHz/fragments-short/EN_006_36.wav,"esa fue la primer, la primer experiencia que dije ok, así va a estar la cosa","esa fue la primera experiencia que ok, así va a estar la cosa","That was the first experience that I was like, okay, so this is what's going to be like.","That was the first experience that okay, so it's gonna be the thing.","That was the first experience that okay, so it's gonna be the thing.",/Users/nilakshanraveendran/Documents/research/outputs/synthesis/es-en/EN_006_36__ES_006_36_es-en.wav,472824118,0.25,0.0,0.3590719997882843,0.5991241931915283,105.9776246206086,106.15151143607034,99.30847671133377,19.0697866168958,12.959080175556783,6.780478472610355,0.003949293866753578,0.08603566884994507,0.004117544274777174,4.05,5.942,4.33,3.9506172839506175,2.1878155503197574,4.157043879907621,ok,,
EN_006_38__ES_006_38,6,true,en-es,/Users/nilakshanraveendran/Documents/research/data/raw/DRAL16kHz/fragments-short/EN_006_38.wav,/Users/nilakshanraveendran/Documents/research/data/raw/DRAL16kHz/fragments-short/ES_006_38.wav,And I remember that I got out of the cell.,I remember that I got out of the cell.,Me acuerdo que me salí de la selda.,Recuerdo que salí de la celda.,Recuerdo que salí de la celda.,/Users/nilakshanraveendran/Documents/research/outputs/synthesis/en-es/EN_006_38__ES_006_38_en-es.wav,225552631,0.1,0.0,0.3354880213737488,0.28890544176101685,119.76867149771752,131.77320436770748,113.58351317478056,16.39551968469486,18.535850083492498,19.057014299047715,0.013810141943395138,0.11239805072546005,0.004573381505906582,1.31,2.55,1.96,7.633587786259541,2.3529411764705883,4.081632653061225,ok,,
EN_006_38__ES_006_38,6,true,es-en,/Users/nilakshanraveendran/Documents/research/data/raw/DRAL16kHz/fragments-short/ES_006_38.wav,/Users/nilakshanraveendran/Documents/research/data/raw/DRAL16kHz/fragments-short/EN_006_38.wav,Me acuerdo que me salí de la selda.,Me acuerdo que me salí de la senda.,And I remember that I got out of the cell.,I remember getting out of the way.,I remember getting out of the way.,/Users/nilakshanraveendran/Documents/research/outputs/synthesis/es-en/EN_006_38__ES_006_38_es-en.wav,1948719464,0.125,0.0,0.3127116560935974,0.28890544176101685,113.58351317478056,115.58687442773025,119.76867149771752,19.057014299047715,7.039162691933366,16.39551968469486,0.004573381505906582,0.10603044182062149,0.013810141943395138,1.96,2.411375,1.31,4.081632653061225,2.902908091856306,7.633587786259541,ok,,
EN_006_39__ES_006_39,6,true,en-es,/Users/nilakshanraveendran/Documents/research/data/raw/DRAL16kHz/fragments-short/EN_006_39.wav,/Users/nilakshanraveendran/Documents/research/data/raw/DRAL16kHz/fragments-short/ES_006_39.wav,The nurse got there and I could feel my legs like shaking a little bit.,the nurse got there and I could feel my legs like shaking a little bit.,Llegó la enfermera y sentía mis piernas temblando un poquito.,La enfermera llegó y pude sentir que mis piernas temblaban un poco.,La enfermera llegó y pude sentir que mis piernas temblaban un poco.,/Users/nilakshanraveendran/Documents/research/outputs/synthesis/en-es/EN_006_39__ES_006_39_en-es.wav,1287596049,0.0,0.0,0.3937320113182068,0.3378637135028839,112.84834339689267,117.87913637905163,109.06240022616305,17.747807404420474,16.213919825582316,12.554746052434117,0.0055385250598192215,0.1176082044839859,0.003950869664549828,3.4,4.363375,3.16,4.411764705882353,2.7501647234079125,3.1645569620253164,ok,,
EN_006_39__ES_006_39,6,true,es-en,/Users/nilakshanraveendran/Documents/research/data/raw/DRAL16kHz/fragments-short/ES_006_39.wav,/Users/nilakshanraveendran/Documents/research/data/raw/DRAL16kHz/fragments-short/EN_006_39.wav,Llegó la enfermera y sentía mis piernas temblando un poquito.,Llegó la enfermera y sentí a mi espierna estenblando un poquito.,The nurse got there and I could feel my legs like shaking a little bit.,The nurse came in and I felt my leg sticking out a little bit.,The nurse came in and I felt my leg sticking out a little bit.,/Users/nilakshanraveendran/Documents/research/outputs/synthesis/es-en/EN_006_39__ES_006_39_es-en.wav,245276250,0.5,0.0,0.4357158839702606,0.3378637135028839,109.06240022616305,109.62905587872858,112.84834339689267,12.554746052434117,15.933198251160958,17.747807404420474,0.003950869664549828,0.11178896576166153,0.0055385250598192215,3.16,3.99,3.4,3.1645569620253164,3.508771929824561,4.411764705882353,ok,,
EN_006_40__ES_006_40,6,true,en-es,/Users/nilakshanraveendran/Documents/research/data/raw/DRAL16kHz/fragments-short/EN_006_40.wav,/Users/nilakshanraveendran/Documents/research/data/raw/DRAL16kHz/fragments-short/ES_006_40.wav,"Yeah, yeah.","Yeah, yeah.","Sí, sí.","Sí, sí.","Eeehhh, siiii!!!",/Users/nilakshanraveendran/Documents/research/outputs/synthesis/en-es/EN_006_40__ES_006_40_en-es.wav,1410198122,0.0,1.0,0.4191552996635437,0.2448376566171646,nan,319.34284171968505,nan,nan,137.27584711542997,nan,0.02586274780333042,0.08455110341310501,0.007692552637308836,0.69,2.358,0.68,2.8985507246376816,0.8481764206955046,2.941176470588235,ok,,
EN_006_40__ES_006_40,6,true,es-en,/Users/nilakshanraveendran/Documents/research/data/raw/DRAL16kHz/fragments-short/ES_006_40.wav,/Users/nilakshanraveendran/Documents/research/data/raw/DRAL16kHz/fragments-short/EN_006_40.wav,"Sí, sí.","Sí, sí.","Yeah, yeah.","Yeah, yeah.","Yeah, yeah.",/Users/nilakshanraveendran/Documents/research/outputs/synthesis/es-en/EN_006_40__ES_006_40_es-en.wav,1698627952,0.0,0.0,0.3033418655395508,0.2448376566171646,nan,138.90161379861883,nan,nan,2.189557340399444,nan,0.007692552637308836,0.09778383374214172,0.02586274780333042,0.68,1.5686875,0.69,2.941176470588235,1.2749511932746325,2.8985507246376816,ok,,
EN_006_41__ES_006_41,6,true,en-es,/Users/nilakshanraveendran/Documents/research/data/raw/DRAL16kHz/fragments-short/EN_006_41.wav,/Users/nilakshanraveendran/Documents/research/data/raw/DRAL16kHz/fragments-short/ES_006_41.wav,It was the first time that I saw anything like that and that I had like an experience like that,It was the first time that I saw anything like that and that I had like an experience like that.,Eh fue la primera vez que tuve una experiencia así y la primera vez que vi algo así,Fue la primera vez que vi algo así y que tuve una experiencia como esa.,"La primera vez que vi algo así, que tuve una experiencia como esa.",/Users/nilakshanraveendran/Documents/research/outputs/synthesis/en-es/EN_006_41__ES_006_41_en-es.wav,523057070,0.0,0.13333333333333333,0.3208548426628113,0.31784647703170776,121.43342230167512,114.07502744538621,107.4471691238601,9.611112906057675,14.917530255755654,16.49313970197815,0.006784746423363686,0.0964166522026062,0.0043135941959917545,3.25,4.2246875,4.1,6.153846153846154,3.5505584732598567,4.390243902439025,ok,,
EN_006_41__ES_006_41,6,true,es-en,/Users/nilakshanraveendran/Documents/research/data/raw/DRAL16kHz/fragments-short/ES_006_41.wav,/Users/nilakshanraveendran/Documents/research/data/raw/DRAL16kHz/fragments-short/EN_006_41.wav,Eh fue la primera vez que tuve una experiencia así y la primera vez que vi algo así,fue la primera vez que tuve una experiencia así y la primera vez que vi algo así,It was the first time that I saw anything like that and that I had like an experience like that,It was the first time I had such an experience and the first time I saw such a thing.,It was the first time I had such an experience and the first time I saw such a thing.,/Users/nilakshanraveendran/Documents/research/outputs/synthesis/es-en/EN_006_41__ES_006_41_es-en.wav,744727462,0.05555555555555555,0.0,0.3957708477973938,0.31784647703170776,107.4471691238601,114.30578003633654,121.43342230167512,16.49313970197815,17.278806642149707,9.611112906057675,0.0043135941959917545,0.09327740222215652,0.006784746423363686,4.1,5.611375,3.25,4.390243902439025,3.3859793722572453,6.153846153846154,ok,,
EN_006_42__ES_006_42,6,true,en-es,/Users/nilakshanraveendran/Documents/research/data/raw/DRAL16kHz/fragments-short/EN_006_42.wav,/Users/nilakshanraveendran/Documents/research/data/raw/DRAL16kHz/fragments-short/ES_006_42.wav,Which I mean worked in my favor to get experience.,which I mean worked in my favorite to get experience.,"Que, digo, funcionó a mi favor para agarrar experiencia",Lo que quiero decir es que trabajé en mi favorito para tener experiencia.,Lo que quiero decir es que trabajé el mi favorito para tener experiencia.,/Users/nilakshanraveendran/Documents/research/outputs/synthesis/en-es/EN_006_42__ES_006_42_en-es.wav,294251229,0.1,0.07692307692307693,0.36281606554985046,0.4080562889575958,138.6220735784496,139.37452659099327,117.75374526782906,17.30858331661382,20.694741396092304,7.158555636640219,0.010337544605135918,0.12349293380975723,0.010503767989575863,2.17,4.2246875,2.39,4.6082949308755765,3.077150676825209,3.7656903765690375,ok,,
EN_006_42__ES_006_42,6,true,es-en,/Users/nilakshanraveendran/Documents/research/data/raw/DRAL16kHz/fragments-short/ES_006_42.wav,/Users/nilakshanraveendran/Documents/research/data/raw/DRAL16kHz/fragments-short/EN_006_42.wav,"Que, digo, funcionó a mi favor para agarrar experiencia","y que, digo, funcionó mi favor para la experiencia.",Which I mean worked in my favor to get experience.,"and that, I mean, worked my favor for the experience.","And that, I mean. Worked my favor for the experience.",/Users/nilakshanraveendran/Documents/research/outputs/synthesis/es-en/EN_006_42__ES_006_42_es-en.wav,287340364,0.3333333333333333,0.0,0.2111741006374359,0.4080562889575958,117.75374526782906,733.2405587018743,138.6220735784496,7.158555636640219,283.5200938653248,17.30858331661382,0.010503767989575863,0.068189837038517,0.010337544605135918,2.39,5.334,2.17,3.7656903765690375,1.8747656542932134,4.6082949308755765,ok,,
EN_006_4__ES_006_4,6,true,en-es,/Users/nilakshanraveendran/Documents/research/data/raw/DRAL16kHz/fragments-short/EN_006_4.wav,/Users/nilakshanraveendran/Documents/research/data/raw/DRAL16kHz/fragments-short/ES_006_4.wav,"I never thought about that, I don't know.",I don't think it's gonna be too late,"Nunca había pensado en eso, no sé.",No creo que sea demasiado tarde.,No os creo que sea demasiado tarde.,/Users/nilakshanraveendran/Documents/research/outputs/synthesis/en-es/EN_006_4__ES_006_4_en-es.wav,2129726967,0.875,0.16666666666666666,0.5285997986793518,0.45956864953041077,104.90808067818288,104.30172060563045,141.47531102993463,2.0174141959038767,22.3700516781471,16.21411835803538,0.008260674774646759,0.09579488635063171,0.006669136695563793,1.18,2.923375,1.28,6.779661016949153,2.0524222858853207,5.46875,ok,,
EN_006_4__ES_006_4,6,true,es-en,/Users/nilakshanraveendran/Documents/research/data/raw/DRAL16kHz/fragments-short/ES_006_4.wav,/Users/nilakshanraveendran/Documents/research/data/raw/DRAL16kHz/fragments-short/EN_006_4.wav,"Nunca había pensado en eso, no sé.","No os caía pensando en eso, no sé.","I never thought about that, I don't know.","You didn't like me thinking about it, I don't know.","You didn't like me thinking about it, I don't know.",/Users/nilakshanraveendran/Documents/research/outputs/synthesis/es-en/EN_006_4__ES_006_4_es-en.wav,463127335,0.5714285714285714,0.0,0.16014453768730164,0.45956864953041077,141.47531102993463,126.07004173411657,104.90808067818288,16.21411835803538,24.612232474105003,2.0174141959038767,0.006669136695563793,0.10602409392595291,0.008260674774646759,1.28,2.7846875,1.18,5.46875,3.59106722028953,6.779661016949153,ok,,
EN_006_5__ES_006_5,6,true,en-es,/Users/nilakshanraveendran/Documents/research/data/raw/DRAL16kHz/fragments-short/EN_006_5.wav,/Users/nilakshanraveendran/Documents/research/data/raw/DRAL16kHz/fragments-short/ES_006_5.wav,I'm from,I'm from,Soy de,Soy de,fine,/Users/nilakshanraveendran/Documents/research/outputs/synthesis/en-es/EN_006_5__ES_006_5_en-es.wav,226121392,0.0,1.0,0.2716786563396454,0.2401118278503418,120.7784965932143,93.10106307349355,117.18629857790275,11.983444188841005,30.565383116491795,10.712896258763683,0.005754923447966576,0.023374779149889946,0.007562584709376097,0.92,20.747375,0.69,2.1739130434782608,0.09639773706312244,2.8985507246376816,ok,,
EN_006_5__ES_006_5,6,true,es-en,/Users/nilakshanraveendran/Documents/research/data/raw/DRAL16kHz/fragments-short/ES_006_5.wav,/Users/nilakshanraveendran/Documents/research/data/raw/DRAL16kHz/fragments-short/EN_006_5.wav,Soy de,"哈자, I elaborate",I'm from,", I elaborate",I elaborate.,/Users/nilakshanraveendran/Documents/research/outputs/synthesis/es-en/EN_006_5__ES_006_5_es-en.wav,1307581398,1.5,0.0,0.03137434273958206,0.2401118278503418,117.18629857790275,117.94385867379991,120.7784965932143,10.712896258763683,1.1189829603273598,11.983444188841005,0.007562584709376097,0.11659903824329376,0.005754923447966576,0.69,1.387375,0.92,2.8985507246376816,2.162356969096315,2.1739130434782608,ok,,
EN_006_6__ES_006_6,6,true,en-es,/Users/nilakshanraveendran/Documents/research/data/raw/DRAL16kHz/fragments-short/EN_006_6.wav,/Users/nilakshanraveendran/Documents/research/data/raw/DRAL16kHz/fragments-short/ES_006_6.wav,Ciudad Juarez.,See you at the quarry.,Ciudad Juárez,Nos vemos en la cantera.,Nos vemos en la cantera.,/Users/nilakshanraveendran/Documents/research/outputs/synthesis/en-es/EN_006_6__ES_006_6_en-es.wav,1309753847,2.5,0.0,0.5236027240753174,0.4241369664669037,nan,806.4006802360623,882.8495185612655,nan,147.30171136877166,60.016570190453045,0.003901672549545765,0.0694771558046341,0.00407867506146431,0.9,2.923375,0.81,2.2222222222222223,1.710351904904434,2.4691358024691357,ok,,
EN_006_6__ES_006_6,6,true,es-en,/Users/nilakshanraveendran/Documents/research/data/raw/DRAL16kHz/fragments-short/ES_006_6.wav,/Users/nilakshanraveendran/Documents/research/data/raw/DRAL16kHz/fragments-short/EN_006_6.wav,Ciudad Juárez,¡Suscríbete!,Ciudad Juarez.,Subscribe!,Subscribe!,/Users/nilakshanraveendran/Documents/research/outputs/synthesis/es-en/EN_006_6__ES_006_6_es-en.wav,1873136257,1.0,0.0,0.37213778495788574,0.4241369664669037,882.8495185612655,68.15387205002192,nan,60.016570190453045,5.784926286249198,nan,0.00407867506146431,0.07775960862636566,0.003901672549545765,0.81,1.43,0.9,2.4691358024691357,0.6993006993006994,2.2222222222222223,ok,,
EN_006_7__ES_006_7,6,true,en-es,/Users/nilakshanraveendran/Documents/research/data/raw/DRAL16kHz/fragments-short/EN_006_7.wav,/Users/nilakshanraveendran/Documents/research/data/raw/DRAL16kHz/fragments-short/ES_006_7.wav,I was born in El Paso.,I was born in El Paso...,Nací en el paso...,Nací en El Paso...,nací en el paso,/Users/nilakshanraveendran/Documents/research/outputs/synthesis/en-es/EN_006_7__ES_006_7_en-es.wav,1471360698,0.0,0.0,0.2961592972278595,0.3250386714935303,137.89633668937694,155.1651052963781,131.74827439838384,9.962965115986048,53.89167827750459,13.122463857746096,0.008174635469913483,0.06881778687238693,0.005794993136078119,1.32,2.6886875,1.14,4.545454545454545,1.4877147307003882,3.5087719298245617,ok,,
EN_006_7__ES_006_7,6,true,es-en,/Users/nilakshanraveendran/Documents/research/data/raw/DRAL16kHz/fragments-short/ES_006_7.wav,/Users/nilakshanraveendran/Documents/research/data/raw/DRAL16kHz/fragments-short/EN_006_7.wav,Nací en el paso...,nací en el paso,I was born in El Paso.,I was born in the pass,I was born in the past.,/Users/nilakshanraveendran/Documents/research/outputs/synthesis/es-en/EN_006_7__ES_006_7_es-en.wav,307233000,0.0,0.16666666666666666,0.25379687547683716,0.3250386714935303,131.74827439838384,137.70811752416316,137.89633668937694,13.122463857746096,16.9384846532468,9.962965115986048,0.005794993136078119,0.10262110084295273,0.008174635469913483,1.14,2.358,1.32,3.5087719298245617,2.544529262086514,4.545454545454545,ok,,
EN_006_8__ES_006_8,6,true,en-es,/Users/nilakshanraveendran/Documents/research/data/raw/DRAL16kHz/fragments-short/EN_006_8.wav,/Users/nilakshanraveendran/Documents/research/data/raw/DRAL16kHz/fragments-short/ES_006_8.wav,but then I was raised in Juarez.,but then I was raised in Hwadis.,pero me criaron en Juárez.,Pero luego me crié en Hwadis.,Pero luego me crié en Juádis.,/Users/nilakshanraveendran/Documents/research/outputs/synthesis/en-es/EN_006_8__ES_006_8_en-es.wav,1213704414,0.14285714285714285,0.16666666666666666,0.4031958281993866,0.45042580366134644,108.59932517836353,112.73892393732022,112.4017473781962,7.573244706250159,7.026470666577274,5.541152477915336,0.004028447438031435,0.08735118806362152,0.005740597378462553,1.66,3.2006875,1.41,4.216867469879518,1.8745972544961045,3.546099290780142,ok,,
EN_006_8__ES_006_8,6,true,es-en,/Users/nilakshanraveendran/Documents/research/data/raw/DRAL16kHz/fragments-short/ES_006_8.wav,/Users/nilakshanraveendran/Documents/research/data/raw/DRAL16kHz/fragments-short/EN_006_8.wav,pero me criaron en Juárez.,pero me crearon en Juarez.,but then I was raised in Juarez.,But they created me in Juarez.,But they created me in quite a...,/Users/nilakshanraveendran/Documents/research/outputs/synthesis/es-en/EN_006_8__ES_006_8_es-en.wav,574174658,0.4,0.3333333333333333,0.3584495484828949,0.45042580366134644,112.4017473781962,114.3149533512853,108.59932517836353,5.541152477915336,12.308896190961052,7.573244706250159,0.005740597378462553,0.10287042707204819,0.004028447438031435,1.41,2.411375,1.66,3.546099290780142,2.4882069358768337,4.216867469879518,ok,,
EN_012_15__ES_012_15,15,true,en-es,/Users/nilakshanraveendran/Documents/research/data/raw/DRAL16kHz/fragments-short/EN_012_15.wav,/Users/nilakshanraveendran/Documents/research/data/raw/DRAL16kHz/fragments-short/ES_012_15.wav,"Oh, well yeah.",Oh yeah,Pues sí.,"Oh, sí.","Oh, sí.",/Users/nilakshanraveendran/Documents/research/outputs/synthesis/en-es/EN_012_15__ES_012_15_en-es.wav,726509715,0.3333333333333333,0.0,0.19132082164287567,0.12153927981853485,89.1184793561209,66.31121553540004,102.24540097258462,12.234203081616855,2.7777779826905427,8.635839932572255,0.04043080657720566,0.05038178339600563,0.009888296015560627,1.14,2.966,0.79,2.6315789473684212,0.6743088334457181,2.531645569620253,ok,,
EN_012_15__ES_012_15,15,true,es-en,/Users/nilakshanraveendran/Documents/research/data/raw/DRAL16kHz/fragments-short/ES_012_15.wav,/Users/nilakshanraveendran/Documents/research/data/raw/DRAL16kHz/fragments-short/EN_012_15.wav,Pues sí.,a ver,"Oh, well yeah.",Let's see.,Let's see.,/Users/nilakshanraveendran/Documents/research/outputs/synthesis/es-en/EN_012_15__ES_012_15_es-en.wav,1150207683,1.0,0.0,0.31848669052124023,0.12153927981853485,102.24540097258462,102.09824628407094,89.1184793561209,8.635839932572255,11.303874529215706,12.234203081616855,0.009888296015560627,0.06358665227890015,0.04043080657720566,0.79,2.5926875,1.14,2.531645569620253,0.7714003326663935,2.6315789473684212,ok,,
EN_012_16__ES_012_16,15,true,en-es,/Users/nilakshanraveendran/Documents/research/data/raw/DRAL16kHz/fragments-short/EN_012_16.wav,/Users/nilakshanraveendran/Documents/research/data/raw/DRAL16kHz/fragments-short/ES_012_16.wav,"Well, it depends if I'm in the mood for a tortilla or not.","Well, it depends if I'm in the mood for a 30 year or not.",Pues depende si... si se me antoja l- la tortilla o no.,"Bueno, depende si estoy de humor por 30 años o no.",Bueno depende si estoy de humor por 30 años o no.,/Users/nilakshanraveendran/Documents/research/outputs/synthesis/en-es/EN_012_16__ES_012_16_en-es.wav,738546868,0.15384615384615385,0.0,0.5416520237922668,0.6685700416564941,162.55160639992656,147.3848675505949,128.19004980995885,75.51630217602154,32.26764204370188,37.762147444389406,0.026570240035653114,0.11099477857351303,0.00900810956954956,2.57,3.1046875,2.97,5.0583657587548645,3.5430296930045295,4.04040404040404,ok,,
EN_012_16__ES_012_16,15,true,es-en,/Users/nilakshanraveendran/Documents/research/data/raw/DRAL16kHz/fragments-short/ES_012_16.wav,/Users/nilakshanraveendran/Documents/research/data/raw/DRAL16kHz/fragments-short/EN_012_16.wav,Pues depende si... si se me antoja l- la tortilla o no.,Pues depende si se me antoja la tortilla o no.,"Well, it depends if I'm in the mood for a tortilla or not.","Well, it depends whether I like the tortilla or not.","Well, it depends whether I like the tortilla or not.",/Users/nilakshanraveendran/Documents/research/outputs/synthesis/es-en/EN_012_16__ES_012_16_es-en.wav,748743089,0.16666666666666666,0.0,0.44506144523620605,0.6685700416564941,128.19004980995885,133.17917037120682,162.55160639992656,37.762147444389406,19.725733821128554,75.51630217602154,0.00900810956954956,0.10098668932914734,0.026570240035653114,2.97,3.894,2.57,4.04040404040404,2.5680534155110424,5.0583657587548645,ok,,
EN_012_21__ES_012_21,15,true,en-es,/Users/nilakshanraveendran/Documents/research/data/raw/DRAL16kHz/fragments-short/EN_012_21.wav,/Users/nilakshanraveendran/Documents/research/data/raw/DRAL16kHz/fragments-short/ES_012_21.wav,Sock coffee?,Sought coffee?,Café de calcetín.,¿Café?,"café, no?",/Users/nilakshanraveendran/Documents/research/outputs/synthesis/en-es/EN_012_21__ES_012_21_en-es.wav,1272735092,0.5,1.0,0.24232518672943115,0.2933955192565918,nan,98.89754492578453,nan,nan,2.98065339367483,nan,0.030698388814926147,0.04647793993353844,0.013830621726810932,0.89,1.995375,1.01,2.247191011235955,0.5011589300256845,2.9702970297029703,ok,,
EN_012_21__ES_012_21,15,true,es-en,/Users/nilakshanraveendran/Documents/research/data/raw/DRAL16kHz/fragments-short/ES_012_21.wav,/Users/nilakshanraveendran/Documents/research/data/raw/DRAL16kHz/fragments-short/EN_012_21.wav,Café de calcetín.,café de calcetín,Sock coffee?,Sock coffee,Dr. Fing,/Users/nilakshanraveendran/Documents/research/outputs/synthesis/es-en/EN_012_21__ES_012_21_es-en.wav,1986770287,0.0,1.0,0.3691652715206146,0.2933955192565918,nan,494.4165143380338,nan,nan,246.9970771205699,nan,0.013830621726810932,0.05874856933951378,0.030698388814926147,1.01,1.7606875,0.89,2.9702970297029703,1.135919917645806,2.247191011235955,ok,,
EN_012_2__ES_012_2,15,true,en-es,/Users/nilakshanraveendran/Documents/research/data/raw/DRAL16kHz/fragments-short/EN_012_2.wav,/Users/nilakshanraveendran/Documents/research/data/raw/DRAL16kHz/fragments-short/ES_012_2.wav,"Uh, I don't like eggs with bacon.",I don't like eggs with bacon.,A mí no me gusta el huevo con tocino.,No me gustan los huevos con tocino.,No me gustan los huevos con tocino.,/Users/nilakshanraveendran/Documents/research/outputs/synthesis/en-es/EN_012_2__ES_012_2_en-es.wav,1225656452,0.14285714285714285,0.0,0.36945977807044983,0.3018067479133606,101.91481908113414,84.99450260389712,110.35434395611841,25.334293733438574,28.594577684459843,19.210032166565416,0.019887100905179977,0.03206595405936241,0.009116382338106632,3.29,6.955375,2.8,2.127659574468085,1.0064159013712417,3.2142857142857144,ok,,
EN_012_2__ES_012_2,15,true,es-en,/Users/nilakshanraveendran/Documents/research/data/raw/DRAL16kHz/fragments-short/ES_012_2.wav,/Users/nilakshanraveendran/Documents/research/data/raw/DRAL16kHz/fragments-short/EN_012_2.wav,A mí no me gusta el huevo con tocino.,A mi no me gusta el huevo con tocino.,"Uh, I don't like eggs with bacon.",I don't like bacon egg.,I don't like bacon egg.,/Users/nilakshanraveendran/Documents/research/outputs/synthesis/es-en/EN_012_2__ES_012_2_es-en.wav,118898568,0.1111111111111111,0.0,0.4418422281742096,0.3018067479133606,110.35434395611841,106.57242420528326,101.91481908113414,19.210032166565416,14.7443211961837,25.334293733438574,0.009116382338106632,0.09082192182540894,0.019887100905179977,2.8,2.219375,3.29,3.2142857142857144,2.2528865108420164,2.127659574468085,ok,,
EN_012_5__ES_012_5,15,true,en-es,/Users/nilakshanraveendran/Documents/research/data/raw/DRAL16kHz/fragments-short/EN_012_5.wav,/Users/nilakshanraveendran/Documents/research/data/raw/DRAL16kHz/fragments-short/ES_012_5.wav,I don't like it.,I don't like it.,No me gus-,No me gusta.,No me gusta.,/Users/nilakshanraveendran/Documents/research/outputs/synthesis/en-es/EN_012_5__ES_012_5_en-es.wav,1369004269,0.0,0.0,0.21002209186553955,0.1657305806875229,nan,101.69129697152151,130.49027915394424,nan,23.575969763742435,6.050150679850708,0.020923597738146782,0.08361628651618958,0.009790830314159393,0.79,1.942,0.66,5.063291139240506,1.544799176107106,4.545454545454545,ok,,
EN_012_5__ES_012_5,15,true,es-en,/Users/nilakshanraveendran/Documents/research/data/raw/DRAL16kHz/fragments-short/ES_012_5.wav,/Users/nilakshanraveendran/Documents/research/data/raw/DRAL16kHz/fragments-short/EN_012_5.wav,No me gus-,a mi me gusta,I don't like it.,I like it.,I like it.,/Users/nilakshanraveendran/Documents/research/outputs/synthesis/es-en/EN_012_5__ES_012_5_es-en.wav,672143438,1.0,0.0,0.3049581050872803,0.1657305806875229,130.49027915394424,110.93572081690859,nan,6.050150679850708,13.766038269716928,nan,0.009790830314159393,0.04621491581201553,0.020923597738146782,0.66,1.846,0.79,4.545454545454545,1.6251354279523293,5.063291139240506,ok,,
EN_012_6__ES_012_6,15,true,en-es,/Users/nilakshanraveendran/Documents/research/data/raw/DRAL16kHz/fragments-short/EN_012_6.wav,/Users/nilakshanraveendran/Documents/research/data/raw/DRAL16kHz/fragments-short/ES_012_6.wav,It just doesn't taste right.,It just doesn't taste right.,Es que no sabe igual.,Simplemente no sabe bien.,simplemente no sabe bien.,/Users/nilakshanraveendran/Documents/research/outputs/synthesis/en-es/EN_012_6__ES_012_6_en-es.wav,1720322363,0.0,0.0,0.42644280195236206,0.2686208188533783,nan,771.1436554337184,112.02266349196859,nan,341.87658411730007,10.61193394094065,0.009309044107794762,0.024637071415781975,0.011073684319853783,1.47,9.419375,1.59,3.4013605442176873,0.42465662530688075,3.144654088050314,ok,,
EN_012_6__ES_012_6,15,true,es-en,/Users/nilakshanraveendran/Documents/research/data/raw/DRAL16kHz/fragments-short/ES_012_6.wav,/Users/nilakshanraveendran/Documents/research/data/raw/DRAL16kHz/fragments-short/EN_012_6.wav,Es que no sabe igual.,que no sabe igual,It just doesn't taste right.,that doesn't taste the same,That doesn't taste the same. That lie of the way and I didn't cheat.,/Users/nilakshanraveendran/Documents/research/outputs/synthesis/es-en/EN_012_6__ES_012_6_es-en.wav,1590808741,0.2,1.8,0.434669554233551,0.2686208188533783,112.02266349196859,111.20799217315982,nan,10.61193394094065,11.646534018126006,nan,0.011073684319853783,0.09728755801916122,0.009309044107794762,1.59,5.014,1.47,3.144654088050314,0.9972078181092939,3.4013605442176873,ok,,
EN_012_7__ES_012_7,15,true,en-es,/Users/nilakshanraveendran/Documents/research/data/raw/DRAL16kHz/fragments-short/EN_012_7.wav,/Users/nilakshanraveendran/Documents/research/data/raw/DRAL16kHz/fragments-short/ES_012_7.wav,So like the texture of the bacon is a little too soggy.,So like the texture of the bacon is a little too soggy.,"O sea, la textura de... del tocino sabe muy aguado.",Así como la textura del tocino es un poco demasiado empapado.,así como la textura del tocino es un poco demasiado empapado.,/Users/nilakshanraveendran/Documents/research/outputs/synthesis/en-es/EN_012_7__ES_012_7_en-es.wav,1736349124,0.0,0.0,0.38528013229370117,0.5425310730934143,97.45973761958233,93.7519779959732,107.29040494934623,15.967257503349769,12.444538192786736,9.618532373684618,0.018328985199332237,0.10063192248344421,0.016949141398072243,4.06,4.31,3.65,2.9556650246305423,2.552204176334107,2.73972602739726,ok,,
EN_012_7__ES_012_7,15,true,es-en,/Users/nilakshanraveendran/Documents/research/data/raw/DRAL16kHz/fragments-short/ES_012_7.wav,/Users/nilakshanraveendran/Documents/research/data/raw/DRAL16kHz/fragments-short/EN_012_7.wav,"O sea, la textura de... del tocino sabe muy aguado.","O sea, la textura del tocino sabe muy aguado.",So like the texture of the bacon is a little too soggy.,"In other words, the texture of the bacon tastes very watery.","In other words, the texture of the bacon tastes very watery.",/Users/nilakshanraveendran/Documents/research/outputs/synthesis/es-en/EN_012_7__ES_012_7_es-en.wav,1210940637,0.1,0.0,0.32382121682167053,0.5425310730934143,107.29040494934623,100.96695987865493,97.45973761958233,9.618532373684618,12.753747615099178,15.967257503349769,0.016949141398072243,0.10092059522867203,0.018328985199332237,3.65,4.31,4.06,2.73972602739726,2.552204176334107,2.9556650246305423,ok,,
EN_012_9__ES_012_9,15,true,en-es,/Users/nilakshanraveendran/Documents/research/data/raw/DRAL16kHz/fragments-short/EN_012_9.wav,/Users/nilakshanraveendran/Documents/research/data/raw/DRAL16kHz/fragments-short/ES_012_9.wav,I like eggs and bacon just separate.,"I like eggs and bacon, just separate.","Me gusta el tocino y el huevo, pero aparte.","Me gustan los huevos y el tocino, solo separados.",Me gustan los huevos y el tocino. Sólo separados.,/Users/nilakshanraveendran/Documents/research/outputs/synthesis/en-es/EN_012_9__ES_012_9_en-es.wav,196842242,0.0,0.1111111111111111,0.3873671293258667,0.4330889582633972,104.81502820103158,110.31487569625713,148.42598760260435,19.909942222798236,21.344995998779275,29.416729321645775,0.02707471325993538,0.08787929266691208,0.015460357069969177,2.41,3.99,2.62,2.904564315352697,2.255639097744361,3.4351145038167936,ok,,
EN_012_9__ES_012_9,15,true,es-en,/Users/nilakshanraveendran/Documents/research/data/raw/DRAL16kHz/fragments-short/ES_012_9.wav,/Users/nilakshanraveendran/Documents/research/data/raw/DRAL16kHz/fragments-short/EN_012_9.wav,"Me gusta el tocino y el huevo, pero aparte.","Me gusta el tocino y el huevo, pero aparte.",I like eggs and bacon just separate.,"I like bacon and egg, but aside.","I like bacon and egg, but aside.",/Users/nilakshanraveendran/Documents/research/outputs/synthesis/es-en/EN_012_9__ES_012_9_es-en.wav,1974520687,0.0,0.0,0.48752206563949585,0.4330889582633972,148.42598760260435,426.07705910719767,104.81502820103158,29.416729321645775,402.17385890317786,19.909942222798236,0.015460357069969177,0.08312737941741943,0.02707471325993538,2.62,3.339375,2.41,3.4351145038167936,2.0962006363466217,2.904564315352697,ok,,
EN_015_12__ES_015_12,15,true,en-es,/Users/nilakshanraveendran/Documents/research/data/raw/DRAL16kHz/fragments-short/EN_015_12.wav,/Users/nilakshanraveendran/Documents/research/data/raw/DRAL16kHz/fragments-short/ES_015_12.wav,and do you listen to that every day or on certain occasions?,And do you listen to that every day or on certain occasions?,¿Y la- esa la oyes todo el día o ciertas ocasiones?,¿Y escuchas eso todos los días o en ciertas ocasiones?,¿Y escuchas eso todos los días o en ciertas ocasiones?,/Users/nilakshanraveendran/Documents/research/outputs/synthesis/en-es/EN_015_12__ES_015_12_en-es.wav,1624651885,0.0,0.0,0.46052542328834534,0.5232446193695068,131.98317073546323,145.78435301302338,135.93863712849588,9.275183133209962,50.74575863685185,26.26502611934795,0.007444480899721384,0.09951487183570862,0.02322567254304886,4.33,4.6406875,3.25,2.771362586605081,2.154853133291134,3.3846153846153846,ok,,
EN_015_12__ES_015_12,15,true,es-en,/Users/nilakshanraveendran/Documents/research/data/raw/DRAL16kHz/fragments-short/ES_015_12.wav,/Users/nilakshanraveendran/Documents/research/data/raw/DRAL16kHz/fragments-short/EN_015_12.wav,¿Y la- esa la oyes todo el día o ciertas ocasiones?,Y la voy a hacer todo el día o ciertas ocasiones.,and do you listen to that every day or on certain occasions?,And I'm gonna do it all day or some occasions.,And I'm gonna do it all day or some occasions.,/Users/nilakshanraveendran/Documents/research/outputs/synthesis/es-en/EN_015_12__ES_015_12_es-en.wav,425514392,0.2727272727272727,0.0,0.46267035603523254,0.5232446193695068,135.93863712849588,477.6223821746559,131.98317073546323,26.26502611934795,409.87853736509965,9.275183133209962,0.02322567254304886,0.05056040734052658,0.007444480899721384,3.25,4.779375,4.33,3.3846153846153846,2.0923237871060545,2.771362586605081,ok,,
EN_015_14__ES_015_14,15,true,en-es,/Users/nilakshanraveendran/Documents/research/data/raw/DRAL16kHz/fragments-short/EN_015_14.wav,/Users/nilakshanraveendran/Documents/research/data/raw/DRAL16kHz/fragments-short/ES_015_14.wav,"I have to listen to things to a certain time, for example","I have to listen to things to a certain time, for example.","tengo cosas que oir cier- a cierto tiempo, por ejemplo","Tengo que escuchar las cosas en cierto momento, por ejemplo.","Tengo que escuchar las cosas en cierto momento, por ejemplo.",/Users/nilakshanraveendran/Documents/research/outputs/synthesis/en-es/EN_015_14__ES_015_14_en-es.wav,1089848524,0.0,0.0,0.5753370523452759,0.5098116993904114,128.0777096009579,108.63420711529405,132.46601285991667,18.306266189780157,32.768794383400916,13.745451172807806,0.008721566759049892,0.05170027166604996,0.012568514794111252,3.0,9.3766875,2.81,4.0,1.0664747012204472,3.5587188612099645,ok,,
EN_015_14__ES_015_14,15,true,es-en,/Users/nilakshanraveendran/Documents/research/data/raw/DRAL16kHz/fragments-short/ES_015_14.wav,/Users/nilakshanraveendran/Documents/research/data/raw/DRAL16kHz/fragments-short/EN_015_14.wav,"tengo cosas que oir cier- a cierto tiempo, por ejemplo","tengo cosas que voy a hacer a cierto tiempo, por ejemplo...","I have to listen to things to a certain time, for example","I have things I'm going to do at some point, for example...","I have things I'm going to do at some point, for example.",/Users/nilakshanraveendran/Documents/research/outputs/synthesis/es-en/EN_015_14__ES_015_14_es-en.wav,769713620,0.3,0.0,0.4361253082752228,0.5098116993904114,132.46601285991667,128.19525391202714,128.0777096009579,13.745451172807806,11.895006809680421,18.306266189780157,0.012568514794111252,0.087687648832798,0.008721566759049892,2.81,3.574,3.0,3.5587188612099645,3.3575825405707893,4.0,ok,,
EN_015_16__ES_015_16,15,true,en-es,/Users/nilakshanraveendran/Documents/research/data/raw/DRAL16kHz/fragments-short/EN_015_16.wav,/Users/nilakshanraveendran/Documents/research/data/raw/DRAL16kHz/fragments-short/ES_015_16.wav,Yeah and also like it's for a party or something,"Yeah, and also like it's for a power or something.","Y tipo, también para alguna fiesta, a-.","Sí, y también como si fuera por un poder o algo así.","Sí, y también como si fuera por un poder o algo así.",/Users/nilakshanraveendran/Documents/research/outputs/synthesis/en-es/EN_015_16__ES_015_16_en-es.wav,630707282,0.1,0.0,0.37215501070022583,0.4442291855812073,154.5345165415033,154.00887382555484,144.13436571358764,21.21495650526061,23.628001333247852,14.65278913214581,0.024539342150092125,0.08177898824214935,0.03707234561443329,2.26,4.4486875,2.09,4.424778761061948,2.697424802259093,3.349282296650718,ok,,
EN_015_16__ES_015_16,15,true,es-en,/Users/nilakshanraveendran/Documents/research/data/raw/DRAL16kHz/fragments-short/ES_015_16.wav,/Users/nilakshanraveendran/Documents/research/data/raw/DRAL16kHz/fragments-short/EN_015_16.wav,"Y tipo, también para alguna fiesta, a-.",y también para alguna fiesta de así.,Yeah and also like it's for a party or something,And also for a party like that.,and also for a party like that.,/Users/nilakshanraveendran/Documents/research/outputs/synthesis/es-en/EN_015_16__ES_015_16_es-en.wav,1452620472,0.42857142857142855,0.0,0.3892934024333954,0.4442291855812073,144.13436571358764,138.06220470854635,154.5345165415033,14.65278913214581,14.728877514484829,21.21495650526061,0.03707234561443329,0.07938225567340851,0.024539342150092125,2.09,2.55,2.26,3.349282296650718,2.7450980392156863,4.424778761061948,ok,,
EN_015_19__ES_015_19,15,true,en-es,/Users/nilakshanraveendran/Documents/research/data/raw/DRAL16kHz/fragments-short/EN_015_19.wav,/Users/nilakshanraveendran/Documents/research/data/raw/DRAL16kHz/fragments-short/ES_015_19.wav,They are icons of my 2000s.,They are Arkans of my 2000s.,Son iconos ahí de mis 2000.,Son Arkans de mis 2000s.,Son aracans de mis dos mils.,/Users/nilakshanraveendran/Documents/research/outputs/synthesis/en-es/EN_015_19__ES_015_19_en-es.wav,1012233747,0.16666666666666666,0.6,0.5631693601608276,0.5932595133781433,122.73125686122724,388.1670481188106,132.42493088652128,6.737876529956391,399.38676568885614,9.350015439393117,0.009667479433119297,0.05347208306193352,0.01275331899523735,2.41,4.0326875,2.61,2.4896265560165975,1.2398679540628923,2.298850574712644,ok,,
EN_015_19__ES_015_19,15,true,es-en,/Users/nilakshanraveendran/Documents/research/data/raw/DRAL16kHz/fragments-short/ES_015_19.wav,/Users/nilakshanraveendran/Documents/research/data/raw/DRAL16kHz/fragments-short/EN_015_19.wav,Son iconos ahí de mis 2000.,son iconos de mis dos miles,They are icons of my 2000s.,are icons of my two thousand,"Alright, icons of my 2000.",/Users/nilakshanraveendran/Documents/research/outputs/synthesis/es-en/EN_015_19__ES_015_19_es-en.wav,612071176,0.5,0.5,0.3616369962692261,0.5932595133781433,132.42493088652128,144.288471810779,122.73125686122724,9.350015439393117,14.964652366394857,6.737876529956391,0.01275331899523735,0.08208773285150528,0.009667479433119297,2.61,3.6166875,2.41,2.298850574712644,1.6589766187982788,2.4896265560165975,ok,,
EN_015_21__ES_015_21,15,true,en-es,/Users/nilakshanraveendran/Documents/research/data/raw/DRAL16kHz/fragments-short/EN_015_21.wav,/Users/nilakshanraveendran/Documents/research/data/raw/DRAL16kHz/fragments-short/ES_015_21.wav,yes I play the guitar,"Yes, I play the guitar.","Sí, toco la guitarra.","Sí, toco la guitarra.","Si, toco la guitarra.",/Users/nilakshanraveendran/Documents/research/outputs/synthesis/en-es/EN_015_21__ES_015_21_en-es.wav,467599398,0.0,0.25,0.3625754714012146,0.46208059787750244,157.6315193215688,186.37577317734565,155.2493934453393,25.649352300275307,27.486020946626333,37.794294553803894,0.014378541149199009,0.09949837625026703,0.031813573092222214,1.93,2.5926875,2.76,2.5906735751295336,1.542800665332787,1.4492753623188408,ok,,
EN_015_21__ES_015_21,15,true,es-en,/Users/nilakshanraveendran/Documents/research/data/raw/DRAL16kHz/fragments-short/ES_015_21.wav,/Users/nilakshanraveendran/Documents/research/data/raw/DRAL16kHz/fragments-short/EN_015_21.wav,"Sí, toco la guitarra.","Sí, toco la guitarra.",yes I play the guitar,"Yeah, I play guitar.",Yeah? I play guitar.,/Users/nilakshanraveendran/Documents/research/outputs/synthesis/es-en/EN_015_21__ES_015_21_es-en.wav,637599186,0.0,0.0,0.4099189341068268,0.46208059787750244,155.2493934453393,932.0115721200395,157.6315193215688,37.794294553803894,83.15974583546215,25.649352300275307,0.031813573092222214,0.10566754639148712,0.014378541149199009,2.76,2.87,1.93,1.4492753623188408,1.3937282229965156,2.5906735751295336,ok,,
EN_015_22__ES_015_22,15,true,en-es,/Users/nilakshanraveendran/Documents/research/data/raw/DRAL16kHz/fragments-short/EN_015_22.wav,/Users/nilakshanraveendran/Documents/research/data/raw/DRAL16kHz/fragments-short/ES_015_22.wav,We are waiting for the reunion.,We are waiting for the reunion.,Estamos esperando el reencuentro.,Estamos esperando la reunión.,Estamos esperando la reunión.,/Users/nilakshanraveendran/Documents/research/outputs/synthesis/en-es/EN_015_22__ES_015_22_en-es.wav,1652557246,0.0,0.0,0.5540453195571899,0.3981708288192749,136.77753245774358,132.02965318525725,134.9413741517707,13.123758868815335,15.932855446462314,13.363140164078574,0.014324144460260868,0.05527208000421524,0.02463025227189064,1.8,3.9366875,1.98,3.333333333333333,1.0160826837283883,2.0202020202020203,ok,,
EN_015_22__ES_015_22,15,true,es-en,/Users/nilakshanraveendran/Documents/research/data/raw/DRAL16kHz/fragments-short/ES_015_22.wav,/Users/nilakshanraveendran/Documents/research/data/raw/DRAL16kHz/fragments-short/EN_015_22.wav,Estamos esperando el reencuentro.,estamos esperando el reencuentro,We are waiting for the reunion.,We're waiting for the reunion.,We are waiting for the reunion.,/Users/nilakshanraveendran/Documents/research/outputs/synthesis/es-en/EN_015_22__ES_015_22_es-en.wav,1237622769,0.0,0.4,0.38228511810302734,0.3981708288192749,134.9413741517707,126.30031510729309,136.77753245774358,13.363140164078574,13.16742806568289,13.123758868815335,0.02463025227189064,0.09142041206359863,0.014324144460260868,1.98,2.038,1.8,2.0202020202020203,2.4533856722276743,3.333333333333333,ok,,
EN_015_24__ES_015_24,15,true,en-es,/Users/nilakshanraveendran/Documents/research/data/raw/DRAL16kHz/fragments-short/EN_015_24.wav,/Users/nilakshanraveendran/Documents/research/data/raw/DRAL16kHz/fragments-short/ES_015_24.wav,and I said well I will enter single lessons and no,"And I said well, I will enter single lessons and no.",dije no pues me voy a meter a clase de canto y no,"Y dije bien, voy a entrar en lecciones individuales y no.","Y dije bien, voy a entrar en lecciones individuales y no voy a...",/Users/nilakshanraveendran/Documents/research/outputs/synthesis/en-es/EN_015_24__ES_015_24_en-es.wav,982417849,0.0,0.18181818181818182,0.5424238443374634,0.44859054684638977,180.439118729556,156.6256095670992,176.3294928164396,26.79663563799467,57.29226652289259,41.9253793115645,0.01290622167289257,0.09308924525976181,0.020122326910495758,3.25,8.171375,2.28,3.3846153846153846,1.3461626715210109,5.701754385964913,ok,,
EN_015_24__ES_015_24,15,true,es-en,/Users/nilakshanraveendran/Documents/research/data/raw/DRAL16kHz/fragments-short/ES_015_24.wav,/Users/nilakshanraveendran/Documents/research/data/raw/DRAL16kHz/fragments-short/EN_015_24.wav,dije no pues me voy a meter a clase de canto y no,"Dejé, no, pues momento, ya que la sé canto. Ahí no.",and I said well I will enter single lessons and no,"I left, no, no, no, no, no, no, no, no, no, no, no, no, no, no, no, no, no, no, no, no, no, no, no, no, no, no, no, no, no, no, no, no, no, no, no, no, no, no, no, no, no, no, no, no, no, no, no, no, no, no, no, no, no, no, no, no, no, no, no, no, no, no, no, no, no, no, no, no, no, no, no, no, no, no, no, no, no, no, no, no, no.","and that's, no. no. no. no. no. no. no. no. no. no. no. nonono",/Users/nilakshanraveendran/Documents/research/outputs/synthesis/es-en/EN_015_24__ES_015_24_es-en.wav,1708552463,0.6923076923076923,0.8674698795180723,0.3150010406970978,0.44859054684638977,176.3294928164396,158.56507908014032,180.439118729556,41.9253793115645,41.661090326898794,26.79663563799467,0.020122326910495758,0.08395332098007202,0.01290622167289257,2.28,7.051375,3.25,5.701754385964913,11.77075393097091,3.3846153846153846,ok,,
EN_015_25__ES_015_25,15,true,en-es,/Users/nilakshanraveendran/Documents/research/data/raw/DRAL16kHz/fragments-short/EN_015_25.wav,/Users/nilakshanraveendran/Documents/research/data/raw/DRAL16kHz/fragments-short/ES_015_25.wav,and I see that I had an error so my addition was wrong,and I see that I had an error so my decision was wrong.,"Y yo vi que tenía un error yo, de que alguna suma estaba mal.",y veo que tuve un error así que mi decisión fue equivocada.,y veo que tuve un error así que mi decisión fue equivocada.,/Users/nilakshanraveendran/Documents/research/outputs/synthesis/en-es/EN_015_25__ES_015_25_en-es.wav,855553744,0.07692307692307693,0.0,0.6401627063751221,0.5892811417579651,151.28502514758569,130.2777517729997,149.13066583994956,45.63058297549301,23.28824057067614,11.932228453594862,0.015421169809997082,0.09323874861001968,0.02880716882646084,3.01,3.574,3.54,4.318936877076412,3.3575825405707893,3.9548022598870056,ok,,
EN_015_25__ES_015_25,15,true,es-en,/Users/nilakshanraveendran/Documents/research/data/raw/DRAL16kHz/fragments-short/ES_015_25.wav,/Users/nilakshanraveendran/Documents/research/data/raw/DRAL16kHz/fragments-short/EN_015_25.wav,"Y yo vi que tenía un error yo, de que alguna suma estaba mal.",y yo vi que tiene un error yo de que alguna suma estaba mal.,and I see that I had an error so my addition was wrong,And I saw that I had a mistake that some sum was wrong.,And I saw that had a mistake that some sum was wrong.,/Users/nilakshanraveendran/Documents/research/outputs/synthesis/es-en/EN_015_25__ES_015_25_es-en.wav,548074322,0.07142857142857142,0.07692307692307693,0.4656286835670471,0.5892811417579651,149.13066583994956,144.04120190678373,151.28502514758569,11.932228453594862,19.14450630880424,45.63058297549301,0.02880716882646084,0.09407047182321548,0.015421169809997082,3.54,3.382,3.01,3.9548022598870056,3.84387936132466,4.318936877076412,ok,,
EN_015_27__ES_015_27,15,true,en-es,/Users/nilakshanraveendran/Documents/research/data/raw/DRAL16kHz/fragments-short/EN_015_27.wav,/Users/nilakshanraveendran/Documents/research/data/raw/DRAL16kHz/fragments-short/ES_015_27.wav,"and I bring a code, I don't know what it was","And I bring a code, I don't know where it was.","Y trae un código, no me acuerdo cuál era.","Y traigo un código, no sé dónde estaba.","Y traigo un código, no sé dónde estaba.",/Users/nilakshanraveendran/Documents/research/outputs/synthesis/en-es/EN_015_27__ES_015_27_en-es.wav,122766879,0.09090909090909091,0.0,0.45562195777893066,0.4971836805343628,180.16619804440282,133.37310216409895,167.7297055747645,32.014305631180044,77.57161490603086,27.50812139521431,0.013691726140677929,0.04598529636859894,0.026776736602187157,1.81,6.4966875,1.63,6.077348066298343,1.2313967695075374,5.521472392638037,ok,,
EN_015_27__ES_015_27,15,true,es-en,/Users/nilakshanraveendran/Documents/research/data/raw/DRAL16kHz/fragments-short/ES_015_27.wav,/Users/nilakshanraveendran/Documents/research/data/raw/DRAL16kHz/fragments-short/EN_015_27.wav,"Y trae un código, no me acuerdo cuál era.","y trae un código, no me coloco cual era","and I bring a code, I don't know what it was","and bring a code, I don't put on what it was.",and bring a color I don't put on when it was.,/Users/nilakshanraveendran/Documents/research/outputs/synthesis/es-en/EN_015_27__ES_015_27_es-en.wav,921682021,0.2222222222222222,0.18181818181818182,0.3949514925479889,0.4971836805343628,167.7297055747645,165.61616716401429,180.16619804440282,27.50812139521431,38.92028252491831,32.014305631180044,0.026776736602187157,0.11984756588935852,0.013691726140677929,1.63,2.6886875,1.81,5.521472392638037,4.091215509426068,6.077348066298343,ok,,
EN_015_29__ES_015_29,15,true,en-es,/Users/nilakshanraveendran/Documents/research/data/raw/DRAL16kHz/fragments-short/EN_015_29.wav,/Users/nilakshanraveendran/Documents/research/data/raw/DRAL16kHz/fragments-short/ES_015_29.wav,It's a [unintellitible] or something.,I still found gold or something.,"No, pues sí, era una tarea que no sabía.",Todavía encontré oro o algo así.,todavía encontré oro o algo así,/Users/nilakshanraveendran/Documents/research/outputs/synthesis/en-es/EN_015_29__ES_015_29_en-es.wav,183929875,0.8,0.0,0.37996166944503784,0.3846847414970398,195.8356007563994,167.5090783972996,196.51550955038587,72.33370089461351,26.322657688997868,29.62892087691425,0.009851306676864624,0.11800966411828995,0.02474415861070156,1.25,2.7846875,1.86,4.0,2.154640332173718,4.838709677419355,ok,,
EN_015_29__ES_015_29,15,true,es-en,/Users/nilakshanraveendran/Documents/research/data/raw/DRAL16kHz/fragments-short/ES_015_29.wav,/Users/nilakshanraveendran/Documents/research/data/raw/DRAL16kHz/fragments-short/EN_015_29.wav,"No, pues sí, era una tarea que no sabía.","No, pues sí, era una tarea que no se veía.",It's a [unintellitible] or something.,"No, well, it was a task you didn't see.","No, well, I was a task you didn't see.",/Users/nilakshanraveendran/Documents/research/outputs/synthesis/es-en/EN_015_29__ES_015_29_es-en.wav,1425245924,0.2222222222222222,0.1111111111111111,0.4904526174068451,0.3846847414970398,196.51550955038587,207.76780654247045,195.8356007563994,29.62892087691425,29.665167586785085,72.33370089461351,0.02474415861070156,0.09017308801412582,0.009851306676864624,1.86,2.827375,1.25,4.838709677419355,3.183164596135992,4.0,ok,,
EN_015_2__ES_015_2,15,true,en-es,/Users/nilakshanraveendran/Documents/research/data/raw/DRAL16kHz/fragments-short/EN_015_2.wav,/Users/nilakshanraveendran/Documents/research/data/raw/DRAL16kHz/fragments-short/ES_015_2.wav,I don't have a Playstation and an Xbox but I do have the Switch,I don't have a Playstation and Xbox but I do have the Switch.,No tengo Playstation ni Xbox pero o sea tipo tengo el Switch,"No tengo una Playstation y Xbox, pero tengo el Switch.","No tengo una Playstation eXbox, pero tengo el Switch.",/Users/nilakshanraveendran/Documents/research/outputs/synthesis/en-es/EN_015_2__ES_015_2_en-es.wav,789622174,0.07142857142857142,0.2,0.5399088263511658,0.5622797608375549,123.77567690074132,112.18294795820229,138.83943992860347,19.715552480191196,25.031133803738307,14.167316391604597,0.011144894175231457,0.08030550926923752,0.011833730153739452,4.42,4.1286875,3.74,3.167420814479638,2.4220772339877987,3.2085561497326203,ok,,
EN_015_2__ES_015_2,15,true,es-en,/Users/nilakshanraveendran/Documents/research/data/raw/DRAL16kHz/fragments-short/ES_015_2.wav,/Users/nilakshanraveendran/Documents/research/data/raw/DRAL16kHz/fragments-short/EN_015_2.wav,No tengo Playstation ni Xbox pero o sea tipo tengo el Switch,"No tengo PlayStation ni Xbox, pero el tipo tengo el Switch.",I don't have a Playstation and an Xbox but I do have the Switch,"I don't have PlayStation or Xbox, but the guy's got the Switch.","I don't have PlayStation or Xbox, but the guy's got the switch.",/Users/nilakshanraveendran/Documents/research/outputs/synthesis/es-en/EN_015_2__ES_015_2_es-en.wav,2058453747,0.16666666666666666,0.0,0.4560089111328125,0.5622797608375549,138.83943992860347,157.269306941169,123.77567690074132,14.167316391604597,27.5823618542852,19.715552480191196,0.011833730153739452,0.09694599360227585,0.011144894175231457,3.74,5.707375,4.42,3.2085561497326203,2.1025427626535844,3.167420814479638,ok,,
EN_015_30__ES_015_30,15,true,en-es,/Users/nilakshanraveendran/Documents/research/data/raw/DRAL16kHz/fragments-short/EN_015_30.wav,/Users/nilakshanraveendran/Documents/research/data/raw/DRAL16kHz/fragments-short/ES_015_30.wav,"She almost told me, like, do it again!",and share almost all my like. Do it again!,"Casi, mijo. Hazlo otra vez.",y compartir casi todos mis gustos. ¡Hazlo otra vez!,y compartir casi todos mis gustos. Hazlo otra vez.,/Users/nilakshanraveendran/Documents/research/outputs/synthesis/en-es/EN_015_30__ES_015_30_en-es.wav,1211025916,0.5,0.0,0.4878438711166382,0.2876853346824646,159.35070336908197,151.8274655646522,206.99744202526034,30.971825682176068,52.3009696940984,18.224599254643714,0.022958796471357346,0.08435908704996109,0.08370551466941833,1.68,6.348,1.16,4.761904761904762,1.4177693761814745,4.310344827586207,ok,,
EN_015_30__ES_015_30,15,true,es-en,/Users/nilakshanraveendran/Documents/research/data/raw/DRAL16kHz/fragments-short/ES_015_30.wav,/Users/nilakshanraveendran/Documents/research/data/raw/DRAL16kHz/fragments-short/EN_015_30.wav,"Casi, mijo. Hazlo otra vez.","Casi mi hijo, hazlo otra vez.","She almost told me, like, do it again!","Almost my son, do it again.",Almost my son do it again.,/Users/nilakshanraveendran/Documents/research/outputs/synthesis/es-en/EN_015_30__ES_015_30_es-en.wav,115879231,0.4,0.0,0.4314768314361572,0.2876853346824646,206.99744202526034,211.06050320255977,159.35070336908197,18.224599254643714,47.17254237917474,30.971825682176068,0.08370551466941833,0.1042778491973877,0.022958796471357346,1.16,2.411375,1.68,4.310344827586207,2.4882069358768337,4.761904761904762,ok,,
EN_015_34__ES_015_34,15,true,en-es,/Users/nilakshanraveendran/Documents/research/data/raw/DRAL16kHz/fragments-short/EN_015_34.wav,/Users/nilakshanraveendran/Documents/research/data/raw/DRAL16kHz/fragments-short/ES_015_34.wav,"Yeah, or when I write a conclusion I get inspired more like talking.","Yeah, or when I write a conclusion I get inspired more like talking.","Sí, o cuando así escribo una- una conclusión, como que me inspiro más este hablando.","Sí, o cuando escribo una conclusión me inspiro más como hablar.","Sí, o cuando escribo una conclusión me inspiro más como hablar.",/Users/nilakshanraveendran/Documents/research/outputs/synthesis/en-es/EN_015_34__ES_015_34_en-es.wav,231163499,0.0,0.0,0.5551350116729736,0.49347513914108276,131.57737860608955,135.70857046123996,168.62750481926005,8.998945307747029,22.6325490120831,28.025888372138468,0.01582852005958557,0.09205891191959381,0.026352696120738983,3.86,4.171375,4.5,3.3678756476683938,2.6370201672110514,3.3333333333333335,ok,,
EN_015_34__ES_015_34,15,true,es-en,/Users/nilakshanraveendran/Documents/research/data/raw/DRAL16kHz/fragments-short/ES_015_34.wav,/Users/nilakshanraveendran/Documents/research/data/raw/DRAL16kHz/fragments-short/EN_015_34.wav,"Sí, o cuando así escribo una- una conclusión, como que me inspiro más este hablando.","o cuando así escribo una conclusión, me inspiró más hablando.","Yeah, or when I write a conclusion I get inspired more like talking.","Or when I write a conclusion, it inspired me more by speaking.",or am I right a conclusion and inspired me more by speaking? What? What for? Why?,/Users/nilakshanraveendran/Documents/research/outputs/synthesis/es-en/EN_015_34__ES_015_34_es-en.wav,1462025047,0.4,0.5833333333333334,0.3502058982849121,0.49347513914108276,168.62750481926005,188.7119097506998,131.57737860608955,28.025888372138468,66.35613917559334,8.998945307747029,0.026352696120738983,0.08626637607812881,0.01582852005958557,4.5,5.3766875,3.86,3.3333333333333335,2.231857440106013,3.3678756476683938,ok,,
EN_015_36__ES_015_36,15,true,en-es,/Users/nilakshanraveendran/Documents/research/data/raw/DRAL16kHz/fragments-short/EN_015_36.wav,/Users/nilakshanraveendran/Documents/research/data/raw/DRAL16kHz/fragments-short/ES_015_36.wav,"Yeah, I think, we had to do like a writing assignment or something, and I think he put that for like not stressing us","We had to do a variant assignment, and I think he put that for not stressing us.",Teníamos que hacer una tarea como de escrita o de ensayo y creo que puso eso para no estresarse- no estresarnos de más.,"Tuvimos que hacer una asignación variante, y creo que lo puso por no estresarnos.",tuvimos que hacer una asignación variante y creo que lo puso por no estresarnos.,/Users/nilakshanraveendran/Documents/research/outputs/synthesis/en-es/EN_015_36__ES_015_36_en-es.wav,16865784,0.3333333333333333,0.0,0.6232558488845825,0.5532619953155518,141.2249651801733,510.5107020593796,146.08260939405378,26.799494692124117,419.15321730477075,31.446739997463037,0.008486233651638031,0.05530772730708122,0.013922433368861675,6.25,11.1366875,6.61,3.84,1.25710629843928,3.479576399394856,ok,,
EN_015_36__ES_015_36,15,true,es-en,/Users/nilakshanraveendran/Documents/research/data/raw/DRAL16kHz/fragments-short/ES_015_36.wav,/Users/nilakshanraveendran/Documents/research/data/raw/DRAL16kHz/fragments-short/EN_015_36.wav,Teníamos que hacer una tarea como de escrita o de ensayo y creo que puso eso para no estresarse- no estresarnos de más.,"teníamos que hacer una tarea como descrita o ensayo y creo que puso eso para no estresarse, no estresarnos de más.","Yeah, I think, we had to do like a writing assignment or something, and I think he put that for like not stressing us","We had to do a task as described or essay and I think he put that in order not to stress, not to overstress.","We had to do a task as described or essay, and I think he put that in order not to stress, not to overstress.",/Users/nilakshanraveendran/Documents/research/outputs/synthesis/es-en/EN_015_36__ES_015_36_es-en.wav,136995663,0.13043478260869565,0.0,0.422363817691803,0.5532619953155518,146.08260939405378,158.64290836542372,141.2249651801733,31.446739997463037,31.160478678208307,26.799494692124117,0.013922433368861675,0.09194333106279373,0.008486233651638031,6.61,6.955375,6.25,3.479576399394856,3.4505688047014,3.84,ok,,
EN_015_5__ES_015_5,15,true,en-es,/Users/nilakshanraveendran/Documents/research/data/raw/DRAL16kHz/fragments-short/EN_015_5.wav,/Users/nilakshanraveendran/Documents/research/data/raw/DRAL16kHz/fragments-short/ES_015_5.wav,"Yeah, I've been playing online, but...","We haven't played online, but...","O sea, sí he jugado en línea, pero...","No hemos jugado online, pero...",No hemos jugado online pero...,/Users/nilakshanraveendran/Documents/research/outputs/synthesis/en-es/EN_015_5__ES_015_5_en-es.wav,410995485,0.6666666666666666,0.0,0.3866020441055298,0.2085198611021042,182.52930757581328,166.0512760491078,200.91546476835256,8.320671765808084,36.034606380775585,44.28328744457585,0.026414042338728905,0.09383096545934677,0.04038049653172493,1.33,3.6166875,1.55,4.511278195488722,1.3824805156652324,5.161290322580645,ok,,
EN_015_5__ES_015_5,15,true,es-en,/Users/nilakshanraveendran/Documents/research/data/raw/DRAL16kHz/fragments-short/ES_015_5.wav,/Users/nilakshanraveendran/Documents/research/data/raw/DRAL16kHz/fragments-short/EN_015_5.wav,"O sea, sí he jugado en línea, pero...","O sea, si es jugador en línea, pero...","Yeah, I've been playing online, but...","I mean, if he's an online player, but...","I mean, if he's an online player, but...",/Users/nilakshanraveendran/Documents/research/outputs/synthesis/es-en/EN_015_5__ES_015_5_es-en.wav,1946433035,0.375,0.0,0.40270888805389404,0.2085198611021042,200.91546476835256,197.99041586316463,182.52930757581328,44.28328744457585,38.542351115412934,8.320671765808084,0.04038049653172493,0.09543448686599731,0.026414042338728905,1.55,3.99,1.33,5.161290322580645,2.0050125313283207,4.511278195488722,ok,,
EN_015_6__ES_015_6,15,true,en-es,/Users/nilakshanraveendran/Documents/research/data/raw/DRAL16kHz/fragments-short/EN_015_6.wav,/Users/nilakshanraveendran/Documents/research/data/raw/DRAL16kHz/fragments-short/ES_015_6.wav,"For me, I think it's a lot of noise.","For me, I think it's a lot of noise.",A mí se me hacía que es mucho ruido,"Para mí, creo que es mucho ruido.",para mí creo que es mucho ruido,/Users/nilakshanraveendran/Documents/research/outputs/synthesis/en-es/EN_015_6__ES_015_6_en-es.wav,1911519913,0.0,0.0,0.49878421425819397,0.38826727867126465,159.9108945459236,159.807126022134,184.08357571275909,9.366356241134184,19.878335811638852,29.312875116364065,0.014405395835638046,0.08963881433010101,0.02461952343583107,1.91,2.219375,1.68,4.712041884816754,3.1540411151788232,5.357142857142858,ok,,
EN_015_6__ES_015_6,15,true,es-en,/Users/nilakshanraveendran/Documents/research/data/raw/DRAL16kHz/fragments-short/ES_015_6.wav,/Users/nilakshanraveendran/Documents/research/data/raw/DRAL16kHz/fragments-short/EN_015_6.wav,A mí se me hacía que es mucho ruido,A mi se me hacía que es mucho ruido,"For me, I think it's a lot of noise.",It made me a lot of noise.,It made me a lot of noise.,/Users/nilakshanraveendran/Documents/research/outputs/synthesis/es-en/EN_015_6__ES_015_6_es-en.wav,1916983498,0.1111111111111111,0.0,0.3915356397628784,0.38826727867126465,184.08357571275909,183.7042653810256,159.9108945459236,29.312875116364065,39.7030669214715,9.366356241134184,0.02461952343583107,0.10733025521039963,0.014405395835638046,1.68,2.219375,1.91,5.357142857142858,3.1540411151788232,4.712041884816754,ok,,
EN_015_7__ES_015_7,15,true,en-es,/Users/nilakshanraveendran/Documents/research/data/raw/DRAL16kHz/fragments-short/EN_015_7.wav,/Users/nilakshanraveendran/Documents/research/data/raw/DRAL16kHz/fragments-short/ES_015_7.wav,and also the headphones were noise cancelling,and also the headphones where all noise cancels in.,Y aparte los audífonos siento que eran de- cancelan el sonido.,y también los auriculares donde todo el ruido se cancela.,y también los auriculares donde todo el ruido se cancela.,/Users/nilakshanraveendran/Documents/research/outputs/synthesis/en-es/EN_015_7__ES_015_7_en-es.wav,1731089334,0.5714285714285714,0.0,0.5815737247467041,0.5223618745803833,157.15207795704933,165.0729040491262,144.6196655275781,40.49583935287777,37.28689888744372,14.272510501310833,0.01052542682737112,0.12365540862083435,0.02031918615102768,2.71,4.587375,3.44,2.5830258302583027,2.1798959099702993,3.197674418604651,ok,,
EN_015_7__ES_015_7,15,true,es-en,/Users/nilakshanraveendran/Documents/research/data/raw/DRAL16kHz/fragments-short/ES_015_7.wav,/Users/nilakshanraveendran/Documents/research/data/raw/DRAL16kHz/fragments-short/EN_015_7.wav,Y aparte los audífonos siento que eran de- cancelan el sonido.,y aparte los audífonos siento que cancelan el sonido,and also the headphones were noise cancelling,"And aside the hearing aids, I feel like they cancel the sound.","And aside the hearing aids, I feel like they cancel the sound.",/Users/nilakshanraveendran/Documents/research/outputs/synthesis/es-en/EN_015_7__ES_015_7_es-en.wav,1217911491,0.18181818181818182,0.0,0.32410120964050293,0.5223618745803833,144.6196655275781,141.24132622962685,157.15207795704933,14.272510501310833,15.182008772731583,40.49583935287777,0.02031918615102768,0.09391295909881592,0.01052542682737112,3.44,3.851375,2.71,3.197674418604651,3.1157703417610594,2.5830258302583027,ok,,
EN_015_8__ES_015_8,15,true,en-es,/Users/nilakshanraveendran/Documents/research/data/raw/DRAL16kHz/fragments-short/EN_015_8.wav,/Users/nilakshanraveendran/Documents/research/data/raw/DRAL16kHz/fragments-short/ES_015_8.wav,"yes, so, no, no.","Yeah, so, no.","Sí entonces, pues no.","Sí, así que, no.",Sí? Así que... No.,/Users/nilakshanraveendran/Documents/research/outputs/synthesis/en-es/EN_015_8__ES_015_8_en-es.wav,1909083904,0.5,0.0,0.3354226350784302,0.6103734970092773,123.17592238647745,924.063914766111,128.54779568458,7.3450520083891915,109.84199613811555,9.793345200865167,0.013081561774015427,0.038437794893980026,0.01089699100703001,1.92,6.219375,1.85,2.0833333333333335,0.643151442066124,2.162162162162162,ok,,
EN_015_8__ES_015_8,15,true,es-en,/Users/nilakshanraveendran/Documents/research/data/raw/DRAL16kHz/fragments-short/ES_015_8.wav,/Users/nilakshanraveendran/Documents/research/data/raw/DRAL16kHz/fragments-short/EN_015_8.wav,"Sí entonces, pues no.",entonces pues no,"yes, so, no, no.",then no,Then no.,/Users/nilakshanraveendran/Documents/research/outputs/synthesis/es-en/EN_015_8__ES_015_8_es-en.wav,72959297,0.25,0.0,0.3878636658191681,0.6103734970092773,128.54779568458,127.37073931979602,123.17592238647745,9.793345200865167,10.482843514949382,7.3450520083891915,0.01089699100703001,0.08217993378639221,0.013081561774015427,1.85,1.387375,1.92,2.162162162162162,1.4415713127308767,2.0833333333333335,ok,,
EN_015_9__ES_015_9,15,true,en-es,/Users/nilakshanraveendran/Documents/research/data/raw/DRAL16kHz/fragments-short/EN_015_9.wav,/Users/nilakshanraveendran/Documents/research/data/raw/DRAL16kHz/fragments-short/ES_015_9.wav,"But, um, uh, what music do you listen to?",But what music do you listen to?,Pero y qu- ¿Qué música oyes tú?,"Pero, ¿qué música escuchas?",Pero... ¿Qué música escuchas?,/Users/nilakshanraveendran/Documents/research/outputs/synthesis/en-es/EN_015_9__ES_015_9_en-es.wav,2022558690,0.2222222222222222,0.0,0.3363175392150879,0.3974515497684479,168.0622009659638,207.0481097664298,194.65751021319295,30.816025173394255,54.80751003739371,26.915192118497398,0.018015945330262184,0.1105593889951706,0.030037786811590195,1.91,3.5206875,1.78,4.712041884816754,1.1361417336812767,3.932584269662921,ok,,
EN_015_9__ES_015_9,15,true,es-en,/Users/nilakshanraveendran/Documents/research/data/raw/DRAL16kHz/fragments-short/ES_015_9.wav,/Users/nilakshanraveendran/Documents/research/data/raw/DRAL16kHz/fragments-short/EN_015_9.wav,Pero y qu- ¿Qué música oyes tú?,"Pero, ¿qué música hoy es tú?","But, um, uh, what music do you listen to?",But what music is you today?,"But, what music is you today?",/Users/nilakshanraveendran/Documents/research/outputs/synthesis/es-en/EN_015_9__ES_015_9_es-en.wav,702822546,0.5714285714285714,0.0,0.48301932215690613,0.3974515497684479,194.65751021319295,210.320339435585,168.0622009659638,26.915192118497398,30.287173791448375,30.816025173394255,0.030037786811590195,0.0786149874329567,0.018015945330262184,1.78,3.339375,1.91,3.932584269662921,1.7967434025828186,4.712041884816754,ok,,
EN_018_10__ES_018_10,18,true,en-es,/Users/nilakshanraveendran/Documents/research/data/raw/DRAL16kHz/fragments-short/EN_018_10.wav,/Users/nilakshanraveendran/Documents/research/data/raw/DRAL16kHz/fragments-short/ES_018_10.wav,Do you think that's a good advice?,Do you think that's a good advice?,¿Piensas como que es un buen consejo?,¿Crees que es un buen consejo?,¿Crees que es un buen consejo?,/Users/nilakshanraveendran/Documents/research/outputs/synthesis/en-es/EN_018_10__ES_018_10_en-es.wav,1560998367,0.0,0.0,0.3059333562850952,0.34400665760040283,224.58098982260404,248.40054616666856,274.29471256511346,27.289583266443138,39.77632599321877,44.46818282305154,0.006743930745869875,0.10165675729513168,0.007990117184817791,1.64,2.0806875,1.92,4.2682926829268295,2.883662251058845,3.6458333333333335,ok,,
EN_018_10__ES_018_10,18,true,es-en,/Users/nilakshanraveendran/Documents/research/data/raw/DRAL16kHz/fragments-short/ES_018_10.wav,/Users/nilakshanraveendran/Documents/research/data/raw/DRAL16kHz/fragments-short/EN_018_10.wav,¿Piensas como que es un buen consejo?,¿Pienses como que es un buen consejo?,Do you think that's a good advice?,You think that's good advice?,You think that's good advice.,/Users/nilakshanraveendran/Documents/research/outputs/synthesis/es-en/EN_018_10__ES_018_10_es-en.wav,2094721589,0.14285714285714285,0.0,0.22290267050266266,0.34400665760040283,274.29471256511346,263.3329821804556,224.58098982260404,44.46818282305154,37.218341506764446,27.289583266443138,0.007990117184817791,0.10580753535032272,0.006743930745869875,1.92,1.942,1.64,3.6458333333333335,2.5746652935118437,4.2682926829268295,ok,,
EN_018_11__ES_018_11,22,true,en-es,/Users/nilakshanraveendran/Documents/research/data/raw/DRAL16kHz/fragments-short/EN_018_11.wav,/Users/nilakshanraveendran/Documents/research/data/raw/DRAL16kHz/fragments-short/ES_018_11.wav,You wouldn't have to wait till a test to know how you're doing.,you wouldn't have to wait till a test to know how you're doing,Así no tendrías que esperar hasta una prueba para saber cómo te va.,No tendrías que esperar a una prueba para saber cómo estás.,No tendrías que esperar a una prueba para saber cómo estás.,/Users/nilakshanraveendran/Documents/research/outputs/synthesis/en-es/EN_018_11__ES_018_11_en-es.wav,1015076430,0.0,0.0,0.5160597562789917,0.6121174097061157,140.27744216986696,130.19886565576303,142.7749058797527,16.30560961399481,31.73286561607518,17.58819720008358,0.01028616912662983,0.10574671626091003,0.00637784693390131,3.04,4.4486875,4.29,4.276315789473684,2.4726394020708353,3.0303030303030303,ok,,
EN_018_11__ES_018_11,22,true,es-en,/Users/nilakshanraveendran/Documents/research/data/raw/DRAL16kHz/fragments-short/ES_018_11.wav,/Users/nilakshanraveendran/Documents/research/data/raw/DRAL16kHz/fragments-short/EN_018_11.wav,Así no tendrías que esperar hasta una prueba para saber cómo te va.,así no tendrías que esperar hasta una prueba para saber cómo te va,You wouldn't have to wait till a test to know how you're doing.,So you wouldn't have to wait until a test to find out how you're doing.,so you wouldn't have to wait until a test to find out how you're doing.,/Users/nilakshanraveendran/Documents/research/outputs/synthesis/es-en/EN_018_11__ES_018_11_es-en.wav,300478939,0.0,0.0,0.32416969537734985,0.6121174097061157,142.7749058797527,111.46669644638295,140.27744216986696,17.58819720008358,17.380868585673035,16.30560961399481,0.00637784693390131,0.12067461013793945,0.01028616912662983,4.29,4.4486875,3.04,3.0303030303030303,3.3717810028238664,4.276315789473684,ok,,
EN_018_12__ES_018_12,18,true,en-es,/Users/nilakshanraveendran/Documents/research/data/raw/DRAL16kHz/fragments-short/EN_018_12.wav,/Users/nilakshanraveendran/Documents/research/data/raw/DRAL16kHz/fragments-short/ES_018_12.wav,"what have been like, some challenges for you in this career.",what have been like some challenges for you in this career.,¿Cuáles han sido como algunos retos en tu carrera?,lo que han sido como algunos desafíos para ti en esta carrera.,lo que han sido como algunos desafíos para ti en esta carrera.,/Users/nilakshanraveendran/Documents/research/outputs/synthesis/en-es/EN_018_12__ES_018_12_en-es.wav,475986316,0.0,0.0,0.6197826862335205,0.6346011161804199,215.1425571557338,413.96441360003206,243.48452854564806,11.71232912151132,341.2820481427165,26.092958085300467,0.005531994625926018,0.06970411539077759,0.007878621108829975,3.8,6.955375,3.48,2.8947368421052633,1.7252844023507,2.586206896551724,ok,,
EN_018_12__ES_018_12,18,true,es-en,/Users/nilakshanraveendran/Documents/research/data/raw/DRAL16kHz/fragments-short/ES_018_12.wav,/Users/nilakshanraveendran/Documents/research/data/raw/DRAL16kHz/fragments-short/EN_018_12.wav,¿Cuáles han sido como algunos retos en tu carrera?,¿Cuáles han sido como algunos retos en tu carrera?,"what have been like, some challenges for you in this career.",What have been like some challenges in your career?,What have been like some challenges in your career?,/Users/nilakshanraveendran/Documents/research/outputs/synthesis/es-en/EN_018_12__ES_018_12_es-en.wav,1970448428,0.0,0.0,0.33078283071517944,0.6346011161804199,243.48452854564806,237.93350507092816,215.1425571557338,26.092958085300467,29.699928572852247,11.71232912151132,0.007878621108829975,0.10643169283866882,0.005531994625926018,3.48,2.7846875,3.8,2.586206896551724,3.2319604982605767,2.8947368421052633,ok,,
EN_018_13__ES_018_13,18,true,en-es,/Users/nilakshanraveendran/Documents/research/data/raw/DRAL16kHz/fragments-short/EN_018_13.wav,/Users/nilakshanraveendran/Documents/research/data/raw/DRAL16kHz/fragments-short/ES_018_13.wav,"to make friends in CS, like especially in your classes.","to make friends in CS, like especially in your classes.","Para hacer amigos en CS, especialmente en tus clases.","para hacer amigos en CS, como especialmente en tus clases.","para hacer amigos en CES, como especialmente en tus clases.",/Users/nilakshanraveendran/Documents/research/outputs/synthesis/en-es/EN_018_13__ES_018_13_en-es.wav,568673019,0.0,0.1,0.6112302541732788,0.7476831674575806,232.32551798130265,233.43806832034207,244.39751346505682,28.93814575922057,30.22274122503123,33.41364195921686,0.008164733648300171,0.09955798089504242,0.00893546361476183,3.21,5.014,2.89,3.115264797507788,1.9944156362185879,3.1141868512110724,ok,,
EN_018_13__ES_018_13,18,true,es-en,/Users/nilakshanraveendran/Documents/research/data/raw/DRAL16kHz/fragments-short/ES_018_13.wav,/Users/nilakshanraveendran/Documents/research/data/raw/DRAL16kHz/fragments-short/EN_018_13.wav,"Para hacer amigos en CS, especialmente en tus clases.","para hacer amigos sencillos, especialmente en tus clases.","to make friends in CS, like especially in your classes.","to make simple friends, especially in your classes.","to make simple friends, especially in your classes.",/Users/nilakshanraveendran/Documents/research/outputs/synthesis/es-en/EN_018_13__ES_018_13_es-en.wav,932388968,0.2222222222222222,0.0,0.30722424387931824,0.7476831674575806,244.39751346505682,251.51295059955365,232.32551798130265,33.41364195921686,37.6405757610791,28.93814575922057,0.00893546361476183,0.09425531327724457,0.008164733648300171,2.89,3.5206875,3.21,3.1141868512110724,2.2722834673625534,3.115264797507788,ok,,
EN_018_14__ES_018_14,18,true,en-es,/Users/nilakshanraveendran/Documents/research/data/raw/DRAL16kHz/fragments-short/EN_018_14.wav,/Users/nilakshanraveendran/Documents/research/data/raw/DRAL16kHz/fragments-short/ES_018_14.wav,but also like you get to know other CS students from different levels.,but also like you get to know other CS students from different levels.,"Pero también ah, puedes conocer otros estudiantes de CS en otros niveles.",pero también como usted llega a conocer a otros estudiantes de CS de diferentes niveles.,pero también como usted llega a conocer a otros estudiantes de series de diferentes niveles.,/Users/nilakshanraveendran/Documents/research/outputs/synthesis/en-es/EN_018_14__ES_018_14_en-es.wav,531140771,0.0,0.06666666666666667,0.6064342260360718,0.7916675806045532,230.82323873668878,235.95580948186753,232.72651126959013,29.32951280427695,45.34007544471742,27.893728872657146,0.015330424532294273,0.10912781953811646,0.007591598201543093,3.61,6.9126875,4.42,3.6011080332409975,2.1699230581448967,2.7149321266968327,ok,,
EN_018_14__ES_018_14,18,true,es-en,/Users/nilakshanraveendran/Documents/research/data/raw/DRAL16kHz/fragments-short/ES_018_14.wav,/Users/nilakshanraveendran/Documents/research/data/raw/DRAL16kHz/fragments-short/EN_018_14.wav,"Pero también ah, puedes conocer otros estudiantes de CS en otros niveles.",Pero también puedes conocer otros estudiantes de CSS en otros niveles.,but also like you get to know other CS students from different levels.,But you can also meet other CSS students at other levels.,but you can also meet other CSS students at other levels.,/Users/nilakshanraveendran/Documents/research/outputs/synthesis/es-en/EN_018_14__ES_018_14_es-en.wav,1874047481,0.16666666666666666,0.0,0.3517438471317291,0.7916675806045532,232.72651126959013,235.51304689223483,230.82323873668878,27.893728872657146,66.4720783768408,29.32951280427695,0.007591598201543093,0.1028108149766922,0.015330424532294273,4.42,3.478,3.61,2.7149321266968327,3.1627372052903966,3.6011080332409975,ok,,
EN_018_15__ES_018_15,18,true,en-es,/Users/nilakshanraveendran/Documents/research/data/raw/DRAL16kHz/fragments-short/EN_018_15.wav,/Users/nilakshanraveendran/Documents/research/data/raw/DRAL16kHz/fragments-short/ES_018_15.wav,They give me suggestions about what professors to take.,They give me suggestions about what professors to take.,Me dieron sugerencias acerca de cuan- cuáles profesores tomar.,Me dan sugerencias sobre qué profesores tomar.,me dan sugerencias sobre qué profesores tomar.,/Users/nilakshanraveendran/Documents/research/outputs/synthesis/en-es/EN_018_15__ES_018_15_en-es.wav,1228861628,0.0,0.0,0.5520120859146118,0.6871447563171387,222.12687501646414,284.741394725825,229.98188419791785,17.772696071367665,304.226339916082,21.08407107996724,0.010321267880499363,0.04651792347431183,0.007835350930690765,2.79,7.979375,3.56,3.225806451612903,0.8772616902952926,2.5280898876404496,ok,,
EN_018_15__ES_018_15,18,true,es-en,/Users/nilakshanraveendran/Documents/research/data/raw/DRAL16kHz/fragments-short/ES_018_15.wav,/Users/nilakshanraveendran/Documents/research/data/raw/DRAL16kHz/fragments-short/EN_018_15.wav,Me dieron sugerencias acerca de cuan- cuáles profesores tomar.,me dieron sugerencias acerca de cuáles profesores tomar.,They give me suggestions about what professors to take.,They gave me suggestions about which teachers to take.,They gave me suggestions about which teachers to take.,/Users/nilakshanraveendran/Documents/research/outputs/synthesis/es-en/EN_018_15__ES_018_15_es-en.wav,1133645568,0.1111111111111111,0.0,0.2807246744632721,0.6871447563171387,229.98188419791785,240.41295690289255,222.12687501646414,21.08407107996724,28.784619528806026,17.772696071367665,0.007835350930690765,0.11091168224811554,0.010321267880499363,3.56,3.382,2.79,2.5280898876404496,2.6611472501478413,3.225806451612903,ok,,
EN_018_16__ES_018_16,18,true,en-es,/Users/nilakshanraveendran/Documents/research/data/raw/DRAL16kHz/fragments-short/EN_018_16.wav,/Users/nilakshanraveendran/Documents/research/data/raw/DRAL16kHz/fragments-short/ES_018_16.wav,And I think that's a good suggestion for anybody.,and I think that's a good suggestion for anybody.,Y yo pienso que esa es una gran sugerencia para cualquiera.,Y creo que es una buena sugerencia para cualquiera.,y creo que es una buena sugerencia para cualquiera.,/Users/nilakshanraveendran/Documents/research/outputs/synthesis/en-es/EN_018_16__ES_018_16_en-es.wav,709043002,0.0,0.0,0.44660207629203796,0.46922940015792847,199.7845991344763,214.67454641344943,227.45971871986796,27.238388861421043,24.372947674169914,15.443807555967991,0.004232046194374561,0.11274261027574539,0.005700568202883005,2.67,3.5206875,3.05,3.370786516853933,2.5563189007828724,3.6065573770491803,ok,,
EN_018_16__ES_018_16,18,true,es-en,/Users/nilakshanraveendran/Documents/research/data/raw/DRAL16kHz/fragments-short/ES_018_16.wav,/Users/nilakshanraveendran/Documents/research/data/raw/DRAL16kHz/fragments-short/EN_018_16.wav,Y yo pienso que esa es una gran sugerencia para cualquiera.,Y yo pienso que esa es una gran sugerencia para cualquiera.,And I think that's a good suggestion for anybody.,And I think that's a great suggestion for anyone.,and I think that's a great suggestion for anyone.,/Users/nilakshanraveendran/Documents/research/outputs/synthesis/es-en/EN_018_16__ES_018_16_es-en.wav,102959271,0.0,0.0,0.29801470041275024,0.46922940015792847,227.45971871986796,215.12017582024225,199.7845991344763,15.443807555967991,18.35528731063526,27.238388861421043,0.005700568202883005,0.1005687564611435,0.004232046194374561,3.05,3.339375,2.67,3.6065573770491803,2.695115103874228,3.370786516853933,ok,,
EN_018_17__ES_018_17,18,true,en-es,/Users/nilakshanraveendran/Documents/research/data/raw/DRAL16kHz/fragments-short/EN_018_17.wav,/Users/nilakshanraveendran/Documents/research/data/raw/DRAL16kHz/fragments-short/ES_018_17.wav,and this professor said like oh we're having a general meeting for the computer science club,"And this professor said like, oh, we're having a general meeting for the computer science club.",Y este profesor dijo como oh vamos a tener una junta para el- para el grupo de CS.,"Y este profesor dijo como, oh, vamos a tener una reunión general para el club de ciencias de la computación.","Y este profesor dijo como, oh, vamos a tener una reunión general para el Club de Ciencias de la Computación.",/Users/nilakshanraveendran/Documents/research/outputs/synthesis/en-es/EN_018_17__ES_018_17_en-es.wav,232612892,0.0,0.0,0.5563515424728394,0.7752443552017212,237.8268461527317,238.07045654447631,240.73739343948984,32.01033784475229,46.7970605258519,27.45931418647403,0.011501306667923927,0.09457051008939743,0.011960308998823166,4.7,6.443375,5.24,3.404255319148936,3.103963373232196,3.4351145038167936,ok,,
EN_018_17__ES_018_17,18,true,es-en,/Users/nilakshanraveendran/Documents/research/data/raw/DRAL16kHz/fragments-short/ES_018_17.wav,/Users/nilakshanraveendran/Documents/research/data/raw/DRAL16kHz/fragments-short/EN_018_17.wav,Y este profesor dijo como oh vamos a tener una junta para el- para el grupo de CS.,"y este profesor dijo como, vamos a tener una junta para el grupo de CS.",and this professor said like oh we're having a general meeting for the computer science club,"And this professor said how, we're gonna have a meeting for the CS group.",And this professor said how we're going to have a meeting for the CS group.,/Users/nilakshanraveendran/Documents/research/outputs/synthesis/es-en/EN_018_17__ES_018_17_es-en.wav,575393896,0.16666666666666666,0.14285714285714285,0.288702130317688,0.7752443552017212,240.73739343948984,233.73883391578536,237.8268461527317,27.45931418647403,31.670676662231905,32.01033784475229,0.011960308998823166,0.10069451481103897,0.011501306667923927,5.24,3.9366875,4.7,3.4351145038167936,3.5562893930493593,3.404255319148936,ok,,
EN_018_18__ES_018_18,18,true,en-es,/Users/nilakshanraveendran/Documents/research/data/raw/DRAL16kHz/fragments-short/EN_018_18.wav,/Users/nilakshanraveendran/Documents/research/data/raw/DRAL16kHz/fragments-short/ES_018_18.wav,"the people were, were, very rude and everything",The people were very rude and everything.,Que la gente era como muy grosera y todo.,La gente era muy grosera y todo.,La gente era muy grosera y todo.,/Users/nilakshanraveendran/Documents/research/outputs/synthesis/en-es/EN_018_18__ES_018_18_en-es.wav,648030738,0.125,0.0,0.3424825966358185,0.4904068112373352,224.69542189095998,228.92778186827974,213.58768047257064,8.373089810995817,34.07469187235609,16.51401656650912,0.014018869027495384,0.11193616688251495,0.007936686277389526,3.14,2.87,2.67,2.5477707006369426,2.4390243902439024,3.370786516853933,ok,,
EN_018_18__ES_018_18,18,true,es-en,/Users/nilakshanraveendran/Documents/research/data/raw/DRAL16kHz/fragments-short/ES_018_18.wav,/Users/nilakshanraveendran/Documents/research/data/raw/DRAL16kHz/fragments-short/EN_018_18.wav,Que la gente era como muy grosera y todo.,que la gente era como muy grosera y todo.,"the people were, were, very rude and everything",that people were like very rude and everything.,that people were like very rude and everything.,/Users/nilakshanraveendran/Documents/research/outputs/synthesis/es-en/EN_018_18__ES_018_18_es-en.wav,757915211,0.0,0.0,0.42310312390327454,0.4904068112373352,213.58768047257064,216.916655244163,224.69542189095998,16.51401656650912,18.255057899878473,8.373089810995817,0.007936686277389526,0.14108870923519135,0.014018869027495384,2.67,2.966,3.14,3.370786516853933,2.6972353337828725,2.5477707006369426,ok,,
EN_018_19__ES_018_19,18,true,en-es,/Users/nilakshanraveendran/Documents/research/data/raw/DRAL16kHz/fragments-short/EN_018_19.wav,/Users/nilakshanraveendran/Documents/research/data/raw/DRAL16kHz/fragments-short/ES_018_19.wav,They were looking for parties outside of school. You know what I mean? Like.,"they were looking for parties outside of school, you know what I mean?",Estaban buscando como fiestas fuera de la escuela ¿me entiendes?,"Estaban buscando fiestas fuera de la escuela, ¿sabes a lo que me refiero?",estaban buscando fiestas fuera de la escuela. ¿Sabes a lo que me refiero?,/Users/nilakshanraveendran/Documents/research/outputs/synthesis/en-es/EN_018_19__ES_018_19_en-es.wav,1958130698,0.07142857142857142,0.0,0.6298165321350098,0.638554573059082,218.77543692585817,214.27448238839605,238.73568074523888,13.850019257349448,45.957806265951554,40.82819014294017,0.010358525440096855,0.08463472872972488,0.011794324032962322,3.0,5.4726875,3.42,4.666666666666667,2.375432545709946,2.9239766081871346,ok,,
EN_018_19__ES_018_19,18,true,es-en,/Users/nilakshanraveendran/Documents/research/data/raw/DRAL16kHz/fragments-short/ES_018_19.wav,/Users/nilakshanraveendran/Documents/research/data/raw/DRAL16kHz/fragments-short/EN_018_19.wav,Estaban buscando como fiestas fuera de la escuela ¿me entiendes?,Estaban buscando como fiestas fuera de la escuela ¿Me entiendes?,They were looking for parties outside of school. You know what I mean? Like.,They were looking for parties out of school. You know what I mean?,They were looking for parties out of school. You know what I mean?,/Users/nilakshanraveendran/Documents/research/outputs/synthesis/es-en/EN_018_19__ES_018_19_es-en.wav,1772202956,0.0,0.0,0.41652920842170715,0.638554573059082,238.73568074523888,243.68894137867173,218.77543692585817,40.82819014294017,33.726459269694224,13.850019257349448,0.011794324032962322,0.1008768379688263,0.010358525440096855,3.42,3.841375,3.0,2.9239766081871346,3.3842048745566364,4.666666666666667,ok,,
EN_018_1__ES_018_1,18,true,en-es,/Users/nilakshanraveendran/Documents/research/data/raw/DRAL16kHz/fragments-short/EN_018_1.wav,/Users/nilakshanraveendran/Documents/research/data/raw/DRAL16kHz/fragments-short/ES_018_1.wav,"uh, can you give me like, three pieces of advice?",Can you give me like three pieces of advice?,"Um, ¿me das tres consejos?",¿Puedes darme como tres consejos?,puedes darme como tres consejos.,/Users/nilakshanraveendran/Documents/research/outputs/synthesis/en-es/EN_018_1__ES_018_1_en-es.wav,996652973,0.1,0.0,0.4985389709472656,0.5858972072601318,259.50257801262626,158.22076551891053,264.9057489111231,33.833721166202714,96.76827325016468,45.36199686939943,0.018227072432637215,0.027896644547581673,0.01112597156316042,2.88,8.587375,2.16,3.4722222222222223,0.5822501055328316,2.314814814814815,ok,,
EN_018_1__ES_018_1,18,true,es-en,/Users/nilakshanraveendran/Documents/research/data/raw/DRAL16kHz/fragments-short/ES_018_1.wav,/Users/nilakshanraveendran/Documents/research/data/raw/DRAL16kHz/fragments-short/EN_018_1.wav,"Um, ¿me das tres consejos?",¿Me das tres consejos?,"uh, can you give me like, three pieces of advice?",Can I have three tips?,Can I have three tips?,/Users/nilakshanraveendran/Documents/research/outputs/synthesis/es-en/EN_018_1__ES_018_1_es-en.wav,1215123675,0.2,0.0,0.24612464010715485,0.5858972072601318,264.9057489111231,246.1231905701133,259.50257801262626,45.36199686939943,28.062069127931522,33.833721166202714,0.01112597156316042,0.09204539656639099,0.018227072432637215,2.16,2.134,2.88,2.314814814814815,2.343017806935333,3.4722222222222223,ok,,
EN_018_20__ES_018_20,18,true,en-es,/Users/nilakshanraveendran/Documents/research/data/raw/DRAL16kHz/fragments-short/EN_018_20.wav,/Users/nilakshanraveendran/Documents/research/data/raw/DRAL16kHz/fragments-short/ES_018_20.wav,and they told me that I needed to be a CS student to be in the club.,and they told me that I needed to be a CS student to be in the clothes.,Entonces me dijeron como que necesitaba ser una estudiante de CS para unirme al club.,y me dijeron que necesitaba ser un estudiante de CS para estar en la ropa.,y me dijeron que necesitaba ser un estudiante de CES para estar en la ropa.,/Users/nilakshanraveendran/Documents/research/outputs/synthesis/en-es/EN_018_20__ES_018_20_en-es.wav,2055818688,0.058823529411764705,0.06666666666666667,0.4446313679218292,0.6570546627044678,216.97205920056592,295.1765253848093,227.50470882288957,10.644967691271104,231.3044452701105,20.067521678627852,0.013463363982737064,0.09082382172346115,0.009881412610411644,3.57,5.515375,4.37,4.761904761904762,2.719670013371711,3.4324942791762014,ok,,
EN_018_20__ES_018_20,18,true,es-en,/Users/nilakshanraveendran/Documents/research/data/raw/DRAL16kHz/fragments-short/ES_018_20.wav,/Users/nilakshanraveendran/Documents/research/data/raw/DRAL16kHz/fragments-short/EN_018_20.wav,Entonces me dijeron como que necesitaba ser una estudiante de CS para unirme al club.,Entonces me dijeron como que necesitaba hacer una distinta de cies para unirme al club.,and they told me that I needed to be a CS student to be in the club.,Then they told me I needed to do a different cies to join the club.,Then they told me I needed to do a different size to join the club.,/Users/nilakshanraveendran/Documents/research/outputs/synthesis/es-en/EN_018_20__ES_018_20_es-en.wav,994608185,0.2,0.06666666666666667,0.3183993697166443,0.6570546627044678,227.50470882288957,236.3701276913369,216.97205920056592,20.067521678627852,33.13632149621426,10.644967691271104,0.009881412610411644,0.10669625550508499,0.013463363982737064,4.37,3.574,3.57,3.4324942791762014,4.196978175713486,4.761904761904762,ok,,
EN_018_2__ES_018_2,22,true,en-es,/Users/nilakshanraveendran/Documents/research/data/raw/DRAL16kHz/fragments-short/EN_018_2.wav,/Users/nilakshanraveendran/Documents/research/data/raw/DRAL16kHz/fragments-short/ES_018_2.wav,make friends honestly in the CS department,make friends honestly in the CS department.,"Honestamente, haz amigos en el departamento de CS.",hacer amigos honestamente en el departamento de CS.,hacer amigos honestamente en el departamento de CSS,/Users/nilakshanraveendran/Documents/research/outputs/synthesis/en-es/EN_018_2__ES_018_2_en-es.wav,573878715,0.0,0.125,0.37214913964271545,0.49691349267959595,135.773063816534,124.06650326952217,149.92507350582488,6.5636694678342025,10.78985534940346,48.799407766064874,0.009916418232023716,0.11707760393619537,0.007141473703086376,3.01,4.5446875,3.88,2.3255813953488373,1.7602970501272088,2.061855670103093,ok,,
EN_018_2__ES_018_2,22,true,es-en,/Users/nilakshanraveendran/Documents/research/data/raw/DRAL16kHz/fragments-short/ES_018_2.wav,/Users/nilakshanraveendran/Documents/research/data/raw/DRAL16kHz/fragments-short/EN_018_2.wav,"Honestamente, haz amigos en el departamento de CS.","Honestamente, haz amigos en el departamento de Cies.",make friends honestly in the CS department,"Honestly, make friends in Cies' apartment.","Honestly, make friends and size as a partner.",/Users/nilakshanraveendran/Documents/research/outputs/synthesis/es-en/EN_018_2__ES_018_2_es-en.wav,1524614208,0.125,0.8333333333333334,0.3299378752708435,0.49691349267959595,149.92507350582488,165.15773968981574,135.773063816534,48.799407766064874,28.17189554808656,6.5636694678342025,0.007141473703086376,0.10661398619413376,0.009916418232023716,3.88,3.851375,3.01,2.061855670103093,1.5578851708805297,2.3255813953488373,ok,,
EN_018_3__ES_018_3,22,true,en-es,/Users/nilakshanraveendran/Documents/research/data/raw/DRAL16kHz/fragments-short/EN_018_3.wav,/Users/nilakshanraveendran/Documents/research/data/raw/DRAL16kHz/fragments-short/ES_018_3.wav,That's really like the biggest advice I have,that's really like the biggest advice I have.,"En realidad, ese es el mejor consejo que tengo.",Ese es el mayor consejo que tengo.,ese es el mayor consejo que tengo,/Users/nilakshanraveendran/Documents/research/outputs/synthesis/en-es/EN_018_3__ES_018_3_en-es.wav,664283473,0.0,0.0,0.30606943368911743,0.410927951335907,139.5042098131229,438.8393250330561,130.48836889250924,8.814257538547311,412.40392424882117,8.870267116788828,0.009868008084595203,0.07902225106954575,0.0062141986563801765,2.72,4.363375,2.84,2.941176470588235,1.6042627553212825,3.1690140845070425,ok,,
EN_018_3__ES_018_3,22,true,es-en,/Users/nilakshanraveendran/Documents/research/data/raw/DRAL16kHz/fragments-short/ES_018_3.wav,/Users/nilakshanraveendran/Documents/research/data/raw/DRAL16kHz/fragments-short/EN_018_3.wav,"En realidad, ese es el mejor consejo que tengo.","En realidad, ese es el mejor consejo que tengo.",That's really like the biggest advice I have,"Actually, that's the best advice I have.","Actually, that's the best advice I have.",/Users/nilakshanraveendran/Documents/research/outputs/synthesis/es-en/EN_018_3__ES_018_3_es-en.wav,1065030970,0.0,0.0,0.16754138469696045,0.410927951335907,130.48836889250924,902.4573590160638,139.5042098131229,8.870267116788828,85.23427618473862,8.814257538547311,0.0062141986563801765,0.08179137855768204,0.009868008084595203,2.84,3.659375,2.72,3.1690140845070425,1.9128949615713067,2.941176470588235,ok,,
EN_018_4__ES_018_4,22,true,en-es,/Users/nilakshanraveendran/Documents/research/data/raw/DRAL16kHz/fragments-short/EN_018_4.wav,/Users/nilakshanraveendran/Documents/research/data/raw/DRAL16kHz/fragments-short/ES_018_4.wav,Would we try to do everything as soon as it gets assigned?,Would we try to do everything as soon as it gets assigned?,"Sería que trates, de hacer todo, en cuanto te lo asignen.",¿Intentaríamos hacer todo tan pronto como sea asignado?,Intentaremos hacer todo tan pronto como sea asignado.,/Users/nilakshanraveendran/Documents/research/outputs/synthesis/en-es/EN_018_4__ES_018_4_en-es.wav,517648678,0.0,0.125,0.5138661861419678,0.5419685244560242,149.8174854272769,152.16795446515331,132.2888965950356,12.224632277486439,20.783686036596794,20.495292834339157,0.014535265974700451,0.1189069077372551,0.006802275776863098,3.48,3.798,4.4,3.4482758620689657,2.10637177461822,2.5,ok,,
EN_018_4__ES_018_4,22,true,es-en,/Users/nilakshanraveendran/Documents/research/data/raw/DRAL16kHz/fragments-short/ES_018_4.wav,/Users/nilakshanraveendran/Documents/research/data/raw/DRAL16kHz/fragments-short/EN_018_4.wav,"Sería que trates, de hacer todo, en cuanto te lo asignen.",Sería que trates de hacer todo en cuanto te lo asignen.,Would we try to do everything as soon as it gets assigned?,It would be if you tried to do everything as soon as it was assigned to you.,It would be if you tried to do everything as soon as it was assigned to you.,/Users/nilakshanraveendran/Documents/research/outputs/synthesis/es-en/EN_018_4__ES_018_4_es-en.wav,1757661434,0.0,0.0,0.23232115805149078,0.5419685244560242,132.2888965950356,114.19453907472675,149.8174854272769,20.495292834339157,26.61372472965642,12.224632277486439,0.006802275776863098,0.10344428569078445,0.014535265974700451,4.4,4.822,3.48,2.5,3.5255080879303193,3.4482758620689657,ok,,
EN_018_5__ES_018_5,22,true,en-es,/Users/nilakshanraveendran/Documents/research/data/raw/DRAL16kHz/fragments-short/EN_018_5.wav,/Users/nilakshanraveendran/Documents/research/data/raw/DRAL16kHz/fragments-short/ES_018_5.wav,Don't wait last minute.,Don't wait last minute.,No te esperes a último minuto.,No esperes el último minuto.,No esperes el último minuto.,/Users/nilakshanraveendran/Documents/research/outputs/synthesis/en-es/EN_018_5__ES_018_5_en-es.wav,78656897,0.0,0.0,0.3409321904182434,0.3291266858577728,139.6111073715302,143.31433168029392,127.77947842486705,3.564502379987492,15.791052278475988,12.992321040441203,0.014725997112691402,0.12327748537063599,0.006323269568383694,1.09,2.358,1.64,3.6697247706422016,2.1204410517387617,3.658536585365854,ok,,
EN_018_5__ES_018_5,22,true,es-en,/Users/nilakshanraveendran/Documents/research/data/raw/DRAL16kHz/fragments-short/ES_018_5.wav,/Users/nilakshanraveendran/Documents/research/data/raw/DRAL16kHz/fragments-short/EN_018_5.wav,No te esperes a último minuto.,No te espere esa última minuta.,Don't wait last minute.,Don't wait for that last minute.,Don't wait for that last minute.,/Users/nilakshanraveendran/Documents/research/outputs/synthesis/es-en/EN_018_5__ES_018_5_es-en.wav,407301820,0.6666666666666666,0.0,0.334919810295105,0.3291266858577728,127.77947842486705,124.61313691108789,139.6111073715302,12.992321040441203,9.504597672373988,3.564502379987492,0.006323269568383694,0.10747082531452179,0.014725997112691402,1.64,2.635375,1.09,3.658536585365854,2.276715837404544,3.6697247706422016,ok,,
EN_018_6__ES_018_6,22,true,en-es,/Users/nilakshanraveendran/Documents/research/data/raw/DRAL16kHz/fragments-short/EN_018_6.wav,/Users/nilakshanraveendran/Documents/research/data/raw/DRAL16kHz/fragments-short/ES_018_6.wav,"Yeah, just do assignments as soon as you get assigned.","Yeah, just do assignments as soon as you get assigned.",Sí nomás haz los trabajos en cuanto te los asignen.,"Sí, haz tareas tan pronto como te asignen.","Si, hasta estaré tan pronto como te asignen.",/Users/nilakshanraveendran/Documents/research/outputs/synthesis/en-es/EN_018_6__ES_018_6_en-es.wav,3154164,0.0,0.375,0.43674737215042114,0.5446531772613525,178.08877594691273,173.93894224517055,157.63603829540773,19.80764725468279,24.753717172876982,35.7191459211708,0.02428869530558586,0.0835098996758461,0.008237192407250404,2.43,3.798,2.67,4.11522633744856,2.10637177461822,3.7453183520599254,ok,,
EN_018_6__ES_018_6,22,true,es-en,/Users/nilakshanraveendran/Documents/research/data/raw/DRAL16kHz/fragments-short/ES_018_6.wav,/Users/nilakshanraveendran/Documents/research/data/raw/DRAL16kHz/fragments-short/EN_018_6.wav,Sí nomás haz los trabajos en cuanto te los asignen.,"Si, no mas haz los trabajos en cuanto te los asignen","Yeah, just do assignments as soon as you get assigned.","Yeah, no more doing the jobs as soon as they're assigned to you.",Yeah? No more doing the jobs as soon as they're assigned to you.,/Users/nilakshanraveendran/Documents/research/outputs/synthesis/es-en/EN_018_6__ES_018_6_es-en.wav,1664913158,0.3,0.0,0.27785032987594604,0.5446531772613525,157.63603829540773,178.0427234323117,178.08877594691273,35.7191459211708,41.22229755343657,19.80764725468279,0.008237192407250404,0.09381429851055145,0.02428869530558586,2.67,3.99,2.43,3.7453183520599254,3.2581453634085213,4.11522633744856,ok,,
EN_018_7__ES_018_7,18,true,en-es,/Users/nilakshanraveendran/Documents/research/data/raw/DRAL16kHz/fragments-short/EN_018_7.wav,/Users/nilakshanraveendran/Documents/research/data/raw/DRAL16kHz/fragments-short/ES_018_7.wav,Would you recommend me to visit office hours frequently?,Would you recommend me to visit office hours frequently?,Uh ¿me recomendarías visitar las horas de oficina frecuentemente?,¿Me recomendaría que visitara el horario de oficina con frecuencia?,¿Me recomendaría que visitara el horario de oficina con frecuencia?,/Users/nilakshanraveendran/Documents/research/outputs/synthesis/en-es/EN_018_7__ES_018_7_en-es.wav,908186115,0.0,0.0,0.3559614419937134,0.575239360332489,253.39292549359902,231.9667494134872,247.53123495974864,35.26255677798667,35.7813076448906,35.190174180485506,0.011711129918694496,0.10001613944768906,0.008638439700007439,3.29,4.0326875,3.26,2.735562310030395,2.4797359081257846,2.7607361963190185,ok,,
EN_018_7__ES_018_7,18,true,es-en,/Users/nilakshanraveendran/Documents/research/data/raw/DRAL16kHz/fragments-short/ES_018_7.wav,/Users/nilakshanraveendran/Documents/research/data/raw/DRAL16kHz/fragments-short/EN_018_7.wav,Uh ¿me recomendarías visitar las horas de oficina frecuentemente?,Me recomendarías visitar las horas de oficina frecuentemente.,Would you recommend me to visit office hours frequently?,You'd recommend visiting office hours frequently.,You'd recommend visiting office hours.,/Users/nilakshanraveendran/Documents/research/outputs/synthesis/es-en/EN_018_7__ES_018_7_es-en.wav,1071697951,0.1111111111111111,0.16666666666666666,0.4791630506515503,0.575239360332489,247.53123495974864,237.35972031257234,253.39292549359902,35.190174180485506,31.117594438375693,35.26255677798667,0.008638439700007439,0.09221888333559036,0.011711129918694496,3.26,2.87,3.29,2.7607361963190185,2.0905923344947737,2.735562310030395,ok,,
EN_018_8__ES_018_8,18,true,en-es,/Users/nilakshanraveendran/Documents/research/data/raw/DRAL16kHz/fragments-short/EN_018_8.wav,/Users/nilakshanraveendran/Documents/research/data/raw/DRAL16kHz/fragments-short/ES_018_8.wav,But like how many times a semester?,But like how many times a semester?,¿Pero cuántas veces al semestre?,"Pero, ¿cuántas veces al semestre?","Pero, ¿cuántas veces al semestre?",/Users/nilakshanraveendran/Documents/research/outputs/synthesis/en-es/EN_018_8__ES_018_8_en-es.wav,2018310248,0.0,0.0,0.5154034495353699,0.5198749899864197,234.01174336396252,249.16366924586708,263.91565921101557,31.89131480566623,62.61112396041832,42.143971721937376,0.016087418422102928,0.08863909542560577,0.008432010188698769,2.1,2.5926875,1.78,3.333333333333333,1.9285008316659837,2.8089887640449436,ok,,
EN_018_8__ES_018_8,18,true,es-en,/Users/nilakshanraveendran/Documents/research/data/raw/DRAL16kHz/fragments-short/ES_018_8.wav,/Users/nilakshanraveendran/Documents/research/data/raw/DRAL16kHz/fragments-short/EN_018_8.wav,¿Pero cuántas veces al semestre?,Pero ¿cuántas veces ha dado el semestre?,But like how many times a semester?,But how many times has he given the semester?,But how many times has he given this semester?,/Users/nilakshanraveendran/Documents/research/outputs/synthesis/es-en/EN_018_8__ES_018_8_es-en.wav,225083029,0.6,0.1111111111111111,0.36997830867767334,0.5198749899864197,263.91565921101557,251.03380239172446,234.01174336396252,42.143971721937376,34.59865188946171,31.89131480566623,0.008432010188698769,0.07470915466547012,0.016087418422102928,1.78,2.635375,2.1,2.8089887640449436,3.4150737561068163,3.333333333333333,ok,,
EN_018_9__ES_018_9,18,true,en-es,/Users/nilakshanraveendran/Documents/research/data/raw/DRAL16kHz/fragments-short/EN_018_9.wav,/Users/nilakshanraveendran/Documents/research/data/raw/DRAL16kHz/fragments-short/ES_018_9.wav,but what if you don't need them like you think you don't need them,But what if you don't need them? Like you think you don't need them.,Pero como si no las necesitas como si piensas que no las necesitas.,"Pero, ¿y si no los necesitas?","Pero, ¿y si no los necesitas?",/Users/nilakshanraveendran/Documents/research/outputs/synthesis/en-es/EN_018_9__ES_018_9_en-es.wav,717315738,0.0,0.0,0.5225516557693481,0.5653045177459717,241.28775744043423,273.3851093132072,239.42296968554433,24.76330157689204,68.1635266887471,20.665222133528,0.013110842555761337,0.054865963757038116,0.010098632425069809,2.87,5.0566875,3.64,4.878048780487805,1.1865475175201157,3.571428571428571,ok,,
EN_018_9__ES_018_9,18,true,es-en,/Users/nilakshanraveendran/Documents/research/data/raw/DRAL16kHz/fragments-short/ES_018_9.wav,/Users/nilakshanraveendran/Documents/research/data/raw/DRAL16kHz/fragments-short/EN_018_9.wav,Pero como si no las necesitas como si piensas que no las necesitas.,Pero ¿cómo si no la necesitas? ¿cómo si piensas que no la necesitas?,but what if you don't need them like you think you don't need them,"But what if you don't need it, like you think you don't need it?",But what if you don't need it? Like you think you don't need it.,/Users/nilakshanraveendran/Documents/research/outputs/synthesis/es-en/EN_018_9__ES_018_9_es-en.wav,1076358810,0.3076923076923077,0.0,0.37793534994125366,0.5653045177459717,239.42296968554433,315.5198378414275,241.28775744043423,20.665222133528,189.57413181010537,24.76330157689204,0.010098632425069809,0.07374495267868042,0.013110842555761337,3.64,3.4246875,2.87,3.571428571428571,4.087964230312985,4.878048780487805,ok,,
EN_022_10__ES_022_10,22,true,en-es,/Users/nilakshanraveendran/Documents/research/data/raw/DRAL16kHz/fragments-short/EN_022_10.wav,/Users/nilakshanraveendran/Documents/research/data/raw/DRAL16kHz/fragments-short/ES_022_10.wav,And I was like tired and tired and I was like...,"And I was like, tired and tired, and I was like...","Yo como que ya estaba cansado, cansado, dije no ya","Y yo estaba como, cansado y cansado, y yo estaba como...",yo estaba como cansado y cansado y yo estaba como...,/Users/nilakshanraveendran/Documents/research/outputs/synthesis/en-es/EN_022_10__ES_022_10_en-es.wav,1068524066,0.0,0.09090909090909091,0.605273425579071,0.4921804368495941,156.39096077664522,423.85708141975715,155.37461321686942,53.770880395204635,379.58776415032946,40.529371886888306,0.015353335067629814,0.077885203063488,0.0326133631169796,2.29,8.31,2.58,4.8034934497816595,1.3237063778580023,3.875968992248062,ok,,
EN_022_10__ES_022_10,22,true,es-en,/Users/nilakshanraveendran/Documents/research/data/raw/DRAL16kHz/fragments-short/ES_022_10.wav,/Users/nilakshanraveendran/Documents/research/data/raw/DRAL16kHz/fragments-short/EN_022_10.wav,"Yo como que ya estaba cansado, cansado, dije no ya","yo como que ya estaba cansado, cansado y dije no ya",And I was like tired and tired and I was like...,"I kind of got tired, tired and said no more.","I kind of got tired, tired, and said no more.",/Users/nilakshanraveendran/Documents/research/outputs/synthesis/es-en/EN_022_10__ES_022_10_es-en.wav,1952311839,0.1,0.0,0.37444519996643066,0.4921804368495941,155.37461321686942,148.14147814831168,156.39096077664522,40.529371886888306,31.18510805585271,53.770880395204635,0.0326133631169796,0.0687214583158493,0.015353335067629814,2.58,3.851375,2.29,3.875968992248062,2.5964752848008827,4.8034934497816595,ok,,
EN_022_11__ES_022_11,22,true,en-es,/Users/nilakshanraveendran/Documents/research/data/raw/DRAL16kHz/fragments-short/EN_022_11.wav,/Users/nilakshanraveendran/Documents/research/data/raw/DRAL16kHz/fragments-short/ES_022_11.wav,"Uh, let's just end this, right?",let's just end this right,"Como que, que se termine así, ¿no?",Terminemos con esto bien.,Terminemos con esto bien.,/Users/nilakshanraveendran/Documents/research/outputs/synthesis/en-es/EN_022_11__ES_022_11_en-es.wav,1684587310,0.16666666666666666,0.0,0.4860210716724396,0.31724074482917786,140.57818656795718,141.2475018298332,128.15272981904118,20.42036379032039,23.80236139227727,12.36479967992111,0.008588851429522038,0.10851540416479111,0.018843652680516243,1.81,2.358,2.16,3.314917127071823,1.6963528413910092,3.2407407407407405,ok,,
EN_022_11__ES_022_11,22,true,es-en,/Users/nilakshanraveendran/Documents/research/data/raw/DRAL16kHz/fragments-short/ES_022_11.wav,/Users/nilakshanraveendran/Documents/research/data/raw/DRAL16kHz/fragments-short/EN_022_11.wav,"Como que, que se termine así, ¿no?",como que se termine así.,"Uh, let's just end this, right?",Like it's gonna end like this.,Like it's gonna end like this.,/Users/nilakshanraveendran/Documents/research/outputs/synthesis/es-en/EN_022_11__ES_022_11_es-en.wav,1185091111,0.2857142857142857,0.0,0.3633260428905487,0.31724074482917786,128.15272981904118,117.88463135884597,140.57818656795718,12.36479967992111,40.49999684697668,20.42036379032039,0.018843652680516243,0.07493284344673157,0.008588851429522038,2.16,2.731375,1.81,3.2407407407407405,2.1966958033957256,3.314917127071823,ok,,
EN_022_12__ES_022_12,15,true,en-es,/Users/nilakshanraveendran/Documents/research/data/raw/DRAL16kHz/fragments-short/EN_022_12.wav,/Users/nilakshanraveendran/Documents/research/data/raw/DRAL16kHz/fragments-short/ES_022_12.wav,by the end of the year.,by the end of the year.,pero por el- por el fin del año verdad,al final del año.,al final del año.,/Users/nilakshanraveendran/Documents/research/outputs/synthesis/en-es/EN_022_12__ES_022_12_en-es.wav,1797054686,0.0,0.0,0.42915111780166626,0.358782023191452,98.68920212883566,94.31762400420884,104.9189203908768,3.1182488863687845,11.366526094268373,5.747762646338655,0.008042123168706894,0.08514328300952911,0.007345444522798061,1.48,2.55,1.95,4.054054054054054,1.5686274509803924,4.615384615384616,ok,,
EN_022_12__ES_022_12,15,true,es-en,/Users/nilakshanraveendran/Documents/research/data/raw/DRAL16kHz/fragments-short/ES_022_12.wav,/Users/nilakshanraveendran/Documents/research/data/raw/DRAL16kHz/fragments-short/EN_022_12.wav,pero por el- por el fin del año verdad,"por el fin del año, ¿verdad?",by the end of the year.,"by the end of the year, right?","by the end of the year, right?",/Users/nilakshanraveendran/Documents/research/outputs/synthesis/es-en/EN_022_12__ES_022_12_es-en.wav,1177629733,0.3333333333333333,0.0,0.1787899136543274,0.358782023191452,104.9189203908768,115.678832388768,98.68920212883566,5.747762646338655,10.173328381082479,3.1182488863687845,0.007345444522798061,0.09333536773920059,0.008042123168706894,1.95,1.942,1.48,4.615384615384616,3.604531410916581,4.054054054054054,ok,,
EN_022_13__ES_022_13,22,true,en-es,/Users/nilakshanraveendran/Documents/research/data/raw/DRAL16kHz/fragments-short/EN_022_13.wav,/Users/nilakshanraveendran/Documents/research/data/raw/DRAL16kHz/fragments-short/ES_022_13.wav,"Yeah, no, we were in the middle of the year.","Yeah, I know. We were in the middle of the year.","Ajá, ¿no? Entonces, no, pues estábamos a mitad de año.","Sí, lo sé, estábamos a mediados de año.","y yo sé, estábamos a mediados de año.",/Users/nilakshanraveendran/Documents/research/outputs/synthesis/en-es/EN_022_13__ES_022_13_en-es.wav,1079025975,0.2,0.25,0.7105804085731506,0.41771894693374634,151.19115910890025,121.88764923943069,163.42279769781226,27.023774083718642,30.429919081940017,18.05200875890612,0.021759161725640297,0.07133777439594269,0.05369306355714798,2.15,5.43,2.82,4.651162790697675,1.4732965009208103,3.546099290780142,ok,,
EN_022_13__ES_022_13,22,true,es-en,/Users/nilakshanraveendran/Documents/research/data/raw/DRAL16kHz/fragments-short/ES_022_13.wav,/Users/nilakshanraveendran/Documents/research/data/raw/DRAL16kHz/fragments-short/EN_022_13.wav,"Ajá, ¿no? Entonces, no, pues estábamos a mitad de año.","Ajá, no. Entonces, no, pues estábamos a mitad de años.","Yeah, no, we were in the middle of the year.","So, no, we were in the middle of years.","So, no, we were in the middle of years.",/Users/nilakshanraveendran/Documents/research/outputs/synthesis/es-en/EN_022_13__ES_022_13_es-en.wav,1648110691,0.1,0.0,0.41828930377960205,0.41771894693374634,163.42279769781226,178.40111222787786,151.19115910890025,18.05200875890612,71.01470156744479,27.023774083718642,0.05369306355714798,0.08586946874856949,0.021759161725640297,2.82,3.382,2.15,3.546099290780142,2.6611472501478413,4.651162790697675,ok,,
EN_022_14__ES_022_14,22,true,en-es,/Users/nilakshanraveendran/Documents/research/data/raw/DRAL16kHz/fragments-short/EN_022_14.wav,/Users/nilakshanraveendran/Documents/research/data/raw/DRAL16kHz/fragments-short/ES_022_14.wav,so then yeah it's all,"So then, yeah, it's over.","Entonces ya, se acabó.","Entonces, sí, se acabó.","Entonces, ¿sí? ¡Se acabó!",/Users/nilakshanraveendran/Documents/research/outputs/synthesis/en-es/EN_022_14__ES_022_14_en-es.wav,426520513,0.2,0.0,0.7029737234115601,0.2983550727367401,199.41572984917687,454.65158425298404,219.89570643494054,48.262317959700596,377.66105471173614,61.30712304837227,0.015167731791734695,0.05658596009016037,0.03445931151509285,1.96,4.8646875,1.81,2.5510204081632653,0.82225220016702,2.2099447513812156,ok,,
EN_022_14__ES_022_14,22,true,es-en,/Users/nilakshanraveendran/Documents/research/data/raw/DRAL16kHz/fragments-short/ES_022_14.wav,/Users/nilakshanraveendran/Documents/research/data/raw/DRAL16kHz/fragments-short/EN_022_14.wav,"Entonces ya, se acabó.","Esto es ya, se acabó.",so then yeah it's all,"This is it, it's over.",This is it! It's over!,/Users/nilakshanraveendran/Documents/research/outputs/synthesis/es-en/EN_022_14__ES_022_14_es-en.wav,745467563,0.5,0.0,0.3370548188686371,0.2983550727367401,219.89570643494054,218.83135036317546,199.41572984917687,61.30712304837227,30.153508754484132,48.262317959700596,0.03445931151509285,0.106268972158432,0.015167731791734695,1.81,2.2726875,1.96,2.2099447513812156,2.2000385006737617,2.5510204081632653,ok,,
EN_022_15__ES_022_15,22,true,en-es,/Users/nilakshanraveendran/Documents/research/data/raw/DRAL16kHz/fragments-short/EN_022_15.wav,/Users/nilakshanraveendran/Documents/research/data/raw/DRAL16kHz/fragments-short/ES_022_15.wav,"So we break up and, I don't know, like, in three days we come back together, right?","So we break up and I don't know, like three days we come back together, right?","Terminamos y pero como a los, no sé, ¿qué te digo? Tres días volvimos, ¿no?","Así que terminamos y no sé, como tres días volvemos juntos, ¿verdad?","Así que terminamos y no sé, como tres días volvemos juntos ¿verdad?",/Users/nilakshanraveendran/Documents/research/outputs/synthesis/en-es/EN_022_15__ES_022_15_en-es.wav,2063662552,0.058823529411764705,0.0,0.5269819498062134,0.588797926902771,121.52433062459322,131.62517749248164,141.21602253087838,16.788863558999278,17.668831910775985,11.93256674728785,0.010631395503878593,0.09904542565345764,0.030667055398225784,5.58,5.611375,4.8,3.046594982078853,2.1385132877414184,3.125,ok,,
EN_022_15__ES_022_15,22,true,es-en,/Users/nilakshanraveendran/Documents/research/data/raw/DRAL16kHz/fragments-short/ES_022_15.wav,/Users/nilakshanraveendran/Documents/research/data/raw/DRAL16kHz/fragments-short/EN_022_15.wav,"Terminamos y pero como a los, no sé, ¿qué te digo? Tres días volvimos, ¿no?","terminamos y pero como a los... no sé qué digo, tres días volvimos, ¿no?","So we break up and, I don't know, like, in three days we come back together, right?","We're done, but since we... I don't know what I'm saying, three days we're back, right?","We're done, but since we... I don't know what I'm saying, three days we're back, right?",/Users/nilakshanraveendran/Documents/research/outputs/synthesis/es-en/EN_022_15__ES_022_15_es-en.wav,623416200,0.06666666666666667,0.0,0.43153899908065796,0.588797926902771,141.21602253087838,150.40016114270406,121.52433062459322,11.93256674728785,19.577860203992987,16.788863558999278,0.030667055398225784,0.08806028962135315,0.010631395503878593,4.8,4.6306875,5.58,3.125,3.455210484404314,3.046594982078853,ok,,
EN_022_16__ES_022_16,22,true,en-es,/Users/nilakshanraveendran/Documents/research/data/raw/DRAL16kHz/fragments-short/EN_022_16.wav,/Users/nilakshanraveendran/Documents/research/data/raw/DRAL16kHz/fragments-short/ES_022_16.wav,So this girl got mad,So this girl got mad.,Bueno esta chava se enojó.,Así que esta chica se enojó.,Así que esta chica se enojo.,/Users/nilakshanraveendran/Documents/research/outputs/synthesis/en-es/EN_022_16__ES_022_16_en-es.wav,1352161101,0.0,0.16666666666666666,0.3900502920150757,0.5131789445877075,131.1413681044839,518.0954497866927,131.01798539402284,10.817418898362003,437.3997822701564,14.635512393948495,0.017291756346821785,0.048040155321359634,0.02454814501106739,1.42,15.083375,1.94,3.5211267605633805,0.3977889563840984,2.577319587628866,ok,,
EN_022_16__ES_022_16,22,true,es-en,/Users/nilakshanraveendran/Documents/research/data/raw/DRAL16kHz/fragments-short/ES_022_16.wav,/Users/nilakshanraveendran/Documents/research/data/raw/DRAL16kHz/fragments-short/EN_022_16.wav,Bueno esta chava se enojó.,"Bueno, esta chava se enojo",So this girl got mad,"Well, this girl gets angry.","Well, this girl gets angry.",/Users/nilakshanraveendran/Documents/research/outputs/synthesis/es-en/EN_022_16__ES_022_16_es-en.wav,1226694558,0.2,0.0,0.4986148178577423,0.5131789445877075,131.01798539402284,125.26226472729309,131.1413681044839,14.635512393948495,10.846792782846064,10.817418898362003,0.02454814501106739,0.09102701395750046,0.017291756346821785,1.94,2.4966875,1.42,2.577319587628866,2.0026535159085785,3.5211267605633805,ok,,
EN_022_17__ES_022_17,22,true,en-es,/Users/nilakshanraveendran/Documents/research/data/raw/DRAL16kHz/fragments-short/EN_022_17.wav,/Users/nilakshanraveendran/Documents/research/data/raw/DRAL16kHz/fragments-short/ES_022_17.wav,because I live.,because I leave,Pues porque yo salí,porque me voy,¿Por qué me voy?,/Users/nilakshanraveendran/Documents/research/outputs/synthesis/en-es/EN_022_17__ES_022_17_en-es.wav,1757778926,0.3333333333333333,0.6666666666666666,0.4297903776168823,0.3852350115776062,135.9256657582735,435.50337184221104,129.73811518389442,39.625574373550776,444.1547670903833,14.75637311692849,0.0048615336418151855,0.03482431173324585,0.01333960983902216,1.69,6.955375,1.61,1.7751479289940828,0.431321100587675,2.484472049689441,ok,,
EN_022_17__ES_022_17,22,true,es-en,/Users/nilakshanraveendran/Documents/research/data/raw/DRAL16kHz/fragments-short/ES_022_17.wav,/Users/nilakshanraveendran/Documents/research/data/raw/DRAL16kHz/fragments-short/EN_022_17.wav,Pues porque yo salí,Pues porque salí.,because I live.,"Well, because I got out.",Well... Because I got it out.,/Users/nilakshanraveendran/Documents/research/outputs/synthesis/es-en/EN_022_17__ES_022_17_es-en.wav,174245000,0.25,0.2,0.4063915014266968,0.3852350115776062,129.73811518389442,130.24111266084412,135.9256657582735,14.75637311692849,6.3565963720808485,39.625574373550776,0.01333960983902216,0.057900674641132355,0.0048615336418151855,1.61,3.0086875,1.69,2.484472049689441,1.6618542138390908,1.7751479289940828,ok,,
EN_022_18__ES_022_18,22,true,en-es,/Users/nilakshanraveendran/Documents/research/data/raw/DRAL16kHz/fragments-short/EN_022_18.wav,/Users/nilakshanraveendran/Documents/research/data/raw/DRAL16kHz/fragments-short/ES_022_18.wav,"So yeah, yeah, like I go out.","So yeah, yeah, I go out.",Entonces yo- yo- yo me fui.,"Así que sí, sí, salgo.","Así que sí, sí, salgo.",/Users/nilakshanraveendran/Documents/research/outputs/synthesis/en-es/EN_022_18__ES_022_18_en-es.wav,1939840359,0.14285714285714285,0.0,0.2898338735103607,0.40272021293640137,nan,81.01022531743715,237.68716513382395,nan,27.741576271040067,245.190689797386,0.01095711998641491,0.034275949001312256,0.017280936241149902,2.01,7.659375,2.57,3.4825870646766175,0.6527947776417788,2.3346303501945527,ok,,
EN_022_18__ES_022_18,22,true,es-en,/Users/nilakshanraveendran/Documents/research/data/raw/DRAL16kHz/fragments-short/ES_022_18.wav,/Users/nilakshanraveendran/Documents/research/data/raw/DRAL16kHz/fragments-short/EN_022_18.wav,Entonces yo- yo- yo me fui.,"Entonces, yo me fui.","So yeah, yeah, like I go out.","So, I left.",So I left.,/Users/nilakshanraveendran/Documents/research/outputs/synthesis/es-en/EN_022_18__ES_022_18_es-en.wav,131112736,0.3333333333333333,0.0,0.20476816594600677,0.40272021293640137,237.68716513382395,491.3556212032533,nan,245.190689797386,313.8378881512219,nan,0.017280936241149902,0.08188195526599884,0.01095711998641491,2.57,2.134,2.01,2.3346303501945527,1.4058106841611997,3.4825870646766175,ok,,
EN_022_19__ES_022_19,22,true,en-es,/Users/nilakshanraveendran/Documents/research/data/raw/DRAL16kHz/fragments-short/EN_022_19.wav,/Users/nilakshanraveendran/Documents/research/data/raw/DRAL16kHz/fragments-short/ES_022_19.wav,"Uh, so he told me, hey, where are you?","So he told me, hey, where are you?","Y me dice que, oye este, ¿dónde andas?","Así que me dijo, oye, ¿dónde estás?","Así ya me... así ya dijo... Así, ¿Dónde estás?",/Users/nilakshanraveendran/Documents/research/outputs/synthesis/en-es/EN_022_19__ES_022_19_en-es.wav,1614759615,0.1111111111111111,0.5714285714285714,0.5913021564483643,0.4521535038948059,159.1711851228967,171.98544039206175,133.85477436772487,36.680362961804285,40.81854810365568,29.77715583972971,0.017148122191429138,0.08948682993650436,0.01947125606238842,2.2,6.8166875,2.73,4.090909090909091,1.0268917271035236,2.93040293040293,ok,,
EN_022_19__ES_022_19,22,true,es-en,/Users/nilakshanraveendran/Documents/research/data/raw/DRAL16kHz/fragments-short/ES_022_19.wav,/Users/nilakshanraveendran/Documents/research/data/raw/DRAL16kHz/fragments-short/EN_022_19.wav,"Y me dice que, oye este, ¿dónde andas?",y me dice que hoy es donde ando.,"Uh, so he told me, hey, where are you?",And he tells me that today is where I'm going.,And he tells me that today is where I'm going.,/Users/nilakshanraveendran/Documents/research/outputs/synthesis/es-en/EN_022_19__ES_022_19_es-en.wav,63012136,0.5,0.0,0.38912859559059143,0.4521535038948059,133.85477436772487,157.44125508926237,159.1711851228967,29.77715583972971,33.7785842433518,36.680362961804285,0.01947125606238842,0.11155205219984055,0.017148122191429138,2.73,3.798,2.2,2.93040293040293,2.632964718272775,4.090909090909091,ok,,
EN_022_1__ES_022_1,22,true,en-es,/Users/nilakshanraveendran/Documents/research/data/raw/DRAL16kHz/fragments-short/EN_022_1.wav,/Users/nilakshanraveendran/Documents/research/data/raw/DRAL16kHz/fragments-short/ES_022_1.wav,"Actually, we fight a lot.","Actually, we've found a load.","Este, o más bien, nos esperábamos mucho","En realidad, hemos encontrado una carga.",En realidad hemos encontrado una carga,/Users/nilakshanraveendran/Documents/research/outputs/synthesis/en-es/EN_022_1__ES_022_1_en-es.wav,2087161822,0.6,0.0,0.35047703981399536,0.33780109882354736,180.464908515966,320.4048662843504,234.71683585178616,34.09003094877004,295.85663901296203,31.68367821437669,0.014749032445251942,0.09222382307052612,0.04758467897772789,1.74,5.291375,2.47,2.8735632183908044,1.1339207672863858,2.8340080971659916,ok,,
EN_022_1__ES_022_1,22,true,es-en,/Users/nilakshanraveendran/Documents/research/data/raw/DRAL16kHz/fragments-short/ES_022_1.wav,/Users/nilakshanraveendran/Documents/research/data/raw/DRAL16kHz/fragments-short/EN_022_1.wav,"Este, o más bien, nos esperábamos mucho","o más bien, ¿nos esperamos mucho?","Actually, we fight a lot.","Or rather, are we expecting much?","Or rather, are we expecting much?",/Users/nilakshanraveendran/Documents/research/outputs/synthesis/es-en/EN_022_1__ES_022_1_es-en.wav,1169074026,0.2857142857142857,0.0,0.30861496925354004,0.33780109882354736,234.71683585178616,228.83565688561754,180.464908515966,31.68367821437669,35.79841802240725,34.09003094877004,0.04758467897772789,0.08721355348825455,0.014749032445251942,2.47,3.243375,1.74,2.8340080971659916,1.8499248468030987,2.8735632183908044,ok,,
EN_022_20__ES_022_20,22,true,en-es,/Users/nilakshanraveendran/Documents/research/data/raw/DRAL16kHz/fragments-short/EN_022_20.wav,/Users/nilakshanraveendran/Documents/research/data/raw/DRAL16kHz/fragments-short/ES_022_20.wav,"And I said like, <unk> I went to the 15th anniversary of...","and I was like, yeah, I went to the 15th annuals of...","Pues le digo, no, pues me vine aquí a los 15 años de...","Y yo estaba como, sí, fui a los 15 años de...","y yo estaba como sí, fui a los 15 años de...",/Users/nilakshanraveendran/Documents/research/outputs/synthesis/en-es/EN_022_20__ES_022_20_en-es.wav,1106067040,0.25,0.0,0.6954894661903381,0.583770215511322,121.57085105131145,143.35548778898666,167.52789065483364,18.556748458502835,44.88643990202882,26.952716425809047,0.009933357127010822,0.1281004697084427,0.022354256361722946,3.79,5.238,2.19,3.1662269129287597,2.1000381825124093,5.936073059360731,ok,,
EN_022_20__ES_022_20,22,true,es-en,/Users/nilakshanraveendran/Documents/research/data/raw/DRAL16kHz/fragments-short/ES_022_20.wav,/Users/nilakshanraveendran/Documents/research/data/raw/DRAL16kHz/fragments-short/EN_022_20.wav,"Pues le digo, no, pues me vine aquí a los 15 años de...",me vine aquí a los 15 años de edad.,"And I said like, <unk> I went to the 15th anniversary of...",I came here at the age of 15.,"I came here at the age of 15, huh?",/Users/nilakshanraveendran/Documents/research/outputs/synthesis/es-en/EN_022_20__ES_022_20_es-en.wav,95261833,0.46153846153846156,0.125,0.5550806522369385,0.583770215511322,167.52789065483364,171.7114811233891,121.57085105131145,26.952716425809047,39.98779322960333,18.556748458502835,0.022354256361722946,0.08633416891098022,0.009933357127010822,2.19,3.1046875,3.79,5.936073059360731,2.5767488676396577,3.1662269129287597,ok,,
EN_022_21__ES_022_21,22,true,en-es,/Users/nilakshanraveendran/Documents/research/data/raw/DRAL16kHz/fragments-short/EN_022_21.wav,/Users/nilakshanraveendran/Documents/research/data/raw/DRAL16kHz/fragments-short/ES_022_21.wav,"I don't know, I need to...",I don't know. I need to...,"No sé, Juanita o alguien.","No lo sé, necesito...","No lo sé, necesito.",/Users/nilakshanraveendran/Documents/research/outputs/synthesis/en-es/EN_022_21__ES_022_21_en-es.wav,892965279,0.0,0.0,0.5994880199432373,0.48439767956733704,132.34543720541535,103.0274604703836,959.2141753115544,12.044068741486084,32.04255210757627,3.198897932970646,0.009926090948283672,0.05166186764836311,0.013080477714538574,1.32,4.918,1.89,4.545454545454545,0.8133387555917039,2.6455026455026456,ok,,
EN_022_21__ES_022_21,22,true,es-en,/Users/nilakshanraveendran/Documents/research/data/raw/DRAL16kHz/fragments-short/ES_022_21.wav,/Users/nilakshanraveendran/Documents/research/data/raw/DRAL16kHz/fragments-short/EN_022_21.wav,"No sé, Juanita o alguien.","No sé, Juanita o alguien.","I don't know, I need to...","I don't know, Juanita or someone.","I don't know, one either, or someone.",/Users/nilakshanraveendran/Documents/research/outputs/synthesis/es-en/EN_022_21__ES_022_21_es-en.wav,359055592,0.0,0.3333333333333333,0.48880988359451294,0.48439767956733704,959.2141753115544,163.22106997225868,132.34543720541535,3.198897932970646,15.760311010895373,12.044068741486084,0.013080477714538574,0.08901510387659073,0.009926090948283672,1.89,2.7846875,1.32,2.6455026455026456,2.154640332173718,4.545454545454545,ok,,
EN_022_22__ES_022_22,15,true,en-es,/Users/nilakshanraveendran/Documents/research/data/raw/DRAL16kHz/fragments-short/EN_022_22.wav,/Users/nilakshanraveendran/Documents/research/data/raw/DRAL16kHz/fragments-short/ES_022_22.wav,"Huh, your girlfriend? Huh!",Are you a girlfriend?,¿Tu novia?,¿Eres novia?,¿Eres novia?,/Users/nilakshanraveendran/Documents/research/outputs/synthesis/en-es/EN_022_22__ES_022_22_en-es.wav,2037184971,1.0,0.0,0.2661992907524109,0.3484792113304138,138.73191858367244,284.6283229518821,164.8937409053656,78.24072447745914,33.01227781848737,33.7647177081656,0.01395443920046091,0.11164350807666779,0.006483971141278744,3.0,1.622,3.3,1.3333333333333333,1.2330456226880393,0.6060606060606061,ok,,
EN_022_22__ES_022_22,15,true,es-en,/Users/nilakshanraveendran/Documents/research/data/raw/DRAL16kHz/fragments-short/ES_022_22.wav,/Users/nilakshanraveendran/Documents/research/data/raw/DRAL16kHz/fragments-short/EN_022_22.wav,¿Tu novia?,¿Tu novia?,"Huh, your girlfriend? Huh!",Your girlfriend?,Your girlfriend? Your girl? Peace he says?,/Users/nilakshanraveendran/Documents/research/outputs/synthesis/es-en/EN_022_22__ES_022_22_es-en.wav,986827659,0.0,2.5,0.45977938175201416,0.3484792113304138,164.8937409053656,338.7306977510854,138.73191858367244,33.7647177081656,281.46990427737677,78.24072447745914,0.006483971141278744,0.07703687995672226,0.01395443920046091,3.3,9.419375,3.0,0.6060606060606061,0.21232831265344038,1.3333333333333333,ok,,
EN_022_23__ES_022_23,22,true,en-es,/Users/nilakshanraveendran/Documents/research/data/raw/DRAL16kHz/fragments-short/EN_022_23.wav,/Users/nilakshanraveendran/Documents/research/data/raw/DRAL16kHz/fragments-short/ES_022_23.wav,Exact.,Exactly.,Exacto.,Exacto.,Exacto.,/Users/nilakshanraveendran/Documents/research/outputs/synthesis/en-es/EN_022_23__ES_022_23_en-es.wav,1899314963,1.0,0.0,0.41446617245674133,0.45035994052886963,180.96686759404142,121.98388592325928,nan,70.39666634401803,4.932683291495462,nan,0.004766638390719891,0.061169348657131195,0.00946412980556488,0.89,1.3446875,0.94,1.1235955056179776,0.7436672089240065,1.0638297872340425,ok,,
EN_022_23__ES_022_23,22,true,es-en,/Users/nilakshanraveendran/Documents/research/data/raw/DRAL16kHz/fragments-short/ES_022_23.wav,/Users/nilakshanraveendran/Documents/research/data/raw/DRAL16kHz/fragments-short/EN_022_23.wav,Exacto.,Exacto.,Exact.,Exactly.,Exactly.,/Users/nilakshanraveendran/Documents/research/outputs/synthesis/es-en/EN_022_23__ES_022_23_es-en.wav,159662890,0.0,0.0,0.5329155921936035,0.45035994052886963,nan,90.88711416328529,180.96686759404142,nan,18.233759095241783,70.39666634401803,0.00946412980556488,0.0320146270096302,0.004766638390719891,0.94,3.062,0.89,1.0638297872340425,0.32658393207054215,1.1235955056179776,ok,,
EN_022_24__ES_022_24,22,true,en-es,/Users/nilakshanraveendran/Documents/research/data/raw/DRAL16kHz/fragments-short/EN_022_24.wav,/Users/nilakshanraveendran/Documents/research/data/raw/DRAL16kHz/fragments-short/ES_022_24.wav,"So she told me like, we're done.","So, should I be like, we're done?","Me dicen, no, terminamos.","Entonces, ¿debería decir, que hemos terminado?","Entonces, ¿debería decir que hemos terminado?",/Users/nilakshanraveendran/Documents/research/outputs/synthesis/en-es/EN_022_24__ES_022_24_en-es.wav,1929390403,0.42857142857142855,0.0,0.4777567386627197,0.43733495473861694,146.00405651282165,112.87828347830438,136.95149717707187,39.07390119738943,35.45888812260876,22.164888497495195,0.01126556470990181,0.10751400142908096,0.01683403179049492,1.39,5.43,1.17,5.035971223021583,1.1049723756906078,3.418803418803419,ok,,
EN_022_24__ES_022_24,22,true,es-en,/Users/nilakshanraveendran/Documents/research/data/raw/DRAL16kHz/fragments-short/ES_022_24.wav,/Users/nilakshanraveendran/Documents/research/data/raw/DRAL16kHz/fragments-short/EN_022_24.wav,"Me dicen, no, terminamos.",me dicen no terminamos,"So she told me like, we're done.",They tell me we're not done.,They tell me we're not done.,/Users/nilakshanraveendran/Documents/research/outputs/synthesis/es-en/EN_022_24__ES_022_24_es-en.wav,1292011872,0.0,0.0,0.5119891166687012,0.43733495473861694,136.95149717707187,139.9892640566566,146.00405651282165,22.164888497495195,21.692768108724106,39.07390119738943,0.01683403179049492,0.10710563510656357,0.01126556470990181,1.17,1.995375,1.39,3.418803418803419,3.0069535801541067,5.035971223021583,ok,,
EN_022_25__ES_022_25,22,true,en-es,/Users/nilakshanraveendran/Documents/research/data/raw/DRAL16kHz/fragments-short/EN_022_25.wav,/Users/nilakshanraveendran/Documents/research/data/raw/DRAL16kHz/fragments-short/ES_022_25.wav,"because, like, she got mad at me.",because she got bad in me.,"Porque, pues no sé, se enojó conmigo y ya.",porque se puso mal en mí.,porque se puso mal en mí.,/Users/nilakshanraveendran/Documents/research/outputs/synthesis/en-es/EN_022_25__ES_022_25_en-es.wav,607390301,0.42857142857142855,0.0,0.4799761176109314,0.4685679078102112,118.43149494076086,79.79619621658541,135.0222933578414,7.436797238630134,22.268800972832828,30.69572360817142,0.007111504208296537,0.04786008596420288,0.00897553563117981,1.71,5.515375,1.49,4.093567251461988,1.0878680053486844,6.040268456375839,ok,,
EN_022_25__ES_022_25,22,true,es-en,/Users/nilakshanraveendran/Documents/research/data/raw/DRAL16kHz/fragments-short/ES_022_25.wav,/Users/nilakshanraveendran/Documents/research/data/raw/DRAL16kHz/fragments-short/EN_022_25.wav,"Porque, pues no sé, se enojó conmigo y ya.","porque no sé, se enajó conmigo ya.","because, like, she got mad at me.","'Cause I don't know, he got mad at me already.","Cause I don't know, he got mad at me already.",/Users/nilakshanraveendran/Documents/research/outputs/synthesis/es-en/EN_022_25__ES_022_25_es-en.wav,1467988975,0.3333333333333333,0.0,0.4952912926673889,0.4685679078102112,135.0222933578414,134.62939421307544,118.43149494076086,30.69572360817142,19.52425647175101,7.436797238630134,0.00897553563117981,0.07963939756155014,0.007111504208296537,1.49,3.0086875,1.71,6.040268456375839,3.3237084276781816,4.093567251461988,ok,,
EN_022_26__ES_022_26,22,true,en-es,/Users/nilakshanraveendran/Documents/research/data/raw/DRAL16kHz/fragments-short/EN_022_26.wav,/Users/nilakshanraveendran/Documents/research/data/raw/DRAL16kHz/fragments-short/ES_022_26.wav,"Okay, so we- we broke up.","Okay, so we broke up.","Ok, terminamos","Bien, entonces rompimos.","Bien, entonces rompimos.",/Users/nilakshanraveendran/Documents/research/outputs/synthesis/en-es/EN_022_26__ES_022_26_en-es.wav,692786703,0.16666666666666666,0.0,0.3801816403865814,0.3825877606868744,111.7783261781844,193.45462363347815,170.62767045230436,12.543742969403947,289.4551801877812,7.594251291330266,0.005159610882401466,0.03622350096702576,0.012087497860193253,1.94,9.7926875,1.16,3.0927835051546393,0.30635103999795765,1.7241379310344829,ok,,
EN_022_26__ES_022_26,22,true,es-en,/Users/nilakshanraveendran/Documents/research/data/raw/DRAL16kHz/fragments-short/ES_022_26.wav,/Users/nilakshanraveendran/Documents/research/data/raw/DRAL16kHz/fragments-short/EN_022_26.wav,"Ok, terminamos","ok, tenamos","Okay, so we- we broke up.","Okay, let's have","Okay, let's have...",/Users/nilakshanraveendran/Documents/research/outputs/synthesis/es-en/EN_022_26__ES_022_26_es-en.wav,1380455736,0.5,0.0,0.308769553899765,0.3825877606868744,170.62767045230436,176.9367659625729,111.7783261781844,7.594251291330266,26.43151649590072,12.543742969403947,0.012087497860193253,0.10554369539022446,0.005159610882401466,1.16,1.707375,1.94,1.7241379310344829,1.757083241818581,3.0927835051546393,ok,,
EN_022_27__ES_022_27,22,true,en-es,/Users/nilakshanraveendran/Documents/research/data/raw/DRAL16kHz/fragments-short/EN_022_27.wav,/Users/nilakshanraveendran/Documents/research/data/raw/DRAL16kHz/fragments-short/ES_022_27.wav,And now comes an important situation.,And now comes an important situation.,Y ahora viene una situación importante.,Y ahora viene una situación importante.,Y ahora viene una situación importante.,/Users/nilakshanraveendran/Documents/research/outputs/synthesis/en-es/EN_022_27__ES_022_27_en-es.wav,885779414,0.0,0.0,0.6309121251106262,0.5085029006004333,135.72559910637236,382.0487892234878,155.55030650638292,23.985515642657557,390.05036661347094,32.99941939966157,0.01323863584548235,0.05202674865722656,0.0397694855928421,2.57,5.707375,3.3,2.3346303501945527,1.0512713813267922,1.8181818181818183,ok,,
EN_022_27__ES_022_27,22,true,es-en,/Users/nilakshanraveendran/Documents/research/data/raw/DRAL16kHz/fragments-short/ES_022_27.wav,/Users/nilakshanraveendran/Documents/research/data/raw/DRAL16kHz/fragments-short/EN_022_27.wav,Y ahora viene una situación importante.,Y ahora viene una situación importante.,And now comes an important situation.,And now comes an important situation.,And now comes an important situation.,/Users/nilakshanraveendran/Documents/research/outputs/synthesis/es-en/EN_022_27__ES_022_27_es-en.wav,1074444559,0.0,0.0,0.3446182608604431,0.5085029006004333,155.55030650638292,154.17898450660707,135.72559910637236,32.99941939966157,39.543552738008195,23.985515642657557,0.0397694855928421,0.07885700464248657,0.01323863584548235,3.3,2.6886875,2.57,1.8181818181818183,2.2315720960505825,2.3346303501945527,ok,,
EN_022_28__ES_022_28,22,true,en-es,/Users/nilakshanraveendran/Documents/research/data/raw/DRAL16kHz/fragments-short/EN_022_28.wav,/Users/nilakshanraveendran/Documents/research/data/raw/DRAL16kHz/fragments-short/ES_022_28.wav,So it was the middle of the year.,So it was the middle of this year.,Era mitad de año.,Así que fue a mediados de este año.,Así que fue a mediados de este año.,/Users/nilakshanraveendran/Documents/research/outputs/synthesis/en-es/EN_022_28__ES_022_28_en-es.wav,1610975990,0.125,0.0,0.4531758427619934,0.3990156650543213,151.696543403838,154.4563089825173,140.78648697272823,16.60256232858978,24.47372344604804,15.64450216704781,0.01990099437534809,0.16738376021385193,0.026653440669178963,1.215,2.923375,1.2,6.584362139917695,2.7365630478470946,3.3333333333333335,ok,,
EN_022_28__ES_022_28,22,true,es-en,/Users/nilakshanraveendran/Documents/research/data/raw/DRAL16kHz/fragments-short/ES_022_28.wav,/Users/nilakshanraveendran/Documents/research/data/raw/DRAL16kHz/fragments-short/EN_022_28.wav,Era mitad de año.,Era mitad de año.,So it was the middle of the year.,It was half a year.,It was half a year.,/Users/nilakshanraveendran/Documents/research/outputs/synthesis/es-en/EN_022_28__ES_022_28_es-en.wav,2044284480,0.0,0.0,0.38593778014183044,0.3990156650543213,140.78648697272823,139.39222015723198,151.696543403838,15.64450216704781,13.403698993506946,16.60256232858978,0.026653440669178963,0.08484261482954025,0.01990099437534809,1.2,1.803375,1.215,3.3333333333333335,2.7725791917931657,6.584362139917695,ok,,
EN_022_29__ES_022_29,22,true,en-es,/Users/nilakshanraveendran/Documents/research/data/raw/DRAL16kHz/fragments-short/EN_022_29.wav,/Users/nilakshanraveendran/Documents/research/data/raw/DRAL16kHz/fragments-short/ES_022_29.wav,and there's going to be a school trip,and there's going to be a school trip.,Y va a haber un viaje escolar.,y va a haber un viaje a la escuela.,y va a haber un viaje a la escuela.inl,/Users/nilakshanraveendran/Documents/research/outputs/synthesis/en-es/EN_022_29__ES_022_29_en-es.wav,369197850,0.0,0.1111111111111111,0.5249540209770203,0.4156654179096222,149.97079129928696,120.88258357402486,122.12462595743335,51.88774051862969,19.03381699869152,8.642314539296803,0.009915645234286785,0.11526389420032501,0.020268850028514862,2.05,3.659375,1.57,3.9024390243902443,2.4594363791631086,4.45859872611465,ok,,
EN_022_29__ES_022_29,22,true,es-en,/Users/nilakshanraveendran/Documents/research/data/raw/DRAL16kHz/fragments-short/ES_022_29.wav,/Users/nilakshanraveendran/Documents/research/data/raw/DRAL16kHz/fragments-short/EN_022_29.wav,Y va a haber un viaje escolar.,y va a haber un viaje escolar.,and there's going to be a school trip,And there's going to be a school trip.,and there's going to be a school trip.,/Users/nilakshanraveendran/Documents/research/outputs/synthesis/es-en/EN_022_29__ES_022_29_es-en.wav,101508853,0.0,0.0,0.42124128341674805,0.4156654179096222,122.12462595743335,124.35725688643889,149.97079129928696,8.642314539296803,9.135515587930819,51.88774051862969,0.020268850028514862,0.10051721334457397,0.009915645234286785,1.57,3.0086875,2.05,4.45859872611465,2.6589667421425456,3.9024390243902443,ok,,
EN_022_2__ES_022_2,22,true,en-es,/Users/nilakshanraveendran/Documents/research/data/raw/DRAL16kHz/fragments-short/EN_022_2.wav,/Users/nilakshanraveendran/Documents/research/data/raw/DRAL16kHz/fragments-short/ES_022_2.wav,"and I went out to more quinceañeras, parties, things like that","and I went out to more quinceañeras, paris, things like that.","Y salía más a quinceañeras y así, más fiestecillas.","Y salí a más quinceañeras, París, cosas así.","y salía más quinceañeras, París, cosas así.",/Users/nilakshanraveendran/Documents/research/outputs/synthesis/en-es/EN_022_2__ES_022_2_en-es.wav,243507784,0.09090909090909091,0.25,0.5020467638969421,0.5979492664337158,132.03094358638836,137.95360883392758,137.25780510556478,7.548105156012692,15.455617260948813,13.446407190760555,0.01817796379327774,0.08280055224895477,0.03546696901321411,3.85,3.574,3.37,2.857142857142857,2.238388360380526,2.6706231454005933,ok,,
EN_022_2__ES_022_2,22,true,es-en,/Users/nilakshanraveendran/Documents/research/data/raw/DRAL16kHz/fragments-short/ES_022_2.wav,/Users/nilakshanraveendran/Documents/research/data/raw/DRAL16kHz/fragments-short/EN_022_2.wav,"Y salía más a quinceañeras y así, más fiestecillas.","y salía más a quinceañeras y así, más fiesticillas.","and I went out to more quinceañeras, parties, things like that","And it went out more to quinceañeras and so on, more partying.",And it went out more Quincenieres and so on. More partying.,/Users/nilakshanraveendran/Documents/research/outputs/synthesis/es-en/EN_022_2__ES_022_2_es-en.wav,260363445,0.1111111111111111,0.16666666666666666,0.544786274433136,0.5979492664337158,137.25780510556478,120.17125782361062,132.03094358638836,13.446407190760555,23.37968465975375,7.548105156012692,0.03546696901321411,0.11863712221384048,0.01817796379327774,3.37,5.099375,3.85,2.6706231454005933,2.353229562446378,2.857142857142857,ok,,
EN_022_30__ES_022_30,22,true,en-es,/Users/nilakshanraveendran/Documents/research/data/raw/DRAL16kHz/fragments-short/EN_022_30.wav,/Users/nilakshanraveendran/Documents/research/data/raw/DRAL16kHz/fragments-short/ES_022_30.wav,"We are going to the side of Mexico, <unk>.",We are going to the side of Mexico.,"Ibamos a ir al sur de México, este.",Nos vamos al lado de México.,Nos vamos al lado de México.,/Users/nilakshanraveendran/Documents/research/outputs/synthesis/en-es/EN_022_30__ES_022_30_en-es.wav,4336519,0.1111111111111111,0.0,0.5037416219711304,0.6290487051010132,146.77315209962472,138.65502156411054,140.16475360110326,29.109569520620283,38.27133992691601,44.47718960917696,0.012632414698600769,0.08737612515687943,0.016620216891169548,3.1,3.147375,3.41,2.903225806451613,1.9063505302037413,2.3460410557184748,ok,,
EN_022_30__ES_022_30,22,true,es-en,/Users/nilakshanraveendran/Documents/research/data/raw/DRAL16kHz/fragments-short/ES_022_30.wav,/Users/nilakshanraveendran/Documents/research/data/raw/DRAL16kHz/fragments-short/EN_022_30.wav,"Ibamos a ir al sur de México, este.",y vamos a ir al sur de México.,"We are going to the side of Mexico, <unk>.",And we're going south of Mexico.,and we're going south of next.,/Users/nilakshanraveendran/Documents/research/outputs/synthesis/es-en/EN_022_30__ES_022_30_es-en.wav,218568340,0.375,0.16666666666666666,0.41403383016586304,0.6290487051010132,140.16475360110326,120.45328085263039,146.77315209962472,44.47718960917696,9.465735601743546,29.109569520620283,0.016620216891169548,0.07395026832818985,0.012632414698600769,3.41,2.411375,3.1,2.3460410557184748,2.4882069358768337,2.903225806451613,ok,,
EN_022_31__ES_022_31,22,true,en-es,/Users/nilakshanraveendran/Documents/research/data/raw/DRAL16kHz/fragments-short/EN_022_31.wav,/Users/nilakshanraveendran/Documents/research/data/raw/DRAL16kHz/fragments-short/ES_022_31.wav,precisely to Guanajuato.,precisely to Guanajuato,Ah de- precisamente a Guanajuato,precisamente a Guanajuato,Precisamente a Guanajuato.,/Users/nilakshanraveendran/Documents/research/outputs/synthesis/en-es/EN_022_31__ES_022_31_en-es.wav,132376995,0.0,0.0,0.48571154475212097,0.6244270205497742,191.01251024425255,100.03414445595472,144.81958049450148,131.35616511500706,38.32768078747601,37.6745018239621,0.010304559022188187,0.08025190979242325,0.014647253789007664,1.92,3.798,1.96,1.5625,0.7898894154818326,2.5510204081632653,ok,,
EN_022_31__ES_022_31,22,true,es-en,/Users/nilakshanraveendran/Documents/research/data/raw/DRAL16kHz/fragments-short/ES_022_31.wav,/Users/nilakshanraveendran/Documents/research/data/raw/DRAL16kHz/fragments-short/EN_022_31.wav,Ah de- precisamente a Guanajuato,con las vi DNCξ,precisely to Guanajuato.,with the I saw DNC,with the ISO DNC.,/Users/nilakshanraveendran/Documents/research/outputs/synthesis/es-en/EN_022_31__ES_022_31_es-en.wav,692091788,1.0,0.4,0.4643082022666931,0.6244270205497742,144.81958049450148,128.42339541893716,191.01251024425255,37.6745018239621,12.036862692764705,131.35616511500706,0.014647253789007664,0.08245367556810379,0.010304559022188187,1.96,2.1766875,1.92,2.5510204081632653,2.297068366497258,1.5625,ok,,
EN_022_32__ES_022_32,15,true,en-es,/Users/nilakshanraveendran/Documents/research/data/raw/DRAL16kHz/fragments-short/EN_022_32.wav,/Users/nilakshanraveendran/Documents/research/data/raw/DRAL16kHz/fragments-short/ES_022_32.wav,Oh cool.,Oh cool.,"Ah, que padre.",Genial.,¡Fenial!,/Users/nilakshanraveendran/Documents/research/outputs/synthesis/en-es/EN_022_32__ES_022_32_en-es.wav,1130745407,0.0,1.0,0.08764570951461792,0.29389142990112305,108.22518213779027,94.3535703943216,126.19497153262974,4.717352250543379,22.239676639512062,18.487184942552027,0.0033514038659632206,0.055739130824804306,0.0029655282851308584,1.17,3.478,0.83,1.7094017094017095,0.2875215641173088,3.6144578313253013,ok,,
EN_022_32__ES_022_32,15,true,es-en,/Users/nilakshanraveendran/Documents/research/data/raw/DRAL16kHz/fragments-short/ES_022_32.wav,/Users/nilakshanraveendran/Documents/research/data/raw/DRAL16kHz/fragments-short/EN_022_32.wav,"Ah, que padre.","Ah, que padre.",Oh cool.,"Oh, what a father.","Oh, what a father.",/Users/nilakshanraveendran/Documents/research/outputs/synthesis/es-en/EN_022_32__ES_022_32_es-en.wav,227959733,0.0,0.0,0.27712714672088623,0.29389142990112305,126.19497153262974,117.05886330957505,108.22518213779027,18.487184942552027,10.487858534767664,4.717352250543379,0.0029655282851308584,0.09464658796787262,0.0033514038659632206,0.83,1.846,1.17,3.6144578313253013,2.1668472372697725,1.7094017094017095,ok,,
EN_022_33__ES_022_33,22,true,en-es,/Users/nilakshanraveendran/Documents/research/data/raw/DRAL16kHz/fragments-short/EN_022_33.wav,/Users/nilakshanraveendran/Documents/research/data/raw/DRAL16kHz/fragments-short/ES_022_33.wav,"And I told him, hey I haven't got to put my name on the list of the trip, can you come with me?","On the top of him, hey, I have him, go to put my name on the list of the trip. Can you come with me?","Y le dije, oye, ¿sabes qué? No he ido a anotar mi nombre en la lista del viaje, ¿me acompañas?","En la parte superior de él, oye, lo tengo, ve a poner mi nombre en la lista del viaje. ¿Puedes venir conmigo?","En la parte superior de él... Oye... Lo tengo, voy a poner mi nombre en la lista del viaje. ¿Puedes venir conmigo?",/Users/nilakshanraveendran/Documents/research/outputs/synthesis/en-es/EN_022_33__ES_022_33_en-es.wav,267714663,0.30434782608695654,0.045454545454545456,0.5240236520767212,0.5353457927703857,148.62417269821435,147.25212704966677,154.24369143110957,28.48288376401711,48.07649693218613,34.17180509119812,0.01357105653733015,0.09112007170915604,0.023927241563796997,5.32,8.4386875,5.59,4.323308270676692,2.6070404905976194,3.5778175313059033,ok,,
EN_022_33__ES_022_33,22,true,es-en,/Users/nilakshanraveendran/Documents/research/data/raw/DRAL16kHz/fragments-short/ES_022_33.wav,/Users/nilakshanraveendran/Documents/research/data/raw/DRAL16kHz/fragments-short/EN_022_33.wav,"Y le dije, oye, ¿sabes qué? No he ido a anotar mi nombre en la lista del viaje, ¿me acompañas?","y le dije, oye, ¿sabes qué? No he ido a anotar mi nombre en la lista del viaje, me acompañas.","And I told him, hey I haven't got to put my name on the list of the trip, can you come with me?","And I said, hey, you know what, I didn't go write my name on the travel list, you're with me.","And I said, hey, you know what? I didn't go write my name on the travel list, you're with me.",/Users/nilakshanraveendran/Documents/research/outputs/synthesis/es-en/EN_022_33__ES_022_33_es-en.wav,2096304650,0.0,0.0,0.5674276947975159,0.5353457927703857,154.24369143110957,214.28425848787677,148.62417269821435,34.17180509119812,63.91380801753806,28.48288376401711,0.023927241563796997,0.08804956078529358,0.01357105653733015,5.59,6.262,5.32,3.5778175313059033,3.1938677738741617,4.323308270676692,ok,,
EN_022_34__ES_022_34,22,true,en-es,/Users/nilakshanraveendran/Documents/research/data/raw/DRAL16kHz/fragments-short/EN_022_34.wav,/Users/nilakshanraveendran/Documents/research/data/raw/DRAL16kHz/fragments-short/ES_022_34.wav,"Oh, <unk>, yeah yeah.","Ah, yeah, yeah.","Ah, sí, sí.","Ah, sí, sí.","Ah, si, si.",/Users/nilakshanraveendran/Documents/research/outputs/synthesis/en-es/EN_022_34__ES_022_34_en-es.wav,1434816939,0.5,0.6666666666666666,0.31724196672439575,0.1484815627336502,222.63805980365265,252.35817309412346,267.73209839746704,23.793082141621504,27.434863241385386,26.12680569678356,0.009128413163125515,0.067704938352108,0.010993660427629948,1.12,2.134,0.84,3.571428571428571,1.4058106841611997,3.5714285714285716,ok,,
EN_022_34__ES_022_34,22,true,es-en,/Users/nilakshanraveendran/Documents/research/data/raw/DRAL16kHz/fragments-short/ES_022_34.wav,/Users/nilakshanraveendran/Documents/research/data/raw/DRAL16kHz/fragments-short/EN_022_34.wav,"Ah, sí, sí.","Ah, sí, sí.","Oh, <unk>, yeah yeah.","Oh, yeah, yeah.","Oh yeah, yeah.",/Users/nilakshanraveendran/Documents/research/outputs/synthesis/es-en/EN_022_34__ES_022_34_es-en.wav,46866381,0.0,0.0,0.18203988671302795,0.1484815627336502,267.73209839746704,246.09512446307448,222.63805980365265,26.12680569678356,25.641490749533986,23.793082141621504,0.010993660427629948,0.11448858678340912,0.009128413163125515,0.84,1.995375,1.12,3.5714285714285716,1.5034767900770534,3.571428571428571,ok,,
EN_022_35__ES_022_35,22,true,en-es,/Users/nilakshanraveendran/Documents/research/data/raw/DRAL16kHz/fragments-short/EN_022_35.wav,/Users/nilakshanraveendran/Documents/research/data/raw/DRAL16kHz/fragments-short/ES_022_35.wav,So I see this girl and Enrique.,So I see this girl and Ricky.,"Veo, a esta chava y a Enrique.",Así que veo a esta chica y a Ricky.,Así que veo a esta chica y a Ricky.,/Users/nilakshanraveendran/Documents/research/outputs/synthesis/en-es/EN_022_35__ES_022_35_en-es.wav,1143720812,0.14285714285714285,0.0,0.6418300867080688,0.5829125046730042,142.49074702321118,157.22441083106003,146.90433471055064,19.75005350406763,33.94213188100453,30.044403953814864,0.018230924382805824,0.10850013792514801,0.03827397897839546,3.3,3.574,4.21,2.121212121212121,2.518186905428092,1.66270783847981,ok,,
EN_022_35__ES_022_35,22,true,es-en,/Users/nilakshanraveendran/Documents/research/data/raw/DRAL16kHz/fragments-short/ES_022_35.wav,/Users/nilakshanraveendran/Documents/research/data/raw/DRAL16kHz/fragments-short/EN_022_35.wav,"Veo, a esta chava y a Enrique.",Veo esta chava y Enrique.,So I see this girl and Enrique.,I see this girl and Henry.,I see this girl on Henry.,/Users/nilakshanraveendran/Documents/research/outputs/synthesis/es-en/EN_022_35__ES_022_35_es-en.wav,1190175910,0.2857142857142857,0.16666666666666666,0.43479976058006287,0.5829125046730042,146.90433471055064,151.39065243869388,142.49074702321118,30.044403953814864,50.67724869021361,19.75005350406763,0.03827397897839546,0.09731574356555939,0.018230924382805824,4.21,2.923375,3.3,1.66270783847981,2.0524222858853207,2.121212121212121,ok,,
EN_022_36__ES_022_36,22,true,en-es,/Users/nilakshanraveendran/Documents/research/data/raw/DRAL16kHz/fragments-short/EN_022_36.wav,/Users/nilakshanraveendran/Documents/research/data/raw/DRAL16kHz/fragments-short/ES_022_36.wav,"in a chair, like, she's sitting on her legs, and really intimate.","in a chair, she's sitting on her legs and really intimate.",ahí de que el sentado y ella en sus piernas y así muy acaramelados no,"en una silla, está sentada en sus piernas y muy íntima.",En una silla está sentada en sus piernas y muy íntima.,/Users/nilakshanraveendran/Documents/research/outputs/synthesis/en-es/EN_022_36__ES_022_36_en-es.wav,47266730,0.08333333333333333,0.0,0.5909261703491211,0.5999627113342285,123.87585595993312,781.8821445841694,140.95224382042463,23.617575423264103,373.2039055668187,35.59020388077668,0.00757808331400156,0.03805427998304367,0.02997721917927265,5.59,17.3126875,4.45,2.146690518783542,0.6353721800846922,3.3707865168539324,ok,,
EN_022_36__ES_022_36,22,true,es-en,/Users/nilakshanraveendran/Documents/research/data/raw/DRAL16kHz/fragments-short/ES_022_36.wav,/Users/nilakshanraveendran/Documents/research/data/raw/DRAL16kHz/fragments-short/EN_022_36.wav,ahí de que el sentado y ella en sus piernas y así muy acaramelados no,ahí de que el sentado y ahí en sus piernas y así muy acramelados.,"in a chair, like, she's sitting on her legs, and really intimate.",There he sat and there on his legs and so very acramelados.,"There he sat, and there on his legs, and so very accramly buckles.",/Users/nilakshanraveendran/Documents/research/outputs/synthesis/es-en/EN_022_36__ES_022_36_es-en.wav,898864034,0.2,0.16666666666666666,0.5481434464454651,0.5999627113342285,140.95224382042463,506.00910888540636,123.87585595993312,35.59020388077668,355.15289618342945,23.617575423264103,0.02997721917927265,0.0664583221077919,0.00757808331400156,4.45,8.214,5.59,3.3707865168539324,1.4609203798392987,2.146690518783542,ok,,
EN_022_37__ES_022_37,22,true,en-es,/Users/nilakshanraveendran/Documents/research/data/raw/DRAL16kHz/fragments-short/EN_022_37.wav,/Users/nilakshanraveendran/Documents/research/data/raw/DRAL16kHz/fragments-short/ES_022_37.wav,"Then, I say what I did with respectful act.",Then I say what I did with respectful act.,"Entonces, yo, ya los veo y digo que falta respeto.",Entonces digo lo que hice con un acto respetuoso.,Entonces digo lo que hice con un acto respetuoso.,/Users/nilakshanraveendran/Documents/research/outputs/synthesis/en-es/EN_022_37__ES_022_37_en-es.wav,1713886744,0.0,0.0,0.5453135967254639,0.44652825593948364,137.6766773456513,148.84049123483257,173.4803601630532,27.13519886233549,25.8423819601661,42.316589584120464,0.014123020693659782,0.08240151405334473,0.04076220840215683,4.13,5.803375,4.74,2.179176755447942,1.5508217201197578,2.109704641350211,ok,,
EN_022_37__ES_022_37,22,true,es-en,/Users/nilakshanraveendran/Documents/research/data/raw/DRAL16kHz/fragments-short/ES_022_37.wav,/Users/nilakshanraveendran/Documents/research/data/raw/DRAL16kHz/fragments-short/EN_022_37.wav,"Entonces, yo, ya los veo y digo que falta respeto.","Entonces, yo de los voy a decir que falta respeto.","Then, I say what I did with respectful act.","So, I'm gonna say disrespect.",So I'm gonna say disrespect.,/Users/nilakshanraveendran/Documents/research/outputs/synthesis/es-en/EN_022_37__ES_022_37_es-en.wav,1734810500,0.4,0.0,0.2906038761138916,0.44652825593948364,173.4803601630532,216.782264026055,137.6766773456513,42.316589584120464,38.99933856486421,27.13519886233549,0.04076220840215683,0.07874652743339539,0.014123020693659782,4.74,3.062,4.13,2.109704641350211,1.6329196603527107,2.179176755447942,ok,,
EN_022_38__ES_022_38,22,true,en-es,/Users/nilakshanraveendran/Documents/research/data/raw/DRAL16kHz/fragments-short/EN_022_38.wav,/Users/nilakshanraveendran/Documents/research/data/raw/DRAL16kHz/fragments-short/ES_022_38.wav,"Of course, I think a lot of more things in my head.","Of course, I think a lot of more things in my head.",Claro que pensé más cosas en mi cabeza en ese momento.,"Por supuesto, creo que hay muchas cosas más en mi cabeza.",Por supuesto creo que hay muchas cosas más en mi cabeza.,/Users/nilakshanraveendran/Documents/research/outputs/synthesis/en-es/EN_022_38__ES_022_38_en-es.wav,1095279,0.0,0.0,0.5154804587364197,0.4338785409927368,186.57067378175333,166.17655476906546,199.06794255925632,34.242742478505406,49.44984026212179,26.654527157754266,0.03745099902153015,0.07426494359970093,0.07122223824262619,2.58,4.9606875,2.72,4.651162790697675,2.2174345793803782,4.044117647058823,ok,,
EN_022_38__ES_022_38,22,true,es-en,/Users/nilakshanraveendran/Documents/research/data/raw/DRAL16kHz/fragments-short/ES_022_38.wav,/Users/nilakshanraveendran/Documents/research/data/raw/DRAL16kHz/fragments-short/EN_022_38.wav,Claro que pensé más cosas en mi cabeza en ese momento.,Y claro que pensé en más cosas en ICS de inicio a momento.,"Of course, I think a lot of more things in my head.",And of course I thought of more things at ICS from start to finish.,"And of course, I thought of more things at ICEs from start to finish.",/Users/nilakshanraveendran/Documents/research/outputs/synthesis/es-en/EN_022_38__ES_022_38_es-en.wav,354081671,0.5454545454545454,0.07142857142857142,0.4752107262611389,0.4338785409927368,199.06794255925632,194.54003651799414,186.57067378175333,26.654527157754266,34.35395447445059,34.242742478505406,0.07122223824262619,0.08952908962965012,0.03745099902153015,2.72,5.43,2.58,4.044117647058823,2.578268876611418,4.651162790697675,ok,,
EN_022_39__ES_022_39,22,true,en-es,/Users/nilakshanraveendran/Documents/research/data/raw/DRAL16kHz/fragments-short/EN_022_39.wav,/Users/nilakshanraveendran/Documents/research/data/raw/DRAL16kHz/fragments-short/ES_022_39.wav,"Then these guys told me like, what are you gonna do? Something like...",then this guy is telling me like what are you gonna do something like,"Entonces este chavo me dice, ¿qué vas a hacer?, no sé qué",Entonces este tipo me está diciendo como que vas a hacer algo como,Entonces este tipo me está diciendo como que vas a hacer algo como...,/Users/nilakshanraveendran/Documents/research/outputs/synthesis/en-es/EN_022_39__ES_022_39_en-es.wav,2003888484,0.3076923076923077,0.0,0.5534863471984863,0.5909975171089172,259.4096040085424,167.81165729277677,177.51551866129705,250.3207528001287,31.41911408047469,35.099356025684735,0.014094993472099304,0.14659273624420166,0.03202507644891739,3.53,4.2246875,4.36,3.68271954674221,3.077150676825209,2.7522935779816513,ok,,
EN_022_39__ES_022_39,22,true,es-en,/Users/nilakshanraveendran/Documents/research/data/raw/DRAL16kHz/fragments-short/ES_022_39.wav,/Users/nilakshanraveendran/Documents/research/data/raw/DRAL16kHz/fragments-short/EN_022_39.wav,"Entonces este chavo me dice, ¿qué vas a hacer?, no sé qué",Entonces este chavo me dice ¿Qué vas a hacer? No se que...,"Then these guys told me like, what are you gonna do? Something like...",So this kid tells me what you're gonna do?,So this kid tells me what you're gonna do.,/Users/nilakshanraveendran/Documents/research/outputs/synthesis/es-en/EN_022_39__ES_022_39_es-en.wav,1779975558,0.16666666666666666,0.0,0.3139835596084595,0.5909975171089172,177.51551866129705,213.90446819810825,259.4096040085424,35.099356025684735,48.01285080376059,250.3207528001287,0.03202507644891739,0.1148199737071991,0.014094993472099304,4.36,2.635375,3.53,2.7522935779816513,3.4150737561068163,3.68271954674221,ok,,
EN_022_3__ES_022_3,15,true,en-es,/Users/nilakshanraveendran/Documents/research/data/raw/DRAL16kHz/fragments-short/EN_022_3.wav,/Users/nilakshanraveendran/Documents/research/data/raw/DRAL16kHz/fragments-short/ES_022_3.wav,"Ah, yeah.","Ah, yeah.","Ah, sí.","Ah, sí.","¡Ah, sí!",/Users/nilakshanraveendran/Documents/research/outputs/synthesis/en-es/EN_022_3__ES_022_3_en-es.wav,1490082885,0.0,0.0,0.28857219219207764,0.3324645757675171,89.65991222987847,151.0498139004297,101.00641219422876,5.367651588922533,8.8454518598611,12.294132240760696,0.017123082652688026,0.0750238373875618,0.016583139076828957,1.41,2.038,1.59,1.4184397163120568,0.9813542688910698,1.2578616352201257,ok,,
EN_022_3__ES_022_3,15,true,es-en,/Users/nilakshanraveendran/Documents/research/data/raw/DRAL16kHz/fragments-short/ES_022_3.wav,/Users/nilakshanraveendran/Documents/research/data/raw/DRAL16kHz/fragments-short/EN_022_3.wav,"Ah, sí.","Ah, sí.","Ah, yeah.","Oh, yeah.","Oh, yeah.",/Users/nilakshanraveendran/Documents/research/outputs/synthesis/es-en/EN_022_3__ES_022_3_es-en.wav,836157922,0.0,0.0,0.3996027708053589,0.3324645757675171,101.00641219422876,97.53673729415435,89.65991222987847,12.294132240760696,1.0924939263238806,5.367651588922533,0.016583139076828957,0.05565866827964783,0.017123082652688026,1.59,2.1766875,1.41,1.2578616352201257,0.9188273465989032,1.4184397163120568,ok,,
EN_022_40__ES_022_40,22,true,en-es,/Users/nilakshanraveendran/Documents/research/data/raw/DRAL16kHz/fragments-short/EN_022_40.wav,/Users/nilakshanraveendran/Documents/research/data/raw/DRAL16kHz/fragments-short/ES_022_40.wav,"No- no, I'm not gonna go out there and make a fuzz","No, I'm not gonna go there and make a fuzz",Pues no voy a ir a hacer la de todos,"No, no voy a ir allí y hacer una pelusa","No, no voy a ir allí y a hacer una pelusa.",/Users/nilakshanraveendran/Documents/research/outputs/synthesis/en-es/EN_022_40__ES_022_40_en-es.wav,1107695572,0.16666666666666666,0.1,0.4485609531402588,0.46048617362976074,157.22855433432215,137.55314533592613,157.19972570941633,37.103983183063704,16.130145043945227,31.33094817742646,0.017727158963680267,0.10617613047361374,0.0246590469032526,2.44,3.243375,1.57,4.918032786885246,3.0832080780051645,6.369426751592356,ok,,
EN_022_40__ES_022_40,22,true,es-en,/Users/nilakshanraveendran/Documents/research/data/raw/DRAL16kHz/fragments-short/ES_022_40.wav,/Users/nilakshanraveendran/Documents/research/data/raw/DRAL16kHz/fragments-short/EN_022_40.wav,Pues no voy a ir a hacer la de todos,no voy a ir a hacerla de todos,"No- no, I'm not gonna go out there and make a fuzz",I'm not gonna go make it everybody's.,"I'm not gonna go make it, everybody.",/Users/nilakshanraveendran/Documents/research/outputs/synthesis/es-en/EN_022_40__ES_022_40_es-en.wav,748619553,0.3,0.14285714285714285,0.41263023018836975,0.46048617362976074,157.19972570941633,137.15985502358495,157.22855433432215,31.33094817742646,25.971827607942444,37.103983183063704,0.0246590469032526,0.08584629744291306,0.017727158963680267,1.57,2.5926875,2.44,6.369426751592356,2.699901164332377,4.918032786885246,ok,,
EN_022_41__ES_022_41,22,true,en-es,/Users/nilakshanraveendran/Documents/research/data/raw/DRAL16kHz/fragments-short/EN_022_41.wav,/Users/nilakshanraveendran/Documents/research/data/raw/DRAL16kHz/fragments-short/ES_022_41.wav,so i did what i can think of,So I did what I can take of.,Hice lo más... eh lo que se me ocurría mejor.,Así que hice lo que pude.,Así que hice lo que pude.,/Users/nilakshanraveendran/Documents/research/outputs/synthesis/en-es/EN_022_41__ES_022_41_en-es.wav,644639429,0.125,0.0,0.45825761556625366,0.39710667729377747,148.4992889501493,139.71681039945335,189.22025303484972,30.79563321534452,19.713051655153052,10.587530122031675,0.013586306013166904,0.06684364378452301,0.04391351714730263,2.33,2.6886875,2.79,3.4334763948497855,2.2315720960505825,3.5842293906810037,ok,,
EN_022_41__ES_022_41,22,true,es-en,/Users/nilakshanraveendran/Documents/research/data/raw/DRAL16kHz/fragments-short/ES_022_41.wav,/Users/nilakshanraveendran/Documents/research/data/raw/DRAL16kHz/fragments-short/EN_022_41.wav,Hice lo más... eh lo que se me ocurría mejor.,Hice lo más. ¿Es lo que se me ocurría mejor?,so i did what i can think of,I did the most. Is that what I could think of better?,I did the most. Is that what I could think of better?,/Users/nilakshanraveendran/Documents/research/outputs/synthesis/es-en/EN_022_41__ES_022_41_es-en.wav,498008871,0.1,0.0,0.5108969211578369,0.39710667729377747,189.22025303484972,190.2350002650107,148.4992889501493,10.587530122031675,38.17756911085321,30.79563321534452,0.04391351714730263,0.091330885887146,0.013586306013166904,2.79,4.257375,2.33,3.5842293906810037,2.8186382453976924,3.4334763948497855,ok,,
EN_022_42__ES_022_42,22,true,en-es,/Users/nilakshanraveendran/Documents/research/data/raw/DRAL16kHz/fragments-short/EN_022_42.wav,/Users/nilakshanraveendran/Documents/research/data/raw/DRAL16kHz/fragments-short/ES_022_42.wav,Take a muffin. Take a napisha.,"Take it my fun. Take it, I'll be sure.","Saqué mi celular, les doy una foto.","Tómala, tómala, seguro.",Tómala. Tómala. Seguro.,/Users/nilakshanraveendran/Documents/research/outputs/synthesis/en-es/EN_022_42__ES_022_42_en-es.wav,54569544,1.1666666666666667,0.0,0.34876731038093567,0.506007969379425,176.09837768377804,87.41647277220714,151.72790420837507,41.433961174329326,37.73464842591111,33.95071880328426,0.00884802732616663,0.041074659675359726,0.013594195246696472,2.4,5.4726875,2.6,2.5,0.5481767413176798,2.692307692307692,ok,,
EN_022_42__ES_022_42,22,true,es-en,/Users/nilakshanraveendran/Documents/research/data/raw/DRAL16kHz/fragments-short/ES_022_42.wav,/Users/nilakshanraveendran/Documents/research/data/raw/DRAL16kHz/fragments-short/EN_022_42.wav,"Saqué mi celular, les doy una foto.","Zake mi celular, desb Meット",Take a muffin. Take a napisha.,"Zake my cell phone, desb Me",Take my cell phone. That's me.,/Users/nilakshanraveendran/Documents/research/outputs/synthesis/es-en/EN_022_42__ES_022_42_es-en.wav,566661265,0.7142857142857143,0.3333333333333333,0.529796302318573,0.506007969379425,151.72790420837507,127.36671235127658,176.09837768377804,33.95071880328426,37.343045602864755,41.433961174329326,0.013594195246696472,0.05052611604332924,0.00884802732616663,2.6,4.363375,2.4,2.692307692307692,1.3750823617039563,2.5,ok,,
EN_022_43__ES_022_43,22,true,en-es,/Users/nilakshanraveendran/Documents/research/data/raw/DRAL16kHz/fragments-short/EN_022_43.wav,/Users/nilakshanraveendran/Documents/research/data/raw/DRAL16kHz/fragments-short/ES_022_43.wav,and send her to Enrique's girlfriend.,and send her to Enrique's girlfriend.,Y se la mandé a la novia de Enrique.,y enviarla a la novia de Enrique.,y enviarla a la novia de Enrique.,/Users/nilakshanraveendran/Documents/research/outputs/synthesis/en-es/EN_022_43__ES_022_43_en-es.wav,778135792,0.0,0.0,0.5083666443824768,0.4804861545562744,118.18697557417937,102.48832193841459,107.95740174256112,8.619058592713856,20.720805254172948,15.168307553085858,0.007708508055657148,0.09773629903793335,0.016586165875196457,2.19,3.062,2.43,2.73972602739726,2.286087524493795,3.7037037037037033,ok,,
EN_022_43__ES_022_43,22,true,es-en,/Users/nilakshanraveendran/Documents/research/data/raw/DRAL16kHz/fragments-short/ES_022_43.wav,/Users/nilakshanraveendran/Documents/research/data/raw/DRAL16kHz/fragments-short/EN_022_43.wav,Y se la mandé a la novia de Enrique.,y se la mandé a la novia Enrique.,and send her to Enrique's girlfriend.,And I sent it to the bride Henry.,and I send it to the bride Henry.,/Users/nilakshanraveendran/Documents/research/outputs/synthesis/es-en/EN_022_43__ES_022_43_es-en.wav,1294150934,0.1111111111111111,0.125,0.5317535400390625,0.4804861545562744,107.95740174256112,108.66630011273128,118.18697557417937,15.168307553085858,23.99319783514548,8.619058592713856,0.016586165875196457,0.085666723549366,0.007708508055657148,2.43,2.966,2.19,3.7037037037037033,2.6972353337828725,2.73972602739726,ok,,
EN_022_44__ES_022_44,15,true,en-es,/Users/nilakshanraveendran/Documents/research/data/raw/DRAL16kHz/fragments-short/EN_022_44.wav,/Users/nilakshanraveendran/Documents/research/data/raw/DRAL16kHz/fragments-short/ES_022_44.wav,"When I- When I started working, uh, I was 16.",when i when i started working uh... all sixteen,cuando yo yo empecé trabajando desde los desde los dieciséis,Cuando empecé a trabajar... los dieciséis años.,cuando empecé a trabajar los 16 años.,/Users/nilakshanraveendran/Documents/research/outputs/synthesis/en-es/EN_022_44__ES_022_44_en-es.wav,1986359688,0.3,0.14285714285714285,0.4869009852409363,0.3976097106933594,126.52543884740035,117.63737202484107,147.44376817677835,11.332535154646271,25.049338970095516,32.73122945160014,0.013326809741556644,0.0965968668460846,0.011585818603634834,2.9,5.3766875,4.45,3.4482758620689657,1.301916840061841,2.2471910112359548,ok,,
EN_022_44__ES_022_44,15,true,es-en,/Users/nilakshanraveendran/Documents/research/data/raw/DRAL16kHz/fragments-short/ES_022_44.wav,/Users/nilakshanraveendran/Documents/research/data/raw/DRAL16kHz/fragments-short/EN_022_44.wav,cuando yo yo empecé trabajando desde los desde los dieciséis,cuando yo empecé trabajando desde los 16,"When I- When I started working, uh, I was 16.",When I started working since I was 16,when I started working since I was 16.,/Users/nilakshanraveendran/Documents/research/outputs/synthesis/es-en/EN_022_44__ES_022_44_es-en.wav,754790932,0.4,0.0,0.38044726848602295,0.3976097106933594,147.44376817677835,221.55991865834963,126.52543884740035,32.73122945160014,30.81912896946406,11.332535154646271,0.011585818603634834,0.10307998955249786,0.013326809741556644,4.45,2.966,2.9,2.2471910112359548,2.6972353337828725,3.4482758620689657,ok,,
EN_022_45__ES_022_45,15,true,en-es,/Users/nilakshanraveendran/Documents/research/data/raw/DRAL16kHz/fragments-short/EN_022_45.wav,/Users/nilakshanraveendran/Documents/research/data/raw/DRAL16kHz/fragments-short/ES_022_45.wav,and I had- I had a manager that I hated,and I had a manager that I hated.,y tenía un- un manejador que me caía muy mal,y tenía un gerente que odiaba.,y tenía un gerente que odiaba.,/Users/nilakshanraveendran/Documents/research/outputs/synthesis/en-es/EN_022_45__ES_022_45_en-es.wav,1499607499,0.2,0.0,0.47125351428985596,0.2762507498264313,101.14012512818795,109.41330707045113,104.28067001897459,9.402897907841945,17.77682018795884,9.028938685690415,0.022258490324020386,0.10871810466051102,0.0073157972656190395,3.13,2.454,3.4,3.194888178913738,2.4449877750611244,2.9411764705882355,ok,,
EN_022_45__ES_022_45,15,true,es-en,/Users/nilakshanraveendran/Documents/research/data/raw/DRAL16kHz/fragments-short/ES_022_45.wav,/Users/nilakshanraveendran/Documents/research/data/raw/DRAL16kHz/fragments-short/EN_022_45.wav,y tenía un- un manejador que me caía muy mal,y tenía un manejador que me caía muy mal.,and I had- I had a manager that I hated,And I had a handler that I really liked.,and I had a handler that I really liked.,/Users/nilakshanraveendran/Documents/research/outputs/synthesis/es-en/EN_022_45__ES_022_45_es-en.wav,1427432140,0.1,0.0,0.2450103610754013,0.2762507498264313,104.28067001897459,99.93271019387645,101.14012512818795,9.028938685690415,10.037022013745707,9.402897907841945,0.0073157972656190395,0.0922587588429451,0.022258490324020386,3.4,3.574,3.13,2.9411764705882355,2.518186905428092,3.194888178913738,ok,,
EN_022_46__ES_022_46,15,true,en-es,/Users/nilakshanraveendran/Documents/research/data/raw/DRAL16kHz/fragments-short/EN_022_46.wav,/Users/nilakshanraveendran/Documents/research/data/raw/DRAL16kHz/fragments-short/ES_022_46.wav,"He would always tell us, ah, you guys aren't doing this right, or he would scream at us.","He would always tell us, ah, you guys aren't doing this right, or he would scream at us.","Siempre nos decía ah que no están haciendo esto bien, o de que nos gritaba.","Él siempre nos decía, ah, ustedes no están haciendo esto bien, o nos gritaba.",Él siempre nos decía a Ustedes no están haciendo esto bien O nos gritaba,/Users/nilakshanraveendran/Documents/research/outputs/synthesis/en-es/EN_022_46__ES_022_46_en-es.wav,357901492,0.0,0.07142857142857142,0.3923720121383667,0.3290982246398926,116.52068435524103,387.5800996356779,122.66881261324362,11.627874355059861,378.26137761034477,12.768601643063656,0.014554188586771488,0.07330356538295746,0.0115130003541708,4.24,11.3286875,4.13,4.245283018867925,1.235800705068438,3.6319612590799033,ok,,
EN_022_46__ES_022_46,15,true,es-en,/Users/nilakshanraveendran/Documents/research/data/raw/DRAL16kHz/fragments-short/ES_022_46.wav,/Users/nilakshanraveendran/Documents/research/data/raw/DRAL16kHz/fragments-short/EN_022_46.wav,"Siempre nos decía ah que no están haciendo esto bien, o de que nos gritaba.",siempre nos decía que no estás haciendo esto bien o que nos gritaba,"He would always tell us, ah, you guys aren't doing this right, or he would scream at us.",He always told us that you're not doing this right or that he was yelling at us.,He always told us that you're not doing this right so that he was yelling at us.,/Users/nilakshanraveendran/Documents/research/outputs/synthesis/es-en/EN_022_46__ES_022_46_es-en.wav,1036517960,0.2,0.058823529411764705,0.40585803985595703,0.3290982246398926,122.66881261324362,132.84885680253856,116.52068435524103,12.768601643063656,25.362073293646095,11.627874355059861,0.0115130003541708,0.10696598142385483,0.014554188586771488,4.13,4.8646875,4.24,3.6319612590799033,3.494571850709835,4.245283018867925,ok,,
EN_022_47__ES_022_47,15,true,en-es,/Users/nilakshanraveendran/Documents/research/data/raw/DRAL16kHz/fragments-short/EN_022_47.wav,/Users/nilakshanraveendran/Documents/research/data/raw/DRAL16kHz/fragments-short/ES_022_47.wav,I started to work a lot harder.,I started to work a lot harder.,empecé a trabajar mucho más duro,Empecé a trabajar mucho más duro.,Empecé a trabajar mucho más duro.,/Users/nilakshanraveendran/Documents/research/outputs/synthesis/en-es/EN_022_47__ES_022_47_en-es.wav,973904940,0.0,0.0,0.3598625957965851,0.3686369061470032,109.93469212172941,110.61229297923792,112.30885059020711,12.526444122749998,40.7123794477742,6.650094998153926,0.018694601953029633,0.0664423406124115,0.012993475422263145,2.03,4.5446875,2.22,3.4482758620689657,1.3202227875954067,2.7027027027027026,ok,,
EN_022_47__ES_022_47,15,true,es-en,/Users/nilakshanraveendran/Documents/research/data/raw/DRAL16kHz/fragments-short/ES_022_47.wav,/Users/nilakshanraveendran/Documents/research/data/raw/DRAL16kHz/fragments-short/EN_022_47.wav,empecé a trabajar mucho más duro,Empecé a trabajar mucho más duro.,I started to work a lot harder.,I started working a lot harder.,I started working a lot harder.,/Users/nilakshanraveendran/Documents/research/outputs/synthesis/es-en/EN_022_47__ES_022_47_es-en.wav,1393769213,0.0,0.0,0.3086097538471222,0.3686369061470032,112.30885059020711,155.9694094503667,109.93469212172941,6.650094998153926,47.185474937884706,12.526444122749998,0.012993475422263145,0.10469212383031845,0.018694601953029633,2.22,2.358,2.03,2.7027027027027026,2.544529262086514,3.4482758620689657,ok,,
EN_022_48__ES_022_48,15,true,en-es,/Users/nilakshanraveendran/Documents/research/data/raw/DRAL16kHz/fragments-short/EN_022_48.wav,/Users/nilakshanraveendran/Documents/research/data/raw/DRAL16kHz/fragments-short/ES_022_48.wav,and he- he started to give me jobs that were a lot harder.,and he started to give me jobs that were a lot harder.,y empezó a darme así trabajos más- más pesados.,Y empezó a darme trabajos que eran mucho más difíciles.,y empezó a darme trabajos que eran mucho más difíciles.,/Users/nilakshanraveendran/Documents/research/outputs/synthesis/en-es/EN_022_48__ES_022_48_en-es.wav,1392804368,0.07692307692307693,0.0,0.4900251626968384,0.3687119483947754,99.64059833529863,110.60051400558993,102.02280230143003,6.455554660296947,8.277671964593265,5.166565278825425,0.013761636801064014,0.08480609208345413,0.01152738556265831,3.57,4.171375,3.63,3.641456582633053,2.397291061100956,2.479338842975207,ok,,
EN_022_48__ES_022_48,15,true,es-en,/Users/nilakshanraveendran/Documents/research/data/raw/DRAL16kHz/fragments-short/ES_022_48.wav,/Users/nilakshanraveendran/Documents/research/data/raw/DRAL16kHz/fragments-short/EN_022_48.wav,y empezó a darme así trabajos más- más pesados.,y empezó a verme así trabajos más pesados.,and he- he started to give me jobs that were a lot harder.,"And he started seeing me like this, heavier jobs.","and he started seeing me like this, heavier jobs.",/Users/nilakshanraveendran/Documents/research/outputs/synthesis/es-en/EN_022_48__ES_022_48_es-en.wav,2114444012,0.2222222222222222,0.0,0.41326096653938293,0.3687119483947754,102.02280230143003,106.61566964255255,99.64059833529863,5.166565278825425,11.426350926976072,6.455554660296947,0.01152738556265831,0.08981428295373917,0.013761636801064014,3.63,3.478,3.57,2.479338842975207,2.587694077055779,3.641456582633053,ok,,
EN_022_49__ES_022_49,15,true,en-es,/Users/nilakshanraveendran/Documents/research/data/raw/DRAL16kHz/fragments-short/EN_022_49.wav,/Users/nilakshanraveendran/Documents/research/data/raw/DRAL16kHz/fragments-short/ES_022_49.wav,because I- I needed that job to buy myself a car.,because I needed that job to buy myself a car.,porque nece- necesitaba ese trabajo para comprarme un carro.,Porque necesitaba ese trabajo para comprarme un coche.,porque necesitaba ese trabajo para comprarme un coche.,/Users/nilakshanraveendran/Documents/research/outputs/synthesis/en-es/EN_022_49__ES_022_49_en-es.wav,2050435654,0.09090909090909091,0.0,0.5174002647399902,0.37874287366867065,120.45320978294315,150.3682445876181,128.1129308142379,5.64348434104096,31.02357570743203,26.41327441548053,0.02369806356728077,0.11197197437286377,0.016283055767416954,3.05,3.851375,3.53,3.6065573770491803,2.077180227840706,2.54957507082153,ok,,
EN_022_49__ES_022_49,15,true,es-en,/Users/nilakshanraveendran/Documents/research/data/raw/DRAL16kHz/fragments-short/ES_022_49.wav,/Users/nilakshanraveendran/Documents/research/data/raw/DRAL16kHz/fragments-short/EN_022_49.wav,porque nece- necesitaba ese trabajo para comprarme un carro.,porque necesitaba ese trabajo para comprarme un carro.,because I- I needed that job to buy myself a car.,Because I needed that job to buy me a car.,because I needed that job to buy me a car.,/Users/nilakshanraveendran/Documents/research/outputs/synthesis/es-en/EN_022_49__ES_022_49_es-en.wav,359043131,0.1111111111111111,0.0,0.3299078941345215,0.37874287366867065,128.1129308142379,114.82053247452188,120.45320978294315,26.41327441548053,11.493075664181701,5.64348434104096,0.016283055767416954,0.08186914026737213,0.02369806356728077,3.53,3.5206875,3.05,2.54957507082153,2.840354334203192,3.6065573770491803,ok,,
EN_022_4__ES_022_4,22,true,en-es,/Users/nilakshanraveendran/Documents/research/data/raw/DRAL16kHz/fragments-short/EN_022_4.wav,/Users/nilakshanraveendran/Documents/research/data/raw/DRAL16kHz/fragments-short/ES_022_4.wav,I like to go on the roll.,I like to go on the roll.,Pues me gustaba andar en el rollo.,Me gusta salir a rodar.,Me gusta salir a rodar.,/Users/nilakshanraveendran/Documents/research/outputs/synthesis/en-es/EN_022_4__ES_022_4_en-es.wav,1220793923,0.0,0.0,0.48709172010421753,0.36239728331565857,124.05664768782647,139.9868419061443,152.4623253596195,20.492209931055065,10.068194924936599,14.217151952899977,0.01688055694103241,0.12101289629936218,0.06277170032262802,2.2,3.0086875,1.29,3.1818181818181817,1.6618542138390908,5.426356589147287,ok,,
EN_022_4__ES_022_4,22,true,es-en,/Users/nilakshanraveendran/Documents/research/data/raw/DRAL16kHz/fragments-short/ES_022_4.wav,/Users/nilakshanraveendran/Documents/research/data/raw/DRAL16kHz/fragments-short/EN_022_4.wav,Pues me gustaba andar en el rollo.,pues me gusta andar en el rollo,I like to go on the roll.,"Well, I like to be on the roll.","Well, I like to be on the roll.",/Users/nilakshanraveendran/Documents/research/outputs/synthesis/es-en/EN_022_4__ES_022_4_es-en.wav,1344337594,0.14285714285714285,0.0,0.3427877426147461,0.36239728331565857,152.4623253596195,173.383109828868,124.05664768782647,14.217151952899977,24.428887335726053,20.492209931055065,0.06277170032262802,0.1008685901761055,0.01688055694103241,1.29,2.923375,2.2,5.426356589147287,2.7365630478470946,3.1818181818181817,ok,,
EN_022_50__ES_022_50,15,true,en-es,/Users/nilakshanraveendran/Documents/research/data/raw/DRAL16kHz/fragments-short/EN_022_50.wav,/Users/nilakshanraveendran/Documents/research/data/raw/DRAL16kHz/fragments-short/ES_022_50.wav,because my mom or my grandma wasn't gonna buy it for me.,because my mom or my grandma wasn't gonna buy for me.,"porque no no me lo iba a comprar mi mamá, ni mi abuela, ni nadie, ¿verdad?",Porque mi mamá o mi abuela no iban a comprar para mí.,porque mi mamá o mi abuela no iban a comprar para mí.,/Users/nilakshanraveendran/Documents/research/outputs/synthesis/en-es/EN_022_50__ES_022_50_en-es.wav,1607517485,0.08333333333333333,0.0,0.4369569420814514,0.30952247977256775,96.43900287687671,94.7678116503305,95.11830150645841,8.45811106789043,13.040488412515087,7.778651433303493,0.013817019760608673,0.08731123805046082,0.009888706728816032,3.0,4.918,4.36,4.0,2.4400162667751117,3.6697247706422016,ok,,
EN_022_50__ES_022_50,15,true,es-en,/Users/nilakshanraveendran/Documents/research/data/raw/DRAL16kHz/fragments-short/ES_022_50.wav,/Users/nilakshanraveendran/Documents/research/data/raw/DRAL16kHz/fragments-short/EN_022_50.wav,"porque no no me lo iba a comprar mi mamá, ni mi abuela, ni nadie, ¿verdad?","porque no me lo iba a comprar ni mi mamá, ni mi abuela, ni nadie, verdad?",because my mom or my grandma wasn't gonna buy it for me.,"Because I wasn't going to buy it from my mom, my grandmother, or anyone else, was it?","because I wasn't going to buy it from my mom, my grandmother, or anyone else, was it?",/Users/nilakshanraveendran/Documents/research/outputs/synthesis/es-en/EN_022_50__ES_022_50_es-en.wav,777306819,0.125,0.0,0.392711341381073,0.30952247977256775,95.11830150645841,87.435854643578,96.43900287687671,7.778651433303493,11.080932362494824,8.45811106789043,0.009888706728816032,0.1033995971083641,0.013817019760608673,4.36,5.291375,3.0,3.6697247706422016,3.2127755073114264,4.0,ok,,
EN_022_51__ES_022_51,15,true,en-es,/Users/nilakshanraveendran/Documents/research/data/raw/DRAL16kHz/fragments-short/EN_022_51.wav,/Users/nilakshanraveendran/Documents/research/data/raw/DRAL16kHz/fragments-short/ES_022_51.wav,So they- they promoted me.,So they promoted me.,que me promovieron a mí,Así que me ascendieron.,Así que me ascendieron.,/Users/nilakshanraveendran/Documents/research/outputs/synthesis/en-es/EN_022_51__ES_022_51_en-es.wav,1214211093,0.2,0.0,0.4600652754306793,0.36580532789230347,115.39402924685047,80.29172067239736,112.52974741082505,22.575612995170545,18.835092086769492,7.969145656605015,0.010991540737450123,0.044419895857572556,0.012575970031321049,1.63,6.8166875,1.53,3.067484662576687,0.586795272630585,3.2679738562091503,ok,,
EN_022_51__ES_022_51,15,true,es-en,/Users/nilakshanraveendran/Documents/research/data/raw/DRAL16kHz/fragments-short/ES_022_51.wav,/Users/nilakshanraveendran/Documents/research/data/raw/DRAL16kHz/fragments-short/EN_022_51.wav,que me promovieron a mí,que me promovieron a mí.,So they- they promoted me.,that they promoted me.,that they promoted me.,/Users/nilakshanraveendran/Documents/research/outputs/synthesis/es-en/EN_022_51__ES_022_51_es-en.wav,716542592,0.0,0.0,0.29729732871055603,0.36580532789230347,112.52974741082505,112.65732220878809,115.39402924685047,7.969145656605015,6.323261945063816,22.575612995170545,0.012575970031321049,0.0960017666220665,0.010991540737450123,1.53,1.942,1.63,3.2679738562091503,2.059732234809475,3.067484662576687,ok,,
EN_022_52__ES_022_52,15,true,en-es,/Users/nilakshanraveendran/Documents/research/data/raw/DRAL16kHz/fragments-short/EN_022_52.wav,/Users/nilakshanraveendran/Documents/research/data/raw/DRAL16kHz/fragments-short/ES_022_52.wav,and they made me manager.,and they made me manage it.,y me hicieron a mí el manejador.,y me hicieron manejarlo.,y me hicieron manejarlo.,/Users/nilakshanraveendran/Documents/research/outputs/synthesis/en-es/EN_022_52__ES_022_52_en-es.wav,361057146,0.4,0.0,0.4270440638065338,0.3640962839126587,95.58041374313478,880.2663147965295,115.85468776478258,2.6908579555668313,291.4024572291738,10.421403442862601,0.007290775887668133,0.028307750821113586,0.012419786304235458,1.85,8.395375,1.98,2.7027027027027026,0.4764528088381996,3.5353535353535355,ok,,
EN_022_52__ES_022_52,15,true,es-en,/Users/nilakshanraveendran/Documents/research/data/raw/DRAL16kHz/fragments-short/ES_022_52.wav,/Users/nilakshanraveendran/Documents/research/data/raw/DRAL16kHz/fragments-short/EN_022_52.wav,y me hicieron a mí el manejador.,y me hicieron a mi el manejador,and they made me manager.,And they made me the handler,And they made me the hanglow.,/Users/nilakshanraveendran/Documents/research/outputs/synthesis/es-en/EN_022_52__ES_022_52_es-en.wav,1993960949,0.14285714285714285,0.16666666666666666,0.4353296756744385,0.3640962839126587,115.85468776478258,119.34088303979911,95.58041374313478,10.421403442862601,12.161364003226097,2.6908579555668313,0.012419786304235458,0.08692827075719833,0.007290775887668133,1.98,3.894,1.85,3.5353535353535355,1.5408320493066254,2.7027027027027026,ok,,
EN_022_53__ES_022_53,15,true,en-es,/Users/nilakshanraveendran/Documents/research/data/raw/DRAL16kHz/fragments-short/EN_022_53.wav,/Users/nilakshanraveendran/Documents/research/data/raw/DRAL16kHz/fragments-short/ES_022_53.wav,And they sent him to the gutter.,and they sent him to the gutter.,"y lo mandaron ahí, a él, a la goma.",y lo enviaron a la alcantarilla.,y lo enviaron a la alcantarilla.,/Users/nilakshanraveendran/Documents/research/outputs/synthesis/en-es/EN_022_53__ES_022_53_en-es.wav,1428566889,0.0,0.0,0.3571085035800934,0.3426446318626404,109.25116571063556,103.20889847025511,113.11729728017549,30.73544805484223,14.531383836907366,7.752574505014643,0.013571920804679394,0.09520703554153442,0.021738272160291672,1.53,2.219375,2.4,4.57516339869281,2.7034638130104196,3.75,ok,,
EN_022_53__ES_022_53,15,true,es-en,/Users/nilakshanraveendran/Documents/research/data/raw/DRAL16kHz/fragments-short/ES_022_53.wav,/Users/nilakshanraveendran/Documents/research/data/raw/DRAL16kHz/fragments-short/EN_022_53.wav,"y lo mandaron ahí, a él, a la goma.",y la mandaron a él a la lagoma.,And they sent him to the gutter.,And they sent him to the lake.,and they sent him to the lake.,/Users/nilakshanraveendran/Documents/research/outputs/synthesis/es-en/EN_022_53__ES_022_53_es-en.wav,1992012652,0.3333333333333333,0.0,0.4304482936859131,0.3426446318626404,113.11729728017549,130.7637212558468,109.25116571063556,7.752574505014643,28.23068317852743,30.73544805484223,0.021738272160291672,0.09766502678394318,0.013571920804679394,2.4,2.827375,1.53,3.75,2.475794685883549,4.57516339869281,ok,,
EN_022_54__ES_022_54,15,true,en-es,/Users/nilakshanraveendran/Documents/research/data/raw/DRAL16kHz/fragments-short/EN_022_54.wav,/Users/nilakshanraveendran/Documents/research/data/raw/DRAL16kHz/fragments-short/ES_022_54.wav,He worked out outside.,He worked out outside.,Él trabajaba a- afuera.,Se ejercitó fuera.,Se ejercitó fuera.,/Users/nilakshanraveendran/Documents/research/outputs/synthesis/en-es/EN_022_54__ES_022_54_en-es.wav,2028010547,0.0,0.0,0.2640341818332672,0.30018913745880127,106.55914788586874,nan,109.69317514405853,8.598151374802308,nan,4.775640817497818,0.017195207998156548,0.08665774762630463,0.01365137379616499,1.89,1.995375,2.47,2.1164021164021167,1.5034767900770534,1.6194331983805668,ok,,
EN_022_54__ES_022_54,15,true,es-en,/Users/nilakshanraveendran/Documents/research/data/raw/DRAL16kHz/fragments-short/ES_022_54.wav,/Users/nilakshanraveendran/Documents/research/data/raw/DRAL16kHz/fragments-short/EN_022_54.wav,Él trabajaba a- afuera.,él trabajaba afuera.,He worked out outside.,He worked outside.,He worked outside.,/Users/nilakshanraveendran/Documents/research/outputs/synthesis/es-en/EN_022_54__ES_022_54_es-en.wav,1460049136,0.25,0.0,0.15716470777988434,0.30018913745880127,109.69317514405853,113.0179453289161,106.55914788586874,4.775640817497818,5.572424241361098,8.598151374802308,0.01365137379616499,0.08878294378519058,0.017195207998156548,2.47,2.315375,1.89,1.6194331983805668,1.2956864438805809,2.1164021164021167,ok,,
EN_022_55__ES_022_55,15,true,en-es,/Users/nilakshanraveendran/Documents/research/data/raw/DRAL16kHz/fragments-short/EN_022_55.wav,/Users/nilakshanraveendran/Documents/research/data/raw/DRAL16kHz/fragments-short/ES_022_55.wav,but they sent some inside to the kitchen.,but they sent some insight to the kitchen.,Pero lo mandaron adentro a la cocina.,Pero enviaron algo de información a la cocina.,pero enviaron algo de información a la cocina.,/Users/nilakshanraveendran/Documents/research/outputs/synthesis/en-es/EN_022_55__ES_022_55_en-es.wav,1636131534,0.125,0.0,0.40928128361701965,0.3252238929271698,90.92932261730844,96.10357703838768,100.02379100290291,9.076414487896724,15.042234708018702,10.722637851870525,0.006988708861172199,0.11559274792671204,0.010166511870920658,2.03,3.659375,2.52,3.9408866995073897,2.1861656703672074,2.7777777777777777,ok,,
EN_022_55__ES_022_55,15,true,es-en,/Users/nilakshanraveendran/Documents/research/data/raw/DRAL16kHz/fragments-short/ES_022_55.wav,/Users/nilakshanraveendran/Documents/research/data/raw/DRAL16kHz/fragments-short/EN_022_55.wav,Pero lo mandaron adentro a la cocina.,pero lo mandaron adentro a la cocina.,but they sent some inside to the kitchen.,But they sent him inside the kitchen.,but they sent him inside the kitchen.,/Users/nilakshanraveendran/Documents/research/outputs/synthesis/es-en/EN_022_55__ES_022_55_es-en.wav,709916128,0.0,0.0,0.3658239245414734,0.3252238929271698,100.02379100290291,950.1513879804746,90.92932261730844,10.722637851870525,78.89791365901284,9.076414487896724,0.010166511870920658,0.04701817408204079,0.006988708861172199,2.52,5.291375,2.03,2.7777777777777777,1.3229075618341168,3.9408866995073897,ok,,
EN_022_56__ES_022_56,15,true,en-es,/Users/nilakshanraveendran/Documents/research/data/raw/DRAL16kHz/fragments-short/EN_022_56.wav,/Users/nilakshanraveendran/Documents/research/data/raw/DRAL16kHz/fragments-short/ES_022_56.wav,So they- they took away his position [laughter].,So they took away his position.,Entonces que le le quitaron su puesto,Así que le quitaron su posición.,así que le quitaron su posición,/Users/nilakshanraveendran/Documents/research/outputs/synthesis/en-es/EN_022_56__ES_022_56_en-es.wav,1221070923,0.25,0.0,0.45056331157684326,0.2860645055770874,124.40057630940358,576.6920817605396,117.14324622670311,16.900260895225635,437.1068066853853,7.322977928888835,0.01913628913462162,0.05737092345952988,0.015356920659542084,2.51,4.502,2.55,3.1872509960159365,1.332741003998223,2.7450980392156863,ok,,
EN_022_56__ES_022_56,15,true,es-en,/Users/nilakshanraveendran/Documents/research/data/raw/DRAL16kHz/fragments-short/ES_022_56.wav,/Users/nilakshanraveendran/Documents/research/data/raw/DRAL16kHz/fragments-short/EN_022_56.wav,Entonces que le le quitaron su puesto,"Entonces, ¿qué le quitaron supuesto?",So they- they took away his position [laughter].,So what did they take away from you?,So what did they take away from you?,/Users/nilakshanraveendran/Documents/research/outputs/synthesis/es-en/EN_022_56__ES_022_56_es-en.wav,1950762936,0.5714285714285714,0.0,0.22871142625808716,0.2860645055770874,117.14324622670311,113.36524498658616,124.40057630940358,7.322977928888835,12.974299831265235,16.900260895225635,0.015356920659542084,0.09000145643949509,0.01913628913462162,2.55,2.5926875,2.51,2.7450980392156863,3.085601330665574,3.1872509960159365,ok,,
EN_022_57__ES_022_57,15,true,en-es,/Users/nilakshanraveendran/Documents/research/data/raw/DRAL16kHz/fragments-short/EN_022_57.wav,/Users/nilakshanraveendran/Documents/research/data/raw/DRAL16kHz/fragments-short/ES_022_57.wav,and they gave it to me,and they gave it to me,y ese me lo me lo dieron a mí.,y me lo dieron.,y me lo dieron.,/Users/nilakshanraveendran/Documents/research/outputs/synthesis/en-es/EN_022_57__ES_022_57_en-es.wav,616557407,0.0,0.0,0.3437410891056061,0.34038540720939636,114.63058577396222,112.66396190331963,115.37813049192398,6.138597835719469,18.30398757762404,5.168834358204559,0.01937676966190338,0.11250308156013489,0.014701359905302525,1.67,1.622,1.99,3.5928143712574854,2.4660912453760786,4.522613065326633,ok,,
EN_022_57__ES_022_57,15,true,es-en,/Users/nilakshanraveendran/Documents/research/data/raw/DRAL16kHz/fragments-short/ES_022_57.wav,/Users/nilakshanraveendran/Documents/research/data/raw/DRAL16kHz/fragments-short/EN_022_57.wav,y ese me lo me lo dieron a mí.,y se me lo dieron a mí.,and they gave it to me,And they gave it to me.,and they gave it to me.,/Users/nilakshanraveendran/Documents/research/outputs/synthesis/es-en/EN_022_57__ES_022_57_es-en.wav,1952599923,0.3333333333333333,0.0,0.402126669883728,0.34038540720939636,115.37813049192398,116.31353151262495,114.63058577396222,5.168834358204559,5.622078561754667,6.138597835719469,0.014701359905302525,0.10203299671411514,0.01937676966190338,1.99,2.0806875,1.67,4.522613065326633,2.883662251058845,3.5928143712574854,ok,,
EN_022_5__ES_022_5,15,true,en-es,/Users/nilakshanraveendran/Documents/research/data/raw/DRAL16kHz/fragments-short/EN_022_5.wav,/Users/nilakshanraveendran/Documents/research/data/raw/DRAL16kHz/fragments-short/ES_022_5.wav,She's all jealous.,She's all jealous.,Ella toda celosa.,Está celosa.,Está celosa.,/Users/nilakshanraveendran/Documents/research/outputs/synthesis/en-es/EN_022_5__ES_022_5_en-es.wav,1161814545,0.0,0.0,0.4312252998352051,0.29703521728515625,149.6690224740848,nan,109.66510354840419,66.01033920488531,nan,4.436994703093124,0.007436987478286028,0.0734826996922493,0.01579982228577137,1.5,1.526,1.06,2.0,1.310615989515072,2.830188679245283,ok,,
EN_022_5__ES_022_5,15,true,es-en,/Users/nilakshanraveendran/Documents/research/data/raw/DRAL16kHz/fragments-short/ES_022_5.wav,/Users/nilakshanraveendran/Documents/research/data/raw/DRAL16kHz/fragments-short/EN_022_5.wav,Ella toda celosa.,ella todo se loza,She's all jealous.,She's got it all worked out.,She's got it all worked out.,/Users/nilakshanraveendran/Documents/research/outputs/synthesis/es-en/EN_022_5__ES_022_5_es-en.wav,1001253270,1.0,0.0,0.30781394243240356,0.29703521728515625,109.66510354840419,104.97505858079384,149.6690224740848,4.436994703093124,16.55299981152402,66.01033920488531,0.01579982228577137,0.12280073016881943,0.007436987478286028,1.06,3.243375,1.5,2.830188679245283,1.8499248468030987,2.0,ok,,
EN_022_6__ES_022_6,22,true,en-es,/Users/nilakshanraveendran/Documents/research/data/raw/DRAL16kHz/fragments-short/EN_022_6.wav,/Users/nilakshanraveendran/Documents/research/data/raw/DRAL16kHz/fragments-short/ES_022_6.wav,"Um yeah, like not that much because I told her, like, to come but she didn't like that.","Yeah, not that much because I told her to come but she didn't like that.","Ajá, pues no no tanto, porque osea le decía que fuera, pero no le gustaba eso a ella.","Sí, no tanto porque le dije que viniera pero no le gustó.","Sí, no tanto porque le dije que viniera, pero no le gustó.",/Users/nilakshanraveendran/Documents/research/outputs/synthesis/en-es/EN_022_6__ES_022_6_en-es.wav,1023204793,0.16666666666666666,0.0,0.28657081723213196,0.5831489562988281,156.647228167491,128.49344875260547,183.98064556796686,31.561420031687927,32.115645040305225,46.7963563336107,0.015276488848030567,0.10964296013116837,0.047443050891160965,5.33,4.779375,4.34,3.3771106941838647,2.5107885445272657,4.147465437788019,ok,,
EN_022_6__ES_022_6,22,true,es-en,/Users/nilakshanraveendran/Documents/research/data/raw/DRAL16kHz/fragments-short/ES_022_6.wav,/Users/nilakshanraveendran/Documents/research/data/raw/DRAL16kHz/fragments-short/EN_022_6.wav,"Ajá, pues no no tanto, porque osea le decía que fuera, pero no le gustaba eso a ella.","Ajá, pues no tanto porque se le decía que fuera, pero no le gustaba eso a ella.","Um yeah, like not that much because I told her, like, to come but she didn't like that.","Uh-huh, well, not so much because she was told to go, but she didn't like that.","Huh? Well, not so much because she was told to go, but she didn't like that.",/Users/nilakshanraveendran/Documents/research/outputs/synthesis/es-en/EN_022_6__ES_022_6_es-en.wav,987219824,0.1111111111111111,0.0625,0.5048964023590088,0.5831489562988281,183.98064556796686,319.4102179570897,156.647228167491,46.7963563336107,263.0188170068548,31.561420031687927,0.047443050891160965,0.0901147872209549,0.015276488848030567,4.34,4.918,5.33,4.147465437788019,3.2533550223668155,3.3771106941838647,ok,,
EN_022_7__ES_022_7,22,true,en-es,/Users/nilakshanraveendran/Documents/research/data/raw/DRAL16kHz/fragments-short/EN_022_7.wav,/Users/nilakshanraveendran/Documents/research/data/raw/DRAL16kHz/fragments-short/ES_022_7.wav,"Okay, so let's introduce some secondary characters.","Okay, so let's introduce some secondary characters.","Entonces, ay- ay- imitamos personajes secundarios aquí.","Bien, vamos a introducir algunos caracteres secundarios.","Bien, bien, vamos a introducir algunos caracteres secundarios.",/Users/nilakshanraveendran/Documents/research/outputs/synthesis/en-es/EN_022_7__ES_022_7_en-es.wav,967267661,0.0,0.14285714285714285,0.5582709908485413,0.633336067199707,161.1663371949206,300.2016862992998,159.80956953563972,26.700159500156758,285.0881765990117,36.13117868116337,0.02348361350595951,0.060002148151397705,0.04544267803430557,3.52,7.094,3.64,1.9886363636363635,0.986749365661122,1.923076923076923,ok,,
EN_022_7__ES_022_7,22,true,es-en,/Users/nilakshanraveendran/Documents/research/data/raw/DRAL16kHz/fragments-short/ES_022_7.wav,/Users/nilakshanraveendran/Documents/research/data/raw/DRAL16kHz/fragments-short/EN_022_7.wav,"Entonces, ay- ay- imitamos personajes secundarios aquí.","Entonces, ahí imitamos personajes secundarios aquí.","Okay, so let's introduce some secondary characters.","So, there we imitate secondary characters here.",So there we imitate secondary characters here.,/Users/nilakshanraveendran/Documents/research/outputs/synthesis/es-en/EN_022_7__ES_022_7_es-en.wav,1021928950,0.2857142857142857,0.0,0.40760600566864014,0.633336067199707,159.80956953563972,134.73366760818848,161.1663371949206,36.13117868116337,19.474195587895096,26.700159500156758,0.04544267803430557,0.10123150050640106,0.02348361350595951,3.64,3.147375,3.52,1.923076923076923,2.2240756185710318,1.9886363636363635,ok,,
EN_022_8__ES_022_8,22,true,en-es,/Users/nilakshanraveendran/Documents/research/data/raw/DRAL16kHz/fragments-short/EN_022_8.wav,/Users/nilakshanraveendran/Documents/research/data/raw/DRAL16kHz/fragments-short/ES_022_8.wav,I had a best friend that was called Enrique.,I had a best friend that was Enrique.,Yo tenía un mejor amigo que se llamaba Enrique.,Tenía un mejor amigo que era Enrique.,Tenía un mejor amigo que era Enrique. An... Vaya... An... Y... Chib... Chibnos... Chib...,/Users/nilakshanraveendran/Documents/research/outputs/synthesis/en-es/EN_022_8__ES_022_8_en-es.wav,1227170592,0.1111111111111111,1.0,0.457606703042984,0.5363050699234009,150.46657328020834,261.96680300236585,140.92935345573832,47.64334255316204,233.78594445705104,26.662262639646418,0.01627253368496895,0.047849494963884354,0.047213997691869736,2.79,15.734,3.075,3.225806451612903,0.4448964026948011,2.926829268292683,ok,,
EN_022_8__ES_022_8,22,true,es-en,/Users/nilakshanraveendran/Documents/research/data/raw/DRAL16kHz/fragments-short/ES_022_8.wav,/Users/nilakshanraveendran/Documents/research/data/raw/DRAL16kHz/fragments-short/EN_022_8.wav,Yo tenía un mejor amigo que se llamaba Enrique.,Yo tenía un mejor amigo que se llamaba Enrique.,I had a best friend that was called Enrique.,I had a best friend named Henry.,I had a best friend named Henry.,/Users/nilakshanraveendran/Documents/research/outputs/synthesis/es-en/EN_022_8__ES_022_8_es-en.wav,553723002,0.0,0.0,0.4629136323928833,0.5363050699234009,140.92935345573832,141.3279145224623,150.46657328020834,26.662262639646418,20.341476329262534,47.64334255316204,0.047213997691869736,0.09553319960832596,0.01627253368496895,3.075,2.219375,2.79,2.926829268292683,3.1540411151788232,3.225806451612903,ok,,
EN_022_9__ES_022_9,22,true,en-es,/Users/nilakshanraveendran/Documents/research/data/raw/DRAL16kHz/fragments-short/EN_022_9.wav,/Users/nilakshanraveendran/Documents/research/data/raw/DRAL16kHz/fragments-short/ES_022_9.wav,but we call it Kike.,but we call it kick.,Pero le deciamos Quique.,Pero lo llamamos patada.,pero lo llamamos patada.,/Users/nilakshanraveendran/Documents/research/outputs/synthesis/en-es/EN_022_9__ES_022_9_en-es.wav,417608925,0.2,0.0,0.38850370049476624,0.3440014123916626,122.2686348946695,111.39448731933666,127.62786007950925,4.152586627788634,24.822719705000054,5.8339149109084785,0.0090975072234869,0.06291889399290085,0.016514120623469353,1.47,3.6166875,0.99,3.4013605442176873,1.1059844125321858,4.040404040404041,ok,,
EN_022_9__ES_022_9,22,true,es-en,/Users/nilakshanraveendran/Documents/research/data/raw/DRAL16kHz/fragments-short/ES_022_9.wav,/Users/nilakshanraveendran/Documents/research/data/raw/DRAL16kHz/fragments-short/EN_022_9.wav,Pero le deciamos Quique.,pero le hacemos click,but we call it Kike.,But we click it.,but we click it,/Users/nilakshanraveendran/Documents/research/outputs/synthesis/es-en/EN_022_9__ES_022_9_es-en.wav,1759037476,0.5,0.0,0.3619624078273773,0.3440014123916626,127.62786007950925,129.57371372934404,122.2686348946695,5.8339149109084785,6.312903593518599,4.152586627788634,0.016514120623469353,0.0805300623178482,0.0090975072234869,0.99,1.707375,1.47,4.040404040404041,2.342777655758108,3.4013605442176873,ok,,
EN_024_10__ES_024_10,15,true,en-es,/Users/nilakshanraveendran/Documents/research/data/raw/DRAL16kHz/fragments-short/EN_024_10.wav,/Users/nilakshanraveendran/Documents/research/data/raw/DRAL16kHz/fragments-short/ES_024_10.wav,"Yeah, definitely, yeah.","Yeah, definitely.","Sí, claro.","Sí, definitivamente.","Sí, definitivamente.",/Users/nilakshanraveendran/Documents/research/outputs/synthesis/en-es/EN_024_10__ES_024_10_en-es.wav,1447671325,0.3333333333333333,0.0,0.3200644552707672,0.32761824131011963,94.59916312125823,165.43247648252358,nan,10.541619280637535,16.021277924837875,nan,0.028177525848150253,0.04822390154004097,0.03061765991151333,1.44,3.7126875,1.21,2.0833333333333335,0.5386933319866,1.6528925619834711,ok,,
EN_024_10__ES_024_10,15,true,es-en,/Users/nilakshanraveendran/Documents/research/data/raw/DRAL16kHz/fragments-short/ES_024_10.wav,/Users/nilakshanraveendran/Documents/research/data/raw/DRAL16kHz/fragments-short/EN_024_10.wav,"Sí, claro.","Sí, claro.","Yeah, definitely, yeah.","Yeah, sure.","Yeah, sure. Okay.",/Users/nilakshanraveendran/Documents/research/outputs/synthesis/es-en/EN_024_10__ES_024_10_es-en.wav,124840306,0.0,0.5,0.48765408992767334,0.32761824131011963,nan,558.6532693241913,94.59916312125823,nan,389.14160479093704,10.541619280637535,0.03061765991151333,0.05327656865119934,0.028177525848150253,1.21,4.683375,1.44,1.6528925619834711,0.4270424640350175,2.0833333333333335,ok,,
EN_024_13__ES_024_13,15,true,en-es,/Users/nilakshanraveendran/Documents/research/data/raw/DRAL16kHz/fragments-short/EN_024_13.wav,/Users/nilakshanraveendran/Documents/research/data/raw/DRAL16kHz/fragments-short/ES_024_13.wav,That's like exactly like what happened to me.,that take exactly what happened to me.,Eso es lo exacto que me pasó a mí.,Esa toma exactamente lo que me pasó.,esa toma exactamente lo que me pasó.,/Users/nilakshanraveendran/Documents/research/outputs/synthesis/en-es/EN_024_13__ES_024_13_en-es.wav,1169051359,0.375,0.0,0.35497933626174927,0.4281461834907532,94.11607196981218,113.54481768432622,97.35505014567012,12.594702547562047,18.008907510565905,12.426385389749015,0.019217129796743393,0.1257217973470688,0.01723329722881317,2.45,2.87,2.84,3.265306122448979,2.4390243902439024,3.1690140845070425,ok,,
EN_024_13__ES_024_13,15,true,es-en,/Users/nilakshanraveendran/Documents/research/data/raw/DRAL16kHz/fragments-short/ES_024_13.wav,/Users/nilakshanraveendran/Documents/research/data/raw/DRAL16kHz/fragments-short/EN_024_13.wav,Eso es lo exacto que me pasó a mí.,Eso es lo exacto que me pasó a mi.,That's like exactly like what happened to me.,That's exactly what happened to me.,That's exactly what happened to me.,/Users/nilakshanraveendran/Documents/research/outputs/synthesis/es-en/EN_024_13__ES_024_13_es-en.wav,2098849762,0.1111111111111111,0.0,0.5294205546379089,0.4281461834907532,97.35505014567012,89.24144997728413,94.11607196981218,12.426385389749015,24.24241628366752,12.594702547562047,0.01723329722881317,0.052845899015665054,0.019217129796743393,2.84,4.5446875,2.45,3.1690140845070425,1.3202227875954067,3.265306122448979,ok,,
EN_024_14__ES_024_14,15,true,en-es,/Users/nilakshanraveendran/Documents/research/data/raw/DRAL16kHz/fragments-short/EN_024_14.wav,/Users/nilakshanraveendran/Documents/research/data/raw/DRAL16kHz/fragments-short/ES_024_14.wav,"So like, I feel like I have to worry now ever since that.","So like, I feel like I have to worry now ever since that.",Entonces siento que yo me tengo que preocupar desde eso.,Siento que tengo que preocuparme desde entonces.,Siento que tengo que preocuparme desde entonces.,/Users/nilakshanraveendran/Documents/research/outputs/synthesis/en-es/EN_024_14__ES_024_14_en-es.wav,880601039,0.0,0.0,0.4481359124183655,0.3730625808238983,108.96819214381384,95.12462300151086,116.45949889647962,13.85804332261114,13.927298265545044,9.365061912849132,0.026272840797901154,0.10321162641048431,0.019440554082393646,3.3,3.798,3.64,3.9393939393939394,1.8430753027909426,2.7472527472527473,ok,,
EN_024_14__ES_024_14,15,true,es-en,/Users/nilakshanraveendran/Documents/research/data/raw/DRAL16kHz/fragments-short/ES_024_14.wav,/Users/nilakshanraveendran/Documents/research/data/raw/DRAL16kHz/fragments-short/EN_024_14.wav,Entonces siento que yo me tengo que preocupar desde eso.,Entonces siento que yo me tengo que preocupar desde eso.,"So like, I feel like I have to worry now ever since that.",Then I feel like I have to worry about it ever since.,Then I feel like I have to worry about it. Ever since.,/Users/nilakshanraveendran/Documents/research/outputs/synthesis/es-en/EN_024_14__ES_024_14_es-en.wav,1184104027,0.0,0.0,0.569603443145752,0.3730625808238983,116.45949889647962,104.7156775125609,108.96819214381384,9.365061912849132,13.8358255926583,13.85804332261114,0.019440554082393646,0.08650091290473938,0.026272840797901154,3.64,5.3766875,3.3,2.7472527472527473,2.231857440106013,3.9393939393939394,ok,,
EN_024_15__ES_024_15,15,true,en-es,/Users/nilakshanraveendran/Documents/research/data/raw/DRAL16kHz/fragments-short/EN_024_15.wav,/Users/nilakshanraveendran/Documents/research/data/raw/DRAL16kHz/fragments-short/ES_024_15.wav,But uh this happened when I was uh- when I was 16.,But this happened when I was 16.,Pero pasó esto cuando tenía dieciséis.,Pero esto sucedió cuando tenía 16 años.,Pero esto sucedió cuando tenía 16 años.,/Users/nilakshanraveendran/Documents/research/outputs/synthesis/en-es/EN_024_15__ES_024_15_en-es.wav,2077807224,0.4166666666666667,0.0,0.3687431812286377,0.47138023376464844,137.62557926124975,140.08144653633198,136.1432293998954,29.777710218823923,46.80576088869087,23.996859391141395,0.05416245386004448,0.11796905100345612,0.035266898572444916,2.85,3.478,3.09,4.2105263157894735,2.0126509488211615,1.941747572815534,ok,,
EN_024_15__ES_024_15,15,true,es-en,/Users/nilakshanraveendran/Documents/research/data/raw/DRAL16kHz/fragments-short/ES_024_15.wav,/Users/nilakshanraveendran/Documents/research/data/raw/DRAL16kHz/fragments-short/EN_024_15.wav,Pero pasó esto cuando tenía dieciséis.,pero pasó esto cuando tenía 16.,But uh this happened when I was uh- when I was 16.,But this happened when I was 16.,But this happened when I was 16.,/Users/nilakshanraveendran/Documents/research/outputs/synthesis/es-en/EN_024_15__ES_024_15_es-en.wav,1260789270,0.16666666666666666,0.0,0.486533522605896,0.47138023376464844,136.1432293998954,131.66006865493875,137.62557926124975,23.996859391141395,29.278103082354605,29.777710218823923,0.035266898572444916,0.11543907970190048,0.05416245386004448,3.09,3.286,2.85,1.941747572815534,2.130249543517955,4.2105263157894735,ok,,
EN_024_16__ES_024_16,15,true,en-es,/Users/nilakshanraveendran/Documents/research/data/raw/DRAL16kHz/fragments-short/EN_024_16.wav,/Users/nilakshanraveendran/Documents/research/data/raw/DRAL16kHz/fragments-short/ES_024_16.wav,"Me and my friend, uh, his name is Isaac.","My fan, his name is Isaac.",Yo y mi amigo Isaac.,"Mi admirador, su nombre es Isaac.","Mi admirador, su nombre es Isaac.",/Users/nilakshanraveendran/Documents/research/outputs/synthesis/en-es/EN_024_16__ES_024_16_en-es.wav,177885859,0.4444444444444444,0.0,0.43475550413131714,0.47228747606277466,122.72810968610798,287.22374902209185,137.85501438934926,22.999374121620523,252.33263291548872,28.110430853650332,0.030628370121121407,0.03380073979496956,0.04142429679632187,2.28,19.6806875,2.04,3.947368421052632,0.30486739856013667,2.450980392156863,ok,,
EN_024_16__ES_024_16,15,true,es-en,/Users/nilakshanraveendran/Documents/research/data/raw/DRAL16kHz/fragments-short/ES_024_16.wav,/Users/nilakshanraveendran/Documents/research/data/raw/DRAL16kHz/fragments-short/EN_024_16.wav,Yo y mi amigo Isaac.,"Y hoy mi amigo, Isaac.","Me and my friend, uh, his name is Isaac.","And today my friend, Isaac.","And today my friend, Isaac Titoche.",/Users/nilakshanraveendran/Documents/research/outputs/synthesis/es-en/EN_024_16__ES_024_16_es-en.wav,1903247092,0.4,0.2,0.5011924505233765,0.47228747606277466,137.85501438934926,141.0829720028354,122.72810968610798,28.110430853650332,39.846914457408225,22.999374121620523,0.04142429679632187,0.09925796091556549,0.030628370121121407,2.04,3.5206875,2.28,2.450980392156863,1.420177167101596,3.947368421052632,ok,,
EN_024_17__ES_024_17,15,true,en-es,/Users/nilakshanraveendran/Documents/research/data/raw/DRAL16kHz/fragments-short/EN_024_17.wav,/Users/nilakshanraveendran/Documents/research/data/raw/DRAL16kHz/fragments-short/ES_024_17.wav,Isaac was 17.,Isaac was 17.,Isaac tenía diecisiete.,Isaac tenía 17 años.,Isaac tenía 17 años. Tronto. No sé...,/Users/nilakshanraveendran/Documents/research/outputs/synthesis/en-es/EN_024_17__ES_024_17_en-es.wav,1828309544,0.0,0.75,0.5833275318145752,0.5060943365097046,105.2462433515364,103.34569658705455,110.07944833134431,11.246364923855774,20.37195551195295,8.299192889531438,0.023164715617895126,0.050411395728588104,0.025947805494070053,1.27,8.0326875,1.64,2.3622047244094486,0.4979653447242906,1.829268292682927,ok,,
EN_024_17__ES_024_17,15,true,es-en,/Users/nilakshanraveendran/Documents/research/data/raw/DRAL16kHz/fragments-short/ES_024_17.wav,/Users/nilakshanraveendran/Documents/research/data/raw/DRAL16kHz/fragments-short/EN_024_17.wav,Isaac tenía diecisiete.,y sac tenía 17.,Isaac was 17.,And sac was 17.,and sack was seven eighteen,/Users/nilakshanraveendran/Documents/research/outputs/synthesis/es-en/EN_024_17__ES_024_17_es-en.wav,2143169247,1.0,0.75,0.38340142369270325,0.5060943365097046,110.07944833134431,109.64040566300974,105.2462433515364,8.299192889531438,9.911222689334764,11.246364923855774,0.025947805494070053,0.05515014007687569,0.023164715617895126,1.64,3.382,1.27,1.829268292682927,1.1827321111768183,2.3622047244094486,ok,,
EN_024_18__ES_024_18,15,true,en-es,/Users/nilakshanraveendran/Documents/research/data/raw/DRAL16kHz/fragments-short/EN_024_18.wav,/Users/nilakshanraveendran/Documents/research/data/raw/DRAL16kHz/fragments-short/ES_024_18.wav,It was a party in sort of like a- a sketchy neighborhood.,It was a party in sort of like a sketchy neighborhood.,Era una fiesta en un en un barrio sketchy.,Era una fiesta en una especie de barrio poco preciso.,Era una fiesta en una especie de barrio poco preciso.,/Users/nilakshanraveendran/Documents/research/outputs/synthesis/en-es/EN_024_18__ES_024_18_en-es.wav,27259541,0.08333333333333333,0.0,0.47366443276405334,0.5239643454551697,121.00353083765908,107.75234507699696,146.21194992479354,25.991145068728077,33.457584793257766,28.610156332167545,0.03170519322156906,0.09154579043388367,0.036885183304548264,4.06,5.5686875,3.93,2.9556650246305423,1.795755283448748,2.2900763358778624,ok,,
EN_024_18__ES_024_18,15,true,es-en,/Users/nilakshanraveendran/Documents/research/data/raw/DRAL16kHz/fragments-short/ES_024_18.wav,/Users/nilakshanraveendran/Documents/research/data/raw/DRAL16kHz/fragments-short/EN_024_18.wav,Era una fiesta en un en un barrio sketchy.,Era una fiesta en un barrio sketchy.,It was a party in sort of like a- a sketchy neighborhood.,It was a party in a sketchy neighborhood.,It was a party in a sketchy neighbourhood.,/Users/nilakshanraveendran/Documents/research/outputs/synthesis/es-en/EN_024_18__ES_024_18_es-en.wav,1572208663,0.2222222222222222,0.125,0.44943565130233765,0.5239643454551697,146.21194992479354,127.31341883017426,121.00353083765908,28.610156332167545,18.475125244801955,25.991145068728077,0.036885183304548264,0.09219766408205032,0.03170519322156906,3.93,2.411375,4.06,2.2900763358778624,3.317609247835778,2.9556650246305423,ok,,
EN_024_19__ES_024_19,15,true,en-es,/Users/nilakshanraveendran/Documents/research/data/raw/DRAL16kHz/fragments-short/EN_024_19.wav,/Users/nilakshanraveendran/Documents/research/data/raw/DRAL16kHz/fragments-short/ES_024_19.wav,<unk> You know like the projects are like the government housing,Do you know what the projects are? Like the government housing?,¿Sabes qué son los casas de apoyo del gobierno?,"¿Sabes cuáles son los proyectos, como la vivienda del gobierno?",¿Sabes cuáles son los proyectos como la vivienda del gobierno?,/Users/nilakshanraveendran/Documents/research/outputs/synthesis/en-es/EN_024_19__ES_024_19_en-es.wav,577233875,0.18181818181818182,0.0,0.4857267141342163,0.5381170511245728,108.25235621765553,112.35748843259827,118.72703884554586,12.390109425358423,19.467926450608314,15.960202417039794,0.02231527306139469,0.13739021122455597,0.034334249794483185,2.63,3.894,2.91,4.182509505703422,2.5680534155110424,3.092783505154639,ok,,
EN_024_19__ES_024_19,15,true,es-en,/Users/nilakshanraveendran/Documents/research/data/raw/DRAL16kHz/fragments-short/ES_024_19.wav,/Users/nilakshanraveendran/Documents/research/data/raw/DRAL16kHz/fragments-short/EN_024_19.wav,¿Sabes qué son los casas de apoyo del gobierno?,¿Sabes que son los casas de apoyo del gobierno?,<unk> You know like the projects are like the government housing,Do you know what government support houses are?,Do you know what government support houses are? I see.,/Users/nilakshanraveendran/Documents/research/outputs/synthesis/es-en/EN_024_19__ES_024_19_es-en.wav,1698663531,0.1111111111111111,0.25,0.4143669009208679,0.5381170511245728,118.72703884554586,126.3760040154481,108.25235621765553,15.960202417039794,23.44970717751799,12.390109425358423,0.034334249794483185,0.11878930032253265,0.02231527306139469,2.91,4.267375,2.63,3.092783505154639,1.874688772371774,4.182509505703422,ok,,
EN_024_1__ES_024_1,15,true,en-es,/Users/nilakshanraveendran/Documents/research/data/raw/DRAL16kHz/fragments-short/EN_024_1.wav,/Users/nilakshanraveendran/Documents/research/data/raw/DRAL16kHz/fragments-short/ES_024_1.wav,"So uh yesterday you were telling me about like a weird like experience you had with the cops in Mexico, right?","So yesterday you were telling me about like a weird like experience. You had it with the cops in Mexico, right?","Entonces, ayer me estabas diciendo de una experiencia rara que tuviste con los, la policía en México.","Ayer me hablabas de una experiencia extraña con la policía de México, ¿verdad?","Ayer me hablabas de una experiencia extraña con la policía de México, ¿verdad?",/Users/nilakshanraveendran/Documents/research/outputs/synthesis/en-es/EN_024_1__ES_024_1_en-es.wav,629183583,0.09523809523809523,0.0,0.6464269161224365,0.6146470904350281,137.0592948443712,129.10749270206045,129.35933560106284,19.10199620149588,19.42921415375054,21.38819160861034,0.05260050669312477,0.10959882289171219,0.03122791461646557,6.51,5.4726875,6.49,3.2258064516129035,2.375432545709946,2.6194144838212634,ok,,
EN_024_1__ES_024_1,15,true,es-en,/Users/nilakshanraveendran/Documents/research/data/raw/DRAL16kHz/fragments-short/ES_024_1.wav,/Users/nilakshanraveendran/Documents/research/data/raw/DRAL16kHz/fragments-short/EN_024_1.wav,"Entonces, ayer me estabas diciendo de una experiencia rara que tuviste con los, la policía en México.",Entonces ayer me estabas diciendo de una experiencia rara que tuviste con la policía en México.,"So uh yesterday you were telling me about like a weird like experience you had with the cops in Mexico, right?",So yesterday you were telling me about a weird experience you had with the police in Mexico.,So yesterday you were telling me about a weird experience you had with the police in Mexico.,/Users/nilakshanraveendran/Documents/research/outputs/synthesis/es-en/EN_024_1__ES_024_1_es-en.wav,48184383,0.058823529411764705,0.0,0.4021814465522766,0.6146470904350281,129.35933560106284,130.8251787983633,137.0592948443712,21.38819160861034,36.78489228606636,19.10199620149588,0.03122791461646557,0.1130768358707428,0.05260050669312477,6.49,4.587375,6.51,2.6194144838212634,3.7058230469495084,3.2258064516129035,ok,,
EN_024_21__ES_024_21,15,true,en-es,/Users/nilakshanraveendran/Documents/research/data/raw/DRAL16kHz/fragments-short/EN_024_21.wav,/Users/nilakshanraveendran/Documents/research/data/raw/DRAL16kHz/fragments-short/ES_024_21.wav,"So it was like- it was like a sketchy, like, neighborhood.",So it was like a sketchy neighborhood.,Era era un un barrio sospechoso.,Así que era como un barrio poco claro.,"Ah, si, que era como un barrio poco claro.",/Users/nilakshanraveendran/Documents/research/outputs/synthesis/en-es/EN_024_21__ES_024_21_en-es.wav,445769319,0.36363636363636365,0.25,0.3856925368309021,0.3469674587249756,150.2537082707611,181.63554742198417,145.20413350491373,34.67596630816816,56.76326065082243,27.645613013476055,0.0367821604013443,0.12226783484220505,0.04338734596967697,3.47,4.075375,3.72,3.1700288184438037,1.9630095389994784,1.6129032258064515,ok,,
EN_024_21__ES_024_21,15,true,es-en,/Users/nilakshanraveendran/Documents/research/data/raw/DRAL16kHz/fragments-short/ES_024_21.wav,/Users/nilakshanraveendran/Documents/research/data/raw/DRAL16kHz/fragments-short/EN_024_21.wav,Era era un un barrio sospechoso.,"Era, era un barrio sospechoso.","So it was like- it was like a sketchy, like, neighborhood.","It was, it was a suspicious neighborhood.","It was, it was a suspicious neighborhood.",/Users/nilakshanraveendran/Documents/research/outputs/synthesis/es-en/EN_024_21__ES_024_21_es-en.wav,535223657,0.16666666666666666,0.0,0.5015573501586914,0.3469674587249756,145.20413350491373,148.0548180892094,150.2537082707611,27.645613013476055,34.51927867801482,34.67596630816816,0.04338734596967697,0.10445474088191986,0.0367821604013443,3.72,3.2006875,3.47,1.6129032258064515,2.1870301302454553,3.1700288184438037,ok,,
EN_024_23__ES_024_23,15,true,en-es,/Users/nilakshanraveendran/Documents/research/data/raw/DRAL16kHz/fragments-short/EN_024_23.wav,/Users/nilakshanraveendran/Documents/research/data/raw/DRAL16kHz/fragments-short/ES_024_23.wav,"No, it was actually, there's- there's some in uhm El Paso.","No, it was actually there's there's some in the El Paso.","No, eran eran algunos en El Paso.","No, en realidad hay algunos en El Paso.","No, en realidad hay algunos en el paso.",/Users/nilakshanraveendran/Documents/research/outputs/synthesis/en-es/EN_024_23__ES_024_23_en-es.wav,1765329112,0.09090909090909091,0.0,0.4485970735549927,0.5978114008903503,148.09138493584737,108.76876285619647,143.42713220292927,28.377926573005457,35.992968694621844,26.89772505991876,0.05703061819076538,0.08387114852666855,0.053068455308675766,3.15,5.9846875,3.0,3.492063492063492,1.3367448175030026,2.3333333333333335,ok,,
EN_024_23__ES_024_23,15,true,es-en,/Users/nilakshanraveendran/Documents/research/data/raw/DRAL16kHz/fragments-short/ES_024_23.wav,/Users/nilakshanraveendran/Documents/research/data/raw/DRAL16kHz/fragments-short/EN_024_23.wav,"No, eran eran algunos en El Paso.",no eran algunos en el paso.,"No, it was actually, there's- there's some in uhm El Paso.",They weren't some in the pass.,They weren't some in the past.,/Users/nilakshanraveendran/Documents/research/outputs/synthesis/es-en/EN_024_23__ES_024_23_es-en.wav,1508583937,0.14285714285714285,0.16666666666666666,0.41444045305252075,0.5978114008903503,143.42713220292927,167.02241904911455,148.09138493584737,26.89772505991876,16.192238532332755,28.377926573005457,0.053068455308675766,0.10016347467899323,0.05703061819076538,3.0,2.411375,3.15,2.3333333333333335,2.4882069358768337,3.492063492063492,ok,,
EN_024_24__ES_024_24,15,true,en-es,/Users/nilakshanraveendran/Documents/research/data/raw/DRAL16kHz/fragments-short/EN_024_24.wav,/Users/nilakshanraveendran/Documents/research/data/raw/DRAL16kHz/fragments-short/ES_024_24.wav,I mean not in El Paso on the west side,"I mean, not an old pass on the west side.","Digo, no en El Paso en el Westside.","Quiero decir, no un viejo pase en el lado oeste.","Quiero decir, no un viejo pase en el lado oeste.",/Users/nilakshanraveendran/Documents/research/outputs/synthesis/en-es/EN_024_24__ES_024_24_en-es.wav,62348461,0.3,0.0,0.4918777644634247,0.4767290949821472,114.24639936161195,117.1918775436101,118.38718567284691,17.24220781953355,17.323728131461067,16.958819423891946,0.047824446111917496,0.0954572856426239,0.040667664259672165,1.91,4.1286875,2.28,5.235602094240838,2.4220772339877987,3.5087719298245617,ok,,
EN_024_24__ES_024_24,15,true,es-en,/Users/nilakshanraveendran/Documents/research/data/raw/DRAL16kHz/fragments-short/ES_024_24.wav,/Users/nilakshanraveendran/Documents/research/data/raw/DRAL16kHz/fragments-short/EN_024_24.wav,"Digo, no en El Paso en el Westside.",Dijo no en el paso en el huésair.,I mean not in El Paso on the west side,He said no in the passage in the huésair.,He said no in the passage in the Huweiser.,/Users/nilakshanraveendran/Documents/research/outputs/synthesis/es-en/EN_024_24__ES_024_24_es-en.wav,1904874463,0.25,0.1111111111111111,0.47062209248542786,0.4767290949821472,118.38718567284691,111.49503453372246,114.24639936161195,16.958819423891946,16.590630566064682,17.24220781953355,0.040667664259672165,0.10486539453268051,0.047824446111917496,2.28,3.339375,1.91,3.5087719298245617,2.695115103874228,5.235602094240838,ok,,
EN_024_26__ES_024_26,15,true,en-es,/Users/nilakshanraveendran/Documents/research/data/raw/DRAL16kHz/fragments-short/EN_024_26.wav,/Users/nilakshanraveendran/Documents/research/data/raw/DRAL16kHz/fragments-short/ES_024_26.wav,"So it was kind of like in a- a sketchy neighborhood, right?","So it was kind of like in a sketchy neighborhood, right?","Entonces era en un barrio sospechoso, ¿verdad?","Así que fue como en un barrio poco claro, ¿verdad?","Así que fue como en un barrio poco claro, ¿verdad?",/Users/nilakshanraveendran/Documents/research/outputs/synthesis/en-es/EN_024_26__ES_024_26_en-es.wav,1494078714,0.08333333333333333,0.0,0.45884203910827637,0.28210940957069397,173.60063442948027,107.76525874604006,194.5628866593597,79.44403168534907,17.53940821217765,75.84464114843028,0.04070032015442848,0.11311601102352142,0.03091082163155079,3.15,3.2006875,3.32,3.8095238095238098,3.1243287574935072,2.108433734939759,ok,,
EN_024_26__ES_024_26,15,true,es-en,/Users/nilakshanraveendran/Documents/research/data/raw/DRAL16kHz/fragments-short/ES_024_26.wav,/Users/nilakshanraveendran/Documents/research/data/raw/DRAL16kHz/fragments-short/EN_024_26.wav,"Entonces era en un barrio sospechoso, ¿verdad?","Entonces era un barrio sospechoso, ¿verdad?","So it was kind of like in a- a sketchy neighborhood, right?","Then it was a suspicious neighborhood, wasn't it?","Then it was a suspicious neighborhood, wasn't it?",/Users/nilakshanraveendran/Documents/research/outputs/synthesis/es-en/EN_024_26__ES_024_26_es-en.wav,1939812186,0.14285714285714285,0.0,0.47887200117111206,0.28210940957069397,194.5628866593597,201.92298937083007,173.60063442948027,75.84464114843028,64.80202349000574,79.44403168534907,0.03091082163155079,0.11260409653186798,0.04070032015442848,3.32,5.099375,3.15,2.108433734939759,1.5688197082975854,3.8095238095238098,ok,,
EN_024_27__ES_024_27,15,true,en-es,/Users/nilakshanraveendran/Documents/research/data/raw/DRAL16kHz/fragments-short/EN_024_27.wav,/Users/nilakshanraveendran/Documents/research/data/raw/DRAL16kHz/fragments-short/ES_024_27.wav,We're just doing our thing.,We're just doing our thing.,Estábamos haciendo nuestra cosa.,Sólo estamos haciendo lo nuestro.,Solo estamos haciendo lo nuestro.,/Users/nilakshanraveendran/Documents/research/outputs/synthesis/en-es/EN_024_27__ES_024_27_en-es.wav,1344948559,0.0,0.2,0.44433462619781494,0.25734689831733704,175.56410016766205,146.63229895689494,148.1034501420488,14.525753865137283,23.393734221648916,26.53480605043919,0.05133267864584923,0.12044234573841095,0.04705485701560974,1.32,2.5926875,1.78,3.7878787878787876,1.9285008316659837,2.247191011235955,ok,,
EN_024_27__ES_024_27,15,true,es-en,/Users/nilakshanraveendran/Documents/research/data/raw/DRAL16kHz/fragments-short/ES_024_27.wav,/Users/nilakshanraveendran/Documents/research/data/raw/DRAL16kHz/fragments-short/EN_024_27.wav,Estábamos haciendo nuestra cosa.,Estábamos haciendo nuestra cosa.,We're just doing our thing.,We were doing our thing.,We were doing our thing.,/Users/nilakshanraveendran/Documents/research/outputs/synthesis/es-en/EN_024_27__ES_024_27_es-en.wav,497874128,0.0,0.0,0.37746140360832214,0.25734689831733704,148.1034501420488,144.58855203552642,175.56410016766205,26.53480605043919,39.82451347153331,14.525753865137283,0.04705485701560974,0.08810295164585114,0.05133267864584923,1.78,4.075375,1.32,2.247191011235955,1.226880961874674,3.7878787878787876,ok,,
EN_024_28__ES_024_28,15,true,en-es,/Users/nilakshanraveendran/Documents/research/data/raw/DRAL16kHz/fragments-short/EN_024_28.wav,/Users/nilakshanraveendran/Documents/research/data/raw/DRAL16kHz/fragments-short/ES_024_28.wav,"I was 16, we were partying, you know.","I was 16, we were partying, you know.",Teníamos dieciséis. Estábamos festejando.,"Tenía 16 años, estábamos de fiesta.","Tenía 16 años, estábamos de fiesta.",/Users/nilakshanraveendran/Documents/research/outputs/synthesis/en-es/EN_024_28__ES_024_28_en-es.wav,790301957,0.0,0.0,0.4369407296180725,0.45660871267318726,106.69174351442413,99.24257855605518,98.44082674034657,7.553790382369783,15.92038313542847,8.339132760587757,0.0330357626080513,0.0974544808268547,0.02644810639321804,2.68,4.171375,3.02,2.9850746268656714,1.4383746366605734,1.3245033112582782,ok,,
EN_024_28__ES_024_28,15,true,es-en,/Users/nilakshanraveendran/Documents/research/data/raw/DRAL16kHz/fragments-short/ES_024_28.wav,/Users/nilakshanraveendran/Documents/research/data/raw/DRAL16kHz/fragments-short/EN_024_28.wav,Teníamos dieciséis. Estábamos festejando.,"teníamos 16, estamos festejando.","I was 16, we were partying, you know.","We were 16, we're celebrating.",We were 16. We're celebrating.,/Users/nilakshanraveendran/Documents/research/outputs/synthesis/es-en/EN_024_28__ES_024_28_es-en.wav,535676689,0.5,0.0,0.494618684053421,0.45660871267318726,98.44082674034657,96.31864749213491,106.69174351442413,8.339132760587757,10.350928392266937,7.553790382369783,0.02644810639321804,0.09136772155761719,0.0330357626080513,3.02,2.454,2.68,1.3245033112582782,2.037489812550937,2.9850746268656714,ok,,
EN_024_29__ES_024_29,15,true,en-es,/Users/nilakshanraveendran/Documents/research/data/raw/DRAL16kHz/fragments-short/EN_024_29.wav,/Users/nilakshanraveendran/Documents/research/data/raw/DRAL16kHz/fragments-short/ES_024_29.wav,"You know, because of the- the area, there was also some crazy people there, not even going to lie.","You know, because of the area, there was also like some crazy people there not even alive.",Pues si sabes sabes por el área había gente loca no te voy a mentir,"Sabes, debido a la zona, también había como algunos locos que ni siquiera estaban vivos.","Sabes, debido a la zona, también había como algunos locos que ni siquiera estaban vivos.",/Users/nilakshanraveendran/Documents/research/outputs/synthesis/en-es/EN_024_29__ES_024_29_en-es.wav,843094077,0.2631578947368421,0.0,0.3794902563095093,0.5188519954681396,104.57923326234149,105.40043445300304,111.0277018739593,21.682145118485625,18.40555309624014,25.904431546286695,0.035337142646312714,0.0959240198135376,0.039749208837747574,5.71,6.443375,4.85,3.327495621716287,2.327972529924147,3.0927835051546393,ok,,
EN_024_29__ES_024_29,15,true,es-en,/Users/nilakshanraveendran/Documents/research/data/raw/DRAL16kHz/fragments-short/ES_024_29.wav,/Users/nilakshanraveendran/Documents/research/data/raw/DRAL16kHz/fragments-short/EN_024_29.wav,Pues si sabes sabes por el área había gente loca no te voy a mentir,"Si sabes, sabes por el área, había gente loca, te voy a mentir.","You know, because of the- the area, there was also some crazy people there, not even going to lie.","If you know, you know the area, there were crazy people, I'm gonna lie to you.","If you know, you know the area. There were crazy people. I'm gonna lie to you.",/Users/nilakshanraveendran/Documents/research/outputs/synthesis/es-en/EN_024_29__ES_024_29_es-en.wav,1689967391,0.13333333333333333,0.0,0.4896640181541443,0.5188519954681396,111.0277018739593,120.42254589916502,104.57923326234149,25.904431546286695,45.46252438029154,21.682145118485625,0.039749208837747574,0.07645197212696075,0.035337142646312714,4.85,5.707375,5.71,3.0927835051546393,2.803390350204779,3.327495621716287,ok,,
EN_024_2__ES_024_2,15,true,en-es,/Users/nilakshanraveendran/Documents/research/data/raw/DRAL16kHz/fragments-short/EN_024_2.wav,/Users/nilakshanraveendran/Documents/research/data/raw/DRAL16kHz/fragments-short/ES_024_2.wav,"It just reminded me of a bad experience I've had with the cops, but like here in the US.","It just reminded me of a bad experience I've had with the cops, but like here in the US.",Y me acordé de un um una experiencia mala que yo tuve aquí en los Estados Unidos con la policía.,"Me recordó una mala experiencia que he tenido con la policía, pero como aquí en los Estados Unidos.","Me recordó una mala experiencia que he tenido con la policía, pero como aquí, en los Estados Unidos.",/Users/nilakshanraveendran/Documents/research/outputs/synthesis/en-es/EN_024_2__ES_024_2_en-es.wav,1614269653,0.0,0.0,0.5472080707550049,0.5677693486213684,114.91072342430596,108.32776884792446,110.75405888544896,15.999772532352237,18.11211393117774,14.653756200954417,0.030146781355142593,0.10116365551948547,0.023910636082291603,5.35,6.731375,6.79,3.551401869158879,2.6740450502311934,2.9455081001472756,ok,,
EN_024_2__ES_024_2,15,true,es-en,/Users/nilakshanraveendran/Documents/research/data/raw/DRAL16kHz/fragments-short/ES_024_2.wav,/Users/nilakshanraveendran/Documents/research/data/raw/DRAL16kHz/fragments-short/EN_024_2.wav,Y me acordé de un um una experiencia mala que yo tuve aquí en los Estados Unidos con la policía.,y me acordé de una experiencia mala que yo tuve aquí en los Estados Unidos con la policía.,"It just reminded me of a bad experience I've had with the cops, but like here in the US.",And I remembered a bad experience that I had here in the United States with the police.,and I remembered a bad experience that I had here in the United States with the police.,/Users/nilakshanraveendran/Documents/research/outputs/synthesis/es-en/EN_024_2__ES_024_2_es-en.wav,1054191273,0.1,0.0,0.5028274059295654,0.5677693486213684,110.75405888544896,102.55448840715839,114.91072342430596,14.653756200954417,10.919291760325747,15.999772532352237,0.023910636082291603,0.09939781576395035,0.030146781355142593,6.79,4.5446875,5.35,2.9455081001472756,3.740631231520319,3.551401869158879,ok,,
EN_024_30__ES_024_30,15,true,en-es,/Users/nilakshanraveendran/Documents/research/data/raw/DRAL16kHz/fragments-short/EN_024_30.wav,/Users/nilakshanraveendran/Documents/research/data/raw/DRAL16kHz/fragments-short/ES_024_30.wav,"There was like people doing like coke and stuff. I was like, whoa.","There was people doing like Coke and stuff. I was like, whoa.",Había gente haciendo coca y yo estaba como woah,Había gente haciendo como Coca-Cola y esas cosas.,Había gente haciendo como Coca-Cola y esas cosas.,/Users/nilakshanraveendran/Documents/research/outputs/synthesis/en-es/EN_024_30__ES_024_30_en-es.wav,1511705928,0.07692307692307693,0.0,0.32599058747291565,0.43112504482269287,145.05889445235982,143.4998620466803,157.5194639619994,20.751786899114645,25.152857882023962,30.440423324191656,0.026781437918543816,0.11622291803359985,0.042053740471601486,2.95,4.2246875,3.64,4.406779661016949,1.8936311857385901,2.4725274725274726,ok,,
EN_024_30__ES_024_30,15,true,es-en,/Users/nilakshanraveendran/Documents/research/data/raw/DRAL16kHz/fragments-short/ES_024_30.wav,/Users/nilakshanraveendran/Documents/research/data/raw/DRAL16kHz/fragments-short/EN_024_30.wav,Había gente haciendo coca y yo estaba como woah,"Había gente haciendo coca y yo estaba como, wow!","There was like people doing like coke and stuff. I was like, whoa.","There were people making coke and I was like, wow!","There were people making Coke and I was like, wow.",/Users/nilakshanraveendran/Documents/research/outputs/synthesis/es-en/EN_024_30__ES_024_30_es-en.wav,1728672519,0.1111111111111111,0.0,0.37708619236946106,0.43112504482269287,157.5194639619994,171.95315159696122,145.05889445235982,30.440423324191656,34.4824862999867,20.751786899114645,0.042053740471601486,0.10295489430427551,0.026781437918543816,3.64,4.363375,2.95,2.4725274725274726,2.2918039361732605,4.406779661016949,ok,,
EN_024_31__ES_024_31,15,true,en-es,/Users/nilakshanraveendran/Documents/research/data/raw/DRAL16kHz/fragments-short/EN_024_31.wav,/Users/nilakshanraveendran/Documents/research/data/raw/DRAL16kHz/fragments-short/ES_024_31.wav,"Like, they were telling me, and I was like, no, I don't want to do coke.","Like they were telling me and I was like, no, I don't want to do coke.","Y me estaban diciendo y yo les dije, no, yo no quiero hacer coca.","Como si me lo dijeran y yo dijera, no, no quiero tomar coca.","Como si me lo dijera ni yo dijera, no quiero tomar coca.",/Users/nilakshanraveendran/Documents/research/outputs/synthesis/en-es/EN_024_31__ES_024_31_en-es.wav,1608757725,0.0,0.23076923076923078,0.4751252233982086,0.45681220293045044,112.2021589674927,114.68608505224206,119.18187418108558,14.082286331954913,20.805906578234683,25.6962411999884,0.024169007316231728,0.12128112465143204,0.0223859753459692,2.59,4.5446875,3.04,6.177606177606178,2.8604827064567147,4.605263157894737,ok,,
EN_024_31__ES_024_31,15,true,es-en,/Users/nilakshanraveendran/Documents/research/data/raw/DRAL16kHz/fragments-short/ES_024_31.wav,/Users/nilakshanraveendran/Documents/research/data/raw/DRAL16kHz/fragments-short/EN_024_31.wav,"Y me estaban diciendo y yo les dije, no, yo no quiero hacer coca.","Y me estaban diciendo y le dije, no, yo no quiero hacer coca.","Like, they were telling me, and I was like, no, I don't want to do coke.","And they were telling me and I said, no, I don't want to make coke.","And they were telling me, and I said, No, I don't want to make Coke.",/Users/nilakshanraveendran/Documents/research/outputs/synthesis/es-en/EN_024_31__ES_024_31_es-en.wav,477285843,0.14285714285714285,0.0,0.5125055909156799,0.45681220293045044,119.18187418108558,122.57788898513553,112.2021589674927,25.6962411999884,22.79916087357696,14.082286331954913,0.0223859753459692,0.08059107512235641,0.024169007316231728,3.04,5.654,2.59,4.605263157894737,2.6529890343119917,6.177606177606178,ok,,
EN_024_33__ES_024_33,15,true,en-es,/Users/nilakshanraveendran/Documents/research/data/raw/DRAL16kHz/fragments-short/EN_024_33.wav,/Users/nilakshanraveendran/Documents/research/data/raw/DRAL16kHz/fragments-short/ES_024_33.wav,"Oh, it was a backyard party. It was a backyard party. Yeah. Uh-huh.","Oh, it was a backyard party. It was a backyard party. Yeah.","Oh, era fiesta afuera, en el jardín, mm-hmm mm-hmm.",Era una fiesta en el patio trasero.,"Era una fiesta en el patio, trasero.",/Users/nilakshanraveendran/Documents/research/outputs/synthesis/en-es/EN_024_33__ES_024_33_en-es.wav,412801017,0.07692307692307693,0.0,0.3773879408836365,0.5365978479385376,131.9960683472956,662.5874557551266,126.06554249788203,36.734992633947414,359.5696306632102,39.09957872966732,0.04498196020722389,0.03777169808745384,0.0410391204059124,3.94,8.534,4.3,3.299492385786802,0.8202484180923365,2.0930232558139537,ok,,
EN_024_33__ES_024_33,15,true,es-en,/Users/nilakshanraveendran/Documents/research/data/raw/DRAL16kHz/fragments-short/ES_024_33.wav,/Users/nilakshanraveendran/Documents/research/data/raw/DRAL16kHz/fragments-short/EN_024_33.wav,"Oh, era fiesta afuera, en el jardín, mm-hmm mm-hmm.","Oh, era fiesta afuera en el jardín.","Oh, it was a backyard party. It was a backyard party. Yeah. Uh-huh.","Oh, it was a party outside in the garden.","Oh, it was a party outside in the garden.",/Users/nilakshanraveendran/Documents/research/outputs/synthesis/es-en/EN_024_33__ES_024_33_es-en.wav,120865163,0.2222222222222222,0.0,0.5947182178497314,0.5365978479385376,126.06554249788203,149.09004290673272,131.9960683472956,39.09957872966732,28.971812575822693,36.734992633947414,0.0410391204059124,0.07864303886890411,0.04498196020722389,4.3,4.267375,3.94,2.0930232558139537,2.109024868918246,3.299492385786802,ok,,
EN_024_34__ES_024_34,15,true,en-es,/Users/nilakshanraveendran/Documents/research/data/raw/DRAL16kHz/fragments-short/EN_024_34.wav,/Users/nilakshanraveendran/Documents/research/data/raw/DRAL16kHz/fragments-short/ES_024_34.wav,But like out of like everyone in- in the crowd.,but out of everyone in the crowd?,¿Y de todos del grupo?,pero fuera de todos en la multitud?,Pero... Fuera de todos en la multitud...,/Users/nilakshanraveendran/Documents/research/outputs/synthesis/en-es/EN_024_34__ES_024_34_en-es.wav,1523362942,0.3,0.0,0.26154983043670654,0.33340132236480713,116.27971206316988,133.6205085731643,151.0609885698922,9.37619254770961,31.69198861255945,52.73826102605306,0.05020897462964058,0.09147597849369049,0.04586341604590416,2.29,4.587375,1.78,4.366812227074235,1.5259271369792093,2.8089887640449436,ok,,
EN_024_34__ES_024_34,15,true,es-en,/Users/nilakshanraveendran/Documents/research/data/raw/DRAL16kHz/fragments-short/ES_024_34.wav,/Users/nilakshanraveendran/Documents/research/data/raw/DRAL16kHz/fragments-short/EN_024_34.wav,¿Y de todos del grupo?,y de todos el grupo?,But like out of like everyone in- in the crowd.,And of all the group?,end of all the group,/Users/nilakshanraveendran/Documents/research/outputs/synthesis/es-en/EN_024_34__ES_024_34_es-en.wav,1232855999,0.2,0.2,0.26700279116630554,0.33340132236480713,151.0609885698922,177.38621342278606,116.27971206316988,52.73826102605306,30.274589577118515,9.37619254770961,0.04586341604590416,0.14355456829071045,0.05020897462964058,1.78,1.995375,2.29,2.8089887640449436,2.505794650128422,4.366812227074235,ok,,
EN_024_35__ES_024_35,15,true,en-es,/Users/nilakshanraveendran/Documents/research/data/raw/DRAL16kHz/fragments-short/EN_024_35.wav,/Users/nilakshanraveendran/Documents/research/data/raw/DRAL16kHz/fragments-short/ES_024_35.wav,"Like, they picked out, like, me and my friend.",like they picked out like me and my friend.,uh escogieron a mí y mi amigo.,como que escogieron como yo y mi amigo.,como que escogieron como yo y mi amigo.,/Users/nilakshanraveendran/Documents/research/outputs/synthesis/en-es/EN_024_35__ES_024_35_en-es.wav,1067429206,0.0,0.0,0.44514012336730957,0.5106033086776733,101.07450908533012,86.18992686614023,104.65925761761312,10.1814718876655,11.7350152294654,11.121814394047798,0.023452583700418472,0.11034856736660004,0.02612713910639286,2.75,3.382,2.54,3.272727272727273,2.3654642223536366,2.7559055118110236,ok,,
EN_024_35__ES_024_35,15,true,es-en,/Users/nilakshanraveendran/Documents/research/data/raw/DRAL16kHz/fragments-short/ES_024_35.wav,/Users/nilakshanraveendran/Documents/research/data/raw/DRAL16kHz/fragments-short/EN_024_35.wav,uh escogieron a mí y mi amigo.,escogieron a mi y mi amigo.,"Like, they picked out, like, me and my friend.",They chose me and my friend.,They chose me and my friend.,/Users/nilakshanraveendran/Documents/research/outputs/synthesis/es-en/EN_024_35__ES_024_35_es-en.wav,1932312594,0.2857142857142857,0.0,0.47747644782066345,0.5106033086776733,104.65925761761312,91.69279248976896,101.07450908533012,11.121814394047798,15.106281133505554,10.1814718876655,0.02612713910639286,0.09025909751653671,0.023452583700418472,2.54,2.87,2.75,2.7559055118110236,2.0905923344947737,3.272727272727273,ok,,
EN_024_37__ES_024_37,15,true,en-es,/Users/nilakshanraveendran/Documents/research/data/raw/DRAL16kHz/fragments-short/EN_024_37.wav,/Users/nilakshanraveendran/Documents/research/data/raw/DRAL16kHz/fragments-short/ES_024_37.wav,"Everyone there was pretty much around the same age, you know","Everyone there was pretty much around the same age, you know",Todos ahí tenían más o menos el mismo edad.,"Todo el mundo tenía casi la misma edad, ¿sabes?","Todo el mundo tenía casi la misma edad, sabes?",/Users/nilakshanraveendran/Documents/research/outputs/synthesis/en-es/EN_024_37__ES_024_37_en-es.wav,1226259825,0.0,0.0,0.44039055705070496,0.4900623559951782,120.01056278120836,133.48849854614897,112.31884184021715,29.83106576454732,19.67574911085838,25.848959117545764,0.036856088787317276,0.11638613045215607,0.03173943981528282,3.24,2.7846875,3.56,3.3950617283950617,3.2319604982605767,2.5280898876404496,ok,,
EN_024_37__ES_024_37,15,true,es-en,/Users/nilakshanraveendran/Documents/research/data/raw/DRAL16kHz/fragments-short/ES_024_37.wav,/Users/nilakshanraveendran/Documents/research/data/raw/DRAL16kHz/fragments-short/EN_024_37.wav,Todos ahí tenían más o menos el mismo edad.,Todos ahí tenían más o menos el mismo da.,"Everyone there was pretty much around the same age, you know",Everyone there had more or less the same da.,Everyone there had more or less the same day up.,/Users/nilakshanraveendran/Documents/research/outputs/synthesis/es-en/EN_024_37__ES_024_37_es-en.wav,1613608445,0.1111111111111111,0.2222222222222222,0.4738646149635315,0.4900623559951782,112.31884184021715,107.11590403597202,120.01056278120836,25.848959117545764,20.92468170212098,29.83106576454732,0.03173943981528282,0.0995742604136467,0.036856088787317276,3.56,3.798,3.24,2.5280898876404496,2.3696682464454977,3.3950617283950617,ok,,
EN_024_39__ES_024_39,15,true,en-es,/Users/nilakshanraveendran/Documents/research/data/raw/DRAL16kHz/fragments-short/EN_024_39.wav,/Users/nilakshanraveendran/Documents/research/data/raw/DRAL16kHz/fragments-short/ES_024_39.wav,They... they put us in like handcuffs.,They put us in handcuffs.,Nos nos pusieron en esposas.,Nos pusieron esposas.,Nos pusieron esposas.,/Users/nilakshanraveendran/Documents/research/outputs/synthesis/en-es/EN_024_39__ES_024_39_en-es.wav,1804801603,0.2857142857142857,0.0,0.27190300822257996,0.4787723422050476,123.94742165381878,138.60005106919886,120.84967782627199,10.87562249593691,27.39209363877076,14.520429908287541,0.04594654589891434,0.09262102842330933,0.03588487207889557,2.76,2.411375,2.74,2.536231884057971,1.2441034679384169,1.824817518248175,ok,,
EN_024_39__ES_024_39,15,true,es-en,/Users/nilakshanraveendran/Documents/research/data/raw/DRAL16kHz/fragments-short/ES_024_39.wav,/Users/nilakshanraveendran/Documents/research/data/raw/DRAL16kHz/fragments-short/EN_024_39.wav,Nos nos pusieron en esposas.,Nos pusieron en esposas?,They... they put us in like handcuffs.,They put us in handcuffs?,They put us in handcuffs.,/Users/nilakshanraveendran/Documents/research/outputs/synthesis/es-en/EN_024_39__ES_024_39_es-en.wav,1926104379,0.2,0.0,0.43480557203292847,0.4787723422050476,120.84967782627199,142.66226218891615,123.94742165381878,14.520429908287541,19.26208523286133,10.87562249593691,0.03588487207889557,0.08497145771980286,0.04594654589891434,2.74,2.0806875,2.76,1.824817518248175,2.4030518758823707,2.536231884057971,ok,,
EN_024_3__ES_024_3,15,true,en-es,/Users/nilakshanraveendran/Documents/research/data/raw/DRAL16kHz/fragments-short/EN_024_3.wav,/Users/nilakshanraveendran/Documents/research/data/raw/DRAL16kHz/fragments-short/ES_024_3.wav,"And uh, well let me ask you first.","And, uh, let me ask you first.","Bueno, deja te pregunto primero.","Y, uh, déjame preguntarte primero.","Y UUAAA, déjame preguntarte primero.",/Users/nilakshanraveendran/Documents/research/outputs/synthesis/en-es/EN_024_3__ES_024_3_en-es.wav,769297220,0.125,0.2,0.4904131293296814,0.3646974563598633,134.6284540497429,138.9165041318449,139.59196679088402,32.63283119243597,31.157971279517806,31.790648856494403,0.0569562166929245,0.10863722115755081,0.043739937245845795,2.29,3.798,2.0,3.493449781659389,1.3164823591363874,2.5,ok,,
EN_024_3__ES_024_3,15,true,es-en,/Users/nilakshanraveendran/Documents/research/data/raw/DRAL16kHz/fragments-short/ES_024_3.wav,/Users/nilakshanraveendran/Documents/research/data/raw/DRAL16kHz/fragments-short/EN_024_3.wav,"Bueno, deja te pregunto primero.","Bueno, déjate el pregunto primero.","And uh, well let me ask you first.","Well, leave the question to yourself first.","Well, leave the question to yourself first.",/Users/nilakshanraveendran/Documents/research/outputs/synthesis/es-en/EN_024_3__ES_024_3_es-en.wav,1079225457,0.4,0.0,0.2956635355949402,0.3646974563598633,139.59196679088402,165.62583251408554,134.6284540497429,31.790648856494403,33.26330005717202,32.63283119243597,0.043739937245845795,0.10381892323493958,0.0569562166929245,2.0,3.339375,2.29,2.5,2.0962006363466217,3.493449781659389,ok,,
EN_024_40__ES_024_40,15,true,en-es,/Users/nilakshanraveendran/Documents/research/data/raw/DRAL16kHz/fragments-short/EN_024_40.wav,/Users/nilakshanraveendran/Documents/research/data/raw/DRAL16kHz/fragments-short/ES_024_40.wav,"They're like, get on the ground, like, get on the ground, like, right now. Like, they had us, like, on the ground.","They're like, get on the ground, like, get on the ground, like, right now. Like, they had us, like, on the ground.","Nos dijeron, uh tírate al suelo, tírate al suelo. Nos tenían en el piso.","Están como, al suelo, como, al suelo, como, ahora mismo, como, nos tenían, como, en el suelo.","Están como al suelo, como al suelo. Como ahora mismo, como no tenían. Como en el suelo.",/Users/nilakshanraveendran/Documents/research/outputs/synthesis/en-es/EN_024_40__ES_024_40_en-es.wav,667901638,0.0,0.058823529411764705,0.4116455316543579,0.40448153018951416,109.4476043465393,102.60957135626191,112.31377946600576,12.23773809035955,26.937869056667765,18.621896322129487,0.030626796185970306,0.08484333008527756,0.024406595155596733,4.72,11.3286875,4.59,4.661016949152542,1.5006151418688176,3.0501089324618738,ok,,
EN_027_10__ES_027_10,27,true,en-es,/Users/nilakshanraveendran/Documents/research/data/raw/DRAL16kHz/fragments-short/EN_027_10.wav,/Users/nilakshanraveendran/Documents/research/data/raw/DRAL16kHz/fragments-short/ES_027_10.wav,"Yeah, if I could, I would","Yeah, if I could I would...","Sí, sí podría, trataría.","Sí, si pudiera...","Si, si pudiera...",/Users/nilakshanraveendran/Documents/research/outputs/synthesis/en-es/EN_027_10__ES_027_10_en-es.wav,1235778895,0.0,0.3333333333333333,0.17721685767173767,0.3876047730445862,122.64423693101415,91.79425411588198,119.12173421177853,13.69961396153595,27.687877717722458,12.950899677338652,0.007665058597922325,0.09089720249176025,0.010245663113892078,2.12,3.659375,2.06,2.830188679245283,0.8198121263877028,1.941747572815534,ok,,
EN_027_10__ES_027_10,27,true,es-en,/Users/nilakshanraveendran/Documents/research/data/raw/DRAL16kHz/fragments-short/ES_027_10.wav,/Users/nilakshanraveendran/Documents/research/data/raw/DRAL16kHz/fragments-short/EN_027_10.wav,"Sí, sí podría, trataría.","Sí, sí podría trataría.","Yeah, if I could, I would","Yeah, I could try.","Yeah, I could try.",/Users/nilakshanraveendran/Documents/research/outputs/synthesis/es-en/EN_027_10__ES_027_10_es-en.wav,1727646100,0.0,0.0,0.4244600236415863,0.3876047730445862,119.12173421177853,141.025019088578,122.64423693101415,12.950899677338652,15.731762459675638,13.69961396153595,0.010245663113892078,0.12069403380155563,0.007665058597922325,2.06,1.899375,2.12,1.941747572815534,2.1059559065482065,2.830188679245283,ok,,
EN_033_10__ES_033_10,33,true,en-es,/Users/nilakshanraveendran/Documents/research/data/raw/DRAL16kHz/fragments-short/EN_033_10.wav,/Users/nilakshanraveendran/Documents/research/data/raw/DRAL16kHz/fragments-short/ES_033_10.wav,but recently I got into Jiu Jitsu,but recently I got into UG2,Pero recientemente entré al Jiu Jitsu.,pero recientemente me metí en UG2,pero recientemente me metí en UG-2,/Users/nilakshanraveendran/Documents/research/outputs/synthesis/en-es/EN_033_10__ES_033_10_en-es.wav,622613579,0.2857142857142857,0.0,0.5033683776855469,0.59550541639328,111.85012726629031,122.67662626216584,116.81970061393216,13.244172249415287,13.895434916586488,13.881822133694955,0.019535716623067856,0.10725171864032745,0.026931073516607285,2.63,2.87,3.14,2.661596958174905,2.0905923344947737,1.910828025477707,ok,,
EN_033_10__ES_033_10,33,true,es-en,/Users/nilakshanraveendran/Documents/research/data/raw/DRAL16kHz/fragments-short/ES_033_10.wav,/Users/nilakshanraveendran/Documents/research/data/raw/DRAL16kHz/fragments-short/EN_033_10.wav,Pero recientemente entré al Jiu Jitsu.,pero recientemente entre al yujitsu,but recently I got into Jiu Jitsu,but recently between the yujitsu,But recently between Ujitsu...,/Users/nilakshanraveendran/Documents/research/outputs/synthesis/es-en/EN_033_10__ES_033_10_es-en.wav,1004336350,0.5,0.4,0.6308627128601074,0.59550541639328,116.81970061393216,110.95453477983777,111.85012726629031,13.881822133694955,18.462663005535063,13.244172249415287,0.026931073516607285,0.08394910395145416,0.019535716623067856,3.14,3.4246875,2.63,1.910828025477707,1.4599872251117803,2.661596958174905,ok,,
EN_034_11__ES_034_11,34,true,en-es,/Users/nilakshanraveendran/Documents/research/data/raw/DRAL16kHz/fragments-short/EN_034_11.wav,/Users/nilakshanraveendran/Documents/research/data/raw/DRAL16kHz/fragments-short/ES_034_11.wav,Because my boyfriend is in- is in metallurgy.,because my boyfriend is in metallurgy,Mi novio es un examen de la Teología,porque mi novio está en metalurgia,porque mi novio está en metalurgia.,/Users/nilakshanraveendran/Documents/research/outputs/synthesis/en-es/EN_034_11__ES_034_11_en-es.wav,495989268,0.25,0.0,0.5014492273330688,0.5005887746810913,213.53642097150777,222.29052950153786,224.8630847034661,24.672860992628877,30.518402841475005,32.89390576803235,0.0054886117577552795,0.1472623199224472,0.004943333566188812,3.28,2.923375,2.66,2.4390243902439024,2.0524222858853207,3.007518796992481,ok,,
EN_034_11__ES_034_11,34,true,es-en,/Users/nilakshanraveendran/Documents/research/data/raw/DRAL16kHz/fragments-short/ES_034_11.wav,/Users/nilakshanraveendran/Documents/research/data/raw/DRAL16kHz/fragments-short/EN_034_11.wav,Mi novio es un examen de la Teología,"Rumi no vio es un... es el mel, te alorgica",Because my boyfriend is in- is in metallurgy.,"Rumi didn't see it's a... it's the mel, you're allorgic.","Rumi didn't see it's the male, you're allergic.",/Users/nilakshanraveendran/Documents/research/outputs/synthesis/es-en/EN_034_11__ES_034_11_es-en.wav,893284382,1.0,0.4,0.4711793065071106,0.5005887746810913,224.8630847034661,217.48774897213767,213.53642097150777,32.89390576803235,18.84199178638301,24.672860992628877,0.004943333566188812,0.110932856798172,0.0054886117577552795,2.66,5.0566875,3.28,3.007518796992481,1.9775791958668596,2.4390243902439024,ok,,
EN_058_10__ES_058_10,58,true,en-es,/Users/nilakshanraveendran/Documents/research/data/raw/DRAL16kHz/fragments-short/EN_058_10.wav,/Users/nilakshanraveendran/Documents/research/data/raw/DRAL16kHz/fragments-short/ES_058_10.wav,one character and it's cute.,One character and it's cute.,Un personaje más tierno,Un personaje y es lindo.,un personaje y es lindo.,/Users/nilakshanraveendran/Documents/research/outputs/synthesis/en-es/EN_058_10__ES_058_10_en-es.wav,1077918615,0.0,0.0,0.5228844285011292,0.4425475597381592,251.47379508292047,630.9182438983072,238.33538224669,37.28264169207369,375.42246896718154,27.43405295856485,0.01582552306354046,0.04142864793539047,0.013589792884886265,2.114,5.8886875,2.005,2.3651844843897827,0.8490856409004554,1.9950124688279303,ok,,
EN_058_10__ES_058_10,58,true,es-en,/Users/nilakshanraveendran/Documents/research/data/raw/DRAL16kHz/fragments-short/ES_058_10.wav,/Users/nilakshanraveendran/Documents/research/data/raw/DRAL16kHz/fragments-short/EN_058_10.wav,Un personaje más tierno,un personaje más tierno.,one character and it's cute.,a more tender character.,or tender character.,/Users/nilakshanraveendran/Documents/research/outputs/synthesis/es-en/EN_058_10__ES_058_10_es-en.wav,2065269586,0.0,0.5,0.3423815071582794,0.4425475597381592,238.33538224669,213.2217857918972,251.47379508292047,27.43405295856485,69.72947342993393,37.28264169207369,0.013589792884886265,0.09790481626987457,0.01582552306354046,2.005,2.87,2.114,1.9950124688279303,1.3937282229965156,2.3651844843897827,ok,,
EN_067_10__ES_067_10,67,true,en-es,/Users/nilakshanraveendran/Documents/research/data/raw/DRAL16kHz/fragments-short/EN_067_10.wav,/Users/nilakshanraveendran/Documents/research/data/raw/DRAL16kHz/fragments-short/ES_067_10.wav,The the one I had was really old so so it didn't work that well.,"The one I had was really old, so it didn't work that well.",la- la que tenía antes estaba más vieja entonces no- no s- no servía muy bien,"El que tenía era muy viejo, así que no funcionó tan bien.","el que tenía era muy viejo, así que no funcionó tan bien.",/Users/nilakshanraveendran/Documents/research/outputs/synthesis/en-es/EN_067_10__ES_067_10_en-es.wav,1744379623,0.13333333333333333,0.0,0.45017263293266296,0.5704187750816345,98.78613742938161,98.67225954376428,101.30951329822157,8.719877553022876,14.363290574844518,9.172997028801099,0.008810408413410187,0.10071879625320435,0.010007495060563087,4.19,3.7126875,4.22,3.5799522673031023,3.2321599919196,3.7914691943127963,ok,,
EN_067_10__ES_067_10,67,true,es-en,/Users/nilakshanraveendran/Documents/research/data/raw/DRAL16kHz/fragments-short/ES_067_10.wav,/Users/nilakshanraveendran/Documents/research/data/raw/DRAL16kHz/fragments-short/EN_067_10.wav,la- la que tenía antes estaba más vieja entonces no- no s- no servía muy bien,"la que tenía antes estaba más vieja, entonces no servía muy bien",The the one I had was really old so so it didn't work that well.,"The one I used to have was older, so it wasn't very good.","The one I used to have was older, so it wasn't very good.",/Users/nilakshanraveendran/Documents/research/outputs/synthesis/es-en/EN_067_10__ES_067_10_es-en.wav,432539729,0.25,0.0,0.605270504951477,0.5704187750816345,101.30951329822157,101.76773852890794,98.78613742938161,9.172997028801099,15.745915834634443,8.719877553022876,0.010007495060563087,0.10929320752620697,0.008810408413410187,4.22,3.382,4.19,3.7914691943127963,3.84387936132466,3.5799522673031023,ok,,
EN_070_10__ES_070_10,70,true,en-es,/Users/nilakshanraveendran/Documents/research/data/raw/DRAL16kHz/fragments-short/EN_070_10.wav,/Users/nilakshanraveendran/Documents/research/data/raw/DRAL16kHz/fragments-short/ES_070_10.wav,"Not a bad idea, kill a little bit of people.","Not a bad idea, kill a little bit of people.","Muy mala idea, mataron poquita gente.","No es mala idea, matar a un poco de gente.",No es mala idea. Matar a un poco de gente.,/Users/nilakshanraveendran/Documents/research/outputs/synthesis/en-es/EN_070_10__ES_070_10_en-es.wav,882311838,0.0,0.0,0.3896050453186035,0.39312565326690674,127.54006671972444,106.75864930966097,134.99669475695814,27.720426289457123,13.842854716946185,22.962163603547996,0.008777983486652374,0.08635002374649048,0.007222763728350401,3.09,4.5446875,2.66,3.236245954692557,2.200371312659011,2.255639097744361,ok,,
EN_070_10__ES_070_10,70,true,es-en,/Users/nilakshanraveendran/Documents/research/data/raw/DRAL16kHz/fragments-short/ES_070_10.wav,/Users/nilakshanraveendran/Documents/research/data/raw/DRAL16kHz/fragments-short/EN_070_10.wav,"Muy mala idea, mataron poquita gente.",Me mataron poquita gente.,"Not a bad idea, kill a little bit of people.",I was killed by a few people.,I was killed by a few people.,/Users/nilakshanraveendran/Documents/research/outputs/synthesis/es-en/EN_070_10__ES_070_10_es-en.wav,7559108,0.5,0.0,0.27225828170776367,0.39312565326690674,134.99669475695814,141.97284118593956,127.54006671972444,22.962163603547996,27.589701464954782,27.720426289457123,0.007222763728350401,0.14541037380695343,0.008777983486652374,2.66,3.2006875,3.09,2.255639097744361,2.1870301302454553,3.236245954692557,ok,,
EN_075_10__ES_075_10,75,true,en-es,/Users/nilakshanraveendran/Documents/research/data/raw/DRAL16kHz/fragments-short/EN_075_10.wav,/Users/nilakshanraveendran/Documents/research/data/raw/DRAL16kHz/fragments-short/ES_075_10.wav,No lies.,Naw flies!,No es cierto.,¡Nueve moscas!,Y no vemos los gajas,/Users/nilakshanraveendran/Documents/research/outputs/synthesis/en-es/EN_075_10__ES_075_10_en-es.wav,610988503,1.0,2.5,0.2888643145561218,0.10124078392982483,291.37110573287526,312.04832054502606,316.5580488387076,36.32038024773106,60.33069483565426,64.39819351616815,0.03598139062523842,0.0751049816608429,0.034571386873722076,1.365,2.923375,1.28,1.465201465201465,0.6841407619617736,2.34375,ok,,
EN_075_10__ES_075_10,75,true,es-en,/Users/nilakshanraveendran/Documents/research/data/raw/DRAL16kHz/fragments-short/ES_075_10.wav,/Users/nilakshanraveendran/Documents/research/data/raw/DRAL16kHz/fragments-short/EN_075_10.wav,No es cierto.,No es cierto.,No lies.,That's not true.,That's not true.,/Users/nilakshanraveendran/Documents/research/outputs/synthesis/es-en/EN_075_10__ES_075_10_es-en.wav,2072172195,0.0,0.0,0.3762742280960083,0.10124078392982483,316.5580488387076,304.0354315943408,291.37110573287526,64.39819351616815,61.50303400389493,36.32038024773106,0.034571386873722076,0.09728838503360748,0.03598139062523842,1.28,1.846,1.365,2.34375,1.6251354279523293,1.465201465201465,ok,,
EN_083_12__ES_083_12,83,true,en-es,/Users/nilakshanraveendran/Documents/research/data/raw/DRAL16kHz/fragments-short/EN_083_12.wav,/Users/nilakshanraveendran/Documents/research/data/raw/DRAL16kHz/fragments-short/ES_083_12.wav,Like in one day you you you like find the perfect chance t- to play it and you're like...,Like one day you like find the perfect chance to play it and you're like...,"Este un día, tú tú tú tú encuentras un día para jugarlo y pues",Como un día que te gusta encontrar la oportunidad perfecta para jugar y eres como...,como un día que te gusta encontrar la oportunidad perfecta para jugar y eres como...,/Users/nilakshanraveendran/Documents/research/outputs/synthesis/en-es/EN_083_12__ES_083_12_en-es.wav,1136425686,0.21052631578947367,0.0,0.5334494709968567,0.5749597549438477,234.40746785367625,243.78505181624863,250.59602374585367,21.745395804586042,40.151305935702815,26.05606308069158,0.015919895842671394,0.12062831223011017,0.023471230641007423,3.92,5.515375,4.7,4.846938775510204,2.719670013371711,2.978723404255319,ok,,
EN_083_12__ES_083_12,83,true,es-en,/Users/nilakshanraveendran/Documents/research/data/raw/DRAL16kHz/fragments-short/ES_083_12.wav,/Users/nilakshanraveendran/Documents/research/data/raw/DRAL16kHz/fragments-short/EN_083_12.wav,"Este un día, tú tú tú tú encuentras un día para jugarlo y pues",Este es un día tu que te encontras un día para jugarlo y...,Like in one day you you you like find the perfect chance t- to play it and you're like...,This is a day you find yourself one day to play it and...,This is the day you find yourself one day to play it.,/Users/nilakshanraveendran/Documents/research/outputs/synthesis/es-en/EN_083_12__ES_083_12_es-en.wav,303974065,0.5,0.15384615384615385,0.30605578422546387,0.5749597549438477,250.59602374585367,237.83222418101707,234.40746785367625,26.05606308069158,24.045656711400486,21.745395804586042,0.023471230641007423,0.06953040510416031,0.015919895842671394,4.7,2.923375,3.92,2.978723404255319,4.446914952751529,4.846938775510204,ok,,
EN_103_1__ES_103_1,103,true,en-es,/Users/nilakshanraveendran/Documents/research/data/raw/DRAL16kHz/fragments-short/EN_103_1.wav,/Users/nilakshanraveendran/Documents/research/data/raw/DRAL16kHz/fragments-short/ES_103_1.wav,I- I play on the Wii. I would play the Mario games in the DS.,"I play on the Wii, I will play the Mario games and the DS.","jugué en el Wii,este jugaba a los juegos de Mario en el DS.","Juego en el Wii, jugaré los juegos de Mario y el DS.","juego en el gui, jugaré los juegos de Mario y el de S.P.O.",/Users/nilakshanraveendran/Documents/research/outputs/synthesis/en-es/EN_103_1__ES_103_1_en-es.wav,1780379264,0.2,0.25,0.5344280004501343,0.6035329699516296,249.334226879776,292.1570731885238,250.39317604603949,34.355569044003886,190.17716738141448,35.303273161895284,0.020176412537693977,0.1054278239607811,0.010260201059281826,4.01,5.43,5.015,3.7406483790523692,2.2099447513812156,2.59222333000997,ok,,
EN_103_1__ES_103_1,103,true,es-en,/Users/nilakshanraveendran/Documents/research/data/raw/DRAL16kHz/fragments-short/ES_103_1.wav,/Users/nilakshanraveendran/Documents/research/data/raw/DRAL16kHz/fragments-short/EN_103_1.wav,"jugué en el Wii,este jugaba a los juegos de Mario en el DS.","jugué en el Wii, jugaba en los juegos de Mario en el 10.",I- I play on the Wii. I would play the Mario games in the DS.,"I played in Wii, played in Mario's games in 10.","I played in YG, played in Mario's games in 10.",/Users/nilakshanraveendran/Documents/research/outputs/synthesis/es-en/EN_103_1__ES_103_1_es-en.wav,961672072,0.23076923076923078,0.1,0.47231054306030273,0.6035329699516296,250.39317604603949,241.116990178646,249.334226879776,35.303273161895284,54.980787685069956,34.355569044003886,0.010260201059281826,0.11145772784948349,0.020176412537693977,5.015,3.6166875,4.01,2.59222333000997,2.764961031330465,3.7406483790523692,ok,,
EN_027_11__ES_027_11,27,true,en-es,/Users/nilakshanraveendran/Documents/research/data/raw/DRAL16kHz/fragments-short/EN_027_11.wav,/Users/nilakshanraveendran/Documents/research/data/raw/DRAL16kHz/fragments-short/ES_027_11.wav,try to live in different places for longer periods of time.,try to live in different places for longer periods of time.,de vivir en diferentes lugares por más tiempo a la vez.,tratar de vivir en diferentes lugares durante períodos de tiempo más largos.,tratar de vivir en diferentes lugares durante periodos de tiempo más largos.,/Users/nilakshanraveendran/Documents/research/outputs/synthesis/en-es/EN_027_11__ES_027_11_en-es.wav,1196459899,0.0,0.08333333333333333,0.4756423234939575,0.4761818051338196,102.28714412691677,101.92406849429874,99.44497531422776,6.512220955603126,7.849535666568644,4.391402805496324,0.004698494914919138,0.11906068027019501,0.006617225240916014,3.95,4.4486875,3.65,2.7848101265822782,2.697424802259093,3.0136986301369864,ok,,
EN_027_11__ES_027_11,27,true,es-en,/Users/nilakshanraveendran/Documents/research/data/raw/DRAL16kHz/fragments-short/ES_027_11.wav,/Users/nilakshanraveendran/Documents/research/data/raw/DRAL16kHz/fragments-short/EN_027_11.wav,de vivir en diferentes lugares por más tiempo a la vez.,de vivir en diferentes lugares por más tiempo a la vez.,try to live in different places for longer periods of time.,to live in different places for longer at the same time.,to live in different places for longer at the same time.,/Users/nilakshanraveendran/Documents/research/outputs/synthesis/es-en/EN_027_11__ES_027_11_es-en.wav,1442554149,0.0,0.0,0.3327122926712036,0.4761818051338196,99.44497531422776,96.99593931856198,102.28714412691677,4.391402805496324,10.744278176765544,6.512220955603126,0.006617225240916014,0.10767830908298492,0.004698494914919138,3.65,3.243375,3.95,3.0136986301369864,3.391528885805681,2.7848101265822782,ok,,
EN_033_11__ES_033_11,33,true,en-es,/Users/nilakshanraveendran/Documents/research/data/raw/DRAL16kHz/fragments-short/EN_033_11.wav,/Users/nilakshanraveendran/Documents/research/data/raw/DRAL16kHz/fragments-short/ES_033_11.wav,That is like a pretty recent martial art.,That is like a pretty recent martial art.,Es como una arte marcial muy reciente.,Eso es como un arte marcial bastante reciente.,Eso es como un arte marcial bastante reciente.,/Users/nilakshanraveendran/Documents/research/outputs/synthesis/en-es/EN_033_11__ES_033_11_en-es.wav,823032631,0.0,0.0,0.4854050874710083,0.6488288640975952,112.98420869840743,115.64282669125876,116.6559905399776,11.371532218705594,17.155354497528513,13.469573633236386,0.015287856571376324,0.10339559614658356,0.023079147562384605,3.95,4.075375,3.77,2.0253164556962022,1.9630095389994784,1.856763925729443,ok,,
EN_033_11__ES_033_11,33,true,es-en,/Users/nilakshanraveendran/Documents/research/data/raw/DRAL16kHz/fragments-short/ES_033_11.wav,/Users/nilakshanraveendran/Documents/research/data/raw/DRAL16kHz/fragments-short/EN_033_11.wav,Es como una arte marcial muy reciente.,es como una arte marcial muy reciente,That is like a pretty recent martial art.,It's like a very recent martial art.,It's like a very recent martial art.,/Users/nilakshanraveendran/Documents/research/outputs/synthesis/es-en/EN_033_11__ES_033_11_es-en.wav,656949148,0.0,0.0,0.5215989351272583,0.6488288640975952,116.6559905399776,109.44050228812338,112.98420869840743,13.469573633236386,9.364114446626136,11.371532218705594,0.023079147562384605,0.09552764892578125,0.015287856571376324,3.77,2.6886875,3.95,1.856763925729443,2.6035007787256794,2.0253164556962022,ok,,
EN_034_12__ES_034_12,34,true,en-es,/Users/nilakshanraveendran/Documents/research/data/raw/DRAL16kHz/fragments-short/EN_034_12.wav,/Users/nilakshanraveendran/Documents/research/data/raw/DRAL16kHz/fragments-short/ES_034_12.wav,So he literally just melts metals and makes stuff.,So he literally just melts metals and makes stuff.,"Así que literal, no más derrite metales y hace cosas.",Así que literalmente derrite metales y hace cosas.,Así que literalmente derrite metales y hace cosas.,/Users/nilakshanraveendran/Documents/research/outputs/synthesis/en-es/EN_034_12__ES_034_12_en-es.wav,1660974580,0.0,0.0,0.3230794668197632,0.5389868021011353,208.57221317656655,202.76997742581545,214.64706553223337,27.780581503100084,15.956504352762737,20.63227281149268,0.005204647313803434,0.12823142111301422,0.004307486116886139,2.77,4.5446875,3.52,3.2490974729241877,1.7602970501272088,2.840909090909091,ok,,
EN_034_12__ES_034_12,34,true,es-en,/Users/nilakshanraveendran/Documents/research/data/raw/DRAL16kHz/fragments-short/ES_034_12.wav,/Users/nilakshanraveendran/Documents/research/data/raw/DRAL16kHz/fragments-short/EN_034_12.wav,"Así que literal, no más derrite metales y hace cosas.","hace que literal, más derrite metales y hace cosas",So he literally just melts metals and makes stuff.,"makes literal, more melt metals and does things","makes literal, more meltmeatles, and does things.",/Users/nilakshanraveendran/Documents/research/outputs/synthesis/es-en/EN_034_12__ES_034_12_es-en.wav,159656411,0.2,0.25,0.43330520391464233,0.5389868021011353,214.64706553223337,215.8237029349311,208.57221317656655,20.63227281149268,25.745543387645462,27.780581503100084,0.004307486116886139,0.12945203483104706,0.005204647313803434,3.52,4.363375,2.77,2.840909090909091,1.8334431489386085,3.2490974729241877,ok,,
EN_058_2__ES_058_2,58,true,en-es,/Users/nilakshanraveendran/Documents/research/data/raw/DRAL16kHz/fragments-short/EN_058_2.wav,/Users/nilakshanraveendran/Documents/research/data/raw/DRAL16kHz/fragments-short/ES_058_2.wav,"It's kind of like the switch, but not with like the removable sides","It's kind of like the switch, but not with like the removable sides.","Es como el Switch, pero, pero sin las partes removibles.","Es como el interruptor, pero no con los lados extraíbles.","es como el interruptor, pero no con los lados extraíbles.",/Users/nilakshanraveendran/Documents/research/outputs/synthesis/en-es/EN_058_2__ES_058_2_en-es.wav,163304776,0.0,0.0,0.3254660367965698,0.40197187662124634,246.43360248976867,339.50544562656864,214.376993891275,61.050712935499845,256.1399507612425,50.172703710302386,0.01829340122640133,0.09588909894227982,0.014922840520739555,3.8,4.726,3.67,3.4210526315789473,2.1159542953872195,2.7247956403269757,ok,,
EN_058_2__ES_058_2,58,true,es-en,/Users/nilakshanraveendran/Documents/research/data/raw/DRAL16kHz/fragments-short/ES_058_2.wav,/Users/nilakshanraveendran/Documents/research/data/raw/DRAL16kHz/fragments-short/EN_058_2.wav,"Es como el Switch, pero, pero sin las partes removibles.",es como el switch pero sin las partes removibles,"It's kind of like the switch, but not with like the removable sides",It's like the switch but without the removable parts.,"It's like the switch, but without the removable parts.",/Users/nilakshanraveendran/Documents/research/outputs/synthesis/es-en/EN_058_2__ES_058_2_es-en.wav,918837812,0.1,0.0,0.3349348306655884,0.40197187662124634,214.376993891275,245.602225564337,246.43360248976867,50.172703710302386,36.49198217634608,61.050712935499845,0.014922840520739555,0.09026266634464264,0.01829340122640133,3.67,3.6166875,3.8,2.7247956403269757,2.4884649281974185,3.4210526315789473,ok,,
EN_067_11__ES_067_11,67,true,en-es,/Users/nilakshanraveendran/Documents/research/data/raw/DRAL16kHz/fragments-short/EN_067_11.wav,/Users/nilakshanraveendran/Documents/research/data/raw/DRAL16kHz/fragments-short/ES_067_11.wav,"I stopped for a good time, so I have to start all over again.",I stopped for a good time so I have to start over again.,"paré por- por un buen tiempo, entonces tengo que empezar otra vez.",Me detuve por un buen rato así que tengo que empezar de nuevo.,"me detuve por un buen rato, así que tengo que empezar de nuevo.",/Users/nilakshanraveendran/Documents/research/outputs/synthesis/en-es/EN_067_11__ES_067_11_en-es.wav,1832077339,0.07142857142857142,0.0,0.5393285751342773,0.5894723534584045,95.15168643438662,93.19734316654164,101.95795753540739,5.131243679744994,12.532970557529543,10.19408678591821,0.008732237853109837,0.0909365639090538,0.00904451496899128,3.04,4.31,2.89,4.605263157894737,3.0162412993039447,4.1522491349480966,ok,,
EN_067_11__ES_067_11,67,true,es-en,/Users/nilakshanraveendran/Documents/research/data/raw/DRAL16kHz/fragments-short/ES_067_11.wav,/Users/nilakshanraveendran/Documents/research/data/raw/DRAL16kHz/fragments-short/EN_067_11.wav,"paré por- por un buen tiempo, entonces tengo que empezar otra vez.","para que pare por un buen tiempo, entonces tengo que empezar otra vez.","I stopped for a good time, so I have to start all over again.","to stop it for a long time, then I have to start again.",Stop it for a long time. Then I have to start again.,/Users/nilakshanraveendran/Documents/research/outputs/synthesis/es-en/EN_067_11__ES_067_11_es-en.wav,167130209,0.25,0.07692307692307693,0.6396561861038208,0.5894723534584045,101.95795753540739,89.93087886343488,95.15168643438662,10.19408678591821,11.844345845242657,5.131243679744994,0.00904451496899128,0.08178985118865967,0.008732237853109837,2.89,3.574,3.04,4.1522491349480966,3.637381085618355,4.605263157894737,ok,,
EN_070_12__ES_070_12,70,true,en-es,/Users/nilakshanraveendran/Documents/research/data/raw/DRAL16kHz/fragments-short/EN_070_12.wav,/Users/nilakshanraveendran/Documents/research/data/raw/DRAL16kHz/fragments-short/ES_070_12.wav,Better the world,from a better world.,Mejorar el planeta.,de un mundo mejor.,es un mundo mejor.,/Users/nilakshanraveendran/Documents/research/outputs/synthesis/en-es/EN_070_12__ES_070_12_en-es.wav,990958556,1.0,0.25,0.391225129365921,0.5180279016494751,114.84347934657731,117.87422858759757,133.36377578427306,6.751821780942363,9.988984943860569,30.945097967008913,0.01387359295040369,0.09013534337282181,0.009463632479310036,1.175,1.5686875,1.36,2.553191489361702,2.549902386549265,2.205882352941176,ok,,
EN_070_12__ES_070_12,70,true,es-en,/Users/nilakshanraveendran/Documents/research/data/raw/DRAL16kHz/fragments-short/ES_070_12.wav,/Users/nilakshanraveendran/Documents/research/data/raw/DRAL16kHz/fragments-short/EN_070_12.wav,Mejorar el planeta.,mejorar el planeta.,Better the world,improving the planet.,improving the planet.,/Users/nilakshanraveendran/Documents/research/outputs/synthesis/es-en/EN_070_12__ES_070_12_es-en.wav,1172662339,0.0,0.0,0.31423890590667725,0.5180279016494751,133.36377578427306,113.64997551018305,114.84347934657731,30.945097967008913,24.75287313301007,6.751821780942363,0.009463632479310036,0.08759037405252457,0.01387359295040369,1.36,2.4966875,1.175,2.205882352941176,1.2015921095451472,2.553191489361702,ok,,
EN_075_12__ES_075_12,75,true,en-es,/Users/nilakshanraveendran/Documents/research/data/raw/DRAL16kHz/fragments-short/EN_075_12.wav,/Users/nilakshanraveendran/Documents/research/data/raw/DRAL16kHz/fragments-short/ES_075_12.wav,Ooh. [laugh],Ooh.,¡Uuh![laughter].,Ooh.,Aaaaaa olmayç,/Users/nilakshanraveendran/Documents/research/outputs/synthesis/en-es/EN_075_12__ES_075_12_en-es.wav,1059236100,0.5,2.0,0.49953675270080566,0.3750567138195038,385.7746097203242,291.4770189990134,446.6270542498623,188.47482345869582,67.18049655401461,201.70307890555645,0.02650032937526703,0.060132648795843124,0.06789621710777283,2.39,2.4966875,1.15,0.8368200836820083,0.40053070318171574,0.8695652173913044,ok,,
EN_075_12__ES_075_12,75,true,es-en,/Users/nilakshanraveendran/Documents/research/data/raw/DRAL16kHz/fragments-short/ES_075_12.wav,/Users/nilakshanraveendran/Documents/research/data/raw/DRAL16kHz/fragments-short/EN_075_12.wav,¡Uuh![laughter].,ooh,Ooh. [laugh],ooh,Oooooh.,/Users/nilakshanraveendran/Documents/research/outputs/synthesis/es-en/EN_075_12__ES_075_12_es-en.wav,1954206105,1.0,1.0,0.3560924530029297,0.3750567138195038,446.6270542498623,459.91867253999163,385.7746097203242,201.70307890555645,294.38670297835165,188.47482345869582,0.06789621710777283,0.0771411582827568,0.02650032937526703,1.15,1.846,2.39,0.8695652173913044,0.5417118093174431,0.8368200836820083,ok,,
EN_083_13__ES_083_13,83,true,en-es,/Users/nilakshanraveendran/Documents/research/data/raw/DRAL16kHz/fragments-short/EN_083_13.wav,/Users/nilakshanraveendran/Documents/research/data/raw/DRAL16kHz/fragments-short/ES_083_13.wav,"Yeah, when when I get bored and there's no, it's 'cause there's no internet here sometimes.","Yeah, when I get bored, and there's no, it's cause there's no internet here sometimes.","Entonces sí, es que a veces me aburro y como no hay internet a veces aquí.","Sí, cuando me aburro, y no, es porque no hay internet aquí a veces.","Sí, cuando me aburro y no, es porque no hay internet aquí a veces.",/Users/nilakshanraveendran/Documents/research/outputs/synthesis/en-es/EN_083_13__ES_083_13_en-es.wav,170506588,0.0625,0.0,0.531650722026825,0.6305274963378906,271.27643048571485,265.8916438445274,269.2337886918571,32.89405904640503,63.213136006726174,29.554324658009016,0.02607586421072483,0.10347223281860352,0.031992487609386444,4.42,5.195375,4.96,3.6199095022624435,2.6947044246084255,3.2258064516129035,ok,,
EN_083_13__ES_083_13,83,true,es-en,/Users/nilakshanraveendran/Documents/research/data/raw/DRAL16kHz/fragments-short/ES_083_13.wav,/Users/nilakshanraveendran/Documents/research/data/raw/DRAL16kHz/fragments-short/EN_083_13.wav,"Entonces sí, es que a veces me aburro y como no hay internet a veces aquí.","Sí, es que a veces me aburro y como no hay internet a veces aquí.","Yeah, when when I get bored and there's no, it's 'cause there's no internet here sometimes.","Yeah, it's just that sometimes I get bored and because there's no internet sometimes here.","Yeah, it's just that sometimes I get bored. And because there's no internet sometimes here.",/Users/nilakshanraveendran/Documents/research/outputs/synthesis/es-en/EN_083_13__ES_083_13_es-en.wav,81257429,0.0625,0.0,0.4387793242931366,0.6305274963378906,269.2337886918571,249.74723144672186,271.27643048571485,29.554324658009016,33.66439346056936,32.89405904640503,0.031992487609386444,0.10861284285783768,0.02607586421072483,4.96,6.87,4.42,3.2258064516129035,2.1834061135371177,3.6199095022624435,ok,,
EN_103_8__ES_103_8,103,true,en-es,/Users/nilakshanraveendran/Documents/research/data/raw/DRAL16kHz/fragments-short/EN_103_8.wav,/Users/nilakshanraveendran/Documents/research/data/raw/DRAL16kHz/fragments-short/ES_103_8.wav,,,No se trata nada de-,"- No, no, no, no, no, no, no, no.","No, no, no, no, no, no. ¡No!",/Users/nilakshanraveendran/Documents/research/outputs/synthesis/en-es/EN_103_8__ES_103_8_en-es.wav,1198805522,,0.125,0.37799227237701416,0.016353681683540344,65.06275686156842,78.42197318089312,323.16726900601935,0.14032860852151358,22.445509018019155,21.934104885507548,0.004593010060489178,0.0707363486289978,0.004775937646627426,1.241,7.147375,1.85,nan,1.2592035537522517,2.7027027027027026,ok,,
EN_103_8__ES_103_8,103,true,es-en,/Users/nilakshanraveendran/Documents/research/data/raw/DRAL16kHz/fragments-short/ES_103_8.wav,/Users/nilakshanraveendran/Documents/research/data/raw/DRAL16kHz/fragments-short/EN_103_8.wav,No se trata nada de-,,,I'm sorry.,I'm sorry.,/Users/nilakshanraveendran/Documents/research/outputs/synthesis/es-en/EN_103_8__ES_103_8_es-en.wav,944520553,1.0,0.0,0.19675606489181519,0.016353681683540344,323.16726900601935,319.3327477034233,65.06275686156842,21.934104885507548,53.85929416327945,0.14032860852151358,0.004775937646627426,0.06351637095212936,0.004593010060489178,1.85,1.5686875,1.241,2.7027027027027026,1.2749511932746325,nan,ok,,
EN_027_12__ES_027_12,27,true,en-es,/Users/nilakshanraveendran/Documents/research/data/raw/DRAL16kHz/fragments-short/EN_027_12.wav,/Users/nilakshanraveendran/Documents/research/data/raw/DRAL16kHz/fragments-short/ES_027_12.wav,"So it wouldn't just be visiting, it would be...","So it wouldn't just be visiting, it would be...","No nomás sería visitando, sería...","Así que no sería solo una visita, sería...",Así que no sería solo una visita. Sería...,/Users/nilakshanraveendran/Documents/research/outputs/synthesis/en-es/EN_027_12__ES_027_12_en-es.wav,1733041310,0.0,0.0,0.4100266098976135,0.44904860854148865,101.42623405981122,95.62912264765718,104.20670565355522,7.5967815301935975,11.816718445848528,11.07847433351402,0.003963799681514502,0.08904842287302017,0.008168099448084831,2.71,4.4486875,2.07,3.321033210332103,1.7982832015060621,2.4154589371980677,ok,,
EN_027_12__ES_027_12,27,true,es-en,/Users/nilakshanraveendran/Documents/research/data/raw/DRAL16kHz/fragments-short/ES_027_12.wav,/Users/nilakshanraveendran/Documents/research/data/raw/DRAL16kHz/fragments-short/EN_027_12.wav,"No nomás sería visitando, sería...","No, no me estaría visitando. Sería...","So it wouldn't just be visiting, it would be...","No, he wouldn't be visiting me.","No, he wouldn't be visiting me.",/Users/nilakshanraveendran/Documents/research/outputs/synthesis/es-en/EN_027_12__ES_027_12_es-en.wav,1774442026,0.6,0.0,0.5530110597610474,0.44904860854148865,104.20670565355522,107.07855601322858,101.42623405981122,11.07847433351402,8.581487472481761,7.5967815301935975,0.008168099448084831,0.10643637180328369,0.003963799681514502,2.07,2.454,2.71,2.4154589371980677,2.4449877750611244,3.321033210332103,ok,,
EN_033_12__ES_033_12,33,true,en-es,/Users/nilakshanraveendran/Documents/research/data/raw/DRAL16kHz/fragments-short/EN_033_12.wav,/Users/nilakshanraveendran/Documents/research/data/raw/DRAL16kHz/fragments-short/ES_033_12.wav,have only practiced like two months three months from- from now,"have only practice like two months, three months from now.","Solo lo he practicado como dos meses, tres meses hasta ahora.","sólo tienen práctica como dos meses, tres meses a partir de ahora.","solo tienen práctica como dos meses, tres meses a partir de ahora.",/Users/nilakshanraveendran/Documents/research/outputs/synthesis/en-es/EN_033_12__ES_033_12_en-es.wav,459065365,0.18181818181818182,0.08333333333333333,0.6765508651733398,0.6921364068984985,115.4261915721436,115.46876817474717,120.05827457144957,9.922869979706471,13.071100646149945,12.193564005166339,0.008005887269973755,0.09961577504873276,0.02459723688662052,5.25,5.803375,5.74,2.0952380952380953,2.0677622934930104,1.916376306620209,ok,,
EN_033_12__ES_033_12,33,true,es-en,/Users/nilakshanraveendran/Documents/research/data/raw/DRAL16kHz/fragments-short/ES_033_12.wav,/Users/nilakshanraveendran/Documents/research/data/raw/DRAL16kHz/fragments-short/EN_033_12.wav,"Solo lo he practicado como dos meses, tres meses hasta ahora.","solo lo he practicado como 2 meses, 3 meses hasta ahora",have only practiced like two months three months from- from now,"I've only practiced it like 2 months, 3 months so far.","I've only practiced it like two months, three months, so far.",/Users/nilakshanraveendran/Documents/research/outputs/synthesis/es-en/EN_033_12__ES_033_12_es-en.wav,2140434724,0.18181818181818182,0.18181818181818182,0.488777220249176,0.6921364068984985,120.05827457144957,125.28023149330711,115.4261915721436,12.193564005166339,11.554405751996166,9.922869979706471,0.02459723688662052,0.0876692607998848,0.008005887269973755,5.74,4.0326875,5.25,1.916376306620209,2.727709498938363,2.0952380952380953,ok,,
EN_034_13__ES_034_13,34,true,en-es,/Users/nilakshanraveendran/Documents/research/data/raw/DRAL16kHz/fragments-short/EN_034_13.wav,/Users/nilakshanraveendran/Documents/research/data/raw/DRAL16kHz/fragments-short/ES_034_13.wav,He made a few and he gave me one. So that's what I hold.,He made a few and he gave me one so that's where I hold.,"hizo varios y me dio uno, así que eso es lo que yo cargo",Hizo unos cuantos y me dio uno así que ahí es donde tengo.,hizo unos cuantos y me dio uno así que ahí es donde tengo.,/Users/nilakshanraveendran/Documents/research/outputs/synthesis/en-es/EN_034_13__ES_034_13_en-es.wav,1225862455,0.07142857142857142,0.0,0.30753764510154724,0.541184663772583,221.78527969082248,206.9876364444668,224.27107358345,33.29267448030392,21.75786417345051,30.755994577441307,0.004830228630453348,0.16709206998348236,0.00406648637726903,3.43,4.406,3.47,4.081632653061225,2.9505220154335,4.034582132564841,ok,,
EN_034_13__ES_034_13,34,true,es-en,/Users/nilakshanraveendran/Documents/research/data/raw/DRAL16kHz/fragments-short/ES_034_13.wav,/Users/nilakshanraveendran/Documents/research/data/raw/DRAL16kHz/fragments-short/EN_034_13.wav,"hizo varios y me dio uno, así que eso es lo que yo cargo","Hizo varios y medio uno, así que eso es lo que yo cargó.",He made a few and he gave me one. So that's what I hold.,"He did several and a half one, so that's what I charged.","He did several and a half ones, so that's what I charged.",/Users/nilakshanraveendran/Documents/research/outputs/synthesis/es-en/EN_034_13__ES_034_13_es-en.wav,668721672,0.21428571428571427,0.08333333333333333,0.458696186542511,0.541184663772583,224.27107358345,225.68242890508014,221.78527969082248,30.755994577441307,28.142418572086566,33.29267448030392,0.00406648637726903,0.12266667932271957,0.004830228630453348,3.47,3.243375,3.43,4.034582132564841,3.6998496936061973,4.081632653061225,ok,,
EN_058_3__ES_058_3,58,true,en-es,/Users/nilakshanraveendran/Documents/research/data/raw/DRAL16kHz/fragments-short/EN_058_3.wav,/Users/nilakshanraveendran/Documents/research/data/raw/DRAL16kHz/fragments-short/ES_058_3.wav,"Well, it's kind of like The Sims, but like...","Well, it's kind of like the Sims, but like","Es casi como los de Sim, pero...","Bueno, es como los Sims, pero como","Bueno, es como los Sims, pero como...",/Users/nilakshanraveendran/Documents/research/outputs/synthesis/en-es/EN_058_3__ES_058_3_en-es.wav,1164258278,0.0,0.0,0.40581417083740234,0.4093139171600342,417.69093070962714,310.9255238465049,288.21366081174114,223.13386104021131,63.86386759056686,77.79214011506865,0.016220491379499435,0.08457725495100021,0.024346156045794487,2.087,2.454,2.196,4.312410158121706,2.8524857375713117,3.187613843351548,ok,,
EN_058_3__ES_058_3,58,true,es-en,/Users/nilakshanraveendran/Documents/research/data/raw/DRAL16kHz/fragments-short/ES_058_3.wav,/Users/nilakshanraveendran/Documents/research/data/raw/DRAL16kHz/fragments-short/EN_058_3.wav,"Es casi como los de Sim, pero...","Es casi como los de Sim, pero...","Well, it's kind of like The Sims, but like...","It's almost like Sim's, but...",It's almost like Sims but...,/Users/nilakshanraveendran/Documents/research/outputs/synthesis/es-en/EN_058_3__ES_058_3_es-en.wav,925496401,0.0,0.0,0.4984647035598755,0.4093139171600342,288.21366081174114,260.26948198708936,417.69093070962714,77.79214011506865,26.156088228593713,223.13386104021131,0.024346156045794487,0.10557083040475845,0.016220491379499435,2.196,2.454,2.087,3.187613843351548,2.037489812550937,4.312410158121706,ok,,
EN_067_12__ES_067_12,67,true,en-es,/Users/nilakshanraveendran/Documents/research/data/raw/DRAL16kHz/fragments-short/EN_067_12.wav,/Users/nilakshanraveendran/Documents/research/data/raw/DRAL16kHz/fragments-short/ES_067_12.wav,"Yeah, and sometimes I don't have time to do all of them.","Yeah, and sometimes I don't have time to do all of them.","Sí, a veces no me da tiempo de hacer todos.","Sí, y a veces no tengo tiempo para hacerlos todos.","Sí, y a veces no tengo tiempo para hacerlos todos.",/Users/nilakshanraveendran/Documents/research/outputs/synthesis/en-es/EN_067_12__ES_067_12_en-es.wav,258056175,0.0,0.0,0.46606236696243286,0.5059229731559753,116.21336505873514,150.80625632621135,146.25893811352256,16.076254799019875,35.10775449950211,25.74360965880732,0.013363800011575222,0.09708759933710098,0.02687644585967064,2.21,3.478,2.61,5.429864253393665,2.875215641173088,3.831417624521073,ok,,
EN_067_12__ES_067_12,67,true,es-en,/Users/nilakshanraveendran/Documents/research/data/raw/DRAL16kHz/fragments-short/ES_067_12.wav,/Users/nilakshanraveendran/Documents/research/data/raw/DRAL16kHz/fragments-short/EN_067_12.wav,"Sí, a veces no me da tiempo de hacer todos.","Sí, a veces no me da tiempo de hacer todos.","Yeah, and sometimes I don't have time to do all of them.","Yeah, sometimes it doesn't give me time to do it all.","Yeah, sometimes it doesn't give me time to do it all.",/Users/nilakshanraveendran/Documents/research/outputs/synthesis/es-en/EN_067_12__ES_067_12_es-en.wav,321423456,0.0,0.0,0.5878744721412659,0.5059229731559753,146.25893811352256,151.1181304243474,116.21336505873514,25.74360965880732,36.34317411016051,16.076254799019875,0.02687644585967064,0.10523758083581924,0.013363800011575222,2.61,4.31,2.21,3.831417624521073,2.552204176334107,5.429864253393665,ok,,
EN_070_14__ES_070_14,70,true,en-es,/Users/nilakshanraveendran/Documents/research/data/raw/DRAL16kHz/fragments-short/EN_070_14.wav,/Users/nilakshanraveendran/Documents/research/data/raw/DRAL16kHz/fragments-short/ES_070_14.wav,"Oh, definitely a republic, you know? A republic.","Oh, definitely Republic, you know? The Republic.",Definitivamente sería una- una república.,"Definitivamente República, ¿sabes?","Definitivamente República, ¿sabes?",/Users/nilakshanraveendran/Documents/research/outputs/synthesis/en-es/EN_070_14__ES_070_14_en-es.wav,613573454,0.25,0.0,0.33380505442619324,0.47574329376220703,118.02058184739215,125.97382065486951,123.2042738097191,12.748382061862813,12.03140537972542,10.609439417650272,0.005932134576141834,0.10433574765920639,0.008100772276520729,2.8,3.382,2.94,2.857142857142857,0.8870490833826138,1.7006802721088436,ok,,
EN_070_14__ES_070_14,70,true,es-en,/Users/nilakshanraveendran/Documents/research/data/raw/DRAL16kHz/fragments-short/ES_070_14.wav,/Users/nilakshanraveendran/Documents/research/data/raw/DRAL16kHz/fragments-short/EN_070_14.wav,Definitivamente sería una- una república.,Definitivamente sería una republica.,"Oh, definitely a republic, you know? A republic.",It would definitely be a republic.,it would definitely be a republic.,/Users/nilakshanraveendran/Documents/research/outputs/synthesis/es-en/EN_070_14__ES_070_14_es-en.wav,1895327692,0.4,0.0,0.3761681914329529,0.47574329376220703,123.2042738097191,122.38066806008922,118.02058184739215,10.609439417650272,11.647878042008474,12.748382061862813,0.008100772276520729,0.10216695070266724,0.005932134576141834,2.94,2.358,2.8,1.7006802721088436,2.544529262086514,2.857142857142857,ok,,
EN_075_13__ES_075_13,75,true,en-es,/Users/nilakshanraveendran/Documents/research/data/raw/DRAL16kHz/fragments-short/EN_075_13.wav,/Users/nilakshanraveendran/Documents/research/data/raw/DRAL16kHz/fragments-short/ES_075_13.wav,"You said that I can multi-task, and I can, I can, but...","You said that I can't multi-stance. And I can, I can, but...","Dices que no puedo hacer multitask. And- Y sí puedo. Sí pue- sí puedo, pero...","Dijiste que no puedo multi-stance y puedo, puedo, pero...","Dijiste que no puedo multistense Y puedo, puedo, pero...",/Users/nilakshanraveendran/Documents/research/outputs/synthesis/en-es/EN_075_13__ES_075_13_en-es.wav,961454637,0.16666666666666666,0.1111111111111111,0.5339946746826172,0.44628241658210754,308.53582131688955,263.1433426492507,307.62065981810616,45.215390327860355,55.96685324568207,47.72474006238023,0.032347455620765686,0.07410091161727905,0.03634047880768776,3.755,5.291375,4.91,3.1957390146471374,1.7008811509295787,3.054989816700611,ok,,
EN_075_13__ES_075_13,75,true,es-en,/Users/nilakshanraveendran/Documents/research/data/raw/DRAL16kHz/fragments-short/ES_075_13.wav,/Users/nilakshanraveendran/Documents/research/data/raw/DRAL16kHz/fragments-short/EN_075_13.wav,"Dices que no puedo hacer multitask. And- Y sí puedo. Sí pue- sí puedo, pero...","Dices que no puedo hacer multitask, y si puedo, si puedo, pero...","You said that I can multi-task, and I can, I can, but...","You say I can't do multitask, and if I can, if I can, but...","You say, I can't do multitask, and if I can, if I can, but...",/Users/nilakshanraveendran/Documents/research/outputs/synthesis/es-en/EN_075_13__ES_075_13_es-en.wav,2123734176,0.3333333333333333,0.0,0.38140350580215454,0.44628241658210754,307.62065981810616,254.47358068213032,308.53582131688955,47.72474006238023,39.69968454497548,45.215390327860355,0.03634047880768776,0.08281119912862778,0.032347455620765686,4.91,6.027375,3.755,3.054989816700611,2.322735851013086,3.1957390146471374,ok,,
EN_083_17__ES_083_17,83,true,en-es,/Users/nilakshanraveendran/Documents/research/data/raw/DRAL16kHz/fragments-short/EN_083_17.wav,/Users/nilakshanraveendran/Documents/research/data/raw/DRAL16kHz/fragments-short/ES_083_17.wav,mmm,,Mmm.,"- No, no, no, no, no, no, no, no.","No, no, no, no, no, no, no, no.",/Users/nilakshanraveendran/Documents/research/outputs/synthesis/en-es/EN_083_17__ES_083_17_en-es.wav,1772966948,1.0,0.0,0.31237247586250305,0.33803296089172363,215.2759701677173,205.26165509608595,225.15244353948952,7.355094689604028,15.56266568173755,7.27348548793643,0.009578103199601173,0.18776699900627136,0.01553784217685461,0.425,3.339375,0.65,2.3529411764705883,2.695115103874228,1.5384615384615383,ok,,
EN_083_17__ES_083_17,83,true,es-en,/Users/nilakshanraveendran/Documents/research/data/raw/DRAL16kHz/fragments-short/ES_083_17.wav,/Users/nilakshanraveendran/Documents/research/data/raw/DRAL16kHz/fragments-short/EN_083_17.wav,Mmm.,...uhhhh,mmm,♪ Uhhhh ♪,EU4 R 22,/Users/nilakshanraveendran/Documents/research/outputs/synthesis/es-en/EN_083_17__ES_083_17_es-en.wav,1768564200,1.0,1.0,0.5426015257835388,0.33803296089172363,225.15244353948952,183.9983630264077,215.2759701677173,7.27348548793643,59.98873432494824,7.355094689604028,0.01553784217685461,0.1173112615942955,0.009578103199601173,0.65,2.219375,0.425,1.5384615384615383,1.3517319065052098,2.3529411764705883,ok,,
EN_027_13__ES_027_13,27,true,en-es,/Users/nilakshanraveendran/Documents/research/data/raw/DRAL16kHz/fragments-short/EN_027_13.wav,/Users/nilakshanraveendran/Documents/research/data/raw/DRAL16kHz/fragments-short/ES_027_13.wav,moving one place.,moving one place.,mudando a un lugar,Mover un lugar.,mover un lugar,/Users/nilakshanraveendran/Documents/research/outputs/synthesis/en-es/EN_027_13__ES_027_13_en-es.wav,463906847,0.0,0.0,0.4390171468257904,0.3576274514198303,101.07008736886914,102.47701807089094,102.23893731341664,10.034805378220417,6.700310819728618,6.117613047060225,0.004364470485597849,0.10799742490053177,0.010732985101640224,1.57,1.43,1.37,1.910828025477707,2.097902097902098,2.9197080291970803,ok,,
EN_027_13__ES_027_13,27,true,es-en,/Users/nilakshanraveendran/Documents/research/data/raw/DRAL16kHz/fragments-short/ES_027_13.wav,/Users/nilakshanraveendran/Documents/research/data/raw/DRAL16kHz/fragments-short/EN_027_13.wav,mudando a un lugar,mudando a un lugar,moving one place.,moving to a place,moving to a place.,/Users/nilakshanraveendran/Documents/research/outputs/synthesis/es-en/EN_027_13__ES_027_13_es-en.wav,1836991942,0.0,0.0,0.36832141876220703,0.3576274514198303,102.23893731341664,98.57868384347732,101.07008736886914,6.117613047060225,4.803351782803269,10.034805378220417,0.010732985101640224,0.09242334216833115,0.004364470485597849,1.37,2.134,1.57,2.9197080291970803,1.8744142455482662,1.910828025477707,ok,,
EN_033_14__ES_033_14,33,true,en-es,/Users/nilakshanraveendran/Documents/research/data/raw/DRAL16kHz/fragments-short/EN_033_14.wav,/Users/nilakshanraveendran/Documents/research/data/raw/DRAL16kHz/fragments-short/ES_033_14.wav,I think I will be Boston.,I think I will be Boston.,Pienso que estaría presumiendo.,Creo que seré Boston.,Creo que sería Boston.,/Users/nilakshanraveendran/Documents/research/outputs/synthesis/en-es/EN_033_14__ES_033_14_en-es.wav,1877696121,0.0,0.25,0.0734306126832962,0.408108651638031,141.40512218666723,156.50750955556376,133.91332345230035,16.447235645218775,24.533412930731572,16.72286996891612,0.04225686192512512,0.09947776794433594,0.03242265060544014,1.58,1.899375,1.96,3.7974683544303796,2.1059559065482065,2.0408163265306123,ok,,
EN_033_14__ES_033_14,33,true,es-en,/Users/nilakshanraveendran/Documents/research/data/raw/DRAL16kHz/fragments-short/ES_033_14.wav,/Users/nilakshanraveendran/Documents/research/data/raw/DRAL16kHz/fragments-short/EN_033_14.wav,Pienso que estaría presumiendo.,pienso que estaría presumiendo,I think I will be Boston.,I think I'd be bragging.,I think I'd be bragging.,/Users/nilakshanraveendran/Documents/research/outputs/synthesis/es-en/EN_033_14__ES_033_14_es-en.wav,713514406,0.0,0.0,0.45882248878479004,0.408108651638031,133.91332345230035,128.67188988955905,141.40512218666723,16.72286996891612,15.54903508510723,16.447235645218775,0.03242265060544014,0.10047649592161179,0.04225686192512512,1.96,2.0806875,1.58,2.0408163265306123,2.4030518758823707,3.7974683544303796,ok,,
EN_034_14__ES_034_14,34,true,en-es,/Users/nilakshanraveendran/Documents/research/data/raw/DRAL16kHz/fragments-short/EN_034_14.wav,/Users/nilakshanraveendran/Documents/research/data/raw/DRAL16kHz/fragments-short/ES_034_14.wav,This is like a little elephant with its trunk up.,There's like a little elephant with its trunk up.,Es como un elefante con su trompa para arriba.,Hay como un pequeño elefante con su baúl arriba.,Hay como un pequeño elefante con su baula arriba.,/Users/nilakshanraveendran/Documents/research/outputs/synthesis/en-es/EN_034_14__ES_034_14_en-es.wav,175375260,0.2,0.1111111111111111,0.316142201423645,0.49153387546539307,216.32394378158523,224.09751026180228,227.0288341834266,27.434778085164297,37.42324967673809,20.119748498118394,0.009721550159156322,0.1324598789215088,0.006903588771820068,1.9,3.339375,2.32,5.2631578947368425,2.695115103874228,3.8793103448275863,ok,,
EN_034_14__ES_034_14,34,true,es-en,/Users/nilakshanraveendran/Documents/research/data/raw/DRAL16kHz/fragments-short/ES_034_14.wav,/Users/nilakshanraveendran/Documents/research/data/raw/DRAL16kHz/fragments-short/EN_034_14.wav,Es como un elefante con su trompa para arriba.,es como un elefante con su trompa para arriba,This is like a little elephant with its trunk up.,It's like an elephant with its trunk up.,It's like an elephant with its trunk up.,/Users/nilakshanraveendran/Documents/research/outputs/synthesis/es-en/EN_034_14__ES_034_14_es-en.wav,241993092,0.0,0.0,0.4838438034057617,0.49153387546539307,227.0288341834266,235.9861320275804,216.32394378158523,20.119748498118394,17.255346893362347,27.434778085164297,0.006903588771820068,0.12216079235076904,0.009721550159156322,2.32,2.315375,1.9,3.8793103448275863,3.4551638503482156,5.2631578947368425,ok,,
EN_058_4__ES_058_4,58,true,en-es,/Users/nilakshanraveendran/Documents/research/data/raw/DRAL16kHz/fragments-short/EN_058_4.wav,/Users/nilakshanraveendran/Documents/research/data/raw/DRAL16kHz/fragments-short/ES_058_4.wav,and then we can visit each other.,And then we can visit each other.,y después nos podemos visitar.,Y luego podemos visitarnos el uno al otro.,Y luego podemos visitarnos el uno al otro.,/Users/nilakshanraveendran/Documents/research/outputs/synthesis/en-es/EN_058_4__ES_058_4_en-es.wav,1445922356,0.0,0.0,0.23423640429973602,0.3977915048599243,430.14197709569237,243.40324362693886,236.7073332051135,307.76711939357546,47.92612005965791,37.34077919403861,0.014130842871963978,0.09424930810928345,0.014034063555300236,1.26,3.062,1.227,5.555555555555555,2.612671456564337,4.074979625101874,ok,,
EN_058_4__ES_058_4,58,true,es-en,/Users/nilakshanraveendran/Documents/research/data/raw/DRAL16kHz/fragments-short/ES_058_4.wav,/Users/nilakshanraveendran/Documents/research/data/raw/DRAL16kHz/fragments-short/EN_058_4.wav,y después nos podemos visitar.,y después nos podemos visitar.,and then we can visit each other.,And then we can visit.,and then we can visit.,/Users/nilakshanraveendran/Documents/research/outputs/synthesis/es-en/EN_058_4__ES_058_4_es-en.wav,741684474,0.0,0.0,0.2592743933200836,0.3977915048599243,236.7073332051135,256.4457640291974,430.14197709569237,37.34077919403861,29.83715125408256,307.76711939357546,0.014034063555300236,0.09658311307430267,0.014130842871963978,1.227,2.134,1.26,4.074979625101874,2.343017806935333,5.555555555555555,ok,,
EN_067_13__ES_067_13,67,true,en-es,/Users/nilakshanraveendran/Documents/research/data/raw/DRAL16kHz/fragments-short/EN_067_13.wav,/Users/nilakshanraveendran/Documents/research/data/raw/DRAL16kHz/fragments-short/ES_067_13.wav,If I feel like I've been too long inside the house well I go outside...,"If I feel like I've been too long inside the house, well I go outside.","Y si siento que he estado uh mucho tiempo dentro de la casa, uh pues salgo.","Si siento que he estado demasiado tiempo dentro de la casa, bueno, salgo afuera.","Si siento que he estado demasiado tiempo dentro de la casa, bueno salgo afuera.",/Users/nilakshanraveendran/Documents/research/outputs/synthesis/en-es/EN_067_13__ES_067_13_en-es.wav,1646752131,0.0,0.0,0.6201314330101013,0.7458155751228333,103.898943322852,284.2636114451411,107.90989018824548,10.58037316609406,348.78230377411614,6.044966175189412,0.007515281438827515,0.08128776401281357,0.009100843220949173,3.49,6.539375,4.81,4.297994269340974,2.1408773774252126,3.3264033264033266,ok,,
EN_067_13__ES_067_13,67,true,es-en,/Users/nilakshanraveendran/Documents/research/data/raw/DRAL16kHz/fragments-short/ES_067_13.wav,/Users/nilakshanraveendran/Documents/research/data/raw/DRAL16kHz/fragments-short/EN_067_13.wav,"Y si siento que he estado uh mucho tiempo dentro de la casa, uh pues salgo.",si siento que he estado mucho tiempo dentro de la casa pues algo,If I feel like I've been too long inside the house well I go outside...,If I feel like I've been inside the house for a long time then something,"If I feel like I've been inside the house for a long time, then something.",/Users/nilakshanraveendran/Documents/research/outputs/synthesis/es-en/EN_067_13__ES_067_13_es-en.wav,336191118,0.25,0.0,0.5851911306381226,0.7458155751228333,107.90989018824548,109.01007908415593,103.898943322852,6.044966175189412,8.096797480228679,10.58037316609406,0.009100843220949173,0.09228374063968658,0.007515281438827515,4.81,4.171375,3.49,3.3264033264033266,3.5959365916514336,4.297994269340974,ok,,
EN_070_15__ES_070_15,70,true,en-es,/Users/nilakshanraveendran/Documents/research/data/raw/DRAL16kHz/fragments-short/EN_070_15.wav,/Users/nilakshanraveendran/Documents/research/data/raw/DRAL16kHz/fragments-short/ES_070_15.wav,So basically make a unicef that actually works,So basically make a unicef that actually works,"O sea, hacer una UNICEF que sí funcione.",Así que básicamente hacer un unicef que realmente funciona,así que básicamente hacer un unicef que realmente funciona.,/Users/nilakshanraveendran/Documents/research/outputs/synthesis/en-es/EN_070_15__ES_070_15_en-es.wav,603574436,0.0,0.0,0.39805975556373596,0.43812108039855957,127.26535131588871,120.0129961304518,117.77788715156547,11.709858812403082,22.914677849304304,7.602144996323371,0.010862761177122593,0.10378802567720413,0.0077585214748978615,2.985,5.3766875,2.1,2.680067001675042,1.67389308007951,3.8095238095238093,ok,,
EN_070_15__ES_070_15,70,true,es-en,/Users/nilakshanraveendran/Documents/research/data/raw/DRAL16kHz/fragments-short/ES_070_15.wav,/Users/nilakshanraveendran/Documents/research/data/raw/DRAL16kHz/fragments-short/EN_070_15.wav,"O sea, hacer una UNICEF que sí funcione.",vamos a hacer una unicef que si funcione,So basically make a unicef that actually works,We're going to make a unicef that if it works,We're going to make a UNICEF that if it works.,/Users/nilakshanraveendran/Documents/research/outputs/synthesis/es-en/EN_070_15__ES_070_15_es-en.wav,15574059,0.375,0.0,0.3932998478412628,0.43812108039855957,117.77788715156547,126.17660058099088,127.26535131588871,7.602144996323371,8.974807430415451,11.709858812403082,0.0077585214748978615,0.15247578918933868,0.010862761177122593,2.1,3.062,2.985,3.8095238095238093,3.2658393207054215,2.680067001675042,ok,,
EN_075_14__ES_075_14,75,true,en-es,/Users/nilakshanraveendran/Documents/research/data/raw/DRAL16kHz/fragments-short/EN_075_14.wav,/Users/nilakshanraveendran/Documents/research/data/raw/DRAL16kHz/fragments-short/ES_075_14.wav,That I can't but now you don't let me is like Oh you're so annoying,"But I can't but now you don't let me. It's like, ah, you're so annoying.","Que sí puedo y luego, pues no, no me dejas eso es como que ay, como fastidias.","Pero no puedo, pero ahora no me dejas.",Pero no puedo. Pero ahora no me dejas.,/Users/nilakshanraveendran/Documents/research/outputs/synthesis/en-es/EN_075_14__ES_075_14_en-es.wav,862552665,0.2,0.0,0.5149229764938354,0.5167649984359741,265.89709326946684,249.9967461281446,238.48354601501535,54.30478762588696,55.56114229998813,28.92436203820002,0.029818054288625717,0.09908334910869598,0.023374561220407486,3.36,4.363375,3.51,4.464285714285714,1.8334431489386085,4.843304843304844,ok,,
EN_075_14__ES_075_14,75,true,es-en,/Users/nilakshanraveendran/Documents/research/data/raw/DRAL16kHz/fragments-short/ES_075_14.wav,/Users/nilakshanraveendran/Documents/research/data/raw/DRAL16kHz/fragments-short/EN_075_14.wav,"Que sí puedo y luego, pues no, no me dejas eso es como que ay, como fastidias.","Que si pude lo, pues no, no me dejas esas cocavay, ¡con pastillas!",That I can't but now you don't let me is like Oh you're so annoying,"That if I could, then no, you don't leave me those cocavay, with pills!","Then if I could, then you don't leave me those coca-cola with pills.",/Users/nilakshanraveendran/Documents/research/outputs/synthesis/es-en/EN_075_14__ES_075_14_es-en.wav,1781346291,0.6470588235294118,0.21428571428571427,0.5195670127868652,0.5167649984359741,238.48354601501535,395.8547567311793,265.89709326946684,28.92436203820002,283.0442334744654,54.30478762588696,0.023374561220407486,0.08442851901054382,0.029818054288625717,3.51,7.7446875,3.36,4.843304843304844,1.8076907557599966,4.464285714285714,ok,,
EN_083_18__ES_083_18,83,true,en-es,/Users/nilakshanraveendran/Documents/research/data/raw/DRAL16kHz/fragments-short/EN_083_18.wav,/Users/nilakshanraveendran/Documents/research/data/raw/DRAL16kHz/fragments-short/ES_083_18.wav,Oh.,No.,[risa],No.,¡Pah! No.,/Users/nilakshanraveendran/Documents/research/outputs/synthesis/en-es/EN_083_18__ES_083_18_en-es.wav,566541354,1.0,1.0,0.1010514348745346,0.42846739292144775,nan,189.71486293547528,nan,nan,12.080076797892104,nan,0.007799662183970213,0.071584552526474,0.018741147592663765,0.495,2.315375,0.6,2.0202020202020203,0.43189548129352695,1.6666666666666667,ok,,
EN_083_18__ES_083_18,83,true,es-en,/Users/nilakshanraveendran/Documents/research/data/raw/DRAL16kHz/fragments-short/ES_083_18.wav,/Users/nilakshanraveendran/Documents/research/data/raw/DRAL16kHz/fragments-short/EN_083_18.wav,[risa],,Oh.,I'm sorry.,I'm sorry.,/Users/nilakshanraveendran/Documents/research/outputs/synthesis/es-en/EN_083_18__ES_083_18_es-en.wav,1818992329,1.0,0.0,0.12873554229736328,0.42846739292144775,nan,nan,nan,nan,nan,nan,0.018741147592663765,0.07394327223300934,0.007799662183970213,0.6,1.206,0.495,1.6666666666666667,1.658374792703151,2.0202020202020203,ok,,
EN_027_14__ES_027_14,27,true,en-es,/Users/nilakshanraveendran/Documents/research/data/raw/DRAL16kHz/fragments-short/EN_027_14.wav,/Users/nilakshanraveendran/Documents/research/data/raw/DRAL16kHz/fragments-short/ES_027_14.wav,staying there for a couple years.,staying there for a couple years.,quedando ahí por unos años,Quedándose allí por un par de años.,quedándose allí por un par de años.,/Users/nilakshanraveendran/Documents/research/outputs/synthesis/en-es/EN_027_14__ES_027_14_en-es.wav,321174006,0.0,0.0,0.3449847996234894,0.3744308054447174,95.07482442909202,96.0131747198874,96.47145417586258,5.606749920383648,8.452326764066415,2.5899247986765705,0.004791088867932558,0.10522224754095078,0.007336605340242386,1.99,3.2006875,2.16,3.0150753768844223,2.1870301302454553,2.314814814814815,ok,,
EN_027_14__ES_027_14,27,true,es-en,/Users/nilakshanraveendran/Documents/research/data/raw/DRAL16kHz/fragments-short/ES_027_14.wav,/Users/nilakshanraveendran/Documents/research/data/raw/DRAL16kHz/fragments-short/EN_027_14.wav,quedando ahí por unos años,quedando ahí por unos años.,staying there for a couple years.,Staying there for a few years.,I've been staying there for a few years.,/Users/nilakshanraveendran/Documents/research/outputs/synthesis/es-en/EN_027_14__ES_027_14_es-en.wav,1876369946,0.0,0.3333333333333333,0.39746806025505066,0.3744308054447174,96.47145417586258,93.76104384824053,95.07482442909202,2.5899247986765705,7.338827045346375,5.606749920383648,0.007336605340242386,0.10218093544244766,0.004791088867932558,2.16,1.995375,1.99,2.314814814814815,3.0069535801541067,3.0150753768844223,ok,,
EN_033_15__ES_033_15,33,true,en-es,/Users/nilakshanraveendran/Documents/research/data/raw/DRAL16kHz/fragments-short/EN_033_15.wav,/Users/nilakshanraveendran/Documents/research/data/raw/DRAL16kHz/fragments-short/ES_033_15.wav,"I was on- eh, on the varsity team.",I was on the varsity team,estaba en el Varsity Team,Yo estaba en el equipo universitario.,Yo estaba en el equipo universitario.,/Users/nilakshanraveendran/Documents/research/outputs/synthesis/en-es/EN_033_15__ES_033_15_en-es.wav,1596138173,0.25,0.0,0.5662612915039062,0.690864622592926,106.49646455840748,114.964855275765,104.520736622964,16.831938697309994,12.612349630784438,6.762297266129202,0.019437378272414207,0.07382258772850037,0.02422434464097023,2.71,3.339375,1.9,2.952029520295203,1.7967434025828186,2.6315789473684212,ok,,
EN_033_15__ES_033_15,33,true,es-en,/Users/nilakshanraveendran/Documents/research/data/raw/DRAL16kHz/fragments-short/ES_033_15.wav,/Users/nilakshanraveendran/Documents/research/data/raw/DRAL16kHz/fragments-short/EN_033_15.wav,estaba en el Varsity Team,estaba en el varsity team,"I was on- eh, on the varsity team.",I was in the varsity team.,I was in the varsity team.,/Users/nilakshanraveendran/Documents/research/outputs/synthesis/es-en/EN_033_15__ES_033_15_es-en.wav,1885659174,0.0,0.0,0.4486960768699646,0.690864622592926,104.520736622964,99.92625095664798,106.49646455840748,6.762297266129202,12.269147168208244,16.831938697309994,0.02422434464097023,0.07847900688648224,0.019437378272414207,1.9,2.038,2.71,2.6315789473684212,2.9440628066732093,2.952029520295203,ok,,
EN_034_15__ES_034_15,34,true,en-es,/Users/nilakshanraveendran/Documents/research/data/raw/DRAL16kHz/fragments-short/EN_034_15.wav,/Users/nilakshanraveendran/Documents/research/data/raw/DRAL16kHz/fragments-short/ES_034_15.wav,I think I left that in another backpack and now I don't know.,I think I left that in another backpack and now I don't know.,"Creo que ese lo dejé en otra mochila, así que ahora no sé.",Creo que lo dejé en otra mochila y ahora no lo sé.,Creo que lo dejé en otra mochila y ahora no lo sé.,/Users/nilakshanraveendran/Documents/research/outputs/synthesis/en-es/EN_034_15__ES_034_15_en-es.wav,78757657,0.0,0.0,0.4735793471336365,0.4168035387992859,220.31559650778357,219.91480410145505,238.72271799500535,37.67232919460346,34.19224596891687,37.04504015147103,0.00801082979887724,0.10573353618383408,0.005146471783518791,2.63,4.363375,3.11,4.942965779467681,2.7501647234079125,4.180064308681672,ok,,
EN_034_15__ES_034_15,34,true,es-en,/Users/nilakshanraveendran/Documents/research/data/raw/DRAL16kHz/fragments-short/ES_034_15.wav,/Users/nilakshanraveendran/Documents/research/data/raw/DRAL16kHz/fragments-short/EN_034_15.wav,"Creo que ese lo dejé en otra mochila, así que ahora no sé.","Creo que eso lo dejé en otra mochila, así que ahora no sé...",I think I left that in another backpack and now I don't know.,"I think I left that in another backpack, so now I don't know...",I think I left that in another backpack. So now I don't know.,/Users/nilakshanraveendran/Documents/research/outputs/synthesis/es-en/EN_034_15__ES_034_15_es-en.wav,1785638202,0.07692307692307693,0.0,0.4756144881248474,0.4168035387992859,238.72271799500535,337.0824567593102,220.31559650778357,37.04504015147103,270.37878330816665,37.67232919460346,0.005146471783518791,0.11281638592481613,0.00801082979887724,3.11,4.726,2.63,4.180064308681672,2.7507405840033856,4.942965779467681,ok,,
EN_058_5__ES_058_5,58,true,en-es,/Users/nilakshanraveendran/Documents/research/data/raw/DRAL16kHz/fragments-short/EN_058_5.wav,/Users/nilakshanraveendran/Documents/research/data/raw/DRAL16kHz/fragments-short/ES_058_5.wav,And I'm taking two classes of graphic design.,and I'm taking two classes of graphic design.,Y estoy tomando dos clases de diseño gráfico.,y estoy tomando dos clases de diseño gráfico.,y estoy tomando dos clases de diseño gráfico.,/Users/nilakshanraveendran/Documents/research/outputs/synthesis/en-es/EN_058_5__ES_058_5_en-es.wav,134081825,0.0,0.0,0.3591200113296509,0.4529328942298889,220.66636596205296,225.6208803487072,207.88184413601138,39.25605729474143,35.01759681262389,38.12309826987807,0.013146349228918552,0.08317165821790695,0.013210741803050041,3.4,3.798,3.15,2.3529411764705883,2.10637177461822,2.5396825396825395,ok,,
EN_058_5__ES_058_5,58,true,es-en,/Users/nilakshanraveendran/Documents/research/data/raw/DRAL16kHz/fragments-short/ES_058_5.wav,/Users/nilakshanraveendran/Documents/research/data/raw/DRAL16kHz/fragments-short/EN_058_5.wav,Y estoy tomando dos clases de diseño gráfico.,y estoy tomando dos clases de diseño gráfico.,And I'm taking two classes of graphic design.,And I'm taking two kinds of graphic design.,and I'm taking two kinds of graphic design.,/Users/nilakshanraveendran/Documents/research/outputs/synthesis/es-en/EN_058_5__ES_058_5_es-en.wav,1559596511,0.0,0.0,0.28468215465545654,0.4529328942298889,207.88184413601138,220.79628256541025,220.66636596205296,38.12309826987807,24.99188252207812,39.25605729474143,0.013210741803050041,0.10787209868431091,0.013146349228918552,3.15,2.827375,3.4,2.5396825396825395,2.8294796410097707,2.3529411764705883,ok,,
EN_067_14__ES_067_14,67,true,en-es,/Users/nilakshanraveendran/Documents/research/data/raw/DRAL16kHz/fragments-short/EN_067_14.wav,/Users/nilakshanraveendran/Documents/research/data/raw/DRAL16kHz/fragments-short/ES_067_14.wav,"If I feel like I'm getting bored in class, then I start drawing.","If I feel like I'm getting bored in class, then I start drawing.","Si siento que me estoy aburriendo o algo, empiezo a dibujar.","Si siento que me aburro en clase, empiezo a dibujar.","Si siento que me aburro en clase, empiezo a dibujar.",/Users/nilakshanraveendran/Documents/research/outputs/synthesis/en-es/EN_067_14__ES_067_14_en-es.wav,123819135,0.0,0.0,0.5765620470046997,0.6065308451652527,103.31293728009732,115.8563943810129,100.14351471841515,9.971120221061517,16.183465317390432,8.242239290344706,0.008358942344784737,0.1058904305100441,0.010116063989698887,2.76,3.5206875,2.45,4.710144927536232,2.840354334203192,4.489795918367347,ok,,
EN_067_14__ES_067_14,67,true,es-en,/Users/nilakshanraveendran/Documents/research/data/raw/DRAL16kHz/fragments-short/ES_067_14.wav,/Users/nilakshanraveendran/Documents/research/data/raw/DRAL16kHz/fragments-short/EN_067_14.wav,"Si siento que me estoy aburriendo o algo, empiezo a dibujar.","Sí, siento que me estoy burriendo, algo me empiezo a dibujar.","If I feel like I'm getting bored in class, then I start drawing.","Yeah, I feel like I'm getting bored, something I'm starting to draw.",Yeah. I feel like I'm getting bored. Something I'm starting to draw.,/Users/nilakshanraveendran/Documents/research/outputs/synthesis/es-en/EN_067_14__ES_067_14_es-en.wav,1487773602,0.36363636363636365,0.0,0.555046796798706,0.6065308451652527,100.14351471841515,101.41499725143457,103.31293728009732,8.242239290344706,9.580407587407509,9.971120221061517,0.010116063989698887,0.08313123136758804,0.008358942344784737,2.45,4.779375,2.76,4.489795918367347,2.5107885445272657,4.710144927536232,ok,,
EN_070_19__ES_070_19,70,true,en-es,/Users/nilakshanraveendran/Documents/research/data/raw/DRAL16kHz/fragments-short/EN_070_19.wav,/Users/nilakshanraveendran/Documents/research/data/raw/DRAL16kHz/fragments-short/ES_070_19.wav,humanitarian,Humanitary.,Humanitaria,Humanitario.,humanitario,/Users/nilakshanraveendran/Documents/research/outputs/synthesis/en-es/EN_070_19__ES_070_19_en-es.wav,1475571742,1.0,0.0,0.48143720626831055,0.30264008045196533,105.65643822681085,89.13376735334931,109.93171195510604,9.89244322997844,21.09107091046391,7.076860945410477,0.00607434194535017,0.04845506325364113,0.004678592551499605,1.03,3.6166875,0.87,0.970873786407767,0.27649610313304646,1.1494252873563218,ok,,
EN_070_19__ES_070_19,70,true,es-en,/Users/nilakshanraveendran/Documents/research/data/raw/DRAL16kHz/fragments-short/ES_070_19.wav,/Users/nilakshanraveendran/Documents/research/data/raw/DRAL16kHz/fragments-short/EN_070_19.wav,Humanitaria,humanitaria,humanitarian,humanitarian assistance,humanitarian assistance.,/Users/nilakshanraveendran/Documents/research/outputs/synthesis/es-en/EN_070_19__ES_070_19_es-en.wav,74176284,0.0,0.0,0.28942081332206726,0.30264008045196533,109.93171195510604,106.0418060060272,105.65643822681085,7.076860945410477,11.770961469050558,9.89244322997844,0.004678592551499605,0.11174184828996658,0.00607434194535017,0.87,2.219375,1.03,1.1494252873563218,0.9011546043368066,0.970873786407767,ok,,
EN_075_16__ES_075_16,75,true,en-es,/Users/nilakshanraveendran/Documents/research/data/raw/DRAL16kHz/fragments-short/EN_075_16.wav,/Users/nilakshanraveendran/Documents/research/data/raw/DRAL16kHz/fragments-short/ES_075_16.wav,"Make a script- no, just make a line.",Make a script? No. Just make a line.,"Haz un cuadro, no, haz una línea nomás.",¿Hacer un guión?,¿Hacer un guión?,/Users/nilakshanraveendran/Documents/research/outputs/synthesis/en-es/EN_075_16__ES_075_16_en-es.wav,109934246,0.0,0.0,0.35604754090309143,0.43807253241539,331.5025251235912,338.15426164812243,349.1353771258534,61.863191874605256,71.08209808140539,136.47510882912107,0.021903160959482193,0.10275792330503464,0.02970411255955696,2.47,1.387375,2.455,3.2388663967611335,2.162356969096315,3.2586558044806515,ok,,
EN_075_16__ES_075_16,75,true,es-en,/Users/nilakshanraveendran/Documents/research/data/raw/DRAL16kHz/fragments-short/ES_075_16.wav,/Users/nilakshanraveendran/Documents/research/data/raw/DRAL16kHz/fragments-short/EN_075_16.wav,"Haz un cuadro, no, haz una línea nomás.",Haz una linea nomas,"Make a script- no, just make a line.",Make a line.,Make a line.,/Users/nilakshanraveendran/Documents/research/outputs/synthesis/es-en/EN_075_16__ES_075_16_es-en.wav,200298552,0.75,0.0,0.2363606095314026,0.43807253241539,349.1353771258534,225.96963902138546,331.5025251235912,136.47510882912107,42.10323346111564,61.863191874605256,0.02970411255955696,0.09437212347984314,0.021903160959482193,2.455,1.43,2.47,3.2586558044806515,2.097902097902098,3.2388663967611335,ok,,
EN_083_1__ES_083_1,83,true,en-es,/Users/nilakshanraveendran/Documents/research/data/raw/DRAL16kHz/fragments-short/EN_083_1.wav,/Users/nilakshanraveendran/Documents/research/data/raw/DRAL16kHz/fragments-short/ES_083_1.wav,We're just going to go through our phones and see... see what's up.,We're just gonna go through our phones and see what's up.,"Este, nomás vamos a buscar en nuestros teléfonos a ver qué y a ver.",Vamos a revisar nuestros teléfonos y ver qué pasa.,Vamos a revisar nuestros teléfonos y ver qué pasa.,/Users/nilakshanraveendran/Documents/research/outputs/synthesis/en-es/EN_083_1__ES_083_1_en-es.wav,292876069,0.23076923076923078,0.0,0.5234988331794739,0.48781996965408325,252.1097851476449,269.0914704703004,248.72385357967232,30.372657018807814,44.63453140152957,24.448772183393757,0.012681136839091778,0.1261921226978302,0.017389625310897827,3.48,3.4246875,4.5,3.735632183908046,2.6279770052012044,3.111111111111111,ok,,
EN_083_1__ES_083_1,83,true,es-en,/Users/nilakshanraveendran/Documents/research/data/raw/DRAL16kHz/fragments-short/ES_083_1.wav,/Users/nilakshanraveendran/Documents/research/data/raw/DRAL16kHz/fragments-short/EN_083_1.wav,"Este, nomás vamos a buscar en nuestros teléfonos a ver qué y a ver.",No más vamos a buscar en nuestros teléfonos a ver qué y a ver.,We're just going to go through our phones and see... see what's up.,No more looking on our phones to see what and see.,No more looking on our phones to see what and see.,/Users/nilakshanraveendran/Documents/research/outputs/synthesis/es-en/EN_083_1__ES_083_1_es-en.wav,214020478,0.14285714285714285,0.0,0.3095235526561737,0.48781996965408325,248.72385357967232,217.90313697018567,252.1097851476449,24.448772183393757,36.71686900691689,30.372657018807814,0.017389625310897827,0.13352817296981812,0.012681136839091778,4.5,3.851375,3.48,3.111111111111111,2.856122813280971,3.735632183908046,ok,,
EN_027_15__ES_027_15,27,true,en-es,/Users/nilakshanraveendran/Documents/research/data/raw/DRAL16kHz/fragments-short/EN_027_15.wav,/Users/nilakshanraveendran/Documents/research/data/raw/DRAL16kHz/fragments-short/ES_027_15.wav,moving to a different place and so on.,moving to a different place and so on.,moviendo a otro lugar y así,mudarse a un lugar diferente y así sucesivamente.,mudarse a un lugar diferente y así sucesivamente.,/Users/nilakshanraveendran/Documents/research/outputs/synthesis/en-es/EN_027_15__ES_027_15_en-es.wav,623710300,0.0,0.0,0.33834198117256165,0.24747861921787262,100.06948361640005,92.88963120122708,100.73111671123495,3.1531822353791914,14.065008738542582,7.822374806363639,0.004611342214047909,0.1006627231836319,0.00567626953125,1.32,5.43,1.34,6.0606060606060606,1.4732965009208103,4.477611940298507,ok,,
EN_027_15__ES_027_15,27,true,es-en,/Users/nilakshanraveendran/Documents/research/data/raw/DRAL16kHz/fragments-short/ES_027_15.wav,/Users/nilakshanraveendran/Documents/research/data/raw/DRAL16kHz/fragments-short/EN_027_15.wav,moviendo a otro lugar y así,moviendo su lugar y así,moving to a different place and so on.,moving his place and so on,moving his place and so on.,/Users/nilakshanraveendran/Documents/research/outputs/synthesis/es-en/EN_027_15__ES_027_15_es-en.wav,1330428920,0.3333333333333333,0.0,0.4052928686141968,0.24747861921787262,100.73111671123495,100.46044366654176,100.06948361640005,7.822374806363639,4.919387974765881,3.1531822353791914,0.00567626953125,0.1126762330532074,0.004611342214047909,1.34,2.635375,1.32,4.477611940298507,2.276715837404544,6.0606060606060606,ok,,
EN_033_16__ES_033_16,33,true,en-es,/Users/nilakshanraveendran/Documents/research/data/raw/DRAL16kHz/fragments-short/EN_033_16.wav,/Users/nilakshanraveendran/Documents/research/data/raw/DRAL16kHz/fragments-short/ES_033_16.wav,and overall martial arts like helped me to,"And overall, martial arts like helped me to...","Y en general, las artes marciales me han ayudado.","Y en general, las artes marciales me ayudaron a...",y en general las artes marciales me ayudaron a...,/Users/nilakshanraveendran/Documents/research/outputs/synthesis/en-es/EN_033_16__ES_033_16_en-es.wav,1336068954,0.0,0.0,0.5398644208908081,0.5896357297897339,112.80104508180712,119.62381169116439,112.15361232362143,13.767304099670099,21.822012279910716,7.779541883072577,0.02558530867099762,0.09774449467658997,0.032730795443058014,2.88,3.99,3.46,2.7777777777777777,2.255639097744361,2.601156069364162,ok,,
EN_033_16__ES_033_16,33,true,es-en,/Users/nilakshanraveendran/Documents/research/data/raw/DRAL16kHz/fragments-short/ES_033_16.wav,/Users/nilakshanraveendran/Documents/research/data/raw/DRAL16kHz/fragments-short/EN_033_16.wav,"Y en general, las artes marciales me han ayudado.",y en general las artes marciales me han ayudado.,and overall martial arts like helped me to,And in general martial arts have helped me.,and in general martial arts have helped me.,/Users/nilakshanraveendran/Documents/research/outputs/synthesis/es-en/EN_033_16__ES_033_16_es-en.wav,1925325054,0.0,0.0,0.4363003969192505,0.5896357297897339,112.15361232362143,115.42812801380397,112.80104508180712,7.779541883072577,9.067811783670367,13.767304099670099,0.032730795443058014,0.09551163762807846,0.02558530867099762,3.46,2.827375,2.88,2.601156069364162,2.8294796410097707,2.7777777777777777,ok,,
EN_034_18__ES_034_18,34,true,en-es,/Users/nilakshanraveendran/Documents/research/data/raw/DRAL16kHz/fragments-short/EN_034_18.wav,/Users/nilakshanraveendran/Documents/research/data/raw/DRAL16kHz/fragments-short/ES_034_18.wav,So you're a very sentimental person?,So you're a very sentimental person.,Así que eres una persona muy sentimental,Así que eres una persona muy sentimental.,Así que eres una persona muy sentimental.,/Users/nilakshanraveendran/Documents/research/outputs/synthesis/en-es/EN_034_18__ES_034_18_en-es.wav,1356999745,0.0,0.0,0.3711727559566498,0.4875032603740692,221.44378908933547,218.26683052168607,221.06184413586587,12.173168744941526,15.964593208502327,14.09542550119764,0.008209377527236938,0.09024351835250854,0.0044046975672245026,1.9,3.0086875,1.92,3.1578947368421053,2.3265958993747273,3.6458333333333335,ok,,
EN_034_18__ES_034_18,34,true,es-en,/Users/nilakshanraveendran/Documents/research/data/raw/DRAL16kHz/fragments-short/ES_034_18.wav,/Users/nilakshanraveendran/Documents/research/data/raw/DRAL16kHz/fragments-short/EN_034_18.wav,Así que eres una persona muy sentimental,así que es una persona muy sentimental,So you're a very sentimental person?,So he's a very sentimental person.,So he's a very sentimental person.,/Users/nilakshanraveendran/Documents/research/outputs/synthesis/es-en/EN_034_18__ES_034_18_es-en.wav,511175066,0.14285714285714285,0.0,0.49318021535873413,0.4875032603740692,221.06184413586587,232.05346090462848,221.44378908933547,14.09542550119764,16.74772367197555,12.173168744941526,0.0044046975672245026,0.13654528558254242,0.008209377527236938,1.92,2.454,1.9,3.6458333333333335,2.4449877750611244,3.1578947368421053,ok,,
EN_058_6__ES_058_6,58,true,en-es,/Users/nilakshanraveendran/Documents/research/data/raw/DRAL16kHz/fragments-short/EN_058_6.wav,/Users/nilakshanraveendran/Documents/research/data/raw/DRAL16kHz/fragments-short/ES_058_6.wav,Each class it's like three hours and a half,class it's like three hours and a half.,Cada clase son como tres horas y media.,clase son como tres horas y media.,clases son como 3 horas y media.,/Users/nilakshanraveendran/Documents/research/outputs/synthesis/en-es/EN_058_6__ES_058_6_en-es.wav,1681500481,0.1111111111111111,0.2857142857142857,0.40663203597068787,0.5153348445892334,371.98914778808324,237.8716745376069,235.76256216915488,301.6327130278435,32.71398493956731,34.24322699693477,0.01306415069848299,0.08311819285154343,0.014114643447101116,3.06,3.4246875,3.9,2.941176470588235,2.0439821151564925,2.0512820512820515,ok,,
EN_058_6__ES_058_6,58,true,es-en,/Users/nilakshanraveendran/Documents/research/data/raw/DRAL16kHz/fragments-short/ES_058_6.wav,/Users/nilakshanraveendran/Documents/research/data/raw/DRAL16kHz/fragments-short/EN_058_6.wav,Cada clase son como tres horas y media.,cada clase son como tres horas y media.,Each class it's like three hours and a half,Each class is about three and a half hours.,Each class is about three and a half hours.,/Users/nilakshanraveendran/Documents/research/outputs/synthesis/es-en/EN_058_6__ES_058_6_es-en.wav,1834726000,0.0,0.0,0.46460676193237305,0.5153348445892334,235.76256216915488,226.23429688057837,371.98914778808324,34.24322699693477,30.113655117034195,301.6327130278435,0.014114643447101116,0.09399878233671188,0.01306415069848299,3.9,3.339375,3.06,2.0512820512820515,2.695115103874228,2.941176470588235,ok,,
EN_067_15__ES_067_15,67,true,en-es,/Users/nilakshanraveendran/Documents/research/data/raw/DRAL16kHz/fragments-short/EN_067_15.wav,/Users/nilakshanraveendran/Documents/research/data/raw/DRAL16kHz/fragments-short/ES_067_15.wav,Sometimes the day feels Um really nice and I like to go out.,Sometimes the day feels really nice and I like to go out.,A veces el día está bien- bien bonito y me gusta salir.,A veces el día se siente muy bien y me gusta salir.,A veces el día se siente muy bien y me gusta salir.,/Users/nilakshanraveendran/Documents/research/outputs/synthesis/en-es/EN_067_15__ES_067_15_en-es.wav,756368830,0.07692307692307693,0.0,0.5599361062049866,0.5943357944488525,101.67345004145994,104.43475102157684,99.75223107474932,11.925914772140002,10.382056290363845,6.658435989618567,0.006553507875651121,0.09279075264930725,0.006564242299646139,3.83,3.6166875,3.4,3.3942558746736293,3.3179532375965577,3.5294117647058822,ok,,
EN_067_15__ES_067_15,67,true,es-en,/Users/nilakshanraveendran/Documents/research/data/raw/DRAL16kHz/fragments-short/ES_067_15.wav,/Users/nilakshanraveendran/Documents/research/data/raw/DRAL16kHz/fragments-short/EN_067_15.wav,A veces el día está bien- bien bonito y me gusta salir.,a veces el día está bien bonito y me gusta salir,Sometimes the day feels Um really nice and I like to go out.,Sometimes the day is nice and I like to go out,Sometimes the day is nice and I like to go out.,/Users/nilakshanraveendran/Documents/research/outputs/synthesis/es-en/EN_067_15__ES_067_15_es-en.wav,1330052295,0.08333333333333333,0.0,0.6093952059745789,0.5943357944488525,99.75223107474932,107.32225695705189,101.67345004145994,6.658435989618567,8.91014466332778,11.925914772140002,0.006564242299646139,0.1058981642127037,0.006553507875651121,3.4,3.382,3.83,3.5294117647058822,3.2525133057362505,3.3942558746736293,ok,,
EN_070_1__ES_070_1,70,true,en-es,/Users/nilakshanraveendran/Documents/research/data/raw/DRAL16kHz/fragments-short/EN_070_1.wav,/Users/nilakshanraveendran/Documents/research/data/raw/DRAL16kHz/fragments-short/ES_070_1.wav,"Sir, please remain professional.","Sir, please remain professional.","Señor, por favor, hay que permanecer profesional.","Señor, por favor siga siendo profesional.","Señor, por favor siga siendo profesional.",/Users/nilakshanraveendran/Documents/research/outputs/synthesis/en-es/EN_070_1__ES_070_1_en-es.wav,787016098,0.0,0.0,0.3578471541404724,0.26066434383392334,125.26147748712023,135.58743121642217,116.34377843468921,10.039360350965596,20.43164687437656,10.05018851688989,0.009151479229331017,0.09851010888814926,0.008731205016374588,1.98,3.574,2.96,2.0202020202020203,1.6787912702853947,2.364864864864865,ok,,
EN_070_1__ES_070_1,70,true,es-en,/Users/nilakshanraveendran/Documents/research/data/raw/DRAL16kHz/fragments-short/ES_070_1.wav,/Users/nilakshanraveendran/Documents/research/data/raw/DRAL16kHz/fragments-short/EN_070_1.wav,"Señor, por favor, hay que permanecer profesional.","Señor por favor, hay que permanecer profesional.","Sir, please remain professional.","Sir, please, you have to stay professional.","Sir, please, you have to stay professional.",/Users/nilakshanraveendran/Documents/research/outputs/synthesis/es-en/EN_070_1__ES_070_1_es-en.wav,1478182254,0.0,0.0,0.23575875163078308,0.26066434383392334,116.34377843468921,108.24644489993995,125.26147748712023,10.05018851688989,13.235549800309501,10.039360350965596,0.008731205016374588,0.09451491385698318,0.009151479229331017,2.96,3.4246875,1.98,2.364864864864865,2.0439821151564925,2.0202020202020203,ok,,
EN_075_17__ES_075_17,75,true,en-es,/Users/nilakshanraveendran/Documents/research/data/raw/DRAL16kHz/fragments-short/EN_075_17.wav,/Users/nilakshanraveendran/Documents/research/data/raw/DRAL16kHz/fragments-short/ES_075_17.wav,"I think that a baby is not an error, but it definitely changed your life.","I think that a baby is not an error, but it definitely changed your life.","Yo pienso que un hijo no es un error, pero definitivamente sí te cambia la vida.","Creo que un bebé no es un error, pero definitivamente cambió tu vida.","Creo que un bebé no es un error, pero definitivamente cambió tu vida.",/Users/nilakshanraveendran/Documents/research/outputs/synthesis/en-es/EN_075_17__ES_075_17_en-es.wav,1607230341,0.0,0.0,0.6193012595176697,0.6726619005203247,257.49666570989046,234.8441253109736,258.9854855425836,73.38868022000543,36.32169421078508,65.23188986361441,0.019041335210204124,0.10944568365812302,0.023264916613698006,4.2,4.918,4.4,3.571428571428571,2.643350955673038,3.6363636363636362,ok,,
EN_075_17__ES_075_17,75,true,es-en,/Users/nilakshanraveendran/Documents/research/data/raw/DRAL16kHz/fragments-short/ES_075_17.wav,/Users/nilakshanraveendran/Documents/research/data/raw/DRAL16kHz/fragments-short/EN_075_17.wav,"Yo pienso que un hijo no es un error, pero definitivamente sí te cambia la vida.","Yo pienso que un hijo no es un error, pero definitivamente sí te cambia la vida.","I think that a baby is not an error, but it definitely changed your life.","I think a child is not a mistake, but it definitely does change your life.","I think a child is not a mistake, but it definitely does change your life.",/Users/nilakshanraveendran/Documents/research/outputs/synthesis/es-en/EN_075_17__ES_075_17_es-en.wav,192506645,0.0,0.0,0.503756046295166,0.6726619005203247,258.9854855425836,358.01604869166516,257.49666570989046,65.23188986361441,268.393698668002,73.38868022000543,0.023264916613698006,0.1047346442937851,0.019041335210204124,4.4,4.726,4.2,3.6363636363636362,3.1739314430808294,3.571428571428571,ok,,
EN_083_20__ES_083_20,83,true,en-es,/Users/nilakshanraveendran/Documents/research/data/raw/DRAL16kHz/fragments-short/EN_083_20.wav,/Users/nilakshanraveendran/Documents/research/data/raw/DRAL16kHz/fragments-short/ES_083_20.wav,"I mean, it seems like a cool skill to have.",I mean it seems like a core skill to her.,"Digo, pues es una habilidad, ¿quién sabe?","Quiero decir, parece una habilidad básica para ella.","Quiero decir, parece una habilidad básica para ella.",/Users/nilakshanraveendran/Documents/research/outputs/synthesis/en-es/EN_083_20__ES_083_20_en-es.wav,1110044672,0.2,0.0,0.2765001952648163,0.3361300826072693,284.73834533276766,262.66460264249116,312.91217901873034,39.71227837094395,67.84480061645566,34.298180172368816,0.029123084619641304,0.09254961460828781,0.034637365490198135,2.36,3.659375,2.74,4.237288135593221,2.1861656703672074,2.554744525547445,ok,,
EN_083_20__ES_083_20,83,true,es-en,/Users/nilakshanraveendran/Documents/research/data/raw/DRAL16kHz/fragments-short/ES_083_20.wav,/Users/nilakshanraveendran/Documents/research/data/raw/DRAL16kHz/fragments-short/EN_083_20.wav,"Digo, pues es una habilidad, ¿quién sabe?",digo pues es una habilidad bien sabe,"I mean, it seems like a cool skill to have.","I mean, it's a skill, you know.","I mean, it's a skill, you know.",/Users/nilakshanraveendran/Documents/research/outputs/synthesis/es-en/EN_083_20__ES_083_20_es-en.wav,947202859,0.14285714285714285,0.0,0.32198435068130493,0.3361300826072693,312.91217901873034,243.243444877619,284.73834533276766,34.298180172368816,36.97707838401413,39.71227837094395,0.034637365490198135,0.11956532299518585,0.029123084619641304,2.74,2.454,2.36,2.554744525547445,2.8524857375713117,4.237288135593221,ok,,
EN_027_16__ES_027_16,27,true,en-es,/Users/nilakshanraveendran/Documents/research/data/raw/DRAL16kHz/fragments-short/EN_027_16.wav,/Users/nilakshanraveendran/Documents/research/data/raw/DRAL16kHz/fragments-short/ES_027_16.wav,That seems really difficult.,That seems really difficult.,Parece muy difícil.,Eso parece muy difícil.,Eso parece muy difícil.,/Users/nilakshanraveendran/Documents/research/outputs/synthesis/en-es/EN_027_16__ES_027_16_en-es.wav,1713140262,0.0,0.0,0.3362485468387604,0.38235020637512207,106.66085782918155,101.49782766510678,104.07447642580318,18.460185093510393,9.065341938145055,6.268969431270178,0.005065056029707193,0.10403214395046234,0.007141844369471073,1.11,2.0806875,1.0,3.603603603603603,1.9224415007058966,3.0,ok,,
EN_027_16__ES_027_16,27,true,es-en,/Users/nilakshanraveendran/Documents/research/data/raw/DRAL16kHz/fragments-short/ES_027_16.wav,/Users/nilakshanraveendran/Documents/research/data/raw/DRAL16kHz/fragments-short/EN_027_16.wav,Parece muy difícil.,parece muy difícil,That seems really difficult.,It seems very difficult.,It seems very difficult.,/Users/nilakshanraveendran/Documents/research/outputs/synthesis/es-en/EN_027_16__ES_027_16_es-en.wav,1698976803,0.0,0.0,0.3271048665046692,0.38235020637512207,104.07447642580318,100.92710790016706,106.66085782918155,6.268969431270178,8.071012744917153,18.460185093510393,0.007141844369471073,0.11498597264289856,0.005065056029707193,1.0,2.038,1.11,3.0,1.9627085377821396,3.603603603603603,ok,,
EN_033_17__ES_033_17,33,true,en-es,/Users/nilakshanraveendran/Documents/research/data/raw/DRAL16kHz/fragments-short/EN_033_17.wav,/Users/nilakshanraveendran/Documents/research/data/raw/DRAL16kHz/fragments-short/ES_033_17.wav,It's a pretty good way of helping your mind.,It's a pretty good way of helping your mind.,Es una buena manera de ayudar a tu mente.,Es una muy buena manera de ayudar a tu mente.,es una muy buena manera de ayudar a tu mente.,/Users/nilakshanraveendran/Documents/research/outputs/synthesis/en-es/EN_033_17__ES_033_17_en-es.wav,133685677,0.0,0.0,0.5685961842536926,0.5525352358818054,104.1856008247016,105.01638093151799,107.13499103634665,9.03344637990585,17.600671035463204,9.679609644383541,0.013866687193512917,0.1071198508143425,0.02783753164112568,4.48,3.478,3.59,2.008928571428571,2.875215641173088,2.5069637883008355,ok,,
EN_033_17__ES_033_17,33,true,es-en,/Users/nilakshanraveendran/Documents/research/data/raw/DRAL16kHz/fragments-short/ES_033_17.wav,/Users/nilakshanraveendran/Documents/research/data/raw/DRAL16kHz/fragments-short/EN_033_17.wav,Es una buena manera de ayudar a tu mente.,es una buena manera de ayudar a tu mente.,It's a pretty good way of helping your mind.,It's a good way to help your mind.,It's a good way to help your mind.,/Users/nilakshanraveendran/Documents/research/outputs/synthesis/es-en/EN_033_17__ES_033_17_es-en.wav,80508689,0.0,0.0,0.4065929353237152,0.5525352358818054,107.13499103634665,124.74704049371425,104.1856008247016,9.679609644383541,35.49328978396842,9.03344637990585,0.02783753164112568,0.10726884752511978,0.013866687193512917,3.59,2.315375,4.48,2.5069637883008355,3.4551638503482156,2.008928571428571,ok,,
EN_034_19__ES_034_19,34,true,en-es,/Users/nilakshanraveendran/Documents/research/data/raw/DRAL16kHz/fragments-short/EN_034_19.wav,/Users/nilakshanraveendran/Documents/research/data/raw/DRAL16kHz/fragments-short/ES_034_19.wav,"Like if somebody gives me a rock, I'm like, I will cherish it forever.","Like if somebody gives me a rock, I'm like, I will cherish it forever.","Como si alguien me da una piedra y yo digo, la guardo para siempre","Como si alguien me diera una roca, yo diría, la apreciaré para siempre.","como si alguien me diera una roca, yo diría, la apreciaré para siempre.",/Users/nilakshanraveendran/Documents/research/outputs/synthesis/en-es/EN_034_19__ES_034_19_en-es.wav,1596864772,0.0,0.0,0.37161585688591003,0.39735665917396545,220.87497640696205,298.65981186634525,505.20594070175093,12.533571286482733,237.414629257135,348.6773351049474,0.006353810429573059,0.09436383843421936,0.003564518876373768,2.66,5.515375,3.31,5.263157894736842,2.3570473449221496,4.229607250755287,ok,,
EN_034_19__ES_034_19,34,true,es-en,/Users/nilakshanraveendran/Documents/research/data/raw/DRAL16kHz/fragments-short/ES_034_19.wav,/Users/nilakshanraveendran/Documents/research/data/raw/DRAL16kHz/fragments-short/EN_034_19.wav,"Como si alguien me da una piedra y yo digo, la guardo para siempre","como si alguien me dara una piedra y yo digo, labores para siempre","Like if somebody gives me a rock, I'm like, I will cherish it forever.","as if someone gave me a stone and I said, work forever","as if someone gave me a stone and I said, work forever.",/Users/nilakshanraveendran/Documents/research/outputs/synthesis/es-en/EN_034_19__ES_034_19_es-en.wav,182541086,0.21428571428571427,0.0,0.42405378818511963,0.39735665917396545,505.20594070175093,213.01811153981734,220.87497640696205,348.6773351049474,17.80274864423546,12.533571286482733,0.003564518876373768,0.14584387838840485,0.006353810429573059,3.31,5.238,2.66,4.229607250755287,2.290950744558992,5.263157894736842,ok,,
EN_058_7__ES_058_7,58,true,en-es,/Users/nilakshanraveendran/Documents/research/data/raw/DRAL16kHz/fragments-short/EN_058_7.wav,/Users/nilakshanraveendran/Documents/research/data/raw/DRAL16kHz/fragments-short/ES_058_7.wav,like hidden but also like obvious,like hidden but also like obvious.,"como oculto, pero también obvio.",como oculto pero también como obvio.,"como oculto, pero también como obvio.",/Users/nilakshanraveendran/Documents/research/outputs/synthesis/en-es/EN_058_7__ES_058_7_en-es.wav,723199975,0.0,0.0,0.4805135130882263,0.3460553288459778,240.67285611469717,200.7644219408254,252.65611764628062,55.422415513988085,70.77557100652416,70.16302287571766,0.022493572905659676,0.09473011642694473,0.023053985089063644,1.78,4.1286875,2.066,3.3707865168539324,1.4532463403926794,2.420135527589545,ok,,
EN_058_7__ES_058_7,58,true,es-en,/Users/nilakshanraveendran/Documents/research/data/raw/DRAL16kHz/fragments-short/ES_058_7.wav,/Users/nilakshanraveendran/Documents/research/data/raw/DRAL16kHz/fragments-short/EN_058_7.wav,"como oculto, pero también obvio.","como oculto, pero también obvio.",like hidden but also like obvious,"as hidden, but also obvious.","as hidden, but also obvious.",/Users/nilakshanraveendran/Documents/research/outputs/synthesis/es-en/EN_058_7__ES_058_7_es-en.wav,1048694510,0.0,0.0,0.3234628438949585,0.3460553288459778,252.65611764628062,222.57364777723868,240.67285611469717,70.16302287571766,26.762497582601387,55.422415513988085,0.023053985089063644,0.09500626474618912,0.022493572905659676,2.066,3.2006875,1.78,2.420135527589545,1.5621643787467536,3.3707865168539324,ok,,
EN_067_16__ES_067_16,67,true,en-es,/Users/nilakshanraveendran/Documents/research/data/raw/DRAL16kHz/fragments-short/EN_067_16.wav,/Users/nilakshanraveendran/Documents/research/data/raw/DRAL16kHz/fragments-short/ES_067_16.wav,"Yeah, I'll go outside. More at night because there's not that many people.","Yeah, I'll go outside more at night because there's not that many people.","Sí, voy afuera, más en las noches porque no hay tanta gente.","Sí, saldré más por la noche porque no hay mucha gente.","Sí, saldré más por la noche porque no hay mucha gente.",/Users/nilakshanraveendran/Documents/research/outputs/synthesis/en-es/EN_067_16__ES_067_16_en-es.wav,1838568170,0.0,0.0,0.5843111872673035,0.5597383975982666,105.02202096340505,104.28132879024328,105.45586007243148,8.80507897630583,12.3069551716952,10.554770437244278,0.010014000348746777,0.08685710281133652,0.010874748229980469,3.76,4.363375,3.23,3.4574468085106385,2.5209843297905867,3.7151702786377707,ok,,
EN_067_16__ES_067_16,67,true,es-en,/Users/nilakshanraveendran/Documents/research/data/raw/DRAL16kHz/fragments-short/ES_067_16.wav,/Users/nilakshanraveendran/Documents/research/data/raw/DRAL16kHz/fragments-short/EN_067_16.wav,"Sí, voy afuera, más en las noches porque no hay tanta gente.",así voy a fuera más en las noches porque no hay tanta gente,"Yeah, I'll go outside. More at night because there's not that many people.",so I'm going out more at night because there aren't so many people,So I'm going out more at night because there aren't so many people.,/Users/nilakshanraveendran/Documents/research/outputs/synthesis/es-en/EN_067_16__ES_067_16_es-en.wav,1510497834,0.25,0.0,0.5325760841369629,0.5597383975982666,105.45586007243148,102.38776486336906,105.02202096340505,10.554770437244278,10.54710686195939,8.80507897630583,0.010874748229980469,0.09710227698087692,0.010014000348746777,3.23,3.798,3.76,3.7151702786377707,3.4228541337546075,3.4574468085106385,ok,,
EN_070_23__ES_070_23,70,true,en-es,/Users/nilakshanraveendran/Documents/research/data/raw/DRAL16kHz/fragments-short/EN_070_23.wav,/Users/nilakshanraveendran/Documents/research/data/raw/DRAL16kHz/fragments-short/ES_070_23.wav,that they bought all the entertainment industry.,that they butter all the entertainment industry.,Que compró todas las compañías de entretenimiento y todo.,que engullen toda la industria del entretenimiento.,que enguillen toda la industria del entretenimiento.,/Users/nilakshanraveendran/Documents/research/outputs/synthesis/en-es/EN_070_23__ES_070_23_en-es.wav,1815905481,0.14285714285714285,0.14285714285714285,0.5518910884857178,0.6299184560775757,113.03744805821994,116.65826184985515,115.52794186607015,7.901151510498368,8.217049861458655,6.597540734851574,0.007160341367125511,0.12003757059574127,0.007651812396943569,3.37,3.2006875,2.9,2.0771513353115725,2.1870301302454553,3.103448275862069,ok,,
EN_070_23__ES_070_23,70,true,es-en,/Users/nilakshanraveendran/Documents/research/data/raw/DRAL16kHz/fragments-short/ES_070_23.wav,/Users/nilakshanraveendran/Documents/research/data/raw/DRAL16kHz/fragments-short/EN_070_23.wav,Que compró todas las compañías de entretenimiento y todo.,que compró todas las compañías de entretenimiento y todo.,that they bought all the entertainment industry.,who bought all the entertainment companies and everything.,who bought all the entertainment companies and everything.,/Users/nilakshanraveendran/Documents/research/outputs/synthesis/es-en/EN_070_23__ES_070_23_es-en.wav,19440040,0.0,0.0,0.44302481412887573,0.6299184560775757,115.52794186607015,116.42694321825684,113.03744805821994,6.597540734851574,5.455171835656342,7.901151510498368,0.007651812396943569,0.1156017854809761,0.007160341367125511,2.9,3.243375,3.37,3.103448275862069,2.4665664624041317,2.0771513353115725,ok,,
EN_075_18__ES_075_18,75,true,en-es,/Users/nilakshanraveendran/Documents/research/data/raw/DRAL16kHz/fragments-short/EN_075_18.wav,/Users/nilakshanraveendran/Documents/research/data/raw/DRAL16kHz/fragments-short/ES_075_18.wav,I bet you. So. [laugh],I bet you. So...,Ya te gané. Entonces [laughter].,Apuesto a que sí.,¡Apuesto a que sí!,/Users/nilakshanraveendran/Documents/research/outputs/synthesis/en-es/EN_075_18__ES_075_18_en-es.wav,129064069,0.2,0.0,0.26742443442344666,0.3556622266769409,276.7668808379822,191.6666789245672,245.93075153286776,61.02420224923755,95.04405507328046,39.668863264292646,0.044280607253313065,0.04805263504385948,0.03326018899679184,1.88,3.798,2.54,2.6595744680851063,1.05318588730911,1.968503937007874,ok,,
EN_075_18__ES_075_18,75,true,es-en,/Users/nilakshanraveendran/Documents/research/data/raw/DRAL16kHz/fragments-short/ES_075_18.wav,/Users/nilakshanraveendran/Documents/research/data/raw/DRAL16kHz/fragments-short/EN_075_18.wav,Ya te gané. Entonces [laughter].,Ya te gane. Entonces...,I bet you. So. [laugh],I'll beat you.,I'll beat you.,/Users/nilakshanraveendran/Documents/research/outputs/synthesis/es-en/EN_075_18__ES_075_18_es-en.wav,1760037908,0.4,0.0,0.37916406989097595,0.3556622266769409,245.93075153286776,267.6865724771676,276.7668808379822,39.668863264292646,12.19873070921629,61.02420224923755,0.03326018899679184,0.08816930651664734,0.044280607253313065,2.54,1.3446875,1.88,1.968503937007874,2.2310016267720196,2.6595744680851063,ok,,
EN_083_3__ES_083_3,83,true,en-es,/Users/nilakshanraveendran/Documents/research/data/raw/DRAL16kHz/fragments-short/EN_083_3.wav,/Users/nilakshanraveendran/Documents/research/data/raw/DRAL16kHz/fragments-short/ES_083_3.wav,"like a few months and then I forget about it and then I uninstall it and then it- re- I remember and then I install it and then I'm like, oh, let's play.",like a few months and then I forget about it and then I uninstall it and I remember and then I install it and then I'm like oh let's play,Este juego por unos meses y luego lo olvido y luego lo borro y luego lo instalo. Y luego otra vez me acuerdo y luego lo instalo y luego ya después de un rato lo juego.,como unos meses y luego me olvido de él y luego lo desinstalo y recuerdo y luego lo instalo y luego estoy como oh vamos a jugar,"como unos meses y luego me olvido de él. Y luego lo desinstalo y recuerdo, y luego lo instalo. Y luego estoy como, oh, vamos a jugar.",/Users/nilakshanraveendran/Documents/research/outputs/synthesis/en-es/EN_083_3__ES_083_3_en-es.wav,730833717,0.09090909090909091,0.0,0.5486557483673096,0.5057534575462341,257.0988376742834,325.39327281751855,260.7028585757038,35.903673158526644,244.20085081605865,35.806290316665006,0.02444157376885414,0.10963485389947891,0.03575776889920235,6.25,14.0166875,9.33,5.28,1.926275377117454,3.8585209003215435,ok,,
EN_083_3__ES_083_3,83,true,es-en,/Users/nilakshanraveendran/Documents/research/data/raw/DRAL16kHz/fragments-short/ES_083_3.wav,/Users/nilakshanraveendran/Documents/research/data/raw/DRAL16kHz/fragments-short/EN_083_3.wav,Este juego por unos meses y luego lo olvido y luego lo borro y luego lo instalo. Y luego otra vez me acuerdo y luego lo instalo y luego ya después de un rato lo juego.,Este juego por unos meses y luego lo olvido y luego lo borro y luego lo instalo Y luego otra vez me acuerdo y luego lo instalo y luego ya después de un rato lo juego,"like a few months and then I forget about it and then I uninstall it and then it- re- I remember and then I install it and then I'm like, oh, let's play.",This game for a few months and then I forget it and then I delete it and then I install it and then again I remember and then I install it and then after a while I play it,This game for a few months and then I forget it. And then I delete it. And then I install it. And then again. I remember and then I install it. And then after a while I play it.,/Users/nilakshanraveendran/Documents/research/outputs/synthesis/es-en/EN_083_3__ES_083_3_es-en.wav,2047154005,0.0,0.0,0.4898253381252289,0.5057534575462341,260.7028585757038,295.4990616296933,257.0988376742834,35.806290316665006,231.30061395312538,35.903673158526644,0.03575776889920235,0.0721539556980133,0.02444157376885414,9.33,15.4566875,6.25,3.8585209003215435,2.5231796916383282,5.28,ok,,
EN_027_17__ES_027_17,27,true,en-es,/Users/nilakshanraveendran/Documents/research/data/raw/DRAL16kHz/fragments-short/EN_027_17.wav,/Users/nilakshanraveendran/Documents/research/data/raw/DRAL16kHz/fragments-short/ES_027_17.wav,"This is a bucket list, so.","This is a bucket list, so...",Pues es una lista de deseos entonce-.,"Esta es una lista de cosas, así que...","Esta es una lista de cosas, así que...",/Users/nilakshanraveendran/Documents/research/outputs/synthesis/en-es/EN_027_17__ES_027_17_en-es.wav,1725681585,0.0,0.0,0.45147475600242615,0.17643404006958008,102.21556459268,105.61990638369252,96.79370915138895,10.789384302022048,8.099342635829593,7.1022396448718705,0.00366844586096704,0.08089657127857208,0.006570071447640657,1.22,6.209375,1.55,4.918032786885246,1.2883744338198289,4.516129032258064,ok,,
EN_027_17__ES_027_17,27,true,es-en,/Users/nilakshanraveendran/Documents/research/data/raw/DRAL16kHz/fragments-short/ES_027_17.wav,/Users/nilakshanraveendran/Documents/research/data/raw/DRAL16kHz/fragments-short/EN_027_17.wav,Pues es una lista de deseos entonce-.,y scheace es haircuto,"This is a bucket list, so.",And scheace is haircut.,and skis is haircut.,/Users/nilakshanraveendran/Documents/research/outputs/synthesis/es-en/EN_027_17__ES_027_17_es-en.wav,762931597,1.0,0.25,0.3796274662017822,0.17643404006958008,96.79370915138895,nan,102.21556459268,7.1022396448718705,nan,10.789384302022048,0.006570071447640657,0.09011875838041306,0.00366844586096704,1.55,1.995375,1.22,4.516129032258064,2.004635720102738,4.918032786885246,ok,,
EN_033_25__ES_033_25,33,true,en-es,/Users/nilakshanraveendran/Documents/research/data/raw/DRAL16kHz/fragments-short/EN_033_25.wav,/Users/nilakshanraveendran/Documents/research/data/raw/DRAL16kHz/fragments-short/ES_033_25.wav,It is not as aggressive in costr- contrast with Karate or Boxing.,It is not as aggressive in contrast with karate or boxing,No es tan agresivo en contraste con el karate o el box.,No es tan agresivo en contraste con el karate o el boxeo,no es tan agresivo en contraste con el karate o el boxeo.,/Users/nilakshanraveendran/Documents/research/outputs/synthesis/en-es/EN_033_25__ES_033_25_en-es.wav,1257768002,0.08333333333333333,0.0,0.48072829842567444,0.6402155160903931,107.63262332130807,114.26724557218772,110.0075017558497,11.497547715089382,16.393177539943594,16.00228859470854,0.019263342022895813,0.09782464057207108,0.02541983686387539,5.635,3.99,4.75,2.129547471162378,3.007518796992481,2.526315789473684,ok,,
EN_033_25__ES_033_25,33,true,es-en,/Users/nilakshanraveendran/Documents/research/data/raw/DRAL16kHz/fragments-short/ES_033_25.wav,/Users/nilakshanraveendran/Documents/research/data/raw/DRAL16kHz/fragments-short/EN_033_25.wav,No es tan agresivo en contraste con el karate o el box.,No es tan agresivo en contraste con el karate o el box.,It is not as aggressive in costr- contrast with Karate or Boxing.,It's not that aggressive in contrast to karate or box.,It's not that aggressive in contrast to karate or box.,/Users/nilakshanraveendran/Documents/research/outputs/synthesis/es-en/EN_033_25__ES_033_25_es-en.wav,1143853742,0.0,0.0,0.4224267303943634,0.6402155160903931,110.0075017558497,109.74476535461753,107.63262332130807,16.00228859470854,13.127736206861902,11.497547715089382,0.02541983686387539,0.09520228952169418,0.019263342022895813,4.75,3.851375,5.635,2.526315789473684,2.5964752848008827,2.129547471162378,ok,,
EN_034_20__ES_034_20,34,true,en-es,/Users/nilakshanraveendran/Documents/research/data/raw/DRAL16kHz/fragments-short/EN_034_20.wav,/Users/nilakshanraveendran/Documents/research/data/raw/DRAL16kHz/fragments-short/ES_034_20.wav,"It's like, I would do meds, but in a lotion form.","It's like, I would do meds, but in a lotion form.","Es como medicamento de alergia, pero en una forma de crema.","Es como, yo haría medicamentos, pero en forma de loción.",es como yo haría medicamentos pero en forma de loción.,/Users/nilakshanraveendran/Documents/research/outputs/synthesis/en-es/EN_034_20__ES_034_20_en-es.wav,485047763,0.0,0.0,0.34303736686706543,0.5325000286102295,234.7265369730617,298.35252390698355,225.09264895834778,25.29260843926986,203.35857292097904,29.72802901453485,0.009645158424973488,0.11318518221378326,0.005985342897474766,3.84,4.9606875,4.4,2.8645833333333335,2.015849617618526,2.5,ok,,
EN_034_20__ES_034_20,34,true,es-en,/Users/nilakshanraveendran/Documents/research/data/raw/DRAL16kHz/fragments-short/ES_034_20.wav,/Users/nilakshanraveendran/Documents/research/data/raw/DRAL16kHz/fragments-short/EN_034_20.wav,"Es como medicamento de alergia, pero en una forma de crema.",es como medicamento de energía pero en una forma de crema,"It's like, I would do meds, but in a lotion form.",It's like energy medicine but in a cream form.,"It's like energy medicine, but in a cream form.",/Users/nilakshanraveendran/Documents/research/outputs/synthesis/es-en/EN_034_20__ES_034_20_es-en.wav,1648774283,0.09090909090909091,0.0,0.4430152177810669,0.5325000286102295,225.09264895834778,219.81776750536739,234.7265369730617,29.72802901453485,19.21574402158845,25.29260843926986,0.005985342897474766,0.12163092195987701,0.009645158424973488,4.4,3.1046875,3.84,2.5,2.898842476094615,2.8645833333333335,ok,,
EN_058_8__ES_058_8,58,true,en-es,/Users/nilakshanraveendran/Documents/research/data/raw/DRAL16kHz/fragments-short/EN_058_8.wav,/Users/nilakshanraveendran/Documents/research/data/raw/DRAL16kHz/fragments-short/ES_058_8.wav,And it's like wrapped within the hair.,and it's like wrapped within the hair.,Y está como enredado entre el pelo,y es como envuelto en el pelo.,y es como envuelto en el pelo.,/Users/nilakshanraveendran/Documents/research/outputs/synthesis/en-es/EN_058_8__ES_058_8_en-es.wav,686759957,0.0,0.0,0.21422100067138672,0.43711057305336,233.40756733738343,242.8164403441398,246.66389629597097,26.255394733045065,42.303839405339886,37.82275767684053,0.02111850678920746,0.10945010930299759,0.01948341354727745,2.117,2.4966875,2.083,3.3065658951346246,2.80371492227201,3.3605376860297644,ok,,
EN_058_8__ES_058_8,58,true,es-en,/Users/nilakshanraveendran/Documents/research/data/raw/DRAL16kHz/fragments-short/ES_058_8.wav,/Users/nilakshanraveendran/Documents/research/data/raw/DRAL16kHz/fragments-short/EN_058_8.wav,Y está como enredado entre el pelo,y está como enredado entre el pelo.,And it's like wrapped within the hair.,And it's kind of tangled between the hair.,And it's kind of tangled between the hair.,/Users/nilakshanraveendran/Documents/research/outputs/synthesis/es-en/EN_058_8__ES_058_8_es-en.wav,495545899,0.0,0.0,0.3893277645111084,0.43711057305336,246.66389629597097,243.03749198861038,233.40756733738343,37.82275767684053,32.90671099608837,26.255394733045065,0.01948341354727745,0.11804699152708054,0.02111850678920746,2.083,2.87,2.117,3.3605376860297644,2.787456445993031,3.3065658951346246,ok,,
EN_067_17__ES_067_17,67,true,en-es,/Users/nilakshanraveendran/Documents/research/data/raw/DRAL16kHz/fragments-short/EN_067_17.wav,/Users/nilakshanraveendran/Documents/research/data/raw/DRAL16kHz/fragments-short/ES_067_17.wav,I have Um with a Um pencil.,I have with pencil.,Tengo o pues sí con- con lápiz.,Lo tengo con lápiz.,lo tengo con lápiz.,/Users/nilakshanraveendran/Documents/research/outputs/synthesis/en-es/EN_067_17__ES_067_17_en-es.wav,158435954,0.42857142857142855,0.0,0.5255440473556519,0.6342844367027283,115.99481705216868,123.012399946392,128.3292930648445,14.991760415580735,29.207474066446913,18.595140100282844,0.010072482749819756,0.07742298394441605,0.012820318341255188,2.89,2.1766875,3.13,2.422145328719723,1.8376546931978064,2.236421725239617,ok,,
EN_067_17__ES_067_17,67,true,es-en,/Users/nilakshanraveendran/Documents/research/data/raw/DRAL16kHz/fragments-short/ES_067_17.wav,/Users/nilakshanraveendran/Documents/research/data/raw/DRAL16kHz/fragments-short/EN_067_17.wav,Tengo o pues sí con- con lápiz.,tengo con lápiz,I have Um with a Um pencil.,I've got a pencil.,I've got a pencil.,/Users/nilakshanraveendran/Documents/research/outputs/synthesis/es-en/EN_067_17__ES_067_17_es-en.wav,1572222939,0.5714285714285714,0.0,0.4682064652442932,0.6342844367027283,128.3292930648445,998.7878628530447,115.99481705216868,18.595140100282844,1.1368683772161603e-13,14.991760415580735,0.012820318341255188,0.05646618828177452,0.010072482749819756,3.13,2.5926875,2.89,2.236421725239617,1.542800665332787,2.422145328719723,ok,,
EN_070_25__ES_070_25,70,true,en-es,/Users/nilakshanraveendran/Documents/research/data/raw/DRAL16kHz/fragments-short/EN_070_25.wav,/Users/nilakshanraveendran/Documents/research/data/raw/DRAL16kHz/fragments-short/ES_070_25.wav,definitely take some military action,definitely take some military action.,Definitivamente ah tomaría acciones militaria.,Definitivamente tomar alguna acción militar.,Definitivamente tomar alguna acción militar.ac,/Users/nilakshanraveendran/Documents/research/outputs/synthesis/en-es/EN_070_25__ES_070_25_en-es.wav,1640500806,0.0,0.2,0.39035648107528687,0.5179385542869568,127.46076831512445,123.24051348546206,126.99656601722894,17.671532729877914,15.82789315566904,15.90769268613941,0.00853654369711876,0.10956729203462601,0.009332063607871532,2.41,4.918,3.49,2.0746887966804977,1.01667344448963,1.4326647564469912,ok,,
EN_070_25__ES_070_25,70,true,es-en,/Users/nilakshanraveendran/Documents/research/data/raw/DRAL16kHz/fragments-short/ES_070_25.wav,/Users/nilakshanraveendran/Documents/research/data/raw/DRAL16kHz/fragments-short/EN_070_25.wav,Definitivamente ah tomaría acciones militaria.,"Definitivamente, es a tomar acciones militarias.",definitely take some military action,It's definitely going to take military action.,It's definitely going to take military action.,/Users/nilakshanraveendran/Documents/research/outputs/synthesis/es-en/EN_070_25__ES_070_25_es-en.wav,423928715,0.8,0.0,0.499642550945282,0.5179385542869568,126.99656601722894,126.45014725606298,127.46076831512445,15.90769268613941,15.233245892542763,17.671532729877914,0.009332063607871532,0.12117304652929306,0.00853654369711876,3.49,3.0086875,2.41,1.4326647564469912,2.3265958993747273,2.0746887966804977,ok,,
EN_075_1__ES_075_1,75,true,en-es,/Users/nilakshanraveendran/Documents/research/data/raw/DRAL16kHz/fragments-short/EN_075_1.wav,/Users/nilakshanraveendran/Documents/research/data/raw/DRAL16kHz/fragments-short/ES_075_1.wav,This is what I want. One for you and one for me. Okay?,Let's do what I want. One for you and one for me. Okay?,"Ok, vamos a hacer una y una. Una que- que a ti y una a mí, ¿ok?","Hagamos lo que quiera, uno para ti y otro para mí. ¿De acuerdo?","Hagamos lo que quiera, uno para ti y otro para mí. ¿De acuerdo?",/Users/nilakshanraveendran/Documents/research/outputs/synthesis/en-es/EN_075_1__ES_075_1_en-es.wav,409161820,0.15384615384615385,0.0,0.5953497886657715,0.5776503682136536,329.8742525689973,324.9575570116577,263.06911569825235,106.30385029323989,219.57068586354592,86.09425602755455,0.02362832799553871,0.06213761866092682,0.0315030962228775,3.13,8.673375,4.21,4.15335463258786,1.4988398403159093,4.038004750593824,ok,,
EN_075_1__ES_075_1,75,true,es-en,/Users/nilakshanraveendran/Documents/research/data/raw/DRAL16kHz/fragments-short/ES_075_1.wav,/Users/nilakshanraveendran/Documents/research/data/raw/DRAL16kHz/fragments-short/EN_075_1.wav,"Ok, vamos a hacer una y una. Una que- que a ti y una a mí, ¿ok?","ok vamos a hacer una y uno, una que a ti y una a mi",This is what I want. One for you and one for me. Okay?,"Okay, we're gonna do one and one, one that you and one to me.","Okay, we're gonna do one and one, one that you and one to me.",/Users/nilakshanraveendran/Documents/research/outputs/synthesis/es-en/EN_075_1__ES_075_1_es-en.wav,557145157,0.23529411764705882,0.0,0.46129781007766724,0.5776503682136536,263.06911569825235,238.86080623122515,329.8742525689973,86.09425602755455,39.59546720158262,106.30385029323989,0.0315030962228775,0.10710082948207855,0.02362832799553871,4.21,4.2246875,3.13,4.038004750593824,3.313854575042533,4.15335463258786,ok,,
EN_083_6__ES_083_6,83,true,en-es,/Users/nilakshanraveendran/Documents/research/data/raw/DRAL16kHz/fragments-short/EN_083_6.wav,/Users/nilakshanraveendran/Documents/research/data/raw/DRAL16kHz/fragments-short/ES_083_6.wav,What's up?,What's that?,¿Qué es eso?,¿Qué es eso?,Pier掉s es eso?,/Users/nilakshanraveendran/Documents/research/outputs/synthesis/en-es/EN_083_6__ES_083_6_en-es.wav,778434551,0.5,0.3333333333333333,0.2598738670349121,0.2650676369667053,232.21010693543826,234.88591624530056,209.48112841731162,17.572683654932035,50.88473174180171,75.10069030797017,0.012561818584799767,0.1115439310669899,0.012292113155126572,0.55,1.7606875,0.8,3.6363636363636362,1.703879876468709,3.75,ok,,
EN_083_6__ES_083_6,83,true,es-en,/Users/nilakshanraveendran/Documents/research/data/raw/DRAL16kHz/fragments-short/ES_083_6.wav,/Users/nilakshanraveendran/Documents/research/data/raw/DRAL16kHz/fragments-short/EN_083_6.wav,¿Qué es eso?,¿Qué es eso?,What's up?,What's that?,What's that?,/Users/nilakshanraveendran/Documents/research/outputs/synthesis/es-en/EN_083_6__ES_083_6_es-en.wav,122387141,0.0,0.0,0.2930909991264343,0.2650676369667053,209.48112841731162,325.4834835437924,232.21010693543826,75.10069030797017,31.621481490574336,17.572683654932035,0.012292113155126572,0.08643783628940582,0.012561818584799767,0.8,1.3446875,0.55,3.75,1.487334417848013,3.6363636363636362,ok,,
EN_027_18__ES_027_18,27,true,en-es,/Users/nilakshanraveendran/Documents/research/data/raw/DRAL16kHz/fragments-short/EN_027_18.wav,/Users/nilakshanraveendran/Documents/research/data/raw/DRAL16kHz/fragments-short/ES_027_18.wav,I'll add difficult things.,I'll add difficult things.,Voy a agregar cosas difíciles.,Añadiré cosas difíciles.,añadiré cosas difíciles.,/Users/nilakshanraveendran/Documents/research/outputs/synthesis/en-es/EN_027_18__ES_027_18_en-es.wav,1449080297,0.0,0.0,0.5372244119644165,0.33072516322135925,106.7627281478887,90.11223781411394,100.19760814232791,8.292816205719275,22.76283149304422,6.335963630051024,0.006239550653845072,0.0807880163192749,0.008363958448171616,1.32,3.6166875,1.58,3.0303030303030303,0.8294883093991394,3.1645569620253164,ok,,
EN_027_18__ES_027_18,27,true,es-en,/Users/nilakshanraveendran/Documents/research/data/raw/DRAL16kHz/fragments-short/ES_027_18.wav,/Users/nilakshanraveendran/Documents/research/data/raw/DRAL16kHz/fragments-short/EN_027_18.wav,Voy a agregar cosas difíciles.,como agregar cosas difíciles.,I'll add difficult things.,like adding difficult things.,like adding difficult things.,/Users/nilakshanraveendran/Documents/research/outputs/synthesis/es-en/EN_027_18__ES_027_18_es-en.wav,1690032359,0.4,0.0,0.4223954379558563,0.33072516322135925,100.19760814232791,95.7031154521309,106.7627281478887,6.335963630051024,6.061306386218031,8.292816205719275,0.008363958448171616,0.07986992597579956,0.006239550653845072,1.58,2.827375,1.32,3.1645569620253164,1.4147398205048853,3.0303030303030303,ok,,
EN_033_26__ES_033_26,33,true,en-es,/Users/nilakshanraveendran/Documents/research/data/raw/DRAL16kHz/fragments-short/EN_033_26.wav,/Users/nilakshanraveendran/Documents/research/data/raw/DRAL16kHz/fragments-short/ES_033_26.wav,because you actually get punched on the face,because you actually get points on their face.,Porque allí sí te golpean en la cara.,porque en realidad tienes puntos en su cara.,porque en realidad tienes puntos en su cara.,/Users/nilakshanraveendran/Documents/research/outputs/synthesis/en-es/EN_033_26__ES_033_26_en-es.wav,1839524511,0.25,0.0,0.49216926097869873,0.45809388160705566,100.18503162186379,100.88241868520514,99.32200020158362,10.365225512396707,6.823603130220961,5.820935077396076,0.016476232558488846,0.09590630978345871,0.01610986888408661,2.56,2.966,2.5,3.125,2.6972353337828725,3.2,ok,,
EN_033_26__ES_033_26,33,true,es-en,/Users/nilakshanraveendran/Documents/research/data/raw/DRAL16kHz/fragments-short/ES_033_26.wav,/Users/nilakshanraveendran/Documents/research/data/raw/DRAL16kHz/fragments-short/EN_033_26.wav,Porque allí sí te golpean en la cara.,porque allí sí te golpean en la cara.,because you actually get punched on the face,Because there they do hit you in the face.,because there they do hit you in the face.,/Users/nilakshanraveendran/Documents/research/outputs/synthesis/es-en/EN_033_26__ES_033_26_es-en.wav,588047510,0.0,0.0,0.4399089217185974,0.45809388160705566,99.32200020158362,101.51102401900052,100.18503162186379,5.820935077396076,7.404330274207426,10.365225512396707,0.01610986888408661,0.09383564442396164,0.016476232558488846,2.5,2.7846875,2.56,3.2,3.2319604982605767,3.125,ok,,
EN_034_21__ES_034_21,34,true,en-es,/Users/nilakshanraveendran/Documents/research/data/raw/DRAL16kHz/fragments-short/EN_034_21.wav,/Users/nilakshanraveendran/Documents/research/data/raw/DRAL16kHz/fragments-short/ES_034_21.wav,"In case I get like a bite, I can just like","in case I get like a bite, I can just like...",Por si algo me muerde solo puedo...,"en caso de que me dé un mordisco, puedo...","En caso de que me dé un mordisco, puedo...",/Users/nilakshanraveendran/Documents/research/outputs/synthesis/en-es/EN_034_21__ES_034_21_en-es.wav,962286624,0.0,0.0,0.37023186683654785,0.4289570450782776,213.47569731591264,397.46144120923196,214.54912973136476,23.82098719581663,325.69091366574776,21.145021476676188,0.005440481472760439,0.0908978283405304,0.00450343731790781,1.78,4.267375,2.06,6.179775280898876,2.109024868918246,3.3980582524271843,ok,,
EN_034_21__ES_034_21,34,true,es-en,/Users/nilakshanraveendran/Documents/research/data/raw/DRAL16kHz/fragments-short/ES_034_21.wav,/Users/nilakshanraveendran/Documents/research/data/raw/DRAL16kHz/fragments-short/EN_034_21.wav,Por si algo me muerde solo puedo...,"Por si algo me muerde, solo puedo...","In case I get like a bite, I can just like","In case something bites me, I can only...","In case something bites me, I can only...",/Users/nilakshanraveendran/Documents/research/outputs/synthesis/es-en/EN_034_21__ES_034_21_es-en.wav,65082485,0.0,0.0,0.42580947279930115,0.4289570450782776,214.54912973136476,218.13918447781202,213.47569731591264,21.145021476676188,19.33543905573811,23.82098719581663,0.00450343731790781,0.11555104702711105,0.005440481472760439,2.06,3.478,1.78,3.3980582524271843,2.3001725129384702,6.179775280898876,ok,,
EN_067_18__ES_067_18,67,true,en-es,/Users/nilakshanraveendran/Documents/research/data/raw/DRAL16kHz/fragments-short/EN_067_18.wav,/Users/nilakshanraveendran/Documents/research/data/raw/DRAL16kHz/fragments-short/ES_067_18.wav,Sometimes I also have Um a pen.,sometimes also have a pen,A veces también tengo um uh pluma.,a veces también tienen una pluma,a veces también tienen una pluma.,/Users/nilakshanraveendran/Documents/research/outputs/synthesis/en-es/EN_067_18__ES_067_18_en-es.wav,164690993,0.2857142857142857,0.0,0.5780125856399536,0.5687324404716492,111.48277884839405,110.98573924729541,114.97480310017619,15.924498131475245,20.267853541989666,13.967522553946209,0.009540383704006672,0.08264067023992538,0.008340139873325825,2.41,3.243375,4.06,2.904564315352697,1.8499248468030987,1.7241379310344829,ok,,
EN_067_18__ES_067_18,67,true,es-en,/Users/nilakshanraveendran/Documents/research/data/raw/DRAL16kHz/fragments-short/ES_067_18.wav,/Users/nilakshanraveendran/Documents/research/data/raw/DRAL16kHz/fragments-short/EN_067_18.wav,A veces también tengo um uh pluma.,a veces también tengo la pluma,Sometimes I also have Um a pen.,Sometimes I also have the pen.,Sometimes I also have the pen.,/Users/nilakshanraveendran/Documents/research/outputs/synthesis/es-en/EN_067_18__ES_067_18_es-en.wav,1970894552,0.2857142857142857,0.0,0.5905659794807434,0.5687324404716492,114.97480310017619,109.85152761464373,111.48277884839405,13.967522553946209,15.423705940809178,15.924498131475245,0.008340139873325825,0.08542528003454208,0.009540383704006672,4.06,2.55,2.41,1.7241379310344829,2.3529411764705883,2.904564315352697,ok,,
EN_070_27__ES_070_27,70,true,en-es,/Users/nilakshanraveendran/Documents/research/data/raw/DRAL16kHz/fragments-short/EN_070_27.wav,/Users/nilakshanraveendran/Documents/research/data/raw/DRAL16kHz/fragments-short/ES_070_27.wav,"Yes, with force.","Yes, with force.",Pero sí.,"Sí, con fuerza.","Sí, con fuerza.",/Users/nilakshanraveendran/Documents/research/outputs/synthesis/en-es/EN_070_27__ES_070_27_en-es.wav,997526056,0.0,0.0,0.2320551723241806,0.2809896469116211,118.83746082347952,111.91326545588856,123.91917293613984,10.943388794368472,9.828031826744487,4.648309329972279,0.009845169261097908,0.09855872392654419,0.013346177525818348,0.7,2.411375,0.37,4.285714285714286,1.2441034679384169,5.405405405405405,ok,,
EN_070_27__ES_070_27,70,true,es-en,/Users/nilakshanraveendran/Documents/research/data/raw/DRAL16kHz/fragments-short/ES_070_27.wav,/Users/nilakshanraveendran/Documents/research/data/raw/DRAL16kHz/fragments-short/EN_070_27.wav,Pero sí.,por decir,"Yes, with force.",so to speak,so to speak,/Users/nilakshanraveendran/Documents/research/outputs/synthesis/es-en/EN_070_27__ES_070_27_es-en.wav,916992238,1.0,0.0,0.46976011991500854,0.2809896469116211,123.91917293613984,124.76433449349095,118.83746082347952,4.648309329972279,8.869103616441109,10.943388794368472,0.013346177525818348,0.09679790586233139,0.009845169261097908,0.37,1.5686875,0.7,5.405405405405405,1.9124267899119487,4.285714285714286,ok,,
EN_075_20__ES_075_20,75,true,en-es,/Users/nilakshanraveendran/Documents/research/data/raw/DRAL16kHz/fragments-short/EN_075_20.wav,/Users/nilakshanraveendran/Documents/research/data/raw/DRAL16kHz/fragments-short/ES_075_20.wav,Uh-huh.,Uh-huh.,[laughter],Uh-huh.,...,/Users/nilakshanraveendran/Documents/research/outputs/synthesis/en-es/EN_075_20__ES_075_20_en-es.wav,1976051881,0.0,1.0,0.5519918203353882,0.3209679424762726,230.15842447849099,235.09723780322113,879.0942941691145,19.309565172286295,34.74238084628996,10.318497573143391,0.019357195124030113,0.11838260293006897,0.03168052062392235,0.43,2.87,0.85,2.3255813953488373,0.3484320557491289,1.1764705882352942,ok,,
EN_075_20__ES_075_20,75,true,es-en,/Users/nilakshanraveendran/Documents/research/data/raw/DRAL16kHz/fragments-short/ES_075_20.wav,/Users/nilakshanraveendran/Documents/research/data/raw/DRAL16kHz/fragments-short/EN_075_20.wav,[laughter],virus Library,Uh-huh.,Library virus,Rip it and my heart denouncing that.,/Users/nilakshanraveendran/Documents/research/outputs/synthesis/es-en/EN_075_20__ES_075_20_es-en.wav,774774676,2.0,3.5,0.23262828588485718,0.3209679424762726,879.0942941691145,437.35339433227676,230.15842447849099,10.318497573143391,330.58885349407865,19.309565172286295,0.03168052062392235,0.10118323564529419,0.019357195124030113,0.85,3.574,0.43,1.1764705882352942,0.5595970900951315,2.3255813953488373,ok,,
EN_083_8__ES_083_8,83,true,en-es,/Users/nilakshanraveendran/Documents/research/data/raw/DRAL16kHz/fragments-short/EN_083_8.wav,/Users/nilakshanraveendran/Documents/research/data/raw/DRAL16kHz/fragments-short/ES_083_8.wav,"Wait, I- I it's my friends my friend would love that actually.","Wait, my friend would love that actually.","Ay, espérate, no mi amiga le encantaría.","Espera, a mi amigo le encantaría.",¡Espera! A mi amigo le encantaría.,/Users/nilakshanraveendran/Documents/research/outputs/synthesis/en-es/EN_083_8__ES_083_8_en-es.wav,1997339843,0.4166666666666667,0.0,0.37162068486213684,0.5146037340164185,265.0184288969895,246.79939766321735,275.24358133201207,25.40701617374448,46.73567913629372,22.09309606393335,0.03243395686149597,0.09400158375501633,0.04093499109148979,3.2,2.966,2.905,3.75,2.0229265003371544,2.4096385542168677,ok,,
EN_083_8__ES_083_8,83,true,es-en,/Users/nilakshanraveendran/Documents/research/data/raw/DRAL16kHz/fragments-short/ES_083_8.wav,/Users/nilakshanraveendran/Documents/research/data/raw/DRAL16kHz/fragments-short/EN_083_8.wav,"Ay, espérate, no mi amiga le encantaría.","Espera, no, mi amiga le encantaría.","Wait, I- I it's my friends my friend would love that actually.","Wait, no, my friend would love to.","Wait, no, my friend would love to.",/Users/nilakshanraveendran/Documents/research/outputs/synthesis/es-en/EN_083_8__ES_083_8_es-en.wav,1840033196,0.2857142857142857,0.0,0.41385963559150696,0.5146037340164185,275.24358133201207,303.48535080684394,265.0184288969895,22.09309606393335,125.65742587901349,25.40701617374448,0.04093499109148979,0.12232550978660583,0.03243395686149597,2.905,2.635375,3.2,2.4096385542168677,2.6561684769719682,3.75,ok,,
EN_027_19__ES_027_19,27,true,en-es,/Users/nilakshanraveendran/Documents/research/data/raw/DRAL16kHz/fragments-short/EN_027_19.wav,/Users/nilakshanraveendran/Documents/research/data/raw/DRAL16kHz/fragments-short/ES_027_19.wav,I feel like that could be a bucket list item.,I feel like that could be a bucket list item.,Siento que es algo que podrías desear.,Creo que eso podría ser un artículo de la lista de cubos.,Creo que eso podría ser un artículo de la lista de cubos Sonto.,/Users/nilakshanraveendran/Documents/research/outputs/synthesis/en-es/EN_027_19__ES_027_19_en-es.wav,1473932037,0.0,0.08333333333333333,0.379690557718277,0.46787697076797485,121.4283873704206,104.09783652352657,120.29846456537663,18.2489046017866,30.011045872575764,23.171441999201864,0.0045073991641402245,0.10649700462818146,0.007316837087273598,1.64,4.6406875,1.9,6.097560975609756,2.5858237599493608,3.68421052631579,ok,,
EN_027_19__ES_027_19,27,true,es-en,/Users/nilakshanraveendran/Documents/research/data/raw/DRAL16kHz/fragments-short/ES_027_19.wav,/Users/nilakshanraveendran/Documents/research/data/raw/DRAL16kHz/fragments-short/EN_027_19.wav,Siento que es algo que podrías desear.,Siento que es algo que podrías desear.,I feel like that could be a bucket list item.,I feel like it's something you might want.,I feel like it's something you might want.,/Users/nilakshanraveendran/Documents/research/outputs/synthesis/es-en/EN_027_19__ES_027_19_es-en.wav,248960680,0.0,0.0,0.4696856737136841,0.46787697076797485,120.29846456537663,111.50285261900444,121.4283873704206,23.171441999201864,15.28766625617056,18.2489046017866,0.007316837087273598,0.09565726667642593,0.0045073991641402245,1.9,2.6886875,1.64,3.68421052631579,2.9754294614007764,6.097560975609756,ok,,
EN_033_2__ES_033_2,33,true,en-es,/Users/nilakshanraveendran/Documents/research/data/raw/DRAL16kHz/fragments-short/EN_033_2.wav,/Users/nilakshanraveendran/Documents/research/data/raw/DRAL16kHz/fragments-short/ES_033_2.wav,Did you got your black belt?,Did you got your black belt?,obtuviste tu cinta negra,¿Tienes tu cinturón negro?,¿Tienes tu cinturón negro?,/Users/nilakshanraveendran/Documents/research/outputs/synthesis/en-es/EN_033_2__ES_033_2_en-es.wav,489310402,0.0,0.0,0.4031710624694824,0.3604315221309662,111.78253109256721,591.128105610615,115.01504642491025,11.97962711278414,440.3462864851013,13.94521177458904,0.019061682745814323,0.057538412511348724,0.018030231818556786,1.55,3.798,2.82,3.8709677419354835,1.05318588730911,1.4184397163120568,ok,,
EN_033_2__ES_033_2,33,true,es-en,/Users/nilakshanraveendran/Documents/research/data/raw/DRAL16kHz/fragments-short/ES_033_2.wav,/Users/nilakshanraveendran/Documents/research/data/raw/DRAL16kHz/fragments-short/EN_033_2.wav,obtuviste tu cinta negra,¿O tú viste tu cinta negra?,Did you got your black belt?,Or did you see your black tape?,or did you see your black tape?,/Users/nilakshanraveendran/Documents/research/outputs/synthesis/es-en/EN_033_2__ES_033_2_es-en.wav,1634433090,0.75,0.0,0.38680100440979004,0.3604315221309662,115.01504642491025,116.5700108100228,111.78253109256721,13.94521177458904,9.864963393549784,11.97962711278414,0.018030231818556786,0.0908861830830574,0.019061682745814323,2.82,2.5926875,1.55,1.4184397163120568,2.699901164332377,3.8709677419354835,ok,,
EN_034_23__ES_034_23,34,true,en-es,/Users/nilakshanraveendran/Documents/research/data/raw/DRAL16kHz/fragments-short/EN_034_23.wav,/Users/nilakshanraveendran/Documents/research/data/raw/DRAL16kHz/fragments-short/ES_034_23.wav,"I thought I forgot my glasses. I was hoping they were in here, but no.","I thought I forgot my glasses, I was hoping they were in here, but no.","Pensé que se me habían olvidado los lentes, esperaba que estaban aquí pero no","Pensé que había olvidado mis gafas, esperaba que estuvieran aquí, pero no.","Pensé que había olvidado mis gafas, esperaba que estuvieran aquí, pero no.",/Users/nilakshanraveendran/Documents/research/outputs/synthesis/en-es/EN_034_23__ES_034_23_en-es.wav,1467715289,0.0,0.0,0.29370740056037903,0.45877042412757874,226.84445153301377,222.6427092440894,232.90549842073077,33.35075487750344,38.1348997035977,29.187457945257,0.01072636153548956,0.11936299502849579,0.005842095240950584,2.01,4.779375,2.99,7.46268656716418,2.5107885445272657,4.682274247491638,ok,,
EN_034_23__ES_034_23,34,true,es-en,/Users/nilakshanraveendran/Documents/research/data/raw/DRAL16kHz/fragments-short/ES_034_23.wav,/Users/nilakshanraveendran/Documents/research/data/raw/DRAL16kHz/fragments-short/EN_034_23.wav,"Pensé que se me habían olvidado los lentes, esperaba que estaban aquí pero no","pensé que se me voy a ver, no olvidé de dar al Olvente, espero que estaban aquí, pero no","I thought I forgot my glasses. I was hoping they were in here, but no.","I thought I was going to see you, I didn't forget to give the Olvent, I hope you were here, but no",I thought I was going to see you. I didn't forget to give the all vent. I hope you were here. But no.,/Users/nilakshanraveendran/Documents/research/outputs/synthesis/es-en/EN_034_23__ES_034_23_es-en.wav,2055013183,0.7142857142857143,0.09090909090909091,0.4485820233821869,0.45877042412757874,232.90549842073077,228.282008077936,226.84445153301377,29.187457945257,36.51033769166002,33.35075487750344,0.005842095240950584,0.10930246859788895,0.01072636153548956,2.99,6.635375,2.01,4.682274247491638,3.3155624211141044,7.46268656716418,ok,,
EN_067_19__ES_067_19,67,true,en-es,/Users/nilakshanraveendran/Documents/research/data/raw/DRAL16kHz/fragments-short/EN_067_19.wav,/Users/nilakshanraveendran/Documents/research/data/raw/DRAL16kHz/fragments-short/ES_067_19.wav,What I draw is Um whatever comes out.,what i draw is uh... whatever comes out,"Lo que dibujo es lo que salga, no sé.",Lo que dibujo es... lo que sea que salga.,Lo que dibujo es lo que sea que salga.,/Users/nilakshanraveendran/Documents/research/outputs/synthesis/en-es/EN_067_19__ES_067_19_en-es.wav,210025808,0.125,0.0,0.39150866866111755,0.4981449246406555,104.82764306739469,104.67684473418058,105.9324637048927,9.76198630545874,21.56030031019668,6.942060007874819,0.012255622074007988,0.07809652388095856,0.01240133959800005,2.4,3.382,2.7,3.3333333333333335,2.6611472501478413,3.333333333333333,ok,,
EN_067_19__ES_067_19,67,true,es-en,/Users/nilakshanraveendran/Documents/research/data/raw/DRAL16kHz/fragments-short/ES_067_19.wav,/Users/nilakshanraveendran/Documents/research/data/raw/DRAL16kHz/fragments-short/EN_067_19.wav,"Lo que dibujo es lo que salga, no sé.","lo que dibujo es lo que salga, no sé.",What I draw is Um whatever comes out.,"What I draw is what comes out, I don't know.",What I draw is what comes out. I don't know.,/Users/nilakshanraveendran/Documents/research/outputs/synthesis/es-en/EN_067_19__ES_067_19_es-en.wav,396508162,0.0,0.0,0.4196736216545105,0.4981449246406555,105.9324637048927,95.2448874452902,104.82764306739469,6.942060007874819,18.457857679520142,9.76198630545874,0.01240133959800005,0.07376329600811005,0.012255622074007988,2.7,3.9366875,2.4,3.333333333333333,2.540206709320971,3.3333333333333335,ok,,
EN_070_31__ES_070_31,70,true,en-es,/Users/nilakshanraveendran/Documents/research/data/raw/DRAL16kHz/fragments-short/EN_070_31.wav,/Users/nilakshanraveendran/Documents/research/data/raw/DRAL16kHz/fragments-short/ES_070_31.wav,I don't know if you've watched the series called attack on Titan,I don't know if you've watched this series called Attack on Titan,Planeo ver esta nueva serie que se llama... No sé si la ha visto Attack on Titans.,No sé si has visto esta serie llamada Ataque a Titán.,No sé si has visto esta serie llamada Ataque a Titan.,/Users/nilakshanraveendran/Documents/research/outputs/synthesis/en-es/EN_070_31__ES_070_31_en-es.wav,1912679105,0.08333333333333333,0.09090909090909091,0.5525130033493042,0.45080578327178955,124.28049939487644,118.15805876470836,126.76859362603221,17.429518687110743,17.53580607932623,14.477297087652572,0.008511162362992764,0.10333690792322159,0.00827097613364458,4.32,4.31,4.79,2.7777777777777777,2.552204176334107,3.549060542797495,ok,,
EN_070_31__ES_070_31,70,true,es-en,/Users/nilakshanraveendran/Documents/research/data/raw/DRAL16kHz/fragments-short/ES_070_31.wav,/Users/nilakshanraveendran/Documents/research/data/raw/DRAL16kHz/fragments-short/EN_070_31.wav,Planeo ver esta nueva serie que se llama... No sé si la ha visto Attack on Titans.,planeo ver esta en una serie que se llama no se si la ha visto Attack on Tyrants,I don't know if you've watched the series called attack on Titan,I plan to see this in a series that's called I don't know if you've seen it Attack on Tyrants,"I plan to see this in a series that's called, I don't know if you've seen it attack on Tyrant's errant's.",/Users/nilakshanraveendran/Documents/research/outputs/synthesis/es-en/EN_070_31__ES_070_31_es-en.wav,1713907851,0.23529411764705882,0.05,0.48016294836997986,0.45080578327178955,126.76859362603221,130.00280131832025,124.28049939487644,14.477297087652572,15.981969933276991,17.429518687110743,0.00827097613364458,0.11336898803710938,0.008511162362992764,4.79,6.027375,4.32,3.549060542797495,3.3181940728758375,2.7777777777777777,ok,,
EN_075_21__ES_075_21,75,true,en-es,/Users/nilakshanraveendran/Documents/research/data/raw/DRAL16kHz/fragments-short/EN_075_21.wav,/Users/nilakshanraveendran/Documents/research/data/raw/DRAL16kHz/fragments-short/ES_075_21.wav,[noise],,[gasp],"- No, no, no, no, no, no, no, no.","No, no, no, no, no.",/Users/nilakshanraveendran/Documents/research/outputs/synthesis/en-es/EN_075_21__ES_075_21_en-es.wav,920983375,1.0,0.375,0.19710353016853333,0.3001987934112549,661.0835199143294,141.79259400634348,501.20797261362753,208.36312225061886,121.12146728413796,47.437488887992494,0.015404500998556614,0.05849861353635788,0.04033723101019859,0.692,8.726,0.823,1.4450867052023122,1.031400412560165,1.2150668286755772,ok,,
EN_075_21__ES_075_21,75,true,es-en,/Users/nilakshanraveendran/Documents/research/data/raw/DRAL16kHz/fragments-short/ES_075_21.wav,/Users/nilakshanraveendran/Documents/research/data/raw/DRAL16kHz/fragments-short/EN_075_21.wav,[gasp],¡Jajajaja!,[noise],Ha ha ha!,,/Users/nilakshanraveendran/Documents/research/outputs/synthesis/es-en/EN_075_21__ES_075_21_es-en.wav,1849368508,1.0,1.0,0.24884746968746185,0.3001987934112549,501.20797261362753,nan,661.0835199143294,47.437488887992494,nan,208.36312225061886,0.04033723101019859,0.06417195498943329,0.015404500998556614,0.823,1.1526875,0.692,1.2150668286755772,2.6026134576804205,1.4450867052023122,ok,,
EN_083_9__ES_083_9,83,true,en-es,/Users/nilakshanraveendran/Documents/research/data/raw/DRAL16kHz/fragments-short/EN_083_9.wav,/Users/nilakshanraveendran/Documents/research/data/raw/DRAL16kHz/fragments-short/ES_083_9.wav,"She she always plays it and w- I'm like, why?","She always plays it and I'm like, why?",Siempre lo ponen y luego le digo por qué.,"Ella siempre lo toca y yo digo, ¿por qué?",Ella siempre lo toca y yo digo ¿Por qué?,/Users/nilakshanraveendran/Documents/research/outputs/synthesis/en-es/EN_083_9__ES_083_9_en-es.wav,1351720239,0.2,0.0,0.3786225914955139,0.33835524320602417,270.11237611320263,261.47167272486826,284.8897180518896,32.63096451267675,44.110710753054825,35.47200026285227,0.02544593997299671,0.09126213937997818,0.038428422063589096,2.16,3.851375,2.39,4.62962962962963,2.3368277563207944,3.7656903765690375,ok,,
EN_083_9__ES_083_9,83,true,es-en,/Users/nilakshanraveendran/Documents/research/data/raw/DRAL16kHz/fragments-short/ES_083_9.wav,/Users/nilakshanraveendran/Documents/research/data/raw/DRAL16kHz/fragments-short/EN_083_9.wav,Siempre lo ponen y luego le digo por qué.,Siempre lo ponen y luego le digo por qué.,"She she always plays it and w- I'm like, why?",They always put it on and then I tell him why.,They always put it on and then I tell him why.,/Users/nilakshanraveendran/Documents/research/outputs/synthesis/es-en/EN_083_9__ES_083_9_es-en.wav,199608813,0.0,0.0,0.3849877119064331,0.33835524320602417,284.8897180518896,256.5321005128118,270.11237611320263,35.47200026285227,31.78348499680637,32.63096451267675,0.038428422063589096,0.10896570235490799,0.02544593997299671,2.39,2.827375,2.16,3.7656903765690375,3.8905345063884345,4.62962962962963,ok,,
EN_027_21__ES_027_21,27,true,en-es,/Users/nilakshanraveendran/Documents/research/data/raw/DRAL16kHz/fragments-short/EN_027_21.wav,/Users/nilakshanraveendran/Documents/research/data/raw/DRAL16kHz/fragments-short/ES_027_21.wav,"Yeah, you would have a tiny house...","Yeah, you would have a tiny house.",si tendrías una casa pequeña,"Sí, tendrías una casa pequeña.","Sí, tendrías una casa pequeña.",/Users/nilakshanraveendran/Documents/research/outputs/synthesis/en-es/EN_027_21__ES_027_21_en-es.wav,217519890,0.0,0.0,0.4622051417827606,0.5172392129898071,108.70318752011787,93.19556532944944,105.51815626574852,15.985926394226803,23.67102882198227,5.51416118139808,0.003939671907573938,0.0677771270275116,0.005235444754362106,2.2,4.918,2.05,3.1818181818181817,1.01667344448963,2.439024390243903,ok,,
EN_027_21__ES_027_21,27,true,es-en,/Users/nilakshanraveendran/Documents/research/data/raw/DRAL16kHz/fragments-short/ES_027_21.wav,/Users/nilakshanraveendran/Documents/research/data/raw/DRAL16kHz/fragments-short/EN_027_21.wav,si tendrías una casa pequeña,"Si es boiledracila, einen this recipe","Yeah, you would have a tiny house...","If it's boiledracila, einen this recipe","If it's Boil or Tracila, I'm in this recipe.",/Users/nilakshanraveendran/Documents/research/outputs/synthesis/es-en/EN_027_21__ES_027_21_es-en.wav,1514194144,1.0,0.8333333333333334,0.5350137948989868,0.5172392129898071,105.51815626574852,104.20345481153544,108.70318752011787,5.51416118139808,7.258215629130856,15.985926394226803,0.005235444754362106,0.09299743175506592,0.003939671907573938,2.05,3.851375,2.2,2.439024390243903,1.5578851708805297,3.1818181818181817,ok,,
EN_033_6__ES_033_6,33,true,en-es,/Users/nilakshanraveendran/Documents/research/data/raw/DRAL16kHz/fragments-short/EN_033_6.wav,/Users/nilakshanraveendran/Documents/research/data/raw/DRAL16kHz/fragments-short/ES_033_6.wav,because you are only using like the bottom part of your body,Because you are the only using the bottom part of your body.,Porque solo estás usando la parte baja de tu cuerpo.,Porque eres el único que usa la parte inferior de tu cuerpo.,porque eres el único que usa la parte inferior de tu cuerpo.,/Users/nilakshanraveendran/Documents/research/outputs/synthesis/en-es/EN_033_6__ES_033_6_en-es.wav,1439142585,0.16666666666666666,0.0,0.6209911108016968,0.5931881666183472,102.497454044215,111.1641136193779,118.91689725448603,11.58794937223089,8.291540420190682,10.48363272327696,0.02116144262254238,0.1107274740934372,0.0270182266831398,3.7,3.7126875,3.51,3.243243243243243,3.2321599919196,2.8490028490028494,ok,,
EN_033_6__ES_033_6,33,true,es-en,/Users/nilakshanraveendran/Documents/research/data/raw/DRAL16kHz/fragments-short/ES_033_6.wav,/Users/nilakshanraveendran/Documents/research/data/raw/DRAL16kHz/fragments-short/EN_033_6.wav,Porque solo estás usando la parte baja de tu cuerpo.,porque solo estás usando la parte baja de tu cuerpo.,because you are only using like the bottom part of your body,Because you're just using the lower part of your body.,Because you're just using the lower part of your body.,/Users/nilakshanraveendran/Documents/research/outputs/synthesis/es-en/EN_033_6__ES_033_6_es-en.wav,390023800,0.0,0.0,0.466615229845047,0.5931881666183472,118.91689725448603,128.96643159598239,102.497454044215,10.48363272327696,21.263068779130467,11.58794937223089,0.0270182266831398,0.11141885817050934,0.02116144262254238,3.51,5.803375,3.7,2.8490028490028494,1.7231352445775088,3.243243243243243,ok,,
EN_034_25__ES_034_25,34,true,en-es,/Users/nilakshanraveendran/Documents/research/data/raw/DRAL16kHz/fragments-short/EN_034_25.wav,/Users/nilakshanraveendran/Documents/research/data/raw/DRAL16kHz/fragments-short/ES_034_25.wav,I'm going to be crazy today and I'll put it where it goes.,I'm gonna be crazy today and I'll put it where it goes.,Voy a hacer algo loco y no ponerlo donde va.,Voy a estar loco hoy y lo pondré donde va.,Voy a estar loco hoy y lo pondré donde va.,/Users/nilakshanraveendran/Documents/research/outputs/synthesis/en-es/EN_034_25__ES_034_25_en-es.wav,417191857,0.15384615384615385,0.0,0.3803804814815521,0.38753804564476013,199.46058665605022,203.46216900872122,205.70660634774526,5.979406155935447,15.966908513451711,10.285445645247792,0.004339857958257198,0.1355612874031067,0.004238111898303032,1.84,3.1046875,2.09,7.065217391304348,3.2209360845495723,4.784688995215311,ok,,
EN_034_25__ES_034_25,34,true,es-en,/Users/nilakshanraveendran/Documents/research/data/raw/DRAL16kHz/fragments-short/ES_034_25.wav,/Users/nilakshanraveendran/Documents/research/data/raw/DRAL16kHz/fragments-short/EN_034_25.wav,Voy a hacer algo loco y no ponerlo donde va.,Voy a hacer algo loco y no ponerlo donde va.,I'm going to be crazy today and I'll put it where it goes.,I'm gonna do something crazy and not put it where it goes.,I'm gonna do something crazy and not put it where it goes.,/Users/nilakshanraveendran/Documents/research/outputs/synthesis/es-en/EN_034_25__ES_034_25_es-en.wav,1673870860,0.0,0.0,0.38801586627960205,0.38753804564476013,205.70660634774526,202.30615116816847,199.46058665605022,10.285445645247792,12.195696586768058,5.979406155935447,0.004238111898303032,0.13958309590816498,0.004339857958257198,2.09,3.7126875,1.84,4.784688995215311,3.2321599919196,7.065217391304348,ok,,
EN_067_1__ES_067_1,67,true,en-es,/Users/nilakshanraveendran/Documents/research/data/raw/DRAL16kHz/fragments-short/EN_067_1.wav,/Users/nilakshanraveendran/Documents/research/data/raw/DRAL16kHz/fragments-short/ES_067_1.wav,"No, there's not really things that bother me.","No, there's not really things that bother me.","No, no hay muchas cosas que me molestan.","No, en realidad no hay cosas que me molesten.","No, en realidad no hay cosas que me molesten.",/Users/nilakshanraveendran/Documents/research/outputs/synthesis/en-es/EN_067_1__ES_067_1_en-es.wav,474278735,0.0,0.0,0.493472695350647,0.5137837529182434,120.27868351029734,107.53340763641695,125.35690268840987,20.724563789374738,19.231050132540197,19.39962135771939,0.008160876110196114,0.07835903763771057,0.009243807755410671,1.64,2.7846875,1.64,4.878048780487805,3.2319604982605767,4.878048780487805,ok,,
EN_067_1__ES_067_1,67,true,es-en,/Users/nilakshanraveendran/Documents/research/data/raw/DRAL16kHz/fragments-short/ES_067_1.wav,/Users/nilakshanraveendran/Documents/research/data/raw/DRAL16kHz/fragments-short/EN_067_1.wav,"No, no hay muchas cosas que me molestan.","No, no hay muchas cosas que me molesten.","No, there's not really things that bother me.","No, there's not a lot that bothers me.","No, there's not a lot that bothers me.",/Users/nilakshanraveendran/Documents/research/outputs/synthesis/es-en/EN_067_1__ES_067_1_es-en.wav,1820081237,0.125,0.0,0.560215175151825,0.5137837529182434,125.35690268840987,112.67268973108517,120.27868351029734,19.39962135771939,23.074454045273306,20.724563789374738,0.009243807755410671,0.09737696498632431,0.008160876110196114,1.64,2.827375,1.64,4.878048780487805,2.8294796410097707,4.878048780487805,ok,,
EN_070_32__ES_070_32,70,true,en-es,/Users/nilakshanraveendran/Documents/research/data/raw/DRAL16kHz/fragments-short/EN_070_32.wav,/Users/nilakshanraveendran/Documents/research/data/raw/DRAL16kHz/fragments-short/ES_070_32.wav,"Precisely, gentlemen. I plan to do that during my break.","Precisely gentlemen, I plan to do that during my break.",Exactamente caballero y planeo hacer eso en mi break.,"Precisamente caballeros, planeo hacer eso durante mi descanso.","Precisamente caballeros, planeo hacer eso durante mi descanso.",/Users/nilakshanraveendran/Documents/research/outputs/synthesis/en-es/EN_070_32__ES_070_32_en-es.wav,163897816,0.0,0.0,0.4799068570137024,0.46665671467781067,113.90651032985052,371.667684744248,218.0954368801804,13.487985223056796,397.0318633782626,264.0276021820373,0.007556851953268051,0.08138743042945862,0.006026136223226786,3.38,5.9846875,3.19,2.9585798816568047,1.3367448175030026,2.8213166144200628,ok,,
EN_070_32__ES_070_32,70,true,es-en,/Users/nilakshanraveendran/Documents/research/data/raw/DRAL16kHz/fragments-short/ES_070_32.wav,/Users/nilakshanraveendran/Documents/research/data/raw/DRAL16kHz/fragments-short/EN_070_32.wav,Exactamente caballero y planeo hacer eso en mi break.,exactamente caballero y planeaba hacer eso en mi break,"Precisely, gentlemen. I plan to do that during my break.",exactly gentleman and planned to do that in my break,"Exactly gentlemen, and plan to do that in my break.",/Users/nilakshanraveendran/Documents/research/outputs/synthesis/es-en/EN_070_32__ES_070_32_es-en.wav,707095295,0.1111111111111111,0.2,0.4740443825721741,0.46665671467781067,218.0954368801804,127.12966707620987,113.90651032985052,264.0276021820373,15.95160736350933,13.487985223056796,0.006026136223226786,0.11350639909505844,0.007556851953268051,3.19,4.406,3.38,2.8213166144200628,2.2696323195642307,2.9585798816568047,ok,,
EN_075_22__ES_075_22,75,true,en-es,/Users/nilakshanraveendran/Documents/research/data/raw/DRAL16kHz/fragments-short/EN_075_22.wav,/Users/nilakshanraveendran/Documents/research/data/raw/DRAL16kHz/fragments-short/ES_075_22.wav,You're such a cheater.,You such a cheater.,Es esta trampa.,Eres un tramposo.,Eres un tramposo,/Users/nilakshanraveendran/Documents/research/outputs/synthesis/en-es/EN_075_22__ES_075_22_en-es.wav,177658037,0.25,0.0,0.46206894516944885,0.34672659635543823,228.10676563256473,214.82630034017856,nan,40.501530866196525,28.402685389599785,nan,0.012129466980695724,0.09359301626682281,0.022301048040390015,1.3,2.219375,1.185,3.0769230769230766,1.3517319065052098,2.531645569620253,ok,,
EN_075_22__ES_075_22,75,true,es-en,/Users/nilakshanraveendran/Documents/research/data/raw/DRAL16kHz/fragments-short/ES_075_22.wav,/Users/nilakshanraveendran/Documents/research/data/raw/DRAL16kHz/fragments-short/EN_075_22.wav,Es esta trampa.,Es esta trampa.,You're such a cheater.,It's this trap.,It's this trap.,/Users/nilakshanraveendran/Documents/research/outputs/synthesis/es-en/EN_075_22__ES_075_22_es-en.wav,1288170575,0.0,0.0,0.28054070472717285,0.34672659635543823,nan,255.38579148019826,228.10676563256473,nan,15.095004201655463,40.501530866196525,0.022301048040390015,0.08180210739374161,0.012129466980695724,1.185,1.6646875,1.3,2.531645569620253,1.8021400412990425,3.0769230769230766,ok,,
EN_027_24__ES_027_24,27,true,en-es,/Users/nilakshanraveendran/Documents/research/data/raw/DRAL16kHz/fragments-short/EN_027_24.wav,/Users/nilakshanraveendran/Documents/research/data/raw/DRAL16kHz/fragments-short/ES_027_24.wav,Do you have any specific places where you would want to go?,Do you have any specific places where you would want to go?,tienes lugares específicos que quieres ir,¿Tienes algún lugar específico donde quieras ir?,¿Tienes algún lugar específico donde quieras ir?,/Users/nilakshanraveendran/Documents/research/outputs/synthesis/en-es/EN_027_24__ES_027_24_en-es.wav,2029990758,0.0,0.0,0.4303660988807678,0.3753269910812378,105.95955178521793,111.61613704774463,99.39227637737922,13.037512523892678,11.56026170210091,6.358499791853509,0.004507747478783131,0.10976695269346237,0.006000523455440998,2.85,3.339375,2.5,4.2105263157894735,2.0962006363466217,2.4,ok,,
EN_027_24__ES_027_24,27,true,es-en,/Users/nilakshanraveendran/Documents/research/data/raw/DRAL16kHz/fragments-short/ES_027_24.wav,/Users/nilakshanraveendran/Documents/research/data/raw/DRAL16kHz/fragments-short/EN_027_24.wav,tienes lugares específicos que quieres ir,tienes lugares específicos que hay que decir.,Do you have any specific places where you would want to go?,You have specific places to say.,you have specific places to say.,/Users/nilakshanraveendran/Documents/research/outputs/synthesis/es-en/EN_027_24__ES_027_24_es-en.wav,181966584,0.5,0.0,0.40350770950317383,0.3753269910812378,99.39227637737922,109.36740654267523,105.95955178521793,6.358499791853509,4.810767972162201,13.037512523892678,0.006000523455440998,0.10245012491941452,0.004507747478783131,2.5,2.6886875,2.85,2.4,2.2315720960505825,4.2105263157894735,ok,,
EN_033_8__ES_033_8,33,true,en-es,/Users/nilakshanraveendran/Documents/research/data/raw/DRAL16kHz/fragments-short/EN_033_8.wav,/Users/nilakshanraveendran/Documents/research/data/raw/DRAL16kHz/fragments-short/ES_033_8.wav,"No, yes I did, but not a combat sport.","No, yes I did, but not a combat sport.","No, sí lo hice, pero en un deporte de combate.","No, sí lo hice, pero no un deporte de combate.","No, sí lo hice, pero no un deporte de combate.",/Users/nilakshanraveendran/Documents/research/outputs/synthesis/en-es/EN_033_8__ES_033_8_en-es.wav,1806642168,0.0,0.0,0.6013760566711426,0.6565854549407959,113.12934180054869,110.31109710473064,126.16199634095328,15.033921150059568,31.577758134723798,30.44772231150235,0.020224448293447495,0.06775853037834167,0.024376001209020615,4.02,6.358,4.13,2.238805970149254,1.5728216420257943,2.4213075060532687,ok,,
EN_033_8__ES_033_8,33,true,es-en,/Users/nilakshanraveendran/Documents/research/data/raw/DRAL16kHz/fragments-short/ES_033_8.wav,/Users/nilakshanraveendran/Documents/research/data/raw/DRAL16kHz/fragments-short/EN_033_8.wav,"No, sí lo hice, pero en un deporte de combate.","No, sí lo hice, pero no un deporte de combate.","No, yes I did, but not a combat sport.","No, I did, but not a combat sport.","No, I did, but not a combat sport.",/Users/nilakshanraveendran/Documents/research/outputs/synthesis/es-en/EN_033_8__ES_033_8_es-en.wav,1386516168,0.1,0.0,0.4656963348388672,0.6565854549407959,126.16199634095328,98.5070159883069,113.12934180054869,30.44772231150235,28.158478338056646,15.033921150059568,0.024376001209020615,0.07464548945426941,0.020224448293447495,4.13,4.6406875,4.02,2.4213075060532687,1.723882506632907,2.238805970149254,ok,,
EN_035_12__ES_035_12,34,true,en-es,/Users/nilakshanraveendran/Documents/research/data/raw/DRAL16kHz/fragments-short/EN_035_12.wav,/Users/nilakshanraveendran/Documents/research/data/raw/DRAL16kHz/fragments-short/ES_035_12.wav,"Oh, they're really cool, but uhmm","Oh, they're really cool, but mmm...","Oh, esas están chidas, pero mmm...","Oh, son realmente geniales, pero mmm...","Oh, son realmente geniales, pero... Mmm... Oh...",/Users/nilakshanraveendran/Documents/research/outputs/synthesis/en-es/EN_035_12__ES_035_12_en-es.wav,732742222,0.16666666666666666,0.16666666666666666,0.3684590756893158,0.377418577671051,280.67734067695153,193.65501582610707,203.44645923476187,54.31211714757455,82.47834594470899,47.54841269215343,0.03254380449652672,0.05712064355611801,0.015039730817079544,2.4,8.726,2.14,2.5,0.6876002750401099,2.803738317757009,ok,,
EN_035_12__ES_035_12,34,true,es-en,/Users/nilakshanraveendran/Documents/research/data/raw/DRAL16kHz/fragments-short/ES_035_12.wav,/Users/nilakshanraveendran/Documents/research/data/raw/DRAL16kHz/fragments-short/EN_035_12.wav,"Oh, esas están chidas, pero mmm...","Oh, eso es tan chido, espero...","Oh, they're really cool, but uhmm","Oh, that's so cool, I hope...","Oh, that's so cool, I hope.",/Users/nilakshanraveendran/Documents/research/outputs/synthesis/es-en/EN_035_12__ES_035_12_es-en.wav,1363071137,0.8333333333333334,0.0,0.19700336456298828,0.377418577671051,203.44645923476187,221.49558613356848,280.67734067695153,47.54841269215343,39.746186108489965,54.31211714757455,0.015039730817079544,0.11735118925571442,0.03254380449652672,2.14,3.382,2.4,2.803738317757009,1.7740981667652276,2.5,ok,,
EN_067_20__ES_067_20,67,true,en-es,/Users/nilakshanraveendran/Documents/research/data/raw/DRAL16kHz/fragments-short/EN_067_20.wav,/Users/nilakshanraveendran/Documents/research/data/raw/DRAL16kHz/fragments-short/ES_067_20.wav,"Yeah, I really like music.","Yeah, I really like music.","Sí, me gusta mucho la música.","Sí, me gusta mucho la música.","Sí, me gusta mucho la música.",/Users/nilakshanraveendran/Documents/research/outputs/synthesis/en-es/EN_067_20__ES_067_20_en-es.wav,495560315,0.0,0.0,0.35904228687286377,0.31534814834594727,107.64095175666411,110.90860666042005,112.06432433000172,10.419678392552548,19.14640504230321,13.60378395390169,0.014150875620543957,0.0651528537273407,0.011885310523211956,1.3,3.0086875,1.37,3.846153846153846,1.994225056606909,4.37956204379562,ok,,
EN_067_20__ES_067_20,67,true,es-en,/Users/nilakshanraveendran/Documents/research/data/raw/DRAL16kHz/fragments-short/ES_067_20.wav,/Users/nilakshanraveendran/Documents/research/data/raw/DRAL16kHz/fragments-short/EN_067_20.wav,"Sí, me gusta mucho la música.",si me gusta mucho la música,"Yeah, I really like music.",if I really like music,if I really like music.,/Users/nilakshanraveendran/Documents/research/outputs/synthesis/es-en/EN_067_20__ES_067_20_es-en.wav,1931121084,0.16666666666666666,0.0,0.4166531562805176,0.31534814834594727,112.06432433000172,103.46147737188329,107.64095175666411,13.60378395390169,11.798092034592731,10.419678392552548,0.011885310523211956,0.08422040939331055,0.014150875620543957,1.37,2.219375,1.3,4.37956204379562,2.2528865108420164,3.846153846153846,ok,,
EN_070_34__ES_070_34,70,true,en-es,/Users/nilakshanraveendran/Documents/research/data/raw/DRAL16kHz/fragments-short/EN_070_34.wav,/Users/nilakshanraveendran/Documents/research/data/raw/DRAL16kHz/fragments-short/ES_070_34.wav,[breath],Blah blah blah blah.,[laughter].,"Bla, bla, bla, bla.",Más hall Barnie,/Users/nilakshanraveendran/Documents/research/outputs/synthesis/en-es/EN_070_34__ES_070_34_en-es.wav,1753982571,4.0,1.0,0.011004170402884483,0.09003999829292297,130.2534493351556,78.87534026270325,67.4201697527696,9.801844134964416,7.582829722758433,2.6778941780432186,0.006061580963432789,0.09417814016342163,0.002944369101896882,0.66,5.334,0.74,1.5151515151515151,0.7499062617172854,1.3513513513513513,ok,,
EN_070_34__ES_070_34,70,true,es-en,/Users/nilakshanraveendran/Documents/research/data/raw/DRAL16kHz/fragments-short/ES_070_34.wav,/Users/nilakshanraveendran/Documents/research/data/raw/DRAL16kHz/fragments-short/EN_070_34.wav,[laughter].,bre.,[breath],Bre.,Great job.,/Users/nilakshanraveendran/Documents/research/outputs/synthesis/es-en/EN_070_34__ES_070_34_es-en.wav,1270213355,1.0,2.0,0.2764925956726074,0.09003999829292297,67.4201697527696,82.34471872129707,130.2534493351556,2.6778941780432186,20.42660913497751,9.801844134964416,0.002944369101896882,0.04954791069030762,0.006061580963432789,0.74,2.5926875,0.66,1.3513513513513513,0.38570016633319676,1.5151515151515151,ok,,
EN_075_24__ES_075_24,75,true,en-es,/Users/nilakshanraveendran/Documents/research/data/raw/DRAL16kHz/fragments-short/EN_075_24.wav,/Users/nilakshanraveendran/Documents/research/data/raw/DRAL16kHz/fragments-short/ES_075_24.wav,[laughs],Thank you. Bye.,[laughter],"Gracias, adiós.",¡Achia! ¡Adiós!,/Users/nilakshanraveendran/Documents/research/outputs/synthesis/en-es/EN_075_24__ES_075_24_en-es.wav,1977649942,3.0,0.5,0.23586316406726837,0.5279856324195862,nan,195.80134192381692,929.7834973438116,nan,79.5999091992228,14.912557510703154,0.04855958744883537,0.03891558572649956,0.03142336755990982,0.61,4.5446875,0.995,1.639344262295082,0.4400742625318022,1.0050251256281406,ok,,
EN_075_24__ES_075_24,75,true,es-en,/Users/nilakshanraveendran/Documents/research/data/raw/DRAL16kHz/fragments-short/ES_075_24.wav,/Users/nilakshanraveendran/Documents/research/data/raw/DRAL16kHz/fragments-short/EN_075_24.wav,[laughter],...,[laughs],...,пол non them,/Users/nilakshanraveendran/Documents/research/outputs/synthesis/es-en/EN_075_24__ES_075_24_es-en.wav,594174024,1.0,3.0,0.18617337942123413,0.5279856324195862,929.7834973438116,239.57997733210854,nan,14.912557510703154,66.35748316457645,nan,0.03142336755990982,0.06658612191677094,0.04855958744883537,0.995,1.1526875,0.61,1.0050251256281406,0.8675378192268068,1.639344262295082,ok,,
EN_027_26__ES_027_26,27,true,en-es,/Users/nilakshanraveendran/Documents/research/data/raw/DRAL16kHz/fragments-short/EN_027_26.wav,/Users/nilakshanraveendran/Documents/research/data/raw/DRAL16kHz/fragments-short/ES_027_26.wav,for charity type of work.,for charity to have it work?,para tipo de trabajo de caridad,¿Para que la caridad funcione?,para que la calidad funcione,/Users/nilakshanraveendran/Documents/research/outputs/synthesis/en-es/EN_027_26__ES_027_26_en-es.wav,1849121195,0.6,0.2,0.32917582988739014,0.36470210552215576,118.82362248003982,110.99702492554441,101.39332576713933,21.74952357067414,21.91981622049257,4.923465317764428,0.004158833529800177,0.10316021740436554,0.008481735363602638,1.82,4.779375,2.24,2.7472527472527473,1.0461618935530272,2.6785714285714284,ok,,
EN_027_26__ES_027_26,27,true,es-en,/Users/nilakshanraveendran/Documents/research/data/raw/DRAL16kHz/fragments-short/ES_027_26.wav,/Users/nilakshanraveendran/Documents/research/data/raw/DRAL16kHz/fragments-short/EN_027_26.wav,para tipo de trabajo de caridad,para tipo trabajo de calidad.,for charity type of work.,for quality work type.,for quality work type dot on.,/Users/nilakshanraveendran/Documents/research/outputs/synthesis/es-en/EN_027_26__ES_027_26_es-en.wav,1904419857,0.3333333333333333,0.5,0.5095915794372559,0.36470210552215576,101.39332576713933,106.38463040085972,118.82362248003982,4.923465317764428,15.265352321534492,21.74952357067414,0.008481735363602638,0.08868736773729324,0.004158833529800177,2.24,3.286,1.82,2.6785714285714284,1.2172854534388313,2.7472527472527473,ok,,
EN_033_9__ES_033_9,33,true,en-es,/Users/nilakshanraveendran/Documents/research/data/raw/DRAL16kHz/fragments-short/EN_033_9.wav,/Users/nilakshanraveendran/Documents/research/data/raw/DRAL16kHz/fragments-short/ES_033_9.wav,It was mainly basketball.,Let's mainly basketball,Era principalmente básquetbol.,Principalmente básquetbol.,principalmente basketball.,/Users/nilakshanraveendran/Documents/research/outputs/synthesis/en-es/EN_033_9__ES_033_9_en-es.wav,1007760053,0.5,0.5,0.5940734148025513,0.6124618053436279,114.79857000082649,121.5073554471355,124.90228402301042,15.534621527590279,10.8155255791519,13.043548371000284,0.014968995936214924,0.10449007153511047,0.03146939352154732,1.77,2.454,2.07,2.2598870056497176,0.8149959250203749,1.4492753623188408,ok,,
EN_033_9__ES_033_9,33,true,es-en,/Users/nilakshanraveendran/Documents/research/data/raw/DRAL16kHz/fragments-short/ES_033_9.wav,/Users/nilakshanraveendran/Documents/research/data/raw/DRAL16kHz/fragments-short/EN_033_9.wav,Era principalmente básquetbol.,¿Era principalmente basketball?,It was mainly basketball.,Was it mainly basketball?,Was it mainly basketball?,/Users/nilakshanraveendran/Documents/research/outputs/synthesis/es-en/EN_033_9__ES_033_9_es-en.wav,1214633350,0.3333333333333333,0.0,0.49611109495162964,0.6124618053436279,124.90228402301042,123.36859957118118,114.79857000082649,13.043548371000284,13.360020361475229,15.534621527590279,0.03146939352154732,0.10258541256189346,0.014968995936214924,2.07,2.635375,1.77,1.4492753623188408,1.5178105582696961,2.2598870056497176,ok,,
EN_035_13__ES_035_13,34,true,en-es,/Users/nilakshanraveendran/Documents/research/data/raw/DRAL16kHz/fragments-short/EN_035_13.wav,/Users/nilakshanraveendran/Documents/research/data/raw/DRAL16kHz/fragments-short/ES_035_13.wav,"I don't know, I feel like if I'm like a really tall person.","I don't know, I feel like if I'm like a really tall person.","No lo sé, siento que soy una persona muy alta.","No sé, me siento como si fuera una persona muy alta.","No sé, me siento como si fuera una persona muy alta.",/Users/nilakshanraveendran/Documents/research/outputs/synthesis/en-es/EN_035_13__ES_035_13_en-es.wav,2113723830,0.0,0.0,0.4803827702999115,0.41768771409988403,209.30591780734332,408.26178982615073,226.23278501531505,15.474137215386147,320.9812454251522,25.03799535580968,0.026644548401236534,0.0881272554397583,0.01766171120107174,3.29,4.587375,2.55,3.951367781155015,2.397885500967329,3.9215686274509807,ok,,
EN_035_13__ES_035_13,34,true,es-en,/Users/nilakshanraveendran/Documents/research/data/raw/DRAL16kHz/fragments-short/ES_035_13.wav,/Users/nilakshanraveendran/Documents/research/data/raw/DRAL16kHz/fragments-short/EN_035_13.wav,"No lo sé, siento que soy una persona muy alta.","No lo sé, siento que soy una persona muy alta.","I don't know, I feel like if I'm like a really tall person.","I don't know, I feel like I'm a very tall person.",I don't know. I feel like I'm a very tall person.,/Users/nilakshanraveendran/Documents/research/outputs/synthesis/es-en/EN_035_13__ES_035_13_es-en.wav,1196549821,0.0,0.0,0.4821277856826782,0.41768771409988403,226.23278501531505,219.58134021933697,209.30591780734332,25.03799535580968,19.73939840559935,15.474137215386147,0.01766171120107174,0.08116583526134491,0.026644548401236534,2.55,4.31,3.29,3.9215686274509807,2.552204176334107,3.951367781155015,ok,,
EN_067_21__ES_067_21,67,true,en-es,/Users/nilakshanraveendran/Documents/research/data/raw/DRAL16kHz/fragments-short/EN_067_21.wav,/Users/nilakshanraveendran/Documents/research/data/raw/DRAL16kHz/fragments-short/ES_067_21.wav,"I practice a little at home, but mm it's not the same.","I practice a little at home, but it's not the same.","Practico un poco ahí en mi casa, pero no es- no estaria- no es igual.","Practico un poco en casa, pero no es lo mismo.","Practico un poco en casa, pero no es lo mismo.",/Users/nilakshanraveendran/Documents/research/outputs/synthesis/en-es/EN_067_21__ES_067_21_en-es.wav,537334523,0.08333333333333333,0.0,0.5482312440872192,0.5727704763412476,111.65893391820596,386.5492887599931,115.07462008450176,20.92823426786095,316.7481598645429,19.348291962056443,0.008542424067854881,0.03831273689866066,0.013197528198361397,3.19,10.166,3.15,3.761755485893417,0.983671060397403,4.761904761904762,ok,,
EN_067_21__ES_067_21,67,true,es-en,/Users/nilakshanraveendran/Documents/research/data/raw/DRAL16kHz/fragments-short/ES_067_21.wav,/Users/nilakshanraveendran/Documents/research/data/raw/DRAL16kHz/fragments-short/EN_067_21.wav,"Practico un poco ahí en mi casa, pero no es- no estaria- no es igual.",practico un poco ahí en mi casa pero no es igual,"I practice a little at home, but mm it's not the same.","I practice a little there in my house, but it's not the same.","I practice a little there in my house, but it's not the same.",/Users/nilakshanraveendran/Documents/research/outputs/synthesis/es-en/EN_067_21__ES_067_21_es-en.wav,911069972,0.26666666666666666,0.0,0.5165079832077026,0.5727704763412476,115.07462008450176,107.25863745818754,111.65893391820596,19.348291962056443,16.7386589893092,20.92823426786095,0.013197528198361397,0.09126624464988708,0.008542424067854881,3.15,3.6166875,3.19,4.761904761904762,3.594449340729604,3.761755485893417,ok,,
EN_070_35__ES_070_35,70,true,en-es,/Users/nilakshanraveendran/Documents/research/data/raw/DRAL16kHz/fragments-short/EN_070_35.wav,/Users/nilakshanraveendran/Documents/research/data/raw/DRAL16kHz/fragments-short/ES_070_35.wav,Yucatan. Wow.,You get 10. Wow.,Yucatan o.,Tienes diez.,tienes 10 puntos.,/Users/nilakshanraveendran/Documents/research/outputs/synthesis/en-es/EN_070_35__ES_070_35_en-es.wav,767344135,1.5,1.0,0.3260558247566223,0.15569591522216797,121.82150256194328,124.21801655371642,125.0711126983848,18.35013236140586,24.737470285235514,18.851896327408777,0.005584304220974445,0.10665414482355118,0.00340501987375319,1.57,1.7606875,1.71,1.2738853503184713,1.135919917645806,1.1695906432748537,ok,,
EN_070_35__ES_070_35,70,true,es-en,/Users/nilakshanraveendran/Documents/research/data/raw/DRAL16kHz/fragments-short/ES_070_35.wav,/Users/nilakshanraveendran/Documents/research/data/raw/DRAL16kHz/fragments-short/EN_070_35.wav,Yucatan o.,Yucatán.,Yucatan. Wow.,Yucatan.,You got time. Dutch.,/Users/nilakshanraveendran/Documents/research/outputs/synthesis/es-en/EN_070_35__ES_070_35_es-en.wav,2107138551,1.0,4.0,0.4326162338256836,0.15569591522216797,125.0711126983848,140.18498529952797,121.82150256194328,18.851896327408777,27.440450195013526,18.35013236140586,0.00340501987375319,0.0878792256116867,0.005584304220974445,1.71,2.827375,1.57,1.1695906432748537,0.35368495512622133,1.2738853503184713,ok,,
EN_075_25__ES_075_25,75,true,en-es,/Users/nilakshanraveendran/Documents/research/data/raw/DRAL16kHz/fragments-short/EN_075_25.wav,/Users/nilakshanraveendran/Documents/research/data/raw/DRAL16kHz/fragments-short/ES_075_25.wav,"Hey, isn't this that idiot?","Hey, isn't this that idiot?","¡Ey! Pues está de este lado, menso.","Oye, ¿no es esto tan idiota?",¿Oye? ¿Más es tan idiota?,/Users/nilakshanraveendran/Documents/research/outputs/synthesis/en-es/EN_075_25__ES_075_25_en-es.wav,1805075350,0.0,0.3333333333333333,0.4129483103752136,0.33617645502090454,331.05149547138876,386.1766304045344,345.60506599897735,53.84138208668749,116.27210354332502,97.28468121573317,0.05088391155004501,0.05796288326382637,0.03838924318552017,1.755,2.923375,1.98,2.8490028490028494,2.0524222858853207,3.5353535353535355,ok,,
EN_075_25__ES_075_25,75,true,es-en,/Users/nilakshanraveendran/Documents/research/data/raw/DRAL16kHz/fragments-short/ES_075_25.wav,/Users/nilakshanraveendran/Documents/research/data/raw/DRAL16kHz/fragments-short/EN_075_25.wav,"¡Ey! Pues está de este lado, menso.","¡Hey! Me está de este lado, menso.","Hey, isn't this that idiot?","He's on this side of me, menso.","He's on this side of me, Menso.",/Users/nilakshanraveendran/Documents/research/outputs/synthesis/es-en/EN_075_25__ES_075_25_es-en.wav,1251808272,0.2857142857142857,0.0,0.16806763410568237,0.33617645502090454,345.60506599897735,246.35948292897228,331.05149547138876,97.28468121573317,46.89556221641792,53.84138208668749,0.03838924318552017,0.08817076683044434,0.05088391155004501,1.98,2.315375,1.755,3.5353535353535355,3.023268369054689,2.8490028490028494,ok,,
EN_027_29__ES_027_29,27,true,en-es,/Users/nilakshanraveendran/Documents/research/data/raw/DRAL16kHz/fragments-short/EN_027_29.wav,/Users/nilakshanraveendran/Documents/research/data/raw/DRAL16kHz/fragments-short/ES_027_29.wav,Hmm. Is being a philanthropist like part of your bucket list?,"Hmm, as being a philanthropist like part of your bucket list","Hmm, ¿siendo filántropa es parte de tu lista de deseos?","Hmm, como ser un filántropo como parte de tu lista de deseos","Mmm, como sea un filántropo como parte de tu lista de deseos.",/Users/nilakshanraveendran/Documents/research/outputs/synthesis/en-es/EN_027_29__ES_027_29_en-es.wav,1972990699,0.09090909090909091,0.16666666666666666,0.3690771162509918,0.4169572591781616,102.23804615067493,101.28845486924638,101.44817632470445,9.333115935641159,9.206619892709808,20.21293883696839,0.004062611609697342,0.10006152093410492,0.005922566168010235,4.16,5.3766875,3.63,2.644230769230769,2.231857440106013,2.7548209366391188,ok,,
EN_027_29__ES_027_29,27,true,es-en,/Users/nilakshanraveendran/Documents/research/data/raw/DRAL16kHz/fragments-short/ES_027_29.wav,/Users/nilakshanraveendran/Documents/research/data/raw/DRAL16kHz/fragments-short/EN_027_29.wav,"Hmm, ¿siendo filántropa es parte de tu lista de deseos?",Siendo Philanthropies parte de tu lista de saludos.,Hmm. Is being a philanthropist like part of your bucket list?,Philanthropies being part of your greeting list.,Philanthropies being part of your greeting list.,/Users/nilakshanraveendran/Documents/research/outputs/synthesis/es-en/EN_027_29__ES_027_29_es-en.wav,696013993,0.4,0.0,0.38313767313957214,0.4169572591781616,101.44817632470445,105.53638428803914,102.23804615067493,20.21293883696839,10.674609434890098,9.333115935641159,0.005922566168010235,0.09871845692396164,0.004062611609697342,3.63,4.2246875,4.16,2.7548209366391188,1.6569272875212664,2.644230769230769,ok,,
EN_035_14__ES_035_14,34,true,en-es,/Users/nilakshanraveendran/Documents/research/data/raw/DRAL16kHz/fragments-short/EN_035_14.wav,/Users/nilakshanraveendran/Documents/research/data/raw/DRAL16kHz/fragments-short/ES_035_14.wav,"I actually listened a little bit from everything, so yeah.",I actually listened a little bit from everything so yeah.,"De hecho, escucho un poco de todo, pero sí.","En realidad escuché un poco de todo, así que sí.","En realidad escuché un poco de todo, así que sí.",/Users/nilakshanraveendran/Documents/research/outputs/synthesis/en-es/EN_035_14__ES_035_14_en-es.wav,1030000938,0.0,0.0,0.5008784532546997,0.5618218183517456,289.9400668194872,278.38201728942136,281.08025922165024,90.48862486378258,56.82601174556755,108.33469071398405,0.019711846485733986,0.1148899495601654,0.012176253832876682,2.8,3.243375,2.95,3.5714285714285716,3.0832080780051645,3.0508474576271185,ok,,
EN_035_14__ES_035_14,34,true,es-en,/Users/nilakshanraveendran/Documents/research/data/raw/DRAL16kHz/fragments-short/ES_035_14.wav,/Users/nilakshanraveendran/Documents/research/data/raw/DRAL16kHz/fragments-short/EN_035_14.wav,"De hecho, escucho un poco de todo, pero sí.",De hecho escuché un poco de todo pero sí.,"I actually listened a little bit from everything, so yeah.",I actually heard a little bit about everything but yes.,"I actually heard a little bit about everything, but yes.",/Users/nilakshanraveendran/Documents/research/outputs/synthesis/es-en/EN_035_14__ES_035_14_es-en.wav,810982839,0.1111111111111111,0.0,0.4126395583152771,0.5618218183517456,281.08025922165024,262.9754330381463,289.9400668194872,108.33469071398405,39.65858548892331,90.48862486378258,0.012176253832876682,0.09411797672510147,0.019711846485733986,2.95,3.478,2.8,3.0508474576271185,2.875215641173088,3.5714285714285716,ok,,
EN_067_22__ES_067_22,67,true,en-es,/Users/nilakshanraveendran/Documents/research/data/raw/DRAL16kHz/fragments-short/EN_067_22.wav,/Users/nilakshanraveendran/Documents/research/data/raw/DRAL16kHz/fragments-short/ES_067_22.wav,"Ummm, depends how I feel.",um depends how i feel,Um depende como me sienta.,um depende de cómo me siento,un depende de como me siento.,/Users/nilakshanraveendran/Documents/research/outputs/synthesis/en-es/EN_067_22__ES_067_22_en-es.wav,1459978486,0.2,0.3333333333333333,0.6475054025650024,0.6488627195358276,109.9627823530988,117.0612895659275,114.38941372613803,9.636648008989793,28.104226269752147,8.316384089609194,0.010257278569042683,0.08442546427249908,0.013215701095759869,2.05,2.4966875,2.84,2.439024390243903,2.4031842190902943,1.7605633802816902,ok,,
EN_067_22__ES_067_22,67,true,es-en,/Users/nilakshanraveendran/Documents/research/data/raw/DRAL16kHz/fragments-short/ES_067_22.wav,/Users/nilakshanraveendran/Documents/research/data/raw/DRAL16kHz/fragments-short/EN_067_22.wav,Um depende como me sienta.,depende cómo me sienta,"Ummm, depends how I feel.",It depends how I feel.,It depends how I feel.,/Users/nilakshanraveendran/Documents/research/outputs/synthesis/es-en/EN_067_22__ES_067_22_es-en.wav,11192745,0.4,0.0,0.5732700824737549,0.6488627195358276,114.38941372613803,114.10206631532864,109.9627823530988,8.316384089609194,11.522137509170163,9.636648008989793,0.013215701095759869,0.08795934915542603,0.010257278569042683,2.84,2.315375,2.05,1.7605633802816902,2.159477406467635,2.439024390243903,ok,,
EN_070_38__ES_070_38,70,true,en-es,/Users/nilakshanraveendran/Documents/research/data/raw/DRAL16kHz/fragments-short/EN_070_38.wav,/Users/nilakshanraveendran/Documents/research/data/raw/DRAL16kHz/fragments-short/ES_070_38.wav,Mexico,Mexico,México.,México,México,/Users/nilakshanraveendran/Documents/research/outputs/synthesis/en-es/EN_070_38__ES_070_38_en-es.wav,407831038,0.0,0.0,0.42595189809799194,0.3538314402103424,116.91508410879713,116.38454537737232,118.60626975415526,8.625501918364607,9.325818924056602,5.274429512910533,0.0053697447292506695,0.059738874435424805,0.0026418615598231554,0.81,1.7606875,0.74,1.2345679012345678,0.567959958822903,1.3513513513513513,ok,,
EN_070_38__ES_070_38,70,true,es-en,/Users/nilakshanraveendran/Documents/research/data/raw/DRAL16kHz/fragments-short/ES_070_38.wav,/Users/nilakshanraveendran/Documents/research/data/raw/DRAL16kHz/fragments-short/EN_070_38.wav,México.,México.,Mexico,Mexico.,Mexico dot,/Users/nilakshanraveendran/Documents/research/outputs/synthesis/es-en/EN_070_38__ES_070_38_es-en.wav,665454386,0.0,1.0,0.2413059026002884,0.3538314402103424,118.60626975415526,120.04402359367673,116.91508410879713,5.274429512910533,8.76879559052831,8.625501918364607,0.0026418615598231554,0.08218786120414734,0.0053697447292506695,0.74,1.622,0.81,1.3513513513513513,0.6165228113440197,1.2345679012345678,ok,,
EN_075_27__ES_075_27,75,true,en-es,/Users/nilakshanraveendran/Documents/research/data/raw/DRAL16kHz/fragments-short/EN_075_27.wav,/Users/nilakshanraveendran/Documents/research/data/raw/DRAL16kHz/fragments-short/ES_075_27.wav,It's an effective responsibility that you have to give.,It's an effective responsibility that you have to give.,"Es una responsabilidad afectiva, en el sentido de que tienes que darle...",Es una responsabilidad efectiva que tienes que dar.,es una responsabilidad efectiva que tienes que dar.,/Users/nilakshanraveendran/Documents/research/outputs/synthesis/en-es/EN_075_27__ES_075_27_en-es.wav,371876832,0.0,0.0,0.551619827747345,0.5763459801673889,238.73925971971983,232.02048819829187,320.32870964142006,32.100967010329306,36.68846553828305,239.96007997868813,0.020492596551775932,0.09730523079633713,0.02351723238825798,2.85,3.574,3.99,3.1578947368421053,2.238388360380526,3.007518796992481,ok,,
EN_075_27__ES_075_27,75,true,es-en,/Users/nilakshanraveendran/Documents/research/data/raw/DRAL16kHz/fragments-short/ES_075_27.wav,/Users/nilakshanraveendran/Documents/research/data/raw/DRAL16kHz/fragments-short/EN_075_27.wav,"Es una responsabilidad afectiva, en el sentido de que tienes que darle...",Es una responsabilidad afectiva en el sentido de que tienes que darle...,It's an effective responsibility that you have to give.,It's an affective responsibility in the sense that you have to give him...,it's an effective responsibility in the sense that you have to give him.,/Users/nilakshanraveendran/Documents/research/outputs/synthesis/es-en/EN_075_27__ES_075_27_es-en.wav,808831510,0.0,0.07692307692307693,0.4383609890937805,0.5763459801673889,320.32870964142006,236.98864943924684,238.73925971971983,239.96007997868813,30.73832941203473,32.100967010329306,0.02351723238825798,0.11875380575656891,0.020492596551775932,3.99,4.267375,2.85,3.007518796992481,3.046369255104133,3.1578947368421053,ok,,
EN_027_2__ES_027_2,27,true,en-es,/Users/nilakshanraveendran/Documents/research/data/raw/DRAL16kHz/fragments-short/EN_027_2.wav,/Users/nilakshanraveendran/Documents/research/data/raw/DRAL16kHz/fragments-short/ES_027_2.wav,Right...,All right.,"Mmm, cierto.",Está bien.,Moving forward,/Users/nilakshanraveendran/Documents/research/outputs/synthesis/en-es/EN_027_2__ES_027_2_en-es.wav,99257504,1.0,1.0,0.16499659419059753,0.28146278858184814,99.10278041760989,76.42797454792499,99.98390894610505,9.65253552350186,6.87628559027207,9.720359660830548,0.00277617946267128,0.16200858354568481,0.004118076991289854,1.1,9.323375,1.45,0.9090909090909091,0.21451459369595235,1.3793103448275863,ok,,
EN_027_2__ES_027_2,27,true,es-en,/Users/nilakshanraveendran/Documents/research/data/raw/DRAL16kHz/fragments-short/ES_027_2.wav,/Users/nilakshanraveendran/Documents/research/data/raw/DRAL16kHz/fragments-short/EN_027_2.wav,"Mmm, cierto.","Mmm, cierto.",Right...,"Mmm, right.","Hmm, right.",/Users/nilakshanraveendran/Documents/research/outputs/synthesis/es-en/EN_027_2__ES_027_2_es-en.wav,2087804819,0.0,0.5,0.5591106414794922,0.28146278858184814,99.98390894610505,107.62415216642785,99.10278041760989,9.720359660830548,11.996314159649646,9.65253552350186,0.004118076991289854,0.1060362309217453,0.00277617946267128,1.45,1.942,1.1,1.3793103448275863,1.0298661174047374,0.9090909090909091,ok,,
EN_035_15__ES_035_15,34,true,en-es,/Users/nilakshanraveendran/Documents/research/data/raw/DRAL16kHz/fragments-short/EN_035_15.wav,/Users/nilakshanraveendran/Documents/research/data/raw/DRAL16kHz/fragments-short/ES_035_15.wav,it's that kind of music that doesn't really have a lyrics or,It's a kind of music that doesn't really have a lyrics.,"Es un tipo de música que realmente no tiene una letra, pero sí.",Es un tipo de música que no tiene letra.,es un tipo de música que no tiene letra.,/Users/nilakshanraveendran/Documents/research/outputs/synthesis/en-es/EN_035_15__ES_035_15_en-es.wav,2013156135,0.16666666666666666,0.0,0.5103579163551331,0.4623534083366394,279.8955825011318,235.7926822348824,227.0597011361834,111.96870638159803,34.96913993778392,53.27147560604332,0.01962202787399292,0.09121997654438019,0.012210573069751263,2.85,2.731375,3.96,4.2105263157894735,3.2950437050935886,3.282828282828283,ok,,
EN_035_15__ES_035_15,34,true,es-en,/Users/nilakshanraveendran/Documents/research/data/raw/DRAL16kHz/fragments-short/ES_035_15.wav,/Users/nilakshanraveendran/Documents/research/data/raw/DRAL16kHz/fragments-short/EN_035_15.wav,"Es un tipo de música que realmente no tiene una letra, pero sí.","Es un tipo de música que realmente no tiene una letra, pero sí.",it's that kind of music that doesn't really have a lyrics or,"It's a kind of music that doesn't really have a lyrics, but yes.","It's a kind of music that doesn't really have a lyrics, but yes.",/Users/nilakshanraveendran/Documents/research/outputs/synthesis/es-en/EN_035_15__ES_035_15_es-en.wav,1169091485,0.0,0.0,0.3759235441684723,0.4623534083366394,227.0597011361834,215.5738803138543,279.8955825011318,53.27147560604332,73.56675341385562,111.96870638159803,0.012210573069751263,0.08736537396907806,0.01962202787399292,3.96,4.683375,2.85,3.282828282828283,2.775776016227614,4.2105263157894735,ok,,
EN_067_23__ES_067_23,67,true,en-es,/Users/nilakshanraveendran/Documents/research/data/raw/DRAL16kHz/fragments-short/EN_067_23.wav,/Users/nilakshanraveendran/Documents/research/data/raw/DRAL16kHz/fragments-short/ES_067_23.wav,"Yeah, I really like rock.","Yeah, I really like rock.","Sí, me gusta mucho rock.","Sí, me gusta mucho el rock.","Si, me gusta mucho el rock.",/Users/nilakshanraveendran/Documents/research/outputs/synthesis/en-es/EN_067_23__ES_067_23_en-es.wav,794881925,0.0,0.16666666666666666,0.33275485038757324,0.3749878406524658,108.16551126023477,109.23605411951944,112.83482736127718,13.282818555881487,30.687573494437956,8.489367866556895,0.018572870641946793,0.05729660391807556,0.011736067943274975,1.27,4.4486875,1.39,3.937007874015748,1.3487124011295466,3.5971223021582737,ok,,
EN_067_23__ES_067_23,67,true,es-en,/Users/nilakshanraveendran/Documents/research/data/raw/DRAL16kHz/fragments-short/ES_067_23.wav,/Users/nilakshanraveendran/Documents/research/data/raw/DRAL16kHz/fragments-short/EN_067_23.wav,"Sí, me gusta mucho rock.",¡Me gusta mucho rock!,"Yeah, I really like rock.",I like rock a lot!,I like rock a lot.,/Users/nilakshanraveendran/Documents/research/outputs/synthesis/es-en/EN_067_23__ES_067_23_es-en.wav,399404234,0.2,0.0,0.37957268953323364,0.3749878406524658,112.83482736127718,nan,108.16551126023477,8.489367866556895,nan,13.282818555881487,0.011736067943274975,0.07838481664657593,0.018572870641946793,1.39,1.7606875,1.27,3.5971223021582737,2.8397997941145148,3.937007874015748,ok,,
EN_070_5__ES_070_5,70,true,en-es,/Users/nilakshanraveendran/Documents/research/data/raw/DRAL16kHz/fragments-short/EN_070_5.wav,/Users/nilakshanraveendran/Documents/research/data/raw/DRAL16kHz/fragments-short/ES_070_5.wav,Unify all countries and make them all and fall into my name,Unify all countries and make them all and fall into my name,"Hacer los países, unificarlos en una nación muy grande y fuerte a mi nombre.",Unificar a todos los países y hacerlos todos y caer en mi nombre,unificar a todos los países y hacerlos todos y caer mi nombre.,/Users/nilakshanraveendran/Documents/research/outputs/synthesis/en-es/EN_070_5__ES_070_5_en-es.wav,710535838,0.0,0.07692307692307693,0.5421304702758789,0.5858779549598694,119.05828043405965,200.80839187537575,118.83693551935366,9.22063884369572,248.03173426745323,8.5133228041074,0.008633330464363098,0.09466058015823364,0.009826073423027992,5.23,5.099375,4.49,2.2944550669216057,2.5493320259835763,3.1180400890868594,ok,,
EN_070_5__ES_070_5,70,true,es-en,/Users/nilakshanraveendran/Documents/research/data/raw/DRAL16kHz/fragments-short/ES_070_5.wav,/Users/nilakshanraveendran/Documents/research/data/raw/DRAL16kHz/fragments-short/EN_070_5.wav,"Hacer los países, unificarlos en una nación muy grande y fuerte a mi nombre.",hacer los países unificarlos en una nación muy grande y fuerte a mi nombre.,Unify all countries and make them all and fall into my name,make countries unify them into a nation very large and strong in my name.,make countries unify them into a nation very large and strong in my name.,/Users/nilakshanraveendran/Documents/research/outputs/synthesis/es-en/EN_070_5__ES_070_5_es-en.wav,1082901573,0.0,0.0,0.4242292046546936,0.5858779549598694,118.83693551935366,118.29418098036935,119.05828043405965,8.5133228041074,8.204681092420696,9.22063884369572,0.009826073423027992,0.11578819155693054,0.008633330464363098,4.49,3.894,5.23,3.1180400890868594,3.5952747817154598,2.2944550669216057,ok,,
EN_075_29__ES_075_29,75,true,en-es,/Users/nilakshanraveendran/Documents/research/data/raw/DRAL16kHz/fragments-short/EN_075_29.wav,/Users/nilakshanraveendran/Documents/research/data/raw/DRAL16kHz/fragments-short/ES_075_29.wav,But I already saw it.,But I already saw it.,[laughter] ¡Pero yo ya la vi!,Pero ya lo vi.,Pero ya lo vi.,/Users/nilakshanraveendran/Documents/research/outputs/synthesis/en-es/EN_075_29__ES_075_29_en-es.wav,2083906144,0.0,0.0,0.23859527707099915,0.3118051290512085,278.6082686661416,249.9492036589322,325.8633525293548,43.228963557643695,26.329912017059296,101.02460113304738,0.053991205990314484,0.08284840732812881,0.06315451115369797,1.54,1.622,1.375,3.2467532467532467,2.4660912453760786,4.363636363636363,ok,,
EN_075_29__ES_075_29,75,true,es-en,/Users/nilakshanraveendran/Documents/research/data/raw/DRAL16kHz/fragments-short/ES_075_29.wav,/Users/nilakshanraveendran/Documents/research/data/raw/DRAL16kHz/fragments-short/EN_075_29.wav,[laughter] ¡Pero yo ya la vi!,Pero yo ya la vi.,But I already saw it.,But I already saw her.,but I already saw her.,/Users/nilakshanraveendran/Documents/research/outputs/synthesis/es-en/EN_075_29__ES_075_29_es-en.wav,1880869276,0.16666666666666666,0.0,0.2594905495643616,0.3118051290512085,325.8633525293548,553.5501320651565,278.6082686661416,101.02460113304738,264.50100114654464,43.228963557643695,0.06315451115369797,0.10677440464496613,0.053991205990314484,1.375,2.0806875,1.54,4.363636363636363,2.4030518758823707,3.2467532467532467,ok,,
EN_027_30__ES_027_30,27,true,en-es,/Users/nilakshanraveendran/Documents/research/data/raw/DRAL16kHz/fragments-short/EN_027_30.wav,/Users/nilakshanraveendran/Documents/research/data/raw/DRAL16kHz/fragments-short/ES_027_30.wav,I don't know what the definition of a philanthropist is.,I don't know what the definition of a philanthropist is.,No sé la definición de filántropo.,No sé cuál es la definición de filántropo.,No sé cuál es la definición de Philántropo.,/Users/nilakshanraveendran/Documents/research/outputs/synthesis/en-es/EN_027_30__ES_027_30_en-es.wav,131595851,0.0,0.125,0.4014071524143219,0.5665311813354492,102.2353547350489,108.62415227059438,106.29257398722721,14.314563958102115,21.608827758796043,12.427013892329706,0.0059986901469528675,0.08210983127355576,0.007695832755416632,2.24,5.238,2.09,4.4642857142857135,1.5273004963726613,2.870813397129187,ok,,
EN_027_30__ES_027_30,27,true,es-en,/Users/nilakshanraveendran/Documents/research/data/raw/DRAL16kHz/fragments-short/ES_027_30.wav,/Users/nilakshanraveendran/Documents/research/data/raw/DRAL16kHz/fragments-short/EN_027_30.wav,No sé la definición de filántropo.,no sé la definición de filantropófono,I don't know what the definition of a philanthropist is.,I don't know the definition of philanthropophone,I don't know the definition of Philanthropophonum.,/Users/nilakshanraveendran/Documents/research/outputs/synthesis/es-en/EN_027_30__ES_027_30_es-en.wav,1694346829,0.16666666666666666,0.14285714285714285,0.49061229825019836,0.5665311813354492,106.29257398722721,105.32170241381864,102.2353547350489,12.427013892329706,17.57953956704544,14.314563958102115,0.007695832755416632,0.12113915383815765,0.0059986901469528675,2.09,3.1046875,2.24,2.870813397129187,2.254655259184701,4.4642857142857135,ok,,
EN_035_2__ES_035_2,34,true,en-es,/Users/nilakshanraveendran/Documents/research/data/raw/DRAL16kHz/fragments-short/EN_035_2.wav,/Users/nilakshanraveendran/Documents/research/data/raw/DRAL16kHz/fragments-short/ES_035_2.wav,"Oh, cool [laughter].",So cool.,que genial,Genial.,Hawk imagineones,/Users/nilakshanraveendran/Documents/research/outputs/synthesis/en-es/EN_035_2__ES_035_2_en-es.wav,1608531205,0.6666666666666666,2.0,0.46211445331573486,0.378545880317688,330.31681043191855,410.21342458021815,414.6999772582325,54.32297382406431,109.71364226329501,255.19649807851528,0.041310012340545654,0.0988694280385971,0.022391363978385925,1.14,1.7606875,1.68,2.6315789473684212,0.567959958822903,1.1904761904761905,ok,,
EN_035_2__ES_035_2,34,true,es-en,/Users/nilakshanraveendran/Documents/research/data/raw/DRAL16kHz/fragments-short/ES_035_2.wav,/Users/nilakshanraveendran/Documents/research/data/raw/DRAL16kHz/fragments-short/EN_035_2.wav,que genial,¡Qué genial!,"Oh, cool [laughter].",That's great!,That's it. I've been in.,/Users/nilakshanraveendran/Documents/research/outputs/synthesis/es-en/EN_035_2__ES_035_2_es-en.wav,671831461,0.5,2.0,0.24936531484127045,0.378545880317688,414.6999772582325,298.12269282963837,330.31681043191855,255.19649807851528,47.043502077126135,54.32297382406431,0.022391363978385925,0.06517032533884048,0.041310012340545654,1.68,4.502,1.14,1.1904761904761905,0.44424700133274103,2.6315789473684212,ok,,
EN_067_25__ES_067_25,67,true,en-es,/Users/nilakshanraveendran/Documents/research/data/raw/DRAL16kHz/fragments-short/EN_067_25.wav,/Users/nilakshanraveendran/Documents/research/data/raw/DRAL16kHz/fragments-short/ES_067_25.wav,I sold some stuff so I can buy a guitar.,I sold some stuff so I can buy a guitar.,Vendí unas cosas para poder comprar una guitarra.,Vendí algunas cosas para poder comprar una guitarra.,vendía algunas cosas para poder comprar una guitarra.,/Users/nilakshanraveendran/Documents/research/outputs/synthesis/en-es/EN_067_25__ES_067_25_en-es.wav,219793785,0.0,0.125,0.5717412829399109,0.5290398597717285,104.84958370969144,104.47712607970644,111.19969548036038,10.631384676758808,16.499393877710038,15.540229712681072,0.008871784433722496,0.10158420354127884,0.011205318383872509,2.84,3.9366875,2.79,3.5211267605633805,2.0321653674567766,2.867383512544803,ok,,
EN_067_25__ES_067_25,67,true,es-en,/Users/nilakshanraveendran/Documents/research/data/raw/DRAL16kHz/fragments-short/ES_067_25.wav,/Users/nilakshanraveendran/Documents/research/data/raw/DRAL16kHz/fragments-short/EN_067_25.wav,Vendí unas cosas para poder comprar una guitarra.,vendí unas cosas para poder comprar una guitarra,I sold some stuff so I can buy a guitar.,I sold a few things so I could buy a guitar.,I sold a few things so I could buy a guitar.,/Users/nilakshanraveendran/Documents/research/outputs/synthesis/es-en/EN_067_25__ES_067_25_es-en.wav,1738947932,0.0,0.0,0.5929062366485596,0.5290398597717285,111.19969548036038,109.00802657206134,104.84958370969144,15.540229712681072,22.170643984217012,10.631384676758808,0.011205318383872509,0.08620874583721161,0.008871784433722496,2.79,3.339375,2.84,2.867383512544803,3.2940295714018344,3.5211267605633805,ok,,
EN_070_6__ES_070_6,70,true,en-es,/Users/nilakshanraveendran/Documents/research/data/raw/DRAL16kHz/fragments-short/EN_070_6.wav,/Users/nilakshanraveendran/Documents/research/data/raw/DRAL16kHz/fragments-short/ES_070_6.wav,Because I am very selfish. I would like to have all the riches in the world.,because I am very selfish. I would like to have all the riches in the world.,Porque yo soy una persona muy egoísta. A mí me gustaría tener todas las riquezas del mundo.,porque soy muy egoísta. Me gustaría tener todas las riquezas del mundo.,porque soy muy boista. Me gustaría tener todas las riquezas del mundo.,/Users/nilakshanraveendran/Documents/research/outputs/synthesis/en-es/EN_070_6__ES_070_6_en-es.wav,923478472,0.0,0.08333333333333333,0.5027841329574585,0.551537275314331,115.155386238587,123.45368538866047,116.03822987479224,11.76160921768097,16.10055517399446,10.998728899665489,0.007225221022963524,0.11295667290687561,0.007990732789039612,3.95,5.42,4.96,4.0506329113924044,2.2140221402214024,3.4274193548387095,ok,,
EN_070_6__ES_070_6,70,true,es-en,/Users/nilakshanraveendran/Documents/research/data/raw/DRAL16kHz/fragments-short/ES_070_6.wav,/Users/nilakshanraveendran/Documents/research/data/raw/DRAL16kHz/fragments-short/EN_070_6.wav,Porque yo soy una persona muy egoísta. A mí me gustaría tener todas las riquezas del mundo.,porque yo soy una persona muy egoista. A mí me gustaria tener todas las riquezas del mundo.,Because I am very selfish. I would like to have all the riches in the world.,because I am a very selfish person. I would like to have all the riches of the world.,"If I am a very selfish person, I would like to have all the riches of the world.",/Users/nilakshanraveendran/Documents/research/outputs/synthesis/es-en/EN_070_6__ES_070_6_es-en.wav,1438740058,0.11764705882352941,0.05555555555555555,0.4225594997406006,0.551537275314331,116.03822987479224,117.30879794739432,115.155386238587,10.998728899665489,8.67854257395269,11.76160921768097,0.007990732789039612,0.1059638112783432,0.007225221022963524,4.96,5.1426875,3.95,3.4274193548387095,3.5001154551973066,4.0506329113924044,ok,,
EN_075_31__ES_075_31,75,true,en-es,/Users/nilakshanraveendran/Documents/research/data/raw/DRAL16kHz/fragments-short/EN_075_31.wav,/Users/nilakshanraveendran/Documents/research/data/raw/DRAL16kHz/fragments-short/ES_075_31.wav,Wait.,Wait.,¡Pérate!,Espera.,¡Espera!,/Users/nilakshanraveendran/Documents/research/outputs/synthesis/en-es/EN_075_31__ES_075_31_en-es.wav,1429037887,0.0,0.0,0.10354159772396088,0.1302068829536438,222.2827008134562,614.9196869304594,433.7626567738636,8.066507153937923,378.52942769079345,103.72579709477671,0.03602373227477074,0.08732791990041733,0.11102301627397537,0.85,1.526,0.67,1.1764705882352942,0.655307994757536,1.4925373134328357,ok,,
EN_075_31__ES_075_31,75,true,es-en,/Users/nilakshanraveendran/Documents/research/data/raw/DRAL16kHz/fragments-short/ES_075_31.wav,/Users/nilakshanraveendran/Documents/research/data/raw/DRAL16kHz/fragments-short/EN_075_31.wav,¡Pérate!,¡Ven a ver!,Wait.,Come and see!,Come and see!,/Users/nilakshanraveendran/Documents/research/outputs/synthesis/es-en/EN_075_31__ES_075_31_es-en.wav,387439680,3.0,0.0,0.20687469840049744,0.1302068829536438,433.7626567738636,nan,222.2827008134562,103.72579709477671,nan,8.066507153937923,0.11102301627397537,0.06467316299676895,0.03602373227477074,0.67,1.387375,0.85,1.4925373134328357,2.162356969096315,1.1764705882352942,ok,,
EN_027_31__ES_027_31,27,true,en-es,/Users/nilakshanraveendran/Documents/research/data/raw/DRAL16kHz/fragments-short/EN_027_31.wav,/Users/nilakshanraveendran/Documents/research/data/raw/DRAL16kHz/fragments-short/ES_027_31.wav,but it's like dedicating your life to... helping others.,but it's like dedicating your life to helping others.,pero es como dedicando tu vida para ayudar a los otros.,Pero es como dedicar tu vida a ayudar a los demás.,pero es como dedicar tu vida a ayudar a los demás.,/Users/nilakshanraveendran/Documents/research/outputs/synthesis/en-es/EN_027_31__ES_027_31_en-es.wav,191777698,0.0,0.0,0.3566952347755432,0.5402567386627197,90.75802189891161,87.59373890119402,93.68078563542501,5.297693085264044,9.744174076630093,5.085434597021382,0.004654550459235907,0.10805118083953857,0.0063338736072182655,3.59,4.075375,3.34,2.5069637883008355,2.699138116124283,3.2934131736526946,ok,,
EN_027_31__ES_027_31,27,true,es-en,/Users/nilakshanraveendran/Documents/research/data/raw/DRAL16kHz/fragments-short/ES_027_31.wav,/Users/nilakshanraveendran/Documents/research/data/raw/DRAL16kHz/fragments-short/EN_027_31.wav,pero es como dedicando tu vida para ayudar a los otros.,pero es como dedicando tu vida para ayudar a los otros.,but it's like dedicating your life to... helping others.,But it's like dedicating your life to helping others.,but it's like dedicating your life to helping others.,/Users/nilakshanraveendran/Documents/research/outputs/synthesis/es-en/EN_027_31__ES_027_31_es-en.wav,2117143414,0.0,0.0,0.4666699767112732,0.5402567386627197,93.68078563542501,89.89428572040785,90.75802189891161,5.085434597021382,7.061229017672602,5.297693085264044,0.0063338736072182655,0.11472815275192261,0.004654550459235907,3.34,3.4246875,3.59,3.2934131736526946,2.6279770052012044,2.5069637883008355,ok,,
EN_035_4__ES_035_4,34,true,en-es,/Users/nilakshanraveendran/Documents/research/data/raw/DRAL16kHz/fragments-short/EN_035_4.wav,/Users/nilakshanraveendran/Documents/research/data/raw/DRAL16kHz/fragments-short/ES_035_4.wav,I was more a person of converse and those kind of shoes.,I was like more a person of cumbers and those kind of shoes.,Yo era una persona más de Converse y ese tipo de zapatos.,Yo era más como una persona de pepinos y ese tipo de zapatos.,Yo era más como una persona de pepinos y ese tipo de zapatos.,/Users/nilakshanraveendran/Documents/research/outputs/synthesis/en-es/EN_035_4__ES_035_4_en-es.wav,588510016,0.16666666666666666,0.0,0.5588887333869934,0.6535084247589111,245.37448491588202,237.66032671688976,225.80791536196236,32.37381734380373,30.743579952751517,23.514872464540634,0.029163850471377373,0.09960684180259705,0.01645989902317524,3.71,4.683375,3.48,3.234501347708895,2.775776016227614,3.4482758620689657,ok,,
EN_035_4__ES_035_4,34,true,es-en,/Users/nilakshanraveendran/Documents/research/data/raw/DRAL16kHz/fragments-short/ES_035_4.wav,/Users/nilakshanraveendran/Documents/research/data/raw/DRAL16kHz/fragments-short/EN_035_4.wav,Yo era una persona más de Converse y ese tipo de zapatos.,Yo era una persona más de Converse y ese tipo de zapatos,I was more a person of converse and those kind of shoes.,I was one more person from Converse and that kind of shoes.,I was one more person from Converse and that kind of shoes.,/Users/nilakshanraveendran/Documents/research/outputs/synthesis/es-en/EN_035_4__ES_035_4_es-en.wav,348712476,0.0,0.0,0.4532960057258606,0.6535084247589111,225.80791536196236,220.6892543246881,245.37448491588202,23.514872464540634,23.472710878895672,32.37381734380373,0.01645989902317524,0.10864796489477158,0.029163850471377373,3.48,3.9366875,3.71,3.4482758620689657,3.048248051185165,3.234501347708895,ok,,
EN_067_26__ES_067_26,67,true,en-es,/Users/nilakshanraveendran/Documents/research/data/raw/DRAL16kHz/fragments-short/EN_067_26.wav,/Users/nilakshanraveendran/Documents/research/data/raw/DRAL16kHz/fragments-short/ES_067_26.wav,Um we're moving from San Antonio.,uh... we're moving from san antonio,que nos estábamos moviendo de San Antonio.,Nos mudamos de San Antonio.,Nos muramos de San Antonio.,/Users/nilakshanraveendran/Documents/research/outputs/synthesis/en-es/EN_067_26__ES_067_26_en-es.wav,1078587822,0.16666666666666666,0.2,0.5467753410339355,0.5728510618209839,106.55744601333946,111.21075677127506,110.23769696251757,10.146698931098978,15.227547175606615,9.041037333482468,0.009439672343432903,0.08840257674455643,0.008443482220172882,2.44,2.454,3.23,2.459016393442623,2.037489812550937,2.1671826625387,ok,,
EN_067_26__ES_067_26,67,true,es-en,/Users/nilakshanraveendran/Documents/research/data/raw/DRAL16kHz/fragments-short/ES_067_26.wav,/Users/nilakshanraveendran/Documents/research/data/raw/DRAL16kHz/fragments-short/EN_067_26.wav,que nos estábamos moviendo de San Antonio.,que nos estábamos moviendo de San Antonio,Um we're moving from San Antonio.,that we were moving from San Antonio,that we were moving from San Antonio.,/Users/nilakshanraveendran/Documents/research/outputs/synthesis/es-en/EN_067_26__ES_067_26_es-en.wav,1120277853,0.0,0.0,0.5418951511383057,0.5728510618209839,110.23769696251757,109.84227299324375,106.55744601333946,9.041037333482468,8.526504628972816,10.146698931098978,0.008443482220172882,0.09640121459960938,0.009439672343432903,3.23,2.55,2.44,2.1671826625387,2.7450980392156863,2.459016393442623,ok,,
EN_070_8__ES_070_8,70,true,en-es,/Users/nilakshanraveendran/Documents/research/data/raw/DRAL16kHz/fragments-short/EN_070_8.wav,/Users/nilakshanraveendran/Documents/research/data/raw/DRAL16kHz/fragments-short/ES_070_8.wav,"Call me a bad person, but I think genocide is a good idea.","Call me a bad person, but I think genocide is a good idea.","Llamenme muy mala persona, pero uh ge- uh genicidio no suena muy mal.","Llámame mala persona, pero creo que el genocidio es una buena idea.","Llámame mala persona, pero creo que el genocidio es una buena idea.",/Users/nilakshanraveendran/Documents/research/outputs/synthesis/en-es/EN_070_8__ES_070_8_en-es.wav,591983990,0.0,0.0,0.4671434760093689,0.47184106707572937,125.54911809395985,130.3133737387064,133.60956320865048,17.485676565039764,20.194324396039104,14.288218366813075,0.013281714171171188,0.09354995936155319,0.010725448839366436,3.49,4.8646875,5.62,3.7249283667621773,2.46675660050106,2.3131672597864767,ok,,
EN_070_8__ES_070_8,70,true,es-en,/Users/nilakshanraveendran/Documents/research/data/raw/DRAL16kHz/fragments-short/ES_070_8.wav,/Users/nilakshanraveendran/Documents/research/data/raw/DRAL16kHz/fragments-short/EN_070_8.wav,"Llamenme muy mala persona, pero uh ge- uh genicidio no suena muy mal.",y a mi mala persona pero... a... genicidio no suena muy...,"Call me a bad person, but I think genocide is a good idea.",And to my bad person but... to... to murder doesn't sound very...,"and to my bad person, but... too. To murder doesn't sound very...",/Users/nilakshanraveendran/Documents/research/outputs/synthesis/es-en/EN_070_8__ES_070_8_es-en.wav,549584803,0.5384615384615384,0.08333333333333333,0.5127631425857544,0.47184106707572937,133.60956320865048,147.00861657834545,125.54911809395985,14.288218366813075,49.71536455610997,17.485676565039764,0.010725448839366436,0.08355718106031418,0.013281714171171188,5.62,6.5926875,3.49,2.3131672597864767,1.8201985154005857,3.7249283667621773,ok,,
EN_075_32__ES_075_32,75,true,en-es,/Users/nilakshanraveendran/Documents/research/data/raw/DRAL16kHz/fragments-short/EN_075_32.wav,/Users/nilakshanraveendran/Documents/research/data/raw/DRAL16kHz/fragments-short/ES_075_32.wav,"Na na na, don't put anything here!","No, no, no. Don't put it in the thank you.","No, no pongas aquí nada.","No, no, no lo pongas en el agradecimiento.","No, no, no lo pongas en el agradecimiento.",/Users/nilakshanraveendran/Documents/research/outputs/synthesis/en-es/EN_075_32__ES_075_32_en-es.wav,857323820,1.1428571428571428,0.0,0.5020959377288818,0.36170393228530884,308.65921877405816,232.09332062156875,322.529681638912,64.67138234913533,33.331630410622,62.973333654242566,0.05912149325013161,0.08169045299291611,0.04669869691133499,1.755,4.171375,1.23,3.988603988603989,1.9178328488807646,4.065040650406504,ok,,
EN_075_32__ES_075_32,75,true,es-en,/Users/nilakshanraveendran/Documents/research/data/raw/DRAL16kHz/fragments-short/ES_075_32.wav,/Users/nilakshanraveendran/Documents/research/data/raw/DRAL16kHz/fragments-short/EN_075_32.wav,"No, no pongas aquí nada.","No, no pongas aquí nada.","Na na na, don't put anything here!","No, don't put anything here.","No, don't put anything here.",/Users/nilakshanraveendran/Documents/research/outputs/synthesis/es-en/EN_075_32__ES_075_32_es-en.wav,1446262118,0.0,0.0,0.2989453375339508,0.36170393228530884,322.529681638912,276.42800314230465,308.65921877405816,62.973333654242566,68.77857239357503,64.67138234913533,0.04669869691133499,0.07773768901824951,0.05912149325013161,1.23,2.5926875,1.755,4.065040650406504,1.9285008316659837,3.988603988603989,ok,,
EN_027_32__ES_027_32,27,true,en-es,/Users/nilakshanraveendran/Documents/research/data/raw/DRAL16kHz/fragments-short/EN_027_32.wav,/Users/nilakshanraveendran/Documents/research/data/raw/DRAL16kHz/fragments-short/ES_027_32.wav,"So that could be... money, it could be time.","So that could be money, it could be time.",Entonces eso podría ser dinero o podría ser tiempo.,"Así que podría ser dinero, podría ser el momento.","así que podría ser dinero, podría ser el momento.",/Users/nilakshanraveendran/Documents/research/outputs/synthesis/en-es/EN_027_32__ES_027_32_en-es.wav,487166405,0.0,0.0,0.43994462490081787,0.4435850977897644,108.2993495016057,81.90389208052326,105.69476460064722,14.827091531011412,20.933777382201463,15.22998883235714,0.004368500784039497,0.05110739544034004,0.0077396584674716,2.92,10.07,3.26,3.0821917808219177,0.8937437934458788,2.7607361963190185,ok,,
EN_027_32__ES_027_32,27,true,es-en,/Users/nilakshanraveendran/Documents/research/data/raw/DRAL16kHz/fragments-short/ES_027_32.wav,/Users/nilakshanraveendran/Documents/research/data/raw/DRAL16kHz/fragments-short/EN_027_32.wav,Entonces eso podría ser dinero o podría ser tiempo.,"entonces eso podría ser dinero, podría ser tiempo.","So that could be... money, it could be time.","Then that could be money, it could be time.","then that could be money, it could be time.",/Users/nilakshanraveendran/Documents/research/outputs/synthesis/es-en/EN_027_32__ES_027_32_es-en.wav,1988190634,0.1111111111111111,0.0,0.5010006427764893,0.4435850977897644,105.69476460064722,87.90821761679129,108.2993495016057,15.22998883235714,18.096988672351326,14.827091531011412,0.0077396584674716,0.08706022053956985,0.004368500784039497,3.26,3.755375,2.92,2.7607361963190185,2.396564923609493,3.0821917808219177,ok,,
EN_035_6__ES_035_6,34,true,en-es,/Users/nilakshanraveendran/Documents/research/data/raw/DRAL16kHz/fragments-short/EN_035_6.wav,/Users/nilakshanraveendran/Documents/research/data/raw/DRAL16kHz/fragments-short/ES_035_6.wav,and they were like in trend i don't know and,"And they were like in trend, I don't know.","Estaban en tendencia, no lo sé.","Y eran como en la tendencia, no lo sé.","Y eran como en la tendencia, no lo sé.",/Users/nilakshanraveendran/Documents/research/outputs/synthesis/en-es/EN_035_6__ES_035_6_en-es.wav,852038672,0.1,0.0,0.5653639435768127,0.43433740735054016,231.68535095071746,240.2193610135811,227.97791776372696,12.220856553950895,25.20214890168685,24.167846580250643,0.02527739852666855,0.1058470606803894,0.02019975148141384,2.72,3.4246875,2.05,3.676470588235294,2.6279770052012044,2.9268292682926833,ok,,
EN_035_6__ES_035_6,34,true,es-en,/Users/nilakshanraveendran/Documents/research/data/raw/DRAL16kHz/fragments-short/ES_035_6.wav,/Users/nilakshanraveendran/Documents/research/data/raw/DRAL16kHz/fragments-short/EN_035_6.wav,"Estaban en tendencia, no lo sé.","estaban en tendencia, no lo sé",and they were like in trend i don't know and,"They were on the trend, I don't know.",They were on the trend. I don't know.,/Users/nilakshanraveendran/Documents/research/outputs/synthesis/es-en/EN_035_6__ES_035_6_es-en.wav,1697616044,0.0,0.0,0.2531101703643799,0.43433740735054016,227.97791776372696,213.14631617561358,231.68535095071746,24.167846580250643,27.133289158871833,12.220856553950895,0.02019975148141384,0.10726793110370636,0.02527739852666855,2.05,2.55,2.72,2.9268292682926833,3.1372549019607847,3.676470588235294,ok,,
EN_067_28__ES_067_28,67,true,en-es,/Users/nilakshanraveendran/Documents/research/data/raw/DRAL16kHz/fragments-short/EN_067_28.wav,/Users/nilakshanraveendran/Documents/research/data/raw/DRAL16kHz/fragments-short/ES_067_28.wav,"To my liking, yeah.","To my liking, yeah.","Sí, a mi gusto.","A mi gusto, sí.","Amigusto, si. Si.",/Users/nilakshanraveendran/Documents/research/outputs/synthesis/en-es/EN_067_28__ES_067_28_en-es.wav,1864909449,0.0,1.0,0.22181032598018646,0.41418129205703735,98.51442467302624,69.74613862313888,106.52631802760295,7.48116569788647,13.753168319411854,8.866597712098885,0.009745655581355095,0.014086276292800903,0.015739625319838524,0.995,19.499375,0.92,4.0201005025125625,0.20513477996089619,4.3478260869565215,ok,,
EN_067_28__ES_067_28,67,true,es-en,/Users/nilakshanraveendran/Documents/research/data/raw/DRAL16kHz/fragments-short/ES_067_28.wav,/Users/nilakshanraveendran/Documents/research/data/raw/DRAL16kHz/fragments-short/EN_067_28.wav,"Sí, a mi gusto.",si a mi gusto,"To my liking, yeah.","Yes, to my taste.",Yes to my taste.,/Users/nilakshanraveendran/Documents/research/outputs/synthesis/es-en/EN_067_28__ES_067_28_es-en.wav,600960372,0.25,0.0,0.5184817314147949,0.41418129205703735,106.52631802760295,95.68955646214708,98.51442467302624,8.866597712098885,13.174550182781662,7.48116569788647,0.015739625319838524,0.06816397607326508,0.009745655581355095,0.92,1.6646875,0.995,4.3478260869565215,2.4028533883987233,4.0201005025125625,ok,,
EN_074_12__ES_074_12,70,true,en-es,/Users/nilakshanraveendran/Documents/research/data/raw/DRAL16kHz/fragments-short/EN_074_12.wav,/Users/nilakshanraveendran/Documents/research/data/raw/DRAL16kHz/fragments-short/ES_074_12.wav,"Yeah, I mean obviously.","Yeah, I mean, obviously.",Digo.,"Sí, quiero decir, obviamente.","Sí, quiero decir, obviamente.",/Users/nilakshanraveendran/Documents/research/outputs/synthesis/en-es/EN_074_12__ES_074_12_en-es.wav,1173042893,0.0,0.0,0.45049619674682617,0.2579115033149719,112.52804205576331,104.94898224645694,113.30227479397104,5.2590751367165165,21.121553249109503,8.765174661423922,0.01571180857717991,0.08157546073198318,0.021423863247036934,1.26,3.5206875,0.86,3.1746031746031744,1.1361417336812767,1.1627906976744187,ok,,
EN_074_12__ES_074_12,70,true,es-en,/Users/nilakshanraveendran/Documents/research/data/raw/DRAL16kHz/fragments-short/ES_074_12.wav,/Users/nilakshanraveendran/Documents/research/data/raw/DRAL16kHz/fragments-short/EN_074_12.wav,Digo.,Diga.,"Yeah, I mean obviously.",Hello.,Hello?,/Users/nilakshanraveendran/Documents/research/outputs/synthesis/es-en/EN_074_12__ES_074_12_es-en.wav,901060688,1.0,0.0,0.28003132343292236,0.2579115033149719,113.30227479397104,77.24960844245086,112.52804205576331,8.765174661423922,19.51477651553718,5.2590751367165165,0.021423863247036934,0.04904252663254738,0.01571180857717991,0.86,1.7606875,1.26,1.1627906976744187,0.567959958822903,3.1746031746031744,ok,,
EN_075_4__ES_075_4,75,true,en-es,/Users/nilakshanraveendran/Documents/research/data/raw/DRAL16kHz/fragments-short/EN_075_4.wav,/Users/nilakshanraveendran/Documents/research/data/raw/DRAL16kHz/fragments-short/ES_075_4.wav,"make sounds with their tongue, it's like [noise], no, I get bothered.","make sounds with their tongue, it's like, no, I could bother him.",Hace sonidos así como... Con la lengua así como...as- eh me- me fastidia mucho.,"hacer sonidos con su lengua, es como, no, podría molestarlo.",hacer sonidos con su lengua es como no podría molestarlo.,/Users/nilakshanraveendran/Documents/research/outputs/synthesis/en-es/EN_075_4__ES_075_4_en-es.wav,1623721913,0.3333333333333333,0.0,0.37067335844039917,0.39059633016586304,343.94276620266135,240.12695952359397,233.4171772226537,184.29153924177731,35.089194633324745,46.56756322296624,0.02697489969432354,0.08042143285274506,0.03509743511676788,4.88,5.0566875,5.46,2.459016393442623,1.9775791958668596,2.5641025641025643,ok,,
EN_075_4__ES_075_4,75,true,es-en,/Users/nilakshanraveendran/Documents/research/data/raw/DRAL16kHz/fragments-short/ES_075_4.wav,/Users/nilakshanraveendran/Documents/research/data/raw/DRAL16kHz/fragments-short/EN_075_4.wav,Hace sonidos así como... Con la lengua así como...as- eh me- me fastidia mucho.,hace sonidos así como con la lengua así como me me pastilla mucho,"make sounds with their tongue, it's like [noise], no, I get bothered.",It makes sounds just like with my tongue just like I get a lot of pills.,It makes sounds just like with my tongue just like I get a lot of pills.,/Users/nilakshanraveendran/Documents/research/outputs/synthesis/es-en/EN_075_4__ES_075_4_es-en.wav,197368230,0.21428571428571427,0.0,0.47782671451568604,0.39059633016586304,233.4171772226537,245.19155872610045,343.94276620266135,46.56756322296624,33.74330784345013,184.29153924177731,0.03509743511676788,0.11094333231449127,0.02697489969432354,5.46,4.406,4.88,2.5641025641025643,3.631411711302769,2.459016393442623,ok,,
EN_027_33__ES_027_33,27,true,en-es,/Users/nilakshanraveendran/Documents/research/data/raw/DRAL16kHz/fragments-short/EN_027_33.wav,/Users/nilakshanraveendran/Documents/research/data/raw/DRAL16kHz/fragments-short/ES_027_33.wav,"be well off, not rich.","be well off, not rich.","ser cómodo, no rico","Sé bueno, no rico.","Sé bueno, no rico.",/Users/nilakshanraveendran/Documents/research/outputs/synthesis/en-es/EN_027_33__ES_027_33_en-es.wav,723139744,0.0,0.0,0.13998165726661682,0.2505107522010803,110.93616853434091,105.33656339195387,109.96262691154648,23.11973734003047,27.852699872442937,16.691158576321346,0.006408193148672581,0.06738442927598953,0.008516903035342693,1.45,3.478,1.63,3.4482758620689657,1.1500862564692351,2.4539877300613497,ok,,
EN_027_33__ES_027_33,27,true,es-en,/Users/nilakshanraveendran/Documents/research/data/raw/DRAL16kHz/fragments-short/ES_027_33.wav,/Users/nilakshanraveendran/Documents/research/data/raw/DRAL16kHz/fragments-short/EN_027_33.wav,"ser cómodo, no rico",ser como Noriko,"be well off, not rich.",be like Noriko,be like Noriko.,/Users/nilakshanraveendran/Documents/research/outputs/synthesis/es-en/EN_027_33__ES_027_33_es-en.wav,1775696875,0.75,0.0,0.5892252922058105,0.2505107522010803,109.96262691154648,107.74668795252012,110.93616853434091,16.691158576321346,6.76671591791733,23.11973734003047,0.008516903035342693,0.09676022827625275,0.006408193148672581,1.63,1.899375,1.45,2.4539877300613497,1.579466929911155,3.4482758620689657,ok,,
EN_035_7__ES_035_7,34,true,en-es,/Users/nilakshanraveendran/Documents/research/data/raw/DRAL16kHz/fragments-short/EN_035_7.wav,/Users/nilakshanraveendran/Documents/research/data/raw/DRAL16kHz/fragments-short/ES_035_7.wav,That's why I wanted to buy them.,That's why I wanted to buy them.,Es por eso que quería comprarlos.,Por eso quería comprarlos.,Por eso quería comprarlos.,/Users/nilakshanraveendran/Documents/research/outputs/synthesis/en-es/EN_035_7__ES_035_7_en-es.wav,268937341,0.0,0.0,0.34766286611557007,0.42801395058631897,209.03517582022823,191.23607172032183,221.01947429055227,20.47467050724219,67.39179935031144,7.787270036623286,0.021481754258275032,0.12376435101032257,0.011794887483119965,2.34,1.942,2.51,2.9914529914529915,2.059732234809475,2.3904382470119523,ok,,
EN_035_7__ES_035_7,34,true,es-en,/Users/nilakshanraveendran/Documents/research/data/raw/DRAL16kHz/fragments-short/ES_035_7.wav,/Users/nilakshanraveendran/Documents/research/data/raw/DRAL16kHz/fragments-short/EN_035_7.wav,Es por eso que quería comprarlos.,es por eso que quería compararnos.,That's why I wanted to buy them.,That's why he wanted to compare us.,That's why he wanted to compare us.,/Users/nilakshanraveendran/Documents/research/outputs/synthesis/es-en/EN_035_7__ES_035_7_es-en.wav,887489637,0.16666666666666666,0.0,0.2979825735092163,0.42801395058631897,221.01947429055227,228.23807939118322,209.03517582022823,7.787270036623286,14.613574336589501,20.47467050724219,0.011794887483119965,0.09271340817213058,0.021481754258275032,2.51,2.2726875,2.34,2.3904382470119523,3.0800539009432666,2.9914529914529915,ok,,
EN_067_29__ES_067_29,67,true,en-es,/Users/nilakshanraveendran/Documents/research/data/raw/DRAL16kHz/fragments-short/EN_067_29.wav,/Users/nilakshanraveendran/Documents/research/data/raw/DRAL16kHz/fragments-short/ES_067_29.wav,I think that I Um I don't have to buy another one.,I think that I don't have to buy another one.,Yo pienso que no ten- tengo que- no necesito comprar otra.,Creo que no tengo que comprar otro.,Creo que no tengo que comprar otro.,/Users/nilakshanraveendran/Documents/research/outputs/synthesis/en-es/EN_067_29__ES_067_29_en-es.wav,1178538442,0.16666666666666666,0.0,0.5691231489181519,0.5485066771507263,112.90610510138474,114.38166416788202,123.97248907748526,13.957587686469749,17.18764868650379,12.641462541419319,0.013291102834045887,0.09494809061288834,0.01636490225791931,3.6,2.4966875,3.29,3.333333333333333,2.80371492227201,3.3434650455927053,ok,,
EN_067_29__ES_067_29,67,true,es-en,/Users/nilakshanraveendran/Documents/research/data/raw/DRAL16kHz/fragments-short/ES_067_29.wav,/Users/nilakshanraveendran/Documents/research/data/raw/DRAL16kHz/fragments-short/EN_067_29.wav,Yo pienso que no ten- tengo que- no necesito comprar otra.,Yo pienso que no necesito comprar otra,I think that I Um I don't have to buy another one.,I don't think I need to buy another one.,I don't think I need to buy another one.,/Users/nilakshanraveendran/Documents/research/outputs/synthesis/es-en/EN_067_29__ES_067_29_es-en.wav,1898940720,0.36363636363636365,0.0,0.6214330196380615,0.5485066771507263,123.97248907748526,115.03842804294392,112.90610510138474,12.641462541419319,26.830538126182166,13.957587686469749,0.01636490225791931,0.09856975823640823,0.013291102834045887,3.29,2.0806875,3.6,3.3434650455927053,4.325493376588268,3.333333333333333,ok,,
EN_074_13__ES_074_13,70,true,en-es,/Users/nilakshanraveendran/Documents/research/data/raw/DRAL16kHz/fragments-short/EN_074_13.wav,/Users/nilakshanraveendran/Documents/research/data/raw/DRAL16kHz/fragments-short/ES_074_13.wav,"cool that they introduce him back, Sabo, but like","cool that they introduced him back, Sabon, but like...","Uh, estuvo padre que metieran a Sabo de nuevo, pero uh...","Genial que le hayan presentado de vuelta, Sabon, pero como...","Genial que le hayan presentado de vuelta. Sabón, pero cómodo.",/Users/nilakshanraveendran/Documents/research/outputs/synthesis/en-es/EN_074_13__ES_074_13_en-es.wav,461436903,0.2222222222222222,0.2,0.4981231689453125,0.5205532908439636,126.88801939374306,125.33824721594469,111.29326208648291,14.432463658393205,16.641431450569154,18.778618372962068,0.009365629404783249,0.10531649738550186,0.02709903009235859,2.28,5.291375,3.24,3.947368421052632,1.8898679454773097,3.3950617283950617,ok,,
EN_074_13__ES_074_13,70,true,es-en,/Users/nilakshanraveendran/Documents/research/data/raw/DRAL16kHz/fragments-short/ES_074_13.wav,/Users/nilakshanraveendran/Documents/research/data/raw/DRAL16kHz/fragments-short/EN_074_13.wav,"Uh, estuvo padre que metieran a Sabo de nuevo, pero uh...",Estuvo padre que me tiran las sábanas pero...,"cool that they introduce him back, Sabo, but like",It was Father who threw the sheets at me but...,"It was father who threw the sheets at me, but...",/Users/nilakshanraveendran/Documents/research/outputs/synthesis/es-en/EN_074_13__ES_074_13_es-en.wav,14715804,0.6363636363636364,0.0,0.4917593002319336,0.5205532908439636,111.29326208648291,115.2683446820593,126.88801939374306,18.778618372962068,10.548198104736738,14.432463658393205,0.02709903009235859,0.107935830950737,0.009365629404783249,3.24,4.683375,2.28,3.3950617283950617,2.1352123201750874,3.947368421052632,ok,,
EN_075_5__ES_075_5,75,true,en-es,/Users/nilakshanraveendran/Documents/research/data/raw/DRAL16kHz/fragments-short/EN_075_5.wav,/Users/nilakshanraveendran/Documents/research/data/raw/DRAL16kHz/fragments-short/ES_075_5.wav,I hate it with all my nerves.,I hit it with all my nerves.,Me desespera. Lo odio. Con todo mi ser.,Lo golpeé con todos mis nervios.,lo golpeé con todos mis nervios.,/Users/nilakshanraveendran/Documents/research/outputs/synthesis/en-es/EN_075_5__ES_075_5_en-es.wav,176627487,0.14285714285714285,0.0,0.34443238377571106,0.38756635785102844,252.7374036587167,244.64009209218457,226.40667245392103,42.51247241670513,30.67632036245051,16.440604779398125,0.02425600215792656,0.09787145256996155,0.04143773019313812,2.23,2.411375,2.91,3.1390134529147984,2.4882069358768337,2.7491408934707904,ok,,
EN_075_5__ES_075_5,75,true,es-en,/Users/nilakshanraveendran/Documents/research/data/raw/DRAL16kHz/fragments-short/ES_075_5.wav,/Users/nilakshanraveendran/Documents/research/data/raw/DRAL16kHz/fragments-short/EN_075_5.wav,Me desespera. Lo odio. Con todo mi ser.,"Me desespera, lo odio con todo mi ser.",I hate it with all my nerves.,"I despair, I hate it with all my being.",I despair. I hate it with all my being.,/Users/nilakshanraveendran/Documents/research/outputs/synthesis/es-en/EN_075_5__ES_075_5_es-en.wav,1245342677,0.0,0.0,0.43063321709632874,0.38756635785102844,226.40667245392103,333.29199780668404,252.7374036587167,16.440604779398125,232.50918320279592,42.51247241670513,0.04143773019313812,0.09699191153049469,0.02425600215792656,2.91,3.659375,2.23,2.7491408934707904,2.4594363791631086,3.1390134529147984,ok,,
EN_027_34__ES_027_34,27,true,en-es,/Users/nilakshanraveendran/Documents/research/data/raw/DRAL16kHz/fragments-short/EN_027_34.wav,/Users/nilakshanraveendran/Documents/research/data/raw/DRAL16kHz/fragments-short/ES_027_34.wav,but then also just dedicate a lot of your time.,but then also just dedicate a lot of your time.,pero todavía podría dedicar mucho de este tiempo.,Pero también dedica mucho de tu tiempo.,pero también dedica mucho de tu tiempo.,/Users/nilakshanraveendran/Documents/research/outputs/synthesis/en-es/EN_027_34__ES_027_34_en-es.wav,1174666032,0.0,0.0,0.3904114365577698,0.3952924907207489,94.81430114396622,98.98376061346566,98.13555235864898,4.404316544419681,7.884531607948064,6.715583474051942,0.004535133019089699,0.11690598726272583,0.008104154840111732,2.23,2.827375,2.75,4.484304932735426,2.475794685883549,2.909090909090909,ok,,
EN_027_34__ES_027_34,27,true,es-en,/Users/nilakshanraveendran/Documents/research/data/raw/DRAL16kHz/fragments-short/ES_027_34.wav,/Users/nilakshanraveendran/Documents/research/data/raw/DRAL16kHz/fragments-short/EN_027_34.wav,pero todavía podría dedicar mucho de este tiempo.,pero todavía podrías dedicar mucho de tiempo.,but then also just dedicate a lot of your time.,But you could still spend a lot of time.,but you could still spend a lot of time.,/Users/nilakshanraveendran/Documents/research/outputs/synthesis/es-en/EN_027_34__ES_027_34_es-en.wav,779120700,0.25,0.0,0.43177253007888794,0.3952924907207489,98.13555235864898,83.41243480674143,94.81430114396622,6.715583474051942,11.817386888800105,4.404316544419681,0.008104154840111732,0.08957027643918991,0.004535133019089699,2.75,3.6166875,2.23,2.909090909090909,2.4884649281974185,4.484304932735426,ok,,
EN_035_9__ES_035_9,34,true,en-es,/Users/nilakshanraveendran/Documents/research/data/raw/DRAL16kHz/fragments-short/EN_035_9.wav,/Users/nilakshanraveendran/Documents/research/data/raw/DRAL16kHz/fragments-short/ES_035_9.wav,Those are like five and a half from boys like,Those are like five and a half from boys like...,Esos son como cinco y medio de niño.,Son como cinco y medio de chicos como...,son como 5 y medio de chicos como...,/Users/nilakshanraveendran/Documents/research/outputs/synthesis/en-es/EN_035_9__ES_035_9_en-es.wav,1617830575,0.0,0.125,0.4593399167060852,0.45769912004470825,226.59010572682465,201.92970133908113,214.3038929595432,16.623442588107515,70.54298768638316,15.588458817625824,0.03149760514497757,0.09074339270591736,0.022958656772971153,3.01,3.798,3.28,3.322259136212625,2.10637177461822,2.4390243902439024,ok,,
EN_035_9__ES_035_9,34,true,es-en,/Users/nilakshanraveendran/Documents/research/data/raw/DRAL16kHz/fragments-short/ES_035_9.wav,/Users/nilakshanraveendran/Documents/research/data/raw/DRAL16kHz/fragments-short/EN_035_9.wav,Esos son como cinco y medio de niño.,Esos son como 5 y medio de niños.,Those are like five and a half from boys like,That's like five and a half kids.,That's like five and a half kits.,/Users/nilakshanraveendran/Documents/research/outputs/synthesis/es-en/EN_035_9__ES_035_9_es-en.wav,1913834429,0.25,0.14285714285714285,0.3857557773590088,0.45769912004470825,214.3038929595432,200.9452293892972,226.59010572682465,15.588458817625824,14.886849717965173,16.623442588107515,0.022958656772971153,0.08969367295503616,0.03149760514497757,3.28,2.219375,3.01,2.4390243902439024,3.1540411151788232,3.322259136212625,ok,,
EN_067_31__ES_067_31,67,true,en-es,/Users/nilakshanraveendran/Documents/research/data/raw/DRAL16kHz/fragments-short/EN_067_31.wav,/Users/nilakshanraveendran/Documents/research/data/raw/DRAL16kHz/fragments-short/ES_067_31.wav,I do draw stuff that I'm seeing sometimes.,I do draw stuff that I'm seeing sometimes.,Sí dibujo a veces lo que estoy viendo.,Dibujo cosas que estoy viendo a veces.,dibujo cosas que estoy viendo a veces.,/Users/nilakshanraveendran/Documents/research/outputs/synthesis/en-es/EN_067_31__ES_067_31_en-es.wav,325410861,0.0,0.0,0.5248265862464905,0.45673781633377075,107.38862120039066,115.34239469763962,103.02559311064468,10.13549219272431,13.957228954422284,13.570118029357417,0.00971414614468813,0.08916155993938446,0.014245245605707169,2.11,2.731375,1.85,3.7914691943127963,2.5628117706283464,4.324324324324324,ok,,
EN_067_31__ES_067_31,67,true,es-en,/Users/nilakshanraveendran/Documents/research/data/raw/DRAL16kHz/fragments-short/ES_067_31.wav,/Users/nilakshanraveendran/Documents/research/data/raw/DRAL16kHz/fragments-short/EN_067_31.wav,Sí dibujo a veces lo que estoy viendo.,si dibujo a veces lo que estoy viendo,I do draw stuff that I'm seeing sometimes.,If I draw sometimes what I'm seeing,if I draw sometimes what I'm seeing.,/Users/nilakshanraveendran/Documents/research/outputs/synthesis/es-en/EN_067_31__ES_067_31_es-en.wav,547592744,0.125,0.0,0.5825808048248291,0.45673781633377075,103.02559311064468,102.14149707968723,107.38862120039066,13.570118029357417,12.186534554840414,10.13549219272431,0.014245245605707169,0.08394601941108704,0.00971414614468813,1.85,2.87,2.11,4.324324324324324,2.4390243902439024,3.7914691943127963,ok,,
EN_074_14__ES_074_14,70,true,en-es,/Users/nilakshanraveendran/Documents/research/data/raw/DRAL16kHz/fragments-short/EN_074_14.wav,/Users/nilakshanraveendran/Documents/research/data/raw/DRAL16kHz/fragments-short/ES_074_14.wav,"Look at the flamingo, he's like crazy OP",Look at the flamingo. It's like crazy OP.,"Pero mira a Doflamingo, este está muy roto. Está- es muy poderoso.","Mira el flamenco, es como una loca operación.",Mirar flamenco es como una loca operación.,/Users/nilakshanraveendran/Documents/research/outputs/synthesis/en-es/EN_074_14__ES_074_14_en-es.wav,1359729695,0.125,0.25,0.46631425619125366,0.6039353609085083,112.53936463828276,111.18083188885808,104.7318714451404,8.20268950234544,10.621223725460494,12.207838236123552,0.011749754659831524,0.07502301037311554,0.03233134374022484,3.94,3.755375,4.73,2.030456852791878,2.130279932097327,2.536997885835095,ok,,
EN_074_14__ES_074_14,70,true,es-en,/Users/nilakshanraveendran/Documents/research/data/raw/DRAL16kHz/fragments-short/ES_074_14.wav,/Users/nilakshanraveendran/Documents/research/data/raw/DRAL16kHz/fragments-short/EN_074_14.wav,"Pero mira a Doflamingo, este está muy roto. Está- es muy poderoso.","pero mirad a Flamingo, esta muy rota, es muy poderosa","Look at the flamingo, he's like crazy OP","But look at Flamingo, it's very broken, it's very powerful.","but look at flamingo, it's very broken. It's very powerful.",/Users/nilakshanraveendran/Documents/research/outputs/synthesis/es-en/EN_074_14__ES_074_14_es-en.wav,1277384006,0.5833333333333334,0.0,0.453599214553833,0.6039353609085083,104.7318714451404,110.6536876846607,112.53936463828276,12.207838236123552,18.74812436862288,8.20268950234544,0.03233134374022484,0.103324294090271,0.011749754659831524,4.73,3.798,3.94,2.536997885835095,2.632964718272775,2.030456852791878,ok,,
EN_075_6__ES_075_6,75,true,en-es,/Users/nilakshanraveendran/Documents/research/data/raw/DRAL16kHz/fragments-short/EN_075_6.wav,/Users/nilakshanraveendran/Documents/research/data/raw/DRAL16kHz/fragments-short/ES_075_6.wav,"Yeah yeah yeah, that- that bothers me a lot.","Yeah, yeah, yeah, that bothers me a lot.","Sí, sí, sí, sí, me fastidia todo- todo eso mucho.","Sí, sí, sí, eso me molesta mucho.","Sí, sí, sí, eso me molesta mucho.",/Users/nilakshanraveendran/Documents/research/outputs/synthesis/en-es/EN_075_6__ES_075_6_en-es.wav,295049061,0.1111111111111111,0.0,0.32146114110946655,0.3485301733016968,210.47938881621135,396.86901764704754,211.72520788985,14.436199205949752,304.15926347550993,16.20041782643416,0.028461335226893425,0.07410620152950287,0.024986248463392258,2.38,5.1526875,3.18,3.781512605042017,1.3585143675023956,3.144654088050314,ok,,
EN_075_6__ES_075_6,75,true,es-en,/Users/nilakshanraveendran/Documents/research/data/raw/DRAL16kHz/fragments-short/ES_075_6.wav,/Users/nilakshanraveendran/Documents/research/data/raw/DRAL16kHz/fragments-short/EN_075_6.wav,"Sí, sí, sí, sí, me fastidia todo- todo eso mucho.","Sí, sí, sí, me fastidia todo eso mucho.","Yeah yeah yeah, that- that bothers me a lot.","Yeah, yeah, yeah, it really pisses me off.","Yeah, yeah, yeah, yeah, it really pisses me off.",/Users/nilakshanraveendran/Documents/research/outputs/synthesis/es-en/EN_075_6__ES_075_6_es-en.wav,749889660,0.2,0.125,0.4646877944469452,0.3485301733016968,211.72520788985,210.783321031562,210.47938881621135,16.20041782643416,20.861436405126625,14.436199205949752,0.024986248463392258,0.11649028956890106,0.028461335226893425,3.18,2.7846875,2.38,3.144654088050314,2.872853776231624,3.781512605042017,ok,,
EN_027_35__ES_027_35,27,true,en-es,/Users/nilakshanraveendran/Documents/research/data/raw/DRAL16kHz/fragments-short/EN_027_35.wav,/Users/nilakshanraveendran/Documents/research/data/raw/DRAL16kHz/fragments-short/ES_027_35.wav,"Yeah, there's things that you're good at.","Yeah, those things that you're good at.","Sí, hay cosas en que eres bueno.","Sí, esas cosas en las que eres bueno.","Sí, esas cosas en las que eres bueno.",/Users/nilakshanraveendran/Documents/research/outputs/synthesis/en-es/EN_027_35__ES_027_35_en-es.wav,1380152365,0.14285714285714285,0.0,0.3977168798446655,0.48802852630615234,104.8342038486692,369.4326069226066,104.02367466362172,13.47016297421726,389.8132046784961,5.8166349256591605,0.005747246090322733,0.0641314834356308,0.0072966068983078,2.19,6.731375,2.19,3.1963470319634704,1.1884644667694193,3.1963470319634704,ok,,
EN_027_35__ES_027_35,27,true,es-en,/Users/nilakshanraveendran/Documents/research/data/raw/DRAL16kHz/fragments-short/ES_027_35.wav,/Users/nilakshanraveendran/Documents/research/data/raw/DRAL16kHz/fragments-short/EN_027_35.wav,"Sí, hay cosas en que eres bueno.","Sí, hay cosas en que eres bueno.","Yeah, there's things that you're good at.","Yeah, there are things you're good at.","Yeah, there are things you're good at.",/Users/nilakshanraveendran/Documents/research/outputs/synthesis/es-en/EN_027_35__ES_027_35_es-en.wav,73540909,0.0,0.0,0.40953028202056885,0.48802852630615234,104.02367466362172,111.01171895302505,104.8342038486692,5.8166349256591605,18.927201076793537,13.47016297421726,0.0072966068983078,0.1105184331536293,0.005747246090322733,2.19,3.6166875,2.19,3.1963470319634704,1.9354727219313255,3.1963470319634704,ok,,
EN_067_3__ES_067_3,67,true,en-es,/Users/nilakshanraveendran/Documents/research/data/raw/DRAL16kHz/fragments-short/EN_067_3.wav,/Users/nilakshanraveendran/Documents/research/data/raw/DRAL16kHz/fragments-short/ES_067_3.wav,"Um honestly, I haven't seen many movies.","Honestly, I haven't seen many movies.",Pues la verdad no- no he visto muchas películas.,"Honestamente, no he visto muchas películas.",honestamente no he visto muchas películas,/Users/nilakshanraveendran/Documents/research/outputs/synthesis/en-es/EN_067_3__ES_067_3_en-es.wav,1750169323,0.14285714285714285,0.0,0.536048173904419,0.6164555549621582,109.8687162431823,109.15431663564031,112.88667618929848,15.632448931115484,14.694937130833758,11.229325282947004,0.011409031227231026,0.08926907181739807,0.010071700438857079,1.98,3.9366875,3.23,3.5353535353535355,1.5241240255925825,2.7863777089783284,ok,,
EN_067_3__ES_067_3,67,true,es-en,/Users/nilakshanraveendran/Documents/research/data/raw/DRAL16kHz/fragments-short/ES_067_3.wav,/Users/nilakshanraveendran/Documents/research/data/raw/DRAL16kHz/fragments-short/EN_067_3.wav,Pues la verdad no- no he visto muchas películas.,pues la verdad no he visto muchas películas,"Um honestly, I haven't seen many movies.",I haven't really seen many movies.,I haven't really seen many movies.,/Users/nilakshanraveendran/Documents/research/outputs/synthesis/es-en/EN_067_3__ES_067_3_es-en.wav,489232889,0.1111111111111111,0.0,0.556118369102478,0.6164555549621582,112.88667618929848,121.00728187989492,109.8687162431823,11.229325282947004,27.6172582375203,15.632448931115484,0.010071700438857079,0.09340689331293106,0.011409031227231026,3.23,2.411375,1.98,2.7863777089783284,2.4882069358768337,3.5353535353535355,ok,,
EN_074_16__ES_074_16,70,true,en-es,/Users/nilakshanraveendran/Documents/research/data/raw/DRAL16kHz/fragments-short/EN_074_16.wav,/Users/nilakshanraveendran/Documents/research/data/raw/DRAL16kHz/fragments-short/ES_074_16.wav,"Yeah, I know.","Yeah, right now.",Sí.,"Sí, ahora mismo.","Sí, ahora mismo.",/Users/nilakshanraveendran/Documents/research/outputs/synthesis/en-es/EN_074_16__ES_074_16_en-es.wav,1298783482,0.6666666666666666,0.0,0.4006460905075073,0.10560058057308197,110.72140913038122,113.52845131405095,120.41090558960823,22.903471421574334,9.502285372595976,4.047976885977722,0.011459789238870144,0.09324930608272552,0.015754643827676773,0.88,1.995375,0.46,3.409090909090909,1.5034767900770534,2.1739130434782608,ok,,
EN_074_16__ES_074_16,70,true,es-en,/Users/nilakshanraveendran/Documents/research/data/raw/DRAL16kHz/fragments-short/ES_074_16.wav,/Users/nilakshanraveendran/Documents/research/data/raw/DRAL16kHz/fragments-short/EN_074_16.wav,Sí.,Sí.,"Yeah, I know.",Yeah.,Yeah.,/Users/nilakshanraveendran/Documents/research/outputs/synthesis/es-en/EN_074_16__ES_074_16_es-en.wav,1857020418,0.0,0.0,0.2658498287200928,0.10560058057308197,120.41090558960823,121.4120718393704,110.72140913038122,4.047976885977722,0.4817063631631874,22.903471421574334,0.015754643827676773,0.06301746517419815,0.011459789238870144,0.46,1.11,0.88,2.1739130434782608,0.9009009009009008,3.409090909090909,ok,,
EN_075_7__ES_075_7,75,true,en-es,/Users/nilakshanraveendran/Documents/research/data/raw/DRAL16kHz/fragments-short/EN_075_7.wav,/Users/nilakshanraveendran/Documents/research/data/raw/DRAL16kHz/fragments-short/ES_075_7.wav,"Let's do it with the same color! You don't have the same color! Nah, not even near, it's not the same color.","the same color, you don't have the same color nah, not even near, it's not the same color","Ok, pero no tienes ese color, no, hay que hacerlos con el mismo color. Espérate, no es cierto, no es el mismo.","el mismo color, no tienes el mismo color nah, ni siquiera cerca, no es el mismo color","El mismo color no tiene el mismo color, ni siquiera cerca, no es el mismo color.",/Users/nilakshanraveendran/Documents/research/outputs/synthesis/en-es/EN_075_7__ES_075_7_en-es.wav,558194790,0.18181818181818182,0.11764705882352941,0.4301656484603882,0.4241268038749695,262.5360372190803,233.03386947638424,288.4870621145508,64.40197974782176,44.88508469233488,70.95640756763406,0.029711594805121422,0.09151394665241241,0.02749183401465416,5.79,6.774,4.47,3.7996545768566494,2.509595512252731,4.921700223713647,ok,,
EN_075_7__ES_075_7,75,true,es-en,/Users/nilakshanraveendran/Documents/research/data/raw/DRAL16kHz/fragments-short/ES_075_7.wav,/Users/nilakshanraveendran/Documents/research/data/raw/DRAL16kHz/fragments-short/EN_075_7.wav,"Ok, pero no tienes ese color, no, hay que hacerlos con el mismo color. Espérate, no es cierto, no es el mismo.","Ok, pero no tienes ese color, no hay que hacerlas con el mismo color. Espérate, no es cierto, no es el mismo.","Let's do it with the same color! You don't have the same color! Nah, not even near, it's not the same color.","Okay, but you don't have that color, you don't have to do it with the same color.","Okay, but you don't have that color. You don't have to do it with the same color.",/Users/nilakshanraveendran/Documents/research/outputs/synthesis/es-en/EN_075_7__ES_075_7_es-en.wav,243182716,0.045454545454545456,0.0,0.4152999818325043,0.4241268038749695,288.4870621145508,246.65813661619998,262.5360372190803,70.95640756763406,36.16669533769918,64.40197974782176,0.02749183401465416,0.09076879173517227,0.029711594805121422,4.47,4.779375,5.79,4.921700223713647,3.556950438080293,3.7996545768566494,ok,,
EN_027_36__ES_027_36,27,true,en-es,/Users/nilakshanraveendran/Documents/research/data/raw/DRAL16kHz/fragments-short/EN_027_36.wav,/Users/nilakshanraveendran/Documents/research/data/raw/DRAL16kHz/fragments-short/ES_027_36.wav,things that you want to do.,things that you want to do.,cosas que quieres hacer,cosas que quieres hacer.,cosas que quieres hacer.,/Users/nilakshanraveendran/Documents/research/outputs/synthesis/en-es/EN_027_36__ES_027_36_en-es.wav,1879137328,0.0,0.0,0.20533695816993713,0.33161240816116333,100.29446070529634,80.61211765930611,104.47294917320104,7.224666979553499,20.066612222932388,6.399905016949332,0.0044761053286492825,0.07932788133621216,0.00606606574729085,1.26,2.1766875,1.15,4.761904761904762,1.8376546931978064,3.4782608695652177,ok,,
EN_027_36__ES_027_36,27,true,es-en,/Users/nilakshanraveendran/Documents/research/data/raw/DRAL16kHz/fragments-short/ES_027_36.wav,/Users/nilakshanraveendran/Documents/research/data/raw/DRAL16kHz/fragments-short/EN_027_36.wav,cosas que quieres hacer,¿Qué quieres hacer?,things that you want to do.,What do you want to do?,What do you want to do?,/Users/nilakshanraveendran/Documents/research/outputs/synthesis/es-en/EN_027_36__ES_027_36_es-en.wav,730199304,0.5,0.0,0.39468884468078613,0.33161240816116333,104.47294917320104,108.79564951732165,100.29446070529634,6.399905016949332,7.909572083247362,7.224666979553499,0.00606606574729085,0.10527767241001129,0.0044761053286492825,1.15,1.483375,1.26,3.4782608695652177,4.044830201398836,4.761904761904762,ok,,
EN_067_4__ES_067_4,67,true,en-es,/Users/nilakshanraveendran/Documents/research/data/raw/DRAL16kHz/fragments-short/EN_067_4.wav,/Users/nilakshanraveendran/Documents/research/data/raw/DRAL16kHz/fragments-short/ES_067_4.wav,I like to play the guitar. I have a guitar.,"I like to play the guitar, I have a guitar.","Me gusta tocar la guitarra, tengo una guitarra.","Me gusta tocar la guitarra, tengo una guitarra.","Me gusta tocar la guitarra, tengo una guitarra.",/Users/nilakshanraveendran/Documents/research/outputs/synthesis/en-es/EN_067_4__ES_067_4_en-es.wav,85198645,0.0,0.0,0.3152773678302765,0.44216394424438477,110.70943101545244,737.4817737651205,105.92235550669307,15.116899436391344,352.0632971129848,4.784897846757534,0.009377233684062958,0.03515474498271942,0.010214883834123611,1.74,8.9606875,2.16,5.747126436781609,0.8927886392645653,3.7037037037037033,ok,,
EN_067_4__ES_067_4,67,true,es-en,/Users/nilakshanraveendran/Documents/research/data/raw/DRAL16kHz/fragments-short/ES_067_4.wav,/Users/nilakshanraveendran/Documents/research/data/raw/DRAL16kHz/fragments-short/EN_067_4.wav,"Me gusta tocar la guitarra, tengo una guitarra.","Me gusta tocar la guitarra, tengo una guitarra.",I like to play the guitar. I have a guitar.,"I like playing guitar, I have a guitar.",I like playing guitar. I have a guitar.,/Users/nilakshanraveendran/Documents/research/outputs/synthesis/es-en/EN_067_4__ES_067_4_es-en.wav,496197558,0.0,0.0,0.5468694567680359,0.44216394424438477,105.92235550669307,111.58274114921929,110.70943101545244,4.784897846757534,5.649826019577587,15.116899436391344,0.010214883834123611,0.09575781226158142,0.009377233684062958,2.16,2.966,1.74,3.7037037037037033,2.6972353337828725,5.747126436781609,ok,,
EN_074_17__ES_074_17,70,true,en-es,/Users/nilakshanraveendran/Documents/research/data/raw/DRAL16kHz/fragments-short/EN_074_17.wav,/Users/nilakshanraveendran/Documents/research/data/raw/DRAL16kHz/fragments-short/ES_074_17.wav,"No, no, no. He's going to be important.","No, no, no, he's gonna be important.","No, no, o sea, él si va a ser muy importante, la verdad.","No, no, no, va a ser importante.","No, no, no. Va a ser importante.",/Users/nilakshanraveendran/Documents/research/outputs/synthesis/en-es/EN_074_17__ES_074_17_en-es.wav,2044829468,0.25,0.0,0.5509257912635803,0.6398383378982544,125.40105442966053,115.58993799698993,113.00709927456211,16.333080642969232,13.59905207244246,12.0063581817279,0.012709531933069229,0.08811163157224655,0.034608144313097,2.69,3.1046875,2.25,2.9739776951672865,2.254655259184701,5.777777777777778,ok,,
EN_074_17__ES_074_17,70,true,es-en,/Users/nilakshanraveendran/Documents/research/data/raw/DRAL16kHz/fragments-short/ES_074_17.wav,/Users/nilakshanraveendran/Documents/research/data/raw/DRAL16kHz/fragments-short/EN_074_17.wav,"No, no, o sea, él si va a ser muy importante, la verdad.","No, no, o sea, esto va a ser muy importante la verdad.","No, no, no. He's going to be important.","No, no, I mean, this is going to be very important the truth.","No. No. I mean, this is going to be very important to Truth.",/Users/nilakshanraveendran/Documents/research/outputs/synthesis/es-en/EN_074_17__ES_074_17_es-en.wav,684487437,0.15384615384615385,0.07692307692307693,0.35827481746673584,0.6398383378982544,113.00709927456211,106.08588405744852,125.40105442966053,12.0063581817279,8.23446391132123,16.333080642969232,0.034608144313097,0.08954504877328873,0.012709531933069229,2.25,4.779375,2.69,5.777777777777778,2.720020923237871,2.9739776951672865,ok,,
EN_075_8__ES_075_8,75,true,en-es,/Users/nilakshanraveendran/Documents/research/data/raw/DRAL16kHz/fragments-short/EN_075_8.wav,/Users/nilakshanraveendran/Documents/research/data/raw/DRAL16kHz/fragments-short/ES_075_8.wav,That you don't let me talk! You never let me talk!,That you don't let me talk! You never let me talk!,¡Que no me dejas hablar! ¡Nunca me dejas hablar!,"¡Que no me dejes hablar, que nunca me dejes hablar!",que nunca me dejes hablar.,/Users/nilakshanraveendran/Documents/research/outputs/synthesis/en-es/EN_075_8__ES_075_8_en-es.wav,852953855,0.0,0.5,0.35872188210487366,0.3506852388381958,372.70864169629476,340.08797136081466,358.8769346861552,57.72645923761503,81.31860346138278,92.76863316690438,0.038719769567251205,0.08915866166353226,0.06469860672950745,2.78,3.0086875,3.12,3.956834532374101,3.3237084276781816,2.8846153846153846,ok,,
EN_075_8__ES_075_8,75,true,es-en,/Users/nilakshanraveendran/Documents/research/data/raw/DRAL16kHz/fragments-short/ES_075_8.wav,/Users/nilakshanraveendran/Documents/research/data/raw/DRAL16kHz/fragments-short/EN_075_8.wav,¡Que no me dejas hablar! ¡Nunca me dejas hablar!,¡Que no me dejas hablar! ¡Nunca me dejas hablar!,That you don't let me talk! You never let me talk!,"You don't let me talk, you never let me talk!","You don't let me talk, you never let me talk.",/Users/nilakshanraveendran/Documents/research/outputs/synthesis/es-en/EN_075_8__ES_075_8_es-en.wav,1389366185,0.0,0.0,0.300855815410614,0.3506852388381958,358.8769346861552,334.78190796810867,372.70864169629476,92.76863316690438,62.917389830859214,57.72645923761503,0.06469860672950745,0.0973142459988594,0.038719769567251205,3.12,2.4966875,2.78,2.8846153846153846,4.005307031817157,3.956834532374101,ok,,
EN_027_37__ES_027_37,27,true,en-es,/Users/nilakshanraveendran/Documents/research/data/raw/DRAL16kHz/fragments-short/EN_027_37.wav,/Users/nilakshanraveendran/Documents/research/data/raw/DRAL16kHz/fragments-short/ES_027_37.wav,and they're not always the same.,and they're not always the same.,y no siempre son las mismas cosas,y no siempre son lo mismo.,y no siempre son lo mismo.,/Users/nilakshanraveendran/Documents/research/outputs/synthesis/en-es/EN_027_37__ES_027_37_en-es.wav,154595508,0.0,0.0,0.3968014121055603,0.42533695697784424,99.8492905992659,96.34789159910926,96.33908570387575,9.1122177294859,11.782872121868406,3.109762963732755,0.0063700429163873196,0.08833005279302597,0.005173314828425646,1.26,2.966,1.59,4.761904761904762,2.0229265003371544,4.40251572327044,ok,,
EN_027_37__ES_027_37,27,true,es-en,/Users/nilakshanraveendran/Documents/research/data/raw/DRAL16kHz/fragments-short/ES_027_37.wav,/Users/nilakshanraveendran/Documents/research/data/raw/DRAL16kHz/fragments-short/EN_027_37.wav,y no siempre son las mismas cosas,y no siempre son las dos cosas.,and they're not always the same.,And it's not always both.,and it's not always both.,/Users/nilakshanraveendran/Documents/research/outputs/synthesis/es-en/EN_027_37__ES_027_37_es-en.wav,980817693,0.14285714285714285,0.0,0.3988264799118042,0.42533695697784424,96.33908570387575,91.35468211492433,99.8492905992659,3.109762963732755,7.161119702117209,9.1122177294859,0.005173314828425646,0.09963393211364746,0.0063700429163873196,1.59,2.219375,1.26,4.40251572327044,2.2528865108420164,4.761904761904762,ok,,
EN_067_5__ES_067_5,67,true,en-es,/Users/nilakshanraveendran/Documents/research/data/raw/DRAL16kHz/fragments-short/EN_067_5.wav,/Users/nilakshanraveendran/Documents/research/data/raw/DRAL16kHz/fragments-short/ES_067_5.wav,I go to the gym or I go to play.,I go to the gym or I go to play.,Voy al gimnasio o voy a jugar.,Voy al gimnasio o voy a jugar.,Voy al gimnasio o voy a jugar.,/Users/nilakshanraveendran/Documents/research/outputs/synthesis/en-es/EN_067_5__ES_067_5_en-es.wav,707113759,0.0,0.0,0.40976542234420776,0.4097172021865845,98.94543860697677,96.75732631185195,98.37449920526967,7.897182530156983,17.53709523337488,4.989817545451177,0.007232713513076305,0.11710594594478607,0.007971304468810558,1.89,2.454,1.675,5.291005291005291,2.8524857375713117,4.17910447761194,ok,,
EN_067_5__ES_067_5,67,true,es-en,/Users/nilakshanraveendran/Documents/research/data/raw/DRAL16kHz/fragments-short/ES_067_5.wav,/Users/nilakshanraveendran/Documents/research/data/raw/DRAL16kHz/fragments-short/EN_067_5.wav,Voy al gimnasio o voy a jugar.,el gimnasio o jugar.,I go to the gym or I go to play.,the gym or play.,the gym or play.,/Users/nilakshanraveendran/Documents/research/outputs/synthesis/es-en/EN_067_5__ES_067_5_es-en.wav,210059993,0.5714285714285714,0.0,0.42650967836380005,0.4097172021865845,98.37449920526967,104.49846571611711,98.94543860697677,4.989817545451177,12.977068369451151,7.897182530156983,0.007971304468810558,0.09666449576616287,0.007232713513076305,1.675,1.846,1.89,4.17910447761194,2.1668472372697725,5.291005291005291,ok,,
EN_074_1__ES_074_1,70,true,en-es,/Users/nilakshanraveendran/Documents/research/data/raw/DRAL16kHz/fragments-short/EN_074_1.wav,/Users/nilakshanraveendran/Documents/research/data/raw/DRAL16kHz/fragments-short/ES_074_1.wav,"Oh yeah, it was pretty good, not gonna lie.","Oh yeah, it was pretty good. I'm not gonna lie.","Uh, esa parte estuvo muy buena la verdad.","Sí, estuvo bastante bien, no voy a mentir.","Sí, estuvo bastante bien. No voy a mentir.",/Users/nilakshanraveendran/Documents/research/outputs/synthesis/en-es/EN_074_1__ES_074_1_en-es.wav,376267472,0.1111111111111111,0.0,0.41814008355140686,0.478458046913147,103.52694877002739,91.77036592946149,109.5790575764884,9.357485235331541,16.81082740852433,9.129732543802659,0.018809223547577858,0.08294543623924255,0.04388199746608734,1.8,6.166,1.84,5.0,1.2974375608173856,4.3478260869565215,ok,,
EN_074_1__ES_074_1,70,true,es-en,/Users/nilakshanraveendran/Documents/research/data/raw/DRAL16kHz/fragments-short/ES_074_1.wav,/Users/nilakshanraveendran/Documents/research/data/raw/DRAL16kHz/fragments-short/EN_074_1.wav,"Uh, esa parte estuvo muy buena la verdad.","Ah, esa parte estuvo muy buena la verdad.","Oh yeah, it was pretty good, not gonna lie.","Oh, that part was really good.","Oh, that part was really good.",/Users/nilakshanraveendran/Documents/research/outputs/synthesis/es-en/EN_074_1__ES_074_1_es-en.wav,1119099539,0.125,0.0,0.31105464696884155,0.478458046913147,109.5790575764884,108.50620864653101,103.52694877002739,9.129732543802659,7.081108567698852,9.357485235331541,0.04388199746608734,0.09579259157180786,0.018809223547577858,1.84,3.339375,1.8,4.3478260869565215,1.7967434025828186,5.0,ok,,
EN_027_3__ES_027_3,27,true,en-es,/Users/nilakshanraveendran/Documents/research/data/raw/DRAL16kHz/fragments-short/EN_027_3.wav,/Users/nilakshanraveendran/Documents/research/data/raw/DRAL16kHz/fragments-short/ES_027_3.wav,I think a lot of people have on their bucket list: travel.,I think a lot of people have on their bucket list travel.,Pienso que mucha gente tiene en su lista de deseos viajar.,Creo que mucha gente tiene en su lista de viajes.,creo que mucha gente tiene en su lista de viajes.,/Users/nilakshanraveendran/Documents/research/outputs/synthesis/en-es/EN_027_3__ES_027_3_en-es.wav,1318373429,0.0,0.0,0.4238000512123108,0.537588357925415,99.74113243181013,99.22029558163254,96.45863146298291,6.173878817007041,8.9225798496626,6.9282644253869785,0.006939006969332695,0.10440609604120255,0.00597480358555913,3.1,3.062,3.27,3.8709677419354835,3.2658393207054215,3.363914373088685,ok,,
EN_027_3__ES_027_3,27,true,es-en,/Users/nilakshanraveendran/Documents/research/data/raw/DRAL16kHz/fragments-short/ES_027_3.wav,/Users/nilakshanraveendran/Documents/research/data/raw/DRAL16kHz/fragments-short/EN_027_3.wav,Pienso que mucha gente tiene en su lista de deseos viajar.,pienso que mucha gente tiene en su lista de sellos viajar,I think a lot of people have on their bucket list: travel.,I think a lot of people have on their travel stamps list.,I think a lot of people have on their travel stamps list.,/Users/nilakshanraveendran/Documents/research/outputs/synthesis/es-en/EN_027_3__ES_027_3_es-en.wav,1917256535,0.09090909090909091,0.0,0.4603285789489746,0.537588357925415,96.45863146298291,97.98704795867397,99.74113243181013,6.9282644253869785,12.12037925208955,6.173878817007041,0.00597480358555913,0.11720522493124008,0.006939006969332695,3.27,3.4246875,3.1,3.363914373088685,3.5039693402682723,3.8709677419354835,ok,,
EN_067_6__ES_067_6,67,true,en-es,/Users/nilakshanraveendran/Documents/research/data/raw/DRAL16kHz/fragments-short/EN_067_6.wav,/Users/nilakshanraveendran/Documents/research/data/raw/DRAL16kHz/fragments-short/ES_067_6.wav,Or sometimes I draw. I like drawing a lot.,"or sometimes I draw, I like drawing a lot.","O a veces dibujo, también me gusta dibujar mucho.","o a veces dibujo, me gusta mucho dibujar.","o a veces dibujo, me gusta mucho dibujar.",/Users/nilakshanraveendran/Documents/research/outputs/synthesis/en-es/EN_067_6__ES_067_6_en-es.wav,1486906888,0.0,0.0,0.42246338725090027,0.5550886392593384,100.80815970695141,99.91779368929105,102.68771194532599,8.06246301362822,9.599010343992296,5.808354509959381,0.008286167867481709,0.1157972514629364,0.006716639269143343,2.01,2.635375,2.51,4.477611940298508,3.0356211165393923,3.5856573705179287,ok,,
EN_067_6__ES_067_6,67,true,es-en,/Users/nilakshanraveendran/Documents/research/data/raw/DRAL16kHz/fragments-short/ES_067_6.wav,/Users/nilakshanraveendran/Documents/research/data/raw/DRAL16kHz/fragments-short/EN_067_6.wav,"O a veces dibujo, también me gusta dibujar mucho.","a veces dibujo, también me gusta dibujar mucho",Or sometimes I draw. I like drawing a lot.,"Sometimes I draw, I also like to draw a lot","Sometimes I draw, I also like to draw a lot.",/Users/nilakshanraveendran/Documents/research/outputs/synthesis/es-en/EN_067_6__ES_067_6_es-en.wav,1067616190,0.1111111111111111,0.0,0.5371601581573486,0.5550886392593384,102.68771194532599,109.05334893970185,100.80815970695141,5.808354509959381,21.094141755467994,8.06246301362822,0.006716639269143343,0.10140947997570038,0.008286167867481709,2.51,3.798,2.01,3.5856573705179287,2.632964718272775,4.477611940298508,ok,,
EN_074_20__ES_074_20,70,true,en-es,/Users/nilakshanraveendran/Documents/research/data/raw/DRAL16kHz/fragments-short/EN_074_20.wav,/Users/nilakshanraveendran/Documents/research/data/raw/DRAL16kHz/fragments-short/ES_074_20.wav,Even after being able to defend that off [unk],Even after Vingel would defend it off last attack.,y eso que apenas Law pudo ser capaz de defenderse.,Incluso después de que Vingel lo defendera del último ataque.,incluso después de que Winger lo defendiera del último ataque piente,/Users/nilakshanraveendran/Documents/research/outputs/synthesis/en-es/EN_074_20__ES_074_20_en-es.wav,1815214187,0.6666666666666666,0.3,0.5259706974029541,0.4771345853805542,116.79441350460831,123.62003186366317,113.14364453931441,7.840262291877345,23.04075559052537,5.2526633175203665,0.01538095436990261,0.110274538397789,0.03194171190261841,3.16,5.238,3.94,2.848101265822785,1.9091256204658265,2.5380710659898478,ok,,
EN_074_20__ES_074_20,70,true,es-en,/Users/nilakshanraveendran/Documents/research/data/raw/DRAL16kHz/fragments-short/ES_074_20.wav,/Users/nilakshanraveendran/Documents/research/data/raw/DRAL16kHz/fragments-short/EN_074_20.wav,y eso que apenas Law pudo ser capaz de defenderse.,y eso que apenas lo puedo ser capaz de defenderse.,Even after being able to defend that off [unk],And I can hardly be able to defend myself.,and I can hardly be able to defend myself.,/Users/nilakshanraveendran/Documents/research/outputs/synthesis/es-en/EN_074_20__ES_074_20_es-en.wav,1807067465,0.2,0.0,0.5019996166229248,0.4771345853805542,113.14364453931441,116.97766439253027,116.79441350460831,5.2526633175203665,6.4858696583557425,7.840262291877345,0.03194171190261841,0.10998950153589249,0.01538095436990261,3.94,3.478,3.16,2.5380710659898478,2.587694077055779,2.848101265822785,ok,,
EN_027_4__ES_027_4,27,true,en-es,/Users/nilakshanraveendran/Documents/research/data/raw/DRAL16kHz/fragments-short/EN_027_4.wav,/Users/nilakshanraveendran/Documents/research/data/raw/DRAL16kHz/fragments-short/ES_027_4.wav,"Seems obvious, um.",It seems obvious.,Me parece obvio mmm.,Parece obvio.,Parece yo apio.,/Users/nilakshanraveendran/Documents/research/outputs/synthesis/en-es/EN_027_4__ES_027_4_en-es.wav,1634118093,0.6666666666666666,1.0,0.3272388279438019,0.44693925976753235,93.0907247583983,90.59525677734476,95.42783095185307,3.4153376131640014,9.845071540297736,9.85060720066503,0.004207620397210121,0.0663013905286789,0.005064060445874929,2.29,2.87,1.92,1.3100436681222707,0.6968641114982578,2.0833333333333335,ok,,
EN_027_4__ES_027_4,27,true,es-en,/Users/nilakshanraveendran/Documents/research/data/raw/DRAL16kHz/fragments-short/ES_027_4.wav,/Users/nilakshanraveendran/Documents/research/data/raw/DRAL16kHz/fragments-short/EN_027_4.wav,Me parece obvio mmm.,Me parece obvio.,"Seems obvious, um.",I think it's obvious.,I think it's obvious.,/Users/nilakshanraveendran/Documents/research/outputs/synthesis/es-en/EN_027_4__ES_027_4_es-en.wav,1321949383,0.25,0.0,0.4967612028121948,0.44693925976753235,95.42783095185307,98.2373932234885,93.0907247583983,9.85060720066503,9.559760181626315,3.4153376131640014,0.005064060445874929,0.08978556096553802,0.004207620397210121,1.92,1.707375,2.29,2.0833333333333335,2.342777655758108,1.3100436681222707,ok,,
EN_067_7__ES_067_7,67,true,en-es,/Users/nilakshanraveendran/Documents/research/data/raw/DRAL16kHz/fragments-short/EN_067_7.wav,/Users/nilakshanraveendran/Documents/research/data/raw/DRAL16kHz/fragments-short/ES_067_7.wav,Sleeping too? I like sleeping.,Sleeping too. I like sleeping.,"Dormir también, [laughter] me gusta dormir.","Dormir también, me gusta dormir.",Dormir también me gusta dormir.,/Users/nilakshanraveendran/Documents/research/outputs/synthesis/en-es/EN_067_7__ES_067_7_en-es.wav,332078308,0.0,0.0,0.4577944278717041,0.5355088710784912,106.46942519452374,100.99566654821044,101.8966899267585,11.11676790034281,19.657306445081925,10.9607643131881,0.008691832423210144,0.09083203971385956,0.012679853476583958,1.92,2.7846875,2.14,2.604166666666667,1.795533610144765,2.803738317757009,ok,,
EN_067_7__ES_067_7,67,true,es-en,/Users/nilakshanraveendran/Documents/research/data/raw/DRAL16kHz/fragments-short/ES_067_7.wav,/Users/nilakshanraveendran/Documents/research/data/raw/DRAL16kHz/fragments-short/EN_067_7.wav,"Dormir también, [laughter] me gusta dormir.",dormir también. Me gusta dormir.,Sleeping too? I like sleeping.,I like to sleep.,I like to sleep.,/Users/nilakshanraveendran/Documents/research/outputs/synthesis/es-en/EN_067_7__ES_067_7_es-en.wav,737144289,0.16666666666666666,0.0,0.1997934877872467,0.5355088710784912,101.8966899267585,92.41427154737991,106.46942519452374,10.9607643131881,18.32644905196989,11.11676790034281,0.012679853476583958,0.06994719058275223,0.008691832423210144,2.14,1.5686875,1.92,2.803738317757009,2.549902386549265,2.604166666666667,ok,,
EN_074_22__ES_074_22,70,true,en-es,/Users/nilakshanraveendran/Documents/research/data/raw/DRAL16kHz/fragments-short/EN_074_22.wav,/Users/nilakshanraveendran/Documents/research/data/raw/DRAL16kHz/fragments-short/ES_074_22.wav,"You're gonna step up, you know so?","I'm gonna step up, you know, so...",El va ser el que se va a tener que poner este- al frente.,"Voy a dar un paso adelante, ya sabes, así que...","Voy a dar un paso adelante, ya sabes. Así que...",/Users/nilakshanraveendran/Documents/research/outputs/synthesis/en-es/EN_074_22__ES_074_22_en-es.wav,465826920,0.14285714285714285,0.0,0.4330161213874817,0.4503893256187439,118.88931146218879,107.75037290226669,110.5387721722139,8.556400251611974,31.017286368422972,9.79980621524037,0.015069597400724888,0.06004137173295021,0.03208000957965851,2.19,8.673375,2.45,3.1963470319634704,1.1529537233199303,5.7142857142857135,ok,,
EN_074_22__ES_074_22,70,true,es-en,/Users/nilakshanraveendran/Documents/research/data/raw/DRAL16kHz/fragments-short/ES_074_22.wav,/Users/nilakshanraveendran/Documents/research/data/raw/DRAL16kHz/fragments-short/EN_074_22.wav,El va ser el que se va a tener que poner este- al frente.,el vaso del que se va a tener que poner al frente,"You're gonna step up, you know so?",the glass you're going to have to put in front,the glass you're going to have to put in front.,/Users/nilakshanraveendran/Documents/research/outputs/synthesis/es-en/EN_074_22__ES_074_22_es-en.wav,1096410265,0.2857142857142857,0.0,0.3756921887397766,0.4503893256187439,110.5387721722139,107.98207951547882,118.88931146218879,9.79980621524037,17.734342574075818,8.556400251611974,0.03208000957965851,0.10417768359184265,0.015069597400724888,2.45,2.635375,2.19,5.7142857142857135,3.7945263956742403,3.1963470319634704,ok,,
EN_027_5__ES_027_5,27,true,en-es,/Users/nilakshanraveendran/Documents/research/data/raw/DRAL16kHz/fragments-short/EN_027_5.wav,/Users/nilakshanraveendran/Documents/research/data/raw/DRAL16kHz/fragments-short/ES_027_5.wav,"So, traveling outside of the US.",So traveling outside of the US.,"Entonces, viajando afuera de los Estados Unidos.",Así que viajando fuera de los EE.UU.,así que viajando fuera de los A y A.,/Users/nilakshanraveendran/Documents/research/outputs/synthesis/en-es/EN_027_5__ES_027_5_en-es.wav,285985620,0.0,0.42857142857142855,0.48975223302841187,0.5580183267593384,101.63911291154233,108.06903336251823,98.43687158595546,7.235787070257575,7.966206470639156,7.058754589976319,0.006031257566064596,0.1032886654138565,0.007003284990787506,3.45,4.0326875,4.23,1.7391304347826086,1.7358151356880493,1.6548463356973993,ok,,
EN_027_5__ES_027_5,27,true,es-en,/Users/nilakshanraveendran/Documents/research/data/raw/DRAL16kHz/fragments-short/ES_027_5.wav,/Users/nilakshanraveendran/Documents/research/data/raw/DRAL16kHz/fragments-short/EN_027_5.wav,"Entonces, viajando afuera de los Estados Unidos.",entonces viajando afuera de los Estados Unidos.,"So, traveling outside of the US.",then traveling outside the United States.,than traveling outside the United States.,/Users/nilakshanraveendran/Documents/research/outputs/synthesis/es-en/EN_027_5__ES_027_5_es-en.wav,1326518401,0.0,0.16666666666666666,0.35627663135528564,0.5580183267593384,98.43687158595546,91.60466394115348,101.63911291154233,7.058754589976319,9.50647309316864,7.235787070257575,0.007003284990787506,0.09342064708471298,0.006031257566064596,4.23,2.731375,3.45,1.6548463356973993,2.1966958033957256,1.7391304347826086,ok,,
EN_067_9__ES_067_9,67,true,en-es,/Users/nilakshanraveendran/Documents/research/data/raw/DRAL16kHz/fragments-short/EN_067_9.wav,/Users/nilakshanraveendran/Documents/research/data/raw/DRAL16kHz/fragments-short/ES_067_9.wav,"Yeah, I use it more for transportation, but...","Yeah, I use it more for transportation, but...","Sí, lo uso para- más para transportación.","Sí, lo uso más para el transporte, pero...","Sí, lo uso más para el transporte, pero...",/Users/nilakshanraveendran/Documents/research/outputs/synthesis/en-es/EN_067_9__ES_067_9_en-es.wav,1846351336,0.0,0.0,0.4761476516723633,0.5835700035095215,124.94680946241633,122.23923719366095,115.4807930121692,16.78738743782835,14.192246362367323,18.97244183801824,0.00893776398152113,0.08560338616371155,0.014886314980685711,2.38,3.894,3.03,3.361344537815126,2.054442732408834,2.31023102310231,ok,,
EN_067_9__ES_067_9,67,true,es-en,/Users/nilakshanraveendran/Documents/research/data/raw/DRAL16kHz/fragments-short/ES_067_9.wav,/Users/nilakshanraveendran/Documents/research/data/raw/DRAL16kHz/fragments-short/EN_067_9.wav,"Sí, lo uso para- más para transportación.","Sí, lo uso para más para transportación.","Yeah, I use it more for transportation, but...","Yeah, I use it for more transportation.","Yeah, I use it for more transportation.",/Users/nilakshanraveendran/Documents/research/outputs/synthesis/es-en/EN_067_9__ES_067_9_es-en.wav,1420183949,0.0,0.0,0.7170841693878174,0.5835700035095215,115.4807930121692,126.34603903337917,124.94680946241633,18.97244183801824,13.709882435390265,16.78738743782835,0.014886314980685711,0.09910452365875244,0.00893776398152113,3.03,2.87,2.38,2.31023102310231,2.4390243902439024,3.361344537815126,ok,,
EN_074_24__ES_074_24,70,true,en-es,/Users/nilakshanraveendran/Documents/research/data/raw/DRAL16kHz/fragments-short/EN_074_24.wav,/Users/nilakshanraveendran/Documents/research/data/raw/DRAL16kHz/fragments-short/ES_074_24.wav,like i think that what was like really lame was um,I think that was really lame was the...,"Uh, creo que lo que estuvo muy basura fue...",Creo que eso fue realmente patético fue el...,"Creo que eso fue realmente patético, fue él.",/Users/nilakshanraveendran/Documents/research/outputs/synthesis/en-es/EN_074_24__ES_074_24_en-es.wav,96192430,0.36363636363636365,0.125,0.4064266085624695,0.5663196444511414,110.13556266797471,104.8709981584834,119.36529752531305,8.613323406153022,22.87760302408569,8.20080790719379,0.013150593265891075,0.07886507362127304,0.02166876569390297,2.97,6.4006875,2.15,3.7037037037037033,1.2498657370790247,4.186046511627907,ok,,
EN_074_24__ES_074_24,70,true,es-en,/Users/nilakshanraveendran/Documents/research/data/raw/DRAL16kHz/fragments-short/ES_074_24.wav,/Users/nilakshanraveendran/Documents/research/data/raw/DRAL16kHz/fragments-short/EN_074_24.wav,"Uh, creo que lo que estuvo muy basura fue...",Creo que lo que estuvo muy basura fue...,like i think that what was like really lame was um,I think what was really crappy was...,i think what was really crappy was,/Users/nilakshanraveendran/Documents/research/outputs/synthesis/es-en/EN_074_24__ES_074_24_es-en.wav,366988966,0.1111111111111111,0.0,0.38517144322395325,0.5663196444511414,119.36529752531305,124.68646227538193,110.13556266797471,8.20080790719379,7.038258307242414,8.613323406153022,0.02166876569390297,0.10064685344696045,0.013150593265891075,2.15,3.382,2.97,4.186046511627907,2.0697811945594324,3.7037037037037033,ok,,
EN_027_6__ES_027_6,27,true,en-es,/Users/nilakshanraveendran/Documents/research/data/raw/DRAL16kHz/fragments-short/EN_027_6.wav,/Users/nilakshanraveendran/Documents/research/data/raw/DRAL16kHz/fragments-short/ES_027_6.wav,Seems like it could be fun.,seems like a great fun.,Parece que puede ser divertido.,Parece una gran diversión.,parece una gran diversión,/Users/nilakshanraveendran/Documents/research/outputs/synthesis/en-es/EN_027_6__ES_027_6_en-es.wav,1299360383,0.5,0.0,0.4035048484802246,0.42334920167922974,104.69859798174788,998.7878628530447,nan,18.835270923757115,1.1368683772161603e-13,nan,0.0026381080970168114,0.07739613950252533,0.004942307714372873,1.41,3.339375,1.63,4.25531914893617,1.1978289350552125,3.067484662576687,ok,,
EN_027_6__ES_027_6,27,true,es-en,/Users/nilakshanraveendran/Documents/research/data/raw/DRAL16kHz/fragments-short/ES_027_6.wav,/Users/nilakshanraveendran/Documents/research/data/raw/DRAL16kHz/fragments-short/EN_027_6.wav,Parece que puede ser divertido.,Parece que puede ser divertido.,Seems like it could be fun.,Looks like it can be fun.,Looks like it can be fun.,/Users/nilakshanraveendran/Documents/research/outputs/synthesis/es-en/EN_027_6__ES_027_6_es-en.wav,1968215641,0.0,0.0,0.41568318009376526,0.42334920167922974,nan,998.7878628530447,104.69859798174788,nan,1.1368683772161603e-13,18.835270923757115,0.004942307714372873,0.06438519060611725,0.0026381080970168114,1.63,2.219375,1.41,3.067484662576687,2.7034638130104196,4.25531914893617,ok,,
EN_074_28__ES_074_28,70,true,en-es,/Users/nilakshanraveendran/Documents/research/data/raw/DRAL16kHz/fragments-short/EN_074_28.wav,/Users/nilakshanraveendran/Documents/research/data/raw/DRAL16kHz/fragments-short/ES_074_28.wav,I don't know why everyone is like looking up to him if he's just bad,I don't know why everyone is looking up to him if he's just... bad,"Uh, no sé por qué todos lo admiran, si es [laughter] es bien malo.",No sé por qué todo el mundo lo admira si él es... malo.,No sé por qué todo el mundo lo admira si él es... ...malo.,/Users/nilakshanraveendran/Documents/research/outputs/synthesis/en-es/EN_074_28__ES_074_28_en-es.wav,564381857,0.06666666666666667,0.0,0.37373244762420654,0.5546692609786987,113.75525616068678,445.8553587812543,113.49755657236938,11.409606388241484,422.6172274386184,8.345122956508218,0.010274088941514492,0.051794908940792084,0.012804880738258362,4.96,7.563375,3.36,3.024193548387097,1.7188093939544185,4.166666666666667,ok,,
EN_074_28__ES_074_28,70,true,es-en,/Users/nilakshanraveendran/Documents/research/data/raw/DRAL16kHz/fragments-short/ES_074_28.wav,/Users/nilakshanraveendran/Documents/research/data/raw/DRAL16kHz/fragments-short/EN_074_28.wav,"Uh, no sé por qué todos lo admiran, si es [laughter] es bien malo.",No sé por qué todos lo admiran si es bien mala.,I don't know why everyone is like looking up to him if he's just bad,I don't know why everyone admires him if he's bad enough.,"I don't know why everyone admires him, if he's bad enough.",/Users/nilakshanraveendran/Documents/research/outputs/synthesis/es-en/EN_074_28__ES_074_28_es-en.wav,982503973,0.2857142857142857,0.0,0.3383152186870575,0.5546692609786987,113.49755657236938,114.29742250388334,113.75525616068678,8.345122956508218,12.459637176935638,11.409606388241484,0.012804880738258362,0.10639423877000809,0.010274088941514492,3.36,4.171375,4.96,4.166666666666667,2.6370201672110514,3.024193548387097,ok,,
EN_027_7__ES_027_7,27,true,en-es,/Users/nilakshanraveendran/Documents/research/data/raw/DRAL16kHz/fragments-short/EN_027_7.wav,/Users/nilakshanraveendran/Documents/research/data/raw/DRAL16kHz/fragments-short/ES_027_7.wav,I wouldn't say that's too much of a bucket list item.,I wouldn't say that's too much of a bucket list item.,No diría que es algo para desear.,Yo no diría que eso es demasiado de un artículo de la lista de cubos.,Yo no diría que eso es demasiado de un artículo de la lista de cubos.,/Users/nilakshanraveendran/Documents/research/outputs/synthesis/en-es/EN_027_7__ES_027_7_en-es.wav,561022100,0.0,0.0,0.30640125274658203,0.555333137512207,115.09149705068214,495.2517952419012,115.10115663995587,20.338693378090102,428.05929910799404,15.038473939299376,0.007049230393022299,0.05873071029782295,0.011127468198537827,2.36,9.75,2.44,4.661016949152542,1.5384615384615385,2.8688524590163933,ok,,
EN_027_7__ES_027_7,27,true,es-en,/Users/nilakshanraveendran/Documents/research/data/raw/DRAL16kHz/fragments-short/ES_027_7.wav,/Users/nilakshanraveendran/Documents/research/data/raw/DRAL16kHz/fragments-short/EN_027_7.wav,No diría que es algo para desear.,No diría que es algo para desear,I wouldn't say that's too much of a bucket list item.,I wouldn't say it's something to wish for.,I wouldn't say it's something to wish for.,/Users/nilakshanraveendran/Documents/research/outputs/synthesis/es-en/EN_027_7__ES_027_7_es-en.wav,1091168733,0.0,0.0,0.4375268816947937,0.555333137512207,115.10115663995587,115.2636525033691,115.09149705068214,15.038473939299376,19.113227642805057,20.338693378090102,0.011127468198537827,0.10734023153781891,0.007049230393022299,2.44,3.243375,2.36,2.8688524590163933,2.4665664624041317,4.661016949152542,ok,,
EN_074_30__ES_074_30,70,true,en-es,/Users/nilakshanraveendran/Documents/research/data/raw/DRAL16kHz/fragments-short/EN_074_30.wav,/Users/nilakshanraveendran/Documents/research/data/raw/DRAL16kHz/fragments-short/ES_074_30.wav,He knows what to do in fight situations.,he knows what to do in fight situations.,"Uh, pero él sabe qué hacer cuando tiene que pelear.",Él sabe qué hacer en situaciones de lucha.,El sabe que hacer en situaciones de lucha.,/Users/nilakshanraveendran/Documents/research/outputs/synthesis/en-es/EN_074_30__ES_074_30_en-es.wav,931151086,0.0,0.25,0.5297260880470276,0.34592777490615845,105.45257236465787,101.65864183927592,111.12031318504984,10.08566042375785,12.091743631680089,6.293284458220981,0.010445880703628063,0.08856760710477829,0.012184943072497845,3.97,2.731375,2.23,2.0151133501259446,2.9289277378609677,4.484304932735426,ok,,
EN_074_30__ES_074_30,70,true,es-en,/Users/nilakshanraveendran/Documents/research/data/raw/DRAL16kHz/fragments-short/ES_074_30.wav,/Users/nilakshanraveendran/Documents/research/data/raw/DRAL16kHz/fragments-short/EN_074_30.wav,"Uh, pero él sabe qué hacer cuando tiene que pelear.",Pero él sabe qué hacer cuando tiene que pelear.,He knows what to do in fight situations.,But he knows what to do when he has to fight.,but he knows what to do when he has to fight.,/Users/nilakshanraveendran/Documents/research/outputs/synthesis/es-en/EN_074_30__ES_074_30_es-en.wav,98864914,0.1,0.0,0.3431409001350403,0.34592777490615845,111.12031318504984,115.23976601059671,105.45257236465787,6.293284458220981,6.972434538304201,10.08566042375785,0.012184943072497845,0.10069539397954941,0.010445880703628063,2.23,3.286,3.97,4.484304932735426,3.3475349969567865,2.0151133501259446,ok,,
EN_027_8__ES_027_8,27,true,en-es,/Users/nilakshanraveendran/Documents/research/data/raw/DRAL16kHz/fragments-short/EN_027_8.wav,/Users/nilakshanraveendran/Documents/research/data/raw/DRAL16kHz/fragments-short/ES_027_8.wav,because for a lot of people that's obtainable.,because for a lot of people that's obtainable.,porque para mucha gente es obtenible,porque para un montón de gente que es obtenible.,porque para un montón de gente que es obtenible.,/Users/nilakshanraveendran/Documents/research/outputs/synthesis/en-es/EN_027_8__ES_027_8_en-es.wav,1410524924,0.0,0.0,0.4555075764656067,0.5335191488265991,101.12570774817577,96.70770341451686,101.95238326310813,10.877046992814352,9.200967915343451,6.639157702482177,0.004299380350857973,0.10275395959615707,0.0065444353967905045,3.19,3.478,3.39,2.5078369905956115,2.587694077055779,1.7699115044247786,ok,,
EN_027_8__ES_027_8,27,true,es-en,/Users/nilakshanraveendran/Documents/research/data/raw/DRAL16kHz/fragments-short/ES_027_8.wav,/Users/nilakshanraveendran/Documents/research/data/raw/DRAL16kHz/fragments-short/EN_027_8.wav,porque para mucha gente es obtenible,Porque para mucha gente es... ...obtenible.,because for a lot of people that's obtainable.,Because for many people it's... ...obtainable.,Because for many people it's obtainable.,/Users/nilakshanraveendran/Documents/research/outputs/synthesis/es-en/EN_027_8__ES_027_8_es-en.wav,752668751,0.0,0.0,0.55286705493927,0.5335191488265991,101.95238326310813,105.50178088073685,101.12570774817577,6.639157702482177,8.9914571149862,10.877046992814352,0.0065444353967905045,0.08385726064443588,0.004299380350857973,3.39,3.574,3.19,1.7699115044247786,1.6787912702853947,2.5078369905956115,ok,,
EN_074_3__ES_074_3,70,true,en-es,/Users/nilakshanraveendran/Documents/research/data/raw/DRAL16kHz/fragments-short/EN_074_3.wav,/Users/nilakshanraveendran/Documents/research/data/raw/DRAL16kHz/fragments-short/ES_074_3.wav,"Yeah, yeah.","Yeah, yeah.",Sí.,"Sí, sí.",...eh... ¡si...sí!,/Users/nilakshanraveendran/Documents/research/outputs/synthesis/en-es/EN_074_3__ES_074_3_en-es.wav,1091535487,0.0,1.0,0.4193267822265625,0.3824808597564697,114.50257004898245,139.2543601605571,116.20826332700288,5.667701240193666,31.52774951776075,10.858035244356243,0.015823710709810257,0.10419930517673492,0.017827702686190605,0.33,3.574,0.473,6.0606060606060606,0.5595970900951315,2.1141649048625792,ok,,
EN_074_3__ES_074_3,70,true,es-en,/Users/nilakshanraveendran/Documents/research/data/raw/DRAL16kHz/fragments-short/ES_074_3.wav,/Users/nilakshanraveendran/Documents/research/data/raw/DRAL16kHz/fragments-short/EN_074_3.wav,Sí.,Sí.,"Yeah, yeah.",Yeah.,Yeah.,/Users/nilakshanraveendran/Documents/research/outputs/synthesis/es-en/EN_074_3__ES_074_3_es-en.wav,1276443122,0.0,0.0,0.21429310739040375,0.3824808597564697,116.20826332700288,113.7263356161216,114.50257004898245,10.858035244356243,6.198139566329908,5.667701240193666,0.017827702686190605,0.05882522091269493,0.015823710709810257,0.473,1.11,0.33,2.1141649048625792,0.9009009009009008,6.0606060606060606,ok,,
EN_027_9__ES_027_9,27,true,en-es,/Users/nilakshanraveendran/Documents/research/data/raw/DRAL16kHz/fragments-short/EN_027_9.wav,/Users/nilakshanraveendran/Documents/research/data/raw/DRAL16kHz/fragments-short/ES_027_9.wav,"Somewhere specific, I guess.",Somewhere specific I guess,un lugar específico diría,Supongo que en algún lugar específico.,"Supongo que en algún lugar específico, Tom.",/Users/nilakshanraveendran/Documents/research/outputs/synthesis/en-es/EN_027_9__ES_027_9_en-es.wav,721018214,0.0,0.16666666666666666,0.4239974617958069,0.3094419836997986,98.03851246276997,127.54022472999283,116.13097565374176,25.415026768246555,16.561511691155776,10.37441832102809,0.005466129165142775,0.10947757214307785,0.005609151907265186,2.06,3.894,2.05,1.941747572815534,1.5408320493066254,1.9512195121951221,ok,,
EN_027_9__ES_027_9,27,true,es-en,/Users/nilakshanraveendran/Documents/research/data/raw/DRAL16kHz/fragments-short/ES_027_9.wav,/Users/nilakshanraveendran/Documents/research/data/raw/DRAL16kHz/fragments-short/EN_027_9.wav,un lugar específico diría,"un lugar específico, vería","Somewhere specific, I guess.","a specific place, I would see",a specific place I would see.,/Users/nilakshanraveendran/Documents/research/outputs/synthesis/es-en/EN_027_9__ES_027_9_es-en.wav,261584714,0.25,0.0,0.27055397629737854,0.3094419836997986,116.13097565374176,74.16253497054801,98.03851246276997,10.37441832102809,4.308423030470969,25.415026768246555,0.005609151907265186,0.09417689591646194,0.005466129165142775,2.05,2.4966875,2.06,1.9512195121951221,2.4031842190902943,1.941747572815534,ok,,
EN_074_4__ES_074_4,70,true,en-es,/Users/nilakshanraveendran/Documents/research/data/raw/DRAL16kHz/fragments-short/EN_074_4.wav,/Users/nilakshanraveendran/Documents/research/data/raw/DRAL16kHz/fragments-short/ES_074_4.wav,he was able to defend himself in the competition.,he was able to defend himself in the competition.,"Uh, se puede defender solo en la competencia.",fue capaz de defenderse en la competencia.,fue capaz de defenderse en la competencia.,/Users/nilakshanraveendran/Documents/research/outputs/synthesis/en-es/EN_074_4__ES_074_4_en-es.wav,110562151,0.0,0.0,0.4966692328453064,0.5820923447608948,111.40755682484485,106.46851077302962,108.10492784508799,10.033626219478563,9.801487871571767,8.282716975404282,0.008578439243137836,0.10599999129772186,0.019052082672715187,3.01,2.923375,2.56,2.990033222591362,2.3944926668662077,3.125,ok,,
EN_074_4__ES_074_4,70,true,es-en,/Users/nilakshanraveendran/Documents/research/data/raw/DRAL16kHz/fragments-short/ES_074_4.wav,/Users/nilakshanraveendran/Documents/research/data/raw/DRAL16kHz/fragments-short/EN_074_4.wav,"Uh, se puede defender solo en la competencia.",se puede defender solo en la competencia.,he was able to defend himself in the competition.,can be defended only in the competition.,can be defended only in the competition.,/Users/nilakshanraveendran/Documents/research/outputs/synthesis/es-en/EN_074_4__ES_074_4_es-en.wav,857060443,0.125,0.0,0.4435039460659027,0.5820923447608948,108.10492784508799,121.83352784838385,111.40755682484485,8.282716975404282,9.10613152493112,10.033626219478563,0.019052082672715187,0.10502989590167999,0.008578439243137836,2.56,2.635375,3.01,3.125,2.6561684769719682,2.990033222591362,ok,,
EN_074_6__ES_074_6,70,true,en-es,/Users/nilakshanraveendran/Documents/research/data/raw/DRAL16kHz/fragments-short/EN_074_6.wav,/Users/nilakshanraveendran/Documents/research/data/raw/DRAL16kHz/fragments-short/ES_074_6.wav,"The three of them are supposed to be on the same level, well they were before when they were kids but now",the three of them are supposed to be like on the same level they were before when they were kids but now,"Se supone que estan en el mismo nivel cuando eran este niños, pero pues ahora...","los tres se supone que son como en el mismo nivel que eran antes cuando eran niños, pero ahora",Los tres se supone que son como en el mismo nivel que eran antes cuando eran niños. Pero ahora...,/Users/nilakshanraveendran/Documents/research/outputs/synthesis/en-es/EN_074_6__ES_074_6_en-es.wav,378184106,0.09090909090909091,0.0,0.4904710352420807,0.5869293212890625,108.41383459628614,104.57027999012733,110.616168153758,6.959649845936788,16.4829908198806,6.2887539875129566,0.01293820422142744,0.10217685997486115,0.022457243874669075,4.035,6.5926875,4.98,5.452292441140025,2.8819809827175944,3.012048192771084,ok,,
EN_074_6__ES_074_6,70,true,es-en,/Users/nilakshanraveendran/Documents/research/data/raw/DRAL16kHz/fragments-short/ES_074_6.wav,/Users/nilakshanraveendran/Documents/research/data/raw/DRAL16kHz/fragments-short/EN_074_6.wav,"Se supone que estan en el mismo nivel cuando eran este niños, pero pues ahora...",Si supongo que estarán en el mismo nivel cuando eran... Este niños pero pues ahora...,"The three of them are supposed to be on the same level, well they were before when they were kids but now",If I suppose they'll be on the same level when they were... these kids but now...,"I suppose they'll be on the same level when they were... These kids, but now?",/Users/nilakshanraveendran/Documents/research/outputs/synthesis/es-en/EN_074_6__ES_074_6_es-en.wav,1052669843,0.2,0.0625,0.3996747136116028,0.5869293212890625,110.616168153758,101.20649220040966,108.41383459628614,6.2887539875129566,23.520322542561704,6.959649845936788,0.022457243874669075,0.08231907337903976,0.01293820422142744,4.98,6.166,4.035,3.012048192771084,2.594875121634771,5.452292441140025,ok,,
EN_074_8__ES_074_8,70,true,en-es,/Users/nilakshanraveendran/Documents/research/data/raw/DRAL16kHz/fragments-short/EN_074_8.wav,/Users/nilakshanraveendran/Documents/research/data/raw/DRAL16kHz/fragments-short/ES_074_8.wav,"I mean yeah that's why, he was the weakest of them all",I mean yeah that's why he was the weakest of them all,"Pues sí, era débil, pero pues ahora ya es el más fuerte de todos [laughter].","Quiero decir, sí, por eso era el más débil de todos.","quiero decir, si, por eso eran mas debil de todos",/Users/nilakshanraveendran/Documents/research/outputs/synthesis/en-es/EN_074_8__ES_074_8_en-es.wav,2090418827,0.0,0.45454545454545453,0.5060867071151733,0.5740872025489807,110.8935063788962,112.57009525880653,114.49789165285559,10.102473201872773,11.992709559286737,10.07142120475793,0.014251778833568096,0.12037869542837143,0.03518097847700119,2.905,3.659375,3.62,4.130808950086059,3.0059777967549106,4.143646408839779,ok,,
EN_074_8__ES_074_8,70,true,es-en,/Users/nilakshanraveendran/Documents/research/data/raw/DRAL16kHz/fragments-short/ES_074_8.wav,/Users/nilakshanraveendran/Documents/research/data/raw/DRAL16kHz/fragments-short/EN_074_8.wav,"Pues sí, era débil, pero pues ahora ya es el más fuerte de todos [laughter].",Pues si era débil pero ahora ya es el mas parte de todos,"I mean yeah that's why, he was the weakest of them all","Well, he was weak, but now he's the most part of all.","Well, he was weak, but now he's the most part of all.",/Users/nilakshanraveendran/Documents/research/outputs/synthesis/es-en/EN_074_8__ES_074_8_es-en.wav,322516198,0.3333333333333333,0.0,0.36274462938308716,0.5740872025489807,114.49789165285559,104.51295496276184,110.8935063788962,10.07142120475793,17.613946207714413,10.102473201872773,0.03518097847700119,0.09632933139801025,0.014251778833568096,3.62,3.6166875,2.905,4.143646408839779,3.3179532375965577,4.130808950086059,ok,,
EN_074_9__ES_074_9,70,true,en-es,/Users/nilakshanraveendran/Documents/research/data/raw/DRAL16kHz/fragments-short/EN_074_9.wav,/Users/nilakshanraveendran/Documents/research/data/raw/DRAL16kHz/fragments-short/ES_074_9.wav,[unk],,"Si alguien escucha este audio, pos se van a spoilear de esta escena.","- No, no, no, no, no, no, no, no.",Si no estamos haciendo nada... Se ha Pulido Si no estamoseduando Oye.. Se creo Bueno... Te pissan ¡ stage de projects M sembla como algo Qu zip Lo has hecho Letra,/Users/nilakshanraveendran/Documents/research/outputs/synthesis/en-es/EN_074_9__ES_074_9_en-es.wav,84127853,1.0,3.5,0.020005542784929276,0.20817354321479797,70.39201787114933,567.4667383037624,70.9339394150122,6.6040825959550595,407.6404063463103,7.695582424903823,0.003223083447664976,0.05700260400772095,0.002658843295648694,2.46,7.7446875,3.77,0.4065040650406504,1.1620869144171406,3.4482758620689653,ok,,
EN_074_9__ES_074_9,70,true,es-en,/Users/nilakshanraveendran/Documents/research/data/raw/DRAL16kHz/fragments-short/ES_074_9.wav,/Users/nilakshanraveendran/Documents/research/data/raw/DRAL16kHz/fragments-short/EN_074_9.wav,"Si alguien escucha este audio, pos se van a spoilear de esta escena.","Si alguien escucha este audio, se van a espolar de esta cena.",[unk],"If anyone listens to this audio, they're going to spolate from this dinner.","If anyone listens to this audio, they're going to spull ate from this dinner.",/Users/nilakshanraveendran/Documents/research/outputs/synthesis/es-en/EN_074_9__ES_074_9_es-en.wav,2013826526,0.23076923076923078,0.15384615384615385,0.15397103130817413,0.20817354321479797,70.9339394150122,97.1620559872567,70.39201787114933,7.695582424903823,29.508773667072564,6.6040825959550595,0.002658843295648694,0.05781929939985275,0.003223083447664976,3.77,15.318,2.46,3.4482758620689653,0.84867476171824,0.4065040650406504,ok,,
EN_076_11__ES_076_11,70,true,en-es,/Users/nilakshanraveendran/Documents/research/data/raw/DRAL16kHz/fragments-short/EN_076_11.wav,/Users/nilakshanraveendran/Documents/research/data/raw/DRAL16kHz/fragments-short/ES_076_11.wav,We almost canceled the um the plan precisely because if you don't remember in the news.,"We almost cancelled the plan, precisely because if you don't remember, in the news.","Casi cancelamos el plan precisamente porque, no sé si te acuerdas que viste en las noticias que...","Casi cancelamos el plan, precisamente porque si no lo recuerdas, en las noticias.","Así cancelamos el plan, precisamente porque si no lo recuerdas, en las noticias.",/Users/nilakshanraveendran/Documents/research/outputs/synthesis/en-es/EN_076_11__ES_076_11_en-es.wav,1731248178,0.1875,0.07692307692307693,0.5366359949111938,0.635655403137207,115.8199736849523,102.01056436762927,120.08421559984082,19.1071589236582,23.53724019377232,7.903216805478218,0.006252973340451717,0.08133222907781601,0.012586782686412334,7.05,8.075375,4.81,2.269503546099291,1.609832360726282,3.5343035343035347,ok,,
EN_076_11__ES_076_11,70,true,es-en,/Users/nilakshanraveendran/Documents/research/data/raw/DRAL16kHz/fragments-short/ES_076_11.wav,/Users/nilakshanraveendran/Documents/research/data/raw/DRAL16kHz/fragments-short/EN_076_11.wav,"Casi cancelamos el plan precisamente porque, no sé si te acuerdas que viste en las noticias que...",que así cancelamos el plan precisamente porque no sé si te acuerdas que viste las noticias que,We almost canceled the um the plan precisely because if you don't remember in the news.,that we cancel the plan precisely because I don't know if you remember you saw the news that,that we cancel the plan precisely because I don't know if you remember. You saw the news that,/Users/nilakshanraveendran/Documents/research/outputs/synthesis/es-en/EN_076_11__ES_076_11_es-en.wav,1921050633,0.17647058823529413,0.0,0.35092446208000183,0.635655403137207,120.08421559984082,123.5876586295766,115.8199736849523,7.903216805478218,9.155499212354853,19.1071589236582,0.012586782686412334,0.09695415943861008,0.006252973340451717,4.81,4.363375,7.05,3.5343035343035347,4.125247085111869,2.269503546099291,ok,,
EN_076_13__ES_076_13,70,true,en-es,/Users/nilakshanraveendran/Documents/research/data/raw/DRAL16kHz/fragments-short/EN_076_13.wav,/Users/nilakshanraveendran/Documents/research/data/raw/DRAL16kHz/fragments-short/ES_076_13.wav,Uh-huh.,Uh huh.,Ajá.,Uh huh.,Guurgaaah.,/Users/nilakshanraveendran/Documents/research/outputs/synthesis/en-es/EN_076_13__ES_076_13_en-es.wav,1748887868,2.0,1.0,0.2098136842250824,0.2961735129356384,119.46330668628114,143.29705298537766,128.89276204989875,4.466775779005497,13.021050653344888,1.9317005393000972,0.010012920014560223,0.09965060651302338,0.02244959957897663,0.355,1.622,0.41,2.8169014084507045,1.2330456226880393,2.4390243902439024,ok,,
EN_076_13__ES_076_13,70,true,es-en,/Users/nilakshanraveendran/Documents/research/data/raw/DRAL16kHz/fragments-short/ES_076_13.wav,/Users/nilakshanraveendran/Documents/research/data/raw/DRAL16kHz/fragments-short/EN_076_13.wav,Ajá.,Ajá.,Uh-huh.,Uh-huh.,"Uh, huh.",/Users/nilakshanraveendran/Documents/research/outputs/synthesis/es-en/EN_076_13__ES_076_13_es-en.wav,325770479,0.0,2.0,0.19796842336654663,0.2961735129356384,128.89276204989875,131.27141181664194,119.46330668628114,1.9317005393000972,5.586664500558084,4.466775779005497,0.02244959957897663,0.06856575608253479,0.010012920014560223,0.41,2.0806875,0.355,2.4390243902439024,0.48061037517647415,2.8169014084507045,ok,,
EN_076_14__ES_076_14,70,true,en-es,/Users/nilakshanraveendran/Documents/research/data/raw/DRAL16kHz/fragments-short/EN_076_14.wav,/Users/nilakshanraveendran/Documents/research/data/raw/DRAL16kHz/fragments-short/ES_076_14.wav,"And I was surprised because when I went there, really there was no one.",and I was surprised because when I went there really there was no one,"Y me sorprendió porque cuando fui a este, neta, no- no había nadie.",y me sorprendió porque cuando fui allí realmente no había nadie,y me sorprendió porque cuando fui allí realmente no había nadie.,/Users/nilakshanraveendran/Documents/research/outputs/synthesis/en-es/EN_076_14__ES_076_14_en-es.wav,246170499,0.0,0.0,0.5550500154495239,0.5160033106803894,116.894795064,118.42190217618976,137.21676787889572,8.10731146978289,9.233863210364333,18.485442103138137,0.004842878319323063,0.09406332671642303,0.019550206139683723,5.36,4.683375,3.65,2.6119402985074625,2.3487335521925963,3.5616438356164384,ok,,
EN_076_14__ES_076_14,70,true,es-en,/Users/nilakshanraveendran/Documents/research/data/raw/DRAL16kHz/fragments-short/ES_076_14.wav,/Users/nilakshanraveendran/Documents/research/data/raw/DRAL16kHz/fragments-short/EN_076_14.wav,"Y me sorprendió porque cuando fui a este, neta, no- no había nadie.",y me sorprendió porque cuando fui a este neta no había nadie.,"And I was surprised because when I went there, really there was no one.",And I was surprised because when I went to this net there was no one.,"And I was surprised because when I went to this net, there was no one.",/Users/nilakshanraveendran/Documents/research/outputs/synthesis/es-en/EN_076_14__ES_076_14_es-en.wav,1870903269,0.07692307692307693,0.0,0.4574405252933502,0.5160033106803894,137.21676787889572,105.64621576649039,116.894795064,18.485442103138137,31.555943728686618,8.10731146978289,0.019550206139683723,0.0699724331498146,0.004842878319323063,3.65,5.5686875,5.36,3.5616438356164384,2.693632925173122,2.6119402985074625,ok,,
EN_076_2__ES_076_2,70,true,en-es,/Users/nilakshanraveendran/Documents/research/data/raw/DRAL16kHz/fragments-short/EN_076_2.wav,/Users/nilakshanraveendran/Documents/research/data/raw/DRAL16kHz/fragments-short/ES_076_2.wav,"Yeah, you can start.","Yeah, you can start.","Sí, tu- tu empieza.","Sí, puedes empezar.","Sí, puedes empezar.",/Users/nilakshanraveendran/Documents/research/outputs/synthesis/en-es/EN_076_2__ES_076_2_en-es.wav,71809360,0.0,0.0,0.3831610381603241,0.21517802774906158,142.96314960064467,144.63538347992636,118.02254699830797,16.7376219306085,14.493703372156615,27.7421928431067,0.0070092948153615,0.10836819559335709,0.016897648572921753,0.635,2.454,1.093,6.299212598425196,1.2224938875305622,3.6596523330283626,ok,,
EN_076_2__ES_076_2,70,true,es-en,/Users/nilakshanraveendran/Documents/research/data/raw/DRAL16kHz/fragments-short/ES_076_2.wav,/Users/nilakshanraveendran/Documents/research/data/raw/DRAL16kHz/fragments-short/EN_076_2.wav,"Sí, tu- tu empieza.",de flatmate.,"Yeah, you can start.",Flatmate.,Slapmate.,/Users/nilakshanraveendran/Documents/research/outputs/synthesis/es-en/EN_076_2__ES_076_2_es-en.wav,2134815340,1.0,1.0,0.29319101572036743,0.21517802774906158,118.02254699830797,107.66960249124539,142.96314960064467,27.7421928431067,8.897375583371861,16.7376219306085,0.016897648572921753,0.05106520280241966,0.0070092948153615,1.093,1.3446875,0.635,3.6596523330283626,0.7436672089240065,6.299212598425196,ok,,
EN_076_4__ES_076_4,70,true,en-es,/Users/nilakshanraveendran/Documents/research/data/raw/DRAL16kHz/fragments-short/EN_076_4.wav,/Users/nilakshanraveendran/Documents/research/data/raw/DRAL16kHz/fragments-short/ES_076_4.wav,"Wait, wait, wait. I'm going to start.","We, we, we, we, we, we, I'm gonna start.","Pérate, todavía no empezamos.","Nosotros, nosotros, nosotros, nosotros, nosotros, vamos a empezar.","Nosotros, nosotros, nosotros, nosotros, nosotros, nosotros, vamos a empezar.",/Users/nilakshanraveendran/Documents/research/outputs/synthesis/en-es/EN_076_4__ES_076_4_en-es.wav,1004280861,1.1428571428571428,0.125,0.49429085850715637,0.33574455976486206,104.9151064636347,122.41605474886647,114.21713244316238,18.05575751710582,24.741176310571486,5.746474012503784,0.006502015050500631,0.06644824147224426,0.017513424158096313,1.37,6.635375,1.1,5.10948905109489,1.2056590622233108,3.6363636363636362,ok,,
EN_076_4__ES_076_4,70,true,es-en,/Users/nilakshanraveendran/Documents/research/data/raw/DRAL16kHz/fragments-short/ES_076_4.wav,/Users/nilakshanraveendran/Documents/research/data/raw/DRAL16kHz/fragments-short/EN_076_4.wav,"Pérate, todavía no empezamos.","Pero te, todavía no empezamos.","Wait, wait, wait. I'm going to start.","But you, we haven't started yet.","But, you, we haven't started yet.",/Users/nilakshanraveendran/Documents/research/outputs/synthesis/es-en/EN_076_4__ES_076_4_es-en.wav,934226259,0.5,0.0,0.5116490125656128,0.33574455976486206,114.21713244316238,118.3938811079481,104.9151064636347,5.746474012503784,9.090966872994718,18.05575751710582,0.017513424158096313,0.07894232124090195,0.006502015050500631,1.1,2.923375,1.37,3.6363636363636362,2.0524222858853207,5.10948905109489,ok,,
EN_076_5__ES_076_5,70,true,en-es,/Users/nilakshanraveendran/Documents/research/data/raw/DRAL16kHz/fragments-short/EN_076_5.wav,/Users/nilakshanraveendran/Documents/research/data/raw/DRAL16kHz/fragments-short/ES_076_5.wav,"Yeah, we already started.","Yeah, we already started.","Sí, ya empece- ya empezamos.","Sí, ya empezamos.","Sí, ya empezamos.",/Users/nilakshanraveendran/Documents/research/outputs/synthesis/en-es/EN_076_5__ES_076_5_en-es.wav,573238863,0.0,0.0,0.3909914195537567,0.23941364884376526,112.71937861008615,nan,108.29527475021358,4.50220394891107,nan,3.7379928815772137,0.007815593853592873,0.07784048467874527,0.011424110271036625,1.19,2.0806875,1.6,3.361344537815126,1.4418311255294225,3.125,ok,,
EN_076_5__ES_076_5,70,true,es-en,/Users/nilakshanraveendran/Documents/research/data/raw/DRAL16kHz/fragments-short/ES_076_5.wav,/Users/nilakshanraveendran/Documents/research/data/raw/DRAL16kHz/fragments-short/EN_076_5.wav,"Sí, ya empece- ya empezamos.","Sí, ya empezamos.","Yeah, we already started.","Yeah, we're getting started.","Yeah, we're getting started.",/Users/nilakshanraveendran/Documents/research/outputs/synthesis/es-en/EN_076_5__ES_076_5_es-en.wav,627274020,0.4,0.0,0.33974510431289673,0.23941364884376526,108.29527475021358,nan,112.71937861008615,3.7379928815772137,nan,4.50220394891107,0.011424110271036625,0.07711610198020935,0.007815593853592873,1.6,2.0806875,1.19,3.125,1.9224415007058966,3.361344537815126,ok,,
EN_076_9__ES_076_9,70,true,en-es,/Users/nilakshanraveendran/Documents/research/data/raw/DRAL16kHz/fragments-short/EN_076_9.wav,/Users/nilakshanraveendran/Documents/research/data/raw/DRAL16kHz/fragments-short/ES_076_9.wav,Really?,Really?,¿Neta?,¿En serio?,¿En serio?,/Users/nilakshanraveendran/Documents/research/outputs/synthesis/en-es/EN_076_9__ES_076_9_en-es.wav,570009622,0.0,0.0,0.26787054538726807,0.18469548225402832,339.9519322823184,204.04750370933675,228.609492963782,10.600909692122924,80.36581805224031,93.08137515278716,0.008699883706867695,0.09616411477327347,0.013982055708765984,0.52,1.291375,0.56,1.923076923076923,1.5487368115380893,1.7857142857142856,ok,,
EN_076_9__ES_076_9,70,true,es-en,/Users/nilakshanraveendran/Documents/research/data/raw/DRAL16kHz/fragments-short/ES_076_9.wav,/Users/nilakshanraveendran/Documents/research/data/raw/DRAL16kHz/fragments-short/EN_076_9.wav,¿Neta?,¿Nita?,Really?,Nita?,Nita?,/Users/nilakshanraveendran/Documents/research/outputs/synthesis/es-en/EN_076_9__ES_076_9_es-en.wav,361496714,1.0,0.0,0.5203138589859009,0.18469548225402832,228.609492963782,180.43473703125966,339.9519322823184,93.08137515278716,96.75877098637882,10.600909692122924,0.013982055708765984,0.05886535346508026,0.008699883706867695,0.56,1.707375,0.52,1.7857142857142856,0.585694413939527,1.923076923076923,ok,,
EN_078_10__ES_078_10,70,true,en-es,/Users/nilakshanraveendran/Documents/research/data/raw/DRAL16kHz/fragments-short/EN_078_10.wav,/Users/nilakshanraveendran/Documents/research/data/raw/DRAL16kHz/fragments-short/ES_078_10.wav,well its beca-,"Well, he's crazy.",es como,"Bueno, está loco.","Bueno, está loco.",/Users/nilakshanraveendran/Documents/research/outputs/synthesis/en-es/EN_078_10__ES_078_10_en-es.wav,1068178187,0.6666666666666666,0.0,0.3193616271018982,0.2291300743818283,134.63890924344398,104.89808569023052,117.42939794434567,12.889460584493962,36.846784366984274,9.496722998293688,0.011979823000729084,0.07008888572454453,0.0050766970962285995,0.81,2.635375,0.82,3.7037037037037033,1.138357918702272,2.4390243902439024,ok,,
EN_078_10__ES_078_10,70,true,es-en,/Users/nilakshanraveendran/Documents/research/data/raw/DRAL16kHz/fragments-short/ES_078_10.wav,/Users/nilakshanraveendran/Documents/research/data/raw/DRAL16kHz/fragments-short/EN_078_10.wav,es como,pero como,well its beca-,but as,"But, as",/Users/nilakshanraveendran/Documents/research/outputs/synthesis/es-en/EN_078_10__ES_078_10_es-en.wav,1503632445,0.5,0.0,0.44105851650238037,0.2291300743818283,117.42939794434567,694.2124051804809,134.63890924344398,9.496722998293688,54.73292209792326,12.889460584493962,0.0050766970962285995,0.08261916786432266,0.011979823000729084,0.82,1.5686875,0.81,2.4390243902439024,1.2749511932746325,3.7037037037037033,ok,,
EN_078_13__ES_078_13,70,true,en-es,/Users/nilakshanraveendran/Documents/research/data/raw/DRAL16kHz/fragments-short/EN_078_13.wav,/Users/nilakshanraveendran/Documents/research/data/raw/DRAL16kHz/fragments-short/ES_078_13.wav,"Yeah, I have a red one and some sort of purple.","Yeah, I have a red one and some sort of purple bulb.","Sí, tengo una roja y algo así como... Morado.","Sí, tengo una roja y una especie de bulbo púrpura.","Sí, tengo una roja y una especie de bulbo púrpura.",/Users/nilakshanraveendran/Documents/research/outputs/synthesis/en-es/EN_078_13__ES_078_13_en-es.wav,751844158,0.09090909090909091,0.0,0.4336148500442505,0.49439337849617004,113.95363983853002,529.5697082096403,127.98407453407427,9.41746849556447,427.80573431049385,19.057293828406685,0.004685009829699993,0.05219142138957977,0.005470439326018095,4.69,7.7446875,4.67,2.3454157782515987,1.291207682685712,1.9271948608137046,ok,,
EN_078_13__ES_078_13,70,true,es-en,/Users/nilakshanraveendran/Documents/research/data/raw/DRAL16kHz/fragments-short/ES_078_13.wav,/Users/nilakshanraveendran/Documents/research/data/raw/DRAL16kHz/fragments-short/EN_078_13.wav,"Sí, tengo una roja y algo así como... Morado.","Sí, tengo una roja y algo así como... ¿Cúbes? Morado.","Yeah, I have a red one and some sort of purple.","Yeah, I got a red one and something like...","Yeah, I've got a red one and something like...",/Users/nilakshanraveendran/Documents/research/outputs/synthesis/es-en/EN_078_13__ES_078_13_es-en.wav,1554469162,0.1111111111111111,0.1111111111111111,0.2965446412563324,0.49439337849617004,127.98407453407427,146.2233564259831,113.95363983853002,19.057293828406685,67.12620818024023,9.41746849556447,0.005470439326018095,0.08885277807712555,0.004685009829699993,4.67,3.286,4.69,1.9271948608137046,2.7388922702373706,2.3454157782515987,ok,,
EN_078_18__ES_078_18,70,true,en-es,/Users/nilakshanraveendran/Documents/research/data/raw/DRAL16kHz/fragments-short/EN_078_18.wav,/Users/nilakshanraveendran/Documents/research/data/raw/DRAL16kHz/fragments-short/ES_078_18.wav,I mean it it's not bad But I don't know it's like free,"I mean it's not bad. But, I don't know, it's like free, it's like free, you know.","No- no está mal, pero... Es como... Como frito.","Quiero decir, no está mal, pero, no sé, es como gratis, es como gratis, ya sabes.","Y he dado decir, no está mal. Pero, no sé. Es como gratis. Es como gratis. Ya sabes.",/Users/nilakshanraveendran/Documents/research/outputs/synthesis/en-es/EN_078_18__ES_078_18_en-es.wav,1382461993,0.46153846153846156,0.1875,0.46850866079330444,0.573089063167572,115.8025991471926,65.12327838554728,938.6233005186075,37.32133169397652,0.5771869420171624,81.56867297650871,0.003337221685796976,0.06389642506837845,0.004278664011508226,8.11,9.3766875,6.15,1.6029593094944514,1.7063595219527152,1.4634146341463414,ok,,
EN_078_18__ES_078_18,70,true,es-en,/Users/nilakshanraveendran/Documents/research/data/raw/DRAL16kHz/fragments-short/ES_078_18.wav,/Users/nilakshanraveendran/Documents/research/data/raw/DRAL16kHz/fragments-short/EN_078_18.wav,"No- no está mal, pero... Es como... Como frito.",No está mal pero es como frito.,I mean it it's not bad But I don't know it's like free,"Not bad, but it's like fried.","Not bad, but it's like fried.",/Users/nilakshanraveendran/Documents/research/outputs/synthesis/es-en/EN_078_18__ES_078_18_es-en.wav,958038325,0.2222222222222222,0.0,0.22993063926696777,0.573089063167572,938.6233005186075,736.1885485703758,115.8025991471926,81.56867297650871,116.1681581287894,37.32133169397652,0.004278664011508226,0.0767674595117569,0.003337221685796976,6.15,3.7126875,8.11,1.4634146341463414,1.6160799959598,1.6029593094944514,ok,,
EN_078_1__ES_078_1,70,true,en-es,/Users/nilakshanraveendran/Documents/research/data/raw/DRAL16kHz/fragments-short/EN_078_1.wav,/Users/nilakshanraveendran/Documents/research/data/raw/DRAL16kHz/fragments-short/ES_078_1.wav,Which one do you prefer?,Which one do you prefer?,¿Cuál prefieres?,¿Cuál prefieres?,¿Cuál prefieres?,/Users/nilakshanraveendran/Documents/research/outputs/synthesis/en-es/EN_078_1__ES_078_1_en-es.wav,1589039806,0.0,0.0,0.3191711902618408,0.41629520058631897,107.23991754954325,nan,891.1074937159555,4.527682927284693,nan,2.2320367285149745,0.007893920876085758,0.08600802719593048,0.0077495877631008625,1.125,1.707375,0.87,4.444444444444445,1.171388827879054,2.2988505747126435,ok,,
EN_078_1__ES_078_1,70,true,es-en,/Users/nilakshanraveendran/Documents/research/data/raw/DRAL16kHz/fragments-short/ES_078_1.wav,/Users/nilakshanraveendran/Documents/research/data/raw/DRAL16kHz/fragments-short/EN_078_1.wav,¿Cuál prefieres?,cual prefieres,Which one do you prefer?,Which one do you prefer?,Which one do you prefer?,/Users/nilakshanraveendran/Documents/research/outputs/synthesis/es-en/EN_078_1__ES_078_1_es-en.wav,1048306046,0.5,0.0,0.3437207341194153,0.41629520058631897,891.1074937159555,122.24079002829177,107.23991754954325,2.2320367285149745,10.0295449404832,4.527682927284693,0.0077495877631008625,0.07625648379325867,0.007893920876085758,0.87,1.942,1.125,2.2988505747126435,2.5746652935118437,4.444444444444445,ok,,
EN_078_20__ES_078_20,70,true,en-es,/Users/nilakshanraveendran/Documents/research/data/raw/DRAL16kHz/fragments-short/EN_078_20.wav,/Users/nilakshanraveendran/Documents/research/data/raw/DRAL16kHz/fragments-short/ES_078_20.wav,I have the other one.,I have the other one.,Tengo la otra.,Tengo el otro.,Tengo el otro.,/Users/nilakshanraveendran/Documents/research/outputs/synthesis/en-es/EN_078_20__ES_078_20_en-es.wav,419535596,0.0,0.0,0.15278300642967224,0.18528589606285095,100.38194288983902,503.50451452641073,nan,11.921261166929163,434.397259182812,nan,0.005503677297383547,0.06719304621219635,0.00877351313829422,0.89,2.5926875,0.9,5.617977528089887,1.1571004989995903,3.333333333333333,ok,,
EN_078_20__ES_078_20,70,true,es-en,/Users/nilakshanraveendran/Documents/research/data/raw/DRAL16kHz/fragments-short/ES_078_20.wav,/Users/nilakshanraveendran/Documents/research/data/raw/DRAL16kHz/fragments-short/EN_078_20.wav,Tengo la otra.,Tengo la otra,I have the other one.,I got the other one.,I got the other one.,/Users/nilakshanraveendran/Documents/research/outputs/synthesis/es-en/EN_078_20__ES_078_20_es-en.wav,988926731,0.0,0.0,0.3315170705318451,0.18528589606285095,nan,123.05443618419369,100.38194288983902,nan,5.866566022930531,11.921261166929163,0.00877351313829422,0.11206530034542084,0.005503677297383547,0.9,1.707375,0.89,3.333333333333333,2.928472069697635,5.617977528089887,ok,,
EN_078_21__ES_078_21,70,true,en-es,/Users/nilakshanraveendran/Documents/research/data/raw/DRAL16kHz/fragments-short/EN_078_21.wav,/Users/nilakshanraveendran/Documents/research/data/raw/DRAL16kHz/fragments-short/ES_078_21.wav,I have the other one [unk],I have the other one away.,tengo la otra,Tengo al otro lejos.,Tengo al otro lejos.,/Users/nilakshanraveendran/Documents/research/outputs/synthesis/en-es/EN_078_21__ES_078_21_en-es.wav,2022520988,0.16666666666666666,0.0,0.33301085233688354,0.22854623198509216,106.11451994111766,103.35696684933018,118.65402549698564,2.3162778551189778,22.97663258316032,5.5067192205893605,0.004282692447304726,0.044949647039175034,0.006987134926021099,1.18,3.894,0.99,5.084745762711865,1.027221366204417,3.0303030303030303,ok,,
EN_078_21__ES_078_21,70,true,es-en,/Users/nilakshanraveendran/Documents/research/data/raw/DRAL16kHz/fragments-short/ES_078_21.wav,/Users/nilakshanraveendran/Documents/research/data/raw/DRAL16kHz/fragments-short/EN_078_21.wav,tengo la otra,Tengo la otra.,I have the other one [unk],I got the other one.,I got the other one.,/Users/nilakshanraveendran/Documents/research/outputs/synthesis/es-en/EN_078_21__ES_078_21_es-en.wav,1689060277,0.0,0.0,0.3406376838684082,0.22854623198509216,118.65402549698564,117.11465871381672,106.11451994111766,5.5067192205893605,10.299986176030899,2.3162778551189778,0.006987134926021099,0.09749004244804382,0.004282692447304726,0.99,1.5686875,1.18,3.0303030303030303,3.187377983186581,5.084745762711865,ok,,
EN_078_22__ES_078_22,70,true,en-es,/Users/nilakshanraveendran/Documents/research/data/raw/DRAL16kHz/fragments-short/EN_078_22.wav,/Users/nilakshanraveendran/Documents/research/data/raw/DRAL16kHz/fragments-short/ES_078_22.wav,"the grape one doesn't taste bad, it's just like... whatever.",the grape one doesn't taste bad it's just just like whatever,"La uva no sabe mal, es solo que sabe como a... lo que sea.","La uva no sabe mal, es como sea.","La uva no sabe mal, es como sea.",/Users/nilakshanraveendran/Documents/research/outputs/synthesis/en-es/EN_078_22__ES_078_22_en-es.wav,1071477587,0.1,0.0,0.43451255559921265,0.5324722528457642,113.17483010628182,79.83540090470238,135.36378993705577,6.867325223982394,22.87226681088604,18.18780778889331,0.003772611729800701,0.05582999065518379,0.004657386802136898,5.64,5.195375,4.01,1.773049645390071,1.5398310997762432,3.491271820448878,ok,,
EN_078_22__ES_078_22,70,true,es-en,/Users/nilakshanraveendran/Documents/research/data/raw/DRAL16kHz/fragments-short/ES_078_22.wav,/Users/nilakshanraveendran/Documents/research/data/raw/DRAL16kHz/fragments-short/EN_078_22.wav,"La uva no sabe mal, es solo que sabe como a... lo que sea.","La uva no sabe más, es lo que sabe como lo que sea.","the grape one doesn't taste bad, it's just like... whatever.","The grape doesn't know any more, it's what it tastes like.",The ape doesn't know anymore. It's what it tastes like.,/Users/nilakshanraveendran/Documents/research/outputs/synthesis/es-en/EN_078_22__ES_078_22_es-en.wav,2097929176,0.21428571428571427,0.2727272727272727,0.500241756439209,0.5324722528457642,135.36378993705577,123.91126744034312,113.17483010628182,18.18780778889331,8.707466924711323,6.867325223982394,0.004657386802136898,0.08743377774953842,0.003772611729800701,4.01,3.798,5.64,3.491271820448878,2.8962611901000526,1.773049645390071,ok,,
EN_078_25__ES_078_25,70,true,en-es,/Users/nilakshanraveendran/Documents/research/data/raw/DRAL16kHz/fragments-short/EN_078_25.wav,/Users/nilakshanraveendran/Documents/research/data/raw/DRAL16kHz/fragments-short/ES_078_25.wav,"I don't know. It's because I'm better, I guess.","I don't know. It's gonna sound better, I guess.","No sé, porque... tal vez porque soy mejor.","No lo sé, va a sonar mejor, supongo.","No lo sé, va a sonar mejor supongo.",/Users/nilakshanraveendran/Documents/research/outputs/synthesis/en-es/EN_078_25__ES_078_25_en-es.wav,1141640879,0.2222222222222222,0.0,0.3712785840034485,0.3691708445549011,nan,882.2016567612305,nan,nan,157.15376284829424,nan,0.002979988232254982,0.0408647321164608,0.003655732376500964,2.32,6.027375,3.01,3.8793103448275863,1.327277629150335,2.6578073089700998,ok,,
EN_078_25__ES_078_25,70,true,es-en,/Users/nilakshanraveendran/Documents/research/data/raw/DRAL16kHz/fragments-short/ES_078_25.wav,/Users/nilakshanraveendran/Documents/research/data/raw/DRAL16kHz/fragments-short/EN_078_25.wav,"No sé, porque... tal vez porque soy mejor.","No sé, tal vez porque soy mejor.","I don't know. It's because I'm better, I guess.","I don't know, maybe because I'm better.",I don't know. Maybe because I'm better. What?,/Users/nilakshanraveendran/Documents/research/outputs/synthesis/es-en/EN_078_25__ES_078_25_es-en.wav,498779209,0.125,0.14285714285714285,0.4052232503890991,0.3691708445549011,nan,915.5594612187804,nan,nan,132.91995202833363,nan,0.003655732376500964,0.061626456677913666,0.002979988232254982,3.01,5.238,2.32,2.6578073089700998,1.3363879343260785,3.8793103448275863,ok,,
EN_078_26__ES_078_26,70,true,en-es,/Users/nilakshanraveendran/Documents/research/data/raw/DRAL16kHz/fragments-short/EN_078_26.wav,/Users/nilakshanraveendran/Documents/research/data/raw/DRAL16kHz/fragments-short/ES_078_26.wav,"Well, [unk] for me. Thank you.","Well, the line is easier for me. Thank you.","Voy a hacer las líneas pues, más fácil para mí.","Bueno, la línea es más fácil para mí.","Bueno, la línea es más fácil para mí.",/Users/nilakshanraveendran/Documents/research/outputs/synthesis/en-es/EN_078_26__ES_078_26_en-es.wav,1541012001,0.6666666666666666,0.0,0.2699596583843231,0.30002275109291077,111.59166256415882,93.59682075968544,132.98265595888375,7.9627753438735756,24.47920136252031,6.957784620975387,0.004920083563774824,0.09604106843471527,0.0032846499234437943,2.3,4.171375,2.78,2.608695652173913,1.9178328488807646,3.5971223021582737,ok,,
EN_078_26__ES_078_26,70,true,es-en,/Users/nilakshanraveendran/Documents/research/data/raw/DRAL16kHz/fragments-short/ES_078_26.wav,/Users/nilakshanraveendran/Documents/research/data/raw/DRAL16kHz/fragments-short/EN_078_26.wav,"Voy a hacer las líneas pues, más fácil para mí.",Voy a hacer las líneas pues más fácil para mí.,"Well, [unk] for me. Thank you.",I'll make the lines easier for me.,I'll make the lines easier for me.,/Users/nilakshanraveendran/Documents/research/outputs/synthesis/es-en/EN_078_26__ES_078_26_es-en.wav,183003274,0.0,0.0,0.3209661543369293,0.30002275109291077,132.98265595888375,124.38519323197298,111.59166256415882,6.957784620975387,6.069331540687768,7.9627753438735756,0.0032846499234437943,0.08032052963972092,0.004920083563774824,2.78,3.382,2.3,3.5971223021582737,2.0697811945594324,2.608695652173913,ok,,
EN_078_28__ES_078_28,70,true,en-es,/Users/nilakshanraveendran/Documents/research/data/raw/DRAL16kHz/fragments-short/EN_078_28.wav,/Users/nilakshanraveendran/Documents/research/data/raw/DRAL16kHz/fragments-short/ES_078_28.wav,Faster.,faster,Más rápido.,más rápido.,más rápido.,/Users/nilakshanraveendran/Documents/research/outputs/synthesis/en-es/EN_078_28__ES_078_28_en-es.wav,1421515713,0.0,0.0,0.019510624930262566,0.009475022554397583,125.57531393974782,124.48624906612626,169.4236244844049,0.949701763291173,7.313618990018387,3.533031895079463,0.007874620147049427,0.056900642812252045,0.004250973928719759,0.6,2.134,0.782,1.6666666666666667,0.9372071227741331,2.557544757033248,ok,,
EN_078_28__ES_078_28,70,true,es-en,/Users/nilakshanraveendran/Documents/research/data/raw/DRAL16kHz/fragments-short/ES_078_28.wav,/Users/nilakshanraveendran/Documents/research/data/raw/DRAL16kHz/fragments-short/EN_078_28.wav,Más rápido.,rápido,Faster.,Quick.,What? WAAH,/Users/nilakshanraveendran/Documents/research/outputs/synthesis/es-en/EN_078_28__ES_078_28_es-en.wav,1690365751,0.5,2.0,-0.04618426412343979,0.009475022554397583,169.4236244844049,715.3423226679826,125.57531393974782,3.533031895079463,365.3504846031895,0.949701763291173,0.004250973928719759,0.05937055125832558,0.007874620147049427,0.782,2.0806875,0.6,2.557544757033248,0.48061037517647415,1.6666666666666667,ok,,
EN_078_30__ES_078_30,70,true,en-es,/Users/nilakshanraveendran/Documents/research/data/raw/DRAL16kHz/fragments-short/EN_078_30.wav,/Users/nilakshanraveendran/Documents/research/data/raw/DRAL16kHz/fragments-short/ES_078_30.wav,I don't know.,,No.,"- No, no, no, no, no, no, no, no.","No, no, no, no, no, no, no.",/Users/nilakshanraveendran/Documents/research/outputs/synthesis/en-es/EN_078_30__ES_078_30_en-es.wav,944425469,1.0,0.125,0.21918310225009918,0.16841895878314972,125.06340179599307,84.43464131647791,550.2681575772144,9.823244050573757,23.9987570449075,138.38047780037198,0.0016383120091632009,0.08582504838705063,0.0025665212888270617,0.68,5.1526875,0.675,4.411764705882352,1.7466613296459372,1.4814814814814814,ok,,
EN_078_30__ES_078_30,70,true,es-en,/Users/nilakshanraveendran/Documents/research/data/raw/DRAL16kHz/fragments-short/ES_078_30.wav,/Users/nilakshanraveendran/Documents/research/data/raw/DRAL16kHz/fragments-short/EN_078_30.wav,No.,,I don't know.,I'm sorry.,,/Users/nilakshanraveendran/Documents/research/outputs/synthesis/es-en/EN_078_30__ES_078_30_es-en.wav,1094067642,1.0,1.0,0.20915448665618896,0.16841895878314972,550.2681575772144,706.6125863618088,125.06340179599307,138.38047780037198,113.25360203373437,9.823244050573757,0.0025665212888270617,0.14380422234535217,0.0016383120091632009,0.675,2.966,0.68,1.4814814814814814,0.6743088334457181,4.411764705882352,ok,,
EN_078_31__ES_078_31,70,true,en-es,/Users/nilakshanraveendran/Documents/research/data/raw/DRAL16kHz/fragments-short/EN_078_31.wav,/Users/nilakshanraveendran/Documents/research/data/raw/DRAL16kHz/fragments-short/ES_078_31.wav,"I don't know, think it, think about it.",I think about it. Thank you. Thank you about it.,"No lo sé, piénsalo, piénsalo","Gracias, gracias.","Gracias, gracias.",/Users/nilakshanraveendran/Documents/research/outputs/synthesis/en-es/EN_078_31__ES_078_31_en-es.wav,674425382,0.875,0.0,0.23175689578056335,0.531758725643158,nan,nan,116.73047474792914,nan,nan,4.523710524046763,0.006984780542552471,0.06516893208026886,0.007594594266265631,2.127,2.1766875,1.775,3.7611659614480493,0.9188273465989032,2.8169014084507045,ok,,
EN_078_31__ES_078_31,70,true,es-en,/Users/nilakshanraveendran/Documents/research/data/raw/DRAL16kHz/fragments-short/ES_078_31.wav,/Users/nilakshanraveendran/Documents/research/data/raw/DRAL16kHz/fragments-short/EN_078_31.wav,"No lo sé, piénsalo, piénsalo","No lo sé, piénsalo, piénsalo.","I don't know, think it, think about it.","I don't know, think about it, think about it.",I don't know. Think about it. Think about it.,/Users/nilakshanraveendran/Documents/research/outputs/synthesis/es-en/EN_078_31__ES_078_31_es-en.wav,1401075540,0.0,0.0,0.25291162729263306,0.531758725643158,116.73047474792914,120.94385434116587,nan,4.523710524046763,3.478128301728302,nan,0.007594594266265631,0.048781685531139374,0.006984780542552471,1.775,3.99,2.127,2.8169014084507045,2.255639097744361,3.7611659614480493,ok,,
EN_078_35__ES_078_35,70,true,en-es,/Users/nilakshanraveendran/Documents/research/data/raw/DRAL16kHz/fragments-short/EN_078_35.wav,/Users/nilakshanraveendran/Documents/research/data/raw/DRAL16kHz/fragments-short/ES_078_35.wav,"Well, it's okay. It's okay.","Well, it's okay. It's okay.","Bueno, está bien, está bien.","Está bien, está bien.","Está bien, está bien.",/Users/nilakshanraveendran/Documents/research/outputs/synthesis/en-es/EN_078_35__ES_078_35_en-es.wav,795804749,0.0,0.0,0.3219325542449951,0.38324272632598877,109.25627118792316,908.7797320814974,141.65551510819986,35.9766005873309,103.56648982838888,34.20602303368161,0.01418999396264553,0.07907205820083618,0.007442850153893232,2.22,3.894,1.47,2.252252252252252,1.027221366204417,3.4013605442176873,ok,,
EN_078_35__ES_078_35,70,true,es-en,/Users/nilakshanraveendran/Documents/research/data/raw/DRAL16kHz/fragments-short/ES_078_35.wav,/Users/nilakshanraveendran/Documents/research/data/raw/DRAL16kHz/fragments-short/EN_078_35.wav,"Bueno, está bien, está bien.","Bueno, está bien. Está bien.","Well, it's okay. It's okay.","All right, all right, all right.","Alright, alright, alright.",/Users/nilakshanraveendran/Documents/research/outputs/synthesis/es-en/EN_078_35__ES_078_35_es-en.wav,440511908,0.0,1.0,0.2099638134241104,0.38324272632598877,141.65551510819986,668.7897132908054,109.25627118792316,34.20602303368161,44.964262499148695,35.9766005873309,0.007442850153893232,0.12802749872207642,0.01418999396264553,1.47,3.243375,2.22,3.4013605442176873,1.8499248468030987,2.252252252252252,ok,,
EN_078_36__ES_078_36,70,true,en-es,/Users/nilakshanraveendran/Documents/research/data/raw/DRAL16kHz/fragments-short/EN_078_36.wav,/Users/nilakshanraveendran/Documents/research/data/raw/DRAL16kHz/fragments-short/ES_078_36.wav,I paid enough to live a happy life,Fair enough to live a happy life.,Me paguen lo suficiente para tener una vida feliz.,Lo suficientemente justo para vivir una vida feliz.,lo suficientemente justo para vivir una vida feliz.,/Users/nilakshanraveendran/Documents/research/outputs/synthesis/en-es/EN_078_36__ES_078_36_en-es.wav,226468425,0.25,0.0,0.5303728580474854,0.5472691059112549,847.7459314834215,638.0636497320904,108.64703900806683,41.49196060037065,374.9405468751672,5.2778244148999525,0.00927699264138937,0.031686749309301376,0.003443652531132102,4.15,24.886,6.215,1.9277108433734937,0.32146588443301455,1.4481094127111827,ok,,
EN_078_36__ES_078_36,70,true,es-en,/Users/nilakshanraveendran/Documents/research/data/raw/DRAL16kHz/fragments-short/ES_078_36.wav,/Users/nilakshanraveendran/Documents/research/data/raw/DRAL16kHz/fragments-short/EN_078_36.wav,Me paguen lo suficiente para tener una vida feliz.,me paguen lo suficiente para tener una vida feliz.,I paid enough to live a happy life,I get paid enough to have a happy life.,"I get paid enough to have a happy life. Well, I'll end it with a shower.",/Users/nilakshanraveendran/Documents/research/outputs/synthesis/es-en/EN_078_36__ES_078_36_es-en.wav,522357098,0.0,0.7777777777777778,0.4622344672679901,0.5472691059112549,108.64703900806683,94.81186132113328,847.7459314834215,5.2778244148999525,29.89543611167252,41.49196060037065,0.003443652531132102,0.07107377052307129,0.00927699264138937,6.215,5.43,4.15,1.4481094127111827,1.6574585635359116,1.9277108433734937,ok,,
EN_078_37__ES_078_37,70,true,en-es,/Users/nilakshanraveendran/Documents/research/data/raw/DRAL16kHz/fragments-short/EN_078_37.wav,/Users/nilakshanraveendran/Documents/research/data/raw/DRAL16kHz/fragments-short/ES_078_37.wav,"I don't know, I don't want them to be like those El Paso kids that some that they speak Spanish, some sort of","I don't know, I don't want them to be like those little Paso kids that they speak Spanish, some sort of it.","No sé, no me gustaría que fueran como esos niños de El Paso que hablan español o algo así.","No sé, no quiero que sean como esos niños de Paso que hablan español, algún tipo de eso.",No sé. No quiero que sean como esos niños de paso que hablan español. ¿Algún tipo de eso?,/Users/nilakshanraveendran/Documents/research/outputs/synthesis/en-es/EN_078_37__ES_078_37_en-es.wav,1251435045,0.17391304347826086,0.0,0.4811374545097351,0.7197748422622681,110.38805445111603,946.0864607316034,125.50776029805357,17.566086993708147,89.98926270184671,10.521063793129839,0.008125977590680122,0.07119003683328629,0.004604914225637913,9.35,7.9366875,8.13,2.4598930481283423,2.2679486876609416,2.337023370233702,ok,,
EN_078_37__ES_078_37,70,true,es-en,/Users/nilakshanraveendran/Documents/research/data/raw/DRAL16kHz/fragments-short/ES_078_37.wav,/Users/nilakshanraveendran/Documents/research/data/raw/DRAL16kHz/fragments-short/EN_078_37.wav,"No sé, no me gustaría que fueran como esos niños de El Paso que hablan español o algo así.","No sé, no me gustaría que fueran como esos niños de... El paso que... Hablan español o algo así","I don't know, I don't want them to be like those El Paso kids that some that they speak Spanish, some sort of","I don't know, I wouldn't want them to be like those kids from... the step they... they speak Spanish or something.",I don't know. I wouldn't want them to be like those kids from... the step they... they speak Spanish or something.,/Users/nilakshanraveendran/Documents/research/outputs/synthesis/es-en/EN_078_37__ES_078_37_es-en.wav,1575483634,0.0,0.0,0.2898194193840027,0.7197748422622681,125.50776029805357,915.9309347707316,110.38805445111603,10.521063793129839,135.38950917327472,17.566086993708147,0.004604914225637913,0.06701262295246124,0.008125977590680122,8.13,8.907375,9.35,2.337023370233702,2.3575969351239845,2.4598930481283423,ok,,
EN_078_38__ES_078_38,70,true,en-es,/Users/nilakshanraveendran/Documents/research/data/raw/DRAL16kHz/fragments-short/EN_078_38.wav,/Users/nilakshanraveendran/Documents/research/data/raw/DRAL16kHz/fragments-short/ES_078_38.wav,Where exactly? I still have no idea.,"Where? Exactly, I still have no idea.",exactamente en donde mmm la verdad todavia no sé.,"Exactamente, todavía no tengo ni idea.","Exactamente, todavía no tengo ni idea.",/Users/nilakshanraveendran/Documents/research/outputs/synthesis/en-es/EN_078_38__ES_078_38_en-es.wav,1486375497,0.0,0.0,0.5181424021720886,0.5473688244819641,107.78634811854413,577.6535129370658,132.71960961796304,6.634960339562477,361.15870156703903,29.93426139499625,0.00832002330571413,0.08163540065288544,0.0038346396759152412,2.75,3.851375,3.74,2.5454545454545454,1.5578851708805297,2.406417112299465,ok,,
EN_078_38__ES_078_38,70,true,es-en,/Users/nilakshanraveendran/Documents/research/data/raw/DRAL16kHz/fragments-short/ES_078_38.wav,/Users/nilakshanraveendran/Documents/research/data/raw/DRAL16kHz/fragments-short/EN_078_38.wav,exactamente en donde mmm la verdad todavia no sé.,exactamente en donde la verdad no sé,Where exactly? I still have no idea.,exactly where the truth doesn't know,Exactly where the truth doesn't know.,/Users/nilakshanraveendran/Documents/research/outputs/synthesis/es-en/EN_078_38__ES_078_38_es-en.wav,961057222,0.2222222222222222,0.0,0.4541468024253845,0.5473688244819641,132.71960961796304,361.37653917913354,107.78634811854413,29.93426139499625,234.77344861093184,6.634960339562477,0.0038346396759152412,0.0932789146900177,0.00832002330571413,3.74,4.267375,2.75,2.406417112299465,1.4060165792788306,2.5454545454545454,ok,,
EN_078_39__ES_078_39,70,true,en-es,/Users/nilakshanraveendran/Documents/research/data/raw/DRAL16kHz/fragments-short/EN_078_39.wav,/Users/nilakshanraveendran/Documents/research/data/raw/DRAL16kHz/fragments-short/ES_078_39.wav,I don't know there's there's no it's just a big desert,"I don't know, there's... It's just a big desert.","No sé, es un- es un- era un desierto.","No lo sé, es... es sólo un gran desierto.","No lo sé, es... es solo un gran desierto.",/Users/nilakshanraveendran/Documents/research/outputs/synthesis/en-es/EN_078_39__ES_078_39_en-es.wav,1685010829,0.18181818181818182,0.1111111111111111,0.4714227020740509,0.32696425914764404,124.12070359634761,127.60319692813569,395.79139751359395,14.317957624541181,38.22893698459597,302.65708005137765,0.0073472135700285435,0.08308298140764236,0.0029153916984796524,4.16,4.363375,3.54,2.644230769230769,2.0626235425559347,2.542372881355932,ok,,
EN_078_39__ES_078_39,70,true,es-en,/Users/nilakshanraveendran/Documents/research/data/raw/DRAL16kHz/fragments-short/ES_078_39.wav,/Users/nilakshanraveendran/Documents/research/data/raw/DRAL16kHz/fragments-short/EN_078_39.wav,"No sé, es un- es un- era un desierto.","No sé, es un... Es un desierto.",I don't know there's there's no it's just a big desert,"I don't know, it's a... it's a desert.","I don't know, it's a... it's a desert.",/Users/nilakshanraveendran/Documents/research/outputs/synthesis/es-en/EN_078_39__ES_078_39_es-en.wav,1403976655,0.2222222222222222,0.0,0.30251777172088623,0.32696425914764404,395.79139751359395,592.6627593679318,124.12070359634761,302.65708005137765,414.8335674736,14.317957624541181,0.0029153916984796524,0.06886957585811615,0.0073472135700285435,3.54,4.363375,4.16,2.542372881355932,1.8334431489386085,2.644230769230769,ok,,
EN_078_3__ES_078_3,70,true,en-es,/Users/nilakshanraveendran/Documents/research/data/raw/DRAL16kHz/fragments-short/EN_078_3.wav,/Users/nilakshanraveendran/Documents/research/data/raw/DRAL16kHz/fragments-short/ES_078_3.wav,"I want to, I want to eat the Hershey's first.",I wanna eat that Hershey's first.,Me voy a comer el Hershey's primero.,Quiero comerme lo primero de Hershey.,Quiero comerme lo primero de Hershey.,/Users/nilakshanraveendran/Documents/research/outputs/synthesis/en-es/EN_078_3__ES_078_3_en-es.wav,322927172,0.6,0.0,0.36298155784606934,0.20404252409934998,107.38453950207773,106.90553576866598,111.57596213900302,2.128030294013534,1.918587290592791,6.225609042431245,0.0063962312415242195,0.09555187821388245,0.005283484235405922,2.02,2.4966875,1.315,4.9504950495049505,2.4031842190902943,5.32319391634981,ok,,
EN_078_3__ES_078_3,70,true,es-en,/Users/nilakshanraveendran/Documents/research/data/raw/DRAL16kHz/fragments-short/ES_078_3.wav,/Users/nilakshanraveendran/Documents/research/data/raw/DRAL16kHz/fragments-short/EN_078_3.wav,Me voy a comer el Hershey's primero.,Voy a comer el carces primero.,"I want to, I want to eat the Hershey's first.",I'm gonna eat the cars first.,I'm gonna eat the cars first.,/Users/nilakshanraveendran/Documents/research/outputs/synthesis/es-en/EN_078_3__ES_078_3_es-en.wav,487763933,0.2857142857142857,0.0,0.2896881401538849,0.20404252409934998,111.57596213900302,117.05562672003802,107.38453950207773,6.225609042431245,4.835299759443077,2.128030294013534,0.005283484235405922,0.08054754137992859,0.0063962312415242195,1.315,2.731375,2.02,5.32319391634981,2.1966958033957256,4.9504950495049505,ok,,
EN_078_41__ES_078_41,70,true,en-es,/Users/nilakshanraveendran/Documents/research/data/raw/DRAL16kHz/fragments-short/EN_078_41.wav,/Users/nilakshanraveendran/Documents/research/data/raw/DRAL16kHz/fragments-short/ES_078_41.wav,"I mean if you don't mind, I will take another bite of that.","I mean, if you don't mind, I will take another bite of that.","Bueno, si no te importa voy a tomar otra mordida de...","Quiero decir, si no te importa, voy a tomar otro bocado de eso.","Quiero decir, si no te importa, voy a tomar otro bocado de eso.",/Users/nilakshanraveendran/Documents/research/outputs/synthesis/en-es/EN_078_41__ES_078_41_en-es.wav,2681881,0.0,0.0,0.5440544486045837,0.5940380096435547,110.44508002640026,122.82004094545458,111.97980159442962,7.404767988403413,11.375863553205157,6.136275576905532,0.0072318995371460915,0.09345407783985138,0.00404951348900795,2.85,4.8646875,2.21,4.56140350877193,2.672319650542815,4.97737556561086,ok,,
EN_078_41__ES_078_41,70,true,es-en,/Users/nilakshanraveendran/Documents/research/data/raw/DRAL16kHz/fragments-short/ES_078_41.wav,/Users/nilakshanraveendran/Documents/research/data/raw/DRAL16kHz/fragments-short/EN_078_41.wav,"Bueno, si no te importa voy a tomar otra mordida de...","Bueno, si no te importa, voy a tomar otra morría de...","I mean if you don't mind, I will take another bite of that.","Well, if you don't mind, I'm gonna take another bite of...","Well, if you don't mind, I'm gonna take another bite of...",/Users/nilakshanraveendran/Documents/research/outputs/synthesis/es-en/EN_078_41__ES_078_41_es-en.wav,1526093583,0.09090909090909091,0.0,0.29461392760276794,0.5940380096435547,111.97980159442962,112.8140425446924,110.44508002640026,6.136275576905532,5.045263132936083,7.404767988403413,0.00404951348900795,0.09208770841360092,0.0072318995371460915,2.21,4.2246875,2.85,4.97737556561086,2.6037428803905613,4.56140350877193,ok,,
EN_078_5__ES_078_5,70,true,en-es,/Users/nilakshanraveendran/Documents/research/data/raw/DRAL16kHz/fragments-short/EN_078_5.wav,/Users/nilakshanraveendran/Documents/research/data/raw/DRAL16kHz/fragments-short/ES_078_5.wav,"You don't need the whole thing, just a bite.","Don't need to hold things, you're just a biker.","No, no te comas todo el- el- el dulce.","No hace falta que sostengas las cosas, sólo eres un motociclista.","No hace falta que sostengas las cosas, solo eres un motociclista.",/Users/nilakshanraveendran/Documents/research/outputs/synthesis/en-es/EN_078_5__ES_078_5_en-es.wav,884356109,0.6666666666666666,0.09090909090909091,0.5441019535064697,0.6553669571876526,117.57174941257936,114.74153145190208,140.0232380176057,6.9195617991087826,25.85668176661096,16.061694813088398,0.004100422374904156,0.07267682254314423,0.003762155305594206,2.815,5.43,3.675,3.197158081705151,2.0257826887661143,2.4489795918367347,ok,,
EN_078_5__ES_078_5,70,true,es-en,/Users/nilakshanraveendran/Documents/research/data/raw/DRAL16kHz/fragments-short/ES_078_5.wav,/Users/nilakshanraveendran/Documents/research/data/raw/DRAL16kHz/fragments-short/EN_078_5.wav,"No, no te comas todo el- el- el dulce.","No, no te comes todo el dulce.","You don't need the whole thing, just a bite.","No, you don't eat all the candy.","No, you don't eat all the candy.",/Users/nilakshanraveendran/Documents/research/outputs/synthesis/es-en/EN_078_5__ES_078_5_es-en.wav,604663313,0.3333333333333333,0.0,0.3336043655872345,0.6553669571876526,140.0232380176057,127.72078962743207,117.57174941257936,16.061694813088398,4.400758310219686,6.9195617991087826,0.003762155305594206,0.08909119665622711,0.004100422374904156,3.675,3.574,2.815,2.4489795918367347,1.9585898153329604,3.197158081705151,ok,,
EN_078_7__ES_078_7,70,true,en-es,/Users/nilakshanraveendran/Documents/research/data/raw/DRAL16kHz/fragments-short/EN_078_7.wav,/Users/nilakshanraveendran/Documents/research/data/raw/DRAL16kHz/fragments-short/ES_078_7.wav,but like hard cold like like ice,"but like, hard, cold, like, like, ice?",Pero... ¿Cómo? ¿Cómo- cómo fr- frío duro? ¿Cómo- cómo hielo?,"pero como, duro, frío, como, como, ¿hielo?","Pero como duro, frío, como como, hielo.",/Users/nilakshanraveendran/Documents/research/outputs/synthesis/en-es/EN_078_7__ES_078_7_en-es.wav,1224320922,0.0,0.0,0.33150479197502136,0.3762766122817993,nan,811.5579774316053,101.54107939201305,nan,300.0841860482454,28.408133325339648,0.00522984191775322,0.03915790840983391,0.0034228237345814705,3.19,11.6486875,6.26,2.19435736677116,0.6009260699971564,1.597444089456869,ok,,
EN_078_7__ES_078_7,70,true,es-en,/Users/nilakshanraveendran/Documents/research/data/raw/DRAL16kHz/fragments-short/ES_078_7.wav,/Users/nilakshanraveendran/Documents/research/data/raw/DRAL16kHz/fragments-short/EN_078_7.wav,Pero... ¿Cómo? ¿Cómo- cómo fr- frío duro? ¿Cómo- cómo hielo?,"Pero como... como... como frío duro, como hielo.",but like hard cold like like ice,"But like... like... like hard cold, like ice.","But like, like, like, like hard cold, like ice.",/Users/nilakshanraveendran/Documents/research/outputs/synthesis/es-en/EN_078_7__ES_078_7_es-en.wav,141887942,0.6,0.125,0.26137369871139526,0.3762766122817993,101.54107939201305,65.0,nan,28.408133325339648,0.0,nan,0.0034228237345814705,0.05462140217423439,0.00522984191775322,6.26,6.027375,3.19,1.597444089456869,1.327277629150335,2.19435736677116,ok,,
EN_081_12__ES_081_12,70,true,en-es,/Users/nilakshanraveendran/Documents/research/data/raw/DRAL16kHz/fragments-short/EN_081_12.wav,/Users/nilakshanraveendran/Documents/research/data/raw/DRAL16kHz/fragments-short/ES_081_12.wav,The problem was really like what would you do if you win the lottery?,The problem was really like what would you do if you win the lottery?,El tema era de este que hariamos si ganábamos la lotería.,"El problema era, ¿qué harías si ganaras la lotería?",El problema era ¿Qué harías si ganaras la lotería?,/Users/nilakshanraveendran/Documents/research/outputs/synthesis/en-es/EN_081_12__ES_081_12_en-es.wav,1289533011,0.0,0.0,0.4808061122894287,0.42258691787719727,106.33370081438827,114.57623232527567,100.08898971614677,4.5394843720985465,11.716838305650208,4.4010235875541985,0.012543403543531895,0.05738312378525734,0.0038433994632214308,3.14,5.014,3.59,4.45859872611465,1.7949740725967291,3.064066852367688,ok,,
EN_081_12__ES_081_12,70,true,es-en,/Users/nilakshanraveendran/Documents/research/data/raw/DRAL16kHz/fragments-short/ES_081_12.wav,/Users/nilakshanraveendran/Documents/research/data/raw/DRAL16kHz/fragments-short/EN_081_12.wav,El tema era de este que hariamos si ganábamos la lotería.,El tema era que ganábamos la lotería.,The problem was really like what would you do if you win the lottery?,"The thing was, we won the lottery.","Thing was, we won the lottery.",/Users/nilakshanraveendran/Documents/research/outputs/synthesis/es-en/EN_081_12__ES_081_12_es-en.wav,817224514,0.36363636363636365,0.14285714285714285,0.2886423170566559,0.42258691787719727,100.08898971614677,94.0083501059969,106.33370081438827,4.4010235875541985,6.927268847484065,4.5394843720985465,0.0038433994632214308,0.09194037318229675,0.012543403543531895,3.59,2.315375,3.14,3.064066852367688,3.023268369054689,4.45859872611465,ok,,
EN_081_14__ES_081_14,70,true,en-es,/Users/nilakshanraveendran/Documents/research/data/raw/DRAL16kHz/fragments-short/EN_081_14.wav,/Users/nilakshanraveendran/Documents/research/data/raw/DRAL16kHz/fragments-short/ES_081_14.wav,Do you like ice cream? By any chance?,Do you like Ice Cream? By any chance?,de pura casualidad te gusta el helado,¿Te gusta el helado?,que gusta el helado.,/Users/nilakshanraveendran/Documents/research/outputs/synthesis/en-es/EN_081_14__ES_081_14_en-es.wav,1355638331,0.0,0.25,0.4827219843864441,0.5121881365776062,109.87901051125783,105.81947068839973,106.41895426804939,11.44609753957898,3.2700506534799563,18.333556395872105,0.005942339077591896,0.034972965717315674,0.0025260180700570345,2.41,2.87,1.85,3.3195020746887964,1.3937282229965156,3.7837837837837838,ok,,
EN_081_14__ES_081_14,70,true,es-en,/Users/nilakshanraveendran/Documents/research/data/raw/DRAL16kHz/fragments-short/ES_081_14.wav,/Users/nilakshanraveendran/Documents/research/data/raw/DRAL16kHz/fragments-short/EN_081_14.wav,de pura casualidad te gusta el helado,de pura casualidad te gusta el helado,Do you like ice cream? By any chance?,You just happen to like ice cream.,you just happened to like ice cream,/Users/nilakshanraveendran/Documents/research/outputs/synthesis/es-en/EN_081_14__ES_081_14_es-en.wav,1932657118,0.0,0.14285714285714285,0.5402966737747192,0.5121881365776062,106.41895426804939,113.03439899831142,109.87901051125783,18.333556395872105,3.054438627917593,11.44609753957898,0.0025260180700570345,0.0826089084148407,0.005942339077591896,1.85,2.4966875,2.41,3.7837837837837838,2.80371492227201,3.3195020746887964,ok,,
EN_081_16__ES_081_16,70,true,en-es,/Users/nilakshanraveendran/Documents/research/data/raw/DRAL16kHz/fragments-short/EN_081_16.wav,/Users/nilakshanraveendran/Documents/research/data/raw/DRAL16kHz/fragments-short/ES_081_16.wav,Just that? You'll buy an industrial fridge with every ice cream in the world?,You'll buy an industrial fridge with every ice cream in the world.,"solo eso, vas a comprar un, un refrigerador industrial con cada día en el mundo.",Comprarás una nevera industrial con todos los helados del mundo.,Comprarás una nevera industrial con todos los helados del mundo.,/Users/nilakshanraveendran/Documents/research/outputs/synthesis/en-es/EN_081_16__ES_081_16_en-es.wav,645458097,0.14285714285714285,0.0,0.4522767961025238,0.422669917345047,105.12538918019422,366.01894948128023,104.27603315249826,11.906683526056383,400.42177299841927,12.947022922159986,0.00784103013575077,0.06739453971385956,0.004155062139034271,4.75,5.515375,6.38,2.9473684210526314,1.8131133422478074,2.3510971786833856,ok,,
EN_081_16__ES_081_16,70,true,es-en,/Users/nilakshanraveendran/Documents/research/data/raw/DRAL16kHz/fragments-short/ES_081_16.wav,/Users/nilakshanraveendran/Documents/research/data/raw/DRAL16kHz/fragments-short/EN_081_16.wav,"solo eso, vas a comprar un, un refrigerador industrial con cada día en el mundo.","solo eso, vas a comprar un refrigerador industrial con que hagan ya en el mundo",Just that? You'll buy an industrial fridge with every ice cream in the world?,"Just that, you're going to buy an industrial refrigerator with which they do already in the world","Just that, you're going to buy an industrial refrigerator with which they do already in the world.",/Users/nilakshanraveendran/Documents/research/outputs/synthesis/es-en/EN_081_16__ES_081_16_es-en.wav,1840291302,0.26666666666666666,0.0,0.46068114042282104,0.422669917345047,104.27603315249826,106.80072034132411,105.12538918019422,12.947022922159986,6.462592032144342,11.906683526056383,0.004155062139034271,0.09713191539049149,0.00784103013575077,6.38,5.942,4.75,2.3510971786833856,2.8609895658027598,2.9473684210526314,ok,,
EN_081_18__ES_081_18,70,true,en-es,/Users/nilakshanraveendran/Documents/research/data/raw/DRAL16kHz/fragments-short/EN_081_18.wav,/Users/nilakshanraveendran/Documents/research/data/raw/DRAL16kHz/fragments-short/ES_081_18.wav,my ice cream.,my ice cream.,Para nieve.,Mi helado.,Mi helado,/Users/nilakshanraveendran/Documents/research/outputs/synthesis/en-es/EN_081_18__ES_081_18_en-es.wav,397555103,0.0,0.0,0.20748592913150787,0.11746647208929062,nan,993.0952806723868,122.42030644678006,nan,17.292677664969702,6.804151834786663,0.009222614578902721,0.02931400202214718,0.007559249643236399,0.965,5.0566875,0.655,3.1088082901554404,0.3955158391733719,3.0534351145038165,ok,,
EN_081_18__ES_081_18,70,true,es-en,/Users/nilakshanraveendran/Documents/research/data/raw/DRAL16kHz/fragments-short/ES_081_18.wav,/Users/nilakshanraveendran/Documents/research/data/raw/DRAL16kHz/fragments-short/EN_081_18.wav,Para nieve.,para nieve,my ice cream.,for snow,uh snow,/Users/nilakshanraveendran/Documents/research/outputs/synthesis/es-en/EN_081_18__ES_081_18_es-en.wav,1442746282,0.0,0.5,0.3458797335624695,0.11746647208929062,122.42030644678006,127.02447849004805,nan,6.804151834786663,6.9068578468572905,nan,0.007559249643236399,0.11753188073635101,0.009222614578902721,0.655,1.5686875,0.965,3.0534351145038165,1.2749511932746325,3.1088082901554404,ok,,
EN_081_1__ES_081_1,70,true,en-es,/Users/nilakshanraveendran/Documents/research/data/raw/DRAL16kHz/fragments-short/EN_081_1.wav,/Users/nilakshanraveendran/Documents/research/data/raw/DRAL16kHz/fragments-short/ES_081_1.wav,"Uh yeah, I know, the microphone got disconnected.","Yeah, I know the microphone got disconnected",Y y ya se por donde se nos desconectó el micrófono,"Sí, sé que el micrófono se desconectó.","Sí, sé que el micrófono se desconectó.",/Users/nilakshanraveendran/Documents/research/outputs/synthesis/en-es/EN_081_1__ES_081_1_en-es.wav,993214590,0.125,0.0,0.4264691472053528,0.3716498911380768,114.81502013714797,91.6594952930571,116.41103698350527,2.641089861806192,23.59902967689356,4.2690841036448335,0.008498690091073513,0.06510049104690552,0.0070130424574017525,2.16,5.0566875,2.45,3.7037037037037033,1.3843054371068018,4.489795918367347,ok,,
EN_081_1__ES_081_1,70,true,es-en,/Users/nilakshanraveendran/Documents/research/data/raw/DRAL16kHz/fragments-short/ES_081_1.wav,/Users/nilakshanraveendran/Documents/research/data/raw/DRAL16kHz/fragments-short/EN_081_1.wav,Y y ya se por donde se nos desconectó el micrófono,y ya se va a desconectar el micrófono,"Uh yeah, I know, the microphone got disconnected.",and the microphone is already going to be disconnected.,and the microphone is already going to be disconnected. We'll,/Users/nilakshanraveendran/Documents/research/outputs/synthesis/es-en/EN_081_1__ES_081_1_es-en.wav,687121527,0.5454545454545454,0.1111111111111111,0.5565108060836792,0.3716498911380768,116.41103698350527,116.90424842018001,114.81502013714797,4.2690841036448335,7.996204728301536,2.641089861806192,0.0070130424574017525,0.08385239541530609,0.008498690091073513,2.45,4.587375,2.16,4.489795918367347,1.961906318973269,3.7037037037037033,ok,,
EN_081_20__ES_081_20,70,true,en-es,/Users/nilakshanraveendran/Documents/research/data/raw/DRAL16kHz/fragments-short/EN_081_20.wav,/Users/nilakshanraveendran/Documents/research/data/raw/DRAL16kHz/fragments-short/ES_081_20.wav,but I'll but I'll but I'll,"But I'll, but I'll","Pero, pero, pero...","Pero lo haré, pero lo haré.","Pero lo haré, pero lo haré.",/Users/nilakshanraveendran/Documents/research/outputs/synthesis/en-es/EN_081_20__ES_081_20_en-es.wav,1330521225,0.3333333333333333,0.0,0.3937136232852936,0.3628315329551697,100.6467627116562,128.04938803842688,154.51737612697085,3.476372181487431,1.8942262403727088,46.65493852609474,0.010793489404022694,0.09230078011751175,0.0032816349994391203,1.215,2.454,1.625,4.938271604938271,2.4449877750611244,1.8461538461538463,ok,,
EN_081_20__ES_081_20,70,true,es-en,/Users/nilakshanraveendran/Documents/research/data/raw/DRAL16kHz/fragments-short/ES_081_20.wav,/Users/nilakshanraveendran/Documents/research/data/raw/DRAL16kHz/fragments-short/EN_081_20.wav,"Pero, pero, pero...","Pero, pero, pero...",but I'll but I'll but I'll,"But, but, but...",But... But... But...,/Users/nilakshanraveendran/Documents/research/outputs/synthesis/es-en/EN_081_20__ES_081_20_es-en.wav,2123902617,0.0,0.0,0.2598811686038971,0.3628315329551697,154.51737612697085,745.5359732966394,100.6467627116562,46.65493852609474,60.76146145907,3.476372181487431,0.0032816349994391203,0.0861145406961441,0.010793489404022694,1.625,2.827375,1.215,1.8461538461538463,1.061054865378664,4.938271604938271,ok,,
EN_081_21__ES_081_21,70,true,en-es,/Users/nilakshanraveendran/Documents/research/data/raw/DRAL16kHz/fragments-short/EN_081_21.wav,/Users/nilakshanraveendran/Documents/research/data/raw/DRAL16kHz/fragments-short/ES_081_21.wav,with that amount of money then I can buy a house you know $20 a video game and then a house,"with that amount of money then I can buy a house, you know, $20 a video game and then a house.",con esa cantidad de dinero puedes comprar una casa das 20 dólares un juego y luego una casa,"Con esa cantidad de dinero entonces puedo comprar una casa, ya sabes, $20 por videojuego y luego una casa.",Con esa cantidad de dinero entonces puedo comprar una casa. Una casa con tu sons.,/Users/nilakshanraveendran/Documents/research/outputs/synthesis/en-es/EN_081_21__ES_081_21_en-es.wav,814790982,0.0,0.47368421052631576,0.5487078428268433,0.5158103704452515,108.86870220687737,110.56318461959437,113.07071217988369,12.050060465006421,22.88755196849162,8.653745905307831,0.011545219458639622,0.0760304406285286,0.006306762807071209,4.04,15.499375,4.15,5.198019801980198,1.2258558812855356,4.337349397590361,ok,,
EN_081_21__ES_081_21,70,true,es-en,/Users/nilakshanraveendran/Documents/research/data/raw/DRAL16kHz/fragments-short/ES_081_21.wav,/Users/nilakshanraveendran/Documents/research/data/raw/DRAL16kHz/fragments-short/EN_081_21.wav,con esa cantidad de dinero puedes comprar una casa das 20 dólares un juego y luego una casa,"y con esa cantidad de dinero puedes comprar una casa y harás 20 dólares, un juego y una casa.",with that amount of money then I can buy a house you know $20 a video game and then a house,"And with that kind of money you can buy a house and make 20 bucks, a game and a house.",And with that kind of money you can buy a house and make 20 bucks. Again and a house.,/Users/nilakshanraveendran/Documents/research/outputs/synthesis/es-en/EN_081_21__ES_081_21_es-en.wav,1317932949,0.2222222222222222,0.1,0.4138047993183136,0.5158103704452515,113.07071217988369,125.50820083144322,108.86870220687737,8.653745905307831,21.27322883165555,12.050060465006421,0.006306762807071209,0.08003877103328705,0.011545219458639622,4.15,8.9606875,4.04,4.337349397590361,2.2319715981614134,5.198019801980198,ok,,
EN_081_27__ES_081_27,70,true,en-es,/Users/nilakshanraveendran/Documents/research/data/raw/DRAL16kHz/fragments-short/EN_081_27.wav,/Users/nilakshanraveendran/Documents/research/data/raw/DRAL16kHz/fragments-short/ES_081_27.wav,You know wha- what I would buy?,You know what I will buy?,¿Sabes qué me compraría?,¿Sabes lo que voy a comprar?,sabes lo que voy a comprar,/Users/nilakshanraveendran/Documents/research/outputs/synthesis/en-es/EN_081_27__ES_081_27_en-es.wav,452457738,0.2857142857142857,0.0,0.27637383341789246,0.22997993230819702,115.38223338276445,129.53546485827817,nan,1.5589093099240012,17.25827541565729,nan,0.012237449176609516,0.07163470983505249,0.006620398256927729,1.16,2.966,0.94,6.03448275862069,2.0229265003371544,4.25531914893617,ok,,
EN_081_27__ES_081_27,70,true,es-en,/Users/nilakshanraveendran/Documents/research/data/raw/DRAL16kHz/fragments-short/ES_081_27.wav,/Users/nilakshanraveendran/Documents/research/data/raw/DRAL16kHz/fragments-short/EN_081_27.wav,¿Sabes qué me compraría?,¿Sabes qué me compraría?,You know wha- what I would buy?,You know what I'd buy?,you know what I'd buy.,/Users/nilakshanraveendran/Documents/research/outputs/synthesis/es-en/EN_081_27__ES_081_27_es-en.wav,61979208,0.0,0.0,0.2001110315322876,0.22997993230819702,nan,107.30481193100829,115.38223338276445,nan,3.061867323914692,1.5589093099240012,0.006620398256927729,0.07327207177877426,0.012237449176609516,0.94,1.622,1.16,4.25531914893617,3.0826140567200984,6.03448275862069,ok,,
EN_081_28__ES_081_28,70,true,en-es,/Users/nilakshanraveendran/Documents/research/data/raw/DRAL16kHz/fragments-short/EN_081_28.wav,/Users/nilakshanraveendran/Documents/research/data/raw/DRAL16kHz/fragments-short/ES_081_28.wav,A house for me obviously,a house for me obviously.,"Una casa para mí, obviamente.","una casa para mí, obviamente.",una casa para mí obviamente,/Users/nilakshanraveendran/Documents/research/outputs/synthesis/en-es/EN_081_28__ES_081_28_en-es.wav,768968527,0.0,0.0,0.2537730932235718,0.35811731219291687,111.53939163736669,989.6517655782815,102.4414247317091,6.2046130854989,29.093701042779834,6.585755846622134,0.006229155231267214,0.03502906858921051,0.002311982214450836,1.46,7.286,2.07,3.4246575342465753,0.6862475981334065,2.4154589371980677,ok,,
EN_081_28__ES_081_28,70,true,es-en,/Users/nilakshanraveendran/Documents/research/data/raw/DRAL16kHz/fragments-short/ES_081_28.wav,/Users/nilakshanraveendran/Documents/research/data/raw/DRAL16kHz/fragments-short/EN_081_28.wav,"Una casa para mí, obviamente.","una casa para mí, obviamente.",A house for me obviously,"a house for me, obviously.","A house for me, obviously.",/Users/nilakshanraveendran/Documents/research/outputs/synthesis/es-en/EN_081_28__ES_081_28_es-en.wav,137459724,0.0,0.0,0.44536149501800537,0.35811731219291687,102.4414247317091,893.3961083988137,111.53939163736669,6.585755846622134,88.21641538763096,6.2046130854989,0.002311982214450836,0.06805339455604553,0.006229155231267214,2.07,3.339375,1.46,2.4154589371980677,1.4972861688190156,3.4246575342465753,ok,,
EN_081_30__ES_081_30,70,true,en-es,/Users/nilakshanraveendran/Documents/research/data/raw/DRAL16kHz/fragments-short/EN_081_30.wav,/Users/nilakshanraveendran/Documents/research/data/raw/DRAL16kHz/fragments-short/ES_081_30.wav,Mm-hmm.,Mm-hmm.,Ajá.,Mm-hmm.,,,1499198876,0.0,,,,178.34915696511916,,160.26726601624236,16.59599371687771,,23.353985048171257,0.003309242893010378,,0.006811404135078192,0.29,,0.37,3.4482758620689657,,2.7027027027027026,failed,tts,RuntimeError: Provided reference audio too short (minimum length: 0.33 seconds).
EN_081_30__ES_081_30,70,true,es-en,/Users/nilakshanraveendran/Documents/research/data/raw/DRAL16kHz/fragments-short/ES_081_30.wav,/Users/nilakshanraveendran/Documents/research/data/raw/DRAL16kHz/fragments-short/EN_081_30.wav,Ajá.,mhm,Mm-hmm.,mhm,Mm-hmm.,/Users/nilakshanraveendran/Documents/research/outputs/synthesis/es-en/EN_081_30__ES_081_30_es-en.wav,385568243,1.0,1.0,0.26494792103767395,0.32363539934158325,160.26726601624236,202.64148860264987,178.34915696511916,23.353985048171257,32.84591321819521,16.59599371687771,0.006811404135078192,0.17239829897880554,0.003309242893010378,0.37,1.11,0.29,2.7027027027027026,0.9009009009009008,3.4482758620689657,ok,,
EN_024_40__ES_024_40,15,true,es-en,/Users/nilakshanraveendran/Documents/research/data/raw/DRAL16kHz/fragments-short/ES_024_40.wav,/Users/nilakshanraveendran/Documents/research/data/raw/DRAL16kHz/fragments-short/EN_024_40.wav,"Nos dijeron, uh tírate al suelo, tírate al suelo. Nos tenían en el piso.","Nos dijeron, tirate el suelo, tirate el suelo, nos tenían en el piso.","They're like, get on the ground, like, get on the ground, like, right now. Like, they had us, like, on the ground.","They told us, toss the floor, toss the floor, they had us on the floor.","They told us, toss the floor, toss the floor. They had us on the floor.",/Users/nilakshanraveendran/Documents/research/outputs/synthesis/es-en/EN_024_40__ES_024_40_es-en.wav,1430829114,0.35714285714285715,0.0,0.44516289234161377,0.40448153018951416,112.31377946600576,126.61070602696705,109.4476043465393,18.621896322129487,41.736726827059236,12.23773809035955,0.024406595155596733,0.09693615883588791,0.030626796185970306,4.59,5.611375,4.72,3.0501089324618738,2.673141609676773,4.661016949152542,ok,,
EN_081_31__ES_081_31,70,true,en-es,/Users/nilakshanraveendran/Documents/research/data/raw/DRAL16kHz/fragments-short/EN_081_31.wav,/Users/nilakshanraveendran/Documents/research/data/raw/DRAL16kHz/fragments-short/ES_081_31.wav,Yeah.,Yeah.,Sí.,Sí.,,,1238135756,0.0,,,,172.43442263534808,,nan,11.20811421861955,,nan,0.005558282136917114,,0.003985879477113485,0.3,,0.35,3.3333333333333335,,2.857142857142857,failed,tts,RuntimeError: Provided reference audio too short (minimum length: 0.33 seconds).
EN_081_31__ES_081_31,70,true,es-en,/Users/nilakshanraveendran/Documents/research/data/raw/DRAL16kHz/fragments-short/ES_081_31.wav,/Users/nilakshanraveendran/Documents/research/data/raw/DRAL16kHz/fragments-short/EN_081_31.wav,Sí.,¿Sí?,Yeah.,Yeah?,Yeah?,/Users/nilakshanraveendran/Documents/research/outputs/synthesis/es-en/EN_081_31__ES_081_31_es-en.wav,1509172169,0.0,0.0,0.1801222860813141,0.21062470972537994,nan,nan,172.43442263534808,nan,nan,11.20811421861955,0.003985879477113485,0.07568500190973282,0.005558282136917114,0.35,1.206,0.3,2.857142857142857,0.8291873963515755,3.3333333333333335,ok,,
EN_024_41__ES_024_41,15,true,en-es,/Users/nilakshanraveendran/Documents/research/data/raw/DRAL16kHz/fragments-short/EN_024_41.wav,/Users/nilakshanraveendran/Documents/research/data/raw/DRAL16kHz/fragments-short/ES_024_41.wav,And then they called like- like 15 other more cops.,And then they called like 15 other moor cops.,y hablaron como quince más policías.,Y luego llamaron como otros 15 policías páramo.,"Y luego llamaron como otros 15 policías, páramo.",/Users/nilakshanraveendran/Documents/research/outputs/synthesis/en-es/EN_024_41__ES_024_41_en-es.wav,213804795,0.2,0.0,0.42267951369285583,0.42053037881851196,115.35387680925218,131.79701507005908,111.96843290182248,10.027912977048826,18.528838868894532,12.589343866700839,0.02642473578453064,0.11411917954683304,0.025890588760375977,3.52,3.6166875,4.04,2.840909090909091,2.2119688250643716,1.4851485148514851,ok,,
EN_024_41__ES_024_41,15,true,es-en,/Users/nilakshanraveendran/Documents/research/data/raw/DRAL16kHz/fragments-short/ES_024_41.wav,/Users/nilakshanraveendran/Documents/research/data/raw/DRAL16kHz/fragments-short/EN_024_41.wav,y hablaron como quince más policías.,y hablaron como 15 más policías.,And then they called like- like 15 other more cops.,And they talked like 15 more cops.,And they talked like 15 more cops.,/Users/nilakshanraveendran/Documents/research/outputs/synthesis/es-en/EN_024_41__ES_024_41_es-en.wav,2110246614,0.16666666666666666,0.0,0.5581101775169373,0.42053037881851196,111.96843290182248,105.14317205739076,115.35387680925218,12.589343866700839,19.680613870327495,10.027912977048826,0.025890588760375977,0.0664103627204895,0.02642473578453064,4.04,4.1286875,3.52,1.4851485148514851,1.6954540637914592,2.840909090909091,ok,,
EN_081_32__ES_081_32,70,true,en-es,/Users/nilakshanraveendran/Documents/research/data/raw/DRAL16kHz/fragments-short/EN_081_32.wav,/Users/nilakshanraveendran/Documents/research/data/raw/DRAL16kHz/fragments-short/ES_081_32.wav,Business? It's not a business. What?,Business? It's not a business. What?,¿Negocio? No es un negocio. ¿Qué?,No es un negocio. ¿Qué?,No es un negocio. ¿Qué?,/Users/nilakshanraveendran/Documents/research/outputs/synthesis/en-es/EN_081_32__ES_081_32_en-es.wav,211512238,0.0,0.0,0.3561164438724518,0.3088749051094055,109.85745117580652,908.3941269031117,207.8959232327045,11.408062847776993,266.3393383871967,31.09248536482376,0.005828943569213152,0.023866873234510422,0.019459258764982224,2.33,17.164,2.02,2.575107296137339,0.29130738755534835,2.9702970297029703,ok,,
EN_081_32__ES_081_32,70,true,es-en,/Users/nilakshanraveendran/Documents/research/data/raw/DRAL16kHz/fragments-short/ES_081_32.wav,/Users/nilakshanraveendran/Documents/research/data/raw/DRAL16kHz/fragments-short/EN_081_32.wav,¿Negocio? No es un negocio. ¿Qué?,negocio? no es un negocio que?,Business? It's not a business. What?,business? is not a business what?,Business is not a business. What?,/Users/nilakshanraveendran/Documents/research/outputs/synthesis/es-en/EN_081_32__ES_081_32_es-en.wav,1490018016,0.16666666666666666,0.0,0.4405037760734558,0.3088749051094055,207.8959232327045,nan,109.85745117580652,31.09248536482376,nan,11.408062847776993,0.019459258764982224,0.06132805347442627,0.005828943569213152,2.02,5.3346875,2.33,2.9702970297029703,1.1247144279772714,2.575107296137339,ok,,
EN_024_43__ES_024_43,15,true,en-es,/Users/nilakshanraveendran/Documents/research/data/raw/DRAL16kHz/fragments-short/EN_024_43.wav,/Users/nilakshanraveendran/Documents/research/data/raw/DRAL16kHz/fragments-short/ES_024_43.wav,"Not even because, like, everyone- everyone was leaving, right?","Not even because everyone was leaving, right?","Ni eso, ni eso porque ya todos se estában yendo, ¿verdad?","Ni siquiera porque todo el mundo se fuera, ¿verdad?","Ni siquiera porque todo el mundo se fue, ¿a verdad?",/Users/nilakshanraveendran/Documents/research/outputs/synthesis/en-es/EN_024_43__ES_024_43_en-es.wav,118660829,0.2222222222222222,0.2222222222222222,0.4420003294944763,0.42428460717201233,178.13714002143575,194.8618351657089,156.82136689619563,36.53249341668819,27.03901642144026,37.35958693019838,0.07246000319719315,0.13403236865997314,0.049466390162706375,3.14,3.2006875,2.98,2.8662420382165603,2.8118958817441566,3.691275167785235,ok,,
EN_024_43__ES_024_43,15,true,es-en,/Users/nilakshanraveendran/Documents/research/data/raw/DRAL16kHz/fragments-short/ES_024_43.wav,/Users/nilakshanraveendran/Documents/research/data/raw/DRAL16kHz/fragments-short/EN_024_43.wav,"Ni eso, ni eso porque ya todos se estában yendo, ¿verdad?","Ni eso, ni eso porque ya todos estaban yendo, ¿verdad?","Not even because, like, everyone- everyone was leaving, right?","Neither that, nor that because everyone was already going, right?","Neither that nor that, because everyone was already going, right?",/Users/nilakshanraveendran/Documents/research/outputs/synthesis/es-en/EN_024_43__ES_024_43_es-en.wav,2075397565,0.18181818181818182,0.0,0.4644763469696045,0.42428460717201233,156.82136689619563,174.85506842407918,178.13714002143575,37.35958693019838,36.601328977010425,36.53249341668819,0.049466390162706375,0.11730252206325531,0.07246000319719315,2.98,5.238,3.14,3.691275167785235,1.9091256204658265,2.8662420382165603,ok,,
EN_081_34__ES_081_34,70,true,en-es,/Users/nilakshanraveendran/Documents/research/data/raw/DRAL16kHz/fragments-short/EN_081_34.wav,/Users/nilakshanraveendran/Documents/research/data/raw/DRAL16kHz/fragments-short/ES_081_34.wav,"I wouldn't be arrogant enough to put my name on it, but...",I wouldn't be arrogant enough to put my name on it.,Mmm no sería lo suficientemente arrogante para poner mi nombre.,No sería tan arrogante como para ponerle mi nombre.,No sería tan arrogante como para ponerle mi nombre.,/Users/nilakshanraveendran/Documents/research/outputs/synthesis/en-es/EN_081_34__ES_081_34_en-es.wav,1091646567,0.08333333333333333,0.0,0.5217727422714233,0.5642669796943665,103.66827005778619,547.5259385219911,110.1852882934963,9.870085001469397,399.3694573982619,7.6208719666328575,0.007413140963762999,0.06937715411186218,0.003779385006055236,4.02,5.0566875,4.92,2.985074626865672,1.7798212762801735,2.032520325203252,ok,,
EN_081_34__ES_081_34,70,true,es-en,/Users/nilakshanraveendran/Documents/research/data/raw/DRAL16kHz/fragments-short/ES_081_34.wav,/Users/nilakshanraveendran/Documents/research/data/raw/DRAL16kHz/fragments-short/EN_081_34.wav,Mmm no sería lo suficientemente arrogante para poner mi nombre.,No sería lo suficiente de un vente arrogante para poner mi nombre.,"I wouldn't be arrogant enough to put my name on it, but...",I wouldn't be arrogant enough to put my name on it.,I wouldn't be arrogant enough to put my name on it.,/Users/nilakshanraveendran/Documents/research/outputs/synthesis/es-en/EN_081_34__ES_081_34_es-en.wav,295996784,0.5,0.0,0.45459046959877014,0.5642669796943665,110.1852882934963,113.86586278539878,103.66827005778619,7.6208719666328575,10.173939497422214,9.870085001469397,0.003779385006055236,0.09827427566051483,0.007413140963762999,4.92,3.382,4.02,2.032520325203252,3.2525133057362505,2.985074626865672,ok,,
EN_024_44__ES_024_44,15,true,en-es,/Users/nilakshanraveendran/Documents/research/data/raw/DRAL16kHz/fragments-short/EN_024_44.wav,/Users/nilakshanraveendran/Documents/research/data/raw/DRAL16kHz/fragments-short/ES_024_44.wav,"And I was like, yo, what the heck? Like, what's happening, you know, like?","And I was like, yo, what the heck? Like, what's happening? You know? Like.","Y yo estaba como como, ¿qué pedo? como ¿qué está pasando?","Y yo estaba como, yo, ¿qué diablos? ¿Qué está pasando?",Y yo estaba... como... yo? ¿Qué diablos? ¿Qué está pasando?,/Users/nilakshanraveendran/Documents/research/outputs/synthesis/en-es/EN_024_44__ES_024_44_en-es.wav,271977115,0.0,0.0,0.35362160205841064,0.4117070138454437,136.41099523245578,138.92052663930704,130.32735655391562,22.250472680198868,57.05803335203631,27.879991515941953,0.03613896295428276,0.07967764139175415,0.028039177879691124,3.15,8.62,3.83,4.444444444444445,1.160092807424594,2.8720626631853787,ok,,
EN_024_44__ES_024_44,15,true,es-en,/Users/nilakshanraveendran/Documents/research/data/raw/DRAL16kHz/fragments-short/ES_024_44.wav,/Users/nilakshanraveendran/Documents/research/data/raw/DRAL16kHz/fragments-short/EN_024_44.wav,"Y yo estaba como como, ¿qué pedo? como ¿qué está pasando?","y estaba como, como, ¿qué pedo? ¿Cómo que está pasando, sabes?","And I was like, yo, what the heck? Like, what's happening, you know, like?","And it was like, like, what fart, like, what's going on, you know?","And he was like, like, what fuck, like? What's going on, you know?",/Users/nilakshanraveendran/Documents/research/outputs/synthesis/es-en/EN_024_44__ES_024_44_es-en.wav,744218600,0.36363636363636365,0.15384615384615385,0.5596398115158081,0.4117070138454437,130.32735655391562,141.24677887628914,136.41099523245578,27.879991515941953,53.131799196606934,22.250472680198868,0.028039177879691124,0.07840185612440109,0.03613896295428276,3.83,6.443375,3.15,2.8720626631853787,2.0175761926009272,4.444444444444445,ok,,
EN_081_37__ES_081_37,70,true,en-es,/Users/nilakshanraveendran/Documents/research/data/raw/DRAL16kHz/fragments-short/EN_081_37.wav,/Users/nilakshanraveendran/Documents/research/data/raw/DRAL16kHz/fragments-short/ES_081_37.wav,"you would like you're fine with that, just not masters, no not PhD.",you will like your fine with that just not masters not not PhD,"Si estás bien como... ¿Estás bien con eso? No, no maestría, no doctorado","le gustará su multa con eso, pero no los másteres no el doctorado","le gustará su multa con eso, pero no los másteres, no el doctorado.",/Users/nilakshanraveendran/Documents/research/outputs/synthesis/en-es/EN_081_37__ES_081_37_en-es.wav,308693617,0.23076923076923078,0.0,0.5517561435699463,0.541547954082489,102.02568382341616,108.01647864614009,110.31373382007114,5.998704688952843,16.558110927765583,8.218573468454903,0.00410323403775692,0.11384972929954529,0.0059730289503932,4.82,4.8646875,6.54,2.697095435684647,2.672319650542815,1.9877675840978593,ok,,
EN_081_37__ES_081_37,70,true,es-en,/Users/nilakshanraveendran/Documents/research/data/raw/DRAL16kHz/fragments-short/ES_081_37.wav,/Users/nilakshanraveendran/Documents/research/data/raw/DRAL16kHz/fragments-short/EN_081_37.wav,"Si estás bien como... ¿Estás bien con eso? No, no maestría, no doctorado","Si estás bien con eso, no maestría, no doctorado.","you would like you're fine with that, just not masters, no not PhD.","If you're okay with that, not master's, not Ph.D.","If you're okay with that, not Masters, not PhD.",/Users/nilakshanraveendran/Documents/research/outputs/synthesis/es-en/EN_081_37__ES_081_37_es-en.wav,410555669,0.3076923076923077,0.0,0.3353955149650574,0.541547954082489,110.31373382007114,112.2325809234868,102.02568382341616,8.218573468454903,5.1070709340752165,5.998704688952843,0.0059730289503932,0.09825508296489716,0.00410323403775692,6.54,3.99,4.82,1.9877675840978593,2.255639097744361,2.697095435684647,ok,,
EN_024_45__ES_024_45,15,true,en-es,/Users/nilakshanraveendran/Documents/research/data/raw/DRAL16kHz/fragments-short/EN_024_45.wav,/Users/nilakshanraveendran/Documents/research/data/raw/DRAL16kHz/fragments-short/ES_024_45.wav,like they were so rude to me you know what they would say they were like shut up,"Like they were so rude to me. You know what they would say? They were like, shut up.","Y eran tan feos, sabes que que me decían, me decían, cállate.",Como si fueran tan groseros conmigo. ¿Sabes lo que dirían?,como si fueran tan groseros conmigo. ¿Sabes lo que dirían?,/Users/nilakshanraveendran/Documents/research/outputs/synthesis/en-es/EN_024_45__ES_024_45_en-es.wav,322004630,0.0,0.0,0.4273592531681061,0.4488775134086609,142.9123070585798,123.99622380151239,132.28196025307227,20.885509544124847,31.64936868106809,25.856525669806572,0.039035577327013016,0.0978933796286583,0.03572927787899971,3.78,6.209375,4.04,4.761904761904762,1.6104680422747861,2.9702970297029703,ok,,
EN_024_45__ES_024_45,15,true,es-en,/Users/nilakshanraveendran/Documents/research/data/raw/DRAL16kHz/fragments-short/ES_024_45.wav,/Users/nilakshanraveendran/Documents/research/data/raw/DRAL16kHz/fragments-short/EN_024_45.wav,"Y eran tan feos, sabes que que me decían, me decían, cállate.","Y eran tan feos, sabes que me decían? Me decían, callate.",like they were so rude to me you know what they would say they were like shut up,"And they were so ugly, you know what they said?","And they were so ugly, you know what they said.",/Users/nilakshanraveendran/Documents/research/outputs/synthesis/es-en/EN_024_45__ES_024_45_es-en.wav,1299643426,0.16666666666666666,0.0,0.5603582262992859,0.4488775134086609,132.28196025307227,136.83416759782583,142.9123070585798,25.856525669806572,24.274195575533895,20.885509544124847,0.03572927787899971,0.08983369171619415,0.039035577327013016,4.04,3.478,3.78,2.9702970297029703,2.875215641173088,4.761904761904762,ok,,
EN_081_39__ES_081_39,70,true,en-es,/Users/nilakshanraveendran/Documents/research/data/raw/DRAL16kHz/fragments-short/EN_081_39.wav,/Users/nilakshanraveendran/Documents/research/data/raw/DRAL16kHz/fragments-short/ES_081_39.wav,"I would like to, obviously, but...",I would like to obviously but,si me gustaría obviamente pero,"Me gustaría, obviamente, pero","Me gustaría obviamente, pero...",/Users/nilakshanraveendran/Documents/research/outputs/synthesis/en-es/EN_081_39__ES_081_39_en-es.wav,1903573656,0.0,0.0,0.43780529499053955,0.460762083530426,109.90436080863,115.53034544086519,110.21241338566864,7.7985370660755,8.006125518547089,42.79421799910681,0.005440718028694391,0.0916953831911087,0.004811089951545,2.585,4.075375,2.98,2.3210831721470018,0.9815047694997392,1.6778523489932886,ok,,
EN_081_39__ES_081_39,70,true,es-en,/Users/nilakshanraveendran/Documents/research/data/raw/DRAL16kHz/fragments-short/ES_081_39.wav,/Users/nilakshanraveendran/Documents/research/data/raw/DRAL16kHz/fragments-short/EN_081_39.wav,si me gustaría obviamente pero,"Si me gustaría, obviamente, pero...","I would like to, obviously, but...","If I'd like to, obviously, but...",if if i like to obviously but,/Users/nilakshanraveendran/Documents/research/outputs/synthesis/es-en/EN_081_39__ES_081_39_es-en.wav,1380305806,0.0,0.3333333333333333,0.38560572266578674,0.460762083530426,110.21241338566864,316.02256192056933,109.90436080863,42.79421799910681,385.37047453769435,7.7985370660755,0.004811089951545,0.04712008312344551,0.005440718028694391,2.98,7.467375,2.585,1.6778523489932886,0.8034952041380004,2.3210831721470018,ok,,
EN_024_47__ES_024_47,15,true,en-es,/Users/nilakshanraveendran/Documents/research/data/raw/DRAL16kHz/fragments-short/EN_024_47.wav,/Users/nilakshanraveendran/Documents/research/data/raw/DRAL16kHz/fragments-short/ES_024_47.wav,After like a couple hours.,after like a couple hours.,Después de unas horas...,después de un par de horas.,después de un par de horas.,/Users/nilakshanraveendran/Documents/research/outputs/synthesis/en-es/EN_024_47__ES_024_47_en-es.wav,1026885399,0.0,0.0,0.2815801799297333,0.2868442237377167,115.88540386232923,107.02407721386098,127.81300242482145,30.566758313388238,7.228448127430379,35.38609613404413,0.04457346349954605,0.08138027042150497,0.0682695284485817,1.55,2.0806875,1.71,3.225806451612903,2.883662251058845,2.3391812865497075,ok,,
EN_024_47__ES_024_47,15,true,es-en,/Users/nilakshanraveendran/Documents/research/data/raw/DRAL16kHz/fragments-short/ES_024_47.wav,/Users/nilakshanraveendran/Documents/research/data/raw/DRAL16kHz/fragments-short/EN_024_47.wav,Después de unas horas...,después de unas horas,After like a couple hours.,after a few hours,After a few hours.,/Users/nilakshanraveendran/Documents/research/outputs/synthesis/es-en/EN_024_47__ES_024_47_es-en.wav,1058511738,0.0,0.0,0.4085879325866699,0.2868442237377167,127.81300242482145,132.67548093196893,115.88540386232923,35.38609613404413,29.852458607517683,30.566758313388238,0.0682695284485817,0.099020816385746,0.04457346349954605,1.71,1.899375,1.55,2.3391812865497075,2.1059559065482065,3.225806451612903,ok,,
EN_081_3__ES_081_3,70,true,en-es,/Users/nilakshanraveendran/Documents/research/data/raw/DRAL16kHz/fragments-short/EN_081_3.wav,/Users/nilakshanraveendran/Documents/research/data/raw/DRAL16kHz/fragments-short/ES_081_3.wav,Continue,Continue.,Continúa.,Continúa.,A una una,/Users/nilakshanraveendran/Documents/research/outputs/synthesis/en-es/EN_081_3__ES_081_3_en-es.wav,1298620487,0.0,3.0,0.4313518702983856,0.3275979161262512,103.52229400826046,89.01397736769675,108.40424988804243,10.283939850750123,34.16081301372008,5.431306984483211,0.006676983553916216,0.061904530972242355,0.006919824983924627,0.535,6.87,0.708,1.8691588785046729,0.14556040756914118,1.4124293785310735,ok,,
EN_081_3__ES_081_3,70,true,es-en,/Users/nilakshanraveendran/Documents/research/data/raw/DRAL16kHz/fragments-short/ES_081_3.wav,/Users/nilakshanraveendran/Documents/research/data/raw/DRAL16kHz/fragments-short/EN_081_3.wav,Continúa.,Continúa.,Continue,Go on.,go on.,/Users/nilakshanraveendran/Documents/research/outputs/synthesis/es-en/EN_081_3__ES_081_3_es-en.wav,498422017,0.0,0.0,0.32091274857521057,0.3275979161262512,108.40424988804243,998.7878628530445,103.52229400826046,5.431306984483211,0.0,10.283939850750123,0.006919824983924627,0.06632646173238754,0.006676983553916216,0.708,1.899375,0.535,1.4124293785310735,1.0529779532741033,1.8691588785046729,ok,,
EN_024_4__ES_024_4,15,true,en-es,/Users/nilakshanraveendran/Documents/research/data/raw/DRAL16kHz/fragments-short/EN_024_4.wav,/Users/nilakshanraveendran/Documents/research/data/raw/DRAL16kHz/fragments-short/ES_024_4.wav,"What do you think about, like, cops here in the U.S.?",What do you think about cops here in the US?,Uh ¿qué crees de la policía aquí en los Estados Unidos?,¿Qué opinas de los policías aquí en los Estados Unidos?,¿Qué opinas de los policías aquí en los Estados Unidos?,/Users/nilakshanraveendran/Documents/research/outputs/synthesis/en-es/EN_024_4__ES_024_4_en-es.wav,1863806408,0.09090909090909091,0.0,0.38753029704093933,0.563583493232727,115.06085999598209,108.20817091890522,117.21239079988702,25.755740575879287,38.203639728946186,22.46444223161383,0.025961516425013542,0.09817510098218918,0.02686769887804985,2.46,3.382,3.1,4.471544715447155,2.956830277942046,3.5483870967741935,ok,,
EN_024_4__ES_024_4,15,true,es-en,/Users/nilakshanraveendran/Documents/research/data/raw/DRAL16kHz/fragments-short/ES_024_4.wav,/Users/nilakshanraveendran/Documents/research/data/raw/DRAL16kHz/fragments-short/EN_024_4.wav,Uh ¿qué crees de la policía aquí en los Estados Unidos?,¿Qué crees de la policía aquí en los Estados Unidos?,"What do you think about, like, cops here in the U.S.?",What do you think about the police here in the United States?,What do you think about the police here in the United States?,/Users/nilakshanraveendran/Documents/research/outputs/synthesis/es-en/EN_024_4__ES_024_4_es-en.wav,1270539524,0.09090909090909091,0.0,0.4189760684967041,0.563583493232727,117.21239079988702,115.53340584842996,115.06085999598209,22.46444223161383,27.617878030899387,25.755740575879287,0.02686769887804985,0.10398129373788834,0.025961516425013542,3.1,3.574,2.46,3.5483870967741935,3.3575825405707893,4.471544715447155,ok,,
EN_081_4__ES_081_4,70,true,en-es,/Users/nilakshanraveendran/Documents/research/data/raw/DRAL16kHz/fragments-short/EN_081_4.wav,/Users/nilakshanraveendran/Documents/research/data/raw/DRAL16kHz/fragments-short/ES_081_4.wav,"that immediately it will be like, I don't know, not well earned.",that immediately it will be like I don't know not will earn,"Así de inmediato, no lo sé, no sería bien ganado.",que inmediatamente será como si no supiera que ganará,que inmediatamente será como si no supiera que ganará.,/Users/nilakshanraveendran/Documents/research/outputs/synthesis/en-es/EN_081_4__ES_081_4_en-es.wav,890685066,0.16666666666666666,0.0,0.4638572335243225,0.4583340883255005,108.06077819972617,110.28487482335365,99.17774155119601,6.217584823070213,11.7845301231459,17.89087108469367,0.009309899993240833,0.09631296247243881,0.005909567233175039,4.18,3.659375,4.19,2.870813397129187,2.4594363791631086,2.386634844868735,ok,,
EN_081_4__ES_081_4,70,true,es-en,/Users/nilakshanraveendran/Documents/research/data/raw/DRAL16kHz/fragments-short/ES_081_4.wav,/Users/nilakshanraveendran/Documents/research/data/raw/DRAL16kHz/fragments-short/EN_081_4.wav,"Así de inmediato, no lo sé, no sería bien ganado.","así inmediato, no lo sé, no sería bien ganado","that immediately it will be like, I don't know, not well earned.","so immediately, I don't know, it wouldn't be well earned.","So immediately, I don't know. It wouldn't be well-earned.",/Users/nilakshanraveendran/Documents/research/outputs/synthesis/es-en/EN_081_4__ES_081_4_es-en.wav,2030059023,0.1,0.2,0.4597376585006714,0.4583340883255005,99.17774155119601,336.1100121156233,108.06077819972617,17.89087108469367,381.93339966544295,6.217584823070213,0.005909567233175039,0.08021258562803268,0.009309899993240833,4.19,5.099375,4.18,2.386634844868735,1.9610246353719818,2.870813397129187,ok,,
EN_081_7__ES_081_7,70,true,en-es,/Users/nilakshanraveendran/Documents/research/data/raw/DRAL16kHz/fragments-short/EN_081_7.wav,/Users/nilakshanraveendran/Documents/research/data/raw/DRAL16kHz/fragments-short/ES_081_7.wav,Why?,Why?,¿Por qué?,¿Por qué?,¿Por qué?,/Users/nilakshanraveendran/Documents/research/outputs/synthesis/en-es/EN_081_7__ES_081_7_en-es.wav,698706800,0.0,0.0,0.1637343019247055,0.1291252076625824,nan,124.97600176878267,104.50090805059224,nan,1.3534979207783822,0.24186681670661303,0.010852325707674026,0.05806031823158264,0.006615676451474428,0.41,1.3446875,0.44,2.4390243902439024,1.487334417848013,4.545454545454546,ok,,
EN_081_7__ES_081_7,70,true,es-en,/Users/nilakshanraveendran/Documents/research/data/raw/DRAL16kHz/fragments-short/ES_081_7.wav,/Users/nilakshanraveendran/Documents/research/data/raw/DRAL16kHz/fragments-short/EN_081_7.wav,¿Por qué?,¿Por qué?,Why?,Why?,Why?,/Users/nilakshanraveendran/Documents/research/outputs/synthesis/es-en/EN_081_7__ES_081_7_es-en.wav,1200637759,0.0,0.0,0.3136923909187317,0.1291252076625824,104.50090805059224,104.98321537716276,nan,0.24186681670661303,2.5442296819504033,nan,0.006615676451474428,0.0752437487244606,0.010852325707674026,0.44,1.11,0.41,4.545454545454546,0.9009009009009008,2.4390243902439024,ok,,
EN_081_8__ES_081_8,70,true,en-es,/Users/nilakshanraveendran/Documents/research/data/raw/DRAL16kHz/fragments-short/EN_081_8.wav,/Users/nilakshanraveendran/Documents/research/data/raw/DRAL16kHz/fragments-short/ES_081_8.wav,"No that's a that's a smart answer, 'cause at the end you will end up like with 3 million something dollars.","not answer, that's a smart answer, because at the end you end up with like 3 million something dollars","Esa es esa es la respuesta inteligente, porque al final terminarías como con 3 millones de dólares y algo.","no contestar, es una respuesta inteligente, porque al final terminas con como 3 millones de dólares","No contestar es una respuesta inteligente, porque al final terminas con como 3 millones de dólares.",/Users/nilakshanraveendran/Documents/research/outputs/synthesis/en-es/EN_081_8__ES_081_8_en-es.wav,1704115958,0.3333333333333333,0.0,0.4912737011909485,0.508293092250824,106.42486019859176,952.3460037907558,103.60548647129087,8.215711170454002,101.06987842724759,7.155167889197816,0.00802677497267723,0.05904382839798927,0.003514586016535759,6.17,11.094,7.55,3.4035656401944894,1.442221020371372,2.5165562913907285,ok,,
EN_081_8__ES_081_8,70,true,es-en,/Users/nilakshanraveendran/Documents/research/data/raw/DRAL16kHz/fragments-short/ES_081_8.wav,/Users/nilakshanraveendran/Documents/research/data/raw/DRAL16kHz/fragments-short/EN_081_8.wav,"Esa es esa es la respuesta inteligente, porque al final terminarías como con 3 millones de dólares y algo.",esa es la respuesta inteligente porque afinal terminarías como con 3 millones de dólares y algo,"No that's a that's a smart answer, 'cause at the end you will end up like with 3 million something dollars.","That's the smart answer because you'd end up with, like, 3 million dollars and something.",That's the smart answer. Because you'd end up with like three million dollars in something.,/Users/nilakshanraveendran/Documents/research/outputs/synthesis/es-en/EN_081_8__ES_081_8_es-en.wav,1770553880,0.21052631578947367,0.13333333333333333,0.3532785177230835,0.508293092250824,103.60548647129087,316.5325519127035,106.42486019859176,7.155167889197816,395.27275199117145,8.215711170454002,0.003514586016535759,0.07313941419124603,0.00802677497267723,7.55,8.171375,6.17,2.5165562913907285,1.835676370255924,3.4035656401944894,ok,,
EN_083_10__ES_083_10,70,true,en-es,/Users/nilakshanraveendran/Documents/research/data/raw/DRAL16kHz/fragments-short/EN_083_10.wav,/Users/nilakshanraveendran/Documents/research/data/raw/DRAL16kHz/fragments-short/ES_083_10.wav,Really?,Really?,[risa] ¿En serio?,¿En serio?,¿En serio?,/Users/nilakshanraveendran/Documents/research/outputs/synthesis/en-es/EN_083_10__ES_083_10_en-es.wav,1433686564,0.0,0.0,0.42245328426361084,0.1423909217119217,nan,154.97483371422186,117.67338807728392,nan,33.68219405573582,2.463691950688403,0.009316764771938324,0.09242293238639832,0.008632740005850792,0.42,1.387375,1.54,2.380952380952381,1.4415713127308767,1.948051948051948,ok,,
EN_083_10__ES_083_10,70,true,es-en,/Users/nilakshanraveendran/Documents/research/data/raw/DRAL16kHz/fragments-short/ES_083_10.wav,/Users/nilakshanraveendran/Documents/research/data/raw/DRAL16kHz/fragments-short/EN_083_10.wav,[risa] ¿En serio?,¿En serio?,Really?,Really?,Really?,/Users/nilakshanraveendran/Documents/research/outputs/synthesis/es-en/EN_083_10__ES_083_10_es-en.wav,578250351,0.3333333333333333,0.0,0.18313424289226532,0.1423909217119217,117.67338807728392,124.98260775518938,nan,2.463691950688403,9.904735685826829,nan,0.008632740005850792,0.10153402388095856,0.009316764771938324,1.54,1.483375,0.42,1.948051948051948,0.6741383668998061,2.380952380952381,ok,,
EN_083_11__ES_083_11,70,true,en-es,/Users/nilakshanraveendran/Documents/research/data/raw/DRAL16kHz/fragments-short/EN_083_11.wav,/Users/nilakshanraveendran/Documents/research/data/raw/DRAL16kHz/fragments-short/ES_083_11.wav,"I don't know, it's 'cause I- I remember I downloaded it like in high school.","I don't know, it's because I remember I downloaded it like in high school.","Es que no sé, m- me acuerdo que lo descargué así en la prepa.","No lo sé, es porque recuerdo que lo descargué como en la secundaria.","No sé, es porque recuerdo que descargué como en la secundaria.",/Users/nilakshanraveendran/Documents/research/outputs/synthesis/en-es/EN_083_11__ES_083_11_en-es.wav,2053826916,0.13333333333333333,0.15384615384615385,0.32106471061706543,0.5064617991447449,143.25362979200986,122.66841345490866,132.79912781254285,25.479358624926466,36.48267592583512,15.328289121249831,0.023943381384015083,0.08079303801059723,0.007454936858266592,3.57,5.8886875,4.28,4.201680672268908,2.2076226663411838,3.2710280373831773,ok,,
EN_083_11__ES_083_11,70,true,es-en,/Users/nilakshanraveendran/Documents/research/data/raw/DRAL16kHz/fragments-short/ES_083_11.wav,/Users/nilakshanraveendran/Documents/research/data/raw/DRAL16kHz/fragments-short/EN_083_11.wav,"Es que no sé, m- me acuerdo que lo descargué así en la prepa.",Me acuerdo que lo descargué así en la prepa.,"I don't know, it's 'cause I- I remember I downloaded it like in high school.",I remember I downloaded it like that in high school.,I remember I downloaded it like that in high school.,/Users/nilakshanraveendran/Documents/research/outputs/synthesis/es-en/EN_083_11__ES_083_11_es-en.wav,1681654463,0.35714285714285715,0.0,0.45358264446258545,0.5064617991447449,132.79912781254285,120.88118003441019,143.25362979200986,15.328289121249831,17.076552030588708,25.479358624926466,0.007454936858266592,0.0785290002822876,0.023943381384015083,4.28,4.075375,3.57,3.2710280373831773,2.453761923749348,4.201680672268908,ok,,
EN_083_14__ES_083_14,70,true,en-es,/Users/nilakshanraveendran/Documents/research/data/raw/DRAL16kHz/fragments-short/EN_083_14.wav,/Users/nilakshanraveendran/Documents/research/data/raw/DRAL16kHz/fragments-short/ES_083_14.wav,ah when your bored yeah,I'll get... We're worth it.,"Ah, cuando estás aburrida",Vamos a... merecemos la pena.,vamos a... merecemos la pena,/Users/nilakshanraveendran/Documents/research/outputs/synthesis/en-es/EN_083_14__ES_083_14_en-es.wav,1785669010,1.0,0.0,0.37239938974380493,0.21098074316978455,122.32839146239255,128.94248374837787,184.95477101286855,10.183592377870848,11.92026896791836,78.72865094264074,0.0052739656530320644,0.07239929586648941,0.006355149205774069,1.77,2.6886875,1.72,2.824858757062147,1.8596434133754853,2.3255813953488373,ok,,
EN_083_14__ES_083_14,70,true,es-en,/Users/nilakshanraveendran/Documents/research/data/raw/DRAL16kHz/fragments-short/ES_083_14.wav,/Users/nilakshanraveendran/Documents/research/data/raw/DRAL16kHz/fragments-short/EN_083_14.wav,"Ah, cuando estás aburrida",¿Cuántas has aburrido?,ah when your bored yeah,How many have you bored?,How many have you bored?,/Users/nilakshanraveendran/Documents/research/outputs/synthesis/es-en/EN_083_14__ES_083_14_es-en.wav,1033034243,1.0,0.0,0.24365867674350739,0.21098074316978455,184.95477101286855,121.27464164524031,122.32839146239255,78.72865094264074,9.926505868235024,10.183592377870848,0.006355149205774069,0.10896928608417511,0.0052739656530320644,1.72,1.846,1.77,2.3255813953488373,2.7085590465872156,2.824858757062147,ok,,
EN_083_15__ES_083_15,70,true,en-es,/Users/nilakshanraveendran/Documents/research/data/raw/DRAL16kHz/fragments-short/EN_083_15.wav,/Users/nilakshanraveendran/Documents/research/data/raw/DRAL16kHz/fragments-short/ES_083_15.wav,for like to make you do quick maths like... like in your mind.,for like to make you do quick maths like in your mind.,"Oh es para que tú hagas así como, matemáticas rapidas en tu mente.",para hacerte hacer matemáticas rápidas como en tu mente.,Para hacerte hacer matemáticas rápidas como en tu mente,/Users/nilakshanraveendran/Documents/research/outputs/synthesis/en-es/EN_083_15__ES_083_15_en-es.wav,1529892421,0.07692307692307693,0.0,0.6321223378181458,0.591505765914917,106.3998750935883,283.8894605555169,122.82851748978067,6.060445500803309,171.10560492598785,11.27001913916918,0.005033950787037611,0.06613150238990784,0.0064725931733846664,4.77,6.262,5.305,2.725366876310273,1.4372404982433729,2.4505183788878417,ok,,
EN_083_15__ES_083_15,70,true,es-en,/Users/nilakshanraveendran/Documents/research/data/raw/DRAL16kHz/fragments-short/ES_083_15.wav,/Users/nilakshanraveendran/Documents/research/data/raw/DRAL16kHz/fragments-short/EN_083_15.wav,"Oh es para que tú hagas así como, matemáticas rapidas en tu mente.",Es para que tú hagas así como... mate rápido en tu mente,for like to make you do quick maths like... like in your mind.,It's for you to do just like... kill fast in your mind.,It's for you to do just like kill fast in your mind.,/Users/nilakshanraveendran/Documents/research/outputs/synthesis/es-en/EN_083_15__ES_083_15_es-en.wav,848926544,0.23076923076923078,0.0,0.3988441526889801,0.591505765914917,122.82851748978067,132.58998028776384,106.3998750935883,11.27001913916918,22.188176175440184,6.060445500803309,0.0064725931733846664,0.08342378586530685,0.005033950787037611,5.305,4.9606875,4.77,2.4505183788878417,2.419019541142231,2.725366876310273,ok,,
EN_083_16__ES_083_16,70,true,en-es,/Users/nilakshanraveendran/Documents/research/data/raw/DRAL16kHz/fragments-short/EN_083_16.wav,/Users/nilakshanraveendran/Documents/research/data/raw/DRAL16kHz/fragments-short/ES_083_16.wav,"It was like some sort of strategy, but it was just like practicing and practicing.","It was like some sort of strategy, but it was just like practicing and practicing.","Era como algún tipo de estrategia, era como practicar y practicar.","Era como una especie de estrategia, pero era como practicar y practicar.","Era como una especie de estrategia, pero era como practicar y practicar. Pinprontikend, Pinprontorzul.",/Users/nilakshanraveendran/Documents/research/outputs/synthesis/en-es/EN_083_16__ES_083_16_en-es.wav,793454865,0.0,0.16666666666666666,0.5478923320770264,0.46313565969467163,129.6846983762884,127.25276156421914,144.33168718008923,12.505299985137636,8.755591014192378,11.102830618105953,0.010329341515898705,0.06664521247148514,0.00603261636570096,4.18,10.443375,4.4,3.5885167464114835,1.1490538259901613,2.5,ok,,
EN_083_16__ES_083_16,70,true,es-en,/Users/nilakshanraveendran/Documents/research/data/raw/DRAL16kHz/fragments-short/ES_083_16.wav,/Users/nilakshanraveendran/Documents/research/data/raw/DRAL16kHz/fragments-short/EN_083_16.wav,"Era como algún tipo de estrategia, era como practicar y practicar.","Era como algún tipo de estrategia, era como practicar y practicar.","It was like some sort of strategy, but it was just like practicing and practicing.","It was like some kind of strategy, it was like practicing and practicing.",It was like some kind of strategy. It was like practicing and practicing.,/Users/nilakshanraveendran/Documents/research/outputs/synthesis/es-en/EN_083_16__ES_083_16_es-en.wav,1359761317,0.0,0.0,0.3661692142486572,0.46313565969467163,144.33168718008923,154.76947456588965,129.6846983762884,11.102830618105953,26.984562082192788,12.505299985137636,0.00603261636570096,0.07793495804071426,0.010329341515898705,4.4,5.1526875,4.18,2.5,2.5229552539330204,3.5885167464114835,ok,,
EN_083_19__ES_083_19,70,true,en-es,/Users/nilakshanraveendran/Documents/research/data/raw/DRAL16kHz/fragments-short/EN_083_19.wav,/Users/nilakshanraveendran/Documents/research/data/raw/DRAL16kHz/fragments-short/ES_083_19.wav,eh I u- and now I... I- I barely can... can multiply.,And now I barely can multiply.,"Y ahora apenas este [risa], puedo multiplicar.",Y ahora apenas puedo multiplicarme.,Y ahora apenas puedo multiplicarme.,/Users/nilakshanraveendran/Documents/research/outputs/synthesis/en-es/EN_083_19__ES_083_19_en-es.wav,1727997725,0.5,0.0,0.5177194476127625,0.6095825433731079,118.36978112578875,136.14996994551038,107.38900269903048,30.66821574048,44.56919886911398,16.589885026866554,0.010146289132535458,0.05143144726753235,0.008227229118347168,4.28,6.774,3.885,2.803738317757009,0.7381163271331562,1.8018018018018018,ok,,
EN_083_19__ES_083_19,70,true,es-en,/Users/nilakshanraveendran/Documents/research/data/raw/DRAL16kHz/fragments-short/ES_083_19.wav,/Users/nilakshanraveendran/Documents/research/data/raw/DRAL16kHz/fragments-short/EN_083_19.wav,"Y ahora apenas este [risa], puedo multiplicar.",Y ahora apenas este... ...puedo multiplicar.,eh I u- and now I... I- I barely can... can multiply.,And now I can just multiply this one.,And now I can just multiply this one.,/Users/nilakshanraveendran/Documents/research/outputs/synthesis/es-en/EN_083_19__ES_083_19_es-en.wav,763650380,0.14285714285714285,0.0,0.5138614177703857,0.6095825433731079,107.38900269903048,431.42942804522,118.36978112578875,16.589885026866554,393.3130764034778,30.66821574048,0.008227229118347168,0.048631247133016586,0.010146289132535458,3.885,5.707375,4.28,1.8018018018018018,1.4016951751023894,2.803738317757009,ok,,
EN_083_21__ES_083_21,70,true,en-es,/Users/nilakshanraveendran/Documents/research/data/raw/DRAL16kHz/fragments-short/EN_083_21.wav,/Users/nilakshanraveendran/Documents/research/data/raw/DRAL16kHz/fragments-short/ES_083_21.wav,It was...,Lovely.,Yo era.,Encantador.,Intentador,/Users/nilakshanraveendran/Documents/research/outputs/synthesis/en-es/EN_083_21__ES_083_21_en-es.wav,643539650,1.0,1.0,0.30350032448768616,0.1456749141216278,338.96455925301626,254.03766022877824,132.48505209891073,96.84091311782268,11.390286497607327,2.404679589171011,0.016906501725316048,0.07389120012521744,0.03417767584323883,0.445,1.7606875,0.6,4.49438202247191,0.567959958822903,3.3333333333333335,ok,,
EN_083_21__ES_083_21,70,true,es-en,/Users/nilakshanraveendran/Documents/research/data/raw/DRAL16kHz/fragments-short/ES_083_21.wav,/Users/nilakshanraveendran/Documents/research/data/raw/DRAL16kHz/fragments-short/EN_083_21.wav,Yo era.,¡Adiós!,It was...,Bye!,Bye!,/Users/nilakshanraveendran/Documents/research/outputs/synthesis/es-en/EN_083_21__ES_083_21_es-en.wav,1935228631,1.0,0.0,0.30171945691108704,0.1456749141216278,132.48505209891073,695.0888945461053,338.96455925301626,2.404679589171011,29.87253846534961,96.84091311782268,0.03417767584323883,0.08372202515602112,0.016906501725316048,0.6,1.1526875,0.445,3.3333333333333335,0.8675378192268068,4.49438202247191,ok,,
EN_083_22__ES_083_22,70,true,en-es,/Users/nilakshanraveendran/Documents/research/data/raw/DRAL16kHz/fragments-short/EN_083_22.wav,/Users/nilakshanraveendran/Documents/research/data/raw/DRAL16kHz/fragments-short/ES_083_22.wav,I mean-,I mean,Pues eh.,Quiero decir,¡Tirió de si!,/Users/nilakshanraveendran/Documents/research/outputs/synthesis/en-es/EN_083_22__ES_083_22_en-es.wav,543775634,0.0,1.5,0.1451445370912552,0.21721521019935608,nan,403.3391635004423,117.3849502970972,nan,82.50633908108375,4.9123800856740925,0.03991691395640373,0.09059303253889084,0.021768035367131233,0.425,1.387375,0.405,4.705882352941177,1.4415713127308767,4.938271604938271,ok,,
EN_083_22__ES_083_22,70,true,es-en,/Users/nilakshanraveendran/Documents/research/data/raw/DRAL16kHz/fragments-short/ES_083_22.wav,/Users/nilakshanraveendran/Documents/research/data/raw/DRAL16kHz/fragments-short/EN_083_22.wav,Pues eh.,por ser,I mean-,for being,for being gay.,/Users/nilakshanraveendran/Documents/research/outputs/synthesis/es-en/EN_083_22__ES_083_22_es-en.wav,2072688249,1.0,0.5,0.43912798166275024,0.21721521019935608,117.3849502970972,115.33379147108903,nan,4.9123800856740925,5.846676194315647,nan,0.021768035367131233,0.08836350589990616,0.03991691395640373,0.405,1.2486875,0.425,4.938271604938271,1.601681765854147,4.705882352941177,ok,,
EN_083_23__ES_083_23,70,true,en-es,/Users/nilakshanraveendran/Documents/research/data/raw/DRAL16kHz/fragments-short/EN_083_23.wav,/Users/nilakshanraveendran/Documents/research/data/raw/DRAL16kHz/fragments-short/ES_083_23.wav,so we can't communicate there so that's why I downloaded the app,so we can't communicate there so that's why I don't already have,Así podemos comunicarnos y por eso descargue la app.,"así que no podemos comunicarnos allí, así que por eso no tengo ya",Así que no podemos comunicarnos allí. Así que por eso no tengo ya.,/Users/nilakshanraveendran/Documents/research/outputs/synthesis/en-es/EN_083_23__ES_083_23_en-es.wav,1551171024,0.25,0.0,0.4833158850669861,0.5672225952148438,112.03464404059416,521.1138129435009,118.678437396595,6.912966631746533,431.4774275908346,14.464324226678869,0.007402902469038963,0.08157362788915634,0.012381179258227348,2.73,6.731375,2.31,4.395604395604396,1.9312547585003064,3.896103896103896,ok,,
EN_083_23__ES_083_23,70,true,es-en,/Users/nilakshanraveendran/Documents/research/data/raw/DRAL16kHz/fragments-short/ES_083_23.wav,/Users/nilakshanraveendran/Documents/research/data/raw/DRAL16kHz/fragments-short/EN_083_23.wav,Así podemos comunicarnos y por eso descargue la app.,Así podemos comunicarnos y ponerse a descarguerla.,so we can't communicate there so that's why I downloaded the app,So we can communicate and start downloading it.,so we can communicate and start downloading it.,/Users/nilakshanraveendran/Documents/research/outputs/synthesis/es-en/EN_083_23__ES_083_23_es-en.wav,479488139,0.5555555555555556,0.0,0.37826892733573914,0.5672225952148438,118.678437396595,119.96179416675214,112.03464404059416,14.464324226678869,6.703762556149179,6.912966631746533,0.012381179258227348,0.0941946879029274,0.007402902469038963,2.31,3.339375,2.73,3.896103896103896,2.395657870110425,4.395604395604396,ok,,
EN_083_2__ES_083_2,70,true,en-es,/Users/nilakshanraveendran/Documents/research/data/raw/DRAL16kHz/fragments-short/EN_083_2.wav,/Users/nilakshanraveendran/Documents/research/data/raw/DRAL16kHz/fragments-short/ES_083_2.wav,I'm I'm currently playing but like... like I've I stopped like for two years.,I'm currently playing but I've stopped playing for two years.,"Eh sigo jugando pero este, lo lo dejé de jugar como dos años","Actualmente estoy jugando, pero he dejado de tocar durante dos años.","Actualmente estoy jugando, pero he dejado de tocar durante dos años.",/Users/nilakshanraveendran/Documents/research/outputs/synthesis/en-es/EN_083_2__ES_083_2_en-es.wav,197529855,0.35714285714285715,0.0,0.5653895139694214,0.49447232484817505,125.54722476345506,572.0974681930994,149.723810293577,17.02857320161512,418.1978083933446,67.74004383996873,0.007479871157556772,0.06923551112413406,0.009154978208243847,3.86,6.219375,5.0,3.626943005181347,1.768666465681841,2.6,ok,,
EN_083_2__ES_083_2,70,true,es-en,/Users/nilakshanraveendran/Documents/research/data/raw/DRAL16kHz/fragments-short/ES_083_2.wav,/Users/nilakshanraveendran/Documents/research/data/raw/DRAL16kHz/fragments-short/EN_083_2.wav,"Eh sigo jugando pero este, lo lo dejé de jugar como dos años",Sigo jugando pero lo dejé jugar como dos años.,I'm I'm currently playing but like... like I've I stopped like for two years.,"I keep playing, but I let him play, like, two years.","I keep playing, but I let him play like two years.",/Users/nilakshanraveendran/Documents/research/outputs/synthesis/es-en/EN_083_2__ES_083_2_es-en.wav,863726265,0.3076923076923077,0.0,0.2677478790283203,0.49447232484817505,149.723810293577,148.33400911581154,125.54722476345506,67.74004383996873,80.89524139421938,17.02857320161512,0.009154978208243847,0.08579730242490768,0.007479871157556772,5.0,3.659375,3.86,2.6,3.0059777967549106,3.626943005181347,ok,,
EN_083_4__ES_083_4,70,true,en-es,/Users/nilakshanraveendran/Documents/research/data/raw/DRAL16kHz/fragments-short/EN_083_4.wav,/Users/nilakshanraveendran/Documents/research/data/raw/DRAL16kHz/fragments-short/ES_083_4.wav,yes,Yes.,"Ajá, sí.",Sí.,Eh... Sí.,/Users/nilakshanraveendran/Documents/research/outputs/synthesis/en-es/EN_083_4__ES_083_4_en-es.wav,529344345,0.0,1.0,0.30323976278305054,-0.04202292859554291,70.08276194612192,987.6111818937334,nan,1.3860575110548683,23.821448519966257,nan,0.014914751052856445,0.04726331681013107,0.011037011630833149,0.89,1.707375,0.73,1.1235955056179776,0.585694413939527,2.73972602739726,ok,,
EN_083_4__ES_083_4,70,true,es-en,/Users/nilakshanraveendran/Documents/research/data/raw/DRAL16kHz/fragments-short/ES_083_4.wav,/Users/nilakshanraveendran/Documents/research/data/raw/DRAL16kHz/fragments-short/EN_083_4.wav,"Ajá, sí.",protesto,yes,protest,protest,/Users/nilakshanraveendran/Documents/research/outputs/synthesis/es-en/EN_083_4__ES_083_4_es-en.wav,249750347,1.0,0.0,0.33204013109207153,-0.04202292859554291,nan,nan,70.08276194612192,nan,nan,1.3860575110548683,0.011037011630833149,0.09317164123058319,0.014914751052856445,0.73,1.43,0.89,2.73972602739726,0.6993006993006994,1.1235955056179776,ok,,
EN_083_5__ES_083_5,70,true,en-es,/Users/nilakshanraveendran/Documents/research/data/raw/DRAL16kHz/fragments-short/EN_083_5.wav,/Users/nilakshanraveendran/Documents/research/data/raw/DRAL16kHz/fragments-short/ES_083_5.wav,I have this app which is communism bottom,I have this app which is communism bottom,"Tengo esta app, que es el botón comunista.",Tengo esta aplicación que es el comunismo de abajo,Tengo esta aplicación que es el comunismo de abajo.,/Users/nilakshanraveendran/Documents/research/outputs/synthesis/en-es/EN_083_5__ES_083_5_en-es.wav,1637087748,0.0,0.0,0.6328848004341125,0.544635534286499,113.61469774886316,297.1632303698652,111.22724187393642,10.630642703142955,295.10513325236417,7.363960172669778,0.005381508264690638,0.057610586285591125,0.005680928938090801,4.12,5.014,4.68,1.941747572815534,1.7949740725967291,1.7094017094017095,ok,,
EN_083_5__ES_083_5,70,true,es-en,/Users/nilakshanraveendran/Documents/research/data/raw/DRAL16kHz/fragments-short/ES_083_5.wav,/Users/nilakshanraveendran/Documents/research/data/raw/DRAL16kHz/fragments-short/EN_083_5.wav,"Tengo esta app, que es el botón comunista.",Tengo esta app que es el botón comunista.,I have this app which is communism bottom,I have this app that's the communist button.,I have this app that's the communist button.,/Users/nilakshanraveendran/Documents/research/outputs/synthesis/es-en/EN_083_5__ES_083_5_es-en.wav,600890396,0.0,0.0,0.3269846439361572,0.544635534286499,111.22724187393642,118.03175297397257,113.61469774886316,7.363960172669778,5.732957427115696,10.630642703142955,0.005680928938090801,0.08153366297483444,0.005381508264690638,4.68,3.147375,4.12,1.7094017094017095,2.541800706938322,1.941747572815534,ok,,
EN_083_7__ES_083_7,70,true,en-es,/Users/nilakshanraveendran/Documents/research/data/raw/DRAL16kHz/fragments-short/EN_083_7.wav,/Users/nilakshanraveendran/Documents/research/data/raw/DRAL16kHz/fragments-short/ES_083_7.wav,The USSR.,"There you go, so sorry.",El [risa] el himno de la USSR.,"Ahí tienes, lo siento mucho.","Ahí tienes, lo siento mucho.",/Users/nilakshanraveendran/Documents/research/outputs/synthesis/en-es/EN_083_7__ES_083_7_en-es.wav,836224913,2.5,0.0,0.42903465032577515,0.43650805950164795,110.85273104122784,998.7878628530445,220.7586947654787,7.779290912213047,0.0,136.3555169833644,0.013014024123549461,0.05228700116276741,0.009512034244835377,2.865,4.502,3.06,0.6980802792321117,1.1106175033318526,2.287581699346405,ok,,
EN_083_7__ES_083_7,70,true,es-en,/Users/nilakshanraveendran/Documents/research/data/raw/DRAL16kHz/fragments-short/ES_083_7.wav,/Users/nilakshanraveendran/Documents/research/data/raw/DRAL16kHz/fragments-short/EN_083_7.wav,El [risa] el himno de la USSR.,El Damnit. Al final del drivers FR.,The USSR.,The Damnit. At the end of the FR drivers.,But it lit! At the end of the FR drivers...,/Users/nilakshanraveendran/Documents/research/outputs/synthesis/es-en/EN_083_7__ES_083_7_es-en.wav,441865123,0.8571428571428571,0.3333333333333333,0.2975647449493408,0.43650805950164795,220.7586947654787,186.50841253576021,110.85273104122784,136.3555169833644,76.41118783515867,7.779290912213047,0.009512034244835377,0.07369818538427353,0.013014024123549461,3.06,5.196,2.865,2.287581699346405,1.7321016166281755,0.6980802792321117,ok,,
EN_086_11__ES_086_11,70,true,en-es,/Users/nilakshanraveendran/Documents/research/data/raw/DRAL16kHz/fragments-short/EN_086_11.wav,/Users/nilakshanraveendran/Documents/research/data/raw/DRAL16kHz/fragments-short/ES_086_11.wav,"But some- somebody died, right? Like, pero just one of them. No?","But somebody died, right? Like, just one of them. No?","Pero- pero alguien murió, ¿no? Eh uno de ellos.","Pero alguien murió, ¿verdad?",Pero alguien murió ¿verdad?,/Users/nilakshanraveendran/Documents/research/outputs/synthesis/en-es/EN_086_11__ES_086_11_en-es.wav,1296773663,0.16666666666666666,0.0,0.4718269407749176,0.5295187830924988,116.08913677195804,858.4660080969081,141.17585854055014,29.89241513226708,143.00968251286244,2.5156844827812685,0.01105102151632309,0.05291378125548363,0.007522996980696917,4.295,3.0086875,3.96,2.7939464493597206,1.3294833710712728,2.272727272727273,ok,,
EN_086_11__ES_086_11,70,true,es-en,/Users/nilakshanraveendran/Documents/research/data/raw/DRAL16kHz/fragments-short/ES_086_11.wav,/Users/nilakshanraveendran/Documents/research/data/raw/DRAL16kHz/fragments-short/EN_086_11.wav,"Pero- pero alguien murió, ¿no? Eh uno de ellos.","Pero alguien murió, ¿no? Ehh... Uno de ellos...","But some- somebody died, right? Like, pero just one of them. No?","But someone died, didn't they?","But someone died, didn't they?",/Users/nilakshanraveendran/Documents/research/outputs/synthesis/es-en/EN_086_11__ES_086_11_es-en.wav,765365390,0.2222222222222222,0.0,0.26437634229660034,0.5295187830924988,141.17585854055014,168.85800818177196,116.08913677195804,2.5156844827812685,39.468980632082854,29.89241513226708,0.007522996980696917,0.07893077284097672,0.01105102151632309,3.96,2.4966875,4.295,2.272727272727273,2.0026535159085785,2.7939464493597206,ok,,
EN_086_14__ES_086_14,70,true,en-es,/Users/nilakshanraveendran/Documents/research/data/raw/DRAL16kHz/fragments-short/EN_086_14.wav,/Users/nilakshanraveendran/Documents/research/data/raw/DRAL16kHz/fragments-short/ES_086_14.wav,and then then the series is just like episodes about what happened or it's like about the present?,And then that series is just like episodes about what happened or it's like about the present,Pero la serie es como de cosas que pasaron o es del- del presente?,Y entonces esa serie es como episodios sobre lo que pasó o es como sobre el presente,"y entonces esa serie es como episodio sobre lo que pasó, o es como sobre el presente.",/Users/nilakshanraveendran/Documents/research/outputs/synthesis/en-es/EN_086_14__ES_086_14_en-es.wav,194562321,0.1111111111111111,0.058823529411764705,0.47998708486557007,0.5949833393096924,105.09808625685592,121.53066499874822,119.85307663435415,3.4945099638314585,13.418557430311886,25.04164417483004,0.00909920409321785,0.09382591396570206,0.01248205080628395,4.85,5.334,5.88,3.711340206185567,3.187101612298463,2.380952380952381,ok,,
EN_086_14__ES_086_14,70,true,es-en,/Users/nilakshanraveendran/Documents/research/data/raw/DRAL16kHz/fragments-short/ES_086_14.wav,/Users/nilakshanraveendran/Documents/research/data/raw/DRAL16kHz/fragments-short/EN_086_14.wav,Pero la serie es como de cosas que pasaron o es del- del presente?,pero las hay es como de cosas que pasaron o ese del presente.,and then then the series is just like episodes about what happened or it's like about the present?,"But there are, it's like things that happened or that one from the present.","But there are, it's like things that happened, or that one from the present.",/Users/nilakshanraveendran/Documents/research/outputs/synthesis/es-en/EN_086_14__ES_086_14_es-en.wav,1161329826,0.2857142857142857,0.0,0.4018175005912781,0.5949833393096924,119.85307663435415,299.8476954414432,105.09808625685592,25.04164417483004,346.82112765849723,3.4945099638314585,0.01248205080628395,0.08234971016645432,0.00909920409321785,5.88,4.683375,4.85,2.380952380952381,2.9892972482451223,3.711340206185567,ok,,
EN_086_18__ES_086_18,70,true,en-es,/Users/nilakshanraveendran/Documents/research/data/raw/DRAL16kHz/fragments-short/EN_086_18.wav,/Users/nilakshanraveendran/Documents/research/data/raw/DRAL16kHz/fragments-short/ES_086_18.wav,But it was but it's l- it's about eh something that happened in like in real life.,but it's about something that happened in real life,Pero eh pero es algo que pasó en la- en la vida real.,pero se trata de algo que sucedió en la vida real,Pero se trata de algo que sucedió en la vida real.,/Users/nilakshanraveendran/Documents/research/outputs/synthesis/en-es/EN_086_18__ES_086_18_en-es.wav,223054839,0.47058823529411764,0.0,0.6037290096282959,0.52788245677948,118.10342898700297,114.1967890535579,115.08834113639182,20.037205592782897,14.268238192098845,14.470613100964027,0.010653040371835232,0.11649415642023087,0.015564624220132828,4.32,3.5206875,4.21,3.935185185185185,3.124389767623511,3.0878859857482186,ok,,
EN_086_18__ES_086_18,70,true,es-en,/Users/nilakshanraveendran/Documents/research/data/raw/DRAL16kHz/fragments-short/ES_086_18.wav,/Users/nilakshanraveendran/Documents/research/data/raw/DRAL16kHz/fragments-short/EN_086_18.wav,Pero eh pero es algo que pasó en la- en la vida real.,Pero es algo que pasó en la vida real.,But it was but it's l- it's about eh something that happened in like in real life.,But it's something that happened in real life.,but it's something that happened in real life.,/Users/nilakshanraveendran/Documents/research/outputs/synthesis/es-en/EN_086_18__ES_086_18_es-en.wav,523075784,0.3076923076923077,0.0,0.4961951971054077,0.52788245677948,115.08834113639182,111.00470926899409,118.10342898700297,14.470613100964027,10.345996537165592,20.037205592782897,0.015564624220132828,0.09847582131624222,0.010653040371835232,4.21,4.2246875,4.32,3.0878859857482186,1.8936311857385901,3.935185185185185,ok,,
EN_086_20__ES_086_20,70,true,en-es,/Users/nilakshanraveendran/Documents/research/data/raw/DRAL16kHz/fragments-short/EN_086_20.wav,/Users/nilakshanraveendran/Documents/research/data/raw/DRAL16kHz/fragments-short/ES_086_20.wav,with the dead bodies what they did was basically they preserved them like in ice,"with the dead bodies, what they did was basically they preserved them like in ice.",Básicamente lo que hicieron este fue... Los- los cuerpos este si ves los preservaron así como- como en hielo.,"con los cadáveres, lo que hicieron fue básicamente preservarlos como en hielo.",con los cadáveres lo que hicieron fue básicamente preservarlos como el hielo.,/Users/nilakshanraveendran/Documents/research/outputs/synthesis/en-es/EN_086_20__ES_086_20_en-es.wav,1983863493,0.0,0.08333333333333333,0.6149424314498901,0.6814988851547241,113.81583864291426,119.22227679647119,112.5536429532666,7.083802220469197,9.260301434381747,10.346613714356717,0.01062982901930809,0.0877576619386673,0.008299676701426506,4.215,5.3766875,7.55,3.5587188612099645,2.231857440106013,2.5165562913907285,ok,,
EN_086_20__ES_086_20,70,true,es-en,/Users/nilakshanraveendran/Documents/research/data/raw/DRAL16kHz/fragments-short/ES_086_20.wav,/Users/nilakshanraveendran/Documents/research/data/raw/DRAL16kHz/fragments-short/EN_086_20.wav,Básicamente lo que hicieron este fue... Los- los cuerpos este si ves los preservaron así como- como en hielo.,"básicamente lo que hicieron fue los cuerpos, los cimbieros, los cimbieros, los cimbieros así como hielo.",with the dead bodies what they did was basically they preserved them like in ice,"Basically what they did was the bodies, the cimberos, the cimberos, the cimberos as well as ice.","Basically what they did was the bodies, the symbiros, the symbiros, the symbiros as well as ice.",/Users/nilakshanraveendran/Documents/research/outputs/synthesis/es-en/EN_086_20__ES_086_20_es-en.wav,1752406012,0.47368421052631576,0.17647058823529413,0.49949565529823303,0.6814988851547241,112.5536429532666,115.58385330349205,113.81583864291426,10.346613714356717,13.175579288895534,7.083802220469197,0.008299676701426506,0.10190220922231674,0.01062982901930809,7.55,7.094,4.215,2.5165562913907285,2.396391316605582,3.5587188612099645,ok,,
EN_086_21__ES_086_21,70,true,en-es,/Users/nilakshanraveendran/Documents/research/data/raw/DRAL16kHz/fragments-short/EN_086_21.wav,/Users/nilakshanraveendran/Documents/research/data/raw/DRAL16kHz/fragments-short/ES_086_21.wav,"Yeah, it's been like a um my friends. It's been like a month like hey, let's do something this weekend and they're like ""Ah no, I have to do this here""","yeah it's been like my friends, it's been like a month like hey let's do something this weekend, I know I have to do this here","si, y luego este, ya que- ya va como un mes de que- de que el fin de semana, oye vamos a hacer algo el fin de semana y luego decir, no y tengo que hacer algo en este lugar.","Sí, ha sido como mis amigos, ha sido como un mes como hey vamos a hacer algo este fin de semana, sé que tengo que hacer esto aquí","Sí, ha sido como mis amigos. Ha sido como un mes como hey, vamos a hacer algo este fin de semana. Sé que tengo que hacer esto aquí.",/Users/nilakshanraveendran/Documents/research/outputs/synthesis/en-es/EN_086_21__ES_086_21_en-es.wav,830246593,0.22580645161290322,0.0,0.5086967945098877,0.617304801940918,127.27545838301319,904.637930145571,132.04011026852007,19.953110391247346,83.7744887645479,26.270013925028028,0.012608854100108147,0.06525155901908875,0.010385925881564617,6.05,13.878,8.21,5.12396694214876,2.017581784118749,4.872107186358099,ok,,
EN_086_21__ES_086_21,70,true,es-en,/Users/nilakshanraveendran/Documents/research/data/raw/DRAL16kHz/fragments-short/ES_086_21.wav,/Users/nilakshanraveendran/Documents/research/data/raw/DRAL16kHz/fragments-short/EN_086_21.wav,"si, y luego este, ya que- ya va como un mes de que- de que el fin de semana, oye vamos a hacer algo el fin de semana y luego decir, no y tengo que hacer algo en este lugar.","Sí, luego este... aquí ya va como un mes de que el fin de semana... ¡Oye, vamos a hacer algo el fin de semana y lo decir! No, y tengo que hacer algo en este lugar.","Yeah, it's been like a um my friends. It's been like a month like hey, let's do something this weekend and they're like ""Ah no, I have to do this here""","Yeah, then this... here's about a month since the weekend... hey, we're gonna do something for the weekend and say it!","Yeah, then this... Here's about a month since the weekend. Hey, we're gonna do something for the weekend and say it.",/Users/nilakshanraveendran/Documents/research/outputs/synthesis/es-en/EN_086_21__ES_086_21_es-en.wav,484909123,0.175,0.0,0.450852632522583,0.617304801940918,132.04011026852007,391.98495163320763,127.27545838301319,26.270013925028028,381.2813311652684,19.953110391247346,0.010385925881564617,0.06004816293716431,0.012608854100108147,8.21,10.486,6.05,4.872107186358099,2.0026702269692924,5.12396694214876,ok,,
EN_086_2__ES_086_2,70,true,en-es,/Users/nilakshanraveendran/Documents/research/data/raw/DRAL16kHz/fragments-short/EN_086_2.wav,/Users/nilakshanraveendran/Documents/research/data/raw/DRAL16kHz/fragments-short/ES_086_2.wav,Ok ok what what's the name of the show?,We'll see who will play better first.,"Ok, pero ¿cuál- cuál es el nombre del show?",Veremos quién jugará mejor primero.,"Eh, veremos quién guliera mejor primero.",/Users/nilakshanraveendran/Documents/research/outputs/synthesis/en-es/EN_086_2__ES_086_2_en-es.wav,1563145765,1.0,0.4,0.5457935333251953,0.4887201488018036,125.49423539617383,135.29448659025238,105.40976176615243,14.453256720981146,13.256294390466042,3.005605253383542,0.015714377164840698,0.09747479856014252,0.012506001628935337,1.46,2.55,1.69,6.164383561643835,1.9607843137254903,5.325443786982249,ok,,
EN_086_2__ES_086_2,70,true,es-en,/Users/nilakshanraveendran/Documents/research/data/raw/DRAL16kHz/fragments-short/ES_086_2.wav,/Users/nilakshanraveendran/Documents/research/data/raw/DRAL16kHz/fragments-short/EN_086_2.wav,"Ok, pero ¿cuál- cuál es el nombre del show?","Ok, pero cual es el nombre de show?",Ok ok what what's the name of the show?,"Okay, but what's the name of the show?","Okay, but what's the name of the show?",/Users/nilakshanraveendran/Documents/research/outputs/synthesis/es-en/EN_086_2__ES_086_2_es-en.wav,486711365,0.3333333333333333,0.0,0.4495658278465271,0.4887201488018036,105.40976176615243,95.07843205667643,125.49423539617383,3.005605253383542,2.0761411137542165,14.453256720981146,0.012506001628935337,0.10836650431156158,0.015714377164840698,1.69,2.2726875,1.46,5.325443786982249,3.520061601078019,6.164383561643835,ok,,
EN_086_3__ES_086_3,70,true,en-es,/Users/nilakshanraveendran/Documents/research/data/raw/DRAL16kHz/fragments-short/EN_086_3.wav,/Users/nilakshanraveendran/Documents/research/data/raw/DRAL16kHz/fragments-short/ES_086_3.wav,"No, I know, I  I ha- I've heard of it but","I know, I know, I've heard of it, but...",Ya sé si- si- si he escuchado de ella.,"Lo sé, lo sé, he oído hablar de él, pero...","lo sé, lo sé, he oído hablar de él, pero...",/Users/nilakshanraveendran/Documents/research/outputs/synthesis/en-es/EN_086_3__ES_086_3_en-es.wav,1214153807,0.2727272727272727,0.0,0.38517114520072937,0.40504688024520874,109.45885430601182,99.93534837701773,110.51624417524809,1.4224464531737162,29.0649371033555,10.931423062695169,0.014898980967700481,0.06436251848936081,0.01385439746081829,2.03,5.654,1.85,5.418719211822661,1.7686593562079944,4.864864864864865,ok,,
EN_086_3__ES_086_3,70,true,es-en,/Users/nilakshanraveendran/Documents/research/data/raw/DRAL16kHz/fragments-short/ES_086_3.wav,/Users/nilakshanraveendran/Documents/research/data/raw/DRAL16kHz/fragments-short/EN_086_3.wav,Ya sé si- si- si he escuchado de ella.,y hasta si se escuchaba ella,"No, I know, I  I ha- I've heard of it but",and even if she was heard,and even if she was heard,/Users/nilakshanraveendran/Documents/research/outputs/synthesis/es-en/EN_086_3__ES_086_3_es-en.wav,145165009,0.7777777777777778,0.0,0.6202418208122253,0.40504688024520874,110.51624417524809,113.9381518123225,109.45885430601182,10.931423062695169,8.840375332511341,1.4224464531737162,0.01385439746081829,0.09609638899564743,0.014898980967700481,1.85,2.411375,2.03,4.864864864864865,2.4882069358768337,5.418719211822661,ok,,
EN_086_5__ES_086_5,70,true,en-es,/Users/nilakshanraveendran/Documents/research/data/raw/DRAL16kHz/fragments-short/EN_086_5.wav,/Users/nilakshanraveendran/Documents/research/data/raw/DRAL16kHz/fragments-short/ES_086_5.wav,but no I haven't watched it but I- I've heard of it,"but no I haven't watched it but I, I pair it","Eh no, no la he visto, pero si se de que- si de que...","pero no, no lo he visto pero yo, lo emparejo","Pero no, no lo he visto, pero yo el parejo.",/Users/nilakshanraveendran/Documents/research/outputs/synthesis/en-es/EN_086_5__ES_086_5_en-es.wav,574728636,0.25,0.2,0.3918592929840088,0.5258859992027283,133.89840582224545,nan,112.64289975205173,9.874725673105418,nan,7.875309728509822,0.019468747079372406,0.09078286588191986,0.023069072514772415,1.975,3.286,2.57,6.075949367088607,3.0432136335970785,5.447470817120623,ok,,
EN_086_5__ES_086_5,70,true,es-en,/Users/nilakshanraveendran/Documents/research/data/raw/DRAL16kHz/fragments-short/ES_086_5.wav,/Users/nilakshanraveendran/Documents/research/data/raw/DRAL16kHz/fragments-short/EN_086_5.wav,"Eh no, no la he visto, pero si se de que- si de que...","No lo ha visto, pero sí se ve que...",but no I haven't watched it but I- I've heard of it,"You haven't seen him, but you do see that...","You haven't seen him, but you do see that.",/Users/nilakshanraveendran/Documents/research/outputs/synthesis/es-en/EN_086_5__ES_086_5_es-en.wav,1624592849,0.6428571428571429,0.0,0.43453454971313477,0.5258859992027283,112.64289975205173,130.5878138319347,133.89840582224545,7.875309728509822,17.37869477671669,9.874725673105418,0.023069072514772415,0.07748016715049744,0.019468747079372406,2.57,2.923375,1.975,5.447470817120623,3.078633428827981,6.075949367088607,ok,,
EN_086_7__ES_086_7,70,true,en-es,/Users/nilakshanraveendran/Documents/research/data/raw/DRAL16kHz/fragments-short/EN_086_7.wav,/Users/nilakshanraveendran/Documents/research/data/raw/DRAL16kHz/fragments-short/ES_086_7.wav,It's about a... Murder?,It's somewhat of... ...marther.,Es sobre...Mmm ¿Un asesinato?,Es un poco de... ...marther.,Es un poco de... ...marter.,/Users/nilakshanraveendran/Documents/research/outputs/synthesis/en-es/EN_086_7__ES_086_7_en-es.wav,1719127866,0.75,0.2,0.39877986907958984,0.3419642448425293,334.44715772032583,998.7878628530448,131.99738286025254,106.38229964412767,2.2737367544323206e-13,48.7681324504741,0.006099719554185867,0.058568164706230164,0.01181830931454897,3.56,4.075375,4.05,1.1235955056179776,1.226880961874674,0.9876543209876544,ok,,
EN_086_7__ES_086_7,70,true,es-en,/Users/nilakshanraveendran/Documents/research/data/raw/DRAL16kHz/fragments-short/ES_086_7.wav,/Users/nilakshanraveendran/Documents/research/data/raw/DRAL16kHz/fragments-short/EN_086_7.wav,Es sobre...Mmm ¿Un asesinato?,¿Es sobre... ...un asesinato?,It's about a... Murder?,Is it about a murder?,Is it about a murder?,/Users/nilakshanraveendran/Documents/research/outputs/synthesis/es-en/EN_086_7__ES_086_7_es-en.wav,259279911,0.25,0.0,0.40074166655540466,0.3419642448425293,131.99738286025254,144.60043026003098,334.44715772032583,48.7681324504741,31.965754174395,106.38229964412767,0.01181830931454897,0.10043353587388992,0.006099719554185867,4.05,2.134,3.56,0.9876543209876544,2.343017806935333,1.1235955056179776,ok,,
EN_086_9__ES_086_9,70,true,en-es,/Users/nilakshanraveendran/Documents/research/data/raw/DRAL16kHz/fragments-short/EN_086_9.wav,/Users/nilakshanraveendran/Documents/research/data/raw/DRAL16kHz/fragments-short/ES_086_9.wav,"And then likes, thi- like things happen and then like...",and then like things happen and then like,Las cosas pasan y- y...,y luego como las cosas pasan y luego como,"Y luego, como las cosas pasan. Y luego, como...",/Users/nilakshanraveendran/Documents/research/outputs/synthesis/en-es/EN_086_9__ES_086_9_en-es.wav,425222815,0.2,0.0,0.45846253633499146,0.3437391221523285,107.76383003653284,612.512013891995,108.49433136231077,5.73611354883313,128.14921205431202,7.690636986816711,0.012506674975156784,0.06427101790904999,0.01385563425719738,2.79,5.611375,2.05,3.5842293906810037,1.6038849658060637,2.439024390243903,ok,,
EN_086_9__ES_086_9,70,true,es-en,/Users/nilakshanraveendran/Documents/research/data/raw/DRAL16kHz/fragments-short/ES_086_9.wav,/Users/nilakshanraveendran/Documents/research/data/raw/DRAL16kHz/fragments-short/EN_086_9.wav,Las cosas pasan y- y...,las cosas pasan y...,"And then likes, thi- like things happen and then like...",Things happen and...,things happen and,/Users/nilakshanraveendran/Documents/research/outputs/synthesis/es-en/EN_086_9__ES_086_9_es-en.wav,2116529023,0.2,0.0,0.42868053913116455,0.3437391221523285,108.49433136231077,119.32485041820874,107.76383003653284,7.690636986816711,9.243900141056882,5.73611354883313,0.01385563425719738,0.08100203424692154,0.012506674975156784,2.05,2.038,2.79,2.439024390243903,1.4720314033366046,3.5842293906810037,ok,,
EN_101_10__ES_101_10,70,true,en-es,/Users/nilakshanraveendran/Documents/research/data/raw/DRAL16kHz/fragments-short/EN_101_10.wav,/Users/nilakshanraveendran/Documents/research/data/raw/DRAL16kHz/fragments-short/ES_101_10.wav,"No, le- let me tell you, I had an exam uh o- one day.","Well, let me tell you, he had an exam, one day.","No, déjame te cuento, este... Tenía examen el... un día.","Bueno, déjame decirte, un día se hizo un examen.","Bueno, déjame decirte, un día se hizo un examen.",/Users/nilakshanraveendran/Documents/research/outputs/synthesis/en-es/EN_101_10__ES_101_10_en-es.wav,1217606080,0.35714285714285715,0.0,0.5083567500114441,0.5182599425315857,117.71306081848829,459.0838551196002,124.17115757715877,6.599628533337249,420.46135572620835,15.97651377038232,0.011040342971682549,0.05046922713518143,0.011077167466282845,4.78,6.5926875,4.8,2.928870292887029,1.3651488865504393,2.0833333333333335,ok,,
EN_101_10__ES_101_10,70,true,es-en,/Users/nilakshanraveendran/Documents/research/data/raw/DRAL16kHz/fragments-short/ES_101_10.wav,/Users/nilakshanraveendran/Documents/research/data/raw/DRAL16kHz/fragments-short/EN_101_10.wav,"No, déjame te cuento, este... Tenía examen el... un día.",¡No! Déjame te cuento este... Tenía examen el... un día.,"No, le- let me tell you, I had an exam uh o- one day.",Let me tell you this... I had an exam on... one day.,Let me tell you this. I had an exam on... one day.,/Users/nilakshanraveendran/Documents/research/outputs/synthesis/es-en/EN_101_10__ES_101_10_es-en.wav,1795967149,0.0,0.0,0.46206557750701904,0.5182599425315857,124.17115757715877,112.68962704944364,117.71306081848829,15.97651377038232,22.644523337016047,6.599628533337249,0.011077167466282845,0.07131285220384598,0.011040342971682549,4.8,5.004,4.78,2.0833333333333335,2.3980815347721824,2.928870292887029,ok,,
EN_101_12__ES_101_12,70,true,en-es,/Users/nilakshanraveendran/Documents/research/data/raw/DRAL16kHz/fragments-short/EN_101_12.wav,/Users/nilakshanraveendran/Documents/research/data/raw/DRAL16kHz/fragments-short/ES_101_12.wav,This game is gonna last like 20 minutes? 15 minutes?,This game is gonna last like... 20 minutes? 15 minutes?,"Este juego va a durar unos 20 minutos, 15 minutos.",Este juego va a durar como... ¿20 minutos? ¿15 minutos?,Este juego va a durar como 20 minutos? 15 minutos.,/Users/nilakshanraveendran/Documents/research/outputs/synthesis/en-es/EN_101_12__ES_101_12_en-es.wav,342976250,0.0,0.0,0.5705991983413696,0.44601085782051086,158.2448764344734,219.7765737367984,132.33618780246675,43.975632906544924,227.75651487738116,12.670001939662823,0.008013991639018059,0.07946410030126572,0.0074552814476192,4.46,8.5346875,4.73,2.242152466367713,1.1716890630149024,2.1141649048625792,ok,,
EN_101_12__ES_101_12,70,true,es-en,/Users/nilakshanraveendran/Documents/research/data/raw/DRAL16kHz/fragments-short/ES_101_12.wav,/Users/nilakshanraveendran/Documents/research/data/raw/DRAL16kHz/fragments-short/EN_101_12.wav,"Este juego va a durar unos 20 minutos, 15 minutos.","Este juego va a durar unos 20 minutos, 15 minutos.",This game is gonna last like 20 minutes? 15 minutes?,"This game will last about 20 minutes, 15 minutes.",This game will last about 20 minutes. 15 minutes.,/Users/nilakshanraveendran/Documents/research/outputs/synthesis/es-en/EN_101_12__ES_101_12_es-en.wav,1139597765,0.0,0.0,0.3875601291656494,0.44601085782051086,132.33618780246675,126.86695941348025,158.2448764344734,12.670001939662823,16.595343623708317,43.975632906544924,0.0074552814476192,0.0795653909444809,0.008013991639018059,4.73,4.2246875,4.46,2.1141649048625792,2.130335083955914,2.242152466367713,ok,,
EN_101_13__ES_101_13,70,true,en-es,/Users/nilakshanraveendran/Documents/research/data/raw/DRAL16kHz/fragments-short/EN_101_13.wav,/Users/nilakshanraveendran/Documents/research/data/raw/DRAL16kHz/fragments-short/ES_101_13.wav,"And then my my coach told me uh, wha- what's wrong with you?","and then my coach will say, what's wrong with you?","Y luego mi coach me dijo, pues ¿qué traes?","Y entonces mi entrenador dirá, ¿qué te pasa?","y entonces mi entrenador dirá, ¿qué te pasa?",/Users/nilakshanraveendran/Documents/research/outputs/synthesis/en-es/EN_101_13__ES_101_13_en-es.wav,1167341786,0.38461538461538464,0.0,0.4514395296573639,0.38011932373046875,119.1432530006124,583.7632269360067,114.7284086841418,10.598138525124991,425.58466280588806,10.872437541559929,0.007909422740340233,0.058454062789678574,0.006816739682108164,3.44,8.171375,1.85,3.7790697674418605,0.9790273974698261,4.864864864864865,ok,,
EN_101_13__ES_101_13,70,true,es-en,/Users/nilakshanraveendran/Documents/research/data/raw/DRAL16kHz/fragments-short/ES_101_13.wav,/Users/nilakshanraveendran/Documents/research/data/raw/DRAL16kHz/fragments-short/EN_101_13.wav,"Y luego mi coach me dijo, pues ¿qué traes?",y luego mi cústima y con los que traes,"And then my my coach told me uh, wha- what's wrong with you?",And then my shame and the ones you bring with you.,and then my shame and the ones you bring with you.,/Users/nilakshanraveendran/Documents/research/outputs/synthesis/es-en/EN_101_13__ES_101_13_es-en.wav,73871982,0.5555555555555556,0.0,0.4909695088863373,0.38011932373046875,114.7284086841418,114.16518465229092,119.1432530006124,10.872437541559929,11.08922489578433,10.598138525124991,0.006816739682108164,0.11668996512889862,0.007909422740340233,1.85,3.2006875,3.44,4.864864864864865,3.436761633242858,3.7790697674418605,ok,,
EN_101_14__ES_101_14,70,true,en-es,/Users/nilakshanraveendran/Documents/research/data/raw/DRAL16kHz/fragments-short/EN_101_14.wav,/Users/nilakshanraveendran/Documents/research/data/raw/DRAL16kHz/fragments-short/ES_101_14.wav,He he has nothing? Wha- what's wrong with you?,"he has nothing, what's wrong with you?","Pues no trae nada, o sea, ¿por qué? ¿qué te pasa?","No tiene nada, ¿qué te pasa?",No tiene nada. ¿Qué te pasa?,/Users/nilakshanraveendran/Documents/research/outputs/synthesis/en-es/EN_101_14__ES_101_14_en-es.wav,1718299233,0.2222222222222222,0.0,0.4761909544467926,0.5110121369361877,138.1651852723073,139.54148397337005,138.6535025395975,16.047398040112423,22.55381151597382,14.27914387822305,0.007301157806068659,0.08936427533626556,0.00893743708729744,3.2,2.87,2.26,2.8125,2.0905923344947737,4.867256637168142,ok,,
EN_101_14__ES_101_14,70,true,es-en,/Users/nilakshanraveendran/Documents/research/data/raw/DRAL16kHz/fragments-short/ES_101_14.wav,/Users/nilakshanraveendran/Documents/research/data/raw/DRAL16kHz/fragments-short/EN_101_14.wav,"Pues no trae nada, o sea, ¿por qué? ¿qué te pasa?","no trae nada, o sea, porque qué te pasa?",He he has nothing? Wha- what's wrong with you?,"It doesn't bring anything, I mean, because what's wrong with you?","It doesn't bring anything, I mean. Because what's wrong with you?",/Users/nilakshanraveendran/Documents/research/outputs/synthesis/es-en/EN_101_14__ES_101_14_es-en.wav,1387220697,0.2727272727272727,0.0,0.4241425096988678,0.5110121369361877,138.6535025395975,125.52465044799506,138.1651852723073,14.27914387822305,19.688135352456108,16.047398040112423,0.00893743708729744,0.07597769796848297,0.007301157806068659,2.26,4.363375,3.2,4.867256637168142,2.5209843297905867,2.8125,ok,,
EN_101_15__ES_101_15,70,true,en-es,/Users/nilakshanraveendran/Documents/research/data/raw/DRAL16kHz/fragments-short/EN_101_15.wav,/Users/nilakshanraveendran/Documents/research/data/raw/DRAL16kHz/fragments-short/ES_101_15.wav,Eh if you want you can go and I'll and I'll talk to you when... when you have to play.,if you want you can go now and I'll talk to you when you have to play,Si quieres te vas y pues te hablo cuando tengas que volver a jugar.,Si quieres puedes irte ahora y hablaré contigo cuando tengas que jugar.,"Si quieres, puedes irte ahora y hablaré contigo cuando tengas que jugar.",/Users/nilakshanraveendran/Documents/research/outputs/synthesis/en-es/EN_101_15__ES_101_15_en-es.wav,385969515,0.2,0.0,0.4649994969367981,0.40274250507354736,120.36518555333136,363.76403453380004,115.28281001215083,25.40116417664539,365.5573484158509,7.966087480565238,0.008977600373327732,0.0495310053229332,0.01623367890715599,3.82,18.9446875,2.93,5.235602094240838,0.6334229582831599,4.778156996587031,ok,,
EN_101_15__ES_101_15,70,true,es-en,/Users/nilakshanraveendran/Documents/research/data/raw/DRAL16kHz/fragments-short/ES_101_15.wav,/Users/nilakshanraveendran/Documents/research/data/raw/DRAL16kHz/fragments-short/EN_101_15.wav,Si quieres te vas y pues te hablo cuando tengas que volver a jugar.,si quieres te vas y te hablo cuando tengas que volver a jugar.,Eh if you want you can go and I'll and I'll talk to you when... when you have to play.,If you want to go and I'll talk to you when you have to play again.,if you want to go and i'll talk to you when you have to play again or receive,/Users/nilakshanraveendran/Documents/research/outputs/synthesis/es-en/EN_101_15__ES_101_15_es-en.wav,2058780165,0.07142857142857142,0.125,0.5108611583709717,0.40274250507354736,115.28281001215083,120.76536313858445,120.36518555333136,7.966087480565238,11.837836965946758,25.40116417664539,0.01623367890715599,0.08476303517818451,0.008977600373327732,2.93,5.014,3.82,4.778156996587031,3.1910650179497404,5.235602094240838,ok,,
EN_101_17__ES_101_17,70,true,en-es,/Users/nilakshanraveendran/Documents/research/data/raw/DRAL16kHz/fragments-short/EN_101_17.wav,/Users/nilakshanraveendran/Documents/research/data/raw/DRAL16kHz/fragments-short/ES_101_17.wav,and I went somewhere else to do my... my exam.,and I went somewhere else to do my exam.,Y me fui a este otro lado a hacer mi examen.,Y fui a otro lugar a hacer mi examen.,y fui a otro lugar a hacer mi examen.,/Users/nilakshanraveendran/Documents/research/outputs/synthesis/en-es/EN_101_17__ES_101_17_en-es.wav,1495768839,0.1,0.0,0.5701155662536621,0.44204550981521606,116.20853592231995,119.74901241011062,130.33816693865072,9.557482415771196,4.490322223905784,19.77025256664042,0.009359034709632397,0.1030002012848854,0.01230608206242323,3.54,2.635375,2.77,2.824858757062147,3.4150737561068163,3.9711191335740073,ok,,
EN_101_17__ES_101_17,70,true,es-en,/Users/nilakshanraveendran/Documents/research/data/raw/DRAL16kHz/fragments-short/ES_101_17.wav,/Users/nilakshanraveendran/Documents/research/data/raw/DRAL16kHz/fragments-short/EN_101_17.wav,Y me fui a este otro lado a hacer mi examen.,y me fui a este otro lado a hacer mi examen,and I went somewhere else to do my... my exam.,And I went to this other side to do my test.,And now I went to this other side to do my test.,/Users/nilakshanraveendran/Documents/research/outputs/synthesis/es-en/EN_101_17__ES_101_17_es-en.wav,1638755161,0.0,0.09090909090909091,0.39424172043800354,0.44204550981521606,130.33816693865072,nan,116.20853592231995,19.77025256664042,nan,9.557482415771196,0.01230608206242323,0.08069227635860443,0.009359034709632397,2.77,3.9366875,3.54,3.9711191335740073,2.794227380253068,2.824858757062147,ok,,
EN_101_18__ES_101_18,70,true,en-es,/Users/nilakshanraveendran/Documents/research/data/raw/DRAL16kHz/fragments-short/EN_101_18.wav,/Users/nilakshanraveendran/Documents/research/data/raw/DRAL16kHz/fragments-short/ES_101_18.wav,And so... 100! Yes.,And so... And how did it go in your exam? Hundred. Really? Yes.,Me pus-... 100. Sí.,¿Y cómo te fue en el examen? Cien. ¿En serio?,¿Y cómo te fue en el examen? Si en el ponen. ¿En serio? ¿En serio?,/Users/nilakshanraveendran/Documents/research/outputs/synthesis/en-es/EN_101_18__ES_101_18_en-es.wav,1361273004,2.5,0.6,0.1798105686903,0.1176125630736351,273.768037510678,363.661106060847,127.41332883147044,192.2084756971789,380.97294626414794,7.048510545351629,0.0041910139843821526,0.03984955698251724,0.0045043411664664745,4.67,25.57,4.05,0.8565310492505354,0.39108330074305825,0.9876543209876544,ok,,
EN_101_18__ES_101_18,70,true,es-en,/Users/nilakshanraveendran/Documents/research/data/raw/DRAL16kHz/fragments-short/ES_101_18.wav,/Users/nilakshanraveendran/Documents/research/data/raw/DRAL16kHz/fragments-short/EN_101_18.wav,Me pus-... 100. Sí.,y me puse 100 si,And so... 100! Yes.,And I put 100 if,and I put 100 if,/Users/nilakshanraveendran/Documents/research/outputs/synthesis/es-en/EN_101_18__ES_101_18_es-en.wav,1828096680,0.75,0.0,0.5943558812141418,0.1176125630736351,127.41332883147044,975.1007673296033,273.768037510678,7.048510545351629,56.90538126129789,192.2084756971789,0.0045043411664664745,0.05643831193447113,0.0041910139843821526,4.05,4.406,4.67,0.9876543209876544,1.1348161597821154,0.8565310492505354,ok,,
EN_101_1__ES_101_1,70,true,en-es,/Users/nilakshanraveendran/Documents/research/data/raw/DRAL16kHz/fragments-short/EN_101_1.wav,/Users/nilakshanraveendran/Documents/research/data/raw/DRAL16kHz/fragments-short/ES_101_1.wav,I was I was sadly eliminated by a kid from UNAM.,"I was, I was sadly eliminated by a kid from Unam.",Fui fui... lastimosamente fui eliminado por uno de la... de la UNAM,"Fui, tristemente eliminado por un niño de Unam.","Fui, tristemente eliminado por un niño de un am.",/Users/nilakshanraveendran/Documents/research/outputs/synthesis/en-es/EN_101_1__ES_101_1_en-es.wav,1856126095,0.0,0.25,0.4760659337043762,0.5545666217803955,110.51436064984259,102.64604092963954,119.43476778356482,13.798214630938745,8.914680005669542,12.630051287151753,0.011901047080755234,0.06713636964559555,0.01006071176379919,4.36,4.918,4.35,2.5229357798165135,1.6266775111834078,2.7586206896551726,ok,,
EN_101_1__ES_101_1,70,true,es-en,/Users/nilakshanraveendran/Documents/research/data/raw/DRAL16kHz/fragments-short/ES_101_1.wav,/Users/nilakshanraveendran/Documents/research/data/raw/DRAL16kHz/fragments-short/EN_101_1.wav,Fui fui... lastimosamente fui eliminado por uno de la... de la UNAM,lastimosamente fue eliminado por uno de la UNAM.,I was I was sadly eliminated by a kid from UNAM.,Unfortunately he was eliminated by one of UNAM.,"Unfortunately, he was eliminated by one of un-aimed apps.",/Users/nilakshanraveendran/Documents/research/outputs/synthesis/es-en/EN_101_1__ES_101_1_es-en.wav,753968101,0.4166666666666667,0.25,0.41589653491973877,0.5545666217803955,119.43476778356482,115.82110362369345,110.51436064984259,12.630051287151753,10.443466131876372,13.798214630938745,0.01006071176379919,0.10291210561990738,0.011901047080755234,4.35,3.755375,4.36,2.7586206896551726,2.130279932097327,2.5229357798165135,ok,,
EN_101_20__ES_101_20,70,true,en-es,/Users/nilakshanraveendran/Documents/research/data/raw/DRAL16kHz/fragments-short/EN_101_20.wav,/Users/nilakshanraveendran/Documents/research/data/raw/DRAL16kHz/fragments-short/ES_101_20.wav,"Yes, fortunately we didn't have to play that one. I didn't have to play that again 'cause we won 3-0.","Yes, fortunately we didn't have to play that one. I didn't have to play that again because we won 3-0.","Sí, afortunadamente en ese no tuvimos que volver a jugar. Ganamos y la ganamos 3-0.","Sí, afortunadamente no tuvimos que tocar eso. No tuve que tocar eso otra vez porque ganamos 3-0.","Sí, afortunadamente no tuvimos que tocar eso. No tuve que tocar eso otra vez porque ganamos 3-0.",/Users/nilakshanraveendran/Documents/research/outputs/synthesis/en-es/EN_101_20__ES_101_20_en-es.wav,11398601,0.05,0.0,0.5258078575134277,0.5024324655532837,123.49341388354719,502.6494125967527,158.40229227276657,20.959605542130056,402.04980791388095,36.96125585513837,0.008734382688999176,0.0790557786822319,0.021293845027685165,5.07,8.577375,3.73,3.944773175542406,1.9819583497282094,4.021447721179625,ok,,
EN_101_20__ES_101_20,70,true,es-en,/Users/nilakshanraveendran/Documents/research/data/raw/DRAL16kHz/fragments-short/ES_101_20.wav,/Users/nilakshanraveendran/Documents/research/data/raw/DRAL16kHz/fragments-short/EN_101_20.wav,"Sí, afortunadamente en ese no tuvimos que volver a jugar. Ganamos y la ganamos 3-0.","Si, afortunadamente en ese no tuvimos que volver a jugar, ganamos y le ganamos 3-0.","Yes, fortunately we didn't have to play that one. I didn't have to play that again 'cause we won 3-0.","Yeah, fortunately in that we didn't have to play again, we won and we won 3-0.","Yeah, fortunately in that we didn't have to play again. We won and we won 3-0.",/Users/nilakshanraveendran/Documents/research/outputs/synthesis/es-en/EN_101_20__ES_101_20_es-en.wav,1948601908,0.13333333333333333,0.0,0.4359835088253021,0.5024324655532837,158.40229227276657,151.4237374235722,123.49341388354719,36.96125585513837,34.42679050571485,20.959605542130056,0.021293845027685165,0.08155646175146103,0.008734382688999176,3.73,6.123375,5.07,4.021447721179625,2.612938126441709,3.944773175542406,ok,,
EN_101_21__ES_101_21,70,true,en-es,/Users/nilakshanraveendran/Documents/research/data/raw/DRAL16kHz/fragments-short/EN_101_21.wav,/Users/nilakshanraveendran/Documents/research/data/raw/DRAL16kHz/fragments-short/ES_101_21.wav,so I pass as the first one in my... my group,So I pass us the first one in my group.,Entonces pues yo pasé como primero de mi grupo.,Así que paso el primero en mi grupo.,Así que paso el primero en mi grupo.,/Users/nilakshanraveendran/Documents/research/outputs/synthesis/en-es/EN_101_21__ES_101_21_en-es.wav,471232589,0.18181818181818182,0.0,0.6046664714813232,0.5460153818130493,106.77024426531054,602.0304744861257,118.13875963553308,3.9563187268826487,434.1474701784677,11.262428539916236,0.010243939235806465,0.050351571291685104,0.008471476845443249,2.94,4.171375,1.82,3.741496598639456,1.9178328488807646,4.945054945054945,ok,,
EN_101_21__ES_101_21,70,true,es-en,/Users/nilakshanraveendran/Documents/research/data/raw/DRAL16kHz/fragments-short/ES_101_21.wav,/Users/nilakshanraveendran/Documents/research/data/raw/DRAL16kHz/fragments-short/EN_101_21.wav,Entonces pues yo pasé como primero de mi grupo.,entonces yo pasé como primero en mi grupo,so I pass as the first one in my... my group,Then I passed as first in my group.,then I passed as first in my group.,/Users/nilakshanraveendran/Documents/research/outputs/synthesis/es-en/EN_101_21__ES_101_21_es-en.wav,1137699081,0.2222222222222222,0.0,0.32990315556526184,0.5460153818130493,118.13875963553308,100.53125539187283,106.77024426531054,11.262428539916236,20.91390110968898,3.9563187268826487,0.008471476845443249,0.06896726042032242,0.010243939235806465,1.82,3.286,2.94,4.945054945054945,2.4345709068776626,3.741496598639456,ok,,
EN_101_22__ES_101_22,70,true,en-es,/Users/nilakshanraveendran/Documents/research/data/raw/DRAL16kHz/fragments-short/EN_101_22.wav,/Users/nilakshanraveendran/Documents/research/data/raw/DRAL16kHz/fragments-short/ES_101_22.wav,"But the people there at the the tournament, they didn't organize well, so...",but the people there at the tournament they didn't organize well so,"Pero el torneo, pues lo organiz- pues ahí los del evento no se organizaron bien.",pero la gente en el torneo no se organizaron bien así que,Pero la gente en el torneo no se organizaron bien así que...,/Users/nilakshanraveendran/Documents/research/outputs/synthesis/en-es/EN_101_22__ES_101_22_en-es.wav,1933259866,0.07692307692307693,0.0,0.5243735909461975,0.5436835289001465,125.9791222140904,122.35596027269132,133.48988955695927,18.241717947970898,16.46696813326614,15.821348208153697,0.009772391989827156,0.11000688374042511,0.01610150933265686,4.08,4.6406875,3.86,3.1862745098039214,2.5858237599493608,3.8860103626943006,ok,,
EN_101_22__ES_101_22,70,true,es-en,/Users/nilakshanraveendran/Documents/research/data/raw/DRAL16kHz/fragments-short/ES_101_22.wav,/Users/nilakshanraveendran/Documents/research/data/raw/DRAL16kHz/fragments-short/EN_101_22.wav,"Pero el torneo, pues lo organiz- pues ahí los del evento no se organizaron bien.","pero el torneo, los de evento no se organizaron bien.","But the people there at the the tournament, they didn't organize well, so...","But the tournament, the event ones didn't organize well.","But, the tournament, the event ones didn't organise well.",/Users/nilakshanraveendran/Documents/research/outputs/synthesis/es-en/EN_101_22__ES_101_22_es-en.wav,2032207468,0.4,0.1111111111111111,0.4301837682723999,0.5436835289001465,133.48988955695927,124.56683472778231,125.9791222140904,15.821348208153697,15.536213218216881,18.241717947970898,0.01610150933265686,0.07918281108140945,0.009772391989827156,3.86,3.9366875,4.08,3.8860103626943006,2.2861860383888737,3.1862745098039214,ok,,
EN_101_2__ES_101_2,70,true,en-es,/Users/nilakshanraveendran/Documents/research/data/raw/DRAL16kHz/fragments-short/EN_101_2.wav,/Users/nilakshanraveendran/Documents/research/data/raw/DRAL16kHz/fragments-short/ES_101_2.wav,"I didn't lose uh badly, it was it could be it could be it could've been worse.","It didn't look, uh, badly. It could have been worse.","-co es como que tampoco perdí feo, o sea, pudo haber sido peor la verdad","No se veía mal, podría haber sido peor.",No se veía mal. Podría haber sido peor.,/Users/nilakshanraveendran/Documents/research/outputs/synthesis/en-es/EN_101_2__ES_101_2_en-es.wav,1334378173,0.5882352941176471,0.0,0.46723294258117676,0.5148041248321533,129.0374232426392,145.5425145733817,622.8170091555826,17.253196139420925,13.675782542884676,32.69679501801191,0.008499751798808575,0.08932273834943771,0.009172110818326473,4.65,3.286,3.5,3.6559139784946235,2.4345709068776626,4.285714285714286,ok,,
EN_101_2__ES_101_2,70,true,es-en,/Users/nilakshanraveendran/Documents/research/data/raw/DRAL16kHz/fragments-short/ES_101_2.wav,/Users/nilakshanraveendran/Documents/research/data/raw/DRAL16kHz/fragments-short/EN_101_2.wav,"-co es como que tampoco perdí feo, o sea, pudo haber sido peor la verdad",es como que tampoco perdiste o sea puede haber sido peor la verdad,"I didn't lose uh badly, it was it could be it could be it could've been worse.","It's like you didn't lose either, or it could have been worse the truth.","It's like you didn't lose either. Or it could have been worse, the truth.",/Users/nilakshanraveendran/Documents/research/outputs/synthesis/es-en/EN_101_2__ES_101_2_es-en.wav,1781499285,0.26666666666666666,0.0,0.39100381731987,0.5148041248321533,622.8170091555826,117.8583229325141,129.0374232426392,32.69679501801191,9.424304655464583,17.253196139420925,0.009172110818326473,0.08974269777536392,0.008499751798808575,3.5,4.267375,4.65,4.285714285714286,3.2807053516506044,3.6559139784946235,ok,,
EN_101_5__ES_101_5,70,true,en-es,/Users/nilakshanraveendran/Documents/research/data/raw/DRAL16kHz/fragments-short/EN_101_5.wav,/Users/nilakshanraveendran/Documents/research/data/raw/DRAL16kHz/fragments-short/ES_101_5.wav,"Uh no of Chihuahua, no.","No, of Chihuahua, no.",de- de chihuahua no,"No, de Chihuahua, no.","No, de chihuahua, no.",/Users/nilakshanraveendran/Documents/research/outputs/synthesis/en-es/EN_101_5__ES_101_5_en-es.wav,1914300020,0.2,0.0,0.499636173248291,0.5348495841026306,130.42237612456123,129.16822394235822,124.21593001784686,17.055745413621793,20.185163442420553,18.947200718269634,0.02074621245265007,0.07488960027694702,0.024024780839681625,1.67,3.2006875,1.495,2.9940119760479043,1.249731502997403,2.6755852842809364,ok,,
EN_101_5__ES_101_5,70,true,es-en,/Users/nilakshanraveendran/Documents/research/data/raw/DRAL16kHz/fragments-short/ES_101_5.wav,/Users/nilakshanraveendran/Documents/research/data/raw/DRAL16kHz/fragments-short/EN_101_5.wav,de- de chihuahua no,de Chihuahua no.,"Uh no of Chihuahua, no.",Not Chihuahua.,Nachiwawa.,/Users/nilakshanraveendran/Documents/research/outputs/synthesis/es-en/EN_101_5__ES_101_5_es-en.wav,1631757176,0.25,1.0,0.37660208344459534,0.5348495841026306,124.21593001784686,121.42991955552091,130.42237612456123,18.947200718269634,17.693609402561187,17.055745413621793,0.024024780839681625,0.09170185029506683,0.02074621245265007,1.495,1.622,1.67,2.6755852842809364,1.2330456226880393,2.9940119760479043,ok,,
EN_101_6__ES_101_6,70,true,en-es,/Users/nilakshanraveendran/Documents/research/data/raw/DRAL16kHz/fragments-short/EN_101_6.wav,/Users/nilakshanraveendran/Documents/research/data/raw/DRAL16kHz/fragments-short/ES_101_6.wav,"so Chihuahua sent players eh Nuevo Leon, eh Sinaloa, Veracruz","So Chihuahua sand players, Nuevo León, Tinaloa, Veracruz.","O sea, Chihuahua mandó, Nuevo León, Sinaloa, Veracruz...","Jugadores de arena Chihuahua, Nuevo León, Tinaloa, Veracruz.","jugadores de arena chihuahua, nuevo león, tinaloa, velacruz, tonto.",/Users/nilakshanraveendran/Documents/research/outputs/synthesis/en-es/EN_101_6__ES_101_6_en-es.wav,1135383966,0.5,0.25,0.805313766002655,0.7434277534484863,112.60737631302663,110.00320245675717,117.39411560333048,11.312387945499825,7.416274974536563,11.896466060248127,0.013410274870693684,0.08623013645410538,0.009234189987182617,6.39,6.166,4.485,1.564945226917058,1.2974375608173856,1.7837235228539574,ok,,
EN_101_6__ES_101_6,70,true,es-en,/Users/nilakshanraveendran/Documents/research/data/raw/DRAL16kHz/fragments-short/ES_101_6.wav,/Users/nilakshanraveendran/Documents/research/data/raw/DRAL16kHz/fragments-short/EN_101_6.wav,"O sea, Chihuahua mandó, Nuevo León, Sinaloa, Veracruz...","Osea Chihuahua mandó, Nuevo León, Sinaloa, Veracruz","so Chihuahua sent players eh Nuevo Leon, eh Sinaloa, Veracruz","Osea Chihuahua commanded, Nuevo León, Sinaloa, Veracruz","Jose Achihuahua commanded. Nuevo León, Sinaloa, Veracruz.",/Users/nilakshanraveendran/Documents/research/outputs/synthesis/es-en/EN_101_6__ES_101_6_es-en.wav,1137416579,0.25,0.2857142857142857,0.47486287355422974,0.7434277534484863,117.39411560333048,118.64358652422727,112.60737631302663,11.896466060248127,9.067153319915883,11.312387945499825,0.009234189987182617,0.0852912962436676,0.013410274870693684,4.485,6.0806875,6.39,1.7837235228539574,1.1511856184025244,1.564945226917058,ok,,
EN_101_9__ES_101_9,70,true,en-es,/Users/nilakshanraveendran/Documents/research/data/raw/DRAL16kHz/fragments-short/EN_101_9.wav,/Users/nilakshanraveendran/Documents/research/data/raw/DRAL16kHz/fragments-short/ES_101_9.wav,Uh sadly eliminated but I brought us mmm I brought uh two medals,uh... sadly eliminated brought us i brought uh... two melds,"Tristemente eliminado. Pero bueno, me traje- nos traje- me traje dos medallas.",Uh... tristemente eliminado nos trajo yo traje... dos melds,U. Tristemente eliminado nos trajo yo traje. Dos mels.,/Users/nilakshanraveendran/Documents/research/outputs/synthesis/en-es/EN_101_9__ES_101_9_en-es.wav,1585029204,0.3076923076923077,0.2222222222222222,0.48249372839927673,0.42198416590690613,119.61659959693164,102.80103201174586,119.89726049313795,12.416307940229453,25.32470309407767,14.637012403735726,0.006531973835080862,0.07536547631025314,0.006577664986252785,6.13,5.4726875,4.48,2.1207177814029365,1.6445302239530395,2.6785714285714284,ok,,
EN_101_9__ES_101_9,70,true,es-en,/Users/nilakshanraveendran/Documents/research/data/raw/DRAL16kHz/fragments-short/ES_101_9.wav,/Users/nilakshanraveendran/Documents/research/data/raw/DRAL16kHz/fragments-short/EN_101_9.wav,"Tristemente eliminado. Pero bueno, me traje- nos traje- me traje dos medallas.",tristemente eliminado pero bueno me traje dos medallos,Uh sadly eliminated but I brought us mmm I brought uh two medals,Sadly eliminated but well I brought two medals,"Sadly eliminated, but well, I brought two medals.",/Users/nilakshanraveendran/Documents/research/outputs/synthesis/es-en/EN_101_9__ES_101_9_es-en.wav,1716465773,0.4166666666666667,0.0,0.41928356885910034,0.42198416590690613,119.89726049313795,125.78862002504925,119.61659959693164,14.637012403735726,11.632880965936208,12.416307940229453,0.006577664986252785,0.10547016561031342,0.006531973835080862,4.48,3.7126875,6.13,2.6785714285714284,2.1547733279464,2.1207177814029365,ok,,
