pair_id,split,same_speaker_pair,en_speaker,es_speaker,en_duration,en_f0_mean_hz,en_f0_std_hz,en_f0_mean_st,en_f0_std_st,en_voiced_ratio,en_n_voiced,en_rms,en_n_words,en_speaking_rate,es_duration,es_f0_mean_hz,es_f0_std_hz,es_f0_mean_st,es_f0_std_st,es_voiced_ratio,es_n_voiced,es_rms,es_n_words,es_speaking_rate,error
EN_001_10__ES_001_10,train,true,2,2,5.919,153.0759632393857,33.16655040011308,7.041053520954275,3.223357188037266,0.4810810810810811,89.0,0.011633518151938915,22.0,3.7168440614968747,6.22,120.74656873948857,14.077646100045584,3.146671498482364,2.0121233369730387,0.4564102564102564,89.0,0.02301778458058834,20.0,3.2154340836012865,
EN_001_11__ES_001_11,test,true,1,1,1.108,145.75196206120592,12.91933287129803,6.450042284999219,1.6037456157383554,0.2857142857142857,10.0,0.012470359914004803,4.0,3.6101083032490973,1.0,134.83064634327633,3.8569014001099338,5.166708951665885,0.49469406932186055,0.375,12.0,0.018672656267881393,4.0,4.0,
EN_001_12__ES_001_12,train,true,2,2,1.163,138.86727571640364,5.629995985397138,5.670042284999218,0.7096477999684071,0.2702702702702703,10.0,0.006828040815889835,3.0,2.5795356835769563,0.98,108.53924957980648,6.163488126210869,1.3921475481571135,0.9444105872663227,0.6129032258064516,19.0,0.017171915620565414,3.0,3.061224489795918,
EN_001_13__ES_001_13,test,true,1,1,4.81,123.34239431502786,24.40602625616039,3.325404603839798,3.176334857913224,0.45695364238410596,69.0,0.012555284425616264,15.0,3.118503118503119,6.08,119.76357016548322,31.83723970027969,2.6891727197818263,3.5679173233785884,0.6020942408376964,115.0,0.010236192494630814,16.0,2.6315789473684212,
EN_001_14__ES_001_14,train,true,2,2,0.986,145.22806404613678,4.925895062584268,6.450042284999217,0.5802298395176402,0.3870967741935484,12.0,0.003978442866355181,4.0,4.056795131845842,1.63,135.10513736922942,18.11100374054504,5.071470856427789,2.1169987419621648,0.27450980392156865,14.0,0.0023068564478307962,4.0,2.4539877300613497,
EN_001_15__ES_001_15,test,true,1,1,0.905,nan,nan,nan,nan,0.0,0.0,0.0021565784700214863,1.0,1.1049723756906078,0.8,125.73141860583598,47.940635181578756,2.7500422849992185,6.460559072511586,0.6538461538461539,17.0,0.003917953930795193,0.0,nan,
EN_001_16__ES_001_16,train,true,2,2,1.203,nan,nan,nan,nan,0.0,0.0,0.004008596297353506,2.0,1.6625103906899417,0.99,nan,nan,nan,nan,0.0,0.0,0.005080712027847767,2.0,2.0202020202020203,
EN_001_17__ES_001_17,test,true,1,1,2.906,114.32953277081259,6.0226888006772095,2.294273054229987,0.914501432378586,0.5714285714285714,52.0,0.00903353001922369,8.0,2.7529249827942186,3.04,112.40968033954253,9.007964728981902,1.9682241031810361,1.4132928550781247,0.4583333333333333,44.0,0.007033647503703833,8.0,2.6315789473684212,
EN_001_18__ES_001_18,train,true,2,2,2.756,122.77102939167736,20.180355805446524,3.3316212323676395,2.7186350351405446,0.4367816091954023,38.0,0.010058843530714512,10.0,3.62844702467344,2.86,126.46942819296704,26.548386163119826,3.7273150122719456,3.317848675679881,0.24444444444444444,22.0,0.011586176231503487,8.0,2.7972027972027975,
EN_001_19__ES_001_19,train,true,2,2,2.338,153.08107209777393,15.07483904640962,7.288340157339646,1.6952440596888596,0.6351351351351351,47.0,0.011604278348386288,8.0,3.4217279726261762,1.63,168.00928375468797,34.22031295446037,8.618224103181037,3.562415723231073,0.8627450980392157,44.0,0.01651754043996334,7.0,4.294478527607362,
EN_001_1__ES_001_1,train,true,2,2,0.878,nan,nan,nan,nan,0.0,0.0,0.005021564196795225,1.0,1.1389521640091116,0.59,192.92396280329606,47.808075252237515,10.78337561833255,4.667142832849905,0.631578947368421,12.0,0.005421042907983065,1.0,1.6949152542372883,
EN_001_20__ES_001_20,train,true,2,2,2.298,150.00290814223942,10.184415229326879,6.980811515768448,1.1571746862241108,0.18055555555555555,13.0,0.017170092090964317,9.0,3.91644908616188,2.057,140.97695691385405,22.450667945331954,5.719607502390523,2.824494534634732,0.7076923076923077,46.0,0.017187198624014854,7.0,3.403014098201264,
EN_001_21__ES_001_21,test,true,1,1,4.729,111.73352594113896,9.376275247769973,1.8646256183325514,1.3664109898034176,0.32432432432432434,48.0,0.008110699243843555,13.0,2.748995559314866,2.62,141.90133272828834,25.32338619225502,5.783940590083964,3.0885578977838883,0.7195121951219512,59.0,0.013898715376853943,12.0,4.580152671755725,
EN_001_22__ES_001_22,train,true,2,2,5.351,145.1776820602823,10.176731814426919,6.411017894755315,1.2197316875645308,0.24404761904761904,41.0,0.009563196450471878,17.0,3.1769762661184826,3.78,122.38691411974052,16.344118126756094,3.352481309389461,2.207358846121371,0.3445378151260504,41.0,0.011995130218565464,14.0,3.7037037037037037,
EN_001_23__ES_001_23,train,true,2,2,1.175,167.2944700562473,21.090804280745992,8.762542284999219,2.2866118494401277,0.6486486486486487,24.0,0.02127133123576641,7.0,5.957446808510638,1.12,177.7396479428464,17.561513674223438,9.86115339611033,1.884111605826437,0.5,18.0,0.015633342787623405,5.0,4.4642857142857135,
EN_001_24__ES_001_24,train,true,2,2,2.743,116.93237383404905,16.856604559818887,2.4800422849992185,2.992897147135754,0.3488372093023256,30.0,0.015922190621495247,12.0,4.374772147283996,2.66,122.27287566809889,23.947131482397566,3.2009856812256334,2.989517702094376,0.6309523809523809,53.0,0.012606951408088207,12.0,4.511278195488722,
EN_001_25__ES_001_25,train,true,2,2,2.689,151.626751644531,31.03504792890633,6.860042284999219,3.4224114305559468,0.23529411764705882,20.0,0.0070617590099573135,7.0,2.603198214949795,2.55,159.4514507985478,25.514019878308975,7.866708951665885,2.670310011132707,0.3,24.0,0.00694946339353919,7.0,2.7450980392156863,
EN_001_26__ES_001_26,train,true,2,2,2.014,317.9889117382722,254.56621781764744,13.70323377436092,14.883016896518505,0.746031746031746,47.0,0.02756970375776291,8.0,3.97219463753724,1.84,594.6509550921547,59.80572977558428,30.785336402646273,1.6160741015591145,0.29310344827586204,17.0,0.011515268124639988,11.0,5.978260869565217,
EN_001_27__ES_001_27,train,true,2,2,2.636,147.77016520971847,3.310538040864841,6.755924637940393,0.38725366095606534,0.20481927710843373,17.0,0.036574676632881165,12.0,4.552352048558421,2.93,122.73059346415977,11.976807056578695,3.4605686007886916,1.7357625565774402,0.6195652173913043,57.0,0.014021229930222034,13.0,4.436860068259385,
EN_001_28__ES_001_28,train,true,2,2,2.338,167.3245331620803,2.377791197784922,8.910042284999218,0.24576411454889055,0.13513513513513514,10.0,0.031382039189338684,8.0,3.4217279726261762,2.39,141.86259201687676,24.677388409825568,5.814327999284933,2.8213321261394224,0.56,42.0,0.01267718430608511,6.0,2.510460251046025,
EN_001_29__ES_001_29,test,true,1,1,1.149,119.96940086174634,13.536344083675674,3.0250422849992185,2.1757469981594832,0.5555555555555556,20.0,0.009586361236870289,4.0,3.4812880765883376,0.9,137.4477512217039,10.534104376489552,5.457185142142076,1.299430801606329,0.9655172413793104,28.0,0.011054914444684982,5.0,5.555555555555555,
EN_001_2__ES_001_2,test,true,1,1,1.027,nan,nan,nan,nan,0.0,0.0,0.0034332505892962217,1.0,0.9737098344693282,0.71,nan,nan,nan,nan,0.0,0.0,0.003282460616901517,1.0,1.4084507042253522,
EN_001_30__ES_001_30,test,true,1,1,4.027,119.20615764446744,10.24036062667395,2.9767089516658856,1.5039799053031122,0.11904761904761904,15.0,0.010782547295093536,12.0,2.979885771045443,2.99,124.56360219814188,25.3847893060201,3.4973150122719443,3.1215878561721846,0.5851063829787234,55.0,0.009867622517049313,9.0,3.0100334448160533,
EN_001_31__ES_001_31,train,true,2,2,2.622,96.78033815149844,2.998381232023427,-0.5749577150007824,0.540254569624358,0.14634146341463414,12.0,0.011959160678088665,11.0,4.195270785659802,2.26,108.45910696081833,15.280797302256701,1.2389311738881075,2.3870923477199644,0.5070422535211268,36.0,0.012514930218458176,9.0,3.9823008849557526,
EN_001_33__ES_001_33,train,true,2,2,3.121,176.7833375966223,21.116428075985965,9.735756570713505,2.1244927365738633,0.5,49.0,0.06845419108867645,12.0,3.8449214995193848,3.24,178.55529142059999,9.317792802065052,10.012542284999217,0.9130135541162571,0.1568627450980392,16.0,0.029228515923023224,15.0,4.62962962962963,
EN_001_34__ES_001_34,train,true,2,2,0.675,nan,nan,nan,nan,0.0,0.0,0.0560460202395916,2.0,2.962962962962963,0.68,nan,nan,nan,nan,0.0,0.0,0.012886261567473412,2.0,2.941176470588235,
EN_001_35__ES_001_35,train,true,2,2,3.068,158.98083513728332,18.167128911848845,7.914327999284931,1.9666349588127654,0.5833333333333334,56.0,0.05810658261179924,14.0,4.563233376792699,2.53,107.34404868638842,8.402251963436775,1.175756570713504,1.3226257125544643,0.4375,35.0,0.015756089240312576,12.0,4.743083003952569,
EN_001_36__ES_001_36,test,true,1,1,2.297,172.7863158913124,36.95947546325366,9.050042284999217,3.8605914918140027,0.6666666666666666,48.0,0.029000915586948395,7.0,3.04745319982586,2.14,183.67690312386864,30.078815526841232,10.270042284999217,3.0528383878322516,0.6716417910447762,45.0,0.018715832382440567,5.0,2.336448598130841,
EN_001_37__ES_001_37,test,true,1,1,1.243,125.59567998500917,18.741269785837677,3.7409513759083084,2.702004153638738,0.5641025641025641,22.0,0.02841518260538578,6.0,4.827031375703942,1.72,183.03685163475393,2.242254024026209,10.464327999284933,0.20995626366712752,0.12962962962962962,7.0,0.02076422981917858,5.0,2.9069767441860463,
EN_001_38__ES_001_38,test,true,1,1,1.648,124.2714629181455,6.354703407657741,3.7389311738881066,0.8962197702255906,0.5192307692307693,27.0,0.009269527159631252,7.0,4.247572815533981,2.2,117.71759555749945,15.060511449666533,2.693375618332551,2.085135220768401,0.8695652173913043,60.0,0.00924178957939148,7.0,3.1818181818181817,
EN_001_39__ES_001_39,test,true,1,1,1.054,nan,nan,nan,nan,0.0,0.0,0.008982072584331036,5.0,4.743833017077798,1.23,112.38647649998676,10.450490110815597,1.9538884388453714,1.4960154177606306,0.6666666666666666,26.0,0.006018401123583317,3.0,2.4390243902439024,
EN_001_3__ES_001_3,test,true,1,1,1.96,118.26921302844316,7.644458760613956,2.866042284999218,1.181416099433219,0.4032258064516129,25.0,0.011018662713468075,4.0,2.0408163265306123,1.66,128.5095542055828,27.672104956300345,4.024552088920786,3.129921576243292,0.9807692307692307,51.0,0.016233306378126144,5.0,3.0120481927710845,
EN_001_40__ES_001_40,train,true,2,2,0.446,nan,nan,nan,nan,0.0,0.0,0.009256397373974323,1.0,2.242152466367713,0.73,109.06460495741293,8.535231332050046,1.450042284999218,1.3382485161243751,0.4782608695652174,11.0,0.002359282923862338,1.0,1.36986301369863,
EN_001_41__ES_001_41,train,true,2,2,3.122,132.96648665308936,14.365103169115558,4.829671914628848,1.8994521266260718,0.5510204081632653,54.0,0.013922074809670448,11.0,3.5233824471492636,3.82,113.29213482187167,3.9607792873480347,2.150042284999219,0.6031169040907404,0.26666666666666666,32.0,0.01032616663724184,12.0,3.141361256544503,
EN_001_42__ES_001_42,test,true,1,1,3.122,130.69067636898623,23.51209564389806,4.345875618332552,3.183483307985487,0.24489795918367346,24.0,0.008490676991641521,8.0,2.5624599615631007,2.5,136.30747150408632,25.706382471084797,5.05735935816995,3.2391951909124685,0.5189873417721519,41.0,0.011363785713911057,7.0,2.8,
EN_001_4__ES_001_4,train,true,2,2,1.203,153.1317099721236,7.4191573633761605,7.357734592691527,0.8147312331367436,0.34210526315789475,13.0,0.012621461413800716,4.0,3.3250207813798833,0.92,nan,nan,nan,nan,0.0,0.0,0.00912042148411274,4.0,4.3478260869565215,
EN_001_5__ES_001_5,test,true,1,1,5.77,136.100161136123,21.834921664815298,5.120412655369588,2.7108581140807875,0.14917127071823205,27.0,0.010794912464916706,7.0,1.2131715771230505,3.27,180.13056818943315,76.1550140992588,8.975042284999217,6.134618298367607,0.34951456310679613,36.0,0.0167807936668396,3.0,0.9174311926605504,
EN_001_6__ES_001_6,test,true,1,1,2.027,157.69881818108186,11.52957131900266,7.836249181550943,1.3377088333083023,0.453125,29.0,0.016745256260037422,9.0,4.440059200789343,1.54,183.4293325979501,20.343542747285817,10.395203575321798,1.9367146624278055,0.6326530612244898,31.0,0.026900941506028175,5.0,3.2467532467532467,
EN_001_8__ES_001_8,test,true,1,1,1.959,119.01167382628915,9.938813053611366,2.953268091450832,1.4385216136306098,0.5,31.0,0.01575622148811817,7.0,3.5732516590096988,1.74,130.54825550650295,15.801077503607214,4.4849260059294505,2.1373623955087706,0.7818181818181819,43.0,0.01676800474524498,7.0,4.022988505747127,
EN_002_10__ES_002_10,train,true,2,2,0.65,103.16378161100901,5.958522945406293,0.5111533961103285,0.9793075154804767,0.8571428571428571,18.0,0.00950242392718792,3.0,4.615384615384615,0.78,104.85466732638444,8.817446627291488,0.7611533961103285,1.425906685776882,0.72,18.0,0.008838273584842682,2.0,2.564102564102564,
EN_002_11__ES_002_11,train,true,2,2,3.94,112.4944228052702,7.824983083903542,1.9967814154340005,1.1954125253903412,0.7419354838709677,92.0,0.010309006087481976,10.0,2.5380710659898478,4.09,106.13624423516833,7.507229923074948,0.988244532190229,1.2132698522492729,0.6953125,89.0,0.0052955723367631435,8.0,1.9559902200488999,
EN_002_12__ES_002_12,train,true,2,2,2.48,109.52688270881103,6.6222010858870926,1.5442451835499427,1.0353021064335768,0.8846153846153846,69.0,0.012257863767445087,16.0,6.451612903225807,2.92,108.9109691190266,12.750102317779241,1.3688828647093632,1.9030315526882893,0.75,69.0,0.005121646914631128,13.0,4.452054794520548,
EN_002_13__ES_002_13,train,true,3,3,1.4,224.41190425559668,18.355854785916325,13.931860466817401,1.489041698228549,0.75,33.0,0.007818815298378468,3.0,2.142857142857143,1.86,227.57921970833783,16.799005548815003,14.186998806738348,1.3240843752919413,0.7796610169491526,46.0,0.003922461066395044,2.0,1.075268817204301,
EN_002_14__ES_002_14,train,true,3,3,1.62,233.44628135242587,30.431436596152516,14.538931173888106,2.1551975647744865,0.7058823529411765,36.0,0.00842980295419693,5.0,3.0864197530864197,1.62,235.7539056454294,21.69869713809964,14.775042284999216,1.577247074282699,0.47058823529411764,24.0,0.006114814430475235,7.0,4.320987654320987,
EN_002_15__ES_002_15,train,true,2,2,1.16,113.29453554463917,10.985912627919287,2.077820062776995,1.7051573910918203,0.4864864864864865,18.0,0.009826493449509144,5.0,4.310344827586207,1.53,99.81790927203065,21.94632500126887,-0.5199577150007825,4.270433233291441,0.8333333333333334,40.0,0.006280011031776667,5.0,3.2679738562091503,
EN_002_16__ES_002_16,train,true,3,3,1.11,247.01090635108702,49.076600923135544,15.331860466817398,3.298985569099078,0.6285714285714286,22.0,0.0071553937159478664,5.0,4.504504504504504,1.36,209.20004919644416,15.698548401952287,12.729208951665887,1.3121163460438852,0.5581395348837209,24.0,0.008812904357910156,5.0,3.676470588235294,
EN_002_17__ES_002_17,train,true,2,2,0.76,nan,nan,nan,nan,0.0,0.0,0.0048544821329414845,1.0,1.3157894736842106,0.75,101.96787374457263,6.237746958592247,0.30458773954467194,1.0688682513962957,0.4583333333333333,11.0,0.004618985578417778,2.0,2.6666666666666665,
EN_002_18__ES_002_18,train,true,2,2,0.947,133.98975176887242,13.28827579040801,4.975042284999218,1.7972780345103352,0.4,12.0,0.00808598194271326,4.0,4.223864836325238,1.01,124.62912160921385,9.553869746583997,3.7611533961103287,1.3217085837078129,0.84375,27.0,0.008086060173809528,4.0,3.9603960396039604,
EN_002_1__ES_002_1,train,true,2,2,1.1,108.79809420299414,16.70192287086379,1.2018941368510694,3.17307776402827,0.7714285714285715,27.0,0.016071867197752,8.0,7.2727272727272725,1.03,139.59404646447416,31.400610168175376,5.40189413685107,3.4524677562117443,0.8181818181818182,27.0,0.006877664942294359,5.0,4.854368932038835,
EN_002_20__ES_002_20,train,true,2,2,1.48,102.88839501911256,7.503518006963652,0.44670895166588415,1.268984721035767,0.6382978723404256,30.0,0.006405772175639868,3.0,2.027027027027027,1.33,108.74095067799006,3.3680807493369085,1.4423499773069108,0.5406001486404342,0.6190476190476191,26.0,0.0065172649919986725,3.0,2.255639097744361,
EN_002_21__ES_002_21,train,true,2,2,1.14,105.099674574764,2.5660715873647404,0.8559246379403946,0.4235294117647055,0.4722222222222222,17.0,0.013298346661031246,3.0,2.6315789473684212,1.09,104.54970559835897,3.7870362033292655,0.7591331940901267,0.6178475031834986,0.6285714285714286,22.0,0.007419991306960583,4.0,3.6697247706422016,
EN_002_22__ES_002_22,train,true,3,3,1.25,234.59185682076821,26.85511845976886,14.65004228499922,1.9604921350938154,0.85,34.0,0.01110557746142149,1.0,0.8,1.05,232.45352009722555,26.94218106404123,14.490042284999218,1.9671637789806249,0.9090909090909091,30.0,0.009171746671199799,1.0,0.9523809523809523,
EN_002_23__ES_002_23,train,true,2,2,1.92,108.69643932522578,7.218554273454893,1.4060422849992178,1.1373935114989888,0.819672131147541,50.0,0.009301647543907166,8.0,4.166666666666667,3.44,103.30498901239906,4.752704452380356,0.5444084821823164,0.8031430027093751,0.6574074074074074,71.0,0.006206752732396126,12.0,3.488372093023256,
EN_002_24__ES_002_24,train,true,3,3,0.74,247.09691764836123,25.620634145157975,15.575042284999217,1.6909686573085854,0.6666666666666666,16.0,0.00360981747508049,1.0,1.3513513513513513,0.46,249.6607696306405,29.31230417919713,15.735756570713503,1.833364254532066,0.9333333333333333,14.0,0.006216998677700758,1.0,2.1739130434782608,
EN_002_25__ES_002_25,train,true,3,3,1.35,216.92242151243278,53.04740536471311,12.637221772178707,5.693864420998048,0.9069767441860465,39.0,0.012231244705617428,4.0,2.962962962962963,1.42,225.34985231276153,14.628076790918579,14.028830163787095,1.139845171771435,0.7333333333333333,33.0,0.007929534651339054,4.0,2.8169014084507045,
EN_002_26__ES_002_26,train,true,3,3,0.97,214.2132050359297,5.920047639181257,13.181860466817398,0.4837226512225625,0.7096774193548387,22.0,0.004839814733713865,3.0,3.0927835051546393,1.54,218.7514269290501,7.5474811868056175,13.541218755587453,0.5967399902109415,0.6938775510204082,34.0,0.006966995541006327,4.0,2.5974025974025974,
EN_002_27__ES_002_27,train,true,2,2,1.05,128.1451968742391,19.253911192452527,4.106042284999218,2.524611653304326,0.7575757575757576,25.0,0.010272406972944736,5.0,4.761904761904762,1.17,124.73549038853291,12.566879990520773,3.7417089516658844,1.699244112997175,0.6486486486486487,24.0,0.0076138852164149284,5.0,4.273504273504273,
EN_002_28__ES_002_28,train,true,2,2,1.87,107.44720181027739,8.787804557978195,1.1827695577264903,1.4709371836849827,0.9322033898305084,55.0,0.013992617838084698,7.0,3.7433155080213902,2.31,119.97588576048496,16.172060073493085,3.0000422849992177,2.2859040099831716,0.5753424657534246,42.0,0.007685656193643808,5.0,2.1645021645021645,
EN_002_29__ES_002_29,train,true,2,2,1.04,140.94597766974022,28.598698593586306,5.5950422849992165,3.443613654288181,0.6060606060606061,20.0,0.01136656105518341,2.0,1.923076923076923,1.29,128.13156341759617,35.98027950907076,3.6971011085286305,4.374541004098576,0.4146341463414634,17.0,0.005991972982883453,2.0,1.5503875968992247,
EN_002_2__ES_002_2,train,true,3,3,0.73,301.8237997919677,84.71037752438613,18.506564024129656,4.5116107301009665,1.0,23.0,0.010734567418694496,1.0,1.36986301369863,0.6,322.3750877824892,50.072981185234845,20.057185142142078,2.6775426595812712,0.7368421052631579,14.0,0.016250088810920715,1.0,1.6666666666666667,
EN_002_30__ES_002_30,train,true,3,3,0.72,264.56253202055825,57.9411650313936,16.456708951665885,3.5919292247419854,0.6521739130434783,15.0,0.0041543059051036835,1.0,1.3888888888888888,0.8,228.9368103495448,17.2628712208904,14.292899427856364,1.2511219454749325,0.5384615384615384,14.0,0.003567100502550602,1.0,1.25,
EN_002_31__ES_002_31,train,true,2,2,1.49,104.75708032063912,5.772285010570507,0.7782474132043459,0.9551342281689289,0.8297872340425532,39.0,0.0112445168197155,7.0,4.697986577181208,2.18,103.61330428220546,7.836068556808649,0.5663688156114629,1.2865627262126789,0.7101449275362319,49.0,0.006683564279228449,7.0,3.2110091743119265,
EN_002_32__ES_002_32,train,true,3,3,1.75,208.66659894415093,7.2606124522118485,12.724235833386315,0.5885837249267932,0.5636363636363636,31.0,0.006402577739208937,2.0,1.1428571428571428,1.88,210.3306221380537,21.115299399497342,12.790042284999219,1.6568817528288318,0.5932203389830508,35.0,0.00472836010158062,2.0,1.0638297872340425,
EN_002_33__ES_002_33,train,true,3,3,1.49,227.09355641933234,33.32370720303879,14.030042284999219,2.3662065280387803,0.6382978723404256,30.0,0.005606646649539471,3.0,2.0134228187919465,1.27,236.35305320289729,38.20234974960888,14.675042284999215,2.7069227095644157,0.9,36.0,0.007133804261684418,3.0,2.3622047244094486,
EN_002_34__ES_002_34,train,true,2,2,2.98,108.15095897474644,11.867649245055702,1.2614346900625093,1.7773531267470477,0.8404255319148937,79.0,0.008538133464753628,11.0,3.691275167785235,3.0,107.07216410045282,11.320404856461002,1.0924665274234606,1.7426956310390547,0.7021276595744681,66.0,0.005426027812063694,10.0,3.3333333333333335,
EN_002_35__ES_002_35,train,true,3,3,1.38,230.94093016259538,27.232921547921976,14.377315012271945,1.947846165177218,0.75,33.0,0.004794430918991566,3.0,2.173913043478261,1.77,234.54767926599672,23.586453802048958,14.671610912450197,1.732878566906295,0.9107142857142857,51.0,0.004597564693540335,5.0,2.824858757062147,
EN_002_36__ES_002_36,train,true,2,2,2.17,116.63539293293556,19.117702042469073,2.4435205458687825,2.728863609151893,0.6764705882352942,46.0,0.009024910628795624,9.0,4.147465437788019,2.54,116.8441587684197,14.157120619246351,2.573678648635582,2.027444754217721,0.6875,55.0,0.004958379548043013,9.0,3.543307086614173,
EN_002_37__ES_002_37,train,true,3,3,0.69,250.80276848344957,3.723995537171377,15.916708951665882,0.2592724864350669,0.5454545454545454,12.0,0.01375508215278387,2.0,2.8985507246376816,0.61,252.91319525052285,10.151614275108752,16.05004228499922,0.6844129255293017,0.95,19.0,0.004922499414533377,2.0,3.278688524590164,
EN_002_38__ES_002_38,train,true,3,3,1.23,240.46299603084816,36.70669636644261,14.980345315302248,2.716781166780394,0.8461538461538461,33.0,0.012070562690496445,5.0,4.065040650406504,1.6,269.2210535868741,26.83420948797414,17.047011981968915,1.9109706955057497,0.6470588235294118,33.0,0.006174369249492884,6.0,3.75,
EN_002_39__ES_002_39,train,true,2,2,1.63,103.29679979806241,8.829452012923102,0.5023150122719452,1.4130059248996987,0.8627450980392157,44.0,0.0093300836160779,6.0,3.6809815950920246,2.0,112.14199202795785,15.905819719176174,1.7739553284774794,2.8322816722034254,0.7301587301587301,46.0,0.0071673085913062096,5.0,2.5,
EN_002_3__ES_002_3,train,true,3,3,1.25,265.6538196132865,6.772754817106991,16.908865814410976,0.44597391578881956,0.85,34.0,0.008142279461026192,5.0,4.0,1.08,251.85523332386907,12.250273785231617,15.971470856427791,0.8173813338325988,0.8235294117647058,28.0,0.010618646629154682,4.0,3.7037037037037033,
EN_002_40__ES_002_40,train,true,2,2,1.65,111.65534247444454,8.071683557618655,1.864327999284932,1.232220494448447,0.40384615384615385,21.0,0.007135589607059956,6.0,3.6363636363636367,1.77,117.90001772259413,14.61031290681251,2.7181273913821955,2.144672407953661,0.8392857142857143,47.0,0.008942803367972374,6.0,3.389830508474576,
EN_002_41__ES_002_41,train,true,3,3,2.82,216.88189775095367,18.50259854369121,13.343285528242461,1.418157453336669,0.8314606741573034,74.0,0.009664236567914486,11.0,3.900709219858156,2.33,221.4897034791776,14.556589446556984,13.7294540497051,1.1388279350911372,0.9315068493150684,68.0,0.0054741729982197285,8.0,3.4334763948497855,
EN_002_42__ES_002_42,train,true,2,2,2.72,104.85036236068434,9.440684621452679,0.7514708564277895,1.5334827640880422,0.813953488372093,70.0,0.011887031607329845,12.0,4.411764705882352,4.03,113.4946383834549,9.195132771906366,2.1351300042974635,1.3944270316840854,0.9047619047619048,114.0,0.012520328164100647,13.0,3.225806451612903,
EN_002_43__ES_002_43,train,true,3,3,0.58,211.24971422485012,25.990803540058693,12.827820062776993,1.9881749184045252,0.47368421052631576,9.0,0.00760491332039237,2.0,3.4482758620689657,0.5,207.4610435914731,7.6577904174257245,12.62276955772649,0.6195172740873027,0.6875,11.0,0.005422709509730339,2.0,4.0,
EN_002_4__ES_002_4,train,true,2,2,1.26,161.11654045609976,48.21952157594068,7.271917284999219,6.254235283739731,0.8,32.0,0.013770702295005322,6.0,4.761904761904762,1.28,nan,nan,nan,nan,0.0,0.0,0.011472106911242008,6.0,4.6875,
EN_002_5__ES_002_5,train,true,3,3,0.99,217.29528873937247,19.918240380811607,13.366708951665885,1.5298874323150562,0.7741935483870968,24.0,0.006262989714741707,2.0,2.0202020202020203,1.11,213.1480942056692,16.499820655340404,13.053268091450832,1.2842680533605186,0.8857142857142857,31.0,0.006347181741148233,2.0,1.8018018018018016,
EN_002_6__ES_002_6,train,true,2,2,1.87,104.68734307516911,13.118124158596787,0.6354968304537633,2.431790823975254,0.9322033898305084,55.0,0.018760308623313904,9.0,4.81283422459893,1.63,110.96818994032621,17.488520614455894,1.5255978405547739,3.2967428744515264,0.8823529411764706,45.0,0.012729691341519356,8.0,4.9079754601226995,
EN_002_7__ES_002_7,train,true,3,3,2.2,232.10487954020357,26.277262721678117,14.475904353964735,1.8364659037013968,0.8405797101449275,58.0,0.010114421136677265,10.0,4.545454545454545,2.25,244.4403109037641,27.884997944296703,15.366708951665885,1.9038703270501967,0.8450704225352113,60.0,0.005915207322686911,8.0,3.5555555555555554,
EN_002_8__ES_002_8,train,true,2,2,2.77,113.66797117943125,10.094058757943639,2.1500422849992185,1.5315025301970606,0.45977011494252873,40.0,0.010038875043392181,8.0,2.888086642599278,1.56,116.95883266511925,17.113470509956965,2.5177842204830894,2.6279376308176,0.6326530612244898,31.0,0.007676125969737768,6.0,3.846153846153846,
EN_002_9__ES_002_9,train,true,3,3,1.44,221.4310378023115,27.85898409342383,13.633826068783003,2.076836668552715,0.8043478260869565,37.0,0.004971937742084265,8.0,5.555555555555555,1.11,220.38031960073795,44.01413608295556,13.358375618332552,3.272984961095232,0.34285714285714286,12.0,0.005965591408312321,6.0,5.405405405405405,
EN_003_10__ES_003_10,train,true,5,5,1.82,131.56907506668315,9.446281149668083,4.704587739544672,1.256881882324549,0.7719298245614035,44.0,0.016457589343190193,6.0,3.2967032967032965,2.34,120.82770625463465,17.03584888541749,3.038277579116865,3.1093563459039477,0.6891891891891891,51.0,0.007153094746172428,4.0,1.7094017094017095,
EN_003_11__ES_003_11,train,true,5,5,0.98,nan,nan,nan,nan,0.0,0.0,0.008279207162559032,1.0,1.0204081632653061,0.95,809.3076352495276,4.036743776650856,36.20004228499922,0.0866025403784451,0.13333333333333333,4.0,0.0036722354125231504,1.0,1.0526315789473684,
EN_003_12__ES_003_12,train,true,5,5,1.56,133.95015082930846,19.264661280191227,4.890042284999217,2.399388811065574,0.9183673469387755,45.0,0.02260870859026909,4.0,2.564102564102564,1.05,122.98782340377328,9.984501778472493,3.5250422849992185,1.4072833504917999,0.8484848484848485,28.0,0.007475641556084156,3.0,2.857142857142857,
EN_003_13__ES_003_13,train,true,5,5,1.88,118.49291361254144,6.534620045565642,2.911153396110329,0.958957123875775,0.6101694915254238,36.0,0.007613615598529577,4.0,2.127659574468085,3.56,109.89247612934783,6.155534028340066,1.606621232367639,0.9521907601774512,0.6785714285714286,76.0,0.0027714932803064585,8.0,2.247191011235955,
EN_003_14__ES_003_14,train,true,5,5,2.41,127.26015848059677,17.931588384408272,4.010387112585424,2.344835826557529,0.7631578947368421,58.0,0.012533588334918022,7.0,2.904564315352697,2.75,133.05146811111067,21.721479865185277,4.733715754386973,2.63789858686839,0.5697674418604651,49.0,0.0036957592237740755,5.0,1.8181818181818181,
EN_003_15__ES_003_15,train,true,5,5,4.3,154.86929060875786,30.921504161772667,7.241440134461585,3.3579837753128277,0.6888888888888889,93.0,0.00804491713643074,14.0,3.255813953488372,3.23,145.3213142268385,22.984166499578755,6.279074543063734,2.5053311177790665,0.9207920792079208,93.0,0.007577921263873577,9.0,2.7863777089783284,
EN_003_16__ES_003_16,train,true,5,5,1.35,119.54230537607573,34.89084353687246,2.2167089516658844,5.730942654023306,0.627906976744186,27.0,0.012242824770510197,4.0,2.962962962962963,0.95,145.9681042511787,12.218418294673969,6.485756570713504,1.4748400120774086,0.4666666666666667,14.0,0.01066113356500864,3.0,3.1578947368421053,
EN_003_17__ES_003_17,train,true,5,5,1.88,129.2661777432995,19.112800680147206,4.258375618332551,2.5280784314485887,0.8135593220338984,48.0,0.016863973811268806,8.0,4.25531914893617,2.77,142.3216769050577,23.170843172198925,5.912361125578928,2.5297706517616567,0.7931034482758621,69.0,0.011999072507023811,9.0,3.2490974729241877,
EN_003_18__ES_003_18,train,true,3,3,0.87,nan,nan,nan,nan,0.0,0.0,0.0020275027491152287,1.0,1.1494252873563218,0.93,nan,nan,nan,nan,0.0,0.0,0.0014212148962542415,1.0,1.075268817204301,
EN_003_19__ES_003_19,train,true,5,5,1.56,1818.6438274730092,17.275829077429588,50.21670895166588,0.16499158227686106,0.24489795918367346,12.0,0.0029210259672254324,2.0,1.282051282051282,0.92,66.0482460993831,1.1093539777832355,-7.183291048334116,0.28674417556808673,0.20689655172413793,6.0,0.0038182297721505165,1.0,1.0869565217391304,
EN_003_1__ES_003_1,train,true,5,5,1.14,171.57783376581568,13.371028982459901,9.290783025739959,1.4069297435035655,0.75,27.0,0.008955742232501507,4.0,3.5087719298245617,1.25,144.1296527684302,54.12647104542441,4.653613713570645,8.18886361132593,0.7,28.0,0.007472620345652103,5.0,4.0,
EN_003_20__ES_003_20,train,true,5,5,0.86,112.24283334850357,3.0907908978826426,1.9928994278563608,0.47766438563715563,0.5185185185185185,14.0,0.004108671564608812,5.0,5.813953488372093,1.28,nan,nan,nan,nan,0.0,0.0,0.0021808058954775333,5.0,3.90625,
EN_003_21__ES_003_21,train,true,5,5,1.87,123.01073112358392,9.38560532414876,3.536528771485704,1.292004970738108,0.6271186440677966,37.0,0.005698878318071365,4.0,2.13903743315508,1.38,124.47538623803683,3.5045600826706256,3.7833756183325513,0.492160768674446,0.20454545454545456,9.0,0.0027492272201925516,3.0,2.173913043478261,
EN_003_22__ES_003_22,train,true,3,3,3.11,187.77398763467443,20.041496950582342,10.810042284999218,1.838460894753669,0.6632653061224489,65.0,0.004419902339577675,14.0,4.501607717041801,2.59,178.55068818635132,19.348629629476243,9.938774679365416,1.814848714897385,0.8765432098765432,71.0,0.005506505258381367,10.0,3.8610038610038613,
EN_003_23__ES_003_23,train,true,5,5,1.4,161.11413380017368,33.14337801044321,7.924116359073293,3.3219352450478032,0.6136363636363636,27.0,0.006700270343571901,5.0,3.5714285714285716,1.26,149.92521567445283,23.1178978428719,6.820042284999219,2.5223203603031874,0.75,30.0,0.004540921188890934,3.0,2.380952380952381,
EN_003_24__ES_003_24,train,true,3,3,1.45,198.7499527241389,6.9041185282586035,11.881292284999219,0.5891930392494469,0.34782608695652173,16.0,0.004299686755985022,4.0,2.7586206896551726,1.23,208.41623170852233,6.7090386667972695,12.704587739544673,0.559811066121478,0.28205128205128205,11.0,0.003635233035311103,4.0,3.252032520325203,
EN_003_25__ES_003_25,train,true,5,5,0.69,148.09982422025118,11.133073959591988,6.750042284999218,1.2992305415129373,0.45454545454545453,10.0,0.0051647573709487915,1.0,1.4492753623188408,1.11,275.0522677785469,44.643739288567346,17.32063052029334,2.5139059615250123,0.4857142857142857,17.0,0.0015109176747500896,2.0,1.8018018018018016,
EN_003_26__ES_003_26,train,true,5,5,0.85,175.27316282229273,21.39905598646323,9.581860466817401,2.168448620901035,0.8148148148148148,22.0,0.0064382958225905895,2.0,2.3529411764705883,1.06,221.881701179557,14.143082776333072,13.762542284999219,1.0989815360899684,0.7058823529411765,24.0,0.004830003250390291,3.0,2.830188679245283,
EN_003_27__ES_003_27,train,true,5,5,1.66,183.87896441226562,21.1307606796373,10.440739959417824,1.8629576326791175,0.8269230769230769,43.0,0.012136801145970821,9.0,5.421686746987952,1.18,233.41683120484043,30.192452698295035,14.523571696763923,2.314062994659522,0.918918918918919,34.0,0.009203175082802773,7.0,5.932203389830509,
EN_003_28__ES_003_28,train,true,3,3,1.2,306.5968202765417,67.44307209216396,19.02147085642779,3.497909968775621,0.5526315789473685,21.0,0.003971210215240717,3.0,2.5,0.8,284.92723295219275,64.22032930706317,17.70656402412965,3.7749547750768135,0.8846153846153846,23.0,0.008394808508455753,3.0,3.75,
EN_003_29__ES_003_29,train,true,3,3,1.43,226.64602509637405,39.999275317025365,13.915895943535805,2.8847462378228284,0.9111111111111111,41.0,0.004172873217612505,6.0,4.195804195804196,1.19,222.6599369743289,41.148800076381136,13.601655188225024,2.8809576104798724,0.8157894736842105,31.0,0.0027850710321217775,6.0,5.042016806722689,
EN_003_2__ES_003_2,train,true,5,5,1.68,121.08869742315355,16.363556952216857,3.1765128732345116,2.1024228073581335,0.6415094339622641,34.0,0.003892863169312477,7.0,4.166666666666667,1.31,108.20757495667019,5.390019152181564,1.3437922849992177,0.872832135923053,0.3902439024390244,16.0,0.002622944302856922,5.0,3.8167938931297707,
EN_003_30__ES_003_30,train,true,5,5,0.81,nan,nan,nan,nan,0.0,0.0,0.0030047637410461903,1.0,1.2345679012345678,1.57,nan,nan,nan,nan,0.0,0.0,0.0012408205075189471,2.0,1.2738853503184713,
EN_003_31__ES_003_31,train,true,5,5,1.35,165.2081033443303,51.2644587025135,7.985336402646277,4.742168922546455,0.7906976744186046,34.0,0.012463493272662163,6.0,4.444444444444444,1.48,135.02936183831292,28.614661386211914,4.8767089516658855,3.194954355438169,0.9574468085106383,45.0,0.005500155966728926,5.0,3.3783783783783785,
EN_003_32__ES_003_32,train,true,5,5,1.03,nan,nan,nan,nan,0.0,0.0,0.005908654071390629,4.0,3.883495145631068,1.46,126.35645041152084,22.739824314863252,3.8042089516658844,2.8211964315792613,0.5217391304347826,24.0,0.002531882142648101,3.0,2.0547945205479454,
EN_003_33__ES_003_33,train,true,5,5,1.48,126.92466712441741,7.310072735570691,4.098879494301543,0.999155944488229,0.9148936170212766,43.0,0.01189738791435957,9.0,6.081081081081082,1.565,123.25439573267876,6.402442734636765,3.596708951665885,0.8878438301112801,0.9183673469387755,45.0,0.005386692937463522,7.0,4.472843450479234,
EN_003_34__ES_003_34,train,true,5,5,1.99,104.45075855267268,14.398822700436682,0.5597197043540568,2.710119011636214,0.49206349206349204,31.0,0.0034174707252532244,9.0,4.522613065326633,2.13,110.24258642713016,5.679976908171794,1.6654269003838336,0.8856515670538002,0.582089552238806,39.0,0.0024594743736088276,12.0,5.633802816901409,
EN_003_35__ES_003_35,train,true,5,5,1.07,138.61443690033732,2.5318134961831316,5.650042284999217,0.3162277660168381,0.3235294117647059,11.0,0.009026044979691505,5.0,4.672897196261682,1.09,143.34402093376104,13.816370119615536,6.153888438845371,1.660973016321079,0.7428571428571429,26.0,0.005643289536237717,4.0,3.6697247706422016,
EN_003_36__ES_003_36,train,true,5,5,2.26,122.86838059419279,8.878730738913127,3.5204126553695883,1.2462729071604204,0.7605633802816901,54.0,0.006700290832668543,11.0,4.867256637168142,2.21,129.76613794200895,14.484035684750081,4.4018941368510704,1.9482889682945013,0.7714285714285715,54.0,0.005625123158097267,13.0,5.882352941176471,
EN_003_37__ES_003_37,train,true,5,5,1.77,315.60797903351005,37.030637753949804,19.773851808808743,2.0902049937984017,0.75,42.0,0.010215885005891323,6.0,3.389830508474576,1.74,306.2864856816509,35.95759987036112,19.25837561833255,2.0452010224479698,0.8727272727272727,48.0,0.004383161664009094,4.0,2.2988505747126435,
EN_003_38__ES_003_38,train,true,3,3,1.145,214.61480839320666,8.546662839543133,13.206708951665886,0.7107195102304581,0.8333333333333334,30.0,0.003558688797056675,5.0,4.366812227074235,1.48,nan,nan,nan,nan,0.0,0.0,0.0036395981442183256,5.0,3.3783783783783785,
EN_003_39__ES_003_39,train,true,3,3,2.17,199.08498951309105,8.61475119534815,11.904208951665884,0.7560749338230671,0.7058823529411765,48.0,0.002709563123062253,7.0,3.2258064516129035,2.14,185.0892546065978,9.993763983333407,10.633913252741152,0.9211132024554702,0.4626865671641791,31.0,0.002052956959232688,7.0,3.2710280373831773,
EN_003_3__ES_003_3,train,true,5,5,0.98,161.39035801860885,61.24954838041902,7.2500422849992185,5.698841987632224,0.8064516129032258,25.0,0.006676848977804184,4.0,4.081632653061225,0.66,131.4285979144703,3.525397079492488,4.725042284999217,0.4689083066016212,0.9523809523809523,20.0,0.009526684880256653,3.0,4.545454545454545,
EN_003_4__ES_003_4,train,true,5,5,2.24,129.4352902426958,11.946076044729741,4.399165092016762,1.497731946951268,0.8028169014084507,57.0,0.01240882184356451,11.0,4.910714285714286,1.87,121.5876573029794,7.0386872014249855,3.3544867294436616,1.0143318666996854,0.7627118644067796,45.0,0.008931768126785755,9.0,4.81283422459893,
EN_003_5__ES_003_5,train,true,5,5,2.43,120.90422160165541,7.232442520738108,3.2567089516658836,1.0026409571171973,0.39473684210526316,30.0,0.004017393104732037,12.0,4.938271604938271,2.59,112.29857550963085,6.811914842132955,1.9774616398379279,1.020463107208574,0.7654320987654321,62.0,0.004462399519979954,13.0,5.01930501930502,
EN_003_6__ES_003_6,train,true,5,5,1.72,122.97920454547801,12.156030221787002,3.495988230945163,1.7172565478495672,0.6851851851851852,37.0,0.007140802685171366,5.0,2.9069767441860463,1.25,112.43602237521213,23.376087918076156,1.5662585012154338,4.219806163955716,0.925,37.0,0.00868617370724678,3.0,2.4,
EN_003_7__ES_003_7,train,true,3,3,0.89,nan,nan,nan,nan,0.0,0.0,0.0023117694072425365,1.0,1.1235955056179776,0.79,185.59864074445886,8.935794602560964,10.685756570713504,0.8465114486249197,0.56,14.0,0.0020659349393099546,1.0,1.2658227848101264,
EN_003_8__ES_003_8,train,true,5,5,2.5,117.00688931536723,6.825286713658147,2.6900422849992167,1.000290866789165,0.6962025316455697,55.0,0.006129025015980005,8.0,3.2,2.92,138.18510398071004,47.73179863756311,4.757449692406625,5.122602487156954,0.5869565217391305,54.0,0.005039711482822895,9.0,3.0821917808219177,
EN_003_9__ES_003_9,train,true,5,5,1.58,166.66001998753856,53.54716081924155,8.078613713570647,4.9424442436957055,0.7,35.0,0.008319956250488758,6.0,3.7974683544303796,1.63,117.8312056230993,12.937848946263948,2.747603260608974,1.748098312365929,0.803921568627451,41.0,0.004126635380089283,8.0,4.9079754601226995,
EN_004_10__ES_004_10,train,true,7,7,2.24,98.94770573919071,7.059816341976077,-0.22614819119125856,1.2137720668995011,0.5915492957746479,42.0,0.005596841219812632,9.0,4.017857142857142,2.08,89.16116021741254,2.0361079165655394,-1.990698455741523,0.3974541755643355,0.4090909090909091,27.0,0.00535868713632226,11.0,5.288461538461538,
EN_004_11__ES_004_11,train,true,7,7,2.75,99.13300428418351,5.165955375330102,-0.17428203932510652,0.9029696967186166,0.43023255813953487,37.0,0.004633595701307058,13.0,4.7272727272727275,2.05,106.42333954537348,6.018902959770223,1.050042284999218,0.9803960784235298,0.26153846153846155,17.0,0.006985182408243418,10.0,4.878048780487806,
EN_004_12__ES_004_12,train,true,7,7,2.88,91.50428585373761,0.615743270359419,-1.5374577150007813,0.1165922381636102,0.08791208791208792,8.0,0.005390760488808155,11.0,3.8194444444444446,1.71,96.83601295597926,9.057993205003115,-0.6341682413165719,1.6480492959843345,0.35185185185185186,19.0,0.007951103150844574,12.0,7.017543859649123,
EN_004_13__ES_004_13,train,true,4,4,1.1,285.86134106526237,19.467409140165238,18.143375618332552,1.1848863049067424,0.8571428571428571,30.0,0.017076978459954262,4.0,3.6363636363636362,1.29,280.13621124533756,20.51785766659104,17.787973319481974,1.2504933628037256,0.7073170731707317,29.0,0.01256541907787323,4.0,3.1007751937984493,
EN_004_14__ES_004_14,train,true,7,7,0.45,nan,nan,nan,nan,0.0,0.0,0.0023752241395413876,1.0,2.2222222222222223,0.36,92.6539214942982,2.0128625491733674,-1.3249577150007816,0.3733296130767016,0.6666666666666666,8.0,0.0023382094223052263,1.0,2.7777777777777777,
EN_004_15__ES_004_15,train,true,4,4,0.8,246.08056427089514,16.03664445254547,15.555597840554775,1.0643058364869786,0.6923076923076923,18.0,0.005322529003024101,2.0,2.5,0.65,243.05271095614958,11.707675725345586,15.355597840554774,0.8202115053937289,0.8571428571428571,18.0,0.009173653088510036,2.0,3.0769230769230766,
EN_004_16__ES_004_16,train,true,4,4,1.05,256.15235650054086,52.247174958806205,15.983375618332552,3.0841890704401087,0.7272727272727273,24.0,0.011348143219947815,6.0,5.714285714285714,0.92,231.63957435755387,27.789750857926112,14.427820062776997,1.954071406507038,0.6206896551724138,18.0,0.011059985496103764,5.0,5.434782608695652,
EN_004_17__ES_004_17,train,true,7,7,2.28,115.91388424999951,11.198281865698558,2.4695544801211695,1.7698311221895695,0.5694444444444444,41.0,0.005684561561793089,7.0,3.0701754385964914,1.16,136.12998591411377,18.90833860135253,5.1821851421420755,2.302646547442525,0.7567567567567568,28.0,0.012335880659520626,5.0,4.310344827586207,
EN_004_18__ES_004_18,train,true,7,7,3.33,111.40199579571907,19.15655902334234,1.6183349679260477,2.9380131850133546,0.780952380952381,82.0,0.006361688952893019,18.0,5.405405405405405,2.91,105.9549325783031,9.209865578906685,0.936088796627125,1.5051201598248185,0.4725274725274725,43.0,0.004600715357810259,16.0,5.498281786941581,
EN_004_19__ES_004_19,train,true,7,7,1.3,nan,nan,nan,nan,0.0,0.0,0.009643595665693283,4.0,3.0769230769230766,1.18,86.30748381947758,2.911859329458004,-2.559048624091691,0.5791130294048366,0.2972972972972973,11.0,0.009099711664021015,5.0,4.237288135593221,
EN_004_1__ES_004_1,train,true,7,7,0.89,103.2791355442785,7.329178428136215,0.514327999284932,1.2424670980737953,0.5,14.0,0.005734924226999283,1.0,1.1235955056179776,0.8,95.54659894828765,4.7734923736677075,-0.8099577150007816,0.8552192701290119,0.7692307692307693,20.0,0.005996379069983959,1.0,1.25,
EN_004_20__ES_004_20,train,true,7,7,2.17,nan,nan,nan,nan,0.0,0.0,0.0060845427215099335,6.0,2.7649769585253456,1.89,82.41747469954456,1.31235954803747,-3.34995771500078,0.27838821814150216,0.13333333333333333,8.0,0.0062630572356283665,4.0,2.1164021164021167,
EN_004_21__ES_004_21,train,true,7,7,1.58,89.10807257027955,2.9136607402381722,-2.0055132705563374,0.5566655577722374,0.54,27.0,0.0039100791327655315,5.0,3.1645569620253164,1.76,86.30438555351232,2.566728697263083,-2.5576500226930894,0.5180756381686988,0.23214285714285715,13.0,0.00356683530844748,6.0,3.409090909090909,
EN_004_22__ES_004_22,train,true,4,4,0.81,210.78074179152864,23.712955533898008,12.813200179736059,1.7598476388344988,0.7307692307692307,19.0,0.004175150766968727,1.0,1.2345679012345678,0.87,203.8003166763497,9.956733351011064,12.305597840554775,0.8341477501832656,0.32142857142857145,9.0,0.005255476571619511,3.0,3.4482758620689657,
EN_004_23__ES_004_23,train,true,4,4,1.26,521.3665503267787,300.6366945516513,26.05718514214207,9.036628976853377,0.7,28.0,0.010181623511016369,4.0,3.1746031746031744,1.14,320.73271104050974,95.73255002822576,19.56158074653768,4.3665095128081175,0.7222222222222222,26.0,0.01786760240793228,2.0,1.7543859649122808,
EN_004_24__ES_004_24,train,true,7,7,1.11,1766.1173457676534,4.994791903641909,49.710042284999226,0.04898979485566774,0.14285714285714285,5.0,0.005271006375551224,2.0,1.8018018018018016,0.79,nan,nan,nan,nan,0.0,0.0,0.007632352877408266,2.0,2.531645569620253,
EN_004_25__ES_004_25,train,true,4,4,0.65,nan,nan,nan,nan,0.0,0.0,0.0051964963786304,2.0,3.0769230769230766,0.63,242.5554743577026,12.44030815264481,15.316708951665882,0.896598510420851,0.6,12.0,0.00812828540802002,3.0,4.761904761904762,
EN_004_26__ES_004_26,train,true,4,4,1.09,332.14316518892974,39.33953994442617,20.65773459269153,2.0815901977765185,0.7428571428571429,26.0,0.015857525169849396,5.0,4.587155963302752,0.96,345.7181663605915,33.3440273530259,21.392147548157112,1.7079738040249481,0.6129032258064516,19.0,0.019483663141727448,4.0,4.166666666666667,
EN_004_27__ES_004_27,train,true,7,7,1.26,126.29029860074479,12.8686782789945,3.9406672849992175,1.9162723212985675,0.8,32.0,0.0060616666451096535,2.0,1.5873015873015872,1.14,129.94077008573842,3.6973354374720238,4.5269653619222945,0.5071092222722925,0.7222222222222222,26.0,0.011244664900004864,2.0,1.7543859649122808,
EN_004_28__ES_004_28,train,true,7,7,1.3,nan,nan,nan,nan,0.0,0.0,0.005270367953926325,5.0,3.846153846153846,0.95,85.18299489079925,9.901996151638443,-2.9099577150007816,2.2222511109233354,0.16666666666666666,5.0,0.012388014234602451,6.0,6.315789473684211,
EN_004_29__ES_004_29,train,true,7,7,1.07,nan,nan,nan,nan,0.0,0.0,0.005890918429940939,4.0,3.7383177570093458,1.23,128.99714533236076,15.968810755681464,4.284657669614603,2.0341209229035724,0.6666666666666666,26.0,0.009998810477554798,3.0,2.4390243902439024,
EN_004_2__ES_004_2,train,true,7,7,1.44,99.15072868459592,1.6101667024880761,-0.1499577150007833,0.2828427124746186,0.41304347826086957,19.0,0.0036922884173691273,6.0,4.166666666666667,1.78,90.74608201250491,2.7067340028214364,-1.6886673924201367,0.5090645559891317,0.5535714285714286,31.0,0.006687936373054981,8.0,4.49438202247191,
EN_004_30__ES_004_30,train,true,4,4,1.91,246.27378388377994,37.052263211612235,15.415496830453764,2.5240096658666795,0.9166666666666666,55.0,0.005387903656810522,5.0,2.617801047120419,2.0,248.06416105333682,30.861658696139042,15.598190433147368,2.1104449891258,0.8571428571428571,54.0,0.006372904404997826,4.0,2.0,
EN_004_31__ES_004_31,train,true,7,7,2.15,94.06121086569581,6.027124033562359,-1.091262062826869,1.0107199515275629,0.6764705882352942,46.0,0.004632490687072277,11.0,5.116279069767442,1.66,90.883060787378,6.014090134590128,-1.693860154025172,1.1672458266150059,0.7884615384615384,41.0,0.00580674409866333,11.0,6.626506024096386,
EN_004_32__ES_004_32,train,true,4,4,0.74,218.08672523465654,10.755759595217148,13.478613713570647,0.8281608177981225,0.875,21.0,0.005926827434450388,3.0,4.054054054054054,0.83,202.13545546857873,9.07799384362717,12.166708951665886,0.767571929311297,0.6923076923076923,18.0,0.011853190138936043,3.0,3.6144578313253013,
EN_004_33__ES_004_33,train,true,7,7,3.75,980.6218378329123,891.7481673236341,24.430477067607917,26.277396631401817,0.3898305084745763,46.0,0.00729547580704093,6.0,1.6,3.0,93.53303743792729,4.79174599877454,-1.180726945770013,0.904165246456314,0.4148936170212766,39.0,0.007729473989456892,6.0,2.0,
EN_004_34__ES_004_34,train,true,4,4,2.33,254.54335408726928,42.248908622209186,15.958375618332553,2.6770189680978267,0.821917808219178,60.0,0.009280969388782978,7.0,3.004291845493562,2.47,243.07540864491435,39.46013616006595,15.157315012271948,2.7381383553232954,0.7051282051282052,55.0,0.0176775474101305,5.0,2.0242914979757085,
EN_004_35__ES_004_35,train,true,7,7,1.48,150.07636232793845,28.682034788564838,6.691218755587451,3.4839225397496683,0.3617021276595745,17.0,0.010147515684366226,7.0,4.72972972972973,1.19,164.5764431459621,38.286614259270934,8.224235833386315,3.5973976025630137,0.8157894736842105,31.0,0.013569080270826817,5.0,4.201680672268908,
EN_004_36__ES_004_36,train,true,7,7,2.65,97.63805529175372,6.247145117291465,-0.44757676261982987,1.0684853755351196,0.5060240963855421,42.0,0.010126451030373573,9.0,3.3962264150943398,1.99,105.96934639347177,9.300247855487907,0.9385038234607559,1.495461576050614,0.8253968253968254,52.0,0.008990501053631306,10.0,5.025125628140704,
EN_004_37__ES_004_37,train,true,4,4,0.56,1914.3363929922307,79.80115094422494,51.090042284999214,0.7282856582413253,0.2777777777777778,5.0,0.005604867823421955,1.0,1.7857142857142856,0.58,nan,nan,nan,nan,0.0,0.0,0.009217855520546436,1.0,1.7241379310344829,
EN_004_38__ES_004_38,train,true,7,7,0.54,nan,nan,nan,nan,0.0,0.0,0.0051285214722156525,1.0,1.8518518518518516,0.58,nan,nan,nan,nan,0.0,0.0,0.006141412537544966,1.0,1.7241379310344829,
EN_004_39__ES_004_39,train,true,4,4,1.12,270.21668329785234,33.375638532031026,17.089172719781825,1.9942829441299539,0.6388888888888888,23.0,0.007809346541762352,3.0,2.6785714285714284,1.03,253.35940475724712,43.65446046937919,15.868792284999214,2.703058163913608,0.48484848484848486,16.0,0.010568900965154171,3.0,2.912621359223301,
EN_004_3__ES_004_3,train,true,4,4,0.78,78.36902421205178,10.00126130197769,-4.362457715000781,2.2290342639807044,0.32,8.0,0.00657089427113533,1.0,1.282051282051282,0.91,255.65916336503105,30.448298237199314,16.12004228499922,2.159189662813344,0.3448275862068966,10.0,0.006351857911795378,1.0,1.0989010989010988,
EN_004_40__ES_004_40,train,true,7,7,3.09,106.15604918076038,14.1342588698823,0.9000422849992181,2.0850088500440247,0.4329896907216495,42.0,0.01126931607723236,10.0,3.236245954692557,2.15,176.72074984461042,5.257644323790703,9.85004228499922,0.5126959555693249,0.10294117647058823,7.0,0.010339494794607162,9.0,4.186046511627907,
EN_004_41__ES_004_41,train,true,7,7,1.63,nan,nan,nan,nan,0.0,0.0,0.007073417771607637,7.0,4.294478527607362,1.56,nan,nan,nan,nan,0.0,0.0,0.010156633332371712,8.0,5.128205128205128,
EN_004_42__ES_004_42,train,true,4,4,2.45,252.44427701309164,47.11966956977851,15.744042284999217,3.1196416460869347,0.6493506493506493,50.0,0.010623015463352203,4.0,1.6326530612244896,2.07,249.96858071045324,45.19231871002873,15.588931173888106,3.0404322710860914,0.8307692307692308,54.0,0.018765894696116447,4.0,1.9323671497584543,
EN_004_43__ES_004_43,train,true,4,4,1.53,231.655479787725,18.688327007920858,14.488931173888107,1.368956978826049,0.75,36.0,0.006808392237871885,9.0,5.88235294117647,1.35,237.07159798065896,12.96298918284058,14.917542284999218,0.9590066475264921,0.9302325581395349,40.0,0.015306121669709682,9.0,6.666666666666666,
EN_004_44__ES_004_44,train,true,7,7,2.33,132.17190778946525,71.36744053815791,3.059133194090127,7.129446560881344,0.6027397260273972,44.0,0.005703742150217295,9.0,3.8626609442060085,2.28,100.2834395053516,5.814980004077816,0.0214708564277892,0.9640475896458849,0.6805555555555556,49.0,0.0063994997180998325,11.0,4.824561403508772,
EN_004_45__ES_004_45,train,true,4,4,1.01,213.35394971713905,15.520373689231626,13.075042284999219,1.220740895249001,0.75,24.0,0.005251786671578884,2.0,1.9801980198019802,1.09,228.11976019565955,37.81438950678904,14.05837561833255,2.696744436455846,0.6857142857142857,24.0,0.0069144428707659245,2.0,1.8348623853211008,
EN_004_46__ES_004_46,train,true,4,4,2.94,208.85126187312622,14.40174943437333,12.71115339611033,1.1381705051377102,0.782608695652174,72.0,0.005182642489671707,9.0,3.061224489795918,2.1,213.6591506814724,13.289715982676801,13.111059234151762,1.0576624287890954,0.8939393939393939,59.0,0.009994173422455788,8.0,3.8095238095238093,
EN_004_47__ES_004_47,train,true,7,7,0.65,nan,nan,nan,nan,0.0,0.0,0.0123149948194623,1.0,1.5384615384615383,0.47,nan,nan,nan,nan,0.0,0.0,0.008569683879613876,1.0,2.127659574468085,
EN_004_48__ES_004_48,train,true,7,7,2.17,144.06376115827433,4.905846254847711,6.310042284999219,0.607508573327709,0.22058823529411764,15.0,0.005858976859599352,5.0,2.3041474654377883,2.08,136.43305590025344,27.424939477699766,5.023726495525534,3.5217134145130573,0.5757575757575758,38.0,0.010299700312316418,5.0,2.4038461538461537,
EN_004_4__ES_004_4,train,true,7,7,2.05,92.86298152019512,2.2130473646852162,-1.2867998202639397,0.41194088272314794,0.2923076923076923,19.0,0.0036875770892947912,8.0,3.9024390243902443,2.13,96.23855123351885,4.769105811556357,-0.6849577150007824,0.8563147785715245,0.29850746268656714,20.0,0.01006899680942297,7.0,3.286384976525822,
EN_004_5__ES_004_5,train,true,7,7,3.22,95.0451471910588,10.117809454580703,-0.9708879475589214,1.744434090889674,0.42574257425742573,43.0,0.003734699683263898,18.0,5.590062111801242,2.92,92.97730450133761,2.8472584493846753,-1.2687077150007817,0.5299985259413462,0.34782608695652173,32.0,0.007989057339727879,17.0,5.821917808219178,
EN_004_6__ES_004_6,train,true,4,4,0.92,152.92849603228441,79.23894810706044,4.473119208076142,10.424760011711307,0.896551724137931,26.0,0.025459984317421913,2.0,2.1739130434782608,0.61,216.4770718034579,12.61097666707193,13.341708951665886,0.9953712316964405,0.6,12.0,0.008765185251832008,3.0,4.918032786885246,
EN_004_7__ES_004_7,train,true,7,7,0.84,89.53890859679049,2.804895845551756,-1.9213862864293534,0.5390846361175201,0.5185185185185185,14.0,0.00484240148216486,1.0,1.1904761904761905,0.7,nan,nan,nan,nan,0.0,0.0,0.003186364658176899,1.0,1.4285714285714286,
EN_004_8__ES_004_8,train,true,4,4,0.8,nan,nan,nan,nan,0.0,0.0,0.017919838428497314,2.0,2.5,0.74,229.18805633012468,28.687714001244665,14.22147085642779,2.181227888607886,0.5833333333333334,14.0,0.013965417630970478,2.0,2.7027027027027026,
EN_004_9__ES_004_9,train,true,7,7,0.51,91.57087333491125,0.6841246950125692,-1.5249577150007818,0.1299038105676662,0.25,4.0,0.006990702822804451,2.0,3.9215686274509802,0.42,nan,nan,nan,nan,0.0,0.0,0.0044027045369148254,1.0,2.380952380952381,
EN_005_10__ES_005_10,train,true,5,5,2.26,139.8378089234584,13.880825863539053,5.714625618332551,1.7975086443154846,0.676056338028169,48.0,0.007023315876722336,5.0,2.212389380530974,2.48,125.52724467311924,11.718083369354154,3.865831758683428,1.5331185364826625,0.7307692307692307,57.0,0.009520740248262882,5.0,2.0161290322580645,
EN_005_11__ES_005_11,train,true,5,5,2.26,123.87959169285533,9.829111397305512,3.6541239176522797,1.3483109893301155,0.6901408450704225,49.0,0.009746805764734745,6.0,2.6548672566371683,1.85,146.71786007642336,18.877962355509855,6.4889311738881075,2.279572463705409,0.9310344827586207,54.0,0.011297816410660744,8.0,4.324324324324324,
EN_005_12__ES_005_12,train,true,5,5,2.22,123.15019266721805,6.955345570204069,3.577820062776995,0.9671295188199153,0.2571428571428571,18.0,0.00557450857013464,7.0,3.153153153153153,2.26,128.43206292322827,6.1328776955256155,4.313931173888107,0.7764423058547153,0.5070422535211268,36.0,0.009218918159604073,7.0,3.097345132743363,
EN_005_13__ES_005_13,train,true,2,2,2.75,226.48596273367906,34.49413659807939,13.974717609674542,2.4152736848042724,0.8953488372093024,77.0,0.005866738967597485,8.0,2.909090909090909,2.91,220.0507175610942,28.856915951988015,13.514239815863418,2.168649158083922,0.8901098901098901,81.0,0.00757333729416132,9.0,3.092783505154639,
EN_005_14__ES_005_14,train,true,2,2,1.84,238.99683367073104,38.8902936602142,14.85396385362667,2.8251642870372122,0.8793103448275862,51.0,0.004096433520317078,6.0,3.260869565217391,1.49,213.36382896583316,59.03338755340821,12.18754228499922,6.206435671945695,0.5106382978723404,24.0,0.004999211058020592,5.0,3.3557046979865772,
EN_005_15__ES_005_15,train,true,5,5,1.12,123.33720919835953,13.209421304673581,3.540042284999217,1.7409480176042011,0.2777777777777778,10.0,0.003859902499243617,2.0,1.7857142857142856,1.0,120.2355561093805,2.1777988814907094,3.1875422849992177,0.31199959935871796,0.25,8.0,0.002542506903409958,2.0,2.0,
EN_005_16__ES_005_16,train,true,5,5,0.64,176.2964316136145,8.727560635675863,9.795496830453763,0.8370550501757894,0.5238095238095238,11.0,0.00772835873067379,2.0,3.125,0.68,131.18701744422026,3.9207472387382425,4.691708951665884,0.5203497755249725,0.5454545454545454,12.0,0.0054820929653942585,2.0,2.941176470588235,
EN_005_17__ES_005_17,train,true,5,5,0.87,nan,nan,nan,nan,0.0,0.0,0.005684848874807358,3.0,3.4482758620689657,0.71,176.6075725697749,5.46663648401541,9.838277579116866,0.5356495264862215,0.7391304347826086,17.0,0.010282620787620544,3.0,4.225352112676057,
EN_005_18__ES_005_18,train,true,5,5,1.83,143.50866308983646,14.653212900449256,6.163995773371311,1.7587761859472835,0.7413793103448276,43.0,0.0062238313257694244,6.0,3.278688524590164,1.65,158.06354172416633,41.074287339538564,7.476232761189695,3.7037342496850734,0.8076923076923077,42.0,0.01113345567137003,5.0,3.0303030303030303,
EN_005_19__ES_005_19,train,true,5,5,1.33,140.8313849373958,15.797317540710473,5.818792284999217,1.9404312503925507,0.7619047619047619,32.0,0.006243678275495768,5.0,3.7593984962406015,1.1,128.96393879361878,8.090962320583445,4.369273054229987,1.0926394404127848,0.7428571428571429,26.0,0.009877899661660194,4.0,3.6363636363636362,
EN_005_1__ES_005_1,train,true,2,2,1.74,212.14274989697998,9.896049923018632,13.00139363635057,0.8139399080088932,0.6727272727272727,37.0,0.006950061302632093,5.0,2.8735632183908044,1.41,212.9298264575383,23.81818999667741,12.992147548157115,1.722090464484092,0.8444444444444444,38.0,0.008511586114764214,7.0,4.964539007092199,
EN_005_20__ES_005_20,train,true,5,5,1.26,126.69481364620641,9.127430823373375,4.050042284999218,1.2747548783981957,0.3,12.0,0.004550033714622259,4.0,3.1746031746031744,1.16,119.22930998967527,2.5400501955491426,3.0409513759083073,0.36792920626996556,0.2972972972972973,11.0,0.007045404985547066,4.0,3.4482758620689657,
EN_005_21__ES_005_21,train,true,2,2,0.76,163.30318106685272,57.54924003583146,6.964327999284934,7.891664421840223,0.5833333333333334,14.0,0.004855620674788952,2.0,2.6315789473684212,0.62,196.05015045160457,4.544033677144888,11.650042284999216,0.39999999999999813,0.35,7.0,0.004197712987661362,2.0,3.2258064516129035,
EN_005_22__ES_005_22,train,true,5,5,1.37,136.70995090476762,2.697003774084282,5.410042284999219,0.34215006454283536,0.3488372093023256,15.0,0.006620303727686405,6.0,4.37956204379562,1.31,127.27227501480003,15.302316064219909,4.066171317257282,1.8760110004137118,0.7560975609756098,31.0,0.007536960765719414,5.0,3.8167938931297707,
EN_005_23__ES_005_23,train,true,5,5,0.91,126.94118549163156,7.968327230784094,4.0961961311530635,1.077472387378038,0.4482758620689655,13.0,0.00876522809267044,4.0,4.395604395604395,0.98,138.1450354620367,16.58795081829543,5.471094916578164,2.0585071103947414,0.6129032258064516,19.0,0.016175301745533943,5.0,5.1020408163265305,
EN_005_24__ES_005_24,train,true,5,5,1.08,146.48138355704296,12.898192933157345,6.541346632825304,1.5268361842251958,0.6764705882352942,23.0,0.006899043917655945,6.0,5.555555555555555,1.27,nan,nan,nan,nan,0.0,0.0,0.016842428594827652,5.0,3.937007874015748,
EN_005_25__ES_005_25,train,true,5,5,1.16,129.7576288824333,8.513486225702104,4.473375618332552,1.1176413656545747,0.8108108108108109,30.0,0.009409799240529537,6.0,5.172413793103448,1.08,133.52547687532444,5.511024697785276,4.990951375908309,0.7030188739927844,0.6470588235294118,22.0,0.014770274981856346,3.0,2.7777777777777777,
EN_005_26__ES_005_26,train,false,2,5,1.25,247.9211530073747,27.693582095232387,15.612542284999218,1.9073459964044264,0.8,32.0,0.006287057884037495,0.0,nan,1.52,1796.093405906304,23.182938247703188,50.00004228499922,0.223606797749978,0.16666666666666666,8.0,0.0039843120612204075,7.0,4.605263157894737,
EN_005_27__ES_005_27,train,true,5,5,1.37,145.7265689268986,17.962293532540066,6.389172719781825,2.115931109759398,0.5348837209302325,23.0,0.006988182198256254,5.0,3.64963503649635,1.16,157.83021716826858,15.000327652521229,7.82147085642779,1.6580662451993253,0.7567567567567568,28.0,0.007634730543941259,3.0,2.586206896551724,
EN_005_28__ES_005_28,train,true,5,5,2.89,165.22384844507278,43.55268153138282,8.16276955772649,4.165968382259217,0.6043956043956044,55.0,0.008850045502185822,14.0,4.844290657439446,2.0,168.15615688188234,16.312381388701123,8.915259676303567,1.6938786711984486,0.7301587301587301,46.0,0.014995569363236427,13.0,6.5,
EN_005_29__ES_005_29,train,true,2,2,1.58,268.0349696925319,41.20154954590745,16.873119208076144,2.579153263802949,0.78,39.0,0.009253349155187607,9.0,5.69620253164557,1.67,288.9926805600779,29.62845813519892,18.2818604668174,1.7690229361883159,0.8301886792452831,44.0,0.011052635498344898,8.0,4.790419161676647,
EN_005_2__ES_005_2,train,true,5,5,1.8,141.02363857372615,41.80425685431747,4.964327999284933,6.21804484003236,0.24561403508771928,14.0,0.0066656749695539474,4.0,2.2222222222222223,1.18,158.7375638949596,9.18599424684705,7.97147085642779,0.9828374167455678,0.3783783783783784,14.0,0.012362117879092693,4.0,3.3898305084745766,
EN_005_30__ES_005_30,train,true,2,2,0.92,249.0156724891367,25.898510344577744,15.697868371955746,1.8492935349613664,0.7931034482758621,23.0,0.008844186551868916,5.0,5.434782608695652,1.05,258.5757147100769,25.261553302136942,16.36485709981403,1.687800168903562,0.8181818181818182,27.0,0.014372382313013077,4.0,3.8095238095238093,
EN_005_31__ES_005_31,train,true,5,5,0.46,nan,nan,nan,nan,0.0,0.0,0.003605666570365429,1.0,2.1739130434782608,0.37,120.4365858358583,5.693083651464562,3.200042284999217,0.8151686941977109,0.8333333333333334,10.0,0.004179904703050852,1.0,2.7027027027027026,
EN_005_32__ES_005_32,train,true,2,2,1.05,199.50744598527635,13.010011121596785,11.920875618332552,1.1204460297379593,0.7272727272727273,24.0,0.006126447580754757,5.0,4.761904761904762,1.07,183.42649640885222,39.90751591305212,9.945496830453763,4.733965978362912,0.6470588235294118,22.0,0.006792484316974878,7.0,6.5420560747663545,
EN_005_33__ES_005_33,train,true,5,5,1.07,133.22492242112816,2.7770666225543943,4.962542284999217,0.3655047879303371,0.23529411764705882,8.0,0.005749570671468973,5.0,4.672897196261682,1.28,137.8476730786856,4.765916821560914,5.5464708564277885,0.6020691363107387,0.6829268292682927,28.0,0.005479456856846809,5.0,3.90625,
EN_005_34__ES_005_34,train,true,2,2,0.62,220.15217915046182,23.896423377511717,13.557185142142076,1.9173882108275333,0.7,14.0,0.004868566058576107,2.0,3.2258064516129035,0.85,218.95614865655276,20.536255140768898,13.488503823460759,1.672188092814764,0.9629629629629629,26.0,0.010906343348324299,2.0,2.3529411764705883,
EN_005_35__ES_005_35,train,true,5,5,0.67,148.06866532217487,8.711448808300887,6.765831758683428,1.003290983605422,0.9047619047619048,19.0,0.005078279413282871,2.0,2.9850746268656714,0.69,144.22868741851798,8.315669441465802,6.311947046903979,0.9872888275600729,0.9545454545454546,21.0,0.013322011567652225,3.0,4.347826086956522,
EN_005_36__ES_005_36,train,true,5,5,1.42,147.40189200506336,12.494650963804867,6.655305442893955,1.4594424617534512,0.4222222222222222,19.0,0.008070304058492184,7.0,4.929577464788733,1.5,134.49019117506325,8.29852753857292,5.096553912906194,1.080557314689927,0.9148936170212766,43.0,0.012937439605593681,6.0,4.0,
EN_005_37__ES_005_37,train,true,5,5,2.04,284.8634625983673,198.5222750824828,14.69569445891226,10.211645239025524,0.71875,46.0,0.010703068226575851,8.0,3.9215686274509802,1.84,174.1357917498551,10.105924896531082,9.572958951665884,1.0161691918125093,0.8275862068965517,48.0,0.010203718207776546,8.0,4.3478260869565215,
EN_005_38__ES_005_38,train,true,2,2,1.66,302.7445570532287,63.795747969229666,18.82025505095667,3.468147760822894,0.9038461538461539,47.0,0.008825269527733326,5.0,3.0120481927710845,1.42,321.93822455955683,38.084126742209,20.128091065487023,1.9500484290574025,0.9111111111111111,41.0,0.01466431375592947,2.0,1.4084507042253522,
EN_005_3__ES_005_3,train,true,5,5,2.23,164.9592736600796,30.961466215908867,8.348256570713502,3.347839979077585,0.8,56.0,0.014079572632908821,11.0,4.932735426008969,1.5,182.54146014441972,12.646643290185489,10.3763580744729,1.216484194313206,0.8085106382978723,38.0,0.014051769860088825,11.0,7.333333333333333,
EN_005_4__ES_005_4,train,true,5,5,0.95,141.6631713883748,4.285642424465804,6.021470856427788,0.5328654410179858,0.7,21.0,0.010835589841008186,1.0,1.0526315789473684,0.86,142.01036057181517,9.25983729257619,6.036405921362854,1.1001220818806077,0.8148148148148148,22.0,0.020212208852171898,1.0,1.1627906976744187,
EN_005_5__ES_005_5,train,true,5,5,3.82,136.68490727904523,20.04041681342584,5.236405921362855,2.414720409415422,0.55,66.0,0.007410017307847738,12.0,3.141361256544503,3.95,137.96178049925902,16.614493784094165,5.455447690404624,1.9639928917615006,0.5967741935483871,74.0,0.01218049880117178,11.0,2.7848101265822782,
EN_005_6__ES_005_6,train,true,5,5,1.62,144.3147166086628,15.470623099904413,6.254693447789918,1.8065711436080376,0.8431372549019608,43.0,0.011857517063617706,11.0,6.790123456790123,1.7,143.94585552400255,9.811771563417963,6.265597840554774,1.1920021542776125,0.8333333333333334,45.0,0.013144559226930141,9.0,5.294117647058823,
EN_005_7__ES_005_7,train,true,5,5,3.27,130.92380949671764,22.00969537253342,4.423119208076141,2.885315299702656,0.5048543689320388,52.0,0.008299920707941055,11.0,3.363914373088685,2.62,132.85043047299905,16.501222210875156,4.795325303867143,2.014154257431766,0.6463414634146342,53.0,0.01023944839835167,10.0,3.8167938931297707,
EN_005_8__ES_005_8,train,true,5,5,2.53,139.37512237311466,15.486025774324709,5.644159932058042,1.879863549982106,0.6375,51.0,0.010723918676376343,8.0,3.16205533596838,1.58,145.49117988914492,13.448491757013306,6.418931173888106,1.572517051272644,0.9,45.0,0.011594533920288086,6.0,3.7974683544303796,
EN_005_9__ES_005_9,train,true,5,5,1.26,127.14675484709808,21.779226030964992,3.9000422849992176,2.996080773276982,0.25,10.0,0.005057349801063538,2.0,1.5873015873015872,1.66,125.25677732790886,5.103562456309914,3.8845250436199077,0.6969271777467465,0.5576923076923077,29.0,0.012559720315039158,4.0,2.4096385542168677,
EN_006_10__ES_006_10,test,true,6,6,0.36,nan,nan,nan,nan,0.0,0.0,0.0020123880822211504,0.0,nan,0.46,nan,nan,nan,nan,0.0,0.0,0.0037422929890453815,1.0,2.1739130434782608,
EN_006_11__ES_006_11,train,true,2,2,0.73,222.5241787726056,7.515158741435306,13.837542284999218,0.5904182839309772,0.34782608695652173,8.0,0.0029080198146402836,1.0,1.36986301369863,0.64,nan,nan,nan,nan,0.0,0.0,0.005563465412706137,2.0,3.125,
EN_006_12__ES_006_12,test,true,6,6,1.34,100.7731445660406,3.5874393114484247,0.12245607810266629,0.6124549535717534,0.6904761904761905,29.0,0.005703672766685486,7.0,5.223880597014925,1.67,107.85202613112727,11.019457725198846,1.228091065487023,1.6241338697560492,0.7735849056603774,41.0,0.006611441727727652,4.0,2.3952095808383236,
EN_006_13__ES_006_13,test,true,6,6,0.7,100.98932720303436,4.179090856364034,0.1559246379403939,0.7049994478389944,0.7727272727272727,17.0,0.0035008066333830357,3.0,4.285714285714286,1.18,102.82461637656819,12.803049993105697,0.3674335893470438,1.9189336200570497,0.6216216216216216,23.0,0.0019618875812739134,5.0,4.237288135593221,
EN_006_14__ES_006_14,train,true,2,2,1.13,234.8836386232993,27.602157842525056,14.669486729443662,1.961974550243317,1.0,36.0,0.006365798879414797,5.0,4.424778761061948,1.47,248.51062582937325,42.997382257266736,15.521917284999217,2.810608739112401,0.6956521739130435,32.0,0.006043408066034317,5.0,3.4013605442176873,
EN_006_15__ES_006_15,test,true,6,6,0.5,499.710375708133,30.897051221985794,27.82004228499922,1.0696261028976426,0.625,10.0,0.0015553811099380255,1.0,2.0,0.42,79.34386156341148,14.371716704133505,-4.289957715000782,3.134389892786153,0.7142857142857143,10.0,0.0015020283171907067,1.0,2.380952380952381,
EN_006_16__ES_006_16,test,true,6,6,1.88,95.94552612620305,3.506972951951192,-0.7280064954885869,0.6283979611842033,0.6949152542372882,41.0,0.00575756561011076,6.0,3.191489361702128,1.82,99.97487690024272,4.30786149755732,-0.019600572143639243,0.7173661256034229,0.9824561403508771,56.0,0.004689863882958889,6.0,3.2967032967032965,
EN_006_17__ES_006_17,test,true,6,6,0.86,99.5736663408397,5.201815493726767,-0.09701653853019399,0.8879041065465035,0.6296296296296297,17.0,0.003099474823102355,3.0,3.488372093023256,1.18,106.82687923588023,13.80672709440483,1.0100422849992179,2.1034257771549734,0.5405405405405406,20.0,0.003118620254099369,3.0,2.5423728813559325,
EN_006_18__ES_006_18,test,true,6,6,1.53,107.48303485952391,7.99170807909861,1.2024232373801702,1.2681516536992117,0.4375,21.0,0.003806019201874733,7.0,4.57516339869281,1.88,101.80652300957605,4.173265478921994,0.29587561833255144,0.6928077936115393,0.8135593220338984,48.0,0.003476435551419854,6.0,3.191489361702128,
EN_006_19__ES_006_19,test,true,6,6,2.78,113.837452618892,9.170591430717767,2.1891727197818267,1.3645318134595796,0.5287356321839081,46.0,0.006550355814397335,14.0,5.035971223021583,2.38,115.49312515858198,8.847221077425836,2.443224103181036,1.3198480847969396,0.5866666666666667,44.0,0.003986709285527468,8.0,3.361344537815126,
EN_006_1__ES_006_1,train,true,2,2,1.65,297.70554435248977,56.07843406020873,18.550042284999215,3.496020904136896,0.7115384615384616,37.0,0.007075073197484016,9.0,5.454545454545455,1.69,276.4983572875458,49.588116748404055,17.317433589347047,3.205637313548016,0.8679245283018868,46.0,0.011221082881093025,7.0,4.1420118343195265,
EN_006_20__ES_006_20,test,true,6,6,2.18,119.83656165401648,8.964386968722701,3.085939720896654,1.2648071058946615,0.5652173913043478,39.0,0.008174946531653404,10.0,4.587155963302752,1.92,110.77618820972104,6.039497246436803,1.7474781824351153,0.9045432845271525,0.639344262295082,39.0,0.0047848401591181755,7.0,3.6458333333333335,
EN_006_21__ES_006_21,test,true,6,6,1.19,126.2785970607507,15.00585657431763,3.913375618332551,2.103565755779668,0.7894736842105263,30.0,0.00857599824666977,5.0,4.201680672268908,1.65,120.05589371605893,11.590657305533147,3.0820422849992184,1.6985217101938967,0.9615384615384616,50.0,0.004579947330057621,4.0,2.4242424242424243,
EN_006_22__ES_006_22,test,true,6,6,2.22,105.52714608163463,1.988984255426479,0.9283031545644357,0.325651883670852,0.32857142857142857,23.0,0.002821396104991436,7.0,3.153153153153153,2.63,98.9300470578974,4.447074982550779,-0.20329104833411585,0.7637917109904886,0.5421686746987951,45.0,0.0027437773533165455,9.0,3.4220532319391634,
EN_006_23__ES_006_23,train,true,2,2,2.36,238.89184488397063,32.80122630676594,14.92809106548702,2.2128793950716474,0.5540540540540541,41.0,0.004218521527945995,7.0,2.9661016949152543,2.58,241.78509100738756,33.42731660702849,15.125384750752644,2.329488204236311,0.9012345679012346,73.0,0.007294474635273218,5.0,1.937984496124031,
EN_006_24__ES_006_24,test,true,6,6,1.87,114.60377828483088,10.996616870346143,2.2800422849992183,1.6667633305301632,0.5084745762711864,30.0,0.007564781233668327,9.0,4.81283422459893,2.18,120.92026613292371,14.418330045147961,3.1632498321690288,2.0947407401024423,0.7681159420289855,53.0,0.007118842098861933,6.0,2.7522935779816513,
EN_006_25__ES_006_25,test,true,6,6,1.59,122.50995909766937,12.99921417930757,3.4150422849992177,1.8692979965751855,0.4,20.0,0.007935617119073868,5.0,3.144654088050314,1.7,121.93427785940042,13.356234332208897,3.3250422849992183,1.9582269474649199,0.6666666666666666,36.0,0.006010664626955986,5.0,2.9411764705882355,
EN_006_26__ES_006_26,test,true,6,6,1.09,111.7728292216969,3.862331001174241,1.9167089516658857,0.5890535858341973,0.6,21.0,0.005990044679492712,3.0,2.7522935779816513,1.33,111.60660429181871,4.415681898119209,1.8875422849992178,0.6840824146256057,0.7619047619047619,32.0,0.005060551688075066,4.0,3.007518796992481,
EN_006_27__ES_006_27,test,true,6,6,0.91,146.33433681872478,10.682930123109145,6.545042284999218,1.2647035225696173,0.6896551724137931,20.0,0.009365163743495941,4.0,4.395604395604395,0.9,134.11137885215672,12.02082792668626,5.011153396110329,1.560320084287868,0.6206896551724138,18.0,0.011350800283253193,2.0,2.2222222222222223,
EN_006_28__ES_006_28,test,true,6,6,0.99,126.08482216766285,5.906444156999104,3.9928994278563614,0.8381222939355782,0.45161290322580644,14.0,0.004408714361488819,3.0,3.0303030303030303,1.03,107.57262612478874,1.5979499421550583,1.2618069908815717,0.2586898050270114,0.5151515151515151,17.0,0.006177179515361786,1.0,0.970873786407767,
EN_006_29__ES_006_29,test,true,6,6,0.91,nan,nan,nan,nan,0.0,0.0,0.00340474396944046,1.0,1.0989010989010988,1.18,118.4271060101316,4.25934856272408,2.916708951665885,0.6262764742685325,0.16216216216216217,6.0,0.002967892913147807,1.0,0.8474576271186441,
EN_006_2__ES_006_2,test,true,6,6,0.92,106.55776137719798,2.995917082699247,1.0928994278563604,0.4806458240360202,0.2413793103448276,7.0,0.00208599166944623,3.0,3.260869565217391,1.12,nan,nan,nan,nan,0.0,0.0,0.002664581872522831,4.0,3.571428571428571,
EN_006_30__ES_006_30,test,true,6,6,1.36,111.85479676093455,11.630698590323153,1.8460422849992182,1.799217607739542,0.5813953488372093,25.0,0.008051306940615177,7.0,5.147058823529411,2.03,154.55390843243686,75.74955975187764,5.968961203918137,6.819718542097309,0.578125,37.0,0.007374247536063194,6.0,2.9556650246305423,
EN_006_31__ES_006_31,train,true,2,2,1.13,214.8694280276937,7.27761286886875,13.231523766480699,0.5894360374541556,0.75,27.0,0.0031330259516835213,2.0,1.7699115044247788,0.86,216.78053712538468,19.313312860376374,13.332650980651389,1.4315246277743132,0.8518518518518519,23.0,0.0036780547816306353,2.0,2.3255813953488373,
EN_006_32__ES_006_32,test,true,6,6,2.01,102.6424701384892,3.7334198586782086,0.44051847547540735,0.6117148120961831,0.3333333333333333,21.0,0.004859674256294966,8.0,3.9800995024875627,2.96,112.32830915109443,16.69656031115321,1.8351486679779414,2.436161850770746,0.5053763440860215,47.0,0.003817038843408227,12.0,4.054054054054054,
EN_006_33__ES_006_33,test,true,6,6,1.46,128.6831025825136,14.527030509604277,4.237542284999217,2.194275222026626,0.34782608695652173,16.0,0.010145449079573154,5.0,3.4246575342465753,1.24,129.21809162986537,11.832286980003236,4.36294551080567,1.6207807627675426,0.7948717948717948,31.0,0.008724951185286045,4.0,3.2258064516129035,
EN_006_34__ES_006_34,test,true,6,6,1.05,125.34298258088047,0.9849794989851584,3.9100422849992187,0.13564659966250406,0.15151515151515152,5.0,0.008476270362734795,3.0,2.857142857142857,1.26,110.60748823425796,5.331537821252529,1.725042284999217,0.8417491708737624,0.3,12.0,0.005924793891608715,3.0,2.380952380952381,
EN_006_35__ES_006_35,train,true,2,2,0.64,244.35406852983093,3.9251923681021044,15.465426900383836,0.2796870609645831,0.6190476190476191,13.0,0.002665715292096138,2.0,3.125,0.69,249.0846558158781,8.30053141578362,15.79004228499922,0.5759629617721386,0.6818181818181818,15.0,0.00487939827144146,2.0,2.8985507246376816,
EN_006_36__ES_006_36,test,true,6,6,4.33,103.31438698393855,10.595181576756772,0.4767089516658848,1.7294058067568885,0.33088235294117646,45.0,0.004117544274777174,18.0,4.157043879907621,4.05,105.96490505428184,19.07683008913562,0.7750422849992177,2.6727404787346387,0.47244094488188976,60.0,0.003949293866753578,16.0,3.9506172839506175,
EN_006_37__ES_006_37,train,true,2,2,1.26,196.03401906417625,28.540502754086063,11.438613713570646,2.8458261595909624,0.875,35.0,0.0023528614547103643,6.0,4.761904761904762,1.0,229.43653212293634,24.352068101495806,14.28337561833255,1.7836448326079068,0.75,24.0,0.0017567521426826715,4.0,4.0,
EN_006_38__ES_006_38,test,true,6,6,1.31,119.78339162878915,16.433268081574774,2.966171317257282,2.3321175168466386,0.7560975609756098,31.0,0.013810141943395138,10.0,7.633587786259541,1.96,113.6135710809647,19.081197435878835,1.984004549150161,2.7391600004399095,0.8548387096774194,53.0,0.004573381505906582,8.0,4.081632653061225,
EN_006_39__ES_006_39,test,true,6,6,3.4,112.84545196407758,17.771973304967243,1.8941599320580418,2.567006860421937,0.3177570093457944,34.0,0.0055385250598192215,15.0,4.411764705882353,3.16,109.07059934839435,13.62563977506189,1.3779492617434033,2.0438592748848246,0.8686868686868687,86.0,0.003950869664549828,10.0,3.1645569620253164,
EN_006_3__ES_006_3,train,true,2,2,3.04,260.97083207536826,48.2266512668994,16.334973791848533,3.006188650232739,0.7604166666666666,73.0,0.004793952219188213,15.0,4.934210526315789,3.17,253.42571654831772,41.63458304395367,15.904920333779707,2.488909666217582,0.82,82.0,0.010124046355485916,14.0,4.416403785488959,
EN_006_40__ES_006_40,test,true,6,6,0.69,112.50925180402407,2.0807412754540575,2.0375422849992177,0.32185982973959326,0.36363636363636365,8.0,0.02586274780333042,2.0,2.8985507246376816,0.68,nan,nan,nan,nan,0.0,0.0,0.007692552637308836,2.0,2.941176470588235,
EN_006_41__ES_006_41,test,true,6,6,3.25,117.13195861469895,11.394273112538347,2.655447690404624,1.6882656935040383,0.3627450980392157,37.0,0.006784746423363686,20.0,6.153846153846154,4.1,107.46418390114455,16.51124718293122,1.0873150122719455,2.209354454911664,0.8527131782945736,110.0,0.0043135941959917545,18.0,4.390243902439025,
EN_006_42__ES_006_42,test,true,6,6,2.17,140.506725953926,15.976506472892874,5.773955328477479,1.993051492889265,0.6764705882352942,46.0,0.010337544605135918,10.0,4.6082949308755765,2.39,117.65547388574855,7.183411549960422,2.7823003495153475,1.0641934994964246,0.41333333333333333,31.0,0.010503767989575863,9.0,3.7656903765690375,
EN_006_43__ES_006_43,train,true,2,2,1.86,251.53744558650308,24.52848888127598,15.88452504361991,1.726822048629727,0.9830508474576272,58.0,0.00913773849606514,10.0,5.376344086021505,1.85,250.94263976334287,28.72139170515295,15.821196131153062,1.8996291681092283,0.896551724137931,52.0,0.006882847752422094,9.0,4.864864864864865,
EN_006_44__ES_006_44,train,true,2,2,1.68,275.41952326960785,65.35456272004858,17.104327999284937,3.776797044900261,0.660377358490566,35.0,0.003971688915044069,9.0,5.357142857142858,1.79,236.376477634394,25.256664350876022,14.805856238487591,1.6854096632061166,0.7678571428571429,43.0,0.004572737496346235,6.0,3.35195530726257,
EN_006_4__ES_006_4,test,true,6,6,1.18,104.92395691350134,2.0120292163654154,0.8289896534202699,0.3285998163955361,0.5135135135135135,19.0,0.008260674774646759,8.0,6.779661016949153,1.28,126.33070529927664,24.692511316808687,3.7016551882250246,3.4902510278277794,0.7560975609756098,31.0,0.006669136695563793,7.0,5.46875,
EN_006_5__ES_006_5,test,true,6,6,0.92,121.45627669474729,12.083000835610278,3.2750422849992176,1.7899371497345933,0.6896551724137931,20.0,0.005754923447966576,2.0,2.1739130434782608,0.69,117.16714866405391,10.694464999172094,2.671094916578166,1.5736578065026592,0.8636363636363636,19.0,0.007562584709376097,2.0,2.8985507246376816,
EN_006_6__ES_006_6,test,true,6,6,0.9,nan,nan,nan,nan,0.0,0.0,0.003901672549545765,2.0,2.2222222222222223,0.81,nan,nan,nan,nan,0.0,0.0,0.00407867506146431,2.0,2.4691358024691357,
EN_006_7__ES_006_7,test,true,6,6,1.32,137.8872108626598,9.941769050815074,5.517689343822747,1.2323389020680042,0.8095238095238095,34.0,0.008174635469913483,6.0,4.545454545454545,1.14,131.59291038826106,13.378376815375912,4.660042284999219,1.8115094994690664,0.8333333333333334,30.0,0.005794993136078119,4.0,3.5087719298245617,
EN_006_8__ES_006_8,test,true,6,6,1.66,109.09040565708762,7.0608301577098525,1.471917284999218,1.0766656790178648,0.6153846153846154,32.0,0.004028447438031435,7.0,4.216867469879518,1.41,112.45306868710271,5.543682502622692,2.0107565707135033,0.856212292481203,0.6222222222222222,28.0,0.005740597378462553,5.0,3.546099290780142,
EN_006_9__ES_006_9,train,true,2,2,0.72,nan,nan,nan,nan,0.0,0.0,0.005757730454206467,5.0,6.944444444444445,0.78,298.5212642844646,60.11197308484031,18.600042284999216,3.3553262562252097,0.56,14.0,0.008330400101840496,3.0,3.846153846153846,
EN_007_10__ES_007_10,train,true,2,2,2.3,107.4858197191023,8.5769873039911,1.1967089516658842,1.3438088488405715,0.8333333333333334,60.0,0.01139526441693306,7.0,3.0434782608695654,2.8,113.59487397272832,8.408932548747094,2.1609797849992187,1.2485137648795668,0.7272727272727273,64.0,0.00914478488266468,9.0,3.2142857142857144,
EN_007_11__ES_007_11,train,true,7,7,1.33,385.4673389421792,293.0804401198464,19.06768934382275,11.481813511919247,0.40476190476190477,17.0,0.0016070164274424314,4.0,3.007518796992481,1.34,198.5519880101552,10.001598648981062,11.853490560861287,0.8347961793861522,0.6904761904761905,29.0,0.0011565330205485225,3.0,2.2388059701492535,
EN_007_12__ES_007_12,train,true,2,2,2.13,116.28085085254052,18.58828183782246,2.405597840554774,2.6251396200376376,0.8059701492537313,54.0,0.004693468566983938,7.0,3.286384976525822,1.39,124.21094587204318,15.66352259397203,3.6295294644863967,2.0211927789885937,0.8863636363636364,39.0,0.00852995179593563,6.0,4.316546762589929,
EN_007_13__ES_007_13,train,true,7,7,1.34,227.72271895412857,43.71808675791409,13.950042284999217,3.15277655408689,0.4523809523809524,19.0,0.0014437695499509573,2.0,1.4925373134328357,1.36,224.20725505706056,30.868963988910412,13.834042284999216,2.1616068097598142,0.5813953488372093,25.0,0.001602690084837377,2.0,1.4705882352941175,
EN_007_14__ES_007_14,train,true,2,2,0.62,99.582765185709,1.7118647120486878,-0.07495771500078335,0.2989565185775344,0.4,8.0,0.0023382108192890882,1.0,1.6129032258064517,0.73,106.16524584625493,3.795062450795923,1.0250422849992182,0.6036348233824815,0.6956521739130435,16.0,0.006313070189207792,1.0,1.36986301369863,
EN_007_15__ES_007_15,train,true,2,2,1.59,101.18409495299323,7.629255621310586,0.15004228499921804,1.397351993089999,0.54,27.0,0.004640186205506325,7.0,4.40251572327044,1.82,107.50880547173742,5.200066659849689,1.2330611529237463,0.8419957981915968,0.9298245614035088,53.0,0.005360486917197704,6.0,3.2967032967032965,
EN_007_16__ES_007_16,train,true,2,2,1.71,102.24286804725948,11.616714525403701,0.28517742013435377,1.7955223912316352,0.6851851851851852,37.0,0.004342715721577406,5.0,2.9239766081871346,1.5,106.78152946290429,7.589477297266092,1.1000422849992184,1.0618380290797655,0.6808510638297872,32.0,0.004233999643474817,4.0,2.6666666666666665,
EN_007_17__ES_007_17,train,true,2,2,1.89,104.85028216454134,10.113795410159055,0.7500422849992182,1.5030051198328975,0.6833333333333333,41.0,0.00517995934933424,7.0,3.7037037037037037,1.45,110.88747142433022,9.090545398108965,1.735408138657755,1.3386489322119057,0.8913043478260869,41.0,0.010451463982462883,5.0,3.4482758620689657,
EN_007_18__ES_007_18,train,true,2,2,0.86,108.77187780267344,7.801151974627961,1.412542284999218,1.2123711271718733,0.5925925925925926,16.0,0.0032646453473716974,2.0,2.3255813953488373,1.36,111.81600391640028,11.836678885980751,1.8439816789386116,1.7262570112976168,0.7674418604651163,33.0,0.007865160703659058,4.0,2.941176470588235,
EN_007_19__ES_007_19,train,true,2,2,1.09,99.87057940629884,1.7096050844567483,-0.02495771500078254,0.2964371771556328,0.5714285714285714,20.0,0.0036762990057468414,4.0,3.6697247706422016,1.33,109.11168781758856,7.121064312577948,1.4758487366121213,1.0595092418222523,0.7380952380952381,31.0,0.0060125249437987804,3.0,2.255639097744361,
EN_007_1__ES_007_1,train,true,2,2,1.62,116.25375087614155,24.648219025488476,2.2844172849992184,3.189495392593474,0.6274509803921569,32.0,0.003709352808073163,7.0,4.320987654320987,1.28,127.75010938754697,21.16385163191086,4.019007802240597,2.7230945186371383,0.7073170731707317,29.0,0.006499264854937792,6.0,4.6875,
EN_007_20__ES_007_20,train,true,2,2,1.45,101.26225265815947,0.7285288367289169,0.21670895166588394,0.12472191289246524,0.1956521739130435,9.0,0.0025616746861487627,6.0,4.137931034482759,1.32,105.58196332078137,9.413799996671694,0.8731192080761397,1.5166531199949878,0.30952380952380953,13.0,0.0035971931647509336,4.0,3.0303030303030303,
EN_007_2__ES_007_2,train,true,7,7,1.48,247.8576410055298,23.951703953610714,15.630042284999218,1.7249927536079688,0.6382978723404256,30.0,0.0015730472514405847,7.0,4.72972972972973,1.54,247.20996381071473,11.90868700256416,15.650042284999218,0.7937253933193771,0.24489795918367346,12.0,0.001412318553775549,5.0,3.2467532467532467,
EN_007_3__ES_007_3,train,true,2,2,0.62,nan,nan,nan,nan,0.0,0.0,0.002103398321196437,1.0,1.6129032258064517,0.69,nan,nan,nan,nan,0.0,0.0,0.0022598595824092627,1.0,1.4492753623188408,
EN_007_4__ES_007_4,train,true,2,2,1.71,112.232126689114,8.79651830207331,1.9454968304537636,1.3411247900472716,0.8148148148148148,44.0,0.007137318607419729,8.0,4.678362573099415,2.03,111.16576931387813,10.008979600373854,1.7602463666318706,1.5977337136003535,0.765625,49.0,0.013848254457116127,5.0,2.4630541871921183,
EN_007_5__ES_007_5,train,true,2,2,1.57,98.4443313533732,5.183391218025652,-0.2970165385301938,0.9567823817104686,0.34,17.0,0.002526217605918646,3.0,1.910828025477707,1.11,100.33236878170955,6.674340046079959,0.018224103181035966,1.172559889393661,0.6285714285714286,22.0,0.007297851145267487,3.0,2.7027027027027026,
EN_007_6__ES_007_6,train,true,7,7,0.84,nan,nan,nan,nan,0.0,0.0,0.0015929759247228503,1.0,1.1904761904761905,1.13,nan,nan,nan,nan,0.0,0.0,0.0012508428189903498,1.0,0.8849557522123894,
EN_007_8__ES_007_8,train,true,2,2,1.79,141.33202828068377,23.53842635800974,5.716708951665886,3.1709094384208867,0.8035714285714286,45.0,0.008676300756633282,8.0,4.4692737430167595,1.41,130.8581712209295,11.66563144853403,4.588931173888106,1.5160764012149877,0.8,36.0,0.01293350849300623,5.0,3.546099290780142,
EN_007_9__ES_007_9,train,true,7,7,1.0,200.74149750895623,8.228306462310279,12.05004228499922,0.6905961749988744,0.40625,13.0,0.0020790458656847477,3.0,3.0,0.83,211.00415923708258,13.24491834742638,12.893520545868785,1.078173208217824,0.8846153846153846,23.0,0.0031988683622330427,2.0,2.4096385542168677,
EN_008_10__ES_008_10,dev,true,8,8,2.03,216.0158890454554,22.674577576278796,13.246763596474626,1.6960868378939116,0.953125,61.0,0.014279553666710854,6.0,2.9556650246305423,2.6,228.6826738718666,18.417605576607595,14.263678648635581,1.4010695442299057,0.8048780487804879,66.0,0.01221340149641037,11.0,4.230769230769231,
EN_008_11__ES_008_11,dev,true,8,8,1.96,241.97651647689997,25.694987200250964,15.199021876835952,1.8641759627223147,0.7903225806451613,49.0,0.01998998410999775,6.0,3.061224489795918,2.1,200.59429437497377,64.85957113180223,10.785756570713502,7.235784797287234,0.6363636363636364,42.0,0.011198746971786022,6.0,2.857142857142857,
EN_008_12__ES_008_12,dev,true,8,8,1.8,185.63307272056383,52.7670135881495,9.97276955772649,5.123912906273328,0.38596491228070173,22.0,0.011998488567769527,2.0,1.1111111111111112,1.7,256.2922137754518,37.848952949397955,16.10458773954467,2.556760605412332,0.2037037037037037,11.0,0.012839918956160545,2.0,1.1764705882352942,
EN_008_13__ES_008_13,dev,true,8,8,0.89,232.576723039412,33.22084978568208,14.450042284999217,2.3241342474134337,0.8928571428571429,25.0,0.029042864218354225,1.0,1.1235955056179776,0.69,316.46582070933607,65.20754255356867,19.57276955772649,3.599360021168134,1.0,22.0,0.018901508301496506,1.0,1.4492753623188408,
EN_008_14__ES_008_14,dev,true,8,8,1.9,205.64526202240165,59.54810330286087,11.476457379338841,6.416786680215792,0.8833333333333333,53.0,0.013052892871201038,8.0,4.2105263157894735,2.15,255.96936285164034,91.91451456981854,14.107618042574975,10.180493239912158,0.4852941176470588,33.0,0.01951259933412075,5.0,2.3255813953488373,
EN_008_15__ES_008_15,dev,true,8,8,1.27,141.60073715640834,22.2355686449673,5.824235833386315,2.575939257690914,0.775,31.0,0.006282871123403311,4.0,3.149606299212598,1.1,132.3555167313112,2.4606218752455256,4.850042284999218,0.3207134902949088,0.2,7.0,0.002103519393131137,3.0,2.727272727272727,
EN_008_16__ES_008_16,dev,true,8,8,0.93,259.08922488792535,52.41907706253623,16.15956609452303,3.254287247236842,0.7,21.0,0.008450661785900593,2.0,2.150537634408602,0.92,305.9744941340621,80.96629819723368,18.800042284999222,4.316151835450957,0.6206896551724138,18.0,0.009227772243320942,2.0,2.1739130434782608,
EN_008_17__ES_008_17,dev,true,8,8,3.07,145.47356231262702,12.214228730754773,6.426665661622596,1.4789339881386576,0.8020833333333334,77.0,0.004670918453484774,13.0,4.234527687296417,2.78,129.2303151593041,4.668321023504902,4.428091065487022,0.623331801054486,0.47126436781609193,41.0,0.005117901135236025,13.0,4.676258992805756,
EN_008_18__ES_008_18,dev,true,8,8,1.83,235.6810211270461,35.59205882530916,14.654693447789917,2.5126612861222886,0.7413793103448276,43.0,0.013566737994551659,6.0,3.278688524590164,2.35,201.10073218756375,55.3955995938807,10.94263487759181,7.2482399358294245,0.36486486486486486,27.0,0.010669640265405178,7.0,2.978723404255319,
EN_008_19__ES_008_19,dev,true,8,8,1.03,156.36806503446883,29.258542464813807,7.428613713570647,3.3018779443195165,0.8484848484848485,28.0,0.007788533344864845,4.0,3.883495145631068,1.23,155.62437625512683,13.853415183772585,7.590042284999218,1.5100993344810145,0.2564102564102564,10.0,0.003444138215854764,5.0,4.065040650406504,
EN_008_1__ES_008_1,dev,true,8,8,3.06,226.45665590612978,18.563571844409744,14.093520545868785,1.406349809172417,0.71875,69.0,0.008121046237647533,13.0,4.248366013071895,1.13,250.3980299954326,8.997640979460895,15.879671914628846,0.6151270960600498,0.75,27.0,0.013596692122519016,4.0,3.5398230088495577,
EN_008_20__ES_008_20,dev,true,8,8,0.75,229.18678650235694,30.557931572434796,14.218792284999218,2.1464269001063143,0.6666666666666666,16.0,0.013518127612769604,3.0,4.0,0.91,170.83387019664303,60.82195545629158,8.068792284999219,6.5851365542029585,0.5517241379310345,16.0,0.0074150050058960915,4.0,4.395604395604395,
EN_008_21__ES_008_21,dev,true,8,8,1.76,138.40821760015737,14.122725955343665,5.5382775791168655,1.748068632702011,0.6071428571428571,34.0,0.0048007359728217125,8.0,4.545454545454546,1.46,125.04353705312312,8.339114269615832,3.8318604668173992,1.1277369523114935,0.717391304347826,33.0,0.004132196772843599,7.0,4.794520547945206,
EN_008_22__ES_008_22,dev,true,8,8,2.15,151.51922231616442,26.43075865336463,6.969089904046838,2.699844624739066,0.6176470588235294,42.0,0.009147354401648045,8.0,3.7209302325581395,2.44,154.92809411177385,16.41328712736113,7.483375618332549,1.816590212458495,0.4675324675324675,36.0,0.005633306689560413,10.0,4.098360655737705,
EN_008_23__ES_008_23,dev,true,8,8,1.41,261.69175065323316,56.82619267594524,16.28552615596696,3.4841158814749993,0.6888888888888889,31.0,0.01522624772042036,5.0,3.546099290780142,1.35,246.76926394449418,23.420829793316592,15.56768934382275,1.5205398786257955,0.3953488372093023,17.0,0.006267320364713669,4.0,2.962962962962963,
EN_008_24__ES_008_24,dev,true,8,8,4.04,173.2410417786609,47.565447050704236,8.9728270951258,4.130404380457001,0.6220472440944882,79.0,0.005684257950633764,9.0,2.227722772277228,4.47,161.8586800979298,53.545414164543786,7.629208951665884,4.598186161109859,0.5142857142857142,72.0,0.004348235670477152,8.0,1.789709172259508,
EN_008_25__ES_008_25,dev,true,8,8,1.6,164.5350520123426,22.5316602561769,8.452542284999218,2.435414492442714,0.7843137254901961,40.0,0.012020890600979328,4.0,2.5,1.72,178.16359480436935,21.06957353965129,9.875042284999218,2.0780098652316354,0.5925925925925926,32.0,0.00754522904753685,3.0,1.744186046511628,
EN_008_26__ES_008_26,dev,true,8,8,2.33,228.07846305597658,14.939202588946445,14.237921072878008,1.1183747883092694,0.4520547945205479,33.0,0.010667100548744202,7.0,3.004291845493562,2.02,225.7520711009272,4.862533480142538,14.092899427856358,0.3697765458727079,0.109375,7.0,0.012756003066897392,6.0,2.9702970297029703,
EN_008_27__ES_008_27,dev,true,8,8,3.15,144.24471450524865,13.238159724802978,6.269089904046837,1.592826891306438,0.6363636363636364,63.0,0.008899476379156113,15.0,4.761904761904762,2.77,149.68395729543448,14.201759983796139,6.9100422849992205,1.5653753543479598,0.632183908045977,55.0,0.007029644213616848,17.0,6.137184115523466,
EN_008_28__ES_008_28,dev,true,8,8,1.41,265.93286303159175,53.74537302564665,16.615042284999216,3.2267282191098774,0.8888888888888888,40.0,0.03317895531654358,9.0,6.382978723404256,1.23,261.82542772618405,23.37301070430387,16.598429381773414,1.475579922681453,0.7948717948717948,31.0,0.02022109366953373,7.0,5.691056910569106,
EN_008_29__ES_008_29,dev,true,8,8,1.86,222.50145373885957,25.745213621382693,13.740042284999218,1.8703208280934052,0.847457627118644,50.0,0.011610034853219986,10.0,5.376344086021505,1.59,246.1295086467689,33.96270453156885,15.450042284999217,2.147818660874331,0.64,32.0,0.008491892367601395,8.0,5.031446540880503,
EN_008_30__ES_008_30,dev,true,8,8,2.05,149.2753690169257,22.94133825200921,6.7311233660803,2.662942676087595,0.5692307692307692,37.0,0.008687757886946201,10.0,4.878048780487806,1.61,136.91692182913937,12.38274292999192,5.368463337630797,1.5721013867060554,0.7450980392156863,38.0,0.005477761384099722,11.0,6.832298136645963,
EN_008_31__ES_008_31,dev,true,8,8,2.94,144.0858720054775,12.575191395120369,6.261636487897768,1.437443002714664,0.75,69.0,0.00821706559509039,10.0,3.4013605442176873,2.66,135.97683808208907,6.7223294822064386,5.299061892842355,0.859405300311656,0.6071428571428571,51.0,0.0045394026674330235,10.0,3.7593984962406015,
EN_008_32__ES_008_32,dev,true,8,8,1.65,119.80421280181494,7.349505796674223,3.095496830453763,1.063752907368005,0.4230769230769231,22.0,0.005104902666062117,8.0,4.848484848484849,1.61,120.09978736099174,14.490678284146645,3.0571851421420746,1.9335253833770232,0.5490196078431373,28.0,0.003220943035557866,7.0,4.3478260869565215,
EN_008_33__ES_008_33,dev,true,8,8,1.315,151.9428857775986,22.05580246089532,7.057734592691527,2.5361877928714303,0.6190476190476191,26.0,0.007963044568896294,7.0,5.32319391634981,1.0,140.05648874732188,5.401975865565859,5.8192730542299875,0.6660845584858235,0.40625,13.0,0.0049070389941334724,6.0,6.0,
EN_008_34__ES_008_34,dev,true,8,8,1.44,160.5415391792651,12.31911391880936,8.145280380237313,1.311297500106993,0.45652173913043476,21.0,0.006841608323156834,3.0,2.0833333333333335,1.86,162.41342672717843,19.717153543993803,8.268224103181037,2.1060453454864594,0.559322033898305,33.0,0.004158535972237587,4.0,2.150537634408602,
EN_008_35__ES_008_35,dev,true,8,8,2.79,415.7701942528631,508.75194519017117,14.741845563687741,16.559463591949587,0.6931818181818182,61.0,0.004115184769034386,9.0,3.225806451612903,2.29,140.80231155776167,13.537206238098449,5.844779127104481,1.6535364602828584,0.5277777777777778,38.0,0.0034893096890300512,6.0,2.6200873362445414,
EN_008_36__ES_008_36,dev,true,8,8,2.49,238.53126581189593,75.25867002806635,13.563249832169031,8.309622468000443,0.6794871794871795,53.0,0.015464076772332191,10.0,4.016064257028112,2.51,280.8222365571448,23.94510334926835,17.813931173888108,1.4609077805288997,0.9113924050632911,72.0,0.015608777292072773,10.0,3.9840637450199208,
EN_008_37__ES_008_37,dev,true,8,8,2.36,142.9696580303617,11.177848111632409,6.13600719727992,1.3467880694571097,0.7702702702702703,57.0,0.006943454500287771,13.0,5.508474576271187,2.32,169.0996469478152,15.130551867967107,9.026161687984292,1.5329310089760202,0.9178082191780822,67.0,0.007281901780515909,10.0,4.310344827586207,
EN_008_38__ES_008_38,dev,true,8,8,0.74,225.19579879303697,4.922150068339875,14.050042284999218,0.37712361663282434,0.375,9.0,0.0025019871536642313,1.0,1.3513513513513513,0.46,233.51887806009267,13.913928867624357,14.650042284999218,1.073933579572468,0.4,6.0,0.0036479271948337555,1.0,2.1739130434782608,
EN_008_3__ES_008_3,dev,true,8,8,2.45,207.69531096834532,13.018321448611951,12.62087561833255,1.0553353205919382,0.6233766233766234,48.0,0.01450299471616745,11.0,4.489795918367347,2.705,228.83874521016833,12.882082883132856,14.3044282499115,0.9780162836226632,0.6705882352941176,57.0,0.012686959467828274,13.0,4.805914972273567,
EN_008_41__ES_008_41,dev,true,8,8,2.61,206.67755343977373,40.674039088875666,12.017206464103698,4.980870512530662,0.8170731707317073,67.0,0.012389402836561203,11.0,4.21455938697318,2.73,226.64827826198274,15.503982881691446,14.124669150670858,1.1908034768475726,0.7790697674418605,67.0,0.012745182029902935,11.0,4.029304029304029,
EN_008_42__ES_008_42,dev,true,8,8,1.525,233.66919346891743,13.319897067986494,14.665426900383832,0.9885338694477626,0.8125,39.0,0.013425387442111969,8.0,5.245901639344263,2.05,227.33728761783172,15.123397247317868,14.178613713570646,1.1765133545648292,0.8615384615384616,56.0,0.016406076028943062,9.0,4.390243902439025,
EN_008_43__ES_008_43,dev,true,8,8,1.47,209.5425714976053,7.06880134363406,12.797101108528631,0.5827093383586539,0.7391304347826086,34.0,0.009735357947647572,6.0,4.081632653061225,1.84,206.50014698344603,9.390048643562443,12.5357565707135,0.7892647056027555,0.603448275862069,35.0,0.007322422228753567,5.0,2.717391304347826,
EN_008_44__ES_008_44,dev,true,8,8,1.01,200.6991805618157,3.5271099058357924,12.057734592691528,0.3049881169476771,0.40625,13.0,0.006796419620513916,4.0,3.9603960396039604,1.33,217.0981861160979,14.874105181064381,13.381470856427791,1.144120730035934,0.8333333333333334,35.0,0.007703463081270456,5.0,3.7593984962406015,
EN_008_45__ES_008_45,dev,true,8,8,4.22,110.34543910781716,31.085348986857607,0.9262327611896941,5.3426321996616695,0.1590909090909091,21.0,0.011866374872624874,12.0,2.843601895734597,4.0,159.38656456976793,19.12372167731762,7.950042284999219,2.023777575643054,0.5873015873015873,74.0,0.0065956804901361465,10.0,2.5,
EN_008_46__ES_008_46,dev,true,8,8,2.15,142.79059818572796,9.995732544135429,6.123955328477479,1.2212671221902736,0.3382352941176471,23.0,0.007182274479418993,9.0,4.186046511627907,1.7,152.55808813107774,14.221592600216514,7.246042284999217,1.4700965954657539,0.46296296296296297,25.0,0.004273562226444483,6.0,3.5294117647058822,
EN_008_47__ES_008_47,dev,true,8,8,1.37,300.80068963482245,68.49135507203118,18.660756570713506,3.6558504273204036,0.6511627906976745,28.0,0.016076277941465378,5.0,3.64963503649635,1.61,279.51267409515384,80.62036769210188,17.197264507221448,4.337977390386697,0.7058823529411765,36.0,0.008054626174271107,3.0,1.8633540372670807,
EN_008_48__ES_008_48,dev,true,8,8,1.01,1619.6300936800458,148.60987750814303,48.1389311738881,1.5765253244922595,0.28125,9.0,0.005534422118216753,2.0,1.9801980198019802,0.65,nan,nan,nan,nan,0.0,0.0,0.0031815338879823685,2.0,3.0769230769230766,
EN_008_49__ES_008_49,dev,true,8,8,0.76,245.46165563791612,40.934853388231005,15.31115339611033,2.8321838626930216,0.75,18.0,0.009914531372487545,2.0,2.6315789473684212,0.68,222.95924090216673,13.755760921026416,13.850042284999219,1.0281745265969475,0.3181818181818182,7.0,0.004366633016616106,2.0,2.941176470588235,
EN_008_4__ES_008_4,dev,true,8,8,2.11,139.17811614457796,11.336604124796342,5.666708951665885,1.393679041186051,0.6363636363636364,42.0,0.005318264942616224,6.0,2.843601895734597,1.96,151.54913687230516,20.555531480507614,7.039785874742808,2.335983279685822,0.6290322580645161,39.0,0.003285915357992053,8.0,4.081632653061225,
EN_008_50__ES_008_50,dev,true,8,8,1.85,296.455408225508,143.71072901348379,17.590042284999218,5.737300952732236,0.7758620689655172,45.0,0.010579219087958336,8.0,4.324324324324324,1.71,274.71930830274414,21.20638888510776,17.44504228499922,1.31528514018824,0.7407407407407407,40.0,0.00969326589256525,5.0,2.9239766081871346,
EN_008_51__ES_008_51,dev,true,8,8,1.35,187.75173480412283,13.926320867250771,10.857449692406625,1.3015449298389872,0.627906976744186,27.0,0.0036570236552506685,4.0,2.962962962962963,1.23,177.98945992265126,7.418763641420479,9.966708951665884,0.7127801593447701,0.15384615384615385,6.0,0.0028955459129065275,3.0,2.4390243902439024,
EN_008_52__ES_008_52,dev,true,8,8,0.96,214.5326249948792,7.242693927305723,13.204587739544673,0.5805383651305308,0.3548387096774194,11.0,0.0028284627478569746,4.0,4.166666666666667,1.0,nan,nan,nan,nan,0.0,0.0,0.0024479797575622797,3.0,3.0,
EN_008_53__ES_008_53,dev,true,8,8,3.21,250.86562067904308,30.89795688896876,15.789515969209745,2.1586471730527266,0.37623762376237624,38.0,0.010249583050608635,11.0,3.426791277258567,3.01,300.90990312060296,49.37955320303458,18.821470856427787,3.002787820322567,0.5157894736842106,49.0,0.012422793544828892,13.0,4.318936877076412,
EN_008_54__ES_008_54,dev,true,8,8,1.91,265.59794214108956,22.061740981834753,16.85004228499922,1.4599412904047104,0.8166666666666667,49.0,0.012793785892426968,9.0,4.712041884816754,1.88,278.1433738743099,29.40944370383027,17.62077399231629,1.7230494666736649,0.6949152542372882,41.0,0.01255436148494482,8.0,4.25531914893617,
EN_008_55__ES_008_55,dev,true,8,8,0.85,125.42020016314842,2.8501341148266377,3.9167089516658837,0.39721250959376553,0.3333333333333333,9.0,0.004616040736436844,3.0,3.5294117647058822,1.01,135.8577255288888,7.684297018642268,5.278613713570647,0.9490059245852785,0.4375,14.0,0.0032679527066648006,2.0,1.9801980198019802,
EN_008_56__ES_008_56,dev,true,8,8,1.59,124.08633575661905,6.428767755895591,3.7149071498640827,0.8383433522925374,0.74,37.0,0.008818646892905235,6.0,3.773584905660377,1.94,121.63338974326577,10.14494208614746,3.334657669614602,1.3648590537804233,0.639344262295082,39.0,0.003118869150057435,8.0,4.123711340206186,
EN_008_57__ES_008_57,dev,true,8,8,2.29,124.45618441165276,7.2142088325522415,3.759133194090127,0.988988965334659,0.6111111111111112,44.0,0.005336937494575977,8.0,3.493449781659389,1.56,126.6140542006237,11.304230182595813,4.015259676303566,1.5622193509770343,0.46938775510204084,23.0,0.003943260759115219,6.0,3.846153846153846,
EN_008_5__ES_008_5,dev,true,8,8,0.63,205.4478434757229,6.2900820258812695,12.457185142142075,0.528426621090905,0.7,14.0,0.009104966185986996,1.0,1.5873015873015872,0.62,209.3684432822751,5.03348411239557,12.787542284999219,0.4151430476353908,0.4,8.0,0.0023637034464627504,1.0,1.6129032258064517,
EN_008_6__ES_008_6,dev,true,8,8,3.16,144.5761613166275,10.63907443731171,6.333913252741154,1.298410138044402,0.31313131313131315,31.0,0.007118471898138523,12.0,3.7974683544303796,2.69,147.92660362674133,2.3754585749826616,6.776358074472903,0.2769041355361231,0.2235294117647059,19.0,0.004289573989808559,11.0,4.089219330855019,
EN_008_7__ES_008_7,dev,true,8,8,1.86,312.2355985566598,87.59829628898271,19.03754228499922,4.804018500172538,0.2711864406779661,16.0,0.018450383096933365,3.0,1.6129032258064515,1.41,263.333529206456,39.64822931992063,16.586405921362857,2.4059670999310048,0.4888888888888889,22.0,0.00639356579631567,3.0,2.127659574468085,
EN_008_8__ES_008_8,dev,true,8,8,1.535,340.129693858947,75.96385401180571,20.78482489369487,3.705062188723186,0.4791666666666667,23.0,0.01800345629453659,4.0,2.6058631921824107,1.11,331.20228935590285,70.11865048045858,20.369089904046835,3.489524329382368,0.6,21.0,0.010672111064195633,4.0,3.603603603603603,
EN_008_9__ES_008_9,dev,true,8,8,0.84,262.97185165986406,59.209349460269465,16.328613713570647,3.7025432516869077,0.5185185185185185,14.0,0.015115301124751568,1.0,1.1904761904761905,0.67,276.15901127735424,65.678065248115,17.108865814410983,4.037480114469975,0.8095238095238095,17.0,0.016480710357427597,2.0,2.9850746268656714,
EN_009_10__ES_009_10,train,true,9,9,2.04,226.98724804280755,22.48958811363183,14.111266774795135,1.6426479775581133,0.765625,49.0,0.013041209429502487,8.0,3.9215686274509802,2.0,222.54494845808827,16.96672376711323,13.80276955772649,1.2424103472985006,0.873015873015873,55.0,0.016394775360822678,6.0,3.0,
EN_009_11__ES_009_11,train,true,11,11,1.99,96.24952292434044,6.754576181820517,-0.7043055410877388,1.2127415083081536,0.7301587301587301,46.0,0.004021849017590284,7.0,3.5175879396984926,2.47,96.21315029185568,9.076497569158558,-0.7426047738243113,1.5916432663122828,0.8717948717948718,68.0,0.004091967828571796,7.0,2.8340080971659916,
EN_009_12__ES_009_12,train,true,11,11,1.25,81.50798827138263,0.8927666965015335,-3.540866805909873,0.18807418968706524,0.275,11.0,0.0026775032747536898,2.0,1.6,1.22,89.13917760299559,5.100300266203019,-2.0191884842315497,1.001832640241499,0.3333333333333333,13.0,0.001825217274017632,2.0,1.639344262295082,
EN_009_13__ES_009_13,train,true,9,9,0.94,333.93700975017174,87.61584655740505,20.329208951665887,4.253427947615376,0.8,24.0,0.02777244709432125,2.0,2.127659574468085,1.14,327.61728345947665,80.40334210629925,20.061153396110328,4.011588152611487,0.75,27.0,0.03811543062329292,3.0,2.6315789473684212,
EN_009_14__ES_009_14,train,true,9,9,1.21,246.1258900893312,21.63611848469565,15.527315012271943,1.4984634002815924,0.5789473684210527,22.0,0.012423927895724773,1.0,0.8264462809917356,1.04,252.34410679915229,14.535465276181407,15.996470856427791,0.9846979750364155,0.8484848484848485,28.0,0.024188430979847908,1.0,0.9615384615384615,
EN_009_15__ES_009_15,train,true,9,9,1.35,258.6095868624165,34.55765473169747,16.319607502390518,2.029228763885795,0.5348837209302325,23.0,0.019255952909588814,4.0,2.962962962962963,0.98,278.42278535012724,48.18479307698318,17.486042284999215,2.8397013927524144,0.8064516129032258,25.0,0.02280212752521038,2.0,2.0408163265306123,
EN_009_16__ES_009_16,train,true,11,11,0.74,87.85321496469906,3.857678258438683,-2.2582910483341156,0.7466127212655541,0.5,12.0,0.002631318522617221,1.0,1.3513513513513513,0.95,105.46588882668644,8.213928658751566,0.8682241031810363,1.359691262963218,0.36666666666666664,11.0,0.0023094622883945704,1.0,1.0526315789473684,
EN_009_19__ES_009_19,train,true,9,9,2.59,238.013938421839,21.563866780210713,14.945756570713508,1.4981355760015964,0.8641975308641975,70.0,0.017235733568668365,9.0,3.474903474903475,2.81,244.54999551625303,23.66526489341045,15.406292284999218,1.5862568951780798,0.7272727272727273,64.0,0.018657846376299858,8.0,2.8469750889679717,
EN_009_1__ES_009_1,train,true,9,9,3.23,230.18869397722415,12.10352480918732,14.410042284999218,0.9057593499379406,0.9900990099009901,100.0,0.011833187192678452,8.0,2.476780185758514,2.65,230.08183355007895,24.485277760334302,14.34477912710448,1.5993333098547913,0.9156626506024096,76.0,0.014600155875086784,7.0,2.6415094339622645,
EN_009_20__ES_009_20,train,true,9,9,1.525,241.79274193494524,15.003886152002066,15.252481309389465,1.0607148544163671,0.8541666666666666,41.0,0.03229305148124695,6.0,3.934426229508197,1.63,259.57316017659923,28.494765889305334,16.41345691914556,1.8462560794768836,0.803921568627451,41.0,0.022770892828702927,4.0,2.4539877300613497,
EN_009_21__ES_009_21,train,true,9,9,1.35,257.676244991566,40.23283169829686,16.15004228499922,2.953591661639046,0.627906976744186,27.0,0.03031591698527336,5.0,3.7037037037037033,1.13,238.68835627851695,6.791223010267606,15.054390111086175,0.499981096050958,0.6388888888888888,23.0,0.016125831753015518,4.0,3.5398230088495577,
EN_009_22__ES_009_22,train,true,11,11,2.51,101.36278747328461,6.466686675088565,0.1989311738881067,1.1088777554551312,0.569620253164557,45.0,0.004017502069473267,9.0,3.5856573705179287,2.51,100.59158680614266,3.345955432724763,0.09254228499921818,0.5757115162996134,0.5063291139240507,40.0,0.0021965198684483767,7.0,2.7888446215139444,
EN_009_25__ES_009_25,train,true,11,11,1.85,92.04365389878741,3.7963825656926713,-1.4499577150007816,0.7110424708474432,0.7413793103448276,43.0,0.003395519685000181,9.0,4.864864864864865,2.4,95.5665965121946,6.6622856183751304,-0.8273770698394919,1.212491350795717,0.40789473684210525,31.0,0.002431935630738735,7.0,2.916666666666667,
EN_009_26__ES_009_26,train,true,9,9,0.55,227.96193667959295,22.02374151741328,14.190042284999217,1.589465318904442,0.5555555555555556,10.0,0.003411119105294347,1.0,1.8181818181818181,0.92,260.36787555495823,50.36890572017053,16.281292284999218,3.0413234680809613,0.5517241379310345,16.0,0.007729787845164537,1.0,1.0869565217391304,
EN_009_27__ES_009_27,train,true,11,11,2.045,98.49794788949124,11.063772166012882,-0.36662438166744865,1.88527081124862,0.65625,42.0,0.0038492479361593723,8.0,3.9119804400977998,1.89,98.3650610963777,3.686754973307978,-0.29732613605341424,0.6402042610330508,0.31666666666666665,19.0,0.003625073004513979,6.0,3.174603174603175,
EN_009_28__ES_009_28,train,true,11,11,1.68,94.75642458763593,3.411640358958992,-0.9435061020975557,0.6164076384106113,0.5849056603773585,31.0,0.002984109101817012,7.0,4.166666666666667,1.95,100.80656082160733,3.1227572138289657,0.1308115157684479,0.5342278617631463,0.4262295081967213,26.0,0.0026869126595556736,7.0,3.58974358974359,
EN_009_29__ES_009_29,train,true,11,11,1.24,2047.5834255044756,8.844155356835778,52.270042284999214,0.07483314773547685,0.1282051282051282,5.0,0.0032015384640544653,4.0,3.2258064516129035,1.15,87.76675498316237,5.002284137429904,-2.2880529530960203,1.0101749921371193,0.5833333333333334,21.0,0.002226636977866292,3.0,2.608695652173913,
EN_009_2__ES_009_2,train,true,11,11,0.62,nan,nan,nan,nan,0.0,0.0,0.002446711529046297,1.0,1.6129032258064517,0.81,1766.1645960598066,13.879005295169359,49.71004228499921,0.1356465996625094,0.19230769230769232,5.0,0.002771388739347458,1.0,1.2345679012345678,
EN_009_30__ES_009_30,train,true,9,9,1.1,221.93876741941088,7.558212967300429,13.791977768870186,0.5862808935657463,0.8857142857142857,31.0,0.015336696058511734,3.0,2.727272727272727,1.18,247.13744326194086,14.048797350207874,15.635756570713507,0.9851447630077691,0.7567567567567568,28.0,0.013137444853782654,2.0,1.6949152542372883,
EN_009_31__ES_009_31,train,true,9,9,1.24,237.91825329700572,10.499046247152696,14.988751962418576,0.7635559507373043,0.7948717948717948,31.0,0.014674554578959942,5.0,4.032258064516129,1.34,232.97583259029227,23.85694166009477,14.55735935816995,1.6855758578703408,0.9761904761904762,41.0,0.01154931727796793,4.0,2.9850746268656714,
EN_009_32__ES_009_32,train,true,11,11,0.79,110.33927493205799,6.490264482107661,1.6750422849992193,0.9762812094883322,0.64,16.0,0.0037725684233009815,2.0,2.531645569620253,1.37,111.51833101585342,23.25108312552388,1.5531672849992173,3.2986251278941956,0.7441860465116279,32.0,0.003686046227812767,2.0,1.4598540145985401,
EN_009_33__ES_009_33,train,true,9,9,1.0,265.64020093261405,23.669647046993052,16.857185142142075,1.333879564982367,0.875,28.0,0.017863359302282333,2.0,2.0,1.05,313.95974634067665,60.74070128992208,19.505597840554774,3.1705629051956166,0.5454545454545454,18.0,0.01972517929971218,2.0,1.9047619047619047,
EN_009_34__ES_009_34,train,true,11,11,3.44,100.90548988931485,9.036440386317505,0.09034079246190432,1.4895716805479051,0.6203703703703703,67.0,0.0029664929024875164,7.0,2.0348837209302326,2.74,90.82664278728272,8.434313997008747,-1.7465094391387133,1.7078889487076483,0.3372093023255814,29.0,0.0022042032796889544,5.0,1.824817518248175,
EN_009_35__ES_009_35,train,true,9,9,1.56,247.20709002511825,14.437388685839146,15.639515969209745,1.0012595945224547,0.7755102040816326,38.0,0.027777234092354774,4.0,2.564102564102564,1.82,218.57860087136697,89.07736164994012,11.334133194090128,9.708008483669978,0.7719298245614035,44.0,0.02408604510128498,4.0,2.1978021978021975,
EN_009_36__ES_009_36,train,true,11,11,0.7,1840.8602583048837,32.2808421996422,50.425042284999215,0.3031088913245539,0.18181818181818182,4.0,0.016631530597805977,1.0,1.4285714285714286,1.02,120.40108075434591,3.7814643997986255,3.2055978405547734,0.5459163776239216,0.28125,9.0,0.005722642410546541,1.0,0.9803921568627451,
EN_009_37__ES_009_37,train,true,9,9,0.67,232.28782044555038,4.610093958406206,14.587542284999218,0.34437443284889874,0.7619047619047619,16.0,0.00978379137814045,2.0,2.9850746268656714,1.01,241.02452148428875,11.129920011629745,15.212542284999218,0.7720710783341137,0.5,16.0,0.02268213964998722,2.0,1.9801980198019802,
EN_009_38__ES_009_38,train,true,11,11,2.28,97.39728474396298,13.222082920194012,-0.6047964246782015,2.2284579812025695,0.8611111111111112,62.0,0.005219733342528343,7.0,3.0701754385964914,3.01,100.02987393688883,4.460619714950957,-0.01281485785792475,0.7978849592286257,0.3684210526315789,35.0,0.0031784679740667343,8.0,2.6578073089700998,
EN_009_39__ES_009_39,train,true,9,9,2.81,252.10196385551416,27.544067536893674,15.914515969209745,1.757517982791014,0.8636363636363636,76.0,0.02172160893678665,10.0,3.5587188612099645,2.58,238.1073220592155,20.036736503749466,14.963601607033116,1.3575223726493826,0.7283950617283951,59.0,0.020029060542583466,8.0,3.1007751937984493,
EN_009_3__ES_009_3,train,true,11,11,1.88,94.2984689704081,4.279267354526025,-1.0332910483341151,0.7572244640058117,0.5084745762711864,30.0,0.0031375745311379433,6.0,3.191489361702128,1.77,89.5587157275559,4.454915998814474,-1.9299577150007823,0.8433267456923209,0.44642857142857145,25.0,0.003119085682556033,5.0,2.824858757062147,
EN_009_40__ES_009_40,train,true,9,9,2.74,263.4376249510763,35.52372296835258,16.62305815801509,2.2128919775962745,0.7325581395348837,63.0,0.02523083984851837,8.0,2.9197080291970803,2.69,244.56197183786935,34.01913607718905,15.332708951665888,2.216566313517874,0.8823529411764706,75.0,0.0187592264264822,7.0,2.6022304832713754,
EN_009_41__ES_009_41,train,false,9,11,3.01,279.805395607605,28.329375092482255,17.726129241520955,1.7271092690450045,0.968421052631579,92.0,0.020646220073103905,13.0,4.318936877076412,2.94,288.69857932795355,13.306280605316514,18.335756570713507,0.8184106049944283,0.22826086956521738,21.0,0.0015547295333817601,10.0,3.4013605442176873,
EN_009_42__ES_009_42,train,true,9,9,2.12,1788.185747308392,4.466111700190987,49.92504228499922,0.04330127018922255,0.05970149253731343,4.0,0.001383902272209525,0.0,nan,2.49,257.0385484217101,22.314732572053707,16.276708951665885,1.535563595412302,0.5769230769230769,45.0,0.0014912048354744911,9.0,3.614457831325301,
EN_009_43__ES_009_43,train,true,11,11,2.48,101.81712010777561,9.408414262571814,0.23875196241857286,1.5861400538891608,0.7948717948717948,62.0,0.004028453025966883,13.0,5.241935483870968,2.58,95.1029762465004,4.874704326261003,-0.8923819574250249,0.8988309926519548,0.4074074074074074,33.0,0.003632564330473542,6.0,2.3255813953488373,
EN_009_44__ES_009_44,train,true,11,11,3.18,103.41947205281924,15.919314139014718,0.3947791271044812,2.489842244888646,0.38,38.0,0.0031181059312075377,8.0,2.5157232704402515,4.89,86.91118213986422,4.426760853533437,-2.4499577150007816,0.848528137423856,0.10457516339869281,16.0,0.003987935837358236,9.0,1.8404907975460123,
EN_009_45__ES_009_45,train,true,11,11,1.73,90.10294490449549,5.029374086009376,-1.8307269457700128,0.9535436865346953,0.4727272727272727,26.0,0.0021166757214814425,5.0,2.8901734104046244,2.89,84.27924625505943,3.6435980985719647,-2.97662438166745,0.7288956639251528,0.16483516483516483,15.0,0.0017437773058190942,4.0,1.3840830449826989,
EN_009_46__ES_009_46,train,true,11,11,3.15,102.624328797215,10.36715952545173,0.3568604668174001,1.7981553334753329,0.4444444444444444,44.0,0.0029013219755142927,7.0,2.2222222222222223,2.91,105.99432403229243,5.845034594999031,0.9820422849992181,0.9405190056559202,0.27472527472527475,25.0,0.0034069225657731295,7.0,2.4054982817869415,
EN_009_47__ES_009_47,train,true,9,9,1.42,237.81450442549308,13.738239297973285,14.970042284999218,0.9768657362537944,0.6666666666666666,30.0,0.01082915160804987,3.0,2.1126760563380285,1.28,229.8034607601528,16.650299044158242,14.364327999284932,1.1516802277276346,0.8536585365853658,35.0,0.039729587733745575,3.0,2.34375,
EN_009_48__ES_009_48,train,true,9,9,0.79,351.0441373937066,57.10425717224795,21.513678648635576,2.790657376863258,0.88,22.0,0.04839685931801796,2.0,2.531645569620253,1.12,311.73505800805617,52.273218088286264,19.41670895166589,3.115195731321621,0.75,27.0,0.0718969851732254,2.0,1.7857142857142856,
EN_009_49__ES_009_49,train,true,9,9,2.27,268.39333540387537,17.531622918514575,17.05404228499922,1.1584403307896356,0.352112676056338,25.0,0.012965413741767406,5.0,2.202643171806167,2.17,245.1034451722822,29.183660390432347,15.396850795637516,2.0766022846077696,0.6911764705882353,47.0,0.025170454755425453,5.0,2.3041474654377883,
EN_009_4__ES_009_4,train,true,11,11,1.33,91.45937962818249,7.540064595468322,-1.6110688261118924,1.549960174717362,0.42857142857142855,18.0,0.003821868682280183,7.0,5.263157894736842,1.57,91.47440114445932,4.972561235394768,-1.5646635973537235,0.839163572690154,0.68,34.0,0.003568504238501191,6.0,3.821656050955414,
EN_009_50__ES_009_50,train,true,11,11,3.13,111.05340654527295,8.564619477016112,1.7646764313406815,1.3138216413103763,0.41836734693877553,41.0,0.005268163979053497,8.0,2.5559105431309903,4.33,97.4011212051728,10.94188674234695,-0.558022231129814,1.8507451321629258,0.45588235294117646,62.0,0.002657797886058688,8.0,1.8475750577367205,
EN_009_51__ES_009_51,train,true,11,11,2.21,98.41280123296274,3.484091144918556,-0.2877955528386203,0.6113128766539211,0.5285714285714286,37.0,0.0027971051167696714,6.0,2.7149321266968327,2.16,90.01832604261115,12.653175170353286,-2.0139577150007817,2.667715127220296,0.36764705882352944,25.0,0.0024575297720730305,6.0,2.7777777777777777,
EN_009_52__ES_009_52,train,true,9,9,4.54,262.9428094172665,55.21741706300054,16.41383538844749,3.2129961458202656,0.8169014084507042,116.0,0.01335703395307064,11.0,2.4229074889867843,4.55,258.1978103498927,34.02402393040447,16.279042284999218,2.1990586622461894,0.6993006993006993,100.0,0.026912355795502663,10.0,2.197802197802198,
EN_009_53__ES_009_53,train,true,9,9,2.27,235.60111406388026,38.71829110070006,14.505597840554774,3.7087317721863746,0.7605633802816901,54.0,0.012114259414374828,4.0,1.7621145374449338,2.19,237.89643450966352,13.369984115329506,14.976827999284932,0.968705150377218,0.8115942028985508,56.0,0.02575576864182949,5.0,2.2831050228310503,
EN_009_54__ES_009_54,train,true,9,9,1.21,247.19766730685862,31.352645677454998,15.530811515768448,2.1709656183312362,0.6842105263157895,26.0,0.012249222956597805,2.0,1.6528925619834711,1.3,313.3321351107451,54.77902706954935,19.53068744628954,2.8326915679704308,0.7560975609756098,31.0,0.02800064906477928,3.0,2.3076923076923075,
EN_009_55__ES_009_55,train,true,11,11,1.44,nan,nan,nan,nan,0.0,0.0,0.002015345497056842,1.0,0.6944444444444444,1.45,178.89161138461603,74.64847335495922,8.273571696763925,8.197957379147043,0.3695652173913043,17.0,0.0016608531586825848,1.0,0.6896551724137931,
EN_009_5__ES_009_5,train,true,11,11,2.46,92.00029482141596,1.875821843807412,-1.447100572143639,0.3549532881023838,0.45454545454545453,35.0,0.003643454285338521,9.0,3.658536585365854,1.71,101.63496479184924,11.75648173229094,0.17731501227194518,1.8402524081277094,0.8148148148148148,44.0,0.003478063503280282,7.0,4.093567251461988,
EN_009_6__ES_009_6,train,true,11,11,1.59,90.9122799320352,2.4147840036614103,-1.655513270556337,0.45822389265780217,0.72,36.0,0.0025602090172469616,4.0,2.5157232704402515,1.81,90.71101658499383,4.27855077255644,-1.7082910483341152,0.8561460804740687,0.631578947368421,36.0,0.001950947567820549,3.0,1.6574585635359116,
EN_009_7__ES_009_7,train,true,11,11,1.38,101.45694630460416,9.145124901433622,0.17861371357064706,1.584791666387207,0.4772727272727273,21.0,0.003341717878356576,6.0,4.347826086956522,1.17,108.93260276002975,14.130511065691103,1.3364059213628543,2.2369409823859208,0.5945945945945946,22.0,0.005064115859568119,4.0,3.418803418803419,
EN_009_8__ES_009_8,train,true,11,11,2.18,89.66283752310164,5.205048962948723,-1.9184762335193004,1.0128478504571072,0.782608695652174,54.0,0.0026898030191659927,6.0,2.7522935779816513,2.04,95.71624188587406,7.469211202028292,-0.8067144717575391,1.2756642234941742,0.578125,37.0,0.002422378631308675,6.0,2.941176470588235,
EN_009_9__ES_009_9,train,true,9,9,2.11,277.2092196545699,73.37711368274428,17.114657669614605,4.1783482481526395,0.9848484848484849,65.0,0.03467878699302673,9.0,4.265402843601896,2.56,234.0740145098606,43.831142247498434,14.347225383590768,3.8452814263932686,0.8765432098765432,71.0,0.0303800068795681,7.0,2.734375,
EN_010_10__ES_010_10,train,true,10,10,1.67,121.51809933125664,8.544244029612797,3.333375618332552,1.172485489130771,0.7924528301886793,42.0,0.005315983202308416,6.0,3.5928143712574854,1.92,118.83218481041537,12.296657165661953,2.8978683719557394,1.7503712811652754,0.7540983606557377,46.0,0.00534023717045784,5.0,2.604166666666667,
EN_010_11__ES_010_11,train,true,2,2,0.72,199.11791599001134,4.3978845968186375,11.919273054229988,0.3810604946615649,0.5652173913043478,13.0,0.0069478717632591724,2.0,2.7777777777777777,1.05,199.1119838095196,10.274749102110958,11.90004228499922,0.8896004096721676,0.5454545454545454,18.0,0.0052077858708798885,3.0,2.857142857142857,
EN_010_12__ES_010_12,train,true,10,10,3.25,126.03047739560853,15.368763928564311,3.882542284999218,2.0370797112533428,0.7843137254901961,80.0,0.006718323100358248,12.0,3.6923076923076925,4.59,137.7070827788858,17.543934827132382,5.407840450136831,2.099117052388852,0.7569444444444444,109.0,0.006469757296144962,11.0,2.396514161220044,
EN_010_13__ES_010_13,train,true,2,2,0.79,208.15451693817852,37.4978892851222,12.450042284999219,2.786944352427836,0.68,17.0,0.004494046792387962,1.0,1.2658227848101264,0.69,186.46976374513812,10.640028845649852,10.75837561833255,1.007851124367527,0.5454545454545454,12.0,0.006403638515621424,1.0,1.4492753623188408,
EN_010_14__ES_010_14,train,true,10,10,5.34,115.3305348968757,13.573467316098204,2.3559828790586237,1.9564982753433313,0.6047904191616766,101.0,0.006754739675670862,14.0,2.6217228464419478,3.98,123.27929172214952,15.644270286959667,3.4891727197818265,2.1335801979882634,0.736,92.0,0.005921574775129557,9.0,2.2613065326633164,
EN_010_15__ES_010_15,train,true,2,2,1.32,204.00084957435394,13.418661806228462,12.306042284999217,1.125372827111087,0.5952380952380952,25.0,0.005681779235601425,3.0,2.2727272727272725,1.27,205.4881508885315,7.291569216440982,12.45804228499922,0.6026076667285275,0.625,25.0,0.005274470895528793,2.0,1.574803149606299,
EN_010_16__ES_010_16,train,true,10,10,2.71,128.97228403064835,15.491382336515665,4.290042284999218,1.9519514045473283,0.8235294117647058,70.0,0.005457662511616945,7.0,2.5830258302583027,1.81,143.29139613045965,17.769482574110476,6.095988230945164,2.1275026083249604,0.6491228070175439,37.0,0.006501275580376387,5.0,2.7624309392265194,
EN_010_17__ES_010_17,train,true,10,10,1.32,118.3680096659098,12.090069281575689,2.828613713570647,1.7757004941425119,0.6666666666666666,28.0,0.006230656523257494,4.0,3.0303030303030303,2.06,125.13224775215637,6.973353834961542,3.854208951665885,0.9746705283781224,0.7384615384615385,48.0,0.006381141487509012,4.0,1.941747572815534,
EN_010_18__ES_010_18,train,true,10,10,3.78,117.17218004846,6.359195668295826,2.7175747525316853,0.9532502919358216,0.6470588235294118,77.0,0.008803090080618858,6.0,1.5873015873015874,3.48,128.30812912532375,7.446887193386649,4.2862922849992176,1.002527275190057,0.7339449541284404,80.0,0.006667898967862129,9.0,2.586206896551724,
EN_010_19__ES_010_19,train,true,2,2,1.48,262.81422909054174,52.56441090583715,16.368792284999216,3.5616391503772524,0.3404255319148936,16.0,0.030287940055131912,4.0,2.7027027027027026,1.79,747.7009886481826,733.1395817952903,27.59170895166589,14.783781936072154,0.6428571428571429,36.0,0.027343060821294785,2.0,1.1173184357541899,
EN_010_1__ES_010_1,train,true,2,2,2.41,266.20366146322044,68.13399371917873,16.500042284999218,3.7327938598320696,0.631578947368421,48.0,0.009546908549964428,7.0,2.904564315352697,3.43,232.68922373321527,50.271505351591976,14.306986729443663,3.107197128750215,0.6666666666666666,72.0,0.010560774244368076,8.0,2.332361516034985,
EN_010_20__ES_010_20,train,true,2,2,2.74,243.25613535510362,25.165881355614108,15.300861957130367,1.7370243022186689,0.7093023255813954,61.0,0.008911673910915852,9.0,3.284671532846715,2.62,257.91485145866903,28.282529143903975,16.29780347902907,1.9119700092067444,0.8170731707317073,67.0,0.009466219693422318,8.0,3.0534351145038165,
EN_010_21__ES_010_21,train,true,10,10,0.89,160.03648665526904,52.41684071773181,7.306564024129651,5.223760604987855,0.8214285714285714,23.0,0.007283375598490238,2.0,2.247191011235955,0.95,128.71826965244907,11.242626480114575,4.306292284999218,1.4828050908666317,0.5333333333333333,16.0,0.0051668076775968075,3.0,3.1578947368421053,
EN_010_22__ES_010_22,train,true,10,10,2.15,129.16867555145564,8.383323842898886,4.3947791271044805,1.1198442956667665,0.5588235294117647,38.0,0.007875152863562107,8.0,3.7209302325581395,2.37,140.32856598615749,8.519675946193672,5.833119208076141,1.0679339119237137,0.8666666666666667,65.0,0.0072020008228719234,5.0,2.109704641350211,
EN_010_23__ES_010_23,train,true,10,10,1.7,119.84194666839856,3.195044513941633,3.127461639837929,0.4605114109611086,0.5740740740740741,31.0,0.006791412364691496,5.0,2.9411764705882355,1.72,114.932902954924,6.926355148797967,2.377315012271946,1.0620941940972022,0.6111111111111112,33.0,0.006516605615615845,6.0,3.488372093023256,
EN_010_24__ES_010_24,train,true,10,10,1.89,132.90749717227507,14.991066079429846,4.825042284999217,1.8213537672441742,0.7333333333333333,44.0,0.008226979523897171,6.0,3.174603174603175,3.28,122.30177693898166,15.894663695460563,3.354980556604156,2.069884068714478,0.7864077669902912,81.0,0.00810182187706232,5.0,1.524390243902439,
EN_010_25__ES_010_25,train,true,10,10,3.4,129.94677139853962,29.92254016541709,4.134327999284933,3.6085864155327285,0.6542056074766355,70.0,0.004390635993331671,11.0,3.235294117647059,2.5,139.96452205891353,13.075203847944566,5.7430247411395685,1.6526278541322055,0.7215189873417721,57.0,0.0026974212378263474,9.0,3.6,
EN_010_26__ES_010_26,train,true,2,2,1.96,252.07438053387813,29.693233446454094,15.874042284999218,2.1914889915306444,0.8064516129032258,50.0,0.011037723161280155,10.0,5.1020408163265305,2.41,246.12810947658681,30.561081262901773,15.453072588029523,2.2269676146404747,0.868421052631579,66.0,0.008519893512129784,8.0,3.3195020746887964,
EN_010_27__ES_010_27,train,true,2,2,1.6,234.17411665447193,8.007726015889824,14.72087561833255,0.5912410440947276,0.47058823529411764,24.0,0.020829420536756516,9.0,5.625,1.39,214.74809461865217,17.404858108795185,13.174366609323542,1.4131439752600345,0.8409090909090909,37.0,0.017915429547429085,6.0,4.316546762589929,
EN_010_28__ES_010_28,train,true,10,10,1.78,161.7904861414732,45.14918625856652,7.633826068783003,4.955450917029488,0.6607142857142857,37.0,0.005013033747673035,7.0,3.932584269662921,1.69,225.25227884358804,48.72538172857659,13.603375618332553,4.0922474129613535,0.8490566037735849,45.0,0.005154233891516924,4.0,2.366863905325444,
EN_010_29__ES_010_29,train,true,10,10,1.81,148.48878396299818,20.332661116481578,6.674486729443663,2.451408262435248,0.7894736842105263,45.0,0.007024786435067654,4.0,2.2099447513812156,1.7,154.24047404158048,13.66563931615752,7.435408138657754,1.5139289823872442,0.7592592592592593,41.0,0.013253124430775642,5.0,2.9411764705882355,
EN_010_2__ES_010_2,train,true,2,2,2.79,205.08013363496778,47.36864774825786,11.797868371955744,5.0964923628449466,0.5227272727272727,46.0,0.009594443254172802,12.0,4.301075268817204,2.43,216.9461470071809,20.20347015415582,13.33699880673835,1.5485770039749636,0.6052631578947368,46.0,0.01210167445242405,9.0,3.7037037037037033,
EN_010_30__ES_010_30,train,true,10,10,1.78,134.15117631771724,39.09388443261066,4.561405921362854,3.910371751049376,0.7857142857142857,44.0,0.005065191071480513,7.0,3.932584269662921,1.77,123.37586137878594,5.6531422354876595,3.618792284999218,0.785587956565018,0.5714285714285714,32.0,0.007073228247463703,5.0,2.824858757062147,
EN_010_31__ES_010_31,train,true,10,10,1.24,116.87835514899591,10.587934061146358,2.6294540497050995,1.5621966833624537,0.8717948717948718,34.0,0.005895902868360281,2.0,1.6129032258064517,1.21,116.97492679438169,10.272525363405837,2.653072588029521,1.4279641894510005,0.868421052631579,33.0,0.007428515702486038,3.0,2.479338842975207,
EN_010_32__ES_010_32,train,true,10,10,0.98,106.05750546793509,2.7331948483113733,1.012542284999218,0.4385701198212209,0.7741935483870968,24.0,0.004437858238816261,2.0,2.0408163265306123,1.56,116.79785806966697,8.517058328990414,2.643065540813171,1.2444098907527827,0.8775510204081632,43.0,0.007317455485463142,4.0,2.564102564102564,
EN_010_33__ES_010_33,train,true,10,10,1.99,131.7687743012121,8.576840691259184,4.739515969209744,1.1250238532405035,0.6031746031746031,38.0,0.005017360206693411,3.0,1.5075376884422111,2.27,130.33659204482134,8.583108178081714,4.550042284999217,1.1250120772298593,0.647887323943662,46.0,0.004291709512472153,2.0,0.8810572687224669,
EN_010_34__ES_010_34,train,true,10,10,1.69,119.35824339737424,5.484258273640523,3.0457869658502816,0.7797865083738751,0.8867924528301887,47.0,0.006228177808225155,7.0,4.1420118343195265,1.64,125.1127868153548,6.5008567710915015,3.8562922849992183,0.8733093786473002,0.9230769230769231,48.0,0.006222221534699202,8.0,4.878048780487805,
EN_010_35__ES_010_35,train,true,2,2,1.93,283.47557157914116,53.0708703355269,17.760458951665886,3.060585427613845,0.7868852459016393,48.0,0.01412204559892416,9.0,4.663212435233161,1.95,262.15999546962627,46.26604793959048,16.35236786639457,3.599450111239088,0.7049180327868853,43.0,0.011500637046992779,7.0,3.58974358974359,
EN_010_36__ES_010_36,train,true,10,10,2.89,126.98276511431608,12.917297302306228,4.045630520293336,1.7668877443227857,0.7472527472527473,68.0,0.007028921507298946,7.0,2.422145328719723,2.57,119.44503273619917,11.265729334722355,3.0067587029096656,1.516498705098779,0.8271604938271605,67.0,0.0062380689196288586,5.0,1.945525291828794,
EN_010_37__ES_010_37,train,true,2,2,0.94,280.36311398501726,50.8515471799823,17.550042284999215,3.244335723336025,0.7,21.0,0.012035267427563667,3.0,3.191489361702128,0.93,278.95715229518686,71.24754827294421,17.19786837195574,4.407885184058361,0.7666666666666667,23.0,0.011701741255819798,1.0,1.075268817204301,
EN_010_3__ES_010_3,train,true,10,10,2.42,158.2262170435343,24.713240065563667,7.720951375908309,2.8203592760995884,0.7236842105263158,55.0,0.005491652060300112,10.0,4.132231404958678,2.87,167.1957853576679,26.060797247963162,8.699409373606812,2.5939985954790377,0.8777777777777778,79.0,0.005933202803134918,5.0,1.7421602787456445,
EN_010_4__ES_010_4,train,true,2,2,1.71,246.20157216584417,43.04177057660859,15.330597840554775,3.0503933666591303,0.6666666666666666,36.0,0.012973880395293236,9.0,5.2631578947368425,1.62,247.6907707350658,40.782677296009346,15.458150393107328,2.936846845465054,0.7254901960784313,37.0,0.0118224723264575,7.0,4.320987654320987,
EN_010_5__ES_010_5,train,true,10,10,2.84,129.09086519308946,26.33697185988443,4.077315012271946,3.406924564211232,0.7415730337078652,66.0,0.0062920646741986275,6.0,2.1126760563380285,2.68,164.47145959768102,19.3501038906139,8.490548614113141,2.086698014661039,0.9404761904761905,79.0,0.00695926183834672,6.0,2.2388059701492535,
EN_010_6__ES_010_6,train,true,10,10,2.84,117.47005546483608,11.395775301260468,2.708150393107325,1.64801328031555,0.8314606741573034,74.0,0.006446610204875469,11.0,3.8732394366197185,3.06,121.48514672442485,5.983268342143861,3.3487602337171665,0.8407099548235304,0.8125,78.0,0.0043325568549335,11.0,3.5947712418300655,
EN_010_7__ES_010_7,train,true,10,10,1.79,128.91683822826874,12.97558401002436,4.320042284999217,1.584960567332828,0.8928571428571429,50.0,0.005986534059047699,6.0,3.35195530726257,1.55,132.7343538706759,16.154067435337016,4.786998806738349,1.9481717957961833,0.9387755102040817,46.0,0.005368790589272976,6.0,3.8709677419354835,
EN_010_8__ES_010_8,train,true,10,10,2.63,116.86027285007154,4.325786063404122,2.685426900383833,0.6460366194028534,0.7831325301204819,65.0,0.00534891476854682,9.0,3.4220532319391634,2.24,123.52320899182907,11.574394555731915,3.5849260059294505,1.565898764278059,0.6056338028169014,43.0,0.005475413985550404,8.0,3.571428571428571,
EN_010_9__ES_010_9,train,true,10,10,2.26,137.582639939721,12.802881616159379,5.445280380237313,1.6653259913891854,0.5915492957746479,42.0,0.005727539770305157,4.0,1.7699115044247788,1.98,145.13834893167603,10.553581997125383,6.402983461469806,1.2675208071427437,0.5483870967741935,34.0,0.00934421457350254,3.0,1.5151515151515151,
EN_011_10__ES_011_10,train,true,2,2,3.04,243.36175933212445,71.66729650521388,14.611292284999218,5.377999017989869,0.8333333333333334,80.0,0.016914693638682365,14.0,4.605263157894737,2.96,243.17477501711363,70.46820709826672,14.872120207077138,3.8747475284865427,0.8279569892473119,77.0,0.00905583705753088,9.0,3.040540540540541,
EN_011_11__ES_011_11,train,true,11,11,0.91,179.24410003067015,13.028215048945912,10.056292284999218,1.2808535972155441,0.5517241379310345,16.0,0.014913470484316349,2.0,2.1978021978021975,1.23,178.9666696746242,17.35588225551827,9.996196131153063,1.6589842666053773,1.0,39.0,0.015276670455932617,2.0,1.6260162601626016,
EN_011_12__ES_011_12,train,true,11,11,3.6,121.91645431271532,9.588153473306607,3.378855844321252,1.3303562473641755,0.5221238938053098,59.0,0.011372312903404236,13.0,3.611111111111111,3.28,116.69677817254885,9.895136409936146,2.611081246038179,1.4668772241363044,0.7475728155339806,77.0,0.009720162488520145,10.0,3.048780487804878,
EN_011_13__ES_011_13,train,true,11,11,3.64,122.15243344436857,7.894561899250698,3.42771218791184,1.1266353411848873,0.9035087719298246,103.0,0.013799378648400307,14.0,3.846153846153846,4.7,126.7572845107962,14.939605890486838,3.9873438723008054,2.006921915698707,0.8571428571428571,126.0,0.010391219519078732,13.0,2.7659574468085104,
EN_011_14__ES_011_14,train,true,11,11,4.2,120.17996045738214,14.625596991092394,3.0716109124501987,1.8920694889915182,0.7727272727272727,102.0,0.009747076779603958,10.0,2.380952380952381,4.15,117.9286082238982,17.68975032419967,2.6880704540133027,2.3192013072245063,0.5461538461538461,71.0,0.005941800307482481,6.0,1.4457831325301203,
EN_011_15__ES_011_15,train,true,11,11,3.55,115.37441074385782,12.238261073526632,2.3823003495153467,1.783144575900674,0.27927927927927926,31.0,0.0071136606857180595,9.0,2.535211267605634,2.98,114.18617997324517,17.65534494239814,2.1055978405547737,2.534083709531629,0.4787234042553192,45.0,0.006743909325450659,6.0,2.0134228187919465,
EN_011_16__ES_011_16,train,true,2,2,1.8,220.39071417895616,12.578090421749827,13.652423237380168,0.9919888860835984,0.7368421052631579,42.0,0.0127063924446702,9.0,5.0,2.43,221.66666691470616,18.789476883860434,13.716708951665888,1.4996295838935993,0.6710526315789473,51.0,0.0065313465893268585,8.0,3.2921810699588474,
EN_011_17__ES_011_17,train,true,11,11,2.14,157.70868668650564,14.038639235214225,7.8175422849992176,1.5590682313484554,0.5970149253731343,40.0,0.021384717896580696,7.0,3.2710280373831773,1.99,153.89110311100293,29.392137708026187,7.159476247263368,3.2147809662142395,0.8412698412698413,53.0,0.0151271503418684,5.0,2.512562814070352,
EN_011_18__ES_011_18,train,true,11,11,1.46,125.59621541265535,2.394915495602379,3.9423499773069106,0.3315732624961887,0.2826086956521739,13.0,0.008754669688642025,5.0,3.4246575342465753,1.53,119.92899276739128,4.358343598966424,3.1346576696146027,0.6322683873241401,0.2708333333333333,13.0,0.005746894981712103,4.0,2.6143790849673203,
EN_011_19__ES_011_19,train,true,11,11,1.65,130.9471235451444,7.494987393025507,4.640364865644379,0.9669889543718739,0.5961538461538461,31.0,0.01653074473142624,5.0,3.0303030303030303,1.68,147.24732558488265,31.47638819396133,6.346708951665885,3.3937671628377153,0.5660377358490566,30.0,0.010440749116241932,4.0,2.380952380952381,
EN_011_1__ES_011_1,train,true,2,2,2.37,218.57681901830756,17.589641662995604,13.48115339611033,1.402350760088569,0.6,45.0,0.011048650369048119,5.0,2.109704641350211,2.34,230.19053924053333,34.760706386048405,14.260756570713506,2.3773243191385034,0.7567567567567568,56.0,0.008320500142872334,5.0,2.1367521367521367,
EN_011_20__ES_011_20,train,true,11,11,1.86,116.5008826752274,5.953834035175871,2.6207739923162916,0.9056042053786656,0.6949152542372882,41.0,0.007347395643591881,7.0,3.7634408602150535,1.76,109.03844745454279,5.160449288291431,1.4786137135706467,0.8206518066482894,0.375,21.0,0.004267706070095301,5.0,2.840909090909091,
EN_011_21__ES_011_21,train,true,11,11,3.37,176.25033001450046,34.787366701538794,9.463029297986232,3.508296313854541,0.7264150943396226,77.0,0.018129505217075348,13.0,3.857566765578635,3.535,149.25133816767652,26.465706963609335,6.674000618332552,2.9618668378120168,0.8648648648648649,96.0,0.008705965243279934,11.0,3.1117397454031117,
EN_011_22__ES_011_22,train,true,11,11,1.69,137.28048710803688,15.687125054512666,5.366708951665883,2.054196247251519,0.6792452830188679,36.0,0.011416488327085972,5.0,2.9585798816568047,2.03,124.775598866659,8.499425568541195,3.7925422849992194,1.1661662617311483,0.625,40.0,0.0042203208431601524,4.0,1.9704433497536948,
EN_011_23__ES_011_23,train,true,11,11,2.33,136.08385040190942,29.979645309044074,5.001965361922294,3.2100497470753036,0.7123287671232876,52.0,0.009054445661604404,5.0,2.1459227467811157,2.1,136.23868874594015,33.00519901898827,4.979729784999218,3.337742485924244,0.9696969696969697,64.0,0.010304044932126999,4.0,1.9047619047619047,
EN_011_24__ES_011_24,train,true,2,2,1.23,nan,nan,nan,nan,0.0,0.0,0.000999372685328126,1.0,0.8130081300813008,1.36,nan,nan,nan,nan,0.0,0.0,0.0008371335570700467,1.0,0.7352941176470588,
EN_011_25__ES_011_25,train,true,11,11,3.47,139.78895589603744,25.687185151896493,5.543869445493045,2.8862956599754592,0.7431192660550459,81.0,0.010278456844389439,9.0,2.593659942363112,4.66,132.39454368365892,16.27233800677664,4.735756570713503,2.029434759280739,0.5753424657534246,84.0,0.007789937779307365,9.0,1.9313304721030042,
EN_011_26__ES_011_26,train,true,11,11,2.6,120.86095595988019,8.37858323155701,3.236405921362854,1.2476506848493125,0.5365853658536586,44.0,0.015588239766657352,6.0,2.3076923076923075,2.16,130.24084753186264,18.238999379809027,4.411059234151761,2.3614859548527836,0.8676470588235294,59.0,0.011832928285002708,6.0,2.7777777777777777,
EN_011_27__ES_011_27,train,true,11,11,1.5,127.2205416877058,19.76263884983655,3.982185142142075,2.4622947443722625,0.5957446808510638,28.0,0.013752566650509834,5.0,3.3333333333333335,1.92,180.8429276137025,200.5957128203484,5.7568604668173995,9.802838126307018,0.7213114754098361,44.0,0.004811097867786884,8.0,4.166666666666667,
EN_011_28__ES_011_28,train,true,11,11,3.09,126.52280703477282,11.447411922807165,3.998119208076141,1.6304188212064958,0.5360824742268041,52.0,0.012658127583563328,11.0,3.5598705501618126,4.07,127.76530714893866,12.7018064863276,4.1512050756968915,1.801129760833364,0.671875,86.0,0.01214429922401905,11.0,2.7027027027027026,
EN_011_29__ES_011_29,train,true,11,11,2.09,112.85575509154064,10.06895327358356,2.025042284999218,1.5417117110536587,0.5454545454545454,36.0,0.007582284510135651,6.0,2.870813397129187,1.67,107.11885401733079,2.22891551763102,1.1868843902623758,0.35423828779923866,0.3584905660377358,19.0,0.006065317429602146,6.0,3.5928143712574854,
EN_011_2__ES_011_2,train,true,11,11,1.73,136.6553400441349,10.355107278290395,5.357734592691525,1.2934518744349515,0.4727272727272727,26.0,0.017249608412384987,6.0,3.468208092485549,2.67,135.63680134322385,13.019530376951153,5.20004228499922,1.6184381685017066,0.4523809523809524,38.0,0.009439896792173386,8.0,2.9962546816479403,
EN_011_30__ES_011_30,train,true,11,11,1.5,125.71272014193363,24.63674658537135,3.6427252118284863,3.3093651475702126,0.8723404255319149,41.0,0.013111820444464684,6.0,4.0,1.23,138.37215397413317,15.556134147687544,5.521094916578167,1.8410391651880285,0.9743589743589743,38.0,0.007983685471117496,5.0,4.065040650406504,
EN_011_31__ES_011_31,train,true,11,11,2.65,131.16496078096188,23.9688388936216,4.454208951665884,2.7734574040756828,0.5783132530120482,48.0,0.012862659059464931,7.0,2.6415094339622645,2.62,127.39705281254001,12.553115926650795,4.115375618332552,1.5935280215783958,0.9146341463414634,75.0,0.008697726763784885,7.0,2.6717557251908395,
EN_011_32__ES_011_32,train,true,11,11,4.15,142.50886324575282,23.408602204198647,5.912418522622981,2.7270137980004527,0.7769230769230769,101.0,0.011090834625065327,18.0,4.337349397590361,3.36,172.97313988705667,37.132055273882216,9.065518475475411,3.8749652547634,0.7924528301886793,84.0,0.012702586129307747,16.0,4.761904761904762,
EN_011_33__ES_011_33,train,true,11,11,1.52,127.89082237448925,27.685814282399463,3.715831758683428,4.667935208802003,0.7916666666666666,38.0,0.012159164994955063,7.0,4.605263157894737,1.55,156.88357476980448,37.05638227792276,7.405856238487591,3.484604166608431,0.8775510204081632,43.0,0.005742509849369526,4.0,2.5806451612903225,
EN_011_34__ES_011_34,train,true,2,2,1.51,217.34306747295486,42.11134061378226,13.095042284999218,3.517026442891779,0.8333333333333334,40.0,0.009126699529588223,6.0,3.9735099337748343,2.11,233.78132635768944,32.46662908507435,14.531860466817403,2.439529828701417,0.8333333333333334,55.0,0.0048145209439098835,7.0,3.3175355450236967,
EN_011_35__ES_011_35,train,true,2,2,0.67,245.73649967903265,18.4754172924915,15.512542284999217,1.3783481962116841,0.7619047619047619,16.0,0.016143953427672386,4.0,5.970149253731343,1.18,244.42086787039514,14.940197299829551,15.44095137590831,1.0370013986617597,0.5945945945945946,22.0,0.0030944920144975185,3.0,2.5423728813559325,
EN_011_36__ES_011_36,train,true,11,11,2.9,135.36907472222865,11.776137243644767,5.183913252741152,1.3923690125902848,0.6813186813186813,62.0,0.008510032668709755,10.0,3.4482758620689657,3.03,149.07285731610992,30.66164960268104,6.614977349934282,3.0540484620860964,0.8105263157894737,77.0,0.008046243339776993,9.0,2.9702970297029703,
EN_011_37__ES_011_37,train,true,2,2,1.52,279.1061386374761,36.17986626973958,17.621781415434,2.275069329424095,0.9583333333333334,46.0,0.012169917114078999,4.0,2.6315789473684212,2.32,252.92130951678922,47.424092061908304,15.779133194090125,3.0959018499401445,0.7534246575342466,55.0,0.005504683591425419,5.0,2.1551724137931036,
EN_011_38__ES_011_38,train,true,2,2,3.42,211.22056413161403,23.075949708709057,12.848822772804096,1.7945373683622592,0.7663551401869159,82.0,0.010762697085738182,7.0,2.046783625730994,3.88,216.71433800980182,34.05412224239692,13.199000618332553,2.4989162147346775,0.7868852459016393,96.0,0.004874889738857746,8.0,2.061855670103093,
EN_011_39__ES_011_39,train,true,11,11,0.93,122.71262318404018,5.609324828859095,3.5250422849992185,0.8003905296791064,0.5333333333333333,16.0,0.006406292784959078,2.0,2.150537634408602,1.34,137.63221215024936,9.367797478325254,5.490042284999217,1.1712102003198797,0.7142857142857143,30.0,0.005021260119974613,2.0,1.4925373134328357,
EN_011_3__ES_011_3,train,true,11,11,2.88,127.62898577087151,23.176768048744588,4.000042284999218,2.620420302948091,0.8571428571428571,78.0,0.010006946511566639,9.0,3.125,2.46,116.6577474932852,12.542039079100867,2.5796719146288476,1.6873856207743856,0.7012987012987013,54.0,0.006473247893154621,8.0,3.252032520325203,
EN_011_40__ES_011_40,train,true,2,2,1.8,236.88746576681012,42.8349887272407,14.667820062776993,2.9594510668845246,0.7894736842105263,45.0,0.016301847994327545,7.0,3.888888888888889,2.22,221.79303894904277,28.642212395081007,13.664327999284934,2.030001731397897,0.9,63.0,0.008628344163298607,6.0,2.7027027027027026,
EN_011_41__ES_011_41,train,true,11,11,6.38,133.4254635666007,33.482329399833546,4.393424637940394,4.697945455288412,0.68,136.0,0.013603491708636284,28.0,4.38871473354232,5.45,143.13646561546247,35.611938059061295,5.67172903198717,4.360889933294153,0.4853801169590643,83.0,0.008087738417088985,21.0,3.853211009174312,
EN_011_42__ES_011_42,train,true,11,11,0.6,169.40644068455092,39.9012720916367,8.673119208076143,3.908797542064831,0.6842105263157895,13.0,0.011097617447376251,2.0,3.3333333333333335,0.54,133.20150376123974,7.998632309909903,4.9300422849992165,1.0906878563548776,0.29411764705882354,5.0,0.006442622281610966,2.0,3.7037037037037033,
EN_011_4__ES_011_4,train,true,11,11,2.4,145.87552373148557,29.537383034076452,6.232854784999219,3.130023696370964,0.8421052631578947,64.0,0.014137648977339268,8.0,3.3333333333333335,2.46,116.16825497017578,8.45729919843394,2.5485716967639243,1.2638052538754474,0.8831168831168831,68.0,0.007101093884557486,7.0,2.845528455284553,
EN_011_5__ES_011_5,train,true,11,11,1.28,143.30139852772513,42.03270529465956,5.569089904046838,4.6270034577177945,0.5121951219512195,21.0,0.010230735875666142,4.0,3.125,1.66,114.77635813262678,4.677525054331329,2.3710949165781656,0.7215326869120677,0.7307692307692307,38.0,0.010609570890665054,4.0,2.4096385542168677,
EN_011_6__ES_011_6,train,true,11,11,2.06,100.81493187902097,21.868524898169536,-0.34995771500078166,4.308764851492193,0.16923076923076924,11.0,0.005087160971015692,9.0,4.368932038834951,1.86,nan,nan,nan,nan,0.0,0.0,0.003625232493504882,8.0,4.301075268817204,
EN_011_7__ES_011_7,train,true,2,2,1.52,264.63351983191006,15.681803790847026,16.817609852566783,1.0248412016882742,0.7708333333333334,37.0,0.01312964130192995,8.0,5.2631578947368425,1.47,258.6812184938131,16.839358152185536,16.41778422048309,1.1188666779737992,0.6739130434782609,31.0,0.006100472528487444,6.0,4.081632653061225,
EN_011_8__ES_011_8,train,true,11,11,1.7,133.31079053236334,22.076912345514703,4.772264507221439,2.5721490270363323,0.8333333333333334,45.0,0.011896342970430851,3.0,1.7647058823529411,1.81,151.82060019375268,42.802818470876964,6.684587739544673,4.087062433930142,0.9649122807017544,55.0,0.011816702783107758,5.0,2.7624309392265194,
EN_011_9__ES_011_9,train,true,11,11,1.51,114.53238931426009,4.672144712231081,2.3350422849992185,0.6922969016253069,0.4166666666666667,20.0,0.008145256899297237,7.0,4.635761589403973,1.92,132.09430841371167,19.586904784234978,4.643919836019626,2.4120791406843627,0.8032786885245902,49.0,0.010551361367106438,7.0,3.6458333333333335,
EN_012_10__ES_012_10,dev,true,12,12,2.21,278.0407949890898,65.2835988397636,17.311332607579864,3.5148236700924027,0.44285714285714284,31.0,0.013351764529943466,6.0,2.7149321266968327,2.39,237.378874105252,23.11781559932484,14.88413319409013,1.6880520217396078,0.5866666666666667,44.0,0.010778729803860188,7.0,2.928870292887029,
EN_012_11__ES_012_11,dev,true,12,12,2.22,337.9954573138183,43.74853632773579,20.93441728499922,2.2975679226902077,0.45714285714285713,32.0,0.014189000241458416,7.0,3.153153153153153,2.79,306.5789475300142,62.905808734746266,19.017609852566782,3.657687502651948,0.8409090909090909,74.0,0.027521193027496338,6.0,2.150537634408602,
EN_012_12__ES_012_12,dev,true,12,12,1.31,311.5826803344144,116.2678699188023,18.63850382346076,5.775633626450197,0.6341463414634146,26.0,0.014589701779186726,5.0,3.8167938931297707,2.0,256.77431625495984,52.32542284048571,16.047661332618265,2.9277399129247166,0.6666666666666666,42.0,0.031772274523973465,4.0,2.0,
EN_012_13__ES_012_13,dev,true,12,12,2.92,238.36704909215703,41.10104117280427,14.790340792461905,2.9055818489663214,0.7282608695652174,67.0,0.013906469568610191,10.0,3.4246575342465753,3.32,256.13752756572603,28.989945619485063,16.16689621758349,2.0355953746327162,0.8557692307692307,89.0,0.031668465584516525,10.0,3.0120481927710845,
EN_012_14__ES_012_14,dev,true,12,12,3.82,237.05563625070218,37.42807952270881,14.73025061833255,2.703262681143637,0.8,96.0,0.02227642573416233,12.0,3.141361256544503,3.1,235.9315021583223,26.168760987597363,14.762542284999217,1.804395674457241,0.8247422680412371,80.0,0.012534644454717636,13.0,4.193548387096774,
EN_012_15__ES_012_15,test,true,15,15,1.14,89.41330001378921,11.77514408153164,-2.103803868846936,2.465645612009898,0.7222222222222222,26.0,0.04043080657720566,3.0,2.6315789473684212,0.79,105.16818406478481,9.858353455638177,0.7967089516658845,1.616938121539871,0.6,15.0,0.009888296015560627,2.0,2.531645569620253,
EN_012_16__ES_012_16,test,true,15,15,2.57,162.56102160345287,75.57601918487264,6.739273054229987,7.430687370149508,0.8024691358024691,65.0,0.026570240035653114,13.0,5.0583657587548645,2.97,125.0768258543837,37.74765400701836,3.126827999284932,5.01166464615403,0.6021505376344086,56.0,0.00900810956954956,12.0,4.04040404040404,
EN_012_17__ES_012_17,dev,true,12,12,1.02,218.27288977524282,15.19321586365481,13.471470856427791,1.2092964728236304,0.875,28.0,0.02330196276307106,3.0,2.941176470588235,0.94,224.30359623455527,35.84815404962754,13.77967191462885,2.6228080534129847,0.9,27.0,0.01380519475787878,3.0,3.191489361702128,
EN_012_18__ES_012_18,dev,true,12,12,2.15,204.3425302096256,16.20983589746048,12.31822410318104,1.358102407317037,0.6470588235294118,44.0,0.008288078010082245,8.0,3.7209302325581395,1.95,207.74864735483075,21.808728318614612,12.562287182958402,1.823501078947569,0.8032786885245902,49.0,0.008975706063210964,8.0,4.102564102564103,
EN_012_19__ES_012_19,dev,true,12,12,2.06,551.080616108381,631.3968556713995,21.99289942785636,14.042243119841455,0.8615384615384616,56.0,0.008680125698447227,4.0,1.941747572815534,1.77,222.40751468971206,34.54398586177123,13.65913319409013,2.402595015793831,0.9821428571428571,55.0,0.00917215459048748,3.0,1.694915254237288,
EN_012_1__ES_012_1,dev,true,12,12,1.14,209.61046921956515,10.109500768377993,12.792899427856359,0.8191583535332266,0.3888888888888889,14.0,0.011238151229918003,4.0,3.5087719298245617,1.15,256.9010132156916,17.66670069419544,16.292466527423457,1.2158125610696455,0.9166666666666666,33.0,0.00812147930264473,4.0,3.4782608695652177,
EN_012_20__ES_012_20,dev,true,12,12,3.38,218.34220490255848,16.82888445960292,13.4678505041773,1.331529398309546,0.6886792452830188,73.0,0.008922568522393703,11.0,3.2544378698224854,2.65,222.63930254992772,21.27144519371725,13.776431173888106,1.6733194766653658,0.8674698795180723,72.0,0.007152416743338108,9.0,3.3962264150943398,
EN_012_21__ES_012_21,test,true,15,15,0.89,nan,nan,nan,nan,0.0,0.0,0.030698388814926147,2.0,2.247191011235955,1.01,116.87110945240667,19.76462739945311,2.4875422849992193,2.6028530019960776,0.25,8.0,0.013830621726810932,3.0,2.9702970297029703,
EN_012_22__ES_012_22,dev,true,12,12,3.39,262.3440885835074,65.54711203102232,16.21223740695044,3.9913821875141786,0.7735849056603774,82.0,0.017779717221856117,6.0,1.7699115044247786,3.07,262.8546436435848,67.7893095887779,16.20886581441098,4.159511965650242,0.7083333333333334,68.0,0.017332805320620537,5.0,1.6286644951140066,
EN_012_23__ES_012_23,dev,true,12,12,1.52,310.79211043496304,63.95014344907247,19.277315012271945,3.471596674597205,0.9166666666666666,44.0,0.015122274868190289,6.0,3.9473684210526314,1.06,342.1741184636784,80.66377065275886,20.77428470924164,4.341905063171478,0.9705882352941176,33.0,0.023290447890758514,4.0,3.773584905660377,
EN_012_24__ES_012_24,dev,true,12,12,1.79,233.08209647184518,14.815555312301457,14.615756570713504,1.0846837214184626,0.625,35.0,0.00772026926279068,8.0,4.4692737430167595,2.16,241.09833976915678,37.63364690348955,15.018463337630799,2.760190553728152,0.8382352941176471,57.0,0.015256720595061779,10.0,4.62962962962963,
EN_012_25__ES_012_25,dev,true,12,12,2.08,222.9078389552464,29.574958010943696,13.746338581295516,2.056603003063183,0.8181818181818182,54.0,0.009482319466769695,6.0,2.8846153846153846,2.47,205.71770807710234,23.97246575836339,12.368409631937993,2.049258050840298,0.6282051282051282,49.0,0.007037249859422445,8.0,3.2388663967611335,
EN_012_2__ES_012_2,test,true,15,15,3.29,112.50372125786286,20.290608297487328,1.7841886264626319,2.906897579819383,0.39805825242718446,41.0,0.019887100905179977,7.0,2.127659574468085,2.8,110.35880241660966,19.230037347631395,1.4632498321690293,2.8512848964454167,0.6022727272727273,53.0,0.009116382338106632,9.0,3.2142857142857144,
EN_012_3__ES_012_3,dev,true,12,12,1.95,216.94897174279467,17.399168317507197,13.35374598870292,1.36720354806376,0.8852459016393442,54.0,0.009369177743792534,7.0,3.58974358974359,1.76,213.0771729486371,19.590715123816135,13.034356010489413,1.4109338513725107,0.9107142857142857,51.0,0.00703601585701108,10.0,5.681818181818182,
EN_012_5__ES_012_5,test,true,15,15,0.79,118.13327667582745,19.944876369039427,2.616708951665884,3.1119840045290146,0.72,18.0,0.020923597738146782,4.0,5.063291139240506,0.66,130.54985947259559,6.0529131071190925,4.5961961311530635,0.8158199128346371,0.6190476190476191,13.0,0.009790830314159393,3.0,4.545454545454545,
EN_012_6__ES_012_6,test,true,15,15,1.47,112.63656821541069,9.783302055999005,1.9967089516658858,1.4709936173288527,0.32608695652173914,15.0,0.009309044107794762,5.0,3.4013605442176873,1.59,112.02416678912219,10.590215063576267,1.8841886264626324,1.7061738332643257,0.82,41.0,0.011073684319853783,5.0,3.144654088050314,
EN_012_7__ES_012_7,test,true,15,15,4.06,98.10354758063117,13.792247878673589,-0.4993553053622279,2.4029286094603117,0.6535433070866141,83.0,0.018328985199332237,12.0,2.9556650246305423,3.65,107.29643292423883,9.607775642113662,1.1483473697449806,1.5759303440495644,0.5130434782608696,59.0,0.016949141398072243,10.0,2.73972602739726,
EN_012_8__ES_012_8,dev,true,12,12,2.9,299.8538275751219,83.47673946402071,18.423058158015085,4.372649712438048,0.6923076923076923,63.0,0.019054114818572998,10.0,3.4482758620689657,2.77,270.14424778272536,74.88859701341985,16.658375618332553,4.160453701220577,0.8275862068965517,72.0,0.021014947444200516,13.0,4.693140794223827,
EN_012_9__ES_012_9,test,true,15,15,2.41,104.78186065333352,19.99675281358326,0.4778200627769956,3.426174665644788,0.23684210526315788,18.0,0.02707471325993538,7.0,2.904564315352697,2.62,148.49375715367617,29.430160652454692,6.514042284999218,3.363436338032876,0.3048780487804878,25.0,0.015460357069969177,9.0,3.4351145038167936,
EN_013_10__ES_013_10,dev,true,13,13,0.86,93.85764952076995,12.310974398391233,-1.2549577150007816,2.3680107685565948,0.7407407407407407,20.0,0.007499366998672485,3.0,3.488372093023256,0.84,78.36194510633463,9.479827459536166,-4.338846603889671,1.980148391995153,0.3333333333333333,9.0,0.006061600521206856,3.0,3.5714285714285716,
EN_013_11__ES_013_11,dev,true,13,13,1.75,73.016224692906,6.4730267985331835,-5.513594078637145,1.5516986160467252,0.2,11.0,0.015388100408017635,13.0,7.428571428571429,2.93,102.27559026886463,17.720970594761773,0.13247471743165054,2.9828046890472377,0.8043478260869565,74.0,0.007345905061811209,9.0,3.0716723549488054,
EN_013_12__ES_013_12,dev,true,13,13,2.27,1045.9036199866512,440.0973098692343,38.860387112585414,8.104930165309398,0.4084507042253521,29.0,0.006422465667128563,3.0,1.3215859030837005,1.29,nan,nan,nan,nan,0.0,0.0,0.00820193998515606,3.0,2.3255813953488373,
EN_013_13__ES_013_13,dev,true,13,13,1.04,143.79988814684282,24.74962670008056,6.008662974654391,3.182009475850052,0.8787878787878788,29.0,0.007403993979096413,3.0,2.8846153846153846,1.66,157.73338106842897,29.14813180763074,7.581292284999218,3.299757330092624,0.3076923076923077,16.0,0.00588970584794879,4.0,2.4096385542168677,
EN_013_14__ES_013_14,dev,true,13,13,3.68,92.03836907119019,12.100936367186254,-1.5877354927785594,2.297175936655836,0.7758620689655172,90.0,0.007664760574698448,16.0,4.3478260869565215,4.99,96.92106499187523,13.003503929260658,-0.6984425634856304,2.3382680993239173,0.8461538461538461,132.0,0.007602572441101074,20.0,4.008016032064128,
EN_013_15__ES_013_15,dev,true,13,13,2.04,80.86747535106862,12.076347807315326,-3.849957715000782,2.3857531686698397,0.34375,22.0,0.0034423409961163998,6.0,2.941176470588235,1.92,84.95611794254918,5.525701519761695,-2.8590486240916912,1.1240790537183163,0.36065573770491804,22.0,0.0038043709937483072,3.0,1.5625,
EN_013_16__ES_013_16,dev,true,13,13,2.63,95.67055911126295,19.279201511460506,-1.119600572143639,3.5169954528412624,0.6746987951807228,56.0,0.005903163459151983,7.0,2.661596958174905,3.81,88.12118656213383,5.543003595624503,-2.2245031695462365,1.113425211893165,0.4583333333333333,55.0,0.0065514701418578625,6.0,1.574803149606299,
EN_013_17__ES_013_17,train,true,17,17,2.4,254.14432277894437,35.42537221274105,15.983940590083964,2.367621288536098,0.7763157894736842,59.0,0.004721498116850853,10.0,4.166666666666667,3.63,237.53429950654697,19.704657092690596,14.919705206347532,1.4068375958899606,0.7807017543859649,89.0,0.004776056855916977,7.0,1.928374655647383,
EN_013_18__ES_013_18,train,true,17,17,2.66,213.99324135195064,22.646421121559065,13.079273054229986,1.7556697671717614,0.7738095238095238,65.0,0.0051630097441375256,9.0,3.3834586466165413,2.65,214.67182309379947,25.099439072089776,13.110042284999219,1.9898408646589476,0.9036144578313253,75.0,0.005598169285804033,9.0,3.3962264150943398,
EN_013_1__ES_013_1,dev,true,13,13,3.1,86.33949545536144,9.270312431275478,-2.6499577150007814,1.961886846890003,0.6185567010309279,60.0,0.007701279129832983,9.0,2.903225806451613,2.78,83.34627762890129,10.188299112669453,-3.28779555283862,2.1730973475230106,0.42528735632183906,37.0,0.0054506585001945496,10.0,3.5971223021582737,
EN_013_20__ES_013_20,train,true,17,17,1.83,193.63028403088333,9.845025220906026,11.418042284999217,0.8577738629732196,0.43103448275862066,25.0,0.005988653749227524,7.0,3.8251366120218577,2.14,147.52003790585653,50.214058811831144,5.692899427856361,6.018587987272781,0.31343283582089554,21.0,0.004164926242083311,10.0,4.672897196261682,
EN_013_21__ES_013_21,train,true,17,17,1.64,nan,nan,nan,nan,0.0,0.0,0.005558839999139309,8.0,4.878048780487805,2.15,nan,nan,nan,nan,0.0,0.0,0.007150035351514816,6.0,2.7906976744186047,
EN_013_22__ES_013_22,dev,true,13,13,2.11,113.67779517160531,57.72418067536203,0.43688439026237613,7.414394643019595,0.5757575757575758,38.0,0.008393825963139534,7.0,3.3175355450236967,3.13,107.3601049596179,44.533021539971976,-0.019402159445226077,6.294036835875528,0.3673469387755102,36.0,0.008924068883061409,11.0,3.5143769968051117,
EN_013_23__ES_013_23,dev,true,13,13,1.14,118.11606107522812,9.551445314560452,2.8250422849992183,1.414876319683102,0.3333333333333333,12.0,0.007183243986219168,6.0,5.2631578947368425,1.42,93.54146201087825,14.627387885808448,-1.3666243816674486,2.6996398936812946,0.5333333333333333,24.0,0.0034358815755695105,4.0,2.8169014084507045,
EN_013_24__ES_013_24,train,true,17,17,1.16,216.41604364367342,15.593709635109665,13.323375618332554,1.1938546347394603,0.8108108108108109,30.0,0.004549839533865452,4.0,3.4482758620689657,1.99,213.6877983156282,10.963364722346315,13.12351167275432,0.8812735474240793,0.7777777777777778,49.0,0.003454861231148243,5.0,2.512562814070352,
EN_013_25__ES_013_25,dev,true,13,13,2.39,91.05189629316779,7.747557579494281,-1.6847403236964344,1.458888408180567,0.30666666666666664,23.0,0.005659366957843304,9.0,3.7656903765690375,1.54,103.12507659531217,23.58963477682196,0.1474781824351151,3.5200150917135087,0.7959183673469388,39.0,0.005767994560301304,5.0,3.2467532467532467,
EN_013_26__ES_013_26,train,true,17,17,0.51,228.09921940624528,18.990397267170028,14.221470856427787,1.340271066095306,0.4375,7.0,0.00359251257032156,1.0,1.9607843137254901,0.44,201.16953854922153,16.947303295339108,12.038931173888109,1.4685173508939355,0.6428571428571429,9.0,0.004279975313693285,1.0,2.272727272727273,
EN_013_27__ES_013_27,dev,true,13,13,3.24,109.14776055331512,30.96278647109977,0.8227695577264914,4.894262115262377,0.21568627450980393,22.0,0.005345772486180067,8.0,2.4691358024691357,3.58,76.0543382612799,8.223530995969357,-4.840582715000782,1.880385494885291,0.2857142857142857,32.0,0.006374481599777937,6.0,1.675977653631285,
EN_013_28__ES_013_28,train,true,17,17,1.09,214.83015676072122,21.629424786981115,13.15837561833255,1.6260680250906547,0.6857142857142857,24.0,0.002945786574855447,2.0,1.8348623853211008,1.06,257.14988436433987,32.03218479369782,16.206042284999217,2.28649600918086,0.7352941176470589,25.0,0.006636854261159897,2.0,1.8867924528301885,
EN_013_29__ES_013_29,dev,true,13,13,6.15,80.27746102144518,8.118705930948034,-3.8867393241961836,1.6779924336771814,0.45077720207253885,87.0,0.006134731695055962,26.0,4.227642276422764,7.75,84.61971574947225,9.774270192853903,-2.996414407914167,1.867829397341554,0.522633744855967,127.0,0.005075125023722649,21.0,2.7096774193548385,
EN_013_2__ES_013_2,train,true,17,17,2.49,205.6709697477709,15.579116146603088,12.436580746537679,1.2690136760725523,0.6666666666666666,52.0,0.006774847395718098,8.0,3.2128514056224895,2.05,215.9265498198234,12.90615634235977,13.294940244182891,1.0505705397427754,0.7538461538461538,49.0,0.0040535531006753445,6.0,2.9268292682926833,
EN_013_30__ES_013_30,train,true,17,17,1.69,257.9598402407705,19.032693503267815,16.358613713570648,1.2784748566881055,0.660377358490566,35.0,0.007744736038148403,5.0,2.9585798816568047,1.7,234.4701545085544,11.595570078103705,14.731860466817402,0.8507410478979563,0.8148148148148148,44.0,0.00481417216360569,5.0,2.9411764705882355,
EN_013_31__ES_013_31,dev,true,13,13,2.82,106.2864935667643,9.313207293191049,0.9912187555874529,1.4800869702305899,0.38202247191011235,34.0,0.011973348446190357,4.0,1.4184397163120568,3.73,642.5161747450574,495.4894295546549,24.313678648635577,18.726695710439813,0.37606837606837606,44.0,0.011260327883064747,4.0,1.0723860589812333,
EN_013_32__ES_013_32,train,true,17,17,2.09,246.83798566510464,29.572712992842114,15.531674938060442,1.9130778139425182,0.7424242424242424,49.0,0.0035321377217769623,6.0,2.870813397129187,2.65,243.5394963257079,23.890900075264927,15.329352629826804,1.6569351246003459,0.6987951807228916,58.0,0.0038626703899353743,6.0,2.2641509433962264,
EN_013_33__ES_013_33,dev,true,13,13,2.89,97.17984289374436,14.164138356286617,-0.7055132705563378,2.7924943493869465,0.1978021978021978,18.0,0.003701557172462344,9.0,3.1141868512110724,4.39,81.71931192575505,5.748373378060155,-3.5374577150007824,1.2103072956898184,0.11594202898550725,16.0,0.0047960905358195305,8.0,1.8223234624145788,
EN_013_34__ES_013_34,dev,true,13,13,3.93,74.49152462412681,6.255277420486434,-5.158291048334115,1.4369866233043216,0.3902439024390244,48.0,0.006188210565596819,17.0,4.325699745547074,4.41,80.20841026154041,8.443390090990999,-3.909957715000781,1.7655216415175048,0.32608695652173914,45.0,0.005560585763305426,15.0,3.401360544217687,
EN_013_35__ES_013_35,train,true,17,17,3.19,217.60051657018403,25.0554965796164,13.353432115507692,1.8890376082334386,0.59,59.0,0.006428718566894531,18.0,5.6426332288401255,4.88,214.4868112405683,15.184005117513301,13.168686352795826,1.1968850214904518,0.7712418300653595,118.0,0.005671598482877016,13.0,2.6639344262295084,
EN_013_36__ES_013_36,dev,true,13,13,1.28,99.17738289432343,11.099501778155618,-0.2699577150007824,2.185314622657341,0.4878048780487805,20.0,0.004082799889147282,7.0,5.46875,1.96,97.55869569939911,10.882989172467251,-0.5432910483341155,2.036653027777572,0.4838709677419355,30.0,0.006619023624807596,8.0,4.081632653061225,
EN_013_37__ES_013_37,train,true,17,17,0.88,273.6548333988512,88.38015494175642,16.761806990881574,4.47908635023617,0.6071428571428571,17.0,0.002214554464444518,1.0,1.1363636363636365,0.97,247.4809750999062,28.873304274046095,15.56768934382275,2.0483092867670285,0.5483870967741935,17.0,0.0023727985098958015,1.0,1.0309278350515465,
EN_013_38__ES_013_38,train,true,17,17,2.21,203.40278203430762,9.08030575009626,12.275042284999216,0.7655335829776945,0.34285714285714286,24.0,0.008161903358995914,7.0,3.167420814479638,2.78,205.76222530010668,11.387452016398875,12.46523215841694,0.958121660253446,0.9080459770114943,79.0,0.006107443943619728,5.0,1.7985611510791368,
EN_013_39__ES_013_39,train,true,17,17,2.19,208.0171119590616,41.0799927563595,12.222382710531138,4.2972382089588645,0.6811594202898551,47.0,0.005627388134598732,12.0,5.47945205479452,2.59,202.66091533717395,7.978986691046822,12.21561605549102,0.673353546553573,0.7530864197530864,61.0,0.004818317946046591,11.0,4.2471042471042475,
EN_013_3__ES_013_3,train,true,17,17,2.73,209.64786517141184,15.323423837516417,12.769007802240598,1.2733957989878502,0.6744186046511628,58.0,0.004574870225042105,7.0,2.5641025641025643,2.5,207.6062604994885,16.015005428939308,12.594818404402206,1.3331909406404756,0.8481012658227848,67.0,0.004266943316906691,8.0,3.2,
EN_013_40__ES_013_40,train,true,17,17,1.97,187.46805823179392,40.948053192030756,10.303103509489015,4.85264926762886,0.7903225806451613,49.0,0.006533687934279442,9.0,4.568527918781726,2.39,205.71588443083158,14.565552416017503,12.444381907640727,1.2271173606187515,0.7066666666666667,53.0,0.004891553428024054,8.0,3.3472803347280333,
EN_013_4__ES_013_4,dev,true,13,13,1.08,118.51109218505005,22.17459654164998,2.605597840554773,3.489065812923793,0.2647058823529412,9.0,0.00365440989844501,2.0,1.8518518518518516,1.59,128.932477700094,5.567654336530407,4.383375618332551,0.7431165603202636,0.12,6.0,0.006446278654038906,4.0,2.5157232704402515,
EN_013_5__ES_013_5,dev,true,13,13,0.82,nan,nan,nan,nan,0.0,0.0,0.004964121151715517,1.0,1.2195121951219512,0.89,607.1780518685349,107.15906354041263,30.902673863946585,3.5037376165059166,0.6785714285714286,19.0,0.0047662821598351,1.0,1.1235955056179776,
EN_013_6__ES_013_6,train,true,17,17,0.94,225.63900952535988,22.961520378489606,14.003888438845374,1.682998873172704,0.8666666666666667,26.0,0.005110411439090967,4.0,4.25531914893617,1.08,221.33650159501138,15.833090422310242,13.709133194090127,1.2690938395381635,0.6470588235294118,22.0,0.005267326254397631,5.0,4.62962962962963,
EN_013_7__ES_013_7,dev,true,13,13,1.61,96.38879255336208,5.17056946234351,-0.6594815245245915,0.8673466720020931,0.4117647058823529,21.0,0.00843458529561758,3.0,1.8633540372670807,1.35,77.64643728581818,2.627031992670916,-4.389957715000781,0.5834380858325924,0.23255813953488372,10.0,0.007578504737466574,3.0,2.222222222222222,
EN_013_8__ES_013_8,dev,true,13,13,2.09,89.56686539755209,10.345225260526032,-2.0199577150007815,1.9638652363812201,0.9090909090909091,60.0,0.005862439051270485,10.0,4.784688995215311,2.34,86.70338858363739,11.607536576932722,-2.634332715000782,2.418433038017592,0.43243243243243246,32.0,0.007295647170394659,11.0,4.700854700854701,
EN_013_9__ES_013_9,train,true,17,17,1.03,238.54203525937484,40.330605755942806,14.81115339611033,2.8591255246022516,0.5454545454545454,18.0,0.0037688601296395063,2.0,1.941747572815534,1.1,244.65282288189735,30.669678558669865,15.364857099814033,2.0255230149827885,0.7714285714285715,27.0,0.004425667226314545,3.0,2.727272727272727,
EN_014_10__ES_014_10,train,true,14,14,2.86,123.81553708728516,9.739791189218963,3.646042284999218,1.3377035047672812,0.8333333333333334,75.0,0.005070182029157877,7.0,2.4475524475524475,3.38,126.26588521885833,9.231047633821117,3.9925422849992174,1.2407432248454955,0.7547169811320755,80.0,0.00399161409586668,8.0,2.366863905325444,
EN_014_11__ES_014_11,train,true,14,14,3.32,133.77591164353527,14.094049964054575,4.941181525505548,1.8319381638877124,0.7596153846153846,79.0,0.004458482377231121,16.0,4.819277108433735,3.65,135.15678985090273,9.264298228021037,5.1750422849992175,1.1848523114717713,0.6956521739130435,80.0,0.0037688729353249073,11.0,3.0136986301369864,
EN_014_12__ES_014_12,train,true,14,14,1.13,1803.309169580048,17.956056722158586,50.07004228499922,0.17204650534085217,0.1388888888888889,5.0,0.00393376499414444,3.0,2.6548672566371683,0.96,143.47992446203864,0.5860302775531407,6.250042284999218,0.07071067811865356,0.12903225806451613,4.0,0.005631411913782358,2.0,2.0833333333333335,
EN_014_13__ES_014_13,train,true,14,14,2.14,110.17191512405662,10.245734611383499,1.6047297849992175,1.570522374034751,0.9552238805970149,64.0,0.005609049927443266,10.0,4.672897196261682,2.74,127.38638601718256,6.339394993627276,4.1697605948583725,0.8423006251843078,0.8255813953488372,71.0,0.00822010263800621,6.0,2.18978102189781,
EN_014_14__ES_014_14,train,true,14,14,4.1,116.66721629761996,15.430378513002221,2.5312922849992177,2.133332316080487,0.7441860465116279,96.0,0.006130953319370747,17.0,4.146341463414634,5.61,136.93139421193132,20.923477330903605,5.269273054229988,2.3519526907584845,0.8863636363636364,156.0,0.005960533395409584,13.0,2.3172905525846703,
EN_014_15__ES_014_15,train,true,14,14,2.57,106.3561763477984,8.684278323978036,1.0094172849992176,1.4094235024913555,0.7901234567901234,64.0,0.004972953349351883,8.0,3.11284046692607,3.37,117.32170535860067,13.33999834334941,2.660911850216609,1.8772931786588218,0.8679245283018868,92.0,0.0051522692665457726,9.0,2.6706231454005933,
EN_014_16__ES_014_16,train,true,14,14,2.79,103.73209307431578,5.454689197444015,0.6071851421420753,1.0019368997199416,0.3181818181818182,28.0,0.00374472513794899,11.0,3.942652329749104,3.58,114.60932825879352,10.006174987229945,2.3005184754754078,1.4146932233172582,0.9375,105.0,0.005083837080746889,9.0,2.5139664804469275,
EN_014_17__ES_014_17,train,true,19,19,2.78,111.02111115418016,6.974844759807805,1.7759682109251442,1.0847742870165624,0.6206896551724138,54.0,0.014451969414949417,6.0,2.1582733812949644,2.86,111.40153412796788,11.181294814446769,1.7882001797360598,1.645645538452053,0.8444444444444444,76.0,0.012875541113317013,6.0,2.097902097902098,
EN_014_18__ES_014_18,train,true,19,19,3.63,114.53287588518675,12.948513300986502,2.243375618332551,1.892429361664231,0.7894736842105263,90.0,0.019282648339867592,9.0,2.479338842975207,3.85,116.74938914463891,10.546439095446706,2.6136786486355823,1.5116687244284244,0.8181818181818182,99.0,0.015659769997000694,8.0,2.0779220779220777,
EN_014_19__ES_014_19,train,true,14,14,2.14,105.768902076892,3.1634867061451994,0.9630857632600874,0.5256915510118964,0.6865671641791045,46.0,0.0043912362307310104,6.0,2.803738317757009,2.36,118.1634130706848,7.228010972518187,2.856493897902444,1.0723611223328393,0.8378378378378378,62.0,0.006825883872807026,5.0,2.1186440677966103,
EN_014_1__ES_014_1,train,true,14,14,4.55,120.50845375211786,16.54006725980678,3.0678994278563607,2.3623616469584854,0.7832167832167832,112.0,0.004582437686622143,23.0,5.054945054945055,6.19,125.07467048366725,20.695394466731404,3.6737602337171658,2.530407694410972,0.8041237113402062,156.0,0.007193012163043022,14.0,2.2617124394184165,
EN_014_20__ES_014_20,train,true,14,14,2.97,106.19740650663476,4.665930453682017,1.0247089516658845,0.7460282985398222,0.8064516129032258,75.0,0.0048286342062056065,12.0,4.04040404040404,3.73,115.70758132599475,11.218094304002497,2.446850795637516,1.643973658202509,0.8034188034188035,94.0,0.005383848678320646,8.0,2.1447721179624666,
EN_014_21__ES_014_21,train,true,14,14,2.51,116.9255670099202,4.0672493920107105,2.6961961311530636,0.6201100621275822,0.4936708860759494,39.0,0.005845752544701099,10.0,3.9840637450199208,3.95,116.36685084994436,11.244825925368803,2.5441599320580415,1.6614913882467142,0.8225806451612904,102.0,0.005101796705275774,12.0,3.0379746835443036,
EN_014_22__ES_014_22,train,true,19,19,1.39,109.76636638196663,6.701041879052448,1.5810767677578388,1.054417128829743,0.6590909090909091,29.0,0.021329911425709724,7.0,5.035971223021583,1.3,112.59752690857893,10.613809051009511,1.9800422849992176,1.586852230045382,0.7317073170731707,30.0,0.020785905420780182,6.0,4.615384615384615,
EN_014_23__ES_014_23,train,true,19,19,1.04,110.41709609560404,14.857217839024212,1.5853364026462762,2.0300510502043996,0.5151515151515151,17.0,0.012009892612695694,2.0,1.923076923076923,1.04,134.47925085586468,55.93610584082102,4.023375618332551,5.709987351610821,0.9090909090909091,30.0,0.010940896347165108,3.0,2.8846153846153846,
EN_014_24__ES_014_24,train,true,14,14,3.21,116.23677913396982,12.27262982364576,2.5136786486355813,1.7525424270692238,0.7623762376237624,77.0,0.00623363396152854,14.0,4.361370716510904,3.24,127.53600196295672,14.60761035986827,4.10242323738017,1.9161268095074966,0.8235294117647058,84.0,0.006173779722303152,10.0,3.0864197530864197,
EN_014_25__ES_014_25,train,true,19,19,1.67,112.39552648436892,9.608926725638758,1.9544867294436632,1.573807210493861,0.8490566037735849,45.0,0.01430034451186657,5.0,2.9940119760479043,2.34,111.28930343022105,9.14119059832208,1.7956563200869375,1.3810840104836286,0.7702702702702703,57.0,0.012921270914375782,5.0,2.1367521367521367,
EN_014_26__ES_014_26,train,true,14,14,3.82,116.164214022751,4.550376559189869,2.58081151576845,0.6741200707755893,0.10833333333333334,13.0,0.0038825892843306065,12.0,3.141361256544503,4.2,116.41559843973663,14.226598165030719,2.507650980651392,2.04765155491826,0.696969696969697,92.0,0.005356466397643089,10.0,2.380952380952381,
EN_014_27__ES_014_27,train,true,19,19,2.82,112.45083753233575,7.989624736436869,1.9890253358466758,1.2053576653457017,0.6629213483146067,59.0,0.01780955120921135,9.0,3.191489361702128,2.59,108.74174055188081,7.10711399037887,1.4161961311530642,1.080922244848483,0.8024691358024691,65.0,0.013522563502192497,7.0,2.7027027027027026,
EN_014_2__ES_014_2,train,true,19,19,3.25,135.3702238358879,40.63642055812062,4.608251240223098,4.455020620879001,0.6568627450980392,67.0,0.010503992438316345,7.0,2.1538461538461537,3.8,124.13202729015316,15.944259637456506,3.6134831452142713,2.065736086685766,0.7815126050420168,93.0,0.017831850796937943,7.0,1.842105263157895,
EN_014_3__ES_014_3,train,true,19,19,3.01,106.66677337827734,4.76650450535729,1.1000422849992182,0.7737418630190797,0.7157894736842105,68.0,0.014056039974093437,6.0,1.993355481727575,3.27,111.18744203858843,6.458149501791374,1.807576531574561,0.9836913716103219,0.7087378640776699,73.0,0.017175234854221344,5.0,1.529051987767584,
EN_014_4__ES_014_4,train,true,19,19,2.63,118.36153267407705,9.718783337231143,2.861670191975962,1.3920387094199378,0.5180722891566265,43.0,0.013955781236290932,6.0,2.2813688212927756,1.79,118.92939478063055,7.487341829560952,2.96632135476666,1.1051528848373202,0.7678571428571429,43.0,0.022001024335622787,5.0,2.793296089385475,
EN_014_5__ES_014_5,train,true,19,19,1.87,107.34804632552162,4.8956247037428735,1.2096914078062355,0.7849147118989238,0.9661016949152542,57.0,0.01806565746665001,8.0,4.27807486631016,2.06,106.908626063141,5.7302767514143405,1.1320422849992173,0.9175380101118431,0.7692307692307693,50.0,0.02122325636446476,6.0,2.912621359223301,
EN_014_6__ES_014_6,train,true,19,19,2.67,108.73871720570756,4.904727012131287,1.433021008403474,0.7730346800555474,0.5595238095238095,47.0,0.01661521941423416,10.0,3.7453183520599254,2.79,116.70291540753261,8.414631553827906,2.6289155244358375,1.252031081484075,0.8068181818181818,71.0,0.02075067162513733,7.0,2.5089605734767026,
EN_014_7__ES_014_7,train,true,19,19,2.63,112.042484257783,8.313263140668013,1.9226229301605084,1.2505701093241706,0.7469879518072289,62.0,0.021688735112547874,9.0,3.4220532319391634,2.31,115.03692167504995,4.6809095530815705,2.411017894755316,0.697688884742276,0.5616438356164384,41.0,0.024413008242845535,8.0,3.463203463203463,
EN_014_8__ES_014_8,train,true,19,19,0.9,111.97155001364447,8.745824581707913,1.9079370218413236,1.2918024084990236,0.6551724137931034,19.0,0.016570113599300385,3.0,3.333333333333333,1.14,112.02287728497035,8.631697915173993,1.915042284999218,1.3161591849012786,0.5555555555555556,20.0,0.009017955511808395,3.0,2.6315789473684212,
EN_014_9__ES_014_9,train,true,19,19,2.3,110.38251885888128,10.706195816503731,1.6411137135706457,1.486399867574849,0.7777777777777778,56.0,0.009895313531160355,7.0,3.0434782608695654,2.1,108.71089829127335,14.836014363030284,1.250042284999218,2.7442178680485756,0.6212121212121212,41.0,0.009571906179189682,5.0,2.380952380952381,
EN_015_10__ES_015_10,train,true,20,20,3.7,426.4519034849292,516.6294290204092,17.26063052029334,14.042339536344336,0.7327586206896551,85.0,0.020341360941529274,9.0,2.4324324324324325,4.21,199.4312670750848,34.836786564745466,11.665193800150732,3.2099706923475217,0.75,99.0,0.03176786005496979,8.0,1.9002375296912115,
EN_015_11__ES_015_11,train,true,20,20,2.17,196.26259333328886,161.37075225865448,8.153375618332552,9.576376605422787,0.8823529411764706,60.0,0.020981749519705772,6.0,2.7649769585253456,2.97,133.4299819232304,22.80874267174813,4.738277579116865,2.9791199555141383,0.9139784946236559,85.0,0.034999724477529526,9.0,3.0303030303030303,
EN_015_12__ES_015_12,test,true,15,15,4.33,132.00783822585095,9.287733201810822,4.765915300872234,1.1911320944440682,0.4632352941176471,63.0,0.007444480899721384,12.0,2.771362586605081,3.25,135.4114195225003,26.391796017342173,4.967375618332551,3.010974297834876,0.7352941176470589,75.0,0.02322567254304886,11.0,3.3846153846153846,
EN_015_13__ES_015_13,train,true,20,20,2.11,141.11735533983946,22.044729104272623,5.735148667977943,2.865790798990094,0.7121212121212122,47.0,0.03516124561429024,4.0,1.8957345971563981,2.14,142.56158159846902,25.51366880626275,5.8160422849992175,3.4932855594697667,0.746268656716418,50.0,0.053474947810173035,5.0,2.336448598130841,
EN_015_14__ES_015_14,test,true,15,15,3.0,128.0824819055819,18.29805678551251,4.114748167352159,2.40566517069496,0.9042553191489362,85.0,0.008721566759049892,12.0,4.0,2.81,132.4955072775911,13.744139761945968,4.779375618332551,1.7789714881232797,0.8522727272727273,75.0,0.012568514794111252,10.0,3.5587188612099645,
EN_015_15__ES_015_15,train,true,20,20,1.23,143.42601414596209,5.077493190585805,6.232800905688873,0.6142385055790865,0.7435897435897436,29.0,0.05940459296107292,2.0,1.6260162601626016,1.22,139.01349324935381,10.13150649630612,5.655924637940395,1.2780824737428262,0.8717948717948718,34.0,0.08558598905801773,2.0,1.639344262295082,
EN_015_16__ES_015_16,test,true,15,15,2.26,154.4701635436111,21.12676394317063,7.361153396110329,2.421062413461607,0.5070422535211268,36.0,0.024539342150092125,10.0,4.424778761061948,2.09,144.18597954149206,14.670589548031163,6.246338581295515,1.750868880908685,0.8181818181818182,54.0,0.03707234561443329,7.0,3.349282296650718,
EN_015_17__ES_015_17,train,true,20,20,1.89,128.21270781911346,17.64452680571126,4.1528200627769944,2.225544391717715,0.6,36.0,0.02651180513203144,5.0,2.6455026455026456,2.38,131.7003921247459,9.993312863141638,4.717165572670451,1.316289387605719,0.9733333333333334,73.0,0.055886950343847275,7.0,2.9411764705882355,
EN_015_19__ES_015_19,test,true,15,15,2.41,122.75986189338413,6.718433858859542,3.5241163590732922,0.9485242309689584,0.7105263157894737,54.0,0.009667479433119297,6.0,2.4896265560165975,2.61,132.37633171399926,9.325815348090153,4.813200179736059,1.211151631016887,0.6951219512195121,57.0,0.01275331899523735,6.0,2.298850574712644,
EN_015_1__ES_015_1,train,true,20,20,1.4,194.71305854891853,29.91412894089953,11.337139059192769,2.609627576381149,0.7045454545454546,31.0,0.02766389772295952,5.0,3.5714285714285716,1.07,190.86171368420827,27.354904227386058,11.022042284999218,2.3860461018178167,0.7352941176470589,25.0,0.05353403836488724,2.0,1.8691588785046729,
EN_015_20__ES_015_20,train,true,20,20,1.84,156.98979485818143,36.05552086815046,7.398822772804096,3.6609422984786315,0.7068965517241379,41.0,0.012429935857653618,5.0,2.717391304347826,2.03,176.58114492839093,55.313855998841014,9.13004228499922,4.77140726334771,0.859375,55.0,0.03491884842514992,4.0,1.9704433497536948,
EN_015_21__ES_015_21,test,true,15,15,1.93,157.6530684074935,25.640876352122447,7.684252811315008,2.5225588841689546,0.6229508196721312,38.0,0.014378541149199009,5.0,2.5906735751295336,2.76,155.27072955632693,37.774592895313425,6.960187212535452,5.126802120132589,0.7931034482758621,69.0,0.031813573092222214,4.0,1.4492753623188408,
EN_015_22__ES_015_22,test,true,15,15,1.8,136.71611200504924,13.075212577746983,5.334947945376577,1.6578454108252603,0.9298245614035088,53.0,0.014324144460260868,6.0,3.333333333333333,1.98,134.96249337250643,13.38542928006888,5.108224103181037,1.6792520964125028,0.8870967741935484,55.0,0.02463025227189064,4.0,2.0202020202020203,
EN_015_23__ES_015_23,train,true,20,20,2.67,173.58275261024957,28.55935725872993,9.329587739544671,2.700553777001921,0.5238095238095238,44.0,0.02644074521958828,5.0,1.8726591760299627,2.27,180.79194950422388,28.47436324146506,10.05396385362667,2.569730342480355,0.7183098591549296,51.0,0.07443373650312424,3.0,1.3215859030837005,
EN_015_24__ES_015_24,test,true,15,15,3.25,180.50144043465173,26.78537260986511,10.050042284999218,2.403412873940503,0.5980392156862745,61.0,0.01290622167289257,11.0,3.3846153846153846,2.28,176.33886163390042,41.93405806659986,9.312111250516459,4.248846804446772,0.8055555555555556,58.0,0.020122326910495758,13.0,5.701754385964913,
EN_015_25__ES_015_25,test,true,15,15,3.01,149.62013986340375,43.65669404997615,6.486884390262376,3.718086735818471,0.8,76.0,0.015421169809997082,13.0,4.318936877076412,3.54,149.10859115313949,11.928163736228786,6.8625422849992175,1.3563316027677994,0.8648648648648649,96.0,0.02880716882646084,14.0,3.9548022598870056,
EN_015_26__ES_015_26,train,true,20,20,1.79,136.03688818121913,11.339512416754639,5.268224103181036,1.4362101951030386,0.5892857142857143,33.0,0.018976137042045593,6.0,3.35195530726257,1.71,133.6479459782678,8.680708028467713,4.986212497765177,1.0902713954371481,0.8703703703703703,47.0,0.03652152046561241,8.0,4.678362573099415,
EN_015_27__ES_015_27,test,true,15,15,1.81,180.19834865860597,31.994763196325668,9.917433589347045,3.11727684587645,0.8070175438596491,46.0,0.013691726140677929,11.0,6.077348066298343,1.63,167.74240531429794,27.487038513304093,8.735458951665885,2.7187611749451053,0.9411764705882353,48.0,0.026776736602187157,9.0,5.521472392638037,
EN_015_28__ES_015_28,train,true,20,20,1.0,112.0804561110389,4.643109609013874,1.9595660945230264,0.7170739232030883,0.65625,21.0,0.019847474992275238,3.0,3.0,0.95,113.15708920429252,6.6636348390950815,2.110042284999218,1.0160708636704432,0.6666666666666666,20.0,0.04121827334165573,3.0,3.1578947368421053,
EN_015_29__ES_015_29,test,true,15,15,1.25,195.8968272329227,72.38600781379927,10.593375618332551,5.821379179846949,0.75,30.0,0.009851306676864624,5.0,4.0,1.86,200.06663754808136,27.41814608031878,11.842769557726491,2.3795228357004343,0.9322033898305084,55.0,0.02474415861070156,9.0,4.838709677419355,
EN_015_2__ES_015_2,test,true,15,15,4.42,128.97471150750505,25.862581537560732,4.080042284999218,3.3088187950055254,0.7913669064748201,110.0,0.011144894175231457,14.0,3.167420814479638,3.74,138.8632653010719,14.191601261009867,5.595875618332552,1.736310544100783,0.8205128205128205,96.0,0.011833730153739452,12.0,3.2085561497326203,
EN_015_30__ES_015_30,test,true,15,15,1.68,158.53045769348483,30.747010957278533,7.677493265391377,3.163894251682943,0.9622641509433962,51.0,0.022958796471357346,8.0,4.761904761904762,1.16,206.9814137993567,18.327216447669866,12.526708951665885,1.5237417395637913,0.8108108108108109,30.0,0.08370551466941833,5.0,4.310344827586207,
EN_015_31__ES_015_31,train,true,20,20,1.02,nan,nan,nan,nan,0.0,0.0,0.027034487575292587,2.0,1.9607843137254901,0.75,178.2698988292551,25.699057768668247,9.837542284999218,2.4046504423720303,0.6666666666666666,16.0,0.04843837395310402,1.0,1.3333333333333333,
EN_015_32__ES_015_32,train,true,20,20,2.49,121.23316605625274,30.148343419427977,2.8689612039181367,3.8680840873666873,0.47435897435897434,37.0,0.009064225479960442,5.0,2.008032128514056,2.59,117.30052824359139,26.83951172384274,2.395875618332551,3.3797779964896453,0.5925925925925926,48.0,0.015278255566954613,5.0,1.9305019305019306,
EN_015_33__ES_015_33,train,true,20,20,1.59,97.56557402738486,8.376006244389906,-0.4899577150007821,1.4782615272194366,0.7,35.0,0.009243849664926529,6.0,3.773584905660377,1.58,95.13271075754393,4.787592750511192,-0.8856720007150682,0.8685843514076246,0.56,28.0,0.012646147049963474,6.0,3.7974683544303796,
EN_015_34__ES_015_34,test,true,15,15,3.86,131.5543142574781,8.96989455193043,4.708375618332552,1.1649860343873057,0.6942148760330579,84.0,0.01582852005958557,13.0,3.3678756476683938,4.5,168.60265136269885,28.137284662968174,8.810648345605278,2.816754281650352,0.7021276595744681,99.0,0.026352696120738983,15.0,3.3333333333333335,
EN_015_35__ES_015_35,train,true,20,20,4.08,113.94378855349142,12.061321717441654,2.1647481673521596,1.8088235294117645,0.796875,102.0,0.015388168394565582,15.0,3.676470588235294,4.08,130.79868605147297,19.498826465631083,4.450896985853919,2.6373223835846336,0.9140625,117.0,0.026064611971378326,15.0,3.676470588235294,
EN_015_36__ES_015_36,test,true,15,15,6.25,141.4754217570551,26.945977647633207,5.737242284999219,2.9506874046567524,0.6377551020408163,125.0,0.008486233651638031,24.0,3.84,6.61,145.45490412639572,31.16992286587842,6.118753941440936,3.5146410942160897,0.7874396135265701,163.0,0.013922433368861675,23.0,3.479576399394856,
EN_015_37__ES_015_37,train,true,20,20,1.29,103.65723867122908,5.959775015285275,0.5921475481571133,1.0235725821967547,0.4634146341463415,19.0,0.019821885973215103,2.0,1.5503875968992247,1.05,97.97699137648036,5.9151051016283525,-0.38745771500078197,1.0970842036963249,0.48484848484848486,16.0,0.02197178825736046,1.0,0.9523809523809523,
EN_015_3__ES_015_3,train,true,20,20,4.2,117.92067684443234,18.22286314313501,2.647603260608974,2.67485926731492,0.9318181818181818,123.0,0.014004796743392944,16.0,3.8095238095238093,4.63,128.53569981228534,15.24461336421322,4.225566760523693,2.040300841084035,0.9862068965517241,143.0,0.040040772408246994,16.0,3.4557235421166306,
EN_015_4__ES_015_4,train,true,20,20,1.95,140.8170282754387,19.43418228127103,5.762322986753605,2.374873601470384,0.9344262295081968,57.0,0.01605834811925888,8.0,4.102564102564103,2.65,161.72682426016368,30.097525513486296,8.040708951665884,3.083252539482003,0.9036144578313253,75.0,0.03718196228146553,8.0,3.018867924528302,
EN_015_5__ES_015_5,test,true,15,15,1.33,182.49334038415168,8.2762880727434,10.394486729443665,0.8456132262417968,0.6428571428571429,27.0,0.026414042338728905,6.0,4.511278195488722,1.55,200.8575547739751,44.25422864652515,11.57125440621134,4.384114407360142,0.673469387755102,33.0,0.04038049653172493,8.0,5.161290322580645,
EN_015_6__ES_015_6,test,true,15,15,1.91,159.93416217314507,9.380939654940127,8.099133194090127,1.0371065917467828,0.9166666666666666,55.0,0.014405395835638046,9.0,4.712041884816754,1.68,181.51044378971875,30.025702657880295,10.112264507221441,2.60600067271151,0.8490566037735849,45.0,0.02461952343583107,9.0,5.357142857142858,
EN_015_7__ES_015_7,test,true,15,15,2.71,155.77507880286782,38.7718145288011,7.229310577682146,3.742300642485948,0.9647058823529412,82.0,0.01052542682737112,7.0,2.5830258302583027,3.44,144.63246977592704,14.301833797934602,6.302264507221441,1.7405125539958868,0.8333333333333334,90.0,0.02031918615102768,11.0,3.197674418604651,
EN_015_8__ES_015_8,test,true,15,15,1.92,123.14952209081439,7.360286015998722,3.573571696763924,1.0457361109959007,0.5573770491803278,34.0,0.013081561774015427,4.0,2.0833333333333335,1.85,128.50999824388293,9.774346439818865,4.290467816914112,1.3573534283895574,0.8103448275862069,47.0,0.01089699100703001,4.0,2.162162162162162,
EN_015_9__ES_015_9,test,true,15,15,1.91,168.1100010772469,30.846808436403606,8.746708951665884,2.8005931911333044,1.0,60.0,0.018015945330262184,9.0,4.712041884816754,1.78,194.60260658110474,26.934922669583372,11.371781415434,2.274997663016311,0.8214285714285714,46.0,0.030037786811590195,7.0,3.932584269662921,
EN_016_10__ES_016_10,train,true,16,16,0.57,100.8235042427541,16.296373837699985,-0.07662438166744862,2.7279947865704504,0.8333333333333334,15.0,0.0027227485552430153,1.0,1.7543859649122808,0.59,97.08069418081571,4.293466821736475,-0.5299577150007827,0.7691553809211754,0.5263157894736842,10.0,0.002060368424281478,1.0,1.6949152542372883,
EN_016_11__ES_016_11,train,true,21,21,1.11,222.75814645793156,15.730297430153573,13.826965361922296,1.1284119856982444,0.7428571428571429,26.0,0.00518188439309597,4.0,3.603603603603603,0.91,248.50390553970198,30.644781147586983,15.645280380237315,1.9204355137203335,0.7241379310344828,21.0,0.013144705444574356,3.0,3.2967032967032965,
EN_016_12__ES_016_12,train,true,16,16,0.99,97.76492236587224,4.544413833307576,-0.4099577150007819,0.8023299404442871,0.967741935483871,30.0,0.006271990016102791,1.0,1.0101010101010102,1.03,97.75089961292751,7.426826600450282,-0.4534059908628515,1.5032109904492352,0.8787878787878788,29.0,0.0037709905300289392,1.0,0.970873786407767,
EN_016_13__ES_016_13,train,true,16,16,1.63,99.6891364180116,10.784100283016395,-0.1499577150007822,1.7996527442815182,0.6274509803921569,32.0,0.004858796484768391,6.0,3.6809815950920246,1.72,97.36814044454387,4.774718738187789,-0.4822157795169115,0.8391190068138448,0.5740740740740741,31.0,0.002888565184548497,5.0,2.9069767441860463,
EN_016_14__ES_016_14,train,true,16,16,1.68,95.97740799960326,10.898740457239112,-0.815073994070549,1.8686997993170416,0.8113207547169812,43.0,0.0032699976582080126,4.0,2.380952380952381,1.5,93.95507884295209,4.022963448891339,-1.0957910483341153,0.7566258248889529,0.5106382978723404,24.0,0.002339655766263604,3.0,2.0,
EN_016_15__ES_016_15,train,true,16,16,4.96,88.96972922222015,11.00370045971579,-2.140679364485318,1.9626450947335883,0.6217948717948718,97.0,0.003956991713494062,18.0,3.629032258064516,4.74,93.51257555047361,7.939893253797858,-1.218707715000782,1.3837834985406252,0.6442953020134228,96.0,0.002328886417672038,13.0,2.742616033755274,
EN_016_16__ES_016_16,train,true,21,21,3.72,219.40568920731923,12.349655661789448,13.575924637940389,0.9708883671428387,0.7264957264957265,85.0,0.008945196866989136,13.0,3.4946236559139785,3.54,223.5948891958883,15.967975111740687,13.887797387040033,1.2101201918819882,0.8828828828828829,98.0,0.00878844317048788,10.0,2.824858757062147,
EN_016_17__ES_016_17,train,true,21,21,4.6,212.91426250197574,21.373766929589074,12.995960652346156,1.7392919253246057,0.6805555555555556,98.0,0.007472062483429909,20.0,4.347826086956522,4.45,227.3132908285568,41.53358016176494,13.81345691914556,4.085752924267426,0.8785714285714286,123.0,0.008580696769058704,15.0,3.3707865168539324,
EN_016_18__ES_016_18,train,true,21,21,3.35,184.7158530974122,11.740867277393466,10.58957716872015,1.0805122675893288,0.4095238095238095,43.0,0.004628512542694807,11.0,3.2835820895522385,3.9,216.81117724918946,16.95194332359607,13.345187916067179,1.338117692646696,0.8442622950819673,103.0,0.007462954614311457,11.0,2.8205128205128207,
EN_016_19__ES_016_19,train,true,16,16,0.53,90.67790668816663,3.3141044299927414,-1.7055132705563376,0.6255861449004112,0.5294117647058824,9.0,0.0027469322085380554,1.0,1.8867924528301885,0.86,nan,nan,nan,nan,0.0,0.0,0.001243893289938569,2.0,2.3255813953488373,
EN_016_1__ES_016_1,train,true,16,16,3.14,92.10855740427363,6.011523164323784,-1.4582910483341154,1.0919846865023135,0.7272727272727273,72.0,0.006306272000074387,8.0,2.5477707006369426,3.52,95.85309679844497,3.943502742916925,-0.7479969306870565,0.7163333094494739,0.4594594594594595,51.0,0.002556510968133807,7.0,1.9886363636363635,
EN_016_20__ES_016_20,train,true,16,16,1.61,90.17742009635631,9.10618568085595,-1.8766243816674484,1.7265765742261958,0.8823529411764706,45.0,0.006074168719351292,5.0,3.105590062111801,1.38,100.16358503098634,4.995566264214953,0.007937021841322634,0.8289598996546558,0.8636363636363636,38.0,0.002267571398988366,4.0,2.8985507246376816,
EN_016_21__ES_016_21,train,true,16,16,2.76,99.86504277417329,14.002343842713977,-0.18110525598438862,2.293507656772543,0.7011494252873564,61.0,0.005435331258922815,9.0,3.2608695652173916,2.4,91.9549000550117,3.0203230518828956,-1.4613213513644183,0.5669759931950418,0.5789473684210527,44.0,0.0024565577041357756,7.0,2.916666666666667,
EN_016_22__ES_016_22,train,true,21,21,2.39,239.76353658032986,34.64991188595163,14.987079322036257,2.2089293783704944,0.72,54.0,0.010616104118525982,8.0,3.3472803347280333,2.29,248.33269274863477,22.63042113006059,15.684417284999217,1.4309326886248008,0.8888888888888888,64.0,0.014267033897340298,7.0,3.056768558951965,
EN_016_23__ES_016_23,train,true,21,21,1.17,256.71950321979955,38.36122188296684,16.126512873234514,2.6156833348015343,0.918918918918919,34.0,0.009980520233511925,8.0,6.837606837606838,1.63,235.48758329916535,24.878430430237117,14.744159932058043,1.6469117581401707,1.0,51.0,0.009252199903130531,7.0,4.294478527607362,
EN_016_24__ES_016_24,train,true,16,16,1.2,88.96996039243422,5.234306473122437,-2.053082715000782,1.013806063492915,0.8421052631578947,32.0,0.005844856612384319,6.0,5.0,1.11,100.70552090298166,7.17193432371382,0.08218514214207448,1.1408184942113684,0.8,28.0,0.0017811544239521027,3.0,2.7027027027027026,
EN_016_25__ES_016_25,train,true,21,21,3.1,253.1947287459844,39.768095348465444,15.87191728499922,2.6969582837661763,0.6597938144329897,64.0,0.010553979314863682,10.0,3.225806451612903,4.18,242.44356118841043,28.453433928966714,15.218737937173133,1.9546317441396694,0.8778625954198473,115.0,0.010517577640712261,11.0,2.6315789473684212,
EN_016_26__ES_016_26,train,true,21,21,3.25,323.6849521995194,72.14251240820936,19.845960652346157,4.247494300181084,0.4803921568627451,49.0,0.008330524899065495,16.0,4.923076923076923,4.45,250.46328606479875,60.72211023422496,15.208920789672115,5.410528905875437,0.7642857142857142,107.0,0.008210083469748497,15.0,3.3707865168539324,
EN_016_27__ES_016_27,train,true,16,16,2.27,93.87754066407125,4.988654744583616,-1.1180428213837608,0.9158431490205992,0.6619718309859155,47.0,0.006010985001921654,6.0,2.643171806167401,2.53,91.66139531492365,7.6497039890262615,-1.5638466038896708,1.3765199231269527,0.9,72.0,0.002543301787227392,6.0,2.3715415019762847,
EN_016_28__ES_016_28,train,true,21,21,1.02,231.30042451735426,21.43426994676001,14.441708951665886,1.6232469176177593,0.75,24.0,0.005208034999668598,2.0,1.9607843137254901,0.87,247.6314717114467,25.582993058863906,15.605042284999218,1.8023526292043963,0.7142857142857143,20.0,0.007166536990553141,2.0,2.2988505747126435,
EN_016_29__ES_016_29,train,true,16,16,3.71,92.58373475462483,14.543424058368128,-1.5386175088152154,2.6373556065877723,0.8362068965517241,97.0,0.010729972273111343,11.0,2.964959568733154,4.49,96.7401869295049,7.18420907003049,-0.621234310745463,1.2814239370612355,0.6666666666666666,94.0,0.00250372476875782,8.0,1.7817371937639197,
EN_016_2__ES_016_2,train,true,16,16,1.36,99.13687627326041,16.14275710221092,-0.3610688261118927,2.646497802244308,0.627906976744186,27.0,0.003456482430920005,3.0,2.205882352941176,1.79,96.79839949572046,13.340242243774428,-0.7036162515861475,2.118109783305493,0.7321428571428571,41.0,0.0026316705625504255,5.0,2.793296089385475,
EN_016_30__ES_016_30,train,true,16,16,5.23,88.76572547376468,8.79585476738077,-2.147957715000782,1.71633213568936,0.6097560975609756,100.0,0.007628529332578182,13.0,2.4856596558317396,5.37,99.06116249923764,9.470987575284614,-0.2380529530960201,1.5876311165879424,0.75,126.0,0.0030453489162027836,13.0,2.4208566108007448,
EN_016_31__ES_016_31,train,true,16,16,2.73,91.84662057499888,13.648183555542145,-1.655927864254513,2.497693299827754,0.7790697674418605,67.0,0.008279363624751568,7.0,2.5641025641025643,3.34,97.82401771843135,10.21822698960457,-0.4761872231975033,1.8226176131376075,0.580952380952381,61.0,0.0033461435232311487,8.0,2.3952095808383236,
EN_016_32__ES_016_32,train,true,21,21,4.01,239.4453005622833,32.83507805259986,14.95254228499922,2.3864186032630568,0.6349206349206349,80.0,0.008909337222576141,22.0,5.486284289276808,4.57,224.84983806805232,26.903967146931997,13.91265098065139,1.9578364664827352,0.8041958041958042,115.0,0.01219157874584198,16.0,3.50109409190372,
EN_016_33__ES_016_33,train,true,21,21,3.42,197.12908929377764,8.662499868106517,11.73337561833255,0.7470311610338319,0.3925233644859813,42.0,0.006079479586333036,11.0,3.216374269005848,3.68,233.7216096491178,12.067693904958881,14.674773467794916,0.8836210828516331,0.8017241379310345,93.0,0.0177255030721426,9.0,2.4456521739130435,
EN_016_34__ES_016_34,train,true,21,21,3.98,201.06677790738962,21.377309592683527,12.006164733978807,1.6774048424320258,0.784,98.0,0.0106370709836483,19.0,4.773869346733669,5.51,214.1724317370954,19.738816569931398,13.114967658133548,1.5441878251064376,0.7745664739884393,134.0,0.012264356017112732,15.0,2.722323049001815,
EN_016_35__ES_016_35,train,true,21,21,1.88,191.0504515155247,7.001256057693195,11.195988230945165,0.627562678938987,0.6271186440677966,37.0,0.0049819047562778,8.0,4.25531914893617,2.22,195.15158679946072,60.42991373739522,10.25881421482378,7.591044601434406,0.8142857142857143,57.0,0.010052473284304142,7.0,3.153153153153153,
EN_016_36__ES_016_36,train,true,21,21,0.75,1772.293788319391,13.575147509722285,49.770042284999214,0.13266499161421896,0.4166666666666667,10.0,0.0018897781847044826,2.0,2.6666666666666665,0.67,nan,nan,nan,nan,0.0,0.0,0.004340599291026592,2.0,2.9850746268656714,
EN_016_37__ES_016_37,train,true,16,16,4.97,93.34401973311975,12.502161824471983,-1.3271506974569225,2.0883148199730748,0.7307692307692307,114.0,0.007001681253314018,12.0,2.4144869215291753,5.05,94.36293016512762,9.24674479181531,-1.0732453862336588,1.4742093816032054,0.4620253164556962,73.0,0.00231901160441339,10.0,1.9801980198019802,
EN_016_38__ES_016_38,train,true,16,16,3.76,98.87112897040737,11.508643917296844,-0.3119947520378189,1.994237884348053,0.9152542372881356,108.0,0.008391515351831913,14.0,3.7234042553191493,3.58,97.02664682752471,7.607973112475699,-0.5717525867956538,1.2811900953748128,0.6964285714285714,78.0,0.0027446544263511896,11.0,3.072625698324022,
EN_016_39__ES_016_39,train,true,16,16,3.06,85.52624287081545,7.941729049011733,-2.7807269457700126,1.5975387874836688,0.5416666666666666,52.0,0.005313903093338013,8.0,2.6143790849673203,2.77,91.064594511795,3.582184144508585,-1.6336311843885376,0.6729001923673107,0.5632183908045977,49.0,0.0028915610164403915,6.0,2.1660649819494586,
EN_016_3__ES_016_3,train,true,21,21,3.97,205.22996717182153,43.68337246969138,11.924799566552618,4.578372934514565,0.824,103.0,0.007447224110364914,14.0,3.526448362720403,6.08,221.29732914608311,20.11652031854606,13.682681173888106,1.5349099621218794,0.7539267015706806,144.0,0.007660281378775835,17.0,2.7960526315789473,
EN_016_40__ES_016_40,train,true,16,16,3.53,94.49804945285697,11.510813336899668,-1.1020703910571201,2.038147402023349,0.6396396396396397,71.0,0.008891734294593334,12.0,3.3994334277620397,3.36,90.25354460078559,4.175253505430754,-1.796386286429353,0.8833710362894527,0.5283018867924528,56.0,0.002917617792263627,8.0,2.380952380952381,
EN_016_41__ES_016_41,train,true,21,21,3.26,226.5110576528376,15.33239287839142,14.115158564068986,1.175601522611957,0.8431372549019608,86.0,0.008234183304011822,12.0,3.6809815950920246,3.55,222.53897925677316,21.223081915857133,13.775552489080852,1.5657241412939158,0.8828828828828829,98.0,0.009595358744263649,11.0,3.098591549295775,
EN_016_42__ES_016_42,train,true,21,21,3.37,204.5460873473867,11.181399052777927,12.366042284999217,0.8688751348726697,0.2358490566037736,25.0,0.005764199420809746,9.0,2.6706231454005933,3.62,214.66776794155868,18.661845271815714,13.163042284999216,1.4522847516930004,0.8771929824561403,100.0,0.009205355308949947,9.0,2.4861878453038675,
EN_016_43__ES_016_43,train,true,21,21,2.59,197.01557497349435,14.272491707930259,11.69786837195574,1.1802245789301185,0.5679012345679012,46.0,0.007322434801608324,8.0,3.088803088803089,3.14,218.11265104757538,10.531783115003975,13.480994665951595,0.827068286245688,0.8484848484848485,84.0,0.007543656509369612,9.0,2.8662420382165603,
EN_016_44__ES_016_44,train,true,21,21,3.4,191.33107981115,53.22576779234741,10.443097840554774,5.523920869698566,0.6728971962616822,72.0,0.006090922746807337,10.0,2.9411764705882355,4.35,214.1989949443918,15.700222494745123,13.142479259789132,1.237519860726158,0.875,119.0,0.007723655551671982,13.0,2.988505747126437,
EN_016_45__ES_016_45,train,true,21,21,2.86,236.38372841708696,18.581559189206192,14.844486729443664,1.277355002522453,0.6,54.0,0.006062281783670187,12.0,4.195804195804196,3.96,228.11570198392647,24.856401225746744,14.19491407987101,1.6058105578386292,0.6290322580645161,78.0,0.006114955525845289,9.0,2.272727272727273,
EN_016_46__ES_016_46,train,true,16,16,4.16,108.09675695267727,9.793996450728029,1.275415419327576,1.592270816572384,0.5114503816793893,67.0,0.003568697487935424,3.0,0.7211538461538461,3.17,109.04192202266226,2.160396787788346,1.4952035753218003,0.34251320641119426,0.31,31.0,0.0018488807836547494,4.0,1.2618296529968454,
EN_016_47__ES_016_47,train,true,16,16,2.06,104.89367317663256,13.766669751660674,0.6827695577264907,2.218521583516583,0.8461538461538461,55.0,0.007461688946932554,10.0,4.854368932038835,2.44,96.76220856244514,8.317746789565641,-0.6309921977594027,1.451094342871747,0.7532467532467533,58.0,0.0031047859229147434,8.0,3.278688524590164,
EN_016_4__ES_016_4,train,true,16,16,1.39,136.3787299852852,48.10195415100225,4.5414708564277895,5.030158840353223,0.7954545454545454,35.0,0.007129162549972534,5.0,3.5971223021582737,1.72,105.67072681018463,15.556794040680973,0.7944867294436624,2.2667211322432284,0.3333333333333333,18.0,0.0017475388012826443,3.0,1.744186046511628,
EN_016_5__ES_016_5,train,true,21,21,2.38,214.60664913606414,20.4400945512722,13.157589454810537,1.3962009176662182,0.7066666666666667,53.0,0.006156472023576498,9.0,3.781512605042017,2.06,243.0382855653957,44.857615849861006,15.143590672095993,2.663666583304586,0.9538461538461539,62.0,0.008090711198747158,9.0,4.368932038834951,
EN_016_6__ES_016_6,train,true,21,21,1.2,211.24077633940396,37.18697670855093,12.719007802240595,2.692531618394167,0.7631578947368421,29.0,0.005350337363779545,5.0,4.166666666666667,1.66,211.7616715203581,11.701491265770073,12.958737937173135,1.069503356288109,0.8846153846153846,46.0,0.009648259729146957,5.0,3.0120481927710845,
EN_016_7__ES_016_7,train,true,21,21,1.38,204.90861071685447,18.94935608617111,12.346917284999218,1.58281481367057,0.7272727272727273,32.0,0.008144738152623177,4.0,2.8985507246376816,1.42,226.77192834528432,19.651958371396862,14.11220444716138,1.4609051898406806,0.8222222222222222,37.0,0.010019614361226559,2.0,1.4084507042253522,
EN_016_8__ES_016_8,train,true,21,21,2.66,205.13550761432015,23.27274403928731,12.34379228499922,1.7461632047148392,0.9523809523809523,80.0,0.007117562461644411,8.0,3.007518796992481,3.59,209.04731317990507,19.040080298061024,12.68269534622371,1.7669745566122672,0.8672566371681416,98.0,0.006928720511496067,8.0,2.2284122562674096,
EN_016_9__ES_016_9,train,true,21,21,3.58,201.65671791052603,30.175852934700174,11.981437633836428,2.259360973038614,0.7678571428571429,86.0,0.004513167776167393,13.0,3.631284916201117,3.19,208.85961952793573,51.89475831407529,11.82820320453945,6.514641781197436,0.87,87.0,0.00859562773257494,9.0,2.8213166144200628,
EN_017_10__ES_017_10,train,true,2,2,1.07,1533.8131897029928,193.05203906834058,47.121470856427784,2.304166589782385,0.4117647058823529,14.0,0.004454211797565222,1.0,0.9345794392523364,1.34,239.7144552607746,31.797084470899385,14.994486729443663,2.171248716212474,0.6428571428571429,27.0,0.0069942716509103775,1.0,0.7462686567164178,
EN_017_11__ES_017_11,train,true,17,17,1.04,130.11624041883303,3.8552746040440886,4.5500422849992175,0.5115336417740936,0.36363636363636365,12.0,0.0052749114111065865,2.0,1.923076923076923,1.4,116.99841801490294,16.064230545142337,2.557734592691526,2.3430622758267368,0.5909090909090909,26.0,0.005648767575621605,2.0,1.4285714285714286,
EN_017_12__ES_017_12,train,true,2,2,2.16,209.8524558970553,19.97491574105304,12.758150393107327,1.583423997506734,0.5441176470588235,37.0,0.003252132562920451,10.0,4.62962962962963,2.43,222.73745435047746,18.726518196645266,13.802673863946588,1.4613266338955828,0.75,57.0,0.007871105335652828,9.0,3.7037037037037033,
EN_017_13__ES_017_13,train,true,17,17,3.64,125.84458411063655,21.96311183183242,3.72905463067823,2.9119895218142915,0.7105263157894737,81.0,0.006666949018836021,12.0,3.2967032967032965,3.23,126.69584584480394,22.344716369915822,3.8420877395446733,2.925989404959267,0.8712871287128713,88.0,0.005927122663706541,5.0,1.5479876160990713,
EN_017_14__ES_017_14,train,true,2,2,1.0,232.61707757312442,6.869221926577817,14.607937021841323,0.5112582924034067,0.59375,19.0,0.005346565507352352,4.0,4.0,1.0,215.7670966414926,17.535622036462076,13.258042284999217,1.3798318738165163,0.78125,25.0,0.007516507990658283,1.0,1.0,
EN_017_15__ES_017_15,train,true,17,17,2.28,138.76064417515104,17.362585759983993,5.522542284999218,2.323143075662797,0.5555555555555556,40.0,0.012684651650488377,6.0,2.6315789473684212,2.61,126.2355572137667,13.78366063026929,3.9242847092416424,1.9730234149081811,0.8048780487804879,66.0,0.00833044946193695,7.0,2.681992337164751,
EN_017_16__ES_017_16,train,true,17,17,1.81,106.756016283187,4.474970295820916,1.1167089516658855,0.7217263254786335,0.2631578947368421,15.0,0.008365277200937271,8.0,4.419889502762431,2.71,117.81160302068196,15.276618937284253,2.6900422849992167,2.270183546177122,0.7058823529411765,60.0,0.00745846051722765,9.0,3.321033210332103,
EN_017_17__ES_017_17,train,true,17,17,3.49,105.02719859607932,2.9786755300424246,0.8423499773069099,0.48271912276114615,0.23636363636363636,26.0,0.0044624716974794865,11.0,3.151862464183381,3.74,113.53110964865503,13.863704647255249,2.0846576696146024,1.9056479430472553,0.4444444444444444,52.0,0.005329539533704519,11.0,2.941176470588235,
EN_017_18__ES_017_18,train,true,2,2,0.9,202.79047134954178,16.665002935831073,12.185756570713504,1.3435598465362422,0.4827586206896552,14.0,0.002522912574931979,1.0,1.1111111111111112,0.76,235.8033228332465,27.545745137984763,14.727820062776996,2.087410824590426,0.75,18.0,0.00480511412024498,1.0,1.3157894736842106,
EN_017_19__ES_017_19,train,true,17,17,3.86,116.9768026557547,7.5628070148725755,2.677701859467302,1.1376912282860272,0.3884297520661157,47.0,0.006749364547431469,9.0,2.3316062176165806,4.8,120.61590423917418,13.676033345566976,3.135435543426185,1.9423460019819396,0.5894039735099338,89.0,0.006653954740613699,10.0,2.0833333333333335,
EN_017_1__ES_017_1,train,true,2,2,2.94,264.64654694142956,83.5002806303281,16.181687854619465,4.533184096371369,0.8586956521739131,79.0,0.01928112655878067,11.0,3.741496598639456,2.42,289.03726911482323,86.0522065865558,17.751681629261515,4.428280641930674,0.8026315789473685,61.0,0.01808357983827591,8.0,3.3057851239669422,
EN_017_20__ES_017_20,train,true,17,17,2.61,114.5127442381372,4.559840006648911,2.3322645072214394,0.6935540959078944,0.5487804878048781,45.0,0.009636270813643932,7.0,2.681992337164751,3.85,112.73833787786502,5.979978535859543,2.051232761189694,0.9227926104028245,0.6942148760330579,84.0,0.005522594787180424,7.0,1.8181818181818181,
EN_017_2__ES_017_2,train,true,17,17,2.87,103.25419625255466,10.472776954505962,0.46850382346075636,1.710230961253012,0.7222222222222222,65.0,0.006769930012524128,8.0,2.787456445993031,3.74,113.82950362020442,10.199600656790828,2.1775422849992174,1.4750402536880134,0.6837606837606838,80.0,0.005051975138485432,8.0,2.13903743315508,
EN_017_3__ES_017_3,train,true,2,2,0.7,nan,nan,nan,nan,0.0,0.0,0.003975185099989176,1.0,1.4285714285714286,0.82,162.32002305441182,68.73962810689457,6.150042284999219,9.55632425848628,0.46153846153846156,12.0,0.004283942747861147,1.0,1.2195121951219512,
EN_017_4__ES_017_4,train,true,17,17,2.73,103.85918388190255,9.782178465199586,0.5890666752431207,1.4680131003569927,0.47674418604651164,41.0,0.0057326871901750565,13.0,4.761904761904762,3.64,108.66151731007398,4.4447428084603215,1.424199588370005,0.6868799495860176,0.7807017543859649,89.0,0.004883091896772385,12.0,3.2967032967032965,
EN_017_5__ES_017_5,train,true,17,17,1.83,113.51799339802535,11.400728295546832,2.117349977306911,1.5970792034988497,0.896551724137931,52.0,0.011165780946612358,9.0,4.918032786885246,3.54,110.94662580027976,5.558678276056751,1.7781321726396666,0.82393803138383,0.8018018018018018,89.0,0.007028816733509302,8.0,2.2598870056497176,
EN_017_6__ES_017_6,train,true,2,2,1.09,255.3074343128334,64.30727036973605,15.69448672944366,4.251564708332193,0.5142857142857142,18.0,0.004614545963704586,1.0,0.9174311926605504,1.02,237.083938248153,54.232405114142566,14.56254228499922,3.498489257284254,0.75,24.0,0.004317382350564003,1.0,0.9803921568627451,
EN_017_7__ES_017_7,train,true,17,17,4.2,126.35103581929084,22.793204694010257,3.7961961311530645,2.882631112400183,0.49242424242424243,65.0,0.008299610577523708,9.0,2.142857142857143,4.56,126.80506952283375,25.43961440907675,3.7944867294436633,3.2329247546356226,0.6293706293706294,90.0,0.008132091723382473,10.0,2.192982456140351,
EN_017_8__ES_017_8,train,true,17,17,3.02,143.7995893929676,25.7166760225421,6.034457869414803,2.9093251297176255,0.8105263157894737,77.0,0.005800261627882719,8.0,2.6490066225165565,3.27,139.98052671268312,25.23828953135984,5.566042284999218,2.9135105972005664,0.7281553398058253,75.0,0.009220229461789131,7.0,2.140672782874618,
EN_017_9__ES_017_9,train,true,17,17,2.65,113.40917848374043,6.386270516159805,2.1521256183325517,0.9452710332962119,0.5783132530120482,48.0,0.005644551943987608,11.0,4.150943396226415,2.88,112.76360081666549,5.658376216746197,2.0578854222541203,0.8670081839754185,0.5604395604395604,51.0,0.00753328762948513,8.0,2.7777777777777777,
EN_018_10__ES_018_10,test,true,18,18,1.64,220.81624569743562,21.76756057556339,13.63504228499922,1.6399009116407,0.7692307692307693,40.0,0.006743930745869875,7.0,4.2682926829268295,1.92,275.06107128412543,43.896831848711,17.31789942785636,2.562929904206814,0.9180327868852459,56.0,0.007990117184817791,7.0,3.6458333333333335,
EN_018_11__ES_018_11,test,true,22,22,3.04,140.34149119143592,16.313054562560367,5.747478182435114,2.049576213793298,0.40625,39.0,0.01028616912662983,13.0,4.276315789473684,4.29,142.49132308306935,17.54550910104232,5.998375618332552,2.143011251072244,0.4444444444444444,60.0,0.00637784693390131,13.0,3.0303030303030303,
EN_018_12__ES_018_12,test,true,18,18,3.8,213.40990093102346,12.204715186731447,13.095804996863626,0.9748223712855322,0.4957983193277311,59.0,0.005531994625926018,11.0,2.8947368421052633,3.48,237.3068867992286,29.7984109079891,14.821781415434002,2.208202401273613,0.8440366972477065,92.0,0.007878621108829975,9.0,2.586206896551724,
EN_018_13__ES_018_13,test,true,18,18,3.21,232.80773189637523,28.654546189449412,14.51226450722144,1.9624008978673588,0.8910891089108911,90.0,0.008164733648300171,10.0,3.115264797507788,2.89,240.56910502025244,30.553688831206266,15.075717960674895,1.988960125618465,0.8131868131868132,74.0,0.00893546361476183,9.0,3.1141868512110724,
EN_018_14__ES_018_14,test,true,18,18,3.61,230.03746056489996,28.065640485800458,14.315756570713503,1.837069538639166,0.9292035398230089,105.0,0.015330424532294273,13.0,3.6011080332409975,4.42,232.59841533921676,27.947080929071614,14.50802547827653,1.8442504705264038,0.8561151079136691,119.0,0.007591598201543093,12.0,2.7149321266968327,
EN_018_15__ES_018_15,test,true,18,18,2.79,221.95799973615766,17.76184975204003,13.747542284999218,1.3948095748165772,0.9090909090909091,80.0,0.010321267880499363,9.0,3.225806451612903,3.56,230.08051931607295,21.171741861922662,14.357734592691527,1.506413451793042,0.8125,91.0,0.007835350930690765,9.0,2.5280898876404496,
EN_018_16__ES_018_16,test,true,18,18,2.67,199.81952368654314,27.23390835493566,11.764104784999219,2.9918048058143345,0.7619047619047619,64.0,0.004232046194374561,9.0,3.370786516853933,3.05,227.44194423923489,15.392341729014596,14.185997341178995,1.1793396734595951,0.9270833333333334,89.0,0.005700568202883005,11.0,3.6065573770491803,
EN_018_17__ES_018_17,test,true,18,18,4.7,237.80928462751692,31.96603507170574,14.855924637940394,2.16328877848066,0.9251700680272109,136.0,0.011501306667923927,16.0,3.404255319148936,5.24,240.5148770196674,27.55631407731091,15.086212497765171,1.9018571213513134,0.8597560975609756,141.0,0.011960308998823166,18.0,3.4351145038167936,
EN_018_18__ES_018_18,test,true,18,18,3.14,224.7299106943926,8.362792654785393,14.006292284999217,0.6454669659763131,0.9696969696969697,96.0,0.014018869027495384,8.0,2.5477707006369426,2.67,211.25132675939295,9.640756287404134,12.929772014728947,0.7811944647901995,0.8809523809523809,74.0,0.007936686277389526,9.0,3.370786516853933,
EN_018_19__ES_018_19,test,true,18,18,3.0,218.78023332613446,13.882622884220474,13.519273054229988,1.090907372540635,0.8297872340425532,78.0,0.010358525440096855,14.0,4.666666666666667,3.42,234.61283005687088,29.217958397230174,14.638702078813647,2.044397740502849,0.9065420560747663,97.0,0.011794324032962322,10.0,2.9239766081871346,
EN_018_1__ES_018_1,test,true,18,18,2.88,258.2328678776791,33.277601520362666,16.29214754815711,2.0942441896211084,0.8351648351648352,76.0,0.018227072432637215,10.0,3.4722222222222223,2.16,263.25156684761197,44.12958673213486,16.52458773954467,2.8119367755609423,0.8088235294117647,55.0,0.01112597156316042,5.0,2.314814814814815,
EN_018_20__ES_018_20,test,true,18,18,3.57,216.9964205996386,10.674277492407777,13.391456426413354,0.8413565406454561,0.8839285714285714,99.0,0.013463363982737064,17.0,4.761904761904762,4.37,229.13482943206984,21.127938235077828,14.283375618332553,1.5556825344999374,0.9854014598540146,135.0,0.009881412610411644,15.0,3.4324942791762014,
EN_018_2__ES_018_2,test,true,22,22,3.01,157.88204008976876,46.94951056635875,7.3068604668174,4.277233479676954,0.4631578947368421,44.0,0.009916418232023716,7.0,2.3255813953488373,3.88,151.03718586835967,45.499050690819274,6.468433089596919,4.644401616571009,0.7131147540983607,87.0,0.007141473703086376,8.0,2.061855670103093,
EN_018_3__ES_018_3,test,true,22,22,2.72,139.47027922980305,8.796776279354047,5.72077399231629,1.1947535519805983,0.47674418604651164,41.0,0.009868008084595203,8.0,2.941176470588235,2.84,130.45716729349476,8.863460505692965,4.564042284999219,1.1523905587950638,0.5617977528089888,50.0,0.0062141986563801765,9.0,3.1690140845070425,
EN_018_4__ES_018_4,test,true,22,22,3.48,150.05026822501898,12.36590527654539,6.971010026934702,1.3476547247065669,0.5688073394495413,62.0,0.014535265974700451,12.0,3.4482758620689657,4.4,134.28480268743627,17.763638643866106,4.956215124505392,2.2436932559769907,0.5869565217391305,81.0,0.006802275776863098,11.0,2.5,
EN_018_5__ES_018_5,test,true,22,22,1.09,139.54065490999147,3.573940940079963,5.762542284999217,0.44376467111897644,0.6857142857142857,24.0,0.014725997112691402,4.0,3.6697247706422016,1.64,127.78038755417057,13.010199227282907,4.15274498770192,1.7852982923577223,0.7115384615384616,37.0,0.006323269568383694,6.0,3.658536585365854,
EN_018_6__ES_018_6,test,true,22,22,2.43,178.0841916384509,19.79414325339768,9.884736162550238,1.9111435854608703,0.6447368421052632,49.0,0.02428869530558586,10.0,4.11522633744856,2.67,157.46492750421547,35.96111975907201,7.444159932058044,3.7292122789475646,0.8095238095238095,68.0,0.008237192407250404,10.0,3.7453183520599254,
EN_018_7__ES_018_7,test,true,18,18,3.29,253.40864161389018,35.24778107279554,15.94015217510911,2.302509617216552,0.883495145631068,91.0,0.011711129918694496,9.0,2.735562310030395,3.26,247.54482273089795,35.23169464504503,15.540667284999218,2.213692151747468,0.9411764705882353,96.0,0.008638439700007439,9.0,2.7607361963190185,
EN_018_8__ES_018_8,test,true,18,18,2.1,233.9665991225362,31.84642548608708,14.554657669614603,2.363727875085375,0.9848484848484849,65.0,0.016087418422102928,7.0,3.333333333333333,1.78,265.450930617588,44.03403454795417,16.686042284999218,2.6647896727509295,0.8928571428571429,50.0,0.008432010188698769,5.0,2.8089887640449436,
EN_018_9__ES_018_9,test,true,18,18,2.87,239.96527499694088,22.293033864090052,15.082093567050498,1.5645506924241934,0.8666666666666667,78.0,0.013110842555761337,14.0,4.878048780487805,3.64,239.41735859399492,20.72726838059781,15.050042284999217,1.4895286677919004,0.8070175438596491,92.0,0.010098632425069809,13.0,3.571428571428571,
EN_019_10__ES_019_10,train,true,19,19,4.3,103.27015395816768,9.956031478506297,0.4814708564277895,1.595010929099101,0.7777777777777778,105.0,0.005642397329211235,17.0,3.9534883720930236,4.31,107.80395231287879,12.42496231527556,1.2000422849992178,1.8117670931993441,0.8888888888888888,120.0,0.009533935226500034,13.0,3.0162412993039447,
EN_019_11__ES_019_11,train,true,19,19,5.05,100.6958185595163,8.543804117198336,0.0669777688701854,1.308207452116503,0.7848101265822784,124.0,0.005355113185942173,21.0,4.158415841584159,6.58,99.5661229541703,9.155953207853885,-0.1401537934321549,1.4550459735288988,0.49514563106796117,102.0,0.007465977221727371,18.0,2.735562310030395,
EN_019_12__ES_019_12,train,true,19,19,5.39,104.18659808575121,11.01673504413452,0.6115237664806995,1.8636477645729639,0.7988165680473372,135.0,0.006705473177134991,22.0,4.081632653061225,5.22,109.07939558026581,12.972012136523073,1.3846217242515542,2.027617855741819,0.6524390243902439,107.0,0.006470134481787682,18.0,3.4482758620689657,
EN_019_13__ES_019_13,train,true,2,2,1.84,214.45011423263222,22.64651172725477,13.11504228499922,1.7739151614437485,0.6896551724137931,40.0,0.019622918218374252,7.0,3.8043478260869565,2.24,218.69794481094925,27.792618210174904,13.417229784999218,2.0865682566941706,0.9014084507042254,64.0,0.018813226372003555,8.0,3.571428571428571,
EN_019_14__ES_019_14,train,true,2,2,2.1,238.89936598635165,36.46282990399265,14.87967191462885,2.6009705901785853,0.8181818181818182,54.0,0.017870744690299034,9.0,4.285714285714286,2.12,227.89068708609253,33.89593273713427,14.072264507221442,2.5382019493733097,0.8059701492537313,54.0,0.020241033285856247,9.0,4.245283018867925,
EN_019_15__ES_019_15,train,true,2,2,2.11,215.63507929451794,19.076146311803708,13.239172719781827,1.4669145763442115,0.696969696969697,46.0,0.015597145073115826,6.0,2.843601895734597,1.81,229.3266469746017,23.90968199658748,14.275042284999216,1.8019087102292393,0.8421052631578947,48.0,0.032597605139017105,5.0,2.7624309392265194,
EN_019_16__ES_019_16,train,true,19,19,1.62,103.90704360339089,4.607174030689052,0.6468164785476048,0.757109899964562,0.6078431372549019,31.0,0.005433219484984875,1.0,0.6172839506172839,1.57,99.89586084965418,6.627958624953998,-0.05495771500078226,1.1218177213790124,0.4,20.0,0.009032240137457848,2.0,1.2738853503184713,
EN_019_17__ES_019_17,train,true,19,19,1.88,101.05283244754747,7.706104948464371,0.12861371357064696,1.3680949066016537,0.711864406779661,42.0,0.005696956068277359,7.0,3.7234042553191493,1.77,106.68094510912269,7.550824078053061,1.0795877395446725,1.1551425621294433,0.7857142857142857,44.0,0.0052910009399056435,6.0,3.389830508474576,
EN_019_18__ES_019_18,train,true,2,2,1.31,nan,nan,nan,nan,0.0,0.0,0.009792739525437355,1.0,0.7633587786259541,1.08,1891.6946260739403,70.44690213993803,50.88754228499921,0.6343057228182643,0.23529411764705882,8.0,0.01123895775526762,1.0,0.9259259259259258,
EN_019_19__ES_019_19,train,true,19,19,7.59,101.61010918892197,11.829265384329057,0.17260326060897427,1.8453080323043234,0.6890756302521008,164.0,0.005557252559810877,27.0,3.5573122529644268,8.07,99.29723693978576,8.051304371160882,-0.17832650932702288,1.394941532170844,0.5573122529644269,141.0,0.006437790580093861,26.0,3.22180916976456,
EN_019_1__ES_019_1,train,true,2,2,2.69,214.94432283691984,12.341320374963987,13.218792284999218,1.0001367094052687,0.3764705882352941,32.0,0.007507173344492912,8.0,2.9739776951672865,3.24,230.00125270279554,44.092610483576244,14.14281336933657,2.993317180450201,0.8137254901960784,83.0,0.00738568976521492,11.0,3.3950617283950617,
EN_019_20__ES_019_20,train,true,19,19,3.76,118.40689940312636,15.792464221343261,2.7660422849992177,2.3657015872675067,0.423728813559322,50.0,0.006927586626261473,14.0,3.7234042553191493,3.54,117.40411922331398,16.339963214208346,2.611332607579862,2.396279924143375,0.8378378378378378,93.0,0.006514153443276882,14.0,3.9548022598870056,
EN_019_21__ES_019_21,train,true,19,19,1.7,108.1857191639006,2.2604946888765443,1.358375618332552,0.3593010189551688,0.2222222222222222,12.0,0.0073782033286988735,5.0,2.9411764705882355,1.56,108.5423452837845,9.251783071813291,1.3526738639465858,1.5373399518076092,0.7755102040816326,38.0,0.006210581865161657,4.0,2.564102564102564,
EN_019_22__ES_019_22,train,true,19,19,1.64,105.12120761761338,14.34550618917433,0.7136786486355815,2.250059686995285,0.8461538461538461,44.0,0.005636121146380901,6.0,3.658536585365854,1.68,99.91866180569212,6.4925926081407495,-0.04995771500078218,1.109440013185545,0.660377358490566,35.0,0.006439765449613333,10.0,5.9523809523809526,
EN_019_23__ES_019_23,train,true,19,19,3.76,98.97905272161087,5.092762900350843,-0.20134660388967104,0.9142381551439362,0.6101694915254238,72.0,0.00619959132745862,9.0,2.393617021276596,4.16,95.3875881357095,4.0046295107948975,-0.8324319418049052,0.7146494071283751,0.7404580152671756,97.0,0.006233850494027138,8.0,1.923076923076923,
EN_019_24__ES_019_24,train,true,2,2,1.88,216.85577228757003,29.09463683253684,13.260951375908311,2.1429523158715345,0.9322033898305084,55.0,0.009768888354301453,3.0,1.595744680851064,2.09,204.3442041211966,16.67430541621348,12.319089904046837,1.3258399126300664,0.6363636363636364,42.0,0.007749743759632111,2.0,0.9569377990430623,
EN_019_25__ES_019_25,train,true,19,19,1.76,102.49993809194528,7.162243773595408,0.38559784055477325,1.2018791870429046,0.8035714285714286,45.0,0.008868503384292126,8.0,4.545454545454546,2.33,107.40573973051974,9.47095047457648,1.1694867294436624,1.528219633074245,0.9863013698630136,72.0,0.010828055441379547,7.0,3.004291845493562,
EN_019_26__ES_019_26,train,true,19,19,2.45,103.92406747838555,18.433800701332757,0.4400422849992176,2.6862799556263672,0.6493506493506493,50.0,0.005620256066322327,9.0,3.6734693877551017,3.04,104.51748650800437,14.717662773415658,0.6079370218413229,2.281231382499069,0.7916666666666666,76.0,0.007922193966805935,10.0,3.289473684210526,
EN_019_27__ES_019_27,train,true,19,19,3.45,106.24291979552319,13.002515638045075,0.9236055033900225,2.0589283994470065,0.8055555555555556,87.0,0.0062959264032542706,11.0,3.1884057971014492,3.25,107.1508885260373,21.45924142643938,0.9008115157684486,3.0664498679905745,0.6372549019607843,65.0,0.01219883468002081,8.0,2.4615384615384617,
EN_019_28__ES_019_28,train,true,19,19,2.63,109.232411992737,6.075584706499309,1.501827999284932,0.9686129758261429,0.6746987951807228,56.0,0.005228705238550901,9.0,3.4220532319391634,2.54,114.65753420341788,7.689559838261178,2.328888438845372,1.1645957599200112,0.65,52.0,0.0062876297160983086,14.0,5.511811023622047,
EN_019_29__ES_019_29,train,true,19,19,2.17,113.70075980604864,9.604897719656977,2.16216349712043,1.4442692554635788,0.4852941176470588,33.0,0.005003694444894791,9.0,4.147465437788019,2.37,112.426653330379,18.398607900947532,1.8096167530843248,2.705444437824705,0.6266666666666667,47.0,0.009161575697362423,7.0,2.9535864978902953,
EN_019_2__ES_019_2,train,true,2,2,1.07,247.65182304054557,10.811636519353534,15.683375618332553,0.752034278178566,0.35294117647058826,12.0,0.012902475893497467,3.0,2.803738317757009,0.99,249.68658362042675,31.104450012505062,15.70242323738017,2.212005994915464,0.6774193548387096,21.0,0.010047746822237968,3.0,3.0303030303030303,
EN_019_30__ES_019_30,train,true,19,19,3.01,100.32373534364744,10.240865896176125,-0.0309100959531628,1.7189750677210862,0.8842105263157894,84.0,0.005395786836743355,14.0,4.651162790697675,3.05,107.34011454545029,19.809753803254164,0.9894362243931575,2.7191731579643053,0.6875,66.0,0.009404216893017292,11.0,3.6065573770491803,
EN_019_31__ES_019_31,train,true,2,2,1.08,204.379446121956,11.194655546489335,12.350042284999223,0.9208691546577074,0.8823529411764706,30.0,0.010448211804032326,3.0,2.7777777777777777,1.16,202.31085496091717,13.633911798671676,12.164327999284932,1.0597779256526723,0.5675675675675675,21.0,0.006009116303175688,4.0,3.4482758620689657,
EN_019_32__ES_019_32,train,true,19,19,2.39,100.17819966366476,3.233776508475508,0.02174039820676497,0.5617954232134772,0.7066666666666667,53.0,0.008198861964046955,10.0,4.184100418410042,2.8,99.8498893404858,6.764854785723596,-0.06734901934860849,1.210157077089058,0.5227272727272727,46.0,0.0071081132628023624,10.0,3.5714285714285716,
EN_019_33__ES_019_33,train,true,19,19,1.81,105.70391471434192,10.989143532564224,0.8696501281364725,1.7585666632112906,0.8947368421052632,51.0,0.005882570054382086,10.0,5.524861878453039,2.04,108.33329548556695,12.960722080189063,1.2667089516658845,2.011517761220045,0.84375,54.0,0.005993233993649483,7.0,3.4313725490196076,
EN_019_34__ES_019_34,train,true,2,2,3.96,287.57376016647373,247.39150870288572,15.410042284999214,8.038334470064777,0.7661290322580645,95.0,0.017727535218000412,7.0,1.7676767676767677,3.96,207.60292692686184,18.475274264858278,12.585280380237315,1.4085440610368163,0.8467741935483871,105.0,0.022373797371983528,10.0,2.525252525252525,
EN_019_35__ES_019_35,train,true,19,19,1.36,99.17174733528003,5.747295008629723,-0.17348712676548744,1.0143264422698879,0.7906976744186046,34.0,0.006482154130935669,5.0,3.676470588235294,1.42,100.84252369044154,7.491388888100787,0.09004228499921792,1.4369014281730372,0.7777777777777778,35.0,0.01112272497266531,4.0,2.8169014084507045,
EN_019_36__ES_019_36,train,true,19,19,2.88,109.16370763329958,14.248041076121599,1.3825724054811455,2.1238240365551433,0.9120879120879121,83.0,0.009293959476053715,10.0,3.4722222222222223,3.03,117.96070633433882,5.458782978046099,2.841531646701345,0.788434966687385,0.49473684210526314,47.0,0.008987373672425747,7.0,2.31023102310231,
EN_019_37__ES_019_37,train,true,19,19,2.65,92.5643499845752,2.7889740876580142,-1.3451958102388768,0.5056595791412677,0.25301204819277107,21.0,0.004514692816883326,9.0,3.3962264150943398,2.65,97.16030708264002,8.175243643547565,-0.5554122604553275,1.3748941356691868,0.6626506024096386,55.0,0.004798757378011942,7.0,2.6415094339622645,
EN_019_38__ES_019_38,train,true,19,19,1.65,106.47567756001456,3.837418625430248,1.0750422849992185,0.6239991987174347,0.6153846153846154,32.0,0.005529865622520447,2.0,1.2121212121212122,1.58,123.00394145598308,6.978566846671305,3.5567089516658847,0.9794329425177045,0.6,30.0,0.007810038514435291,2.0,1.2658227848101264,
EN_019_39__ES_019_39,train,true,2,2,2.43,214.6441636812612,17.410565175941265,13.167689343822747,1.3807437442180324,0.8947368421052632,68.0,0.010156624019145966,7.0,2.8806584362139915,2.53,214.71626713984668,14.604199408651867,13.196074031030962,1.023040193290287,0.7875,63.0,0.009048743173480034,5.0,1.9762845849802373,
EN_019_3__ES_019_3,train,true,19,19,5.51,105.47426205231713,13.484064687160895,0.7954031097414859,2.0465722219106337,0.5606936416184971,97.0,0.00484079634770751,23.0,4.174228675136116,5.58,107.70320419004558,12.482401809258276,1.1750422849992181,1.9222924682090738,0.5485714285714286,96.0,0.0058947475627064705,26.0,4.659498207885305,
EN_019_40__ES_019_40,train,true,19,19,1.39,108.03225173843626,6.95486769070766,1.3031672849992175,1.0799260318998705,0.7272727272727273,32.0,0.003965809941291809,4.0,2.877697841726619,1.67,104.12345823900988,2.9787320130864336,0.6923499773069097,0.5009015540641751,0.49056603773584906,26.0,0.005671278107911348,5.0,2.9940119760479043,
EN_019_41__ES_019_41,train,true,19,19,3.49,111.75526841280437,19.580634858775873,1.7145584140314762,2.5452737208905414,0.8454545454545455,93.0,0.00623413547873497,15.0,4.297994269340974,3.05,102.4520311950612,5.128433018898932,0.39701198196891485,0.8869798427844731,0.6875,66.0,0.007219745311886072,12.0,3.934426229508197,
EN_019_42__ES_019_42,train,true,2,2,0.97,213.69737877273008,19.332187382898027,13.084657669614602,1.4231444890405156,0.8387096774193549,26.0,0.027027390897274017,2.0,2.061855670103093,0.79,212.73225380609762,8.386951865496474,13.054804189761123,0.690394083788169,0.84,21.0,0.03571196645498276,2.0,2.531645569620253,
EN_019_43__ES_019_43,train,true,19,19,3.04,113.68385864718987,12.104609489291091,2.125799860756794,1.7929204723072254,0.6875,66.0,0.008915089070796967,10.0,3.289473684210526,3.49,113.06768667480813,13.092409015601984,1.9923952261756888,2.2451189655673423,0.7727272727272727,85.0,0.008480698801577091,10.0,2.8653295128939824,
EN_019_44__ES_019_44,train,true,19,19,0.85,nan,nan,nan,nan,0.0,0.0,0.006096314638853073,1.0,1.1764705882352942,1.24,96.5023493427522,1.7442178048916148,-0.6191884842315518,0.3122735866182217,0.3333333333333333,13.0,0.004262001719325781,2.0,1.6129032258064517,
EN_019_45__ES_019_45,train,true,2,2,0.78,247.82748087752856,32.12638926288858,15.557185142142076,2.3511286911713234,0.56,14.0,0.00595305860042572,1.0,1.282051282051282,0.94,229.1221674540815,34.680584898374384,14.164327999284932,2.5269567079951387,0.4666666666666667,14.0,0.00744547788053751,1.0,1.0638297872340425,
EN_019_46__ES_019_46,train,true,19,19,2.52,105.3273709345142,6.396604785963277,0.8675026024595348,1.0302626699343316,0.7974683544303798,63.0,0.007920816540718079,9.0,3.5714285714285716,2.83,109.92293021273672,9.994921486916741,1.5675026024595358,1.5554859070899527,0.7078651685393258,63.0,0.00579639570787549,11.0,3.8869257950530036,
EN_019_47__ES_019_47,train,true,19,19,3.18,100.20945936215308,5.8003551229358745,0.00905867844184071,0.954605239701565,0.61,61.0,0.005181162152439356,6.0,1.8867924528301885,2.74,100.32406212488964,3.4170420592517483,0.04604228499921748,0.5865014918992113,0.5813953488372093,50.0,0.007030850276350975,3.0,1.094890510948905,
EN_019_48__ES_019_48,train,true,2,2,1.66,237.1305815340565,42.128448706221555,14.695988230945167,2.8993563679598804,0.7115384615384616,37.0,0.02379458397626877,6.0,3.6144578313253013,1.66,237.55760405215796,24.710936993371345,14.888817795203302,1.7582245597947828,0.9423076923076923,49.0,0.030232612043619156,5.0,3.0120481927710845,
EN_019_49__ES_019_49,train,true,19,19,2.25,139.29808925077955,15.315571749883786,5.629208951665884,1.9608627282114597,0.676056338028169,48.0,0.005878187716007233,2.0,0.8888888888888888,2.29,154.36701986247866,41.08982262633905,6.9384143780224745,4.431242636485532,0.5972222222222222,43.0,0.008848516270518303,2.0,0.8733624454148472,
EN_019_4__ES_019_4,train,true,2,2,0.59,224.2274468825901,20.977587224981548,13.905597840554773,1.590325690690161,0.47368421052631576,9.0,0.008016026578843594,2.0,3.3898305084745766,0.62,201.54996308504386,10.758846326565385,12.108375618332552,0.9411503009025121,0.6,12.0,0.009648628532886505,2.0,3.2258064516129035,
EN_019_50__ES_019_50,train,true,2,2,1.68,218.32566799376934,8.38927832693137,13.504587739544673,0.6813938073252189,0.41509433962264153,22.0,0.010530400089919567,8.0,4.761904761904762,1.73,231.9280892296389,9.439513429553196,14.550042284999218,0.6957010852370439,0.6363636363636364,35.0,0.017126604914665222,10.0,5.780346820809249,
EN_019_51__ES_019_51,train,true,19,19,1.62,136.77748626720202,13.869333595227694,5.329454049705101,1.806976579776726,0.6666666666666666,34.0,0.006462950725108385,4.0,2.4691358024691357,1.84,133.8631671197755,10.857669835977088,4.991421595344047,1.4179920824104897,0.5,29.0,0.00660990783944726,3.0,1.6304347826086956,
EN_019_52__ES_019_52,train,true,19,19,2.74,109.70576716798928,10.381586543727371,1.532854784999218,1.5330275078561864,0.7441860465116279,64.0,0.005995841231197119,14.0,5.10948905109489,2.87,109.42106098116884,9.471925353106542,1.492899427856361,1.5155767183206685,0.9333333333333333,84.0,0.006391332019120455,13.0,4.529616724738676,
EN_019_53__ES_019_53,train,true,19,19,1.95,122.02408196826495,13.80189355512736,3.334486729443663,1.9694280676328975,0.7377049180327869,45.0,0.009625346399843693,7.0,3.58974358974359,2.64,115.43950084161202,13.077459070177069,2.3793105776821446,1.899196736805381,0.4939759036144578,41.0,0.009693861939013004,7.0,2.6515151515151514,
EN_019_54__ES_019_54,train,true,19,19,1.99,106.07963985578677,8.424321251461382,0.9663688156114627,1.3905434173079871,0.7777777777777778,49.0,0.007132142316550016,6.0,3.0150753768844223,1.64,102.64689876568092,6.658347401296798,0.4167089516658839,1.1035296904831235,0.6923076923076923,36.0,0.0075076306238770485,5.0,3.048780487804878,
EN_019_55__ES_019_55,train,true,19,19,5.36,102.84642382751275,6.737082177833948,0.45004228499921767,1.1046451755452618,0.49404761904761907,83.0,0.0067079151049256325,10.0,1.8656716417910446,5.06,102.41804572104168,8.9279247897597,0.3486533961103288,1.4964302945821464,0.4528301886792453,72.0,0.006130021996796131,7.0,1.383399209486166,
EN_019_5__ES_019_5,train,true,2,2,2.93,222.66138124217377,25.691176211675398,13.748503823460757,1.925496324243325,0.7065217391304348,65.0,0.00925588421523571,8.0,2.73037542662116,3.19,234.9634529437337,41.36650932522169,14.539577168720148,2.8891146575719486,0.86,86.0,0.010635989718139172,10.0,3.134796238244514,
EN_019_6__ES_019_6,train,true,2,2,1.78,216.45905632573428,22.61542246729815,13.281749602072388,1.706292375425228,0.7321428571428571,41.0,0.009482922032475471,9.0,5.056179775280899,2.26,203.14818065031284,12.986005229185489,12.23699880673835,1.0611605683085052,0.971830985915493,69.0,0.009404793381690979,8.0,3.5398230088495577,
EN_019_7__ES_019_7,train,true,2,2,2.33,210.22851544952567,24.85211001205307,12.763277579116865,1.78118470256082,0.9315068493150684,68.0,0.01196745689958334,11.0,4.721030042918454,2.66,205.28399627959885,30.19015629409735,12.292295806125978,2.2551763287501947,0.8452380952380952,71.0,0.007217515725642443,15.0,5.639097744360902,
EN_019_8__ES_019_8,train,true,2,2,2.3,234.64449176619743,41.75786243544122,14.512542284999219,2.903491073977439,0.6666666666666666,48.0,0.005656746681779623,6.0,2.608695652173913,2.52,223.8154906966626,45.034186081718396,13.634252811315006,3.2036596109835216,0.7215189873417721,57.0,0.007469487376511097,7.0,2.7777777777777777,
EN_019_9__ES_019_9,train,true,19,19,3.72,99.06873216532277,9.354826335248896,-0.23231065617725255,1.5281804998554351,0.7264957264957265,85.0,0.005850872956216335,16.0,4.301075268817204,5.67,106.38587727568265,10.239919218048152,0.9967089516658841,1.5858716495633842,0.6741573033707865,120.0,0.004555556923151016,15.0,2.6455026455026456,
EN_020_10__ES_020_10,train,true,2,2,0.87,112.82070957971126,10.609405874675781,2.018463337630797,1.521444131004261,0.6785714285714286,19.0,0.005784186534583569,3.0,3.4482758620689657,0.94,105.5794013861795,8.307941661846586,0.8885038234607567,1.3220255214215577,0.8666666666666667,26.0,0.009553425945341587,2.0,2.127659574468085,
EN_020_11__ES_020_11,train,true,20,20,0.76,268.06290228333813,42.07426607457636,16.825042284999217,3.025482055254445,0.5,12.0,0.0033997204154729843,1.0,1.3157894736842106,0.72,nan,nan,nan,nan,0.0,0.0,0.0016027850797399879,2.0,2.7777777777777777,
EN_020_12__ES_020_12,train,true,2,2,5.4,122.38739844439354,19.25741617086286,3.2790745430637336,2.761625695642041,0.3668639053254438,62.0,0.003359608119353652,6.0,1.111111111111111,4.22,128.61000019804047,26.894052223193004,3.9771851421420754,3.6311714531882098,0.5303030303030303,70.0,0.006030386779457331,6.0,1.4218009478672986,
EN_020_13__ES_020_13,train,true,2,2,5.05,107.72291516259787,11.974141339877065,1.1880422849992176,1.833454662651902,0.31645569620253167,50.0,0.003442036919295788,10.0,1.9801980198019802,4.57,101.45800548374703,10.411771081095393,0.15991882820909495,1.7717679625598501,0.5664335664335665,81.0,0.00788749847561121,10.0,2.1881838074398248,
EN_020_14__ES_020_14,train,true,2,2,3.62,111.69584074605913,20.663535457656256,1.6545877395446722,2.908995026828974,0.5789473684210527,66.0,0.0045962147414684296,12.0,3.314917127071823,2.8,114.13160113417156,17.668858934565417,2.0908873554217537,2.586180906321555,0.8068181818181818,71.0,0.009236770682036877,10.0,3.5714285714285716,
EN_020_15__ES_020_15,train,true,2,2,1.36,97.94397757040362,8.057174406092436,-0.4128148578579249,1.3262375814494851,0.813953488372093,35.0,0.003917281050235033,4.0,2.941176470588235,1.88,100.76470290892223,9.976805186529536,0.05004228499921861,1.669331203406522,0.4067796610169492,24.0,0.007790720090270042,6.0,3.191489361702128,
EN_020_16__ES_020_16,train,true,20,20,1.42,194.50425864615303,74.25758880230872,10.095988230945164,7.240859833763757,0.8222222222222222,37.0,0.004644759930670261,3.0,2.1126760563380285,1.54,246.12313989841513,62.536779933244084,15.114748167352158,3.908729472599172,0.6938775510204082,34.0,0.0030817370861768723,2.0,1.2987012987012987,
EN_020_17__ES_020_17,train,true,2,2,1.1,nan,nan,nan,nan,0.0,0.0,0.0024860152043402195,1.0,0.9090909090909091,1.08,95.94706817967324,0.6099188575490531,-0.716624381667447,0.11055415967851424,0.17647058823529413,6.0,0.004520895425230265,1.0,0.9259259259259258,
EN_020_18__ES_020_18,train,true,20,20,2.49,281.95238747163637,77.82252486598496,17.36837561833255,4.334493114027931,0.7692307692307693,60.0,0.01738332025706768,11.0,4.417670682730924,3.76,269.0277094319667,84.22877298954948,16.379335214292148,4.970341380573869,0.8389830508474576,99.0,0.007197277620434761,14.0,3.7234042553191493,
EN_020_19__ES_020_19,train,true,2,2,3.0,103.89796302921687,13.521888170644374,0.5210567777528416,2.190036823810283,0.7340425531914894,69.0,0.003534560790285468,15.0,5.0,4.12,101.44435019596145,9.644251532889806,0.17099466595159876,1.6311080217707246,0.813953488372093,105.0,0.00830085389316082,13.0,3.1553398058252426,
EN_020_1__ES_020_1,train,true,2,2,3.16,110.16604344111094,15.23856127593341,1.5173150122719454,2.321054191953189,0.5555555555555556,55.0,0.00542476074770093,11.0,3.481012658227848,3.04,104.8231801289746,15.387055666083427,0.6442451835499428,2.3866709613335386,0.71875,69.0,0.010421735234558582,13.0,4.276315789473684,
EN_020_20__ES_020_20,train,true,2,2,2.02,113.8458404737536,8.347955962685585,2.2000422849992183,1.2365947867699691,0.5625,36.0,0.005664912983775139,5.0,2.4752475247524752,2.37,111.8484307398193,19.74570953558576,1.6208756183325512,3.4611509606231015,0.64,48.0,0.007793213706463575,4.0,1.6877637130801686,
EN_020_21__ES_020_21,train,true,2,2,2.59,104.09241388483024,12.665724351967423,0.5761292415209571,1.9851004555249894,0.5679012345679012,46.0,0.003315945155918598,8.0,3.088803088803089,2.81,105.66737330390995,11.587019367426304,0.8574496924066247,1.7992644435221048,0.6136363636363636,54.0,0.0053192246705293655,8.0,2.8469750889679717,
EN_020_22__ES_020_22,train,true,2,2,1.76,1576.4785758035823,144.6014681435277,47.67226450722144,1.5633139855076947,0.16071428571428573,9.0,0.00300370785407722,5.0,2.840909090909091,1.64,94.14524246043678,2.384124062133017,-1.0499577150007817,0.4341484175772708,0.6346153846153846,33.0,0.006415603216737509,6.0,3.658536585365854,
EN_020_23__ES_020_23,train,true,2,2,4.05,93.8434263578151,5.2492639912891415,-1.126520215000782,0.9516009844434532,0.5039370078740157,64.0,0.0035746137145906687,8.0,1.9753086419753088,3.87,96.57602806896561,9.21883025604807,-0.6760940786371458,1.5618676406339633,0.7272727272727273,88.0,0.007696671411395073,8.0,2.0671834625322996,
EN_020_24__ES_020_24,train,true,20,20,1.79,214.57941878892854,45.4481554960937,12.904944245783529,3.1208541895995805,0.9107142857142857,51.0,0.00927900429815054,11.0,6.145251396648044,1.85,215.2805658061704,57.23247131801049,12.665259676303567,4.590536929441599,0.7931034482758621,46.0,0.00814516469836235,9.0,4.864864864864865,
EN_020_25__ES_020_25,train,true,20,20,1.45,247.54200424575737,33.83977347728583,15.525652041096777,2.4196129994736535,0.8913043478260869,41.0,0.029213784262537956,5.0,3.4482758620689657,1.65,256.1553976104267,42.470448924927304,16.061405921362855,2.737219550523596,0.8461538461538461,44.0,0.013968568295240402,4.0,2.4242424242424243,
EN_020_26__ES_020_26,train,true,20,20,3.2,205.79616129186763,13.700709148282197,12.457978792935725,1.1131681638674915,0.6237623762376238,63.0,0.008777652867138386,14.0,4.375,4.01,188.7358187514406,52.367022523628805,10.104804189761122,5.97878003087556,0.6666666666666666,84.0,0.005234968848526478,13.0,3.2418952618453867,
EN_020_27__ES_020_27,train,true,2,2,3.44,159.97280609172233,145.24483970949635,5.427361872628083,7.622031349158469,0.8981481481481481,97.0,0.004601169377565384,15.0,4.3604651162790695,3.3,116.90127524322013,21.120413571881755,2.4344172849992183,3.0180819007069704,0.9230769230769231,96.0,0.0073270658031105995,12.0,3.6363636363636367,
EN_020_28__ES_020_28,train,true,2,2,4.53,103.86340618515557,19.19587605493461,0.39437218190643425,2.9333478664490205,0.6830985915492958,97.0,0.003630751045420766,16.0,3.532008830022075,5.43,108.29639078572106,20.54360946820064,1.088388149660872,3.127436717462244,0.7823529411764706,133.0,0.008313395082950592,15.0,2.7624309392265194,
EN_020_29__ES_020_29,train,true,2,2,3.11,99.60934327553413,12.869669733155984,-0.20268498772805427,2.1344664690357673,0.5612244897959183,55.0,0.0033257645554840565,17.0,5.466237942122187,3.795,107.67323629265593,20.507454465607168,1.003792284999218,3.0002476460285736,0.6722689075630253,80.0,0.008323724381625652,14.0,3.689064558629776,
EN_020_2__ES_020_2,train,true,20,20,1.2,202.01925629199732,9.332193750075195,12.155756570713503,0.7895542529600772,0.9210526315789473,35.0,0.0061419070698320866,5.0,4.166666666666667,1.08,208.61030059740722,16.047521316051853,12.684417284999217,1.2154241479314951,0.9411764705882353,32.0,0.005960801616311073,6.0,5.555555555555555,
EN_020_30__ES_020_30,train,true,2,2,1.21,103.86853493815596,13.694989582489232,0.5167089516658846,2.167202730887832,0.868421052631579,33.0,0.0037889163941144943,5.0,4.132231404958678,1.23,90.24838285066949,3.7599385030407424,-1.7916243816674482,0.731389469130884,0.6153846153846154,24.0,0.005596800707280636,5.0,4.065040650406504,
EN_020_31__ES_020_31,train,true,2,2,3.64,108.75414898473385,14.997018980956447,1.302542284999218,2.234500783172832,0.7017543859649122,80.0,0.00617578299716115,12.0,3.2967032967032965,3.53,100.11676116232488,10.806735432788255,-0.08007819692849293,1.8722279067682162,0.7477477477477478,83.0,0.009794128127396107,11.0,3.11614730878187,
EN_020_32__ES_020_32,train,true,20,20,0.83,210.21810495975535,11.969433532808463,12.836708951665884,0.9294203689516513,0.5769230769230769,15.0,0.004156343173235655,1.0,1.2048192771084338,1.2,184.59125739029224,69.25424150379155,9.023955328477479,7.922023094228017,0.6052631578947368,23.0,0.003999886568635702,1.0,0.8333333333333334,
EN_020_33__ES_020_33,train,true,2,2,1.41,102.21898484734328,10.17686085750412,0.3000422849992185,1.6342684398021434,0.5333333333333333,24.0,0.002968556946143508,2.0,1.4184397163120568,1.17,96.5738753216635,6.919904402731319,-0.6462540112970785,1.2044613000506141,0.7297297297297297,27.0,0.006778212729841471,2.0,1.7094017094017095,
EN_020_34__ES_020_34,train,true,2,2,2.93,149.7029289545505,27.667280485818075,6.683375618332551,3.2562670120555484,0.6195652173913043,57.0,0.0038138958625495434,7.0,2.3890784982935154,3.08,118.20530179719468,21.488917879924976,2.6167089516658844,3.089343037611784,0.6804123711340206,66.0,0.008685970678925514,7.0,2.2727272727272725,
EN_020_35__ES_020_35,train,true,2,2,1.81,107.14460655298228,11.271152286417506,1.1011533961103293,1.7898010096993993,0.7894736842105263,45.0,0.0034846244379878044,6.0,3.314917127071823,2.08,98.1759629301738,5.738737676965091,-0.3483704134134804,1.0145750636787552,0.9545454545454546,63.0,0.006708321161568165,7.0,3.3653846153846154,
EN_020_36__ES_020_36,train,true,2,2,1.55,113.91844693899061,11.884259439554167,2.162042284999218,1.8031794142569397,0.5102040816326531,25.0,0.00796810444444418,5.0,3.225806451612903,2.24,104.03353877758585,11.768487676705178,0.5793105776821449,1.8861813148287947,0.5774647887323944,41.0,0.008510613813996315,4.0,1.7857142857142856,
EN_020_37__ES_020_37,train,true,2,2,3.18,108.28152419771735,5.172178241760883,1.3571851421420753,0.843008460993199,0.14,14.0,0.0046737464144825935,11.0,3.4591194968553456,2.29,97.95984204709413,11.949668021013359,-0.46086680590987283,1.806722067197712,0.7638888888888888,55.0,0.00816976185888052,8.0,3.493449781659389,
EN_020_38__ES_020_38,train,true,2,2,1.51,nan,nan,nan,nan,0.0,0.0,0.00796391349285841,7.0,4.635761589403973,1.43,95.16569491941516,10.522157889385035,-0.9562077150007817,1.8115838201695218,0.35555555555555557,16.0,0.003585575381293893,4.0,2.7972027972027975,
EN_020_39__ES_020_39,train,true,20,20,3.16,237.35895121259745,54.17908572906385,14.62276955772649,3.2158954384547984,0.4444444444444444,44.0,0.007735793013125658,9.0,2.848101265822785,3.1,188.15568049035411,57.70907494722558,9.881860466817399,6.451630263573017,0.4536082474226804,44.0,0.00658185500651598,8.0,2.5806451612903225,
EN_020_3__ES_020_3,train,true,2,2,0.8,1743.551245261877,37.96851005718817,49.48337561833255,0.37712361663282534,0.23076923076923078,6.0,0.006139659322798252,4.0,5.0,1.07,124.77671748992852,15.03086633461711,3.7152596763035652,1.977176004492524,0.6764705882352942,23.0,0.007080637384206057,1.0,0.9345794392523364,
EN_020_40__ES_020_40,train,true,20,20,1.14,304.589373988263,56.589484563388,18.97226450722144,3.3164386670190003,0.75,27.0,0.020959150046110153,5.0,4.385964912280702,1.36,285.862766293178,28.29269155205591,18.10004228499922,1.699496829559916,0.8837209302325582,38.0,0.02163277566432953,5.0,3.676470588235294,
EN_020_41__ES_020_41,train,true,20,20,3.41,207.66025949350575,11.409980961562127,12.6254046038398,0.9283624037966146,0.6448598130841121,69.0,0.009934424422681332,5.0,1.466275659824047,3.94,201.11448959869432,15.647305551375634,12.045547902976748,1.3132779224725553,0.717741935483871,89.0,0.008984383195638657,5.0,1.2690355329949239,
EN_020_42__ES_020_42,train,true,20,20,1.1,239.32557793124056,28.98231849596375,14.987973319481979,2.010732203761544,0.8285714285714286,29.0,0.023824846372008324,6.0,5.454545454545454,1.08,238.16232648122565,22.859718181044986,14.943590672095992,1.6615064062414175,0.9117647058823529,31.0,0.013345761224627495,4.0,3.7037037037037033,
EN_020_43__ES_020_43,train,true,20,20,2.8,203.3662747902188,4.755836606739353,12.284188626462633,0.40761636441069893,0.4659090909090909,41.0,0.012154782190918922,9.0,3.2142857142857144,2.51,205.375534218534,12.856673950502117,12.425042284999218,1.088749282433747,0.5063291139240507,40.0,0.004052930977195501,8.0,3.1872509960159365,
EN_020_4__ES_020_4,train,true,20,20,1.6,261.05359586357184,32.43356702445563,16.469486729443666,2.258664728999126,0.7058823529411765,36.0,0.00764092430472374,8.0,5.0,1.49,249.59297620521772,52.52594940429415,15.335408138657757,4.458511234383817,0.8723404255319149,41.0,0.006616211496293545,6.0,4.026845637583893,
EN_020_5__ES_020_5,train,true,2,2,4.54,110.37104883485937,20.24880105346934,1.4653484074481973,2.7718833220730996,0.6901408450704225,98.0,0.005538934376090765,19.0,4.185022026431718,4.06,100.95691114556006,12.53806026318333,0.037696605986872384,2.0740241028665634,0.6377952755905512,81.0,0.008013542741537094,19.0,4.679802955665025,
EN_020_6__ES_020_6,train,true,20,20,1.61,215.10229526616928,18.598676309243018,13.200042284999217,1.4197386712831495,0.7450980392156863,38.0,0.009205494076013565,5.0,3.105590062111801,1.89,195.77908791413736,36.73537206109038,11.203375618332553,4.1828007629126,0.75,45.0,0.006437154486775398,6.0,3.174603174603175,
EN_020_7__ES_020_7,train,true,2,2,1.81,100.07984448570471,6.522864479639895,-0.021696845435564615,1.0997357476029255,0.8070175438596491,46.0,0.003332593012601137,9.0,4.972375690607735,2.15,95.32178051772851,6.310527553635898,-0.8666243816674487,1.1290359702959964,0.7941176470588235,54.0,0.005445255432277918,10.0,4.651162790697675,
EN_020_8__ES_020_8,train,true,20,20,1.73,198.4367632421737,10.447589316260414,11.84095137590831,0.8887729492800182,0.8,44.0,0.009358289651572704,5.0,2.8901734104046244,1.73,213.68585321413047,20.000280097655125,13.073955328477476,1.5578950099425124,0.8363636363636363,46.0,0.0067043728195130825,5.0,2.8901734104046244,
EN_020_9__ES_020_9,train,true,2,2,3.26,116.74256854535771,24.8260612581388,2.3090166439735773,3.534352872890845,0.38235294117647056,39.0,0.003223487176001072,7.0,2.147239263803681,2.63,113.60184447491247,19.4433026587178,1.9569388367233558,2.9417249261313656,0.6987951807228916,58.0,0.00787780899554491,6.0,2.2813688212927756,
EN_021_10__ES_021_10,train,true,21,21,2.48,142.50716059329193,27.888681837641897,5.854519896939517,2.994444250424736,0.8589743589743589,67.0,0.02248544804751873,9.0,3.629032258064516,2.62,129.95486738476933,12.627856134977591,4.458737937173131,1.6203183736568818,0.8414634146341463,69.0,0.010968880727887154,8.0,3.0534351145038165,
EN_021_11__ES_021_11,train,true,21,21,2.31,122.5013990088784,10.189502847302105,3.452673863946586,1.4586379447071887,0.5205479452054794,38.0,0.0146518899127841,8.0,3.463203463203463,3.64,122.27207536694534,11.656655538341877,3.4037922849992173,1.6315593576391882,0.7017543859649122,80.0,0.011981071904301643,8.0,2.1978021978021975,
EN_021_12__ES_021_12,train,true,21,21,1.37,138.34846955284758,13.193824266102618,5.538931173888107,1.6826639666586307,0.627906976744186,27.0,0.022900709882378578,5.0,3.64963503649635,2.01,179.65695542429305,97.34253460346676,8.665597840554774,6.234098190349072,0.7142857142857143,45.0,0.017165228724479675,5.0,2.4875621890547266,
EN_021_13__ES_021_13,train,true,21,21,7.97,140.46718583391018,19.721418946965915,5.717966813301105,2.3719885443824094,0.636,159.0,0.01961049996316433,26.0,3.262233375156838,6.0,156.0127850963841,29.706918891401546,7.437384057151118,2.896150526221586,0.8404255319148937,158.0,0.01344799529761076,16.0,2.6666666666666665,
EN_021_14__ES_021_14,train,true,21,21,2.425,137.15134676601554,11.896173673894975,5.405426900383833,1.4797121101734898,0.8552631578947368,65.0,0.023389609530568123,9.0,3.711340206185567,2.57,141.14852631703155,15.82637922895662,5.8581503931073255,1.9376606651262502,0.9135802469135802,74.0,0.014256322756409645,7.0,2.7237354085603114,
EN_021_15__ES_021_15,train,true,21,21,2.73,138.3313813604101,21.619381206529802,5.407734592691526,2.689534285811618,0.6046511627906976,52.0,0.011915036477148533,9.0,3.2967032967032965,2.01,158.02083204427868,51.08727384135543,7.072076183304304,5.333935736351617,0.9365079365079365,59.0,0.010914933867752552,6.0,2.985074626865672,
EN_021_16__ES_021_16,train,true,21,21,4.12,145.1565906828281,24.163274844045095,6.232147548157113,2.6959610705985395,0.7364341085271318,95.0,0.03387175872921944,13.0,3.1553398058252426,4.54,121.88660583423966,23.1437275424247,3.1284905608612865,3.190092584173769,0.8169014084507042,116.0,0.010898075997829437,13.0,2.8634361233480177,
EN_021_17__ES_021_17,train,true,21,21,3.17,142.77469303980715,27.4261158918358,5.869445270073844,3.1405503275685756,0.67,67.0,0.02049892395734787,14.0,4.416403785488959,2.8,150.21847739690995,45.497682365103316,6.328523297657445,4.877789260763968,0.8977272727272727,79.0,0.0116683728992939,11.0,3.928571428571429,
EN_021_18__ES_021_18,train,true,21,21,2.23,138.4568279870704,48.87973194606583,4.5794540497051,6.0525895970609,0.4857142857142857,34.0,0.009334689937531948,8.0,3.587443946188341,1.89,124.29681931564595,10.243421796461634,3.7065640241296527,1.4300580976208237,0.38333333333333336,23.0,0.008685944601893425,8.0,4.2328042328042335,
EN_021_19__ES_021_19,train,true,21,21,1.93,157.79503413573988,20.071166441079974,7.764327999284932,2.11071126419895,0.8032786885245902,49.0,0.026760688051581383,7.0,3.626943005181347,2.44,161.1403122643439,23.813433509799374,8.077439545273192,2.4942267736412136,0.948051948051948,73.0,0.015161124058067799,5.0,2.0491803278688523,
EN_021_1__ES_021_1,train,true,21,21,3.96,148.5038012620316,30.422626751509576,6.538817795203301,3.1390198214411216,0.7903225806451613,98.0,0.017253290861845016,13.0,3.282828282828283,4.76,143.97432578286327,25.983153992689914,6.08366297465439,2.66069552630696,0.7785234899328859,116.0,0.009348699823021889,13.0,2.73109243697479,
EN_021_20__ES_021_20,train,true,21,21,3.28,128.228950497793,14.772655473538938,4.184468514507414,2.0694408246009663,0.5922330097087378,61.0,0.0186275877058506,12.0,3.658536585365854,3.12,119.14161330275094,14.700548266759,2.909301544258477,2.029825619085479,0.826530612244898,81.0,0.0059735821560025215,12.0,3.846153846153846,
EN_021_21__ES_021_21,train,true,21,21,1.63,153.91002139498534,12.760225714236137,7.4065640241296515,1.4173846358872209,0.9019607843137255,46.0,0.033454351127147675,5.0,3.067484662576687,2.01,139.70878848416794,15.145494897481502,5.696708951665885,1.746564882530531,0.47619047619047616,30.0,0.01418224722146988,4.0,1.9900497512437814,
EN_021_22__ES_021_22,train,true,21,21,4.81,142.86154757548366,21.11149061073088,6.000518475475408,2.4145244551818483,0.695364238410596,105.0,0.01830456219613552,17.0,3.5343035343035347,5.055,136.00497411071748,19.28798118819037,5.161853308621266,2.329225959538306,0.8037974683544303,127.0,0.013395004905760288,13.0,2.5717111770524235,
EN_021_23__ES_021_23,train,true,21,21,1.83,135.95179368454365,17.14036211605606,5.18147085642779,2.160789727136345,0.603448275862069,35.0,0.014384829439222813,5.0,2.73224043715847,1.82,190.18897812465906,37.18905701731209,10.804804189761123,3.3411719059658425,0.7368421052631579,42.0,0.014168458059430122,5.0,2.7472527472527473,
EN_021_24__ES_021_24,train,true,2,2,1.24,nan,nan,nan,nan,0.0,0.0,0.00873561855405569,3.0,2.4193548387096775,1.16,223.52466085591126,20.99894121036669,13.856938836723355,1.496186194037857,0.7837837837837838,29.0,0.011132186278700829,2.0,1.7241379310344829,
EN_021_25__ES_021_25,train,true,21,21,2.59,167.05779732550508,32.168785864505466,8.587723444419508,3.149193660277959,0.8518518518518519,69.0,0.02601400949060917,7.0,2.7027027027027026,1.87,198.61125454958636,35.63934620370163,11.581414834018828,3.2732720450361397,0.864406779661017,51.0,0.024835985153913498,7.0,3.7433155080213902,
EN_021_26__ES_021_26,train,true,21,21,1.61,132.52789298642813,4.833904295130752,4.863678648635581,0.6461743745414621,0.43137254901960786,22.0,0.019536981359124184,5.0,3.105590062111801,1.86,129.8713520304801,8.511110361710678,4.486776978876769,1.158587084190687,0.8305084745762712,49.0,0.018092866986989975,4.0,2.150537634408602,
EN_021_27__ES_021_27,train,true,21,21,2.25,132.16147160945022,11.882592182288654,4.757449692406626,1.5613208856904714,0.38028169014084506,27.0,0.024917546659708023,6.0,2.6666666666666665,1.75,121.21892745733555,11.350801724334238,3.2530725880295206,1.6603184887033609,0.6,33.0,0.025151649489998817,5.0,2.857142857142857,
EN_021_28__ES_021_28,train,true,21,21,3.31,131.37544354506474,7.743341504865106,4.694940244182892,1.0036791959402078,0.47115384615384615,49.0,0.024936940521001816,14.0,4.229607250755287,3.37,133.08081324542025,9.827126310811156,4.900042284999219,1.2864680330268614,0.22641509433962265,24.0,0.01579372212290764,13.0,3.857566765578635,
EN_021_29__ES_021_29,train,true,2,2,1.3,nan,nan,nan,nan,0.0,0.0,0.012048749253153801,2.0,1.5384615384615383,1.16,nan,nan,nan,nan,0.0,0.0,0.009947224520146847,2.0,1.7241379310344829,
EN_021_2__ES_021_2,train,true,21,21,2.92,127.21291088404773,33.33192242533455,3.6743666093235423,3.9533362855575063,0.8043478260869565,74.0,0.014143937267363071,10.0,3.4246575342465753,2.49,138.14564595612092,21.011586833931702,5.3976613326182665,2.598464573664527,0.8076923076923077,63.0,0.012190846726298332,9.0,3.614457831325301,
EN_021_30__ES_021_30,train,true,21,21,3.52,169.32569061558874,38.38581154129004,8.69661762746497,3.772143106270828,0.6576576576576577,73.0,0.04033655300736427,15.0,4.261363636363637,3.38,157.2271187406145,20.533122514622637,7.700042284999217,2.111989583307645,0.4716981132075472,50.0,0.026951424777507782,12.0,3.5502958579881656,
EN_021_31__ES_021_31,train,true,21,21,4.08,404.43634251415244,593.5783636501627,14.38295367740428,14.920410975428691,0.6171875,79.0,0.03226061165332794,12.0,2.941176470588235,5.02,175.35430641951058,39.9111412792621,9.299116359073293,3.788591435954411,0.6878980891719745,108.0,0.017601657658815384,12.0,2.3904382470119523,
EN_021_32__ES_021_32,train,true,21,21,4.36,153.66730133103297,22.79304044902443,7.253745988702922,2.50514012049618,0.7883211678832117,108.0,0.025235481560230255,12.0,2.7522935779816513,4.46,143.86304116338542,24.2581989018936,6.056599662048397,2.8663605102248964,0.8714285714285714,122.0,0.014677141793072224,9.0,2.0179372197309418,
EN_021_33__ES_021_33,train,true,21,21,4.26,128.2260454207792,14.387020049976547,4.196877728037193,1.930424983906556,0.5895522388059702,79.0,0.02157674916088581,12.0,2.8169014084507045,3.51,119.09892094449509,11.106365908640921,2.947769557726491,1.66330566757937,0.8,88.0,0.00932154431939125,9.0,2.5641025641025643,
EN_021_34__ES_021_34,train,true,2,2,0.98,267.70389191050475,37.29953514763189,16.878613713570648,2.4231311615037145,0.6774193548387096,21.0,0.007922188378870487,2.0,2.0408163265306123,1.11,272.5527465410436,44.634533670316095,17.15004228499922,2.6155214357661802,0.6,21.0,0.009044531732797623,2.0,1.8018018018018016,
EN_021_35__ES_021_35,train,true,21,21,2.52,149.3433664559497,8.256130006245874,6.916708951665884,0.9689627902499092,0.379746835443038,30.0,0.022014057263731956,8.0,3.1746031746031744,1.95,135.06902210977591,18.132931626110718,5.065136624621861,2.1363340338784993,0.8688524590163934,53.0,0.011754964478313923,6.0,3.076923076923077,
EN_021_36__ES_021_36,train,true,21,21,2.9,121.68391773674566,12.040441601134834,3.318334967926047,1.6313153490344046,0.9010989010989011,82.0,0.0148554015904665,12.0,4.137931034482759,3.43,134.07725335303846,13.887144728346795,4.977315012271945,1.8899691719904796,0.4074074074074074,44.0,0.011585877276957035,11.0,3.206997084548105,
EN_021_37__ES_021_37,train,true,21,21,1.17,132.61761389246374,9.213592658528384,4.845875618332552,1.1942498226455334,0.6486486486486487,24.0,0.035238005220890045,4.0,3.418803418803419,1.4,120.53620089050214,15.284605637303963,3.115042284999218,1.95045507510427,0.45454545454545453,20.0,0.014779308810830116,5.0,3.5714285714285716,
EN_021_38__ES_021_38,train,true,21,21,2.48,131.34668105943746,7.7941616317236395,4.690426900383833,1.0187208448654197,0.6666666666666666,52.0,0.02944141812622547,12.0,4.838709677419355,3.2,128.56485101277698,12.246508540915567,4.278613713570647,1.5372417652724506,0.5544554455445545,56.0,0.010837338864803314,8.0,2.5,
EN_021_39__ES_021_39,train,true,21,21,1.1,163.9074861705717,46.537451200287705,7.890951375908309,4.7277381763865485,0.6285714285714286,22.0,0.02536921761929989,4.0,3.6363636363636362,1.18,165.2446968465409,30.440694527850322,8.416708951665884,3.0648092200911226,0.6486486486486487,24.0,0.010958869010210037,4.0,3.3898305084745766,
EN_021_3__ES_021_3,train,true,21,21,3.11,132.17707890465823,32.24096600530478,4.43694704690398,3.453079362853943,0.8571428571428571,84.0,0.019650127738714218,12.0,3.8585209003215435,4.13,128.76599913638807,10.143114608502358,4.324486729443662,1.3421840502298328,0.6923076923076923,90.0,0.010169737972319126,11.0,2.663438256658596,
EN_021_40__ES_021_40,train,true,21,21,3.28,129.38641884792762,37.96337609858045,3.920811515768449,4.0141182795391295,0.6310679611650486,65.0,0.013900259509682655,14.0,4.2682926829268295,3.48,128.30062272558897,8.177718841226651,4.279454049705101,1.0973308289193764,0.6238532110091743,68.0,0.010964545421302319,12.0,3.4482758620689657,
EN_021_41__ES_021_41,train,true,21,21,1.09,72.49635478620647,11.58660324938525,-5.7499577150007815,2.3879326251429753,0.2571428571428571,9.0,0.03873838484287262,2.0,1.8348623853211008,1.09,207.24452130347555,57.819139223195265,11.991218755587454,4.579051895641256,0.9714285714285714,34.0,0.02564537152647972,2.0,1.8348623853211008,
EN_021_42__ES_021_42,train,true,21,21,5.47,160.87435830627828,16.784522125500814,8.137645590784341,1.7986482641614203,0.7076023391812866,121.0,0.0415615513920784,15.0,2.7422303473491776,4.1,158.43456408003786,19.691384565372193,7.839257971273728,2.075671725090983,0.7906976744186046,102.0,0.024987101554870605,13.0,3.1707317073170733,
EN_021_43__ES_021_43,train,true,21,21,5.17,140.02565590181408,21.419404211709672,5.650811515768448,2.409196998486174,0.8024691358024691,130.0,0.02418547123670578,21.0,4.061895551257254,3.82,170.96763168022142,40.657691049568285,8.792087739544671,4.141632352513732,0.7333333333333333,88.0,0.017177503556013107,14.0,3.6649214659685865,
EN_021_44__ES_021_44,train,true,2,2,2.09,214.59464389156295,21.824177067252798,13.137139059192767,1.6521231570674833,0.4696969696969697,31.0,0.007569558918476105,4.0,1.9138755980861246,1.8,216.10914439094213,28.74791115467081,13.214748167352159,2.001011854764127,0.5964912280701754,34.0,0.006552538834512234,4.0,2.2222222222222223,
EN_021_45__ES_021_45,train,true,21,21,1.21,144.44962185054965,7.082797200531513,6.345694458912261,0.8579440849671126,0.6052631578947368,23.0,0.038481373339891434,4.0,3.3057851239669422,1.29,124.81097677077217,18.536227347077855,3.65326809145083,2.5007719931882377,0.7560975609756098,31.0,0.007481153588742018,5.0,3.875968992248062,
EN_021_46__ES_021_46,train,true,2,2,0.95,334.214009707642,119.13990312815042,20.016708951665887,5.1681449498076395,0.8,24.0,0.026027729734778404,4.0,4.2105263157894735,1.42,337.64551116222844,135.10302413947716,19.985336402646276,5.746655413621611,0.7555555555555555,34.0,0.0140649089589715,4.0,2.8169014084507045,
EN_021_47__ES_021_47,train,true,21,21,3.12,165.54320472671077,20.291171113387673,8.607375618332552,1.9948048080507084,0.7653061224489796,75.0,0.054115768522024155,13.0,4.166666666666667,2.82,191.60349259918283,27.794793591788338,11.089748167352157,2.3668134264972704,0.7640449438202247,68.0,0.026984650641679764,10.0,3.546099290780142,
EN_021_48__ES_021_48,train,true,21,21,1.94,142.7891069979556,14.819335224883382,6.059798382560194,1.9966807673869809,0.6721311475409836,41.0,0.018041469156742096,8.0,4.123711340206186,3.33,156.38509751949778,15.662140485505127,7.659133194090128,1.6639426775462491,0.6285714285714286,66.0,0.009111978113651276,9.0,2.7027027027027026,
EN_021_49__ES_021_49,train,true,21,21,2.96,134.21662938505824,14.266575143704706,5.001358074472901,1.7781934520486196,0.8172043010752689,76.0,0.028278369456529617,11.0,3.7162162162162162,2.96,121.66080901443488,9.697318006977355,3.338375618332551,1.3990582149749486,0.6451612903225806,60.0,0.011132370680570602,12.0,4.054054054054054,
EN_021_4__ES_021_4,train,true,21,21,2.77,136.33795787018497,16.694667760938984,5.248287899034305,1.975063066110129,0.6551724137931034,57.0,0.016064641997218132,10.0,3.6101083032490973,3.64,140.46483696057564,21.344058810629452,5.714676431340682,2.314712854299301,0.7192982456140351,82.0,0.012882855720818043,8.0,2.1978021978021975,
EN_021_50__ES_021_50,train,true,21,21,1.98,167.68792468324568,23.13119487768682,8.781414834018827,2.4245064341928497,0.8225806451612904,51.0,0.05387287214398384,8.0,4.040404040404041,2.44,156.30496261138708,19.340748030493753,7.600788553655935,2.132294198172641,0.8701298701298701,67.0,0.020988866686820984,9.0,3.6885245901639343,
EN_021_51__ES_021_51,train,true,21,21,1.16,172.99164735732464,29.95054110626519,9.257734592691527,2.7463154445019713,0.7027027027027027,26.0,0.033650320023298264,4.0,3.4482758620689657,0.9,157.76247644293025,15.26885315396196,7.821470856427787,1.5266342865591478,0.7241379310344828,21.0,0.02582482621073723,3.0,3.333333333333333,
EN_021_52__ES_021_52,train,true,21,21,2.57,169.5072818832462,14.332319674894833,9.073851808808744,1.4719293338060833,0.7777777777777778,63.0,0.06267692148685455,5.0,1.945525291828794,2.99,147.12228128799475,11.341126703949614,6.632542284999218,1.3391951874166814,0.425531914893617,40.0,0.019351555034518242,4.0,1.3377926421404682,
EN_021_53__ES_021_53,train,true,21,21,1.97,145.94785907829828,10.978018234822967,6.494940244182891,1.3332576682681543,0.7903225806451613,49.0,0.042897529900074005,8.0,4.060913705583756,2.28,127.80888207302219,8.209571091312682,4.21158074653768,1.1260130218802036,0.9027777777777778,65.0,0.01563553884625435,6.0,2.6315789473684212,
EN_021_54__ES_021_54,train,true,21,21,1.54,189.51133550810982,22.12605577325025,10.950042284999217,2.013237442528824,0.6530612244897959,32.0,0.05980728566646576,7.0,4.545454545454545,1.35,129.73064445044332,10.700055904927124,4.442725211828487,1.5135792249487017,0.9534883720930233,41.0,0.011630660854279995,4.0,2.962962962962963,
EN_021_5__ES_021_5,train,true,21,21,4.8,150.16500609500028,39.72541421382309,6.507185142142076,4.156549381530844,0.7880794701986755,119.0,0.018668347969651222,18.0,3.75,6.03,159.82511683758815,43.247805536776355,7.592210959698013,4.084074875171448,0.8783068783068783,166.0,0.011720415204763412,16.0,2.6533996683250414,
EN_021_6__ES_021_6,train,true,21,21,3.4,143.7628723488232,27.38265032086426,6.005597840554774,3.022426463686927,0.7570093457943925,81.0,0.02154994010925293,12.0,3.5294117647058822,4.09,153.13156938526026,27.77526132551635,7.1125422849992175,2.97945719529102,0.875,112.0,0.018713191151618958,15.0,3.6674816625916873,
EN_021_7__ES_021_7,train,true,21,21,3.64,138.97742547497273,24.659928401431262,5.447510639429598,2.8913653506208292,0.6929824561403509,79.0,0.017376452684402466,11.0,3.021978021978022,3.97,140.0657021502862,15.345765526567012,5.7306248092710605,1.8809756945739875,0.824,103.0,0.01241094246506691,12.0,3.022670025188917,
EN_021_8__ES_021_8,train,true,21,21,2.46,159.0244216038708,20.530929866751457,7.8918604668174,2.175791676950623,0.7142857142857143,55.0,0.031057745218276978,10.0,4.065040650406504,2.28,128.7916681443686,22.603447895452014,4.176512873234512,2.49827102842904,0.9444444444444444,68.0,0.014193049632012844,7.0,3.0701754385964914,
EN_021_9__ES_021_9,train,true,21,21,1.46,204.8936004234727,31.22710663389314,12.246196131153065,2.354289173995603,0.5652173913043478,26.0,0.03215978294610977,5.0,3.4246575342465753,1.43,183.38469034857778,23.58562777910437,10.370042284999217,2.054069132234843,0.5555555555555556,25.0,0.01762142777442932,3.0,2.097902097902098,
EN_022_10__ES_022_10,test,true,22,22,2.29,158.60827657116715,54.262833933608036,7.1875422849992185,4.961730778813838,0.7777777777777778,56.0,0.015353335067629814,11.0,4.8034934497816595,2.58,153.94206999914178,38.98412105316939,7.029752429926754,3.6923964061747028,0.8518518518518519,69.0,0.0326133631169796,10.0,3.875968992248062,
EN_022_11__ES_022_11,test,true,22,22,1.81,140.60318836277952,20.438219581011708,5.730042284999219,2.376993899865963,0.7017543859649122,40.0,0.008588851429522038,6.0,3.314917127071823,2.16,127.15774439561832,10.653225873684073,4.096850795637516,1.4849387212558691,0.6911764705882353,47.0,0.018843652680516243,7.0,3.2407407407407405,
EN_022_12__ES_022_12,test,true,15,15,1.48,98.46758434233877,2.8964413357929173,-0.2749577150007829,0.5152149343443259,0.5957446808510638,28.0,0.008042123168706894,6.0,4.054054054054054,1.95,105.4044784235633,5.983572031878904,0.8833756183325517,0.9819906086901018,0.7868852459016393,48.0,0.007345444522798061,9.0,4.615384615384616,
EN_022_13__ES_022_13,test,true,22,22,2.15,151.22276083410725,27.057086897489757,6.878613713570646,3.145338126090364,0.9264705882352942,63.0,0.021759161725640297,10.0,4.651162790697675,2.82,168.44374208100373,22.440694524411875,8.879027792245596,2.2522839582911094,0.7752808988764045,69.0,0.05369306355714798,10.0,3.546099290780142,
EN_022_14__ES_022_14,test,true,22,22,1.96,199.45941737497145,48.343258498891515,11.426512873234513,4.306770239540738,0.5483870967741935,34.0,0.015167731791734695,5.0,2.5510204081632653,1.81,219.9247666173184,61.28925943623431,12.945280380237316,4.9604604423837015,0.3684210526315789,21.0,0.03445931151509285,4.0,2.2099447513812156,
EN_022_15__ES_022_15,test,true,22,22,5.58,121.50503226808749,16.90672925313252,3.2037264955255345,2.42438534918227,0.5428571428571428,95.0,0.010631395503878593,17.0,3.046594982078853,4.8,140.91802578259825,11.775819569192345,5.876512873234512,1.4707558727981482,0.4503311258278146,68.0,0.030667055398225784,15.0,3.125,
EN_022_16__ES_022_16,test,true,22,22,1.42,131.12088955698596,10.746217211091418,4.635042284999217,1.374872721381874,0.8888888888888888,40.0,0.017291756346821785,5.0,3.5211267605633805,1.94,131.03431994408842,14.6331221373987,4.565136624621859,2.020871867365069,0.8688524590163934,53.0,0.02454814501106739,5.0,2.577319587628866,
EN_022_17__ES_022_17,test,true,22,22,1.69,127.85795077323347,33.88034347945319,3.6692730542299876,4.458701020801844,0.49056603773584906,26.0,0.0048615336418151855,3.0,1.7751479289940828,1.61,129.72787798775002,14.774761500021889,4.395203575321799,1.9506555903208407,0.6078431372549019,31.0,0.01333960983902216,4.0,2.484472049689441,
EN_022_18__ES_022_18,test,true,22,22,2.01,nan,nan,nan,nan,0.0,0.0,0.01095711998641491,7.0,3.4825870646766175,2.57,132.83371075048473,6.181811095469412,4.896850795637516,0.8012891378776831,0.5802469135802469,47.0,0.017280936241149902,6.0,2.3346303501945527,
EN_022_19__ES_022_19,test,true,22,22,2.2,159.19185738615815,36.684350360325034,7.607449692406624,3.87014220486419,0.782608695652174,54.0,0.017148122191429138,9.0,4.090909090909091,2.73,133.85115762704396,29.709570825783484,4.716708951665884,3.181992986334094,0.4883720930232558,42.0,0.01947125606238842,8.0,2.93040293040293,
EN_022_1__ES_022_1,test,true,22,22,1.74,180.4241706486647,34.07921584885283,9.920630520293335,3.1773582637675872,0.6181818181818182,34.0,0.014749032445251942,5.0,2.8735632183908044,2.47,234.7459837348592,31.724631774531012,14.607185142142074,2.4336082222888376,0.6282051282051282,49.0,0.04758467897772789,7.0,2.8340080971659916,
EN_022_20__ES_022_20,test,true,22,22,3.79,124.17940071191624,17.057157688691515,3.6033756183325516,2.1865418082819916,0.8823529411764706,105.0,0.009933357127010822,12.0,3.1662269129287597,2.19,167.52104846792489,26.995936766649127,8.729671914628849,2.5838085318948183,0.782608695652174,54.0,0.022354256361722946,13.0,5.936073059360731,
EN_022_21__ES_022_21,test,true,22,22,1.32,114.59971662851227,27.395324598133293,1.7758487366121214,4.685665700763682,0.7380952380952381,31.0,0.009926090948283672,6.0,4.545454545454545,1.89,1983.1626366473592,5.394822837125222,51.71670895166588,0.04714045207910049,0.05,3.0,0.013080477714538574,5.0,2.6455026455026456,
EN_022_22__ES_022_22,test,true,15,15,3.0,138.69939377080817,78.10931540571893,3.180811515768449,9.05960756058858,0.4148936170212766,39.0,0.01395443920046091,4.0,1.3333333333333333,3.3,166.7377366554973,32.99113747907744,8.49647085642779,3.5410331566262596,0.2692307692307692,28.0,0.006483971141278744,2.0,0.6060606060606061,
EN_022_23__ES_022_23,test,true,22,22,0.89,166.75639988521553,75.51708045339896,7.041708951665885,7.996922150983396,0.8571428571428571,24.0,0.004766638390719891,1.0,1.1235955056179776,0.94,nan,nan,nan,nan,0.0,0.0,0.00946412980556488,1.0,1.0638297872340425,
EN_022_24__ES_022_24,test,true,22,22,1.39,145.99277699322394,39.12279890798558,6.053490560861286,3.939322780816844,0.6590909090909091,29.0,0.01126556470990181,7.0,5.035971223021583,1.17,136.9870593080318,22.1485529340444,5.241218755587454,2.620548623190417,0.918918918918919,34.0,0.01683403179049492,4.0,3.418803418803419,
EN_022_25__ES_022_25,test,true,22,22,1.71,118.44469126925823,7.410359233248615,2.895756570713504,1.105658913342203,0.6481481481481481,35.0,0.007111504208296537,7.0,4.093567251461988,1.49,131.52137117375133,30.03018731464357,4.2812922849992185,4.036198513143277,0.3404255319148936,16.0,0.00897553563117981,9.0,6.040268456375839,
EN_022_26__ES_022_26,test,true,22,22,1.94,114.76488326062275,14.177531290872592,2.24791462542475,2.194334034745726,0.7704918032786885,47.0,0.005159610882401466,6.0,3.0927835051546393,1.16,170.7055770292708,7.597718736681667,9.240042284999218,0.8018104514160443,0.2702702702702703,10.0,0.012087497860193253,2.0,1.7241379310344829,
EN_022_27__ES_022_27,test,true,22,22,2.57,137.0696602057387,23.716130646441542,5.212728852163397,2.885932727512893,0.8271604938271605,67.0,0.01323863584548235,6.0,2.3346303501945527,3.3,155.53260257438896,32.996447766325346,7.3317496020723905,3.1413888511829775,0.7884615384615384,82.0,0.0397694855928421,6.0,1.8181818181818183,
EN_022_28__ES_022_28,test,true,22,22,1.215,151.7658062520203,16.61014286225389,7.127461639837929,1.7726797060581894,0.8157894736842105,31.0,0.01990099437534809,8.0,6.584362139917695,1.2,139.15015312168418,13.779099033846544,5.636405921362854,1.690157457577535,0.5789473684210527,22.0,0.026653440669178963,4.0,3.3333333333333335,
EN_022_29__ES_022_29,test,true,22,22,2.05,150.78688023490983,52.02706295106694,6.307937021841324,4.9436809699635065,0.8769230769230769,57.0,0.009915645234286785,8.0,3.9024390243902443,1.57,122.1636492013283,8.647171963226263,3.4238518088087413,1.1950412473075733,0.84,42.0,0.020268850028514862,7.0,4.45859872611465,
EN_022_2__ES_022_2,test,true,22,22,3.85,132.19824337793332,7.388616776670065,4.805182471915106,0.9735985513681359,0.8842975206611571,107.0,0.01817796379327774,11.0,2.857142857142857,3.37,137.2227643499263,13.386689425067434,5.400042284999219,1.627505609761122,0.9622641509433962,102.0,0.03546696901321411,9.0,2.6706231454005933,
EN_022_30__ES_022_30,test,true,22,22,3.1,148.37052790120606,29.414641166098768,6.532474717431651,3.1139337296194425,0.7628865979381443,74.0,0.012632414698600769,9.0,2.903225806451613,3.41,140.26921065814867,44.90234494825201,5.181549134314287,4.528505656707276,0.6822429906542056,73.0,0.016620216891169548,8.0,2.3460410557184748,
EN_022_31__ES_022_31,test,true,22,22,1.92,184.73749146337937,122.52007094445999,8.41158074653768,7.641967976654509,0.8524590163934426,52.0,0.010304559022188187,3.0,1.5625,1.96,140.0416245693345,26.780873004994046,5.585597840554773,2.7312313507570214,0.7258064516129032,45.0,0.014647253789007664,5.0,2.5510204081632653,
EN_022_32__ES_022_32,test,true,15,15,1.17,108.21370227842891,4.686345676440109,1.350042284999218,0.7609517849690738,0.5675675675675675,21.0,0.0033514038659632206,2.0,1.7094017094017095,0.83,126.0915003705501,18.43986748637521,3.8357565707135044,2.4567275396514017,0.5384615384615384,14.0,0.0029655282851308584,3.0,3.6144578313253013,
EN_022_33__ES_022_33,test,true,22,22,5.32,148.6290396316474,28.49390240867888,6.574532080917585,3.078664606627354,0.8802395209580839,147.0,0.01357105653733015,23.0,4.323308270676692,5.59,154.25194957528856,34.16657949766943,7.108251240223098,3.6372307513309172,0.7657142857142857,134.0,0.023927241563796997,20.0,3.5778175313059033,
EN_022_34__ES_022_34,test,true,22,22,1.12,222.40112802405514,23.858840735750352,13.738503823460757,1.8562424665637178,0.7222222222222222,26.0,0.009128413163125515,4.0,3.571428571428571,0.84,265.05972071127945,25.964400477694394,16.79214754815711,1.7058153751748244,0.7037037037037037,19.0,0.010993660427629948,3.0,3.5714285714285716,
EN_022_35__ES_022_35,test,true,22,22,3.3,143.47720910536387,18.94301023039588,6.105597840554774,2.217661987625262,0.4326923076923077,45.0,0.018230924382805824,7.0,2.121212121212121,4.21,150.40847175645655,31.17870609108467,6.703054333191989,3.5337388421718603,0.6287878787878788,83.0,0.03827397897839546,7.0,1.66270783847981,
EN_022_36__ES_022_36,test,true,22,22,5.59,123.92975881196837,21.79061788878317,3.491708951665885,2.667628174870906,0.48,84.0,0.00757808331400156,12.0,2.146690518783542,4.45,141.217602998651,35.7156511753893,5.521042284999218,3.7808807175048513,0.7142857142857143,100.0,0.02997721917927265,15.0,3.3707865168539324,
EN_022_37__ES_022_37,test,true,22,22,4.13,139.5504744985081,27.990036448348448,5.432264507221441,3.3886273123092776,0.34615384615384615,45.0,0.014123020693659782,9.0,2.179176755447942,4.74,176.6518707572258,42.05835138771299,9.335584453673917,4.281344584711802,0.5570469798657718,83.0,0.04076220840215683,10.0,2.109704641350211,
EN_022_38__ES_022_38,test,true,22,22,2.58,186.58059861073343,34.25738215557575,10.520217723595708,3.0769639235397546,0.7037037037037037,57.0,0.03745099902153015,12.0,4.651162790697675,2.72,200.55381119728295,26.754572953265576,11.897661332618265,2.2678468316226033,0.7325581395348837,63.0,0.07122223824262619,11.0,4.044117647058823,
EN_022_39__ES_022_39,test,true,22,22,3.53,168.68883838739757,44.181276880230804,8.500042284999218,4.299550716486126,0.7927927927927928,88.0,0.014094993472099304,13.0,3.68271954674221,4.36,177.5180450924645,35.27129037892512,9.608696131153064,3.3375085876271853,0.7591240875912408,104.0,0.03202507644891739,12.0,2.7522935779816513,
EN_022_3__ES_022_3,test,true,15,15,1.41,89.6492207169415,5.370612036549438,-1.9232910483341152,1.0516442152912524,0.6666666666666666,30.0,0.017123082652688026,2.0,1.4184397163120568,1.59,101.0375376820877,12.305847521461125,0.06355579851273148,1.9453565173374043,0.74,37.0,0.016583139076828957,2.0,1.2578616352201257,
EN_022_40__ES_022_40,test,true,22,22,2.44,154.90889811560362,36.692402538434514,7.122769557726492,3.9037489927436564,0.8571428571428571,66.0,0.017727158963680267,12.0,4.918032786885246,1.57,157.21902302629454,31.388595384648887,7.480994665951598,3.523491781041323,0.84,42.0,0.0246590469032526,10.0,6.369426751592356,
EN_022_41__ES_022_41,test,true,22,22,2.33,179.4693133050975,58.85704287024215,9.258205550305341,5.374954645644203,0.6712328767123288,49.0,0.013586306013166904,8.0,3.4334763948497855,2.79,171.29224089127592,29.172026914438828,9.035756570713504,3.216122931732888,0.7159090909090909,63.0,0.04391351714730263,10.0,3.5842293906810037,
EN_022_42__ES_022_42,test,true,22,22,2.4,176.10939704095662,41.528879761796865,9.310507401278288,4.126947153395917,0.5657894736842105,43.0,0.00884802732616663,6.0,2.5,2.6,151.72818053564959,33.90919324933452,6.778931173888106,3.910249905183511,0.5487804878048781,45.0,0.013594195246696472,7.0,2.692307692307692,
EN_022_43__ES_022_43,test,true,22,22,2.19,117.7731635085418,7.601789712816131,2.7969810605094216,1.09658133711304,0.7101449275362319,49.0,0.007708508055657148,6.0,2.73972602739726,2.43,111.75841165029394,17.003933391874767,1.6885038234607561,2.998535145325376,0.6842105263157895,52.0,0.016586165875196457,9.0,3.7037037037037033,
EN_022_44__ES_022_44,test,true,15,15,2.9,128.26552294917934,10.109569418777971,4.256821946016167,1.3466675009928744,0.6483516483516484,59.0,0.013326809741556644,10.0,3.4482758620689657,4.45,148.62742450096277,32.581060269362474,6.44289942785636,3.811509155284338,0.7,98.0,0.011585818603634834,10.0,2.2471910112359548,
EN_022_45__ES_022_45,test,true,15,15,3.13,101.1611817146256,9.405695519873698,0.12575657071350357,1.5987884443527602,0.7142857142857143,70.0,0.022258490324020386,10.0,3.194888178913738,3.4,104.79862004431268,9.92781550164439,0.7368843902623757,1.5926097504330792,0.7102803738317757,76.0,0.0073157972656190395,10.0,2.9411764705882355,
EN_022_46__ES_022_46,test,true,15,15,4.24,117.70028328822535,10.591431609702575,2.749052185989317,1.5964375594084754,0.7593984962406015,101.0,0.014554188586771488,18.0,4.245283018867925,4.13,123.63894441659511,12.300297813358128,3.586834737829407,1.7389720164238711,0.8153846153846154,106.0,0.0115130003541708,15.0,3.6319612590799033,
EN_022_47__ES_022_47,test,true,15,15,2.03,109.94360032824704,12.51664487431888,1.5000422849992179,2.345074625678253,0.5,32.0,0.018694601953029633,7.0,3.4482758620689657,2.22,122.91843158578472,30.156164025713153,3.187297186960002,3.3881547285265396,0.7285714285714285,51.0,0.012993475422263145,6.0,2.7027027027027026,
EN_022_48__ES_022_48,test,true,15,15,3.57,99.76107341865308,5.959504563540055,-0.07217993722300406,1.031345160218524,0.6428571428571429,72.0,0.013761636801064014,13.0,3.641456582633053,3.63,102.13020876906968,5.149382304494906,0.3423499773069103,0.8898241299540719,0.5701754385964912,65.0,0.01152738556265831,9.0,2.479338842975207,
EN_022_49__ES_022_49,test,true,15,15,3.05,125.39837308883384,13.720321818675215,3.8192730542299875,1.8304621591216608,0.2708333333333333,26.0,0.02369806356728077,11.0,3.6065573770491803,3.53,126.65460393911705,24.59177485942606,3.7953253038671404,3.1329994090741238,0.4774774774774775,53.0,0.016283055767416954,9.0,2.54957507082153,
EN_022_4__ES_022_4,test,true,22,22,2.2,124.03381980070648,20.449705443559335,3.4146576696146025,3.555080038879608,0.9420289855072463,65.0,0.01688055694103241,7.0,3.1818181818181817,1.29,152.40295207819776,14.21734136339558,7.220773992316291,1.5925503250369,1.0,41.0,0.06277170032262802,7.0,5.426356589147287,
EN_022_50__ES_022_50,test,true,15,15,3.0,96.39734702778757,8.52539352294352,-0.7092169742600416,1.637129208063843,0.8617021276595744,81.0,0.013817019760608673,12.0,4.0,4.36,95.11345295350812,7.7821090288421955,-0.9264283032360762,1.438079906598517,0.7445255474452555,102.0,0.009888706728816032,16.0,3.6697247706422016,
EN_022_51__ES_022_51,test,true,15,15,1.63,104.48513449495796,6.9501488238965905,0.7177842204830894,1.2311513354669528,0.6078431372549019,31.0,0.010991540737450123,5.0,3.067484662576687,1.53,111.53007232234627,4.777216667689667,1.8733756183325516,0.739677106731188,0.625,30.0,0.012575970031321049,5.0,3.2679738562091503,
EN_022_52__ES_022_52,test,true,15,15,1.85,95.62405462998525,2.6920865694948386,-0.7817758968189636,0.5012587461366753,0.3793103448275862,22.0,0.007290775887668133,5.0,2.7027027027027026,1.98,115.84167799043611,10.463247810185077,2.477125618332551,1.5336149537575878,0.7741935483870968,48.0,0.012419786304235458,7.0,3.5353535353535355,
EN_022_53__ES_022_53,test,true,15,15,1.53,109.6933686691801,31.02675785538722,1.0275422849992184,4.252792464957584,0.8333333333333334,40.0,0.013571920804679394,7.0,4.57516339869281,2.4,112.79501576405345,7.690639928071173,2.0432241031810365,1.2021567223635894,0.5789473684210527,44.0,0.021738272160291672,9.0,3.75,
EN_022_54__ES_022_54,test,true,15,15,1.89,106.55051590958038,8.618253979159022,1.0500422849992181,1.2459458063579463,0.35,21.0,0.017195207998156548,4.0,2.1164021164021167,2.47,109.6719071203276,4.791856133338338,1.5818604668173997,0.7546139070811844,0.5641025641025641,44.0,0.01365137379616499,4.0,1.6194331983805668,
EN_022_55__ES_022_55,test,true,15,15,2.03,90.93492789604801,9.08354437129326,-1.729268059828368,1.6987580271246903,0.453125,29.0,0.006988708861172199,8.0,3.9408866995073897,2.52,100.01875933327818,10.798543473822875,-0.08544158596852394,1.6969704289811973,0.7848101265822784,62.0,0.010166511870920658,7.0,2.7777777777777777,
EN_022_56__ES_022_56,test,true,15,15,2.51,121.94621695546569,16.09009619475158,3.288375618332551,2.2392775372626073,0.759493670886076,60.0,0.01913628913462162,8.0,3.1872509960159365,2.55,114.68403250466656,12.075848754471421,2.276232761189694,1.8217024381722255,0.525,42.0,0.015356920659542084,7.0,2.7450980392156863,
EN_022_57__ES_022_57,test,true,15,15,1.67,115.34301246250173,5.553134300244596,2.4500422849992183,0.8668497975016035,0.7924528301886793,42.0,0.01937676966190338,6.0,3.5928143712574854,1.99,115.37022557208591,5.169037537652704,2.4573150122719456,0.794722260336515,0.873015873015873,55.0,0.014701359905302525,9.0,4.522613065326633,
EN_022_5__ES_022_5,test,true,15,15,1.5,153.61165425279285,66.82985993110846,5.839515969209745,7.3208710106496655,0.8085106382978723,38.0,0.007436987478286028,3.0,2.0,1.06,109.67640452036301,4.4553139435368045,1.5844172849992177,0.7157205176428859,0.9411764705882353,32.0,0.01579982228577137,3.0,2.830188679245283,
EN_022_6__ES_022_6,test,true,22,22,5.33,163.7519108739946,40.385726307016526,8.104116359073291,3.711558781308148,0.8083832335329342,135.0,0.015276488848030567,18.0,3.3771106941838647,4.34,184.4974770596081,46.11802628447362,10.059751022863294,4.350951565671222,0.7573529411764706,103.0,0.047443050891160965,18.0,4.147465437788019,
EN_022_7__ES_022_7,test,true,22,22,3.52,166.75723250011038,35.80704837696892,8.535042284999218,3.1361640582086903,0.7207207207207207,80.0,0.02348361350595951,7.0,1.9886363636363635,3.64,160.82486846865154,34.99426295994451,7.84583175868343,3.58317459331875,0.8333333333333334,95.0,0.04544267803430557,7.0,1.923076923076923,
EN_022_8__ES_022_8,test,true,22,22,2.79,147.09757579314973,41.392559789068095,6.13600719727992,4.124315513501507,0.6477272727272727,57.0,0.01627253368496895,9.0,3.225806451612903,3.075,140.9199274499266,26.639175244775394,5.573792284999218,3.7293512756912564,0.8247422680412371,80.0,0.047213997691869736,9.0,2.926829268292683,
EN_022_9__ES_022_9,test,true,22,22,1.47,122.32446130775806,4.154482649746094,3.478613713570646,0.5860626141933144,0.30434782608695654,14.0,0.0090975072234869,5.0,3.4013605442176873,0.99,127.64038485106181,5.843945456846002,4.206292284999218,0.8116100895750372,0.5161290322580645,16.0,0.016514120623469353,4.0,4.040404040404041,
EN_023_10__ES_023_10,train,true,23,23,2.28,106.10930887972596,18.427840391820677,0.7055978405547729,3.507645969437849,0.5,36.0,0.0031831252854317427,4.0,1.7543859649122808,2.26,113.10748008746373,19.82277901473584,1.8781124604378148,2.940268181226255,0.8028169014084507,57.0,0.005573526956140995,4.0,1.7699115044247788,
EN_023_11__ES_023_11,train,true,2,2,3.35,200.69968559039938,58.535440325885595,11.13165148040152,6.044785512592551,0.8285714285714286,87.0,0.006260568276047707,16.0,4.776119402985074,3.26,235.93622807478712,32.8914565909054,14.69305303768739,2.4090509374521782,0.9117647058823529,93.0,0.010340563952922821,10.0,3.067484662576687,
EN_023_12__ES_023_12,train,true,2,2,3.14,243.7112162606543,54.136433926181326,15.004693447789911,3.780447155068576,0.8686868686868687,86.0,0.010184739716351032,11.0,3.503184713375796,3.45,231.03997768468312,50.1510565511916,14.12323816128788,3.5302672269378195,0.8981481481481481,97.0,0.01490085944533348,8.0,2.318840579710145,
EN_023_13__ES_023_13,train,true,2,2,1.66,203.65295032061243,25.34883669407887,12.19710110852863,1.9378938376370254,0.3269230769230769,17.0,0.004228242672979832,5.0,3.0120481927710845,2.63,222.05910981418106,21.593828301445505,13.733715754386973,1.6209529747771785,0.5903614457831325,49.0,0.006003567948937416,7.0,2.661596958174905,
EN_023_14__ES_023_14,train,true,23,23,3.77,111.224148847078,15.494450566815118,1.6791331940901268,2.3544675311781007,0.4661016949152542,55.0,0.004559511784464121,13.0,3.4482758620689653,5.72,116.3950279567516,19.555693900425933,2.401129241520957,2.756986956696583,0.5139664804469274,92.0,0.009346717968583107,12.0,2.097902097902098,
EN_023_15__ES_023_15,train,true,23,23,3.62,97.56750130944188,5.470658490354632,-0.45252181756488485,0.9436663848473471,0.6842105263157895,78.0,0.008904876187443733,11.0,3.0386740331491713,3.67,94.52914082448287,5.81171955977179,-1.0056395331826002,1.0375734316341456,0.7652173913043478,88.0,0.007174998056143522,8.0,2.1798365122615806,
EN_023_16__ES_023_16,train,true,2,2,1.05,207.87179776215288,11.24527776728213,12.64263487759181,0.9467002834117016,0.8181818181818182,27.0,0.007967351004481316,3.0,2.857142857142857,1.33,194.83821949903404,11.792909204247199,11.515667284999218,1.0466044426501346,0.7619047619047619,32.0,0.004581598564982414,4.0,3.007518796992481,
EN_023_17__ES_023_17,train,true,23,23,2.22,95.93287585455028,5.1553188869905755,-0.7437077150007823,0.9270037419018327,0.45714285714285713,32.0,0.004865430295467377,5.0,2.252252252252252,1.68,110.94543607749046,13.691301320816422,1.669089904046837,2.105462068416801,0.7924528301886793,42.0,0.011024932377040386,3.0,1.7857142857142858,
EN_023_18__ES_023_18,train,true,23,23,1.99,92.3991481722013,4.808116281875126,-1.390866805909873,0.8676819122388377,0.6984126984126984,44.0,0.003495331620797515,4.0,2.0100502512562812,3.77,108.07210267382523,13.941049419551907,1.2090586784418405,2.1292172847393696,0.5169491525423728,61.0,0.010180161334574223,13.0,3.4482758620689653,
EN_023_19__ES_023_19,train,true,23,23,1.48,94.42709003786634,6.127358856929268,-1.0287455937886612,1.11348689988554,0.7021276595744681,33.0,0.005518269259482622,5.0,3.3783783783783785,1.18,96.22224816258296,9.06449517796293,-0.746624381667449,1.6896712369241802,0.8108108108108109,30.0,0.010234266519546509,5.0,4.237288135593221,
EN_023_1__ES_023_1,train,true,23,23,1.39,124.39722148790551,25.02273057482324,3.4548041897611226,3.289952408177444,0.9545454545454546,42.0,0.009334648959338665,5.0,3.5971223021582737,1.71,126.18106760764584,32.464781350144406,3.503530657092241,4.156270065156493,0.7962962962962963,43.0,0.014999443665146828,4.0,2.3391812865497075,
EN_023_20__ES_023_20,train,true,23,23,1.45,105.07942188291156,7.78042334911656,0.8118069908815707,1.2513556662516887,0.7391304347826086,34.0,0.006630828138440847,7.0,4.827586206896552,1.31,121.61481169945056,16.73070271597307,3.2538884388453724,2.054541080936188,0.6341463414634146,26.0,0.015041537582874298,5.0,3.8167938931297707,
EN_023_21__ES_023_21,train,true,23,23,4.41,107.13602427127591,9.954901855864819,1.1210100269347025,1.5701229761549695,0.4492753623188406,62.0,0.004065569024533033,12.0,2.7210884353741496,6.19,108.32715018825297,8.841236254949054,1.3285369086551322,1.3863272017046153,0.4793814432989691,93.0,0.0056572868488729,13.0,2.10016155088853,
EN_023_22__ES_023_22,train,true,23,23,1.0,98.99487067817631,10.098514967907747,-0.2599577150007825,1.6920106382644287,0.625,20.0,0.0035730982199311256,5.0,5.0,1.58,104.06312370529692,14.518978691744072,0.5441599320580411,2.164681905238054,0.68,34.0,0.006817119661718607,6.0,3.7974683544303796,
EN_023_24__ES_023_24,train,true,23,23,3.42,102.27387794032734,7.757703945786699,0.3402062194254476,1.299269014917813,0.5700934579439252,61.0,0.007563969120383263,12.0,3.5087719298245617,4.28,101.56507201472668,12.25542476319049,0.12095137590830847,2.3621002001125824,0.41044776119402987,55.0,0.005832951981574297,8.0,1.8691588785046729,
EN_023_25__ES_023_25,train,true,2,2,0.74,269.5395654715104,52.97243315019667,16.81927305422999,3.4953561753989257,0.5416666666666666,13.0,0.0038497333880513906,1.0,1.3513513513513513,1.02,222.92927928556279,35.47535741217266,13.683375618332551,2.5305540309789283,0.84375,27.0,0.0038577141240239143,2.0,1.9607843137254901,
EN_023_26__ES_023_26,train,true,23,23,1.24,108.59815346888621,9.58732220528705,1.362542284999218,1.4941029917646242,0.41025641025641024,16.0,0.0047948649153113365,3.0,2.4193548387096775,1.24,101.27023003266136,3.432060359058163,0.20886581441098184,0.574004328257315,0.4358974358974359,17.0,0.010365335270762444,3.0,2.4193548387096775,
EN_023_27__ES_023_27,train,true,23,23,4.42,98.61759362427681,5.925787857742184,-0.2717525867956536,1.0280236747619858,0.5611510791366906,78.0,0.004361958242952824,13.0,2.9411764705882355,4.97,103.12912627812143,5.362346629010483,0.5100422849992182,0.9000914986168651,0.5448717948717948,85.0,0.008601457811892033,11.0,2.2132796780684107,
EN_023_28__ES_023_28,train,true,23,23,2.87,106.73438576658603,7.6572842461383575,1.0846576696146026,1.223312749398222,0.5777777777777777,52.0,0.005701872520148754,7.0,2.4390243902439024,2.905,113.33683704699932,8.875368373641011,2.1120422849992178,1.3992698095792675,0.5494505494505495,50.0,0.009464804083108902,6.0,2.0654044750430294,
EN_023_29__ES_023_29,train,true,23,23,3.85,98.84387779119226,6.287163892557903,-0.23616461155250607,1.097088352752658,0.4793388429752066,58.0,0.004971635527908802,15.0,3.896103896103896,3.77,99.38590980550171,8.732316621133815,-0.165342330385397,1.3815521671411994,0.5508474576271186,65.0,0.008426262997090816,11.0,2.9177718832891246,
EN_023_2__ES_023_2,train,true,23,23,1.7,115.26276500632412,15.55093828531616,2.293375618332551,2.427712686643312,0.5555555555555556,30.0,0.007415111642330885,5.0,2.9411764705882355,2.02,118.63503475820917,13.467236914079523,2.8454968304537633,1.9827614519166474,0.6875,44.0,0.008017877116799355,4.0,1.9801980198019802,
EN_023_30__ES_023_30,train,true,23,23,4.9,100.50659632227422,11.194527312232134,-0.012142588950361737,1.8244829633265096,0.7727272727272727,119.0,0.005312640219926834,21.0,4.285714285714286,6.46,98.50656279858146,6.305450015935242,-0.2922395941954129,1.021919578656807,0.7376237623762376,149.0,0.008619863539934158,20.0,3.0959752321981426,
EN_023_31__ES_023_31,train,true,23,23,1.51,94.89156210306606,4.107976697195757,-0.9238707584790431,0.7449641901544501,0.4791666666666667,23.0,0.0034998608753085136,7.0,4.635761589403973,2.22,94.80913191707114,3.8943259808426505,-0.9369142367399125,0.6923836256484998,0.32857142857142857,23.0,0.007380520459264517,6.0,2.7027027027027026,
EN_023_32__ES_023_32,train,true,2,2,1.64,202.27102043186562,8.709023997219964,12.18004228499922,0.7239475119095308,0.38461538461538464,20.0,0.004371355287730694,6.0,3.658536585365854,2.02,221.46375353422098,53.78813423328574,13.066708951665884,5.353944547921861,0.65625,42.0,0.0026713020633906126,6.0,2.9702970297029703,
EN_023_33__ES_023_33,train,true,23,23,4.43,100.5578834901127,8.90913168779167,0.02696536192229472,1.5588722976038436,0.4676258992805755,65.0,0.007181287743151188,11.0,2.483069977426637,6.43,108.7748869035754,13.56795761563555,1.3240006183325514,2.1300061028701043,0.47761194029850745,96.0,0.011012963019311428,11.0,1.7107309486780715,
EN_023_34__ES_023_34,train,true,2,2,0.9,183.59187360574884,72.60436942463346,8.540042284999219,9.11278771836588,0.6896551724137931,20.0,0.006094195414334536,2.0,2.2222222222222223,0.88,231.19818075974007,31.24041751543376,14.360568600788694,2.2405109231324682,0.6785714285714286,19.0,0.00963098555803299,4.0,4.545454545454546,
EN_023_35__ES_023_35,train,true,23,23,3.51,93.41343164957713,5.057421869983676,-1.2047964246782008,0.9332007735009924,0.5636363636363636,62.0,0.006300707347691059,13.0,3.7037037037037037,3.66,113.55685617892426,19.67805464102962,1.9750422849992177,2.704930262922268,0.7652173913043478,88.0,0.012145967222750187,12.0,3.278688524590164,
EN_023_36__ES_023_36,train,true,2,2,1.75,221.93252801142438,24.671874855526987,13.706139845974828,1.7674632200937859,0.7454545454545455,41.0,0.005239053629338741,9.0,5.142857142857143,1.89,216.25238991697574,17.346596499344116,13.301022677156082,1.312888231883984,0.85,51.0,0.005142716690897942,8.0,4.2328042328042335,
EN_023_37__ES_023_37,train,true,23,23,2.4,104.61002767638932,16.6910094593942,0.5797297849992181,2.582675434959598,0.8421052631578947,64.0,0.007361389230936766,10.0,4.166666666666667,2.51,112.94972723409074,12.269738291321362,2.005597840554774,1.887282229865886,0.7974683544303798,63.0,0.009108372032642365,7.0,2.7888446215139444,
EN_023_38__ES_023_38,train,true,23,23,2.1,97.58007891501582,8.388378715636739,-0.48329104833411546,1.4072375280376304,0.6363636363636364,42.0,0.006185878533869982,9.0,4.285714285714286,2.53,96.89790597543838,5.095679582108851,-0.5675252825683498,0.8547732602952108,0.925,74.0,0.008125865831971169,8.0,3.16205533596838,
EN_023_39__ES_023_39,train,true,23,23,5.1,98.64817197803764,18.983574608039195,-0.47237150810423023,2.666396451331238,0.725,116.0,0.005352615844458342,16.0,3.1372549019607847,4.92,97.70300863041047,13.345891224960626,-0.5375489558766944,2.0814244580387293,0.8896103896103896,137.0,0.0083062294870615,15.0,3.048780487804878,
EN_023_3__ES_023_3,train,true,23,23,0.86,98.14511080381092,14.285398177947817,-0.5399577150007822,2.847964185168064,0.37037037037037035,10.0,0.005750205833464861,2.0,2.3255813953488373,1.93,97.31479366005954,4.011949581191135,-0.48544158596852377,0.6958626055974602,0.5081967213114754,31.0,0.005427934695035219,2.0,1.0362694300518136,
EN_023_40__ES_023_40,train,true,23,23,2.43,106.63857518694809,17.332294560856102,0.9041406456549553,2.6298771255028655,0.8026315789473685,61.0,0.004631716758012772,11.0,4.526748971193415,1.92,93.66824446338745,7.992682840329931,-1.205840067941958,1.659055574091439,0.5573770491803278,34.0,0.007154724095016718,6.0,3.125,
EN_023_41__ES_023_41,train,true,23,23,1.82,101.83900572148818,12.585658169424617,0.19741070605184918,1.9712054610134084,0.6666666666666666,38.0,0.004259002394974232,7.0,3.846153846153846,1.45,98.40420145583816,15.290550368738018,-0.4932910483341156,2.76449915094137,0.6521739130434783,30.0,0.005342200398445129,5.0,3.4482758620689657,
EN_023_42__ES_023_42,train,true,2,2,2.15,199.23521456245126,18.630471002316497,11.867023417074689,1.472737900704773,0.7794117647058824,53.0,0.005112621933221817,9.0,4.186046511627907,2.03,172.6058185051934,44.28358980074916,8.711266774795137,5.385195743378535,0.765625,49.0,0.004855669103562832,9.0,4.433497536945813,
EN_023_43__ES_023_43,train,true,2,2,2.37,219.8050678969231,39.45322062336376,13.403888438845371,2.6969684931890545,0.6933333333333334,52.0,0.0039558266289532185,11.0,4.641350210970464,2.49,219.58855308570574,29.33598282598331,13.479893031267874,2.1226577908665134,0.8589743589743589,67.0,0.004123016260564327,8.0,3.2128514056224895,
EN_023_44__ES_023_44,train,true,23,23,0.59,nan,nan,nan,nan,0.0,0.0,0.003827812150120735,1.0,1.6949152542372883,0.58,nan,nan,nan,nan,0.0,0.0,0.00431830296292901,1.0,1.7241379310344829,
EN_023_45__ES_023_45,train,true,2,2,3.13,213.7421270151508,24.073863803489683,13.042542284999218,1.9245632621454671,0.8163265306122449,80.0,0.007425050251185894,19.0,6.0702875399361025,3.35,211.492602986155,23.078140057241626,12.870496830453762,1.804297841953855,0.8380952380952381,88.0,0.011197405867278576,14.0,4.17910447761194,
EN_023_46__ES_023_46,train,true,23,23,3.09,101.33666674437804,15.615101372110688,-0.0055132705563374846,2.956992132072016,0.4639175257731959,45.0,0.004323672037571669,10.0,3.236245954692557,2.92,117.7440021178261,17.411179823869332,2.656102891059824,2.384157229147567,0.717391304347826,66.0,0.007583213038742542,10.0,3.4246575342465753,
EN_023_47__ES_023_47,train,true,23,23,2.64,104.26259523553529,7.8952559546260375,0.6716639066208396,1.3378351078323225,0.4457831325301205,37.0,0.005309391301125288,5.0,1.8939393939393938,2.24,106.30418284492052,3.3298870755321843,1.050042284999219,0.5348935511960405,0.5070422535211268,36.0,0.007172308396548033,7.0,3.1249999999999996,
EN_023_48__ES_023_48,train,true,2,2,1.0,208.23411718196505,22.43541081305972,12.609133194090127,1.710836874140067,0.6875,22.0,0.004318504128605127,2.0,2.0,1.19,180.78425253897524,58.488826380529595,9.16474816735216,6.414419984458784,0.8947368421052632,34.0,0.005156376399099827,2.0,1.680672268907563,
EN_023_49__ES_023_49,train,true,23,23,4.4,106.50052927483829,10.204915311083962,1.0149545657009724,1.5953321414138604,0.8260869565217391,114.0,0.008073869161307812,15.0,3.4090909090909087,6.3,101.3005103444098,12.228382397543243,0.12204228499921776,1.7831926424253772,0.6345177664974619,125.0,0.007904328405857086,15.0,2.380952380952381,
EN_023_4__ES_023_4,train,true,23,23,0.89,65.78748585245347,0.5389490490592134,-7.249957715000782,0.1414213562373086,0.10714285714285714,3.0,0.005099201109260321,2.0,2.247191011235955,1.22,115.21018433844905,20.92288237697955,2.1786137135706465,3.036546104523683,0.717948717948718,28.0,0.006976210977882147,2.0,1.639344262295082,
EN_023_50__ES_023_50,train,true,23,23,2.5,103.75338617285774,9.772126577448597,0.5633756183325515,1.5952150673533367,0.569620253164557,45.0,0.007411527447402477,7.0,2.8,3.35,106.67238598230789,9.785277789205413,1.0459882309451638,1.57938058241362,0.7047619047619048,74.0,0.0129737863317132,7.0,2.08955223880597,
EN_023_51__ES_023_51,train,true,23,23,3.97,96.27109728001687,7.433889037241841,-0.7124577150007824,1.3956218745300129,0.384,48.0,0.0037916265428066254,8.0,2.0151133501259446,4.72,94.91390743224561,5.012784131937067,-0.927291048334115,0.8986765578090681,0.5067567567567568,75.0,0.004385310225188732,8.0,1.6949152542372883,
EN_023_5__ES_023_5,train,true,23,23,1.87,111.68431445767246,16.933392711915072,1.7524232373801705,2.2371844651404493,0.711864406779661,42.0,0.008235380053520203,9.0,4.81283422459893,1.83,109.64132810932614,4.964772984533641,1.5756833106402435,0.786331289456572,0.6724137931034483,39.0,0.01670636236667633,8.0,4.371584699453551,
EN_023_6__ES_023_6,train,true,23,23,0.97,104.71114625459825,9.25923192745767,0.7109118502166091,1.8365229743078846,0.7419354838709677,23.0,0.007622788660228252,3.0,3.0927835051546393,1.8,106.3206030237879,6.403701843902171,1.030811515768449,1.0137588966769737,0.45614035087719296,26.0,0.017376719042658806,2.0,1.1111111111111112,
EN_023_7__ES_023_7,train,true,23,23,2.19,103.95215712170109,6.819987769411897,0.6343560104894139,1.122736948050385,0.7391304347826086,51.0,0.005087281111627817,8.0,3.6529680365296806,2.46,97.94777492894796,6.761571862504892,-0.3968964905109864,1.1246953403017457,0.6363636363636364,49.0,0.008973183110356331,7.0,2.845528455284553,
EN_023_8__ES_023_8,train,true,2,2,1.04,204.38936345668324,12.939942477731789,12.342634877591811,1.0610707121777636,0.8181818181818182,27.0,0.005329781677573919,6.0,5.769230769230769,1.02,196.9535698523588,7.829333041548548,11.720630520293337,0.6866497573533072,0.53125,17.0,0.003385920077562332,4.0,3.9215686274509802,
EN_023_9__ES_023_9,train,true,23,23,1.535,118.08790530099473,3.2796403264363825,2.8714708564277887,0.4908863287514757,0.5833333333333334,28.0,0.005840296391397715,7.0,4.5602605863192185,2.4,116.17660778155698,9.438044967302556,2.540518475475408,1.3737001689579176,0.5526315789473685,42.0,0.011308044195175171,6.0,2.5,
EN_024_10__ES_024_10,test,true,15,15,1.44,94.53474744193555,10.59856491256281,-1.0791243816674487,1.9064537687083374,0.5217391304347826,24.0,0.028177525848150253,3.0,2.0833333333333335,1.21,nan,nan,nan,nan,0.0,0.0,0.03061765991151333,2.0,1.6528925619834711,
EN_024_11__ES_024_11,train,true,24,24,3.41,200.94430382744542,57.984070281916686,11.326665661622593,5.180756002192994,0.719626168224299,77.0,0.02619289606809616,13.0,3.8123167155425217,3.98,208.7736365161773,53.931392160729516,12.134188626462633,4.657736012170718,0.656,82.0,0.009833048097789288,10.0,2.512562814070352,
EN_024_12__ES_024_12,train,true,24,24,2.57,151.09634269063338,21.283325226758382,6.978042284999217,2.398975336819173,0.9259259259259259,75.0,0.03039519302546978,10.0,3.891050583657588,3.29,122.3377615732228,12.87495498557656,3.3953253038671423,1.8134264490014629,0.5145631067961165,53.0,0.010918306186795235,11.0,3.3434650455927053,
EN_024_13__ES_024_13,test,true,15,15,2.45,94.11571562675503,12.633694123351711,-1.199957715000782,2.260293912620341,0.7272727272727273,56.0,0.019217129796743393,8.0,3.265306122448979,2.84,97.36155389844012,12.422634266482973,-0.5999577150007821,2.163754453105373,0.6741573033707865,60.0,0.01723329722881317,9.0,3.1690140845070425,
EN_024_14__ES_024_14,test,true,15,15,3.3,108.91229895198428,13.892935229265344,1.3175747525316852,2.4453741943196667,0.7403846153846154,77.0,0.026272840797901154,13.0,3.9393939393939394,3.64,116.45599327594675,9.354529413646425,2.581292284999218,1.3976403104876447,0.8421052631578947,96.0,0.019440554082393646,10.0,2.7472527472527473,
EN_024_15__ES_024_15,test,true,15,15,2.85,138.45594288151602,29.096198960501006,5.228613713570647,3.8137305642017414,0.7777777777777778,70.0,0.05416245386004448,12.0,4.2105263157894735,3.09,136.10853812964677,23.99653066735815,5.08831388993749,2.8790245219233017,0.8350515463917526,81.0,0.035266898572444916,6.0,1.941747572815534,
EN_024_16__ES_024_16,test,true,15,15,2.28,122.75242943946783,23.0178059738425,3.261332607579863,3.1186279467983207,0.8611111111111112,62.0,0.030628370121121407,9.0,3.947368421052632,2.04,137.88978055713181,28.031756006012916,5.082542284999218,4.412844179211407,0.625,40.0,0.04142429679632187,5.0,2.450980392156863,
EN_024_17__ES_024_17,test,true,15,15,1.27,109.1550735079997,13.439481173774169,1.3823003495153472,2.171128307344154,0.775,31.0,0.023164715617895126,3.0,2.3622047244094486,1.64,110.86405084737638,8.528389788431136,1.7323952261756876,1.3697295972381458,0.6538461538461539,34.0,0.025947805494070053,3.0,1.829268292682927,
EN_024_18__ES_024_18,test,true,15,15,4.06,120.88946974867294,26.718557546099333,2.879927342470483,3.711340648886271,0.6850393700787402,87.0,0.03170519322156906,12.0,2.9556650246305423,3.93,147.48255736418625,28.60863004219549,6.410979784999219,3.283701093445283,0.5203252032520326,64.0,0.036885183304548264,9.0,2.2900763358778624,
EN_024_19__ES_024_19,test,true,15,15,2.63,108.38840194030736,12.399654149963048,1.2851774201343529,1.9310711516019565,0.891566265060241,74.0,0.02231527306139469,11.0,4.182509505703422,2.91,118.72904330804236,15.94579215801458,2.826585494875761,2.2063472749129094,0.8901098901098901,81.0,0.034334249794483185,9.0,3.092783505154639,
EN_024_1__ES_024_1,test,true,15,15,6.51,135.74238625204072,18.97176193475487,5.142290347014722,2.196883359808793,0.6323529411764706,129.0,0.05260050669312477,21.0,3.2258064516129035,6.49,129.5011239133076,21.350755704807806,4.246850795637516,2.805956890209613,0.9261083743842364,188.0,0.03122791461646557,17.0,2.6194144838212634,
EN_024_20__ES_024_20,train,true,24,24,3.11,135.61166454165675,17.96049978231254,5.12432799928493,2.266065546541955,0.7142857142857143,70.0,0.026937110349535942,15.0,4.823151125401929,3.97,148.43290292235315,34.91883791562047,6.3768715532919,3.9559171111592923,0.656,82.0,0.012819238938391209,13.0,3.27455919395466,
EN_024_21__ES_024_21,test,true,15,15,3.47,150.67672656138743,35.0381588253463,6.634973791848534,3.9902851627722296,0.6697247706422018,73.0,0.0367821604013443,11.0,3.1700288184438037,3.72,145.26555538645064,27.96536273499799,6.15004228499922,3.2851856027391277,0.7692307692307693,90.0,0.04338734596967697,6.0,1.6129032258064515,
EN_024_22__ES_024_22,train,true,24,24,1.22,169.6627523591031,44.88527325322889,8.555756570713504,4.5319149441736535,0.8974358974358975,35.0,0.02467305026948452,3.0,2.459016393442623,1.06,251.18476226478933,207.23278603095073,12.396708951665886,9.69586624403525,0.8823529411764706,30.0,0.01202483382076025,4.0,3.773584905660377,
EN_024_23__ES_024_23,test,true,15,15,3.15,148.5922425245004,28.43876891981764,6.521094916578166,3.460674401474284,0.7676767676767676,76.0,0.05703061819076538,11.0,3.492063492063492,3.0,148.9887970020714,21.527996049413414,6.707734592691523,2.6484886464649326,0.8297872340425532,78.0,0.053068455308675766,7.0,2.3333333333333335,
EN_024_24__ES_024_24,test,true,15,15,1.91,114.99718939965024,16.59554873559822,2.2300422849992176,2.5942243542145698,0.8333333333333334,50.0,0.047824446111917496,10.0,5.235602094240838,2.28,119.26755084367412,16.53899020152076,2.875439110396043,2.49424532938613,0.875,63.0,0.040667664259672165,8.0,3.5087719298245617,
EN_024_25__ES_024_25,train,true,24,24,2.04,139.97165446802964,22.438787392765267,5.600042284999217,2.765664477119378,0.78125,50.0,0.03217248618602753,10.0,4.901960784313726,1.98,169.81350903698018,28.561977794688357,8.943224103181036,2.7259191716884255,0.7096774193548387,44.0,0.015353070572018623,7.0,3.5353535353535355,
EN_024_26__ES_024_26,test,true,15,15,3.15,173.62252839838527,79.51248358973181,7.998277579116866,7.065102501478758,0.8585858585858586,85.0,0.04070032015442848,12.0,3.8095238095238098,3.32,197.29987822309985,77.30013149319883,10.307513549367032,7.285785754828797,0.8365384615384616,87.0,0.03091082163155079,7.0,2.108433734939759,
EN_024_27__ES_024_27,test,true,15,15,1.32,175.50888814496224,14.474513665891392,9.675848736612123,1.4973024651741016,0.7380952380952381,31.0,0.05133267864584923,5.0,3.7878787878787876,1.78,148.05886080395544,26.49814500344543,6.4622871829584,3.5495692554461673,0.875,49.0,0.04705485701560974,4.0,2.247191011235955,
EN_024_28__ES_024_28,test,true,15,15,2.68,106.15110570604327,6.123675459209467,1.0026738639465866,1.0517496305293192,0.9047619047619048,76.0,0.0330357626080513,8.0,2.9850746268656714,3.02,99.44581624867438,7.789564228546306,-0.14872314709954737,1.3459123141288136,0.8526315789473684,81.0,0.02644810639321804,4.0,1.3245033112582782,
EN_024_29__ES_024_29,test,true,15,15,5.71,106.0515841054009,20.817534632740163,0.7172297849992176,3.141931864290464,0.7150837988826816,128.0,0.035337142646312714,19.0,3.327495621716287,4.85,110.09692633648145,25.270609536946093,1.250985681225633,3.6989670991466785,0.6973684210526315,106.0,0.039749208837747574,15.0,3.0927835051546393,
EN_024_2__ES_024_2,test,true,15,15,5.35,114.93349158518434,16.012438304139618,2.248879494301544,2.334946550159948,0.5119047619047619,86.0,0.030146781355142593,19.0,3.551401869158879,6.79,110.71996735117976,14.580452025785213,1.6211082748469337,2.192355287426114,0.9248826291079812,197.0,0.023910636082291603,20.0,2.9455081001472756,
EN_024_30__ES_024_30,test,true,15,15,2.95,144.94802110273298,20.83818938538449,6.251191710286574,2.454622393080983,0.9354838709677419,87.0,0.026781437918543816,13.0,4.406779661016949,3.64,157.32004479196368,30.52564124855259,7.541131393910107,3.201920803774472,0.8859649122807017,101.0,0.042053740471601486,9.0,2.4725274725274726,
EN_024_31__ES_024_31,test,true,15,15,2.59,112.19220257710525,14.10188958384631,1.8514507357034433,2.218456064933733,0.8765432098765432,71.0,0.024169007316231728,16.0,6.177606177606178,3.04,119.17114722877868,25.661546180470577,2.691470856427789,3.331558745312678,0.7291666666666666,70.0,0.0223859753459692,14.0,4.605263157894737,
EN_024_32__ES_024_32,train,true,24,24,1.79,136.23949690039066,15.289841830183336,5.239327999284931,2.0151815383863223,0.5,28.0,0.030069930478930473,9.0,5.027932960893855,1.6,143.28691383393124,30.190867389342614,5.859417284999218,3.526981657079464,0.6274509803921569,32.0,0.022709205746650696,6.0,3.75,
EN_024_33__ES_024_33,test,true,15,15,3.94,127.95234579209271,37.44599837261527,3.582899427856361,4.777468589373349,0.5645161290322581,70.0,0.04498196020722389,13.0,3.299492385786802,4.3,126.09576897125771,39.11363972094307,3.218396715378965,5.188266809058112,0.5851851851851851,79.0,0.0410391204059124,9.0,2.0930232558139537,
EN_024_34__ES_024_34,test,true,15,15,2.29,116.31841036198455,9.375431975063192,2.560458951665884,1.4009282017251599,0.6666666666666666,48.0,0.05020897462964058,10.0,4.366812227074235,1.78,154.3309856004113,52.62280314453272,6.7127873830384335,4.965289746667191,0.9107142857142857,51.0,0.04586341604590416,5.0,2.8089887640449436,
EN_024_35__ES_024_35,test,true,15,15,2.75,101.08481213090113,10.194742109916671,0.09766133261826572,1.7669682710078016,0.7325581395348837,63.0,0.023452583700418472,9.0,3.272727272727273,2.54,104.63610902919723,11.117434543119003,0.681926342970233,1.9109518649185562,0.8625,69.0,0.02612713910639286,7.0,2.7559055118110236,
EN_024_36__ES_024_36,train,true,24,24,3.39,127.82261488531935,18.04916232688453,4.088503823460757,2.3228922494095294,0.49056603773584906,52.0,0.017942143604159355,8.0,2.359882005899705,3.9,136.6438756028712,17.586634419573464,5.265426900383833,2.184037482248388,0.319672131147541,39.0,0.010614559054374695,9.0,2.307692307692308,
EN_024_37__ES_024_37,test,true,15,15,3.24,119.99477063752971,29.86638775365884,2.6331408765485134,4.248213739466884,0.696078431372549,71.0,0.036856088787317276,11.0,3.3950617283950617,3.56,112.35513882365032,25.805853731471792,1.5685608035177372,3.93713285134795,0.7232142857142857,81.0,0.03173943981528282,9.0,2.5280898876404496,
EN_024_38__ES_024_38,train,true,24,24,1.11,108.73163159661313,5.683956427324547,1.4250422849992173,0.9211632139130753,0.34285714285714286,12.0,0.02908770740032196,3.0,2.7027027027027026,0.94,nan,nan,nan,nan,0.0,0.0,0.013621577061712742,3.0,3.191489361702128,
EN_024_39__ES_024_39,test,true,15,15,2.76,367.5206827397145,533.1135329183207,11.752708951665884,16.07343127303218,0.8620689655172413,75.0,0.04594654589891434,7.0,2.536231884057971,2.74,122.32380883957899,12.929091134660165,3.4000422849992176,1.7111266888966887,0.5116279069767442,44.0,0.03588487207889557,5.0,1.824817518248175,
EN_024_3__ES_024_3,test,true,15,15,2.29,134.61246224995855,32.667279674985245,4.635496830453763,4.201619522466337,0.7638888888888888,55.0,0.0569562166929245,8.0,3.493449781659389,2.0,140.545370816702,31.06614443836211,5.469340530613253,3.827391516859786,0.9047619047619048,57.0,0.043739937245845795,5.0,2.5,
EN_024_40__ES_024_40,test,true,15,15,4.72,109.59627813507795,12.159323589976632,1.4898919090593687,1.7890199715458979,0.8986486486486487,133.0,0.030626796185970306,22.0,4.661016949152542,4.59,112.34235307789467,18.711843675614908,1.7934246379403946,2.721826327980641,0.9444444444444444,136.0,0.024406595155596733,14.0,3.0501089324618738,
EN_024_41__ES_024_41,test,true,15,15,3.52,115.39239965680629,10.029450929147835,2.4125422849992177,1.5166609432126439,0.43243243243243246,48.0,0.02642473578453064,10.0,2.840909090909091,4.04,108.84005580118667,14.917152836823552,1.2994928344497676,2.425159952870159,0.7165354330708661,91.0,0.025890588760375977,6.0,1.4851485148514851,
EN_024_42__ES_024_42,train,true,24,24,1.8,131.88172631618625,11.15754400871668,4.7269653619222955,1.5005061604913803,0.6842105263157895,39.0,0.03411290794610977,4.0,2.2222222222222223,2.05,120.98160256266685,7.734582589570188,3.2632498321690284,1.0794893509483847,0.8153846153846154,53.0,0.014834783039987087,4.0,1.9512195121951221,
EN_024_43__ES_024_43,test,true,15,15,3.14,178.10241513904725,36.539626303739944,9.622194183733393,3.6049521743649278,0.797979797979798,79.0,0.07246000319719315,9.0,2.8662420382165603,2.98,156.81349877800835,37.351821811699665,7.33068744628954,3.917846074482356,0.9893617021276596,93.0,0.049466390162706375,11.0,3.691275167785235,
EN_024_44__ES_024_44,test,true,15,15,3.15,134.68176545557407,24.04450183203258,4.85937561833255,3.25351802754427,0.7575757575757576,75.0,0.03613896295428276,14.0,4.444444444444445,3.83,130.42777057754893,28.233155909236682,4.160458951665885,3.975248398073872,0.8,96.0,0.028039177879691124,11.0,2.8720626631853787,
EN_024_45__ES_024_45,test,true,15,15,3.78,142.91044737680912,20.92469948178704,5.9859397208966545,2.638422914670825,0.6554621848739496,78.0,0.039035577327013016,18.0,4.761904761904762,4.04,133.60267468838967,25.524766894537734,4.646372560228577,3.729572536332054,0.8582677165354331,109.0,0.03572927787899971,12.0,2.9702970297029703,
EN_024_46__ES_024_46,train,true,24,24,2.98,141.61763990696247,17.431133546686365,5.88754228499922,2.1963629974725647,0.5106382978723404,48.0,0.03221934288740158,12.0,4.026845637583893,3.25,127.02668131617239,11.229466441870063,4.0759682109251445,1.4958195059943005,0.2647058823529412,27.0,0.015922773629426956,12.0,3.6923076923076925,
EN_024_47__ES_024_47,test,true,15,15,1.55,115.8915904450803,30.600877265840936,2.0237264955255334,4.1508834957167675,0.7755102040816326,38.0,0.04457346349954605,5.0,3.225806451612903,1.71,128.8001893341503,34.826472358851504,3.794228331510846,4.424261984209521,0.7962962962962963,43.0,0.0682695284485817,4.0,2.3391812865497075,
EN_024_48__ES_024_48,train,true,24,24,2.12,128.9126465693048,15.628627872497917,4.276358074472903,2.0138578074675633,0.2835820895522388,19.0,0.021263936534523964,10.0,4.716981132075471,2.07,131.1295903271102,11.17418769611578,4.627820062776995,1.4985383825416747,0.5538461538461539,36.0,0.014888575300574303,7.0,3.381642512077295,
EN_024_4__ES_024_4,test,true,15,15,2.46,115.03940599084572,25.69814435891856,2.002542284999218,3.8122819609782272,0.5194805194805194,40.0,0.025961516425013542,11.0,4.471544715447155,3.1,117.37370099783026,22.566744976292288,2.4657049356016283,3.243658574270164,0.8556701030927835,83.0,0.02686769887804985,11.0,3.5483870967741935,
EN_024_5__ES_024_5,train,true,24,24,2.17,157.76587921148322,16.448633145557565,7.801827999284932,1.7694824779567386,0.8235294117647058,56.0,0.041439563035964966,7.0,3.2258064516129035,1.78,154.74592909373283,26.520705070713245,7.32115339611033,2.8236794138320245,0.8035714285714286,45.0,0.020127618685364723,5.0,2.8089887640449436,
EN_024_6__ES_024_6,train,true,24,24,1.83,121.67405636219333,8.526020106519763,3.3533756183325503,1.2216064105194526,0.5172413793103449,30.0,0.016121141612529755,7.0,3.8251366120218577,2.84,107.05155016307236,9.046672010055188,1.1167089516658848,1.4837390206776526,0.30337078651685395,27.0,0.004654189106076956,7.0,2.4647887323943665,
EN_024_7__ES_024_7,train,true,24,24,2.96,137.84351202272572,20.053157363314956,5.37341890837584,2.518652293913424,0.8279569892473119,77.0,0.03737828880548477,12.0,4.054054054054054,2.87,138.12474192907882,14.55244857319296,5.495247764451273,1.8288435672289287,0.8111111111111111,73.0,0.015230672433972359,10.0,3.484320557491289,
EN_024_8__ES_024_8,train,true,24,24,2.24,119.2319046393686,9.971462201428901,2.983940590083964,1.4614376680018735,0.8309859154929577,59.0,0.02098892070353031,6.0,2.6785714285714284,2.5,315.798741985149,276.81643810624746,13.425042284999218,14.440598152431221,0.759493670886076,60.0,0.007229690905660391,5.0,2.0,
EN_024_9__ES_024_9,train,true,24,24,1.9,125.66749583894871,9.678256677017059,3.904390111086175,1.3261101209666022,0.7666666666666667,46.0,0.02174246311187744,8.0,4.2105263157894735,1.56,118.76142053090003,8.247882080321007,2.934417284999218,1.2158097545977338,0.6530612244897959,32.0,0.0069650160148739815,7.0,4.487179487179487,
EN_025_10__ES_025_10,train,true,25,25,3.4,108.89923385196916,10.467300289804509,1.400042284999218,1.6013593762337839,0.5046728971962616,54.0,0.010693913325667381,11.0,3.235294117647059,3.27,103.83042290902432,8.104147621295825,0.5983181470681833,1.3456496161398628,0.8446601941747572,87.0,0.011663242243230343,9.0,2.7522935779816513,
EN_025_11__ES_025_11,train,true,25,25,2.59,96.78831358313806,8.867558841458674,-0.6413862864293534,1.6475733547201095,0.43209876543209874,35.0,0.008859079331159592,6.0,2.316602316602317,2.37,108.3791805314088,27.293418850057904,0.9538158699048782,3.695533370453098,0.7066666666666667,53.0,0.008201989345252514,6.0,2.531645569620253,
EN_025_12__ES_025_12,train,true,25,25,3.96,104.64793394849261,17.46228679136283,0.6090784295775309,2.2987181417214058,0.6693548387096774,83.0,0.01255694031715393,11.0,2.7777777777777777,4.43,97.43670382280371,5.630649704688283,-0.47714218102019973,0.9678516068915618,0.7410071942446043,103.0,0.008252639323472977,12.0,2.708803611738149,
EN_025_13__ES_025_13,train,true,25,25,1.71,108.95989052322659,7.663270545831891,1.4433756183325508,1.2043255373859676,0.8333333333333334,45.0,0.01644601859152317,8.0,4.678362573099415,2.44,104.76271405048058,8.282905106696719,0.7545877395446722,1.3089935780315445,0.8571428571428571,66.0,0.008814658969640732,9.0,3.6885245901639343,
EN_025_14__ES_025_14,train,true,25,25,3.41,97.47494940390247,9.18633288784047,-0.5099577150007818,1.4765331015591896,0.7476635514018691,80.0,0.007933665066957474,11.0,3.225806451612903,4.35,93.72193995886833,5.185079493181157,-1.147957715000782,0.9302666284458446,0.7352941176470589,100.0,0.008096269331872463,14.0,3.218390804597701,
EN_025_15__ES_025_15,train,true,25,25,3.67,140.12619313509214,58.33248614933344,4.4890253358466765,6.636749688171277,0.5130434782608696,59.0,0.007117840461432934,10.0,2.7247956403269757,4.69,100.31961842851854,9.550392505790253,-0.014663597353723154,1.51476698905867,0.5782312925170068,85.0,0.0058894166722893715,11.0,2.3454157782515987,
EN_025_16__ES_025_16,train,true,2,2,0.9,nan,nan,nan,nan,0.0,0.0,0.006236332468688488,1.0,1.1111111111111112,1.31,219.50234532095917,28.12948717589166,13.48337561833255,2.0439612955674527,0.6585365853658537,27.0,0.005311458371579647,2.0,1.5267175572519083,
EN_025_17__ES_025_17,train,true,25,25,2.5,108.05371392586521,17.615168437414948,1.1202550509566647,2.7475261517828447,0.5949367088607594,47.0,0.00918127503246069,8.0,3.2,2.34,106.01896439171942,16.018174398489595,0.8387519624185725,2.3708651502930507,0.8378378378378378,62.0,0.008059273473918438,6.0,2.5641025641025643,
EN_025_18__ES_025_18,train,true,25,25,3.34,101.27167037245556,9.963217180681221,0.14629228499921781,1.5290882700158284,0.7619047619047619,80.0,0.007535840850323439,10.0,2.9940119760479043,2.51,101.01137380878951,12.501739754865643,0.0625422849992181,1.8881161613864994,0.9113924050632911,72.0,0.010334568098187447,6.0,2.3904382470119523,
EN_025_19__ES_025_19,train,true,25,25,1.57,97.78825479213299,11.634800989217142,-0.4966243816674488,1.8936854132733993,0.9,45.0,0.005332758650183678,5.0,3.184713375796178,1.395,90.47179081421676,8.931627244862858,-1.824957715000782,1.8158828584343083,0.8181818181818182,36.0,0.008001686073839664,4.0,2.867383512544803,
EN_025_1__ES_025_1,train,true,2,2,3.61,197.25775668782657,30.587948790963523,11.489282791328328,3.306702733460201,0.6991150442477876,79.0,0.010036514140665531,11.0,3.0470914127423825,4.26,221.18198740611996,21.94250474248642,13.659657669614603,1.6866283635366717,0.7761194029850746,104.0,0.007812745869159698,10.0,2.347417840375587,
EN_025_20__ES_025_20,train,true,25,25,3.05,117.92246766050964,11.290709553969533,2.773119208076141,1.6831687970049367,0.40625,39.0,0.01582319661974907,6.0,1.9672131147540985,3.36,104.43893618244132,7.220403253021332,0.7118604668173997,1.1689141673273158,0.5188679245283019,55.0,0.011168044991791248,6.0,1.7857142857142858,
EN_025_21__ES_025_21,train,true,2,2,2.02,205.06624801617167,7.794469574820294,12.420630520293336,0.6559812639741484,0.265625,17.0,0.010034751147031784,4.0,1.9801980198019802,2.0,216.99638014714273,18.27955659804783,13.353490560861287,1.407488043342536,0.4603174603174603,29.0,0.013355967588722706,5.0,2.5,
EN_025_22__ES_025_22,train,true,25,25,2.68,1780.5096199442728,14.544618344932028,49.85004228499921,0.141421356237309,0.047619047619047616,4.0,0.008851420134305954,5.0,1.8656716417910446,3.26,99.87018268666877,8.593471315420832,-0.08525183264784089,1.466464807331519,0.16666666666666666,17.0,0.005439861677587032,4.0,1.2269938650306749,
EN_025_23__ES_025_23,train,true,2,2,1.41,450.5583308992815,153.88827176036435,24.950042284999217,6.384103241141105,0.6888888888888889,31.0,0.026906130835413933,5.0,3.546099290780142,1.78,374.3142376277619,116.21632695342755,21.954390111086177,5.671513735585064,0.8214285714285714,46.0,0.016691606491804123,5.0,2.8089887640449436,
EN_025_24__ES_025_24,train,true,25,25,2.41,111.92399998275947,11.386706954177829,1.8598462065678454,1.7740233327334396,0.6710526315789473,51.0,0.008970988914370537,7.0,2.904564315352697,1.87,110.29409159245287,11.890457795761963,1.5975422849992176,1.8406503606062727,0.6779661016949152,40.0,0.011453439481556416,4.0,2.13903743315508,
EN_025_25__ES_025_25,train,true,2,2,1.64,202.29153841043538,22.114291502853508,12.11254228499922,1.6335831016510913,0.9230769230769231,48.0,0.009973200038075447,7.0,4.2682926829268295,2.01,215.17165647580424,13.421152225571726,13.23239522617569,1.075157240183407,0.8095238095238095,51.0,0.011889505200088024,8.0,3.9800995024875627,
EN_025_26__ES_025_26,train,true,25,25,4.44,101.4597336818008,7.289171937689085,0.20965766961460236,1.1737119970721124,0.7482014388489209,104.0,0.007837770506739616,12.0,2.7027027027027026,4.13,105.24429690722882,13.463222877675902,0.7601263186126632,2.02124826054433,0.9153846153846154,119.0,0.008511706255376339,12.0,2.9055690072639226,
EN_025_27__ES_025_27,train,true,25,25,2.09,103.55595884623575,10.030464051398408,0.5265128732345121,1.6333039095341855,0.5151515151515151,34.0,0.010052070021629333,6.0,2.870813397129187,1.92,106.53834939342175,9.23654137886759,1.0322645072214405,1.4865753169077935,0.7377049180327869,45.0,0.011731944978237152,5.0,2.604166666666667,
EN_025_28__ES_025_28,train,true,2,2,0.83,199.76923387224087,10.831021500441079,11.955042284999218,0.9254593454063771,0.7692307692307693,20.0,0.013387336395680904,3.0,3.6144578313253013,0.93,208.62596834524598,18.333267008362224,12.667433589347045,1.4669258521058788,0.7666666666666667,23.0,0.007840207777917385,3.0,3.225806451612903,
EN_025_29__ES_025_29,train,true,25,25,5.12,105.96052524797302,11.383377106713546,0.8951242522123328,1.969817435953468,0.7577639751552795,122.0,0.008712542243301868,17.0,3.3203125,4.58,101.71337369483933,7.667457471543296,0.2451403242149042,1.3024394495714866,0.7083333333333334,102.0,0.00861385278403759,16.0,3.493449781659389,
EN_025_2__ES_025_2,train,true,25,25,6.73,99.9458970545914,10.56740852576235,-0.11490616860902972,1.9580677008352674,0.4597156398104265,97.0,0.005814332980662584,19.0,2.8231797919762256,5.15,104.65503924054703,9.308676359226997,0.7225613689686836,1.4851968505051125,0.8136645962732919,131.0,0.006963486783206463,12.0,2.3300970873786406,
EN_025_30__ES_025_30,train,true,25,25,4.53,98.94519829855858,8.853703517700025,-0.2435940786371456,1.3920081813191705,0.7746478873239436,110.0,0.0072730183601379395,17.0,3.7527593818984544,4.55,99.34928759400499,6.504524200748734,-0.1499577150007821,1.1301074538037776,0.8811188811188811,126.0,0.008255161345005035,17.0,3.7362637362637363,
EN_025_31__ES_025_31,train,true,25,25,3.42,99.79754926835321,7.3906591357740234,-0.08329104833411563,1.298888413648806,0.8411214953271028,90.0,0.011239618994295597,10.0,2.9239766081871346,2.35,101.08972075631121,6.251072058240166,0.15458773954467275,1.0696121951127353,0.8918918918918919,66.0,0.013164175674319267,9.0,3.829787234042553,
EN_025_32__ES_025_32,train,true,25,25,3.62,98.68052717463479,7.933965472044251,-0.28289889147137026,1.3386901618675504,0.7456140350877193,85.0,0.007074312306940556,9.0,2.4861878453038675,2.98,96.36175086210869,5.214833313310626,-0.6660867472588463,0.9126695244008267,0.6595744680851063,62.0,0.010341581888496876,8.0,2.684563758389262,
EN_025_33__ES_025_33,train,true,25,25,3.9,110.53557931611559,19.24870570679681,1.489172719781827,2.8636258252510465,0.5655737704918032,69.0,0.006679031532257795,11.0,2.8205128205128207,5.14,105.89131629652042,13.785088964832028,0.8530125820289212,2.1590452347856,0.6273291925465838,101.0,0.007123621180653572,10.0,1.945525291828794,
EN_025_34__ES_025_34,train,true,2,2,0.76,229.79897777465078,25.34566958279546,14.30337561833255,1.852517806182231,0.625,15.0,0.006428288761526346,1.0,1.3157894736842106,0.88,238.62670695274392,57.37002752151188,14.661153396110329,3.501727968508133,0.6428571428571429,18.0,0.0062287854962050915,1.0,1.1363636363636365,
EN_025_35__ES_025_35,train,true,25,25,3.61,99.60163225765297,18.6465025209054,-0.30207039105712,2.6605548057929664,0.6283185840707964,71.0,0.007959053851664066,18.0,4.986149584487535,3.85,96.27127005946758,6.931327400576389,-0.6994082644513314,1.182600378043255,0.7520661157024794,91.0,0.009062990546226501,17.0,4.415584415584416,
EN_025_36__ES_025_36,train,true,2,2,0.72,200.29932874374694,6.642366398548942,12.016708951665885,0.55876848714134,0.2608695652173913,6.0,0.0037803456652909517,1.0,1.3888888888888888,0.65,nan,nan,nan,nan,0.0,0.0,0.0056248558685183525,1.0,1.5384615384615383,
EN_025_37__ES_025_37,train,true,25,25,1.07,108.1811055135166,14.658351188990089,1.2091331940901269,2.270894715727119,0.6470588235294118,22.0,0.010562165640294552,6.0,5.607476635514018,1.24,113.7075582379808,12.43290329735896,2.1167089516658844,1.943870489161374,1.0,39.0,0.010503078810870647,5.0,4.032258064516129,
EN_025_38__ES_025_38,train,true,25,25,2.42,96.99738707604902,5.611055549565459,-0.556479454131217,0.9948568116137954,0.6052631578947368,46.0,0.004900040104985237,6.0,2.479338842975207,2.05,96.12056091013866,5.3526588444985626,-0.7117224208831354,0.9613148795154763,0.5230769230769231,34.0,0.005493559408932924,5.0,2.439024390243903,
EN_025_39__ES_025_39,train,true,2,2,1.09,259.9998990307202,47.373706397198056,16.250042284999218,3.2013885876114583,0.7714285714285715,27.0,0.009410633705556393,3.0,2.7522935779816513,0.95,253.2591909203854,63.5957919976817,15.646042284999218,3.72617551921538,0.8333333333333334,25.0,0.009005110710859299,4.0,4.2105263157894735,
EN_025_3__ES_025_3,train,true,25,25,2.615,101.99090218055532,11.397511216830324,0.24111371357064648,1.8398638134494674,0.6829268292682927,56.0,0.006891248282045126,8.0,3.0592734225621414,2.95,102.88792393602894,9.044597741528781,0.4216840760439941,1.597928320189133,0.7204301075268817,67.0,0.008554346859455109,9.0,3.0508474576271185,
EN_025_40__ES_025_40,train,true,25,25,3.77,125.32474363716574,15.232288023322996,3.7850422849992187,2.0450611237809,0.3389830508474576,40.0,0.007549972273409367,9.0,2.387267904509284,3.48,102.67138301134962,13.957891032231029,0.26467643134068175,2.7014053231252873,0.7522935779816514,82.0,0.006172726396471262,8.0,2.2988505747126435,
EN_025_41__ES_025_41,train,true,2,2,0.99,nan,nan,nan,nan,0.0,0.0,0.0049111987464129925,1.0,1.0101010101010102,0.9,nan,nan,nan,nan,0.0,0.0,0.00448655616492033,1.0,1.1111111111111112,
EN_025_42__ES_025_42,train,true,25,25,3.3,112.48693020947816,21.934368519456186,1.7132775791168644,3.348920124974647,0.6538461538461539,68.0,0.012807909399271011,12.0,3.6363636363636367,3.8,117.21813290262511,12.120539133578607,2.658261463081409,1.7851559484202346,0.6134453781512605,73.0,0.008579584769904613,8.0,2.1052631578947367,
EN_025_43__ES_025_43,train,true,25,25,3.51,105.9125230682897,12.383374848652258,0.8755741998928348,2.03412044718652,0.42727272727272725,47.0,0.008208389393985271,7.0,1.9943019943019944,2.9,110.92465329185781,13.434381411446404,1.680042284999218,1.9484609310940777,0.5494505494505495,50.0,0.010566904209554195,7.0,2.413793103448276,
EN_025_44__ES_025_44,train,true,25,25,6.01,109.0460320155434,21.65276309206048,1.212442284999218,3.0207459740931544,0.6648936170212766,125.0,0.009638587012887001,22.0,3.6605657237936775,5.18,110.55936955597505,15.608190842498413,1.5762327611896942,2.330855097926155,0.5185185185185185,84.0,0.007377402391284704,17.0,3.281853281853282,
EN_025_45__ES_025_45,train,true,25,25,1.75,102.51837068779841,10.348075322917403,0.33867864863558217,1.8072097917521805,0.8,44.0,0.006500086281448603,9.0,5.142857142857143,2.27,106.64844748468434,10.251579246996947,1.0371390591927663,1.6215766790746056,0.8732394366197183,62.0,0.010935871861875057,7.0,3.0837004405286343,
EN_025_46__ES_025_46,train,true,2,2,1.39,212.5465213150199,26.040447832560183,12.93162123236764,2.0194912417107087,0.8636363636363636,38.0,0.009726515039801598,6.0,4.316546762589929,1.48,211.48919831790764,43.871530416886664,12.459344610580613,4.550686835637133,0.9148936170212766,43.0,0.007835157215595245,6.0,4.054054054054054,
EN_025_47__ES_025_47,train,true,25,25,6.83,100.68048233564024,11.701147861712368,0.00492033377970552,1.9599746413879944,0.38317757009345793,82.0,0.008367863483726978,18.0,2.6354319180087846,5.67,108.44868841223149,14.424494550257812,1.2586629746543903,2.220731821188886,0.651685393258427,116.0,0.007414020132273436,12.0,2.1164021164021163,
EN_025_48__ES_025_48,train,true,25,25,3.79,95.25228613880053,6.569358893239546,-0.8798546222172767,1.1203060101517741,0.8151260504201681,97.0,0.009543242864310741,17.0,4.485488126649076,3.64,95.70516559425441,7.24943741432263,-0.8074289793685984,1.269594213741173,0.7631578947368421,87.0,0.008585051633417606,16.0,4.395604395604395,
EN_025_49__ES_025_49,train,true,25,25,2.47,91.43926176669636,7.845004466328143,-1.6202279852710526,1.6110874059642715,0.47435897435897434,37.0,0.005928941071033478,11.0,4.4534412955465585,2.35,97.99097569085606,6.802777224741938,-0.392814857857925,1.1993006276429832,0.8513513513513513,63.0,0.007792515680193901,10.0,4.25531914893617,
EN_025_4__ES_025_4,train,true,25,25,1.95,100.77705410471569,10.016840393685728,0.05559784055477359,1.61318831610258,0.8852459016393442,54.0,0.007065522484481335,7.0,3.58974358974359,2.05,99.8598056385074,11.034814714766704,-0.11037438166744863,1.6417393702175211,0.7384615384615385,48.0,0.008956704288721085,7.0,3.414634146341464,
EN_025_50__ES_025_50,train,true,25,25,1.81,105.21073764869456,21.461467917815508,0.5909513759083085,2.9894753402423904,0.7719298245614035,44.0,0.007021212950348854,7.0,3.867403314917127,2.42,98.4364114248035,5.91806803511655,-0.3030189394905781,1.013601789702591,0.6447368421052632,49.0,0.0054948837496340275,10.0,4.132231404958678,
EN_025_51__ES_025_51,train,true,25,25,2.41,105.93522490577284,2.628648531769786,0.9928994278563603,0.42714046822074475,0.09210526315789473,7.0,0.005036888178437948,5.0,2.0746887966804977,2.22,100.52172872804809,7.654908710279457,0.04066728499921821,1.3034472023733834,0.45714285714285713,32.0,0.004338996484875679,6.0,2.7027027027027026,
EN_025_52__ES_025_52,train,true,2,2,3.72,225.58380165909932,38.4427613694719,13.846917284999218,2.825385413421504,0.5470085470085471,64.0,0.00927214976400137,17.0,4.569892473118279,3.54,214.2052169738504,25.86386521448106,13.074218109175042,1.9356312347082454,0.8198198198198198,91.0,0.007511340081691742,13.0,3.672316384180791,
EN_025_53__ES_025_53,train,true,25,25,2.67,108.68352872105613,15.799716156850776,1.2769653619222947,2.32801627213248,0.6190476190476191,52.0,0.006531213875859976,7.0,2.6217228464419478,2.82,118.78369961970223,14.160085526750802,2.861982583506681,2.0026491699567024,0.7528089887640449,67.0,0.004827819764614105,6.0,2.127659574468085,
EN_025_54__ES_025_54,train,true,25,25,1.43,111.27785148721843,15.443416428656075,1.6871851421420752,2.3616078922494084,0.7777777777777778,35.0,0.013036241754889488,7.0,4.895104895104895,1.44,109.93619095510319,16.070728032311955,1.4643279992849327,2.436876555539647,0.9130434782608695,42.0,0.006047029979526997,7.0,4.861111111111112,
EN_025_55__ES_025_55,train,true,2,2,1.32,224.48109316166818,28.24617022770652,13.860387112585427,2.2005242051942218,0.6904761904761905,29.0,0.016265297308564186,6.0,4.545454545454545,1.21,261.4033043602212,40.49355598329389,16.436998806738348,2.5908374251054496,0.6052631578947368,23.0,0.012224185280501842,6.0,4.958677685950414,
EN_025_56__ES_025_56,train,true,25,25,0.77,nan,nan,nan,nan,0.0,0.0,0.007308782543987036,3.0,3.896103896103896,1.01,105.90707135901609,10.896647547218734,0.9045877395446728,1.7427061695502286,0.6875,22.0,0.005108700133860111,2.0,1.9801980198019802,
EN_025_57__ES_025_57,train,true,2,2,1.465,241.51117982946974,32.14600380786524,15.107185142142079,2.3558582358051354,0.45652173913043476,21.0,0.010977966710925102,6.0,4.09556313993174,1.84,258.0981609926482,40.428076350668526,16.196470856427787,2.7708278988233745,0.4827586206896552,28.0,0.008720098994672298,5.0,2.717391304347826,
EN_025_58__ES_025_58,train,true,2,2,0.78,140.05796486148947,52.76159216569964,4.626512873234512,6.394347633723057,0.68,17.0,0.0052768755704164505,5.0,6.41025641025641,0.76,147.60963308786128,56.545451445888254,5.6167089516658875,6.025870153854223,0.75,18.0,0.007484814152121544,4.0,5.2631578947368425,
EN_025_59__ES_025_59,train,true,25,25,2.48,100.40550905649835,12.846473850506959,-0.061496176539243455,2.1039024039730996,0.6666666666666666,52.0,0.007712462916970253,8.0,3.2258064516129035,2.07,106.51097734989875,14.35560639811771,0.9418455636877426,2.2570323676991677,0.9384615384615385,61.0,0.006579045671969652,8.0,3.8647342995169085,
EN_025_5__ES_025_5,train,true,25,25,4.09,99.58233989826776,11.674901017053408,-0.17559874064180753,1.8298406752442777,0.609375,78.0,0.007534957490861416,12.0,2.93398533007335,3.32,99.92089195592631,4.891566782652924,-0.034573099616166655,0.8516207014299108,0.875,91.0,0.007888500578701496,8.0,2.4096385542168677,
EN_025_60__ES_025_60,train,true,25,25,2.14,95.57851457166755,3.9448928431565244,-0.7973261360534135,0.7029025694651172,0.5671641791044776,38.0,0.005653187166899443,4.0,1.8691588785046729,2.05,92.81433285724397,9.085372497366118,-1.3832910483341152,1.8408935028645428,0.23076923076923078,15.0,0.00289016286842525,4.0,1.9512195121951221,
EN_025_6__ES_025_6,train,true,25,25,2.41,94.60056073264086,4.558193145790762,-0.9801902731403165,0.8073888097458114,0.5657894736842105,43.0,0.005956093315035105,5.0,2.0746887966804977,2.05,98.45053007580366,8.275562740081407,-0.3379577150007822,1.5709411192021168,0.7692307692307693,50.0,0.00714939646422863,8.0,3.9024390243902443,
EN_025_7__ES_025_7,train,true,25,25,3.62,99.93965891838994,9.787315700202983,-0.09065538941938636,1.6592501743731662,0.7543859649122807,86.0,0.007045821752399206,13.0,3.591160220994475,3.82,99.86564061871638,8.345578754579355,-0.08453715425311843,1.4631359742701375,0.8916666666666667,107.0,0.00952944066375494,13.0,3.4031413612565444,
EN_025_8__ES_025_8,train,true,25,25,3.51,97.52175534053464,3.780613049605189,-0.44714081359233177,0.6590586182196189,0.6454545454545455,71.0,0.00772135192528367,11.0,3.133903133903134,3.47,95.00001663415782,7.18736297582735,-0.9350640979795054,1.2613701978074097,0.8623853211009175,94.0,0.008327683433890343,11.0,3.1700288184438037,
EN_025_9__ES_025_9,train,true,2,2,1.28,199.0664213083687,5.747627434733959,11.911947046903983,0.49133073961600393,0.5121951219512195,21.0,0.0048558213748037815,2.0,1.5625,1.18,214.8283602095364,19.67184743558097,13.167283664309561,1.559192754339342,0.7837837837837838,29.0,0.007242986466735601,2.0,1.6949152542372883,
EN_026_10__ES_026_10,train,true,26,26,3.31,105.79194414369206,12.961314774035081,0.8474781824351155,2.0895327878575842,0.75,78.0,0.005936936475336552,11.0,3.323262839879154,4.55,106.40247260593499,12.903757491768582,0.9530725880295207,2.025815937148027,0.6923076923076923,99.0,0.006752539426088333,9.0,1.978021978021978,
EN_026_11__ES_026_11,train,true,26,26,2.78,121.61860486298318,32.751498464287195,2.7893279992849322,4.505935711109632,0.6436781609195402,56.0,0.0036713487934321165,10.0,3.5971223021582737,3.03,105.4463163193219,16.29521167806033,0.7260986230273869,2.5322964464297373,0.7473684210526316,71.0,0.0036545032635331154,10.0,3.3003300330033007,
EN_026_12__ES_026_12,train,true,26,26,3.94,94.37383146272035,8.886990318642866,-1.089173401275292,1.7896300889961076,0.4112903225806452,51.0,0.004027443006634712,9.0,2.284263959390863,4.39,99.34048740782777,10.478222692988583,-0.20338237253502842,1.7217450682200168,0.5289855072463768,73.0,0.004707318730652332,9.0,2.050113895216401,
EN_026_13__ES_026_13,train,true,2,2,2.13,201.083337367582,75.06041914812869,10.333913252741153,8.593924965109442,0.4626865671641791,31.0,0.0044776746071875095,7.0,3.286384976525822,2.38,207.85217304455466,19.6836296460521,12.59379228499922,1.5645694628768219,0.64,48.0,0.005934226792305708,6.0,2.5210084033613445,
EN_026_14__ES_026_14,train,true,26,26,4.18,94.03895710129221,5.720028908318427,-1.0991380428696342,1.1311712993465957,0.46564885496183206,61.0,0.005496751982718706,10.0,2.3923444976076556,5.51,99.55865980765475,9.629869915919997,-0.1509192534623206,1.5713477307166615,0.6011560693641619,104.0,0.0068945251405239105,9.0,1.633393829401089,
EN_026_15__ES_026_15,train,true,26,26,3.9,101.68811612213267,15.570049876116236,0.09066728499921851,2.614844566962824,0.7868852459016393,96.0,0.005699807778000832,16.0,4.102564102564103,3.76,105.28451258601673,11.843423018086018,0.7881866148961251,1.864450019731314,0.8220338983050848,97.0,0.008960671722888947,16.0,4.25531914893617,
EN_026_16__ES_026_16,train,true,26,26,1.12,90.97883580646476,11.802685643962537,-1.7779577150007817,2.2008216647425116,0.6944444444444444,25.0,0.00465211970731616,5.0,4.4642857142857135,1.03,95.38393475247854,8.738195790981768,-0.8809921977594027,1.4242005496795351,0.8787878787878788,29.0,0.006880150642246008,3.0,2.912621359223301,
EN_026_17__ES_026_17,train,true,2,2,2.5,272.79397573344534,43.49032184484047,17.143097840554773,2.8621731443126723,0.9113924050632911,72.0,0.022338323295116425,14.0,5.6,2.69,313.302416702541,42.90043525914877,19.61158074653768,2.3430875296492095,0.9176470588235294,78.0,0.0343681275844574,15.0,5.5762081784386615,
EN_026_18__ES_026_18,train,true,2,2,2.35,221.16420483482233,22.3046632553286,13.656938836723358,1.692667968435458,0.7837837837837838,58.0,0.019402852281928062,9.0,3.829787234042553,3.01,227.58167302770244,30.42713439150554,14.093415778975123,2.1873785141389477,0.8736842105263158,83.0,0.026442071422934532,10.0,3.322259136212625,
EN_026_19__ES_026_19,train,true,2,2,2.06,214.06686122974537,29.43012410038897,13.033021008403473,2.161591134694501,0.7230769230769231,47.0,0.007624570280313492,8.0,3.883495145631068,2.14,160.87288893970145,44.712875643014925,7.420875618332552,5.538424803638265,0.7164179104477612,48.0,0.008476568385958672,7.0,3.2710280373831773,
EN_026_1__ES_026_1,train,true,2,2,3.04,219.93693136931338,24.85983586782376,13.543944724023607,1.830257049851369,0.8541666666666666,82.0,0.008222882635891438,12.0,3.9473684210526314,3.84,217.37340933842162,25.3688442020808,13.3368554718124,1.8574003332797884,0.7520661157024794,91.0,0.008856883272528648,13.0,3.385416666666667,
EN_026_20__ES_026_20,train,true,2,2,5.2,205.8800077746677,24.83411782273233,12.393851808808742,1.8592842355274044,0.6441717791411042,105.0,0.007830684073269367,16.0,3.0769230769230766,5.01,202.8168834073337,16.005467867698798,12.191789857814747,1.2985820700253015,0.6560509554140127,103.0,0.012926039285957813,18.0,3.5928143712574854,
EN_026_21__ES_026_21,train,true,26,26,4.23,110.1230305172303,10.033709066228074,1.599599807123112,1.5443945970735475,0.849624060150376,113.0,0.0049490188248455524,12.0,2.836879432624113,4.89,109.44542760766171,10.679331576997324,1.48482489369487,1.6226142877018135,0.7516339869281046,115.0,0.009399124421179295,13.0,2.658486707566462,
EN_026_22__ES_026_22,train,true,2,2,4.82,213.67794550724656,38.51031062999235,12.82604228499922,3.4847875114560427,0.8278145695364238,125.0,0.009996650740504265,13.0,2.697095435684647,4.26,232.4047376818577,47.51995445099772,14.273465708422638,3.283262356802375,0.8283582089552238,111.0,0.018503189086914062,12.0,2.8169014084507045,
EN_026_23__ES_026_23,train,true,2,2,3.22,214.6363449904964,35.415792933893606,12.943375618332551,3.2728920272783557,0.7425742574257426,75.0,0.009527675807476044,7.0,2.1739130434782608,3.06,226.06473159736143,20.93834000153641,14.045988230945165,1.6137449469587553,0.7708333333333334,74.0,0.01990642584860325,6.0,1.9607843137254901,
EN_026_24__ES_026_24,train,true,2,2,1.89,244.20044629169715,47.52498634398793,15.150042284999218,3.207225638506947,0.9,54.0,0.009555828757584095,8.0,4.2328042328042335,2.12,237.71056849529245,33.846202195174925,14.823176613357427,2.381808048305073,1.0,67.0,0.026829279959201813,9.0,4.245283018867925,
EN_026_25__ES_026_25,train,true,2,2,2.91,262.4923916263457,41.04092508069779,16.50629228499922,2.607254003257066,0.7032967032967034,64.0,0.029682500287890434,13.0,4.4673539518900345,3.0,287.3169621031466,49.56483214527291,18.000675196391622,3.1077637944275653,0.8404255319148937,79.0,0.03321273252367973,12.0,4.0,
EN_026_26__ES_026_26,train,true,26,26,3.39,103.5241493907456,15.18860297876148,0.426604784999218,2.411479200323683,0.6037735849056604,64.0,0.008129161782562733,14.0,4.129793510324483,3.91,101.90550849346724,10.21640193238252,0.23827757911686487,1.7697509583104054,0.4146341463414634,51.0,0.011139877140522003,9.0,2.3017902813299234,
EN_026_27__ES_026_27,train,true,26,26,3.42,117.35090146017104,21.059380316342033,2.502281090969367,3.0166878253324496,0.6261682242990654,67.0,0.004841959569603205,8.0,2.3391812865497075,4.2,109.53751711902783,17.186780918214218,1.395875618332551,2.410217688416454,0.5454545454545454,72.0,0.00698124710470438,9.0,2.142857142857143,
EN_026_28__ES_026_28,train,true,26,26,1.46,120.03069623859207,15.946644097132907,3.007937021841323,2.3089792206841633,0.8260869565217391,38.0,0.004933586344122887,5.0,3.4246575342465753,1.8,127.0029194993153,35.72363652256061,3.5905828255397587,4.152853754035954,0.6491228070175439,37.0,0.009361174888908863,6.0,3.333333333333333,
EN_026_29__ES_026_29,train,true,26,26,3.9,106.95274506721267,4.074181347134385,1.1511175538164224,0.6596666841061108,0.7622950819672131,93.0,0.00659090606495738,17.0,4.3589743589743595,3.71,101.93891474202543,8.67158258091794,0.2698621048190378,1.472622213519584,0.9568965517241379,111.0,0.007964162155985832,14.0,3.7735849056603774,
EN_026_2__ES_026_2,train,true,2,2,3.42,222.30303275715428,15.91479901605444,13.785756570713502,1.2439035004241072,0.5233644859813084,56.0,0.008466836996376514,10.0,2.9239766081871346,4.57,222.1698223069856,25.52728240993751,13.713200179736061,1.892091720909007,0.6643356643356644,95.0,0.010272042825818062,10.0,2.1881838074398248,
EN_026_30__ES_026_30,train,true,26,26,3.16,106.18044223181563,12.786535163304709,0.9095928467969704,2.1280216640108915,0.898989898989899,89.0,0.01035502552986145,13.0,4.113924050632911,3.29,110.05617955138658,10.359391158385616,1.5806305202933355,1.654443110814154,0.8252427184466019,85.0,0.010222445242106915,14.0,4.25531914893617,
EN_026_31__ES_026_31,train,true,26,26,1.75,120.25899449723333,19.550619404037867,2.9687922849992177,2.783781619338461,0.8727272727272727,48.0,0.007418672554194927,7.0,4.0,2.07,116.12328836662404,16.1839039337141,2.4121112505164595,2.4976421699348488,0.8923076923076924,58.0,0.009249339811503887,8.0,3.8647342995169085,
EN_026_32__ES_026_32,train,true,2,2,0.58,266.8514197408616,51.07356178631385,16.69004228499922,3.2016245876117324,0.5263157894736842,10.0,0.005226371344178915,1.0,1.7241379310344829,0.74,216.440794807506,16.091950861025552,13.325042284999219,1.1804836579413822,0.5,12.0,0.008304452523589134,1.0,1.3513513513513513,
EN_026_33__ES_026_33,train,true,26,26,1.14,120.14492902097754,16.496462480674072,3.012542284999218,2.395144828606404,0.8888888888888888,32.0,0.004900524392724037,3.0,2.6315789473684212,1.08,100.48277211229977,5.859578957393115,0.05420895166588502,1.0026960185198486,0.7058823529411765,24.0,0.009498028084635735,4.0,3.7037037037037033,
EN_026_34__ES_026_34,train,true,26,26,3.48,100.99975400078654,8.924673997185046,0.10718514214207493,1.486580474466271,0.8348623853211009,91.0,0.006879251450300217,15.0,4.310344827586207,3.76,107.05309953844841,13.620086308012056,1.0478917473648097,2.1071296531509125,0.788135593220339,93.0,0.009318395517766476,13.0,3.4574468085106385,
EN_026_35__ES_026_35,train,true,2,2,1.13,224.73616122464713,21.142753441609702,13.950042284999219,1.5013327412669053,0.5555555555555556,20.0,0.004902362357825041,5.0,4.424778761061948,1.12,197.97814224110257,5.843794077428242,11.816708951665886,0.5030462757595524,0.6666666666666666,24.0,0.005838674493134022,3.0,2.6785714285714284,
EN_026_36__ES_026_36,train,true,26,26,2.82,115.44973358116022,14.50615629247416,2.352673863946586,2.1505185227980497,0.8539325842696629,76.0,0.010692295618355274,12.0,4.25531914893617,2.92,116.50177763899599,19.17725412564616,2.4343279992849327,2.6277984111791985,0.7608695652173914,70.0,0.010260756127536297,11.0,3.767123287671233,
EN_026_37__ES_026_37,train,true,26,26,2.48,94.92070821714186,16.53097485418352,-1.1959036609467284,3.283093020440015,0.47435897435897434,37.0,0.005226978100836277,9.0,3.629032258064516,2.38,94.28418313794928,3.6980240516992864,-1.032457715000782,0.6866176155619653,0.5333333333333333,40.0,0.0063735065050423145,7.0,2.9411764705882355,
EN_026_38__ES_026_38,train,true,26,26,1.33,111.84426987096744,27.031456388539368,1.5417089516658846,3.486033642344198,0.8571428571428571,36.0,0.007717709522694349,6.0,4.511278195488722,1.77,103.9128347514118,8.74157467413291,0.6028724736784636,1.465013848036154,0.9464285714285714,53.0,0.008381178602576256,7.0,3.9548022598870056,
EN_026_39__ES_026_39,train,true,26,26,1.5,97.4752845868723,4.727891503984276,-0.4632910483341151,0.8468503737706887,0.6382978723404256,30.0,0.008096395991742611,7.0,4.666666666666667,1.33,103.40823443005226,7.536701079155949,0.5338260687830017,1.270776207468004,0.8809523809523809,37.0,0.007630889769643545,4.0,3.007518796992481,
EN_026_3__ES_026_3,train,true,2,2,2.74,219.38428964574797,36.489515262468025,13.398143550822002,2.5484103140949923,0.9186046511627907,79.0,0.010985074564814568,13.0,4.744525547445255,3.11,204.24232985594875,45.70036633917547,11.85248130938946,4.43643384608316,0.8367346938775511,82.0,0.009377825073897839,14.0,4.501607717041801,
EN_026_40__ES_026_40,train,true,26,26,1.43,111.51742990456258,8.408360930394085,1.8375422849992173,1.3150768355245763,0.5333333333333333,24.0,0.005526456516236067,8.0,5.594405594405595,2.13,109.49804592753141,18.580386082749726,1.2931457332750798,3.2030218527662995,0.8656716417910447,58.0,0.008156146854162216,7.0,3.286384976525822,
EN_026_41__ES_026_41,train,true,26,26,4.31,99.89947937150286,12.171067241188936,-0.13713720218026926,2.0022012869402954,0.5777777777777777,78.0,0.004111532121896744,6.0,1.3921113689095128,4.45,92.01313030065309,5.091703039404679,-1.4662842456130267,0.9236897921668664,0.35,49.0,0.0041084750555455685,5.0,1.1235955056179774,
EN_026_42__ES_026_42,train,true,26,26,2.86,91.9809101610468,10.118917736361379,-1.5499577150007813,1.8789100644530672,0.36666666666666664,33.0,0.004437561146914959,8.0,2.7972027972027975,4.26,99.59377334164228,15.452358088465877,-0.2513275780144806,2.4166371489689333,0.5447761194029851,73.0,0.003918503876775503,12.0,2.8169014084507045,
EN_026_43__ES_026_43,train,true,2,2,2.38,218.85729617163332,29.790981081430836,13.40974377753653,2.243601828450102,0.8933333333333333,67.0,0.005637044552713633,8.0,3.361344537815126,2.21,226.96802377197014,25.471844401505393,14.080924637940393,1.9417440123993122,0.9714285714285714,68.0,0.013387760147452354,6.0,2.7149321266968327,
EN_026_44__ES_026_44,train,true,26,26,2.07,104.75087233858198,14.914558743491751,0.6421475481571131,2.315438071424904,0.5846153846153846,38.0,0.0066526709124445915,8.0,3.8647342995169085,2.09,105.86442827356682,18.631322670511874,0.7474781824351151,2.796654336284713,0.5909090909090909,39.0,0.01155988872051239,7.0,3.349282296650718,
EN_026_45__ES_026_45,train,true,26,26,4.22,103.55496305261276,13.712391018905407,0.4678640671774354,2.1246034476632496,0.7651515151515151,101.0,0.007914216257631779,21.0,4.976303317535545,3.94,101.13902304978781,11.65507808899644,0.0896027245596574,1.8846913129868665,0.7338709677419355,91.0,0.006766878999769688,15.0,3.8071065989847717,
EN_026_46__ES_026_46,train,true,26,26,3.76,109.5672731796953,13.45760955162815,1.4510839516658844,2.1350007216854103,0.8135593220338984,96.0,0.01174596231430769,12.0,3.191489361702128,4.22,113.7353790395011,13.065467668079185,2.1160973308707773,1.9672185078227609,0.8257575757575758,109.0,0.012044760398566723,15.0,3.5545023696682465,
EN_026_47__ES_026_47,train,true,26,26,3.14,101.48557325891717,14.210745587668715,0.060568600788692,2.6978018479330514,0.5757575757575758,57.0,0.007233066484332085,11.0,3.503184713375796,4.18,102.65938267449528,18.624624288025103,0.2329370218413231,2.6046208006609057,0.5801526717557252,76.0,0.009103667922317982,12.0,2.870813397129187,
EN_026_48__ES_026_48,train,true,26,26,2.49,103.26779674845875,16.206387320161372,0.3638353884474936,2.5335982505371386,0.7435897435897436,58.0,0.005398098845034838,8.0,3.2128514056224895,2.08,97.1569704026835,5.779018707245699,-0.5290274824426421,1.0066195187843425,0.6515151515151515,43.0,0.010637467727065086,8.0,3.846153846153846,
EN_026_4__ES_026_4,train,true,2,2,1.62,215.40564711503865,20.256291902905474,13.212832982673637,1.5532446543260783,0.8431372549019608,43.0,0.007020870223641396,7.0,4.320987654320987,2.04,204.93062414563744,12.330937300624969,12.39004228499922,1.0478723031153954,0.859375,55.0,0.014624783769249916,5.0,2.450980392156863,
EN_026_5__ES_026_5,train,true,2,2,2.61,189.53806481431982,42.150284163312655,10.605042284999218,4.102739938138901,0.4878048780487805,40.0,0.007073902525007725,6.0,2.298850574712644,2.48,216.21106373631756,25.631856589902153,13.234890769847704,1.9603062859203702,0.8461538461538461,66.0,0.01579529605805874,9.0,3.629032258064516,
EN_026_6__ES_026_6,train,true,26,26,2.17,105.55765127364829,15.314260356041736,0.7737264955255336,2.30781671835962,0.5588235294117647,38.0,0.005138203967362642,4.0,1.8433179723502304,2.92,114.29446020332661,22.959026200415526,2.0471851421420757,2.832312100870011,0.3804347826086957,35.0,0.005542846396565437,4.0,1.36986301369863,
EN_026_7__ES_026_7,train,true,26,26,3.03,92.23755416051519,4.3502579641386045,-1.4182503979276109,0.8203030446538714,0.43157894736842106,41.0,0.0041673267260193825,13.0,4.29042904290429,3.83,104.18040122281491,24.434893709756896,0.3573339516658846,3.2497193722326068,0.8,96.0,0.005590391345322132,10.0,2.6109660574412534,
EN_026_8__ES_026_8,train,true,26,26,4.17,100.80514104661803,9.477677959815816,0.06822410318103597,1.5370418681076603,0.7557251908396947,99.0,0.004677333869040012,17.0,4.07673860911271,4.25,99.72739757835014,6.989432174685558,-0.08360257481386607,1.08109877692292,0.8045112781954887,107.0,0.007170637603849173,16.0,3.764705882352941,
EN_026_9__ES_026_9,train,true,26,26,3.21,103.11838070207713,7.539756759811152,0.48627416905718895,1.247603036840698,0.6831683168316832,69.0,0.00598202645778656,16.0,4.984423676012461,5.04,100.16872075065871,9.605146198245727,-0.047302847744145324,1.6122023729987678,0.7151898734177216,113.0,0.009099702350795269,15.0,2.9761904761904763,
EN_027_10__ES_027_10,test,true,27,27,2.12,122.61267056364234,13.6999599277654,3.4178994278563612,1.980269384890524,0.835820895522388,56.0,0.007665058597922325,6.0,2.830188679245283,2.06,119.12509255428662,12.944046656637786,2.9282241031810363,1.8722558983109998,0.8461538461538461,55.0,0.010245663113892078,4.0,1.941747572815534,
EN_027_11__ES_027_11,test,true,27,27,3.95,102.23771888441149,6.826560411680915,0.34615878985358656,1.1201527574482206,0.8306451612903226,103.0,0.004698494914919138,11.0,2.7848101265822782,3.65,99.76121617168393,5.272878574761699,-0.06408814978339103,0.8733470750060082,0.8,92.0,0.006617225240916014,11.0,3.0136986301369864,
EN_027_12__ES_027_12,test,true,27,27,2.71,100.9952006262946,6.908095521858471,0.13158074653767962,1.1705215547178836,0.7647058823529411,65.0,0.003963799681514502,9.0,3.321033210332103,2.07,104.10801804766267,11.164299743297907,0.6103597453166782,1.6788639093753472,0.9692307692307692,63.0,0.008168099448084831,5.0,2.4154589371980677,
EN_027_13__ES_027_13,test,true,27,27,1.57,101.06973054971438,10.04713567750802,0.09869093364786692,1.7321478030720596,0.74,37.0,0.004364470485597849,3.0,1.910828025477707,1.37,102.23966411453907,6.15100673033194,0.35274498770192,1.0262728383043878,0.8604651162790697,37.0,0.010732985101640224,4.0,2.9197080291970803,
EN_027_14__ES_027_14,test,true,27,27,1.99,95.3504638215692,4.336033083437817,-0.8417944496946593,0.7753436985592,0.7777777777777778,49.0,0.004791088867932558,6.0,3.0150753768844223,2.16,96.46606801714152,2.5677684865637826,-0.6289050834218347,0.45489032497540843,0.8382352941176471,57.0,0.007336605340242386,5.0,2.314814814814815,
EN_027_15__ES_027_15,test,true,27,27,1.32,99.86768136025434,3.1071654643394915,-0.031038796081863537,0.5259934424819059,0.8809523809523809,37.0,0.004611342214047909,8.0,6.0606060606060606,1.34,100.71677422503616,7.816022600067655,0.07568331064024328,1.2634340563429314,0.9285714285714286,39.0,0.00567626953125,6.0,4.477611940298507,
EN_027_16__ES_027_16,test,true,27,27,1.11,106.62850973092634,18.390987119122137,0.9000422849992172,2.574792967119767,0.9714285714285714,34.0,0.005065056029707193,4.0,3.603603603603603,1.0,104.12199560124769,6.271831768593329,0.6693971237088949,1.0052826130765453,0.96875,31.0,0.007141844369471073,3.0,3.0,
EN_027_17__ES_027_17,test,true,27,27,1.22,102.09400755901434,10.64606990199176,0.2767089516658848,1.6295057191949005,0.38461538461538464,15.0,0.00366844586096704,6.0,4.918032786885246,1.55,96.0063367079972,5.07125662736757,-0.7287455937886606,0.8865177281235376,0.673469387755102,33.0,0.006570071447640657,7.0,4.516129032258064,
EN_027_18__ES_027_18,test,true,27,27,1.32,106.74722069656909,8.304582130061503,1.0816212323676397,1.278589943557868,0.4523809523809524,19.0,0.006239550653845072,4.0,3.0303030303030303,1.58,100.19224932934084,6.379157340358999,-0.0011205056984559317,1.0855010830976475,0.86,43.0,0.008363958448171616,5.0,3.1645569620253164,
EN_027_19__ES_027_19,test,true,27,27,1.64,123.25960827270792,22.12120536462092,3.3500422849992177,3.0387771663395573,0.46153846153846156,24.0,0.0045073991641402245,10.0,6.097560975609756,1.9,120.31162717717147,23.21546270658184,2.8928994278563605,3.2349389379048237,0.7,42.0,0.007316837087273598,7.0,3.68421052631579,
EN_027_1__ES_027_1,train,true,2,2,2.92,nan,nan,nan,nan,0.0,0.0,0.0026519678067415953,4.0,1.36986301369863,2.76,221.6674235924293,40.15525527192355,13.540739959417824,2.765217006790924,0.4942528735632184,43.0,0.0029405029490590096,7.0,2.536231884057971,
EN_027_20__ES_027_20,train,true,2,2,1.07,315.0840737438677,17.72493814266427,19.840042284999218,1.0113851887386922,0.29411764705882354,10.0,0.003936506807804108,5.0,4.672897196261682,1.18,248.59696452050807,26.033789719619076,15.67087561833255,1.8119922660492298,0.6486486486486487,24.0,0.003224023384973407,4.0,3.3898305084745766,
EN_027_21__ES_027_21,test,true,27,27,2.2,108.71368753660744,16.008277271288343,1.2767089516658845,2.366563378027773,0.6521739130434783,45.0,0.003939671907573938,7.0,3.1818181818181817,2.05,105.08213058378627,5.508511085702127,0.8357565707135037,0.8692008997243579,0.6461538461538462,42.0,0.005235444754362106,5.0,2.439024390243903,
EN_027_22__ES_027_22,train,true,2,2,1.96,215.44659037873626,12.352904360999164,13.258613713570647,1.0159784667491525,0.5645161290322581,35.0,0.00573963625356555,7.0,3.5714285714285716,3.19,222.0623388947439,17.358730893191574,13.761884390262379,1.2925868702623107,0.76,76.0,0.006299259141087532,8.0,2.5078369905956115,
EN_027_23__ES_027_23,train,true,2,2,1.67,241.15677851160848,44.825847531581694,14.938277579116866,3.2338071449174324,0.32075471698113206,17.0,0.003256274852901697,6.0,3.5928143712574854,2.12,218.7083466510055,25.917655606893344,13.435756570713504,1.933338024859426,0.5223880597014925,35.0,0.0050302124582231045,6.0,2.830188679245283,
EN_027_24__ES_027_24,test,true,27,27,2.85,105.9343932122978,13.033557257494508,0.8788558443212521,1.9875076673944525,0.6555555555555556,59.0,0.004507747478783131,12.0,4.2105263157894735,2.5,99.39105824322729,6.432277281910558,-0.1406553894193863,1.0898717555212467,0.5443037974683544,43.0,0.006000523455440998,6.0,2.4,
EN_027_25__ES_027_25,train,true,2,2,2.6,209.79284400914787,48.07552973812556,12.208042284999216,5.018090872034902,0.6097560975609756,50.0,0.010607948526740074,7.0,2.692307692307692,2.62,221.5259569562507,15.819010481840744,13.72762849189577,1.1942452678615683,0.7073170731707317,58.0,0.010224479250609875,7.0,2.6717557251908395,
EN_027_26__ES_027_26,test,true,27,27,1.82,115.61941834099117,19.10194156634652,2.2904678169141115,2.733298184951426,0.8245614035087719,47.0,0.004158833529800177,5.0,2.7472527472527473,2.24,101.39445597876268,4.921877619187624,0.2192730542299872,0.8428139211711688,0.5492957746478874,39.0,0.008481735363602638,6.0,2.6785714285714284,
EN_027_27__ES_027_27,train,true,2,2,0.56,nan,nan,nan,nan,0.0,0.0,0.008311009965837002,1.0,1.7857142857142856,0.57,nan,nan,nan,nan,0.0,0.0,0.009272543713450432,1.0,1.7543859649122808,
EN_027_28__ES_027_28,train,true,2,2,0.58,200.45695326301663,4.7612867891758395,12.034657669614605,0.4092134177929348,0.6842105263157895,13.0,0.006724758539348841,2.0,3.4482758620689657,0.74,213.2017677322678,9.3839549605558,13.090042284999218,0.755910047558569,0.8333333333333334,20.0,0.005502691958099604,2.0,2.7027027027027026,
EN_027_29__ES_027_29,test,true,27,27,4.16,102.22135714885239,9.323773683483681,0.31004228499921777,1.551859100133342,0.5725190839694656,75.0,0.004062611609697342,11.0,2.644230769230769,3.63,109.7536340940231,17.938290447075016,1.3639311738881068,3.005518330022089,0.631578947368421,72.0,0.005922566168010235,10.0,2.7548209366391188,
EN_027_2__ES_027_2,test,true,27,27,1.1,99.07666755988582,9.656351463116076,-0.2332910483341152,1.540202006953056,0.6857142857142857,24.0,0.00277617946267128,1.0,0.9090909090909091,1.45,102.13447666598866,10.671445890738953,0.2805978405547738,1.6731240646773535,0.782608695652174,36.0,0.004118076991289854,2.0,1.3793103448275863,
EN_027_30__ES_027_30,test,true,27,27,2.24,102.33438374616682,14.451218822068899,0.24066728499921797,2.296785712550259,0.4507042253521127,32.0,0.0059986901469528675,10.0,4.4642857142857135,2.09,106.2923754289034,12.451010842567579,0.9383756183325516,2.0192483475018346,0.9090909090909091,60.0,0.007695832755416632,6.0,2.870813397129187,
EN_027_31__ES_027_31,test,true,27,27,3.59,90.74301112976147,5.366558254690998,-1.7114961765392436,1.0117300198847985,0.5752212389380531,65.0,0.004654550459235907,9.0,2.5069637883008355,3.34,93.03304933047146,5.144308983587645,-1.275672000715068,0.9300822873404748,0.6666666666666666,70.0,0.0063338736072182655,11.0,3.2934131736526946,
EN_027_32__ES_027_32,test,true,27,27,2.92,105.75716065295956,10.871787530227902,0.8780422849992183,1.7740394584112271,0.5434782608695652,50.0,0.004368500784039497,9.0,3.0821917808219177,3.26,105.70432154373019,15.234373728957749,0.7957869658502819,2.3377869555855058,0.9215686274509803,94.0,0.0077396584674716,9.0,2.7607361963190185,
EN_027_33__ES_027_33,test,true,27,27,1.45,110.54777910015076,23.593910983601905,1.4055978405547735,3.2406656075946674,0.782608695652174,36.0,0.006408193148672581,5.0,3.4482758620689657,1.63,118.27753379037925,29.725707890306083,2.4636786486355815,3.721045241051285,0.8627450980392157,44.0,0.008516903035342693,4.0,2.4539877300613497,
EN_027_34__ES_027_34,test,true,27,27,2.23,94.6806953828517,4.319932882752427,-0.9639577150007821,0.7782056283528149,0.7142857142857143,50.0,0.004535133019089699,10.0,4.484304932735426,2.75,98.14876978450154,6.729398491358045,-0.3613862864293537,1.1262507786130629,0.813953488372093,70.0,0.008104154840111732,8.0,2.909090909090909,
EN_027_35__ES_027_35,test,true,27,27,2.19,104.82404616638749,13.493218128341155,0.7040422849992177,1.8546385092518707,0.7246376811594203,50.0,0.005747246090322733,7.0,3.1963470319634704,2.19,107.31721462981912,9.636129004684959,1.1567089516658844,1.4896159087347172,0.8695652173913043,60.0,0.0072966068983078,7.0,3.1963470319634704,
EN_027_36__ES_027_36,test,true,27,27,1.26,100.30550503602716,7.165620665113517,0.01220444716137981,1.1616277841195812,0.925,37.0,0.0044761053286492825,6.0,4.761904761904762,1.15,104.48312860473057,6.444044355661036,0.7267089516658845,1.0582007791004922,0.8333333333333334,30.0,0.00606606574729085,4.0,3.4782608695652177,
EN_027_37__ES_027_37,test,true,27,27,1.26,99.80481946875373,9.177809550905009,-0.10329104833411597,1.530736932185133,0.75,30.0,0.0063700429163873196,6.0,4.761904761904762,1.59,96.294218865702,3.1207463074752066,-0.6628609408072345,0.5621054518698879,0.62,31.0,0.005173314828425646,7.0,4.40251572327044,
EN_027_3__ES_027_3,test,true,27,27,3.1,99.93777995318243,6.123575619041381,-0.04173853691859021,1.0233912767781568,0.7525773195876289,73.0,0.006939006969332695,12.0,3.8709677419354835,3.27,96.00821283162553,5.10703868779427,-0.7286094003940404,0.8893214065062152,0.8640776699029126,89.0,0.00597480358555913,11.0,3.363914373088685,
EN_027_4__ES_027_4,test,true,27,27,2.29,93.26170605515513,3.169663024171006,-1.2176047738243116,0.5834585464559808,0.4722222222222222,34.0,0.004207620397210121,3.0,1.3100436681222707,1.92,96.5898315498201,8.002581475960675,-0.6557269457700126,1.3546804138499375,0.8524590163934426,52.0,0.005064060445874929,4.0,2.0833333333333335,
EN_027_5__ES_027_5,test,true,27,27,3.45,102.09830744378941,8.053076146264969,0.3081068011282501,1.3196466275651675,0.5740740740740741,62.0,0.006031257566064596,6.0,1.7391304347826086,4.23,98.5557919997751,7.015989397072379,-0.29370771500078213,1.1903616834811173,0.6015037593984962,80.0,0.007003284990787506,7.0,1.6548463356973993,
EN_027_6__ES_027_6,test,true,27,27,1.41,107.71634268116377,18.35662222424261,1.0447791271044813,2.866223204334183,0.4222222222222222,19.0,0.0026381080970168114,6.0,4.25531914893617,1.63,98.28776255549077,5.278861047373096,-0.32329104833411554,0.9110189655301117,0.29411764705882354,15.0,0.004942307714372873,5.0,3.067484662576687,
EN_027_7__ES_027_7,test,true,27,27,2.36,114.48683867429622,20.124642674547122,2.0909513759083085,2.904645040261779,0.5945945945945946,44.0,0.007049230393022299,11.0,4.661016949152542,2.44,115.0796157099419,15.062645283114232,2.2904269003838333,2.186343946425403,0.6753246753246753,52.0,0.011127468198537827,7.0,2.8688524590163933,
EN_027_8__ES_027_8,test,true,27,27,3.19,101.14944610011706,10.80321210299098,0.10693883672335586,1.7389168318005161,0.58,58.0,0.004299380350857973,8.0,2.5078369905956115,3.39,101.95727859074096,6.6703811998888165,0.298190433147366,1.1406204842817955,0.5094339622641509,54.0,0.0065444353967905045,6.0,1.7699115044247786,
EN_027_9__ES_027_9,test,true,27,27,2.06,105.4630777959273,24.527867789894383,0.3714708564277895,4.539065128955296,0.4307692307692308,28.0,0.005466129165142775,4.0,1.941747572815534,2.05,114.47526599761552,11.016293709039891,2.258375618332552,1.6954391433752165,0.7384615384615385,48.0,0.005609151907265186,4.0,1.9512195121951221,
EN_028_10__ES_028_10,train,true,28,28,2.71,94.08973185953343,7.968941819423355,-1.111624381667449,1.3761167182409428,0.7058823529411765,60.0,0.004696288146078587,7.0,2.5830258302583027,3.45,92.83345464065276,5.953646067046913,-1.3222654073084745,1.0936892671219514,0.6018518518518519,65.0,0.0046641337685287,7.0,2.0289855072463765,
EN_028_11__ES_028_11,train,true,2,2,0.75,222.5901283448401,15.140476246128596,13.81367864863558,1.1546528224950865,0.4583333333333333,11.0,0.003549902932718396,2.0,2.6666666666666665,0.93,213.57287105758027,11.613404771426246,13.111947046903982,0.9193559808372023,0.7,21.0,0.009071795269846916,2.0,2.150537634408602,
EN_028_12__ES_028_12,train,true,28,28,3.97,103.15928542769664,9.792092188554518,0.4605686007886917,1.6437744552808315,0.912,114.0,0.004812992177903652,10.0,2.5188916876574305,4.99,111.55465170130022,31.908958543741875,1.3695113115478905,3.956530580109489,0.7243589743589743,113.0,0.007492507342249155,9.0,1.8036072144288577,
EN_028_13__ES_028_13,train,true,28,28,1.6,98.5187446495623,6.485785200257659,-0.29541226045532754,1.1292504644985755,0.6470588235294118,33.0,0.005253275390714407,5.0,3.125,1.96,95.84735549002714,8.896860849948421,-0.8146635973537236,1.706713793322811,0.5483870967741935,34.0,0.006943179294466972,3.0,1.530612244897959,
EN_028_14__ES_028_14,train,true,28,28,1.78,112.5179636939899,8.051160585476541,1.9986137135706465,1.2166397350481195,0.625,35.0,0.005126218777149916,8.0,4.49438202247191,1.84,109.26694753672496,24.619998369284513,1.2153484074481973,3.065978621303327,0.8448275862068966,49.0,0.008080475963652134,7.0,3.8043478260869565,
EN_028_15__ES_028_15,train,true,28,28,2.03,91.49399857785498,5.250968081399253,-1.5666243816674488,0.9702519718551924,0.75,48.0,0.0065451618283987045,7.0,3.4482758620689657,2.64,112.65269852549467,41.37222346149636,1.1865502215071548,5.108607786841566,0.7590361445783133,63.0,0.005302467383444309,6.0,2.2727272727272725,
EN_028_16__ES_028_16,train,true,28,28,3.86,101.13551525350256,12.872108349223227,0.061470856427789516,2.1350505418669905,0.5785123966942148,70.0,0.0049059768207371235,8.0,2.072538860103627,4.99,103.85753216978748,14.546673088832462,0.496917284999218,2.302306503134411,0.6153846153846154,96.0,0.005812798626720905,10.0,2.004008016032064,
EN_028_17__ES_028_17,train,true,28,28,3.03,100.11759150132663,16.657397491794608,-0.18329104833411503,2.5523496799789975,0.7894736842105263,75.0,0.0056261345744132996,14.0,4.62046204620462,4.38,96.22266165554974,8.500941234140454,-0.7294757872899383,1.4506964705524694,0.6058394160583942,83.0,0.005318621639162302,12.0,2.73972602739726,
EN_028_18__ES_028_18,train,true,28,28,4.68,103.30056134182087,14.871545873070142,0.39229580612597864,2.3916322419631033,0.48299319727891155,71.0,0.0035109114833176136,11.0,2.3504273504273505,5.34,106.29965212780003,13.939799913925134,0.9174107060518493,2.172819759292332,0.5688622754491018,95.0,0.004804827272891998,11.0,2.059925093632959,
EN_028_19__ES_028_19,train,true,28,28,4.03,114.63900776188238,11.078987323896861,2.282572405481145,1.701176661086463,0.6587301587301587,83.0,0.00454657431691885,13.0,3.225806451612903,4.13,113.08824211050005,17.94304690373615,1.9134569191455602,2.730921054092974,0.6307692307692307,82.0,0.007814474403858185,12.0,2.9055690072639226,
EN_028_1__ES_028_1,train,true,28,28,5.08,104.88997415726163,14.916240171934536,0.6765728972441161,2.200350204983992,0.6163522012578616,98.0,0.004883411340415478,13.0,2.559055118110236,5.44,105.46470030399189,6.584904739784039,0.8883138899374892,1.0588332620616159,0.47368421052631576,81.0,0.005295314360409975,11.0,2.0220588235294117,
EN_028_20__ES_028_20,train,true,28,28,4.19,105.4335240900816,13.51454884841513,0.7759682109251436,2.199931411825208,0.8244274809160306,108.0,0.006957636680454016,20.0,4.77326968973747,4.34,110.93817663336536,16.447901975621292,1.6057944973885991,2.5780193417063257,0.8308823529411765,113.0,0.009152300655841827,19.0,4.377880184331797,
EN_028_21__ES_028_21,train,true,28,28,1.9,92.87918789605044,7.198443714047329,-1.3314391964822634,1.3536061676368318,0.9,54.0,0.005771505646407604,8.0,4.2105263157894735,2.5,93.81794510578682,9.878143768909858,-1.1928148578579247,1.710352631023491,0.620253164556962,49.0,0.0055848946794867516,7.0,2.8,
EN_028_22__ES_028_22,train,true,28,28,1.68,121.36313852750874,8.995376123747269,3.3045877395446728,1.2801730254956207,0.8301886792452831,44.0,0.006075896788388491,9.0,5.357142857142858,1.99,127.28646672211262,8.498846211325567,4.137542284999218,1.1748448479125517,0.7619047619047619,48.0,0.006415109615772963,8.0,4.0201005025125625,
EN_028_23__ES_028_23,train,true,28,28,1.13,106.3297755403728,9.67910011660653,1.000042284999218,1.4232006183247676,0.5555555555555556,20.0,0.005587050691246986,4.0,3.5398230088495577,1.58,99.9893605669358,7.117332451528016,-0.05329104833411543,1.3915179561264106,0.6,30.0,0.006124916486442089,5.0,3.1645569620253164,
EN_028_24__ES_028_24,train,true,28,28,2.08,99.82355239483364,9.115170707124573,-0.10352914357221067,1.5945178722416247,0.42424242424242425,28.0,0.007126765791326761,12.0,5.769230769230769,2.39,108.58680112544863,14.15507774083815,1.2918604668173996,2.1123611011111727,0.7333333333333333,55.0,0.008212649263441563,9.0,3.7656903765690375,
EN_028_25__ES_028_25,train,true,28,28,3.67,100.36895268460756,9.347370256632955,-0.006055275976391777,1.5281981707286658,0.7130434782608696,82.0,0.005403493996709585,13.0,3.542234332425068,4.83,98.49687175288753,8.560075967161534,-0.32995771500078247,1.5473252355647096,0.4304635761589404,65.0,0.007460561580955982,14.0,2.898550724637681,
EN_028_26__ES_028_26,train,true,28,28,1.9,103.55452854119416,14.34396921707357,0.40388843884537157,2.7711051348945697,0.8666666666666667,52.0,0.005597822368144989,9.0,4.736842105263158,1.88,109.19755669696049,12.269958004416745,1.4207739923162914,1.8542296937778047,0.6949152542372882,41.0,0.010480821132659912,8.0,4.25531914893617,
EN_028_27__ES_028_27,train,true,28,28,4.1,97.65139500863916,8.580231906987574,-0.4773549752747544,1.505902566839705,0.5658914728682171,73.0,0.007489630952477455,12.0,2.9268292682926833,5.06,101.48123587860977,9.635421450825454,0.17565204109677918,1.658298494388204,0.5157232704402516,82.0,0.005802441388368607,11.0,2.173913043478261,
EN_028_29__ES_028_29,train,true,28,28,2.58,123.38305966718154,17.374518753061878,3.4734189083758418,2.359336033822333,0.9506172839506173,77.0,0.005925312172621489,6.0,2.3255813953488373,2.78,133.32567627907275,11.981750997231412,4.910316257601958,1.544299258211185,0.8390804597701149,73.0,0.007962756790220737,5.0,1.7985611510791368,
EN_028_2__ES_028_2,train,true,2,2,2.2,210.59532943988245,8.535429745239629,12.879893031267878,0.6858951935458457,0.9710144927536232,67.0,0.013924803584814072,13.0,5.909090909090908,2.31,211.15195676748303,22.708140237347887,12.850042284999219,1.70952085054893,0.8904109589041096,65.0,0.020839160308241844,11.0,4.761904761904762,
EN_028_30__ES_028_30,train,true,28,28,1.28,100.24666408693815,12.896397773527566,-0.09281485785792508,2.1398645770616573,0.8536585365853658,35.0,0.005498780868947506,6.0,4.6875,1.37,96.48396413986234,7.1276048647586006,-0.6666243816674486,1.2733376963276033,0.6976744186046512,30.0,0.006506762467324734,6.0,4.37956204379562,
EN_028_31__ES_028_31,train,true,28,28,2.32,112.16393886623828,9.24838800005754,1.929634121733912,1.4066865963467217,0.6712328767123288,49.0,0.006953724659979343,7.0,3.017241379310345,2.23,120.82289943491728,17.880798590450922,3.088638776227288,2.532785332185706,0.8142857142857143,57.0,0.010001394897699356,8.0,3.587443946188341,
EN_028_32__ES_028_32,train,true,28,28,2.37,106.2836491166714,6.743316732286506,1.0214708564277897,1.0686630976722884,0.84,63.0,0.006070291623473167,9.0,3.7974683544303796,2.6,108.84989045430088,11.809086479364984,1.373375618332551,1.7783294282993674,0.7317073170731707,60.0,0.006752861198037863,10.0,3.846153846153846,
EN_028_33__ES_028_33,train,true,28,28,3.33,100.18588511519994,10.923129014268742,-0.0603473253903929,1.744868872056372,0.7333333333333333,77.0,0.005929834675043821,11.0,3.303303303303303,4.34,99.0376640465629,6.287599072074592,-0.20352914357221044,1.1282040541298821,0.4117647058823529,56.0,0.006453883368521929,10.0,2.3041474654377883,
EN_028_34__ES_028_34,train,true,2,2,0.71,nan,nan,nan,nan,0.0,0.0,0.0036113783717155457,1.0,1.4084507042253522,0.91,173.72543755613677,62.98058321505786,7.775042284999217,8.753011386564816,0.41379310344827586,12.0,0.008635864593088627,2.0,2.1978021978021975,
EN_028_35__ES_028_35,train,true,28,28,4.94,101.8329154111563,9.41287975896713,0.23966492650865232,1.6144938598948912,0.6838709677419355,106.0,0.005595524329692125,18.0,3.643724696356275,5.07,105.72040663726001,24.936150386247316,0.6121112505164594,3.241882572816821,0.9119496855345912,145.0,0.00617529172450304,17.0,3.353057199211045,
EN_028_36__ES_028_36,train,true,2,2,0.97,233.75928626000737,30.30056211208296,14.564857099814036,2.1285891177897893,0.8709677419354839,27.0,0.002944372594356537,2.0,2.061855670103093,0.89,213.87358499093529,9.55833379306513,13.144159932058042,0.7619407019040214,0.6071428571428571,17.0,0.009473742917180061,2.0,2.247191011235955,
EN_028_37__ES_028_37,train,true,28,28,2.41,94.97945258047885,10.036284835336787,-0.9794659117220934,1.704607474867876,0.8026315789473685,61.0,0.008970921859145164,7.0,2.904564315352697,2.11,96.76887404420012,6.168294515477427,-0.6034460870938055,1.0955191690996522,0.6515151515151515,43.0,0.0070173367857933044,5.0,2.3696682464454977,
EN_028_38__ES_028_38,train,true,28,28,3.82,93.64681241725663,7.242341525333381,-1.196207715000782,1.4946524470591813,0.6666666666666666,80.0,0.005765682552009821,14.0,3.6649214659685865,4.56,93.2823732446476,8.798733271861767,-1.2740648578579246,1.5260386121141447,0.7832167832167832,112.0,0.0086514912545681,17.0,3.7280701754385968,
EN_028_39__ES_028_39,train,true,2,2,2.48,241.26609085434765,47.35597820261415,14.93074403938518,3.26912395564398,0.7307692307692307,57.0,0.011103116907179356,9.0,3.629032258064516,2.5,248.67096504066507,47.22601473166996,15.467283664309566,3.2187563421315213,0.7341772151898734,58.0,0.0362088717520237,9.0,3.6,
EN_028_3__ES_028_3,train,true,2,2,2.39,280.70894548101,83.25206853324119,17.160042284999218,4.8676233567170275,0.9333333333333333,70.0,0.015858115628361702,12.0,5.02092050209205,2.42,297.6458632512627,70.09873754105021,18.41474816735216,4.003335546982053,0.8947368421052632,68.0,0.019486524164676666,8.0,3.3057851239669422,
EN_028_40__ES_028_40,train,true,2,2,1.72,233.4060997974318,30.267016248483472,14.535148667977943,2.1718683714086398,0.8703703703703703,47.0,0.008505533449351788,6.0,3.488372093023256,2.12,205.5110621524992,36.7196155954011,12.083970856427792,3.998583534279639,0.835820895522388,56.0,0.02389145828783512,5.0,2.3584905660377355,
EN_028_41__ES_028_41,train,true,2,2,3.32,224.35057271662484,18.251915000845795,13.932395226175691,1.398206958558688,0.6538461538461539,68.0,0.006109029985964298,5.0,1.5060240963855422,3.45,217.42052149497516,13.753970901359892,13.410756570713499,1.1062611696657372,0.7777777777777778,84.0,0.02063700370490551,4.0,1.1594202898550725,
EN_028_42__ES_028_42,train,true,2,2,1.57,223.97326621969,34.98295656916733,13.784417284999218,2.359768179159767,0.64,32.0,0.0064691416919231415,8.0,5.095541401273885,1.97,215.9521823909315,18.4586165564745,13.270875618332552,1.3817196913830085,0.7741935483870968,48.0,0.01760312169790268,7.0,3.553299492385787,
EN_028_43__ES_028_43,train,true,2,2,1.51,240.0239912334763,22.423540469793725,15.084417284999219,1.5879643759779376,0.6666666666666666,32.0,0.007690003607422113,7.0,4.635761589403973,1.32,253.44432361262318,18.22195912941042,16.055756570713505,1.2354161490058686,0.8333333333333334,35.0,0.025271594524383545,6.0,4.545454545454545,
EN_028_44__ES_028_44,train,true,2,2,0.98,nan,nan,nan,nan,0.0,0.0,0.004453170578926802,2.0,2.0408163265306123,1.09,237.30856714202275,47.04511946857905,14.688503823460756,2.9091469702774657,0.7428571428571429,26.0,0.019059233367443085,2.0,1.8348623853211008,
EN_028_45__ES_028_45,train,true,2,2,2.59,213.28378141053366,11.722479813135221,13.087880122837054,0.9315350166348797,0.4567901234567901,37.0,0.005399137735366821,4.0,1.5444015444015444,2.73,217.27046257805463,18.156553845093146,13.376129241520959,1.3992391487294493,0.8023255813953488,69.0,0.02037317119538784,3.0,1.098901098901099,
EN_028_46__ES_028_46,train,true,2,2,1.48,235.57196049641126,27.369571515856357,14.716708951665883,2.0185646322580744,0.8936170212765957,42.0,0.007290181238204241,7.0,4.72972972972973,1.95,242.14843641061006,17.12439405250114,15.26702341707469,1.232995409111196,0.8688524590163934,53.0,0.02438734844326973,7.0,3.58974358974359,
EN_028_47__ES_028_47,train,true,2,2,1.42,209.54247334405844,18.402627093904304,12.74477912710448,1.44075042004269,0.8444444444444444,38.0,0.008705375716090202,9.0,6.338028169014085,1.62,224.12992614482002,24.410566389957538,13.87329809895271,1.8305974636970592,0.8431372549019608,43.0,0.024686696007847786,7.0,4.320987654320987,
EN_028_48__ES_028_48,train,true,2,2,1.82,229.9406679205187,20.199547145769348,14.352003069312941,1.4579720264239233,0.8947368421052632,51.0,0.00603631604462862,7.0,3.846153846153846,2.3,242.23500488693486,17.923965943142395,15.270042284999219,1.2703966673081655,0.9027777777777778,65.0,0.03648506477475166,6.0,2.608695652173913,
EN_028_49__ES_028_49,train,true,2,2,3.41,220.74448636273817,26.959361879909938,13.583375618332553,2.066989222140368,0.4205607476635514,45.0,0.00614643469452858,8.0,2.3460410557184748,4.2,211.9937095007885,28.698099905945803,12.864327999284935,2.179205996575405,0.5303030303030303,70.0,0.016599413007497787,7.0,1.6666666666666665,
EN_028_4__ES_028_4,train,true,2,2,1.4,228.8793598931404,27.049146516356565,14.216708951665883,2.012894938079489,0.4772727272727273,21.0,0.009521540254354477,7.0,5.0,1.55,213.76472954358084,20.016201219075967,13.076512873234512,1.6194241575560506,0.6938775510204082,34.0,0.012967981398105621,6.0,3.8709677419354835,
EN_028_50__ES_028_50,train,true,2,2,3.36,213.11630324873224,31.074042639734948,12.939897357462986,2.2729757630858547,0.6509433962264151,69.0,0.00855212938040495,15.0,4.464285714285714,3.59,221.07482428780597,34.6106636158782,13.550042284999217,2.442466176969709,0.6902654867256637,78.0,0.03389648720622063,11.0,3.064066852367688,
EN_028_51__ES_028_51,train,true,2,2,2.87,220.5043126648962,25.955816030325536,13.584610186233785,1.8488675542189987,0.9,81.0,0.008241569623351097,12.0,4.181184668989547,3.47,219.6285686258825,21.668404837332353,13.54499177994871,1.5806515558096867,0.908256880733945,99.0,0.02324908785521984,11.0,3.1700288184438037,
EN_028_52__ES_028_52,train,true,2,2,1.73,256.9833794006096,71.66456030530635,15.724327999284931,4.513050463909739,0.6363636363636364,35.0,0.00758486520498991,5.0,2.8901734104046244,1.56,223.76737042748636,106.60690965756957,11.392147548157114,10.188348132701895,0.7755102040816326,38.0,0.026187991723418236,5.0,3.205128205128205,
EN_028_53__ES_028_53,train,true,2,2,2.31,241.036803462083,49.46034023013149,14.90189413685107,3.287954488552551,0.7397260273972602,54.0,0.007424332667142153,4.0,1.7316017316017316,2.52,232.26644606460846,32.54643103164119,14.435756570713504,2.2504784071891217,0.8860759493670886,70.0,0.02407248504459858,4.0,1.5873015873015872,
EN_028_54__ES_028_54,train,true,2,2,2.04,215.55785990702532,40.90408266855492,13.043224103181036,2.8156541083469824,0.6875,44.0,0.005826981738209724,6.0,2.941176470588235,2.17,216.9113257235227,49.549364055972354,13.041346632825304,3.3616653537868197,0.6764705882352942,46.0,0.02707717940211296,5.0,2.3041474654377883,
EN_028_55__ES_028_55,train,true,2,2,2.32,212.03678639721235,82.56740573401478,11.168224103181036,8.68092491041568,0.4520547945205479,33.0,0.0055838278494775295,12.0,5.172413793103448,2.46,261.44529289489054,23.86354468600708,16.56896120391814,1.5321487892319006,0.4805194805194805,37.0,0.02080402337014675,11.0,4.471544715447155,
EN_028_56__ES_028_56,train,true,2,2,5.15,203.41583852001904,30.003282273641123,12.043375618332554,3.19166374486998,0.6521739130434783,105.0,0.00507962005212903,22.0,4.271844660194175,5.38,202.27381905061435,13.586138288140763,12.15880140908681,1.115483231514044,0.8106508875739645,137.0,0.02101786434650421,19.0,3.5315985130111525,
EN_028_5__ES_028_5,train,true,28,28,1.79,115.9138678242017,18.29162173095635,2.352042284999218,2.630398448904652,0.8928571428571429,50.0,0.00403053592890501,7.0,3.910614525139665,2.01,121.75951797940911,23.84731175939608,3.133021008403472,2.9530596573677337,0.746031746031746,47.0,0.007266378961503506,6.0,2.985074626865672,
EN_028_6__ES_028_6,train,true,28,28,2.12,93.17846067188762,6.7616920574479735,-1.2682910483341157,1.2469284484506535,0.8955223880597015,60.0,0.004206884186714888,8.0,3.773584905660377,1.84,93.17347473940698,4.103306380781651,-1.2408668059098735,0.761523049796853,0.3793103448275862,22.0,0.003774820826947689,6.0,3.260869565217391,
EN_028_7__ES_028_7,train,true,28,28,4.32,99.93067018641376,9.531780443362559,-0.08823896500078153,1.6129418529192048,0.9411764705882353,128.0,0.006104734726250172,21.0,4.861111111111111,4.78,104.36489961980354,9.395849783384357,0.6716917695353007,1.525874892124928,0.6466666666666666,97.0,0.006748769897967577,15.0,3.1380753138075312,
EN_028_8__ES_028_8,train,true,28,28,2.6,102.85517893666467,17.2960943338401,0.19857169676392375,3.300868541988288,0.8292682926829268,68.0,0.006068694405257702,8.0,3.0769230769230766,2.49,121.35258204744802,14.38556898817082,3.227654225297725,2.0682980887043403,0.8589743589743589,67.0,0.007068101316690445,9.0,3.614457831325301,
EN_028_9__ES_028_9,train,true,28,28,2.7,111.81284618340337,25.543711897692514,1.5550422849992178,3.4665268401287954,0.7058823529411765,60.0,0.005067580379545689,9.0,3.333333333333333,2.95,115.60409856355359,28.538302022178378,2.087747203032005,3.6211656457883987,0.6559139784946236,61.0,0.005555563606321812,7.0,2.3728813559322033,
EN_029_10__ES_029_10,train,true,29,29,6.08,125.5690600792101,11.454741946321173,3.8682241031810363,1.605317152110866,0.518324607329843,99.0,0.011611897498369217,16.0,2.6315789473684212,5.22,nan,nan,nan,nan,0.0,0.0,0.0016258095856755972,1.0,0.19157088122605365,
EN_029_11__ES_029_11,train,true,11,11,6.15,106.92116784626505,31.422229988756797,0.5694221299604582,4.2666559626691045,0.6683937823834197,129.0,0.013317273929715157,18.0,2.926829268292683,4.36,1437.8855770802977,10.722404645682834,46.150042284999216,0.12909944487358146,0.043795620437956206,6.0,0.007762994151562452,11.0,2.5229357798165135,
EN_029_12__ES_029_12,train,true,29,29,5.82,120.05912756667888,16.5112110775734,3.0098553691113668,2.2931372548836557,0.5879120879120879,107.0,0.01139581948518753,18.0,3.092783505154639,6.48,102.2522459921472,11.216493369490962,0.28081151576844765,1.9072269903971595,0.06403940886699508,13.0,0.001294091111049056,14.0,2.1604938271604937,
EN_029_13__ES_029_13,train,true,29,29,6.9,131.88879253111978,15.46445179102142,4.672769557726491,2.0346465298369174,0.6111111111111112,132.0,0.021722538396716118,26.0,3.7681159420289854,6.42,nan,nan,nan,nan,0.0,0.0,0.002060983795672655,16.0,2.4922118380062304,
EN_029_14__ES_029_14,train,true,11,11,3.11,106.2785993806257,10.608418012453344,0.9726837944331803,1.6570764787390395,0.5408163265306123,53.0,0.014123850502073765,12.0,3.8585209003215435,3.33,1168.6393025598263,244.220774020472,42.24718514214207,3.1504635227476063,0.3333333333333333,35.0,0.006367460358887911,10.0,3.003003003003003,
EN_029_15__ES_029_15,train,true,11,11,4.04,111.5735981773261,10.654046509796927,1.8180978405547732,1.6371406636172516,0.5669291338582677,72.0,0.01843370869755745,18.0,4.455445544554456,3.86,1124.5479466383244,68.08624977199736,41.86432799928494,1.0287698221365038,0.17355371900826447,21.0,0.0069746109656989574,13.0,3.3678756476683938,
EN_029_16__ES_029_16,train,true,29,29,3.32,171.81788183352856,39.995151378124405,8.929752429926756,3.8548136559088224,0.6634615384615384,69.0,0.022728590294718742,8.0,2.4096385542168677,3.46,nan,nan,nan,nan,0.0,0.0,0.0008604004397056997,1.0,0.28901734104046245,
EN_029_17__ES_029_17,train,true,29,29,7.76,134.9261791586357,19.388157042377365,5.010307185661471,2.46178956794595,0.6213991769547325,151.0,0.03421081230044365,22.0,2.8350515463917527,6.9,67.81581948616518,3.8536803074272883,-6.7499577150007815,0.9394147114027965,0.037037037037037035,8.0,0.0014138853875920177,18.0,2.608695652173913,
EN_029_18__ES_029_18,train,true,29,29,5.11,116.44773868912314,11.894175838205763,2.5570422849992176,1.6045719055249594,0.625,100.0,0.01525065302848816,19.0,3.718199608610567,4.57,nan,nan,nan,nan,0.0,0.0,0.0009665826801210642,1.0,0.2188183807439825,
EN_029_19__ES_029_19,train,true,29,29,2.4,132.3213204262553,24.890479056140858,4.567820062776996,3.0537618977901766,0.5921052631578947,45.0,0.018911736086010933,8.0,3.3333333333333335,2.14,nan,nan,nan,nan,0.0,0.0,0.0012991026742383838,7.0,3.2710280373831773,
EN_029_1__ES_029_1,train,true,29,29,4.56,157.169107404392,26.012753192973545,7.605856238487591,2.7373644025528354,0.3006993006993007,43.0,0.009852872230112553,12.0,2.6315789473684212,4.8,nan,nan,nan,nan,0.0,0.0,0.0008846045820973814,11.0,2.291666666666667,
EN_029_20__ES_029_20,train,true,29,29,5.31,121.32367810979164,12.92607177650337,3.2480815006854926,1.8450240655296881,0.6144578313253012,102.0,0.017229581251740456,23.0,4.3314500941619585,4.7,nan,nan,nan,nan,0.0,0.0,0.0009464633767493069,10.0,2.127659574468085,
EN_029_21__ES_029_21,train,true,29,29,3.22,196.03181587518773,61.95494654495277,10.742349977306912,5.687836081493632,0.7722772277227723,78.0,0.03545960411429405,12.0,3.7267080745341614,4.09,221.20277482408375,6.177603873315424,13.737542284999218,0.4910129835350585,0.125,16.0,0.0016602403484284878,10.0,2.444987775061125,
EN_029_22__ES_029_22,train,true,29,29,5.39,130.84472412641685,6.341642407029026,4.633375618332552,0.8563812754193597,0.17751479289940827,30.0,0.013880427926778793,10.0,1.855287569573284,4.68,109.53320901074517,10.86049810368487,1.4900422849992176,1.7362027531368558,0.06802721088435375,10.0,0.0019239826360717416,1.0,0.2136752136752137,
EN_029_23__ES_029_23,train,true,29,29,6.0,135.54617590379686,14.873005309352486,5.168424637940395,1.8038032616522803,0.723404255319149,136.0,0.0337429977953434,17.0,2.8333333333333335,7.11,nan,nan,nan,nan,0.0,0.0,0.0009651584550738335,8.0,1.1251758087201125,
EN_029_24__ES_029_24,train,true,11,11,3.05,99.82966884991104,3.5238078803461947,-0.040582715000782386,0.6231770289211567,0.3333333333333333,32.0,0.014224271290004253,7.0,2.295081967213115,3.1,nan,nan,nan,nan,0.0,0.0,0.00720590353012085,5.0,1.6129032258064515,
EN_029_25__ES_029_25,train,true,11,11,2.91,102.1794670566417,8.77364402397867,0.3108265987247081,1.4627503548241765,0.5604395604395604,51.0,0.012417229823768139,10.0,3.4364261168384878,2.6,nan,nan,nan,nan,0.0,0.0,0.008637701161205769,6.0,2.3076923076923075,
EN_029_26__ES_029_26,train,true,11,11,7.84,104.24788102320059,12.13762934138687,0.6048248936948702,1.9938271469391362,0.46747967479674796,115.0,0.016282226890325546,34.0,4.336734693877551,8.72,nan,nan,nan,nan,0.0,0.0,0.004804925061762333,20.0,2.293577981651376,
EN_029_27__ES_029_27,train,true,11,11,5.05,95.9916601148121,9.187734343595643,-0.785251832647841,1.6221776128440608,0.5379746835443038,85.0,0.008806025609374046,15.0,2.9702970297029703,4.63,1700.2670420734944,165.59903972521795,48.96115339611033,1.8229673273383729,0.06206896551724138,9.0,0.0067725880071520805,8.0,1.7278617710583153,
EN_029_28__ES_029_28,train,true,29,29,5.67,192.2249684524165,48.679792230296,10.78073535430615,4.2565672632051275,0.5674157303370787,101.0,0.02586740255355835,10.0,1.7636684303350971,5.1,270.209828371033,12.222363128478944,17.191421595344046,0.7774925396600977,0.18125,29.0,0.0009150815894827247,8.0,1.5686274509803924,
EN_029_29__ES_029_29,train,true,29,29,5.23,152.7465823679766,33.768247994911995,6.947157669614603,3.5926061017137694,0.6341463414634146,104.0,0.02831445075571537,19.0,3.6328871892925427,5.05,nan,nan,nan,nan,0.0,0.0,0.0007463660440407693,1.0,0.19801980198019803,
EN_029_2__ES_029_2,train,true,11,11,0.74,nan,nan,nan,nan,0.0,0.0,0.009270064532756805,1.0,1.3513513513513513,0.83,178.68573175678966,21.8186541875445,9.930042284999217,1.9898743678936113,0.7692307692307693,20.0,0.01771724969148636,5.0,6.024096385542169,
EN_029_30__ES_029_30,train,true,11,11,8.13,115.04892751102884,25.884434205974486,2.0208288018531504,3.682732322463761,0.34901960784313724,89.0,0.012911162339150906,17.0,2.0910209102091017,8.34,70.75463339193868,7.562817327814419,-6.077957715000782,1.7061113679944806,0.09578544061302682,25.0,0.005003924481570721,16.0,1.9184652278177459,
EN_029_33__ES_029_33,train,true,29,29,3.09,131.38430104590444,13.739436966532681,4.634252811315007,1.7619555995047205,0.7835051546391752,76.0,0.01742531917989254,9.0,2.912621359223301,3.24,nan,nan,nan,nan,0.0,0.0,0.0007004150538705289,8.0,2.4691358024691357,
EN_029_34__ES_029_34,train,true,29,29,3.42,191.00850486288854,41.50504417714586,10.771993504511412,3.9264899111051728,0.38317757009345793,41.0,0.011599245481193066,7.0,2.046783625730994,3.44,103.76634657761491,7.50695179162417,0.5917089516658843,1.3155849987320807,0.1111111111111111,12.0,0.002194879576563835,2.0,0.5813953488372093,
EN_029_3__ES_029_3,train,true,29,29,1.86,127.77015049889837,19.16681932223323,4.047264507221439,2.6043218472282987,0.6101694915254238,36.0,0.014825494028627872,10.0,5.376344086021505,1.95,102.81155729320064,6.293529638807397,0.45004228499921817,0.9992304731449788,0.21311475409836064,13.0,0.005061942618340254,1.0,0.5128205128205129,
EN_029_4__ES_029_4,train,true,29,29,3.35,137.82392027058657,26.137501678088466,5.245694458912261,3.258364254982467,0.6571428571428571,69.0,0.011134287342429161,14.0,4.17910447761194,3.48,76.34314264857932,4.204336966528059,-4.699957715000782,0.9682458365518543,0.07339449541284404,8.0,0.0008088252507150173,2.0,0.5747126436781609,
EN_029_5__ES_029_5,train,true,29,29,4.86,138.0200680657991,31.863488215415636,5.177069312026244,3.6018250115301207,0.7302631578947368,111.0,0.016436899080872536,15.0,3.0864197530864197,5.05,nan,nan,nan,nan,0.0,0.0,0.0008581329602748156,2.0,0.39603960396039606,
EN_029_6__ES_029_6,train,true,29,29,2.1,162.62848825208997,22.064657780537235,8.25242323738017,2.4308031296004384,0.6363636363636364,42.0,0.02040313184261322,8.0,3.8095238095238093,1.63,nan,nan,nan,nan,0.0,0.0,0.0017139795236289501,6.0,3.6809815950920246,
EN_029_7__ES_029_7,train,true,29,29,3.13,120.72287381066101,4.168962956422474,3.250042284999218,0.5989574275355471,0.32653061224489793,32.0,0.007360716816037893,6.0,1.9169329073482428,2.78,102.98452586336131,10.592733197202724,0.4237264955255332,1.6898589493499336,0.21839080459770116,19.0,0.002953940536826849,1.0,0.3597122302158274,
EN_029_8__ES_029_8,train,true,11,11,2.24,95.41651745412814,5.823396785688198,-0.8414470767029101,0.9821448060747417,0.6619718309859155,47.0,0.007584954611957073,7.0,3.1249999999999996,3.67,103.78659629470468,18.552268071080483,0.30604228499921754,3.59277942545879,0.21739130434782608,25.0,0.0038550314493477345,7.0,1.9073569482288828,
EN_029_9__ES_029_9,train,true,29,29,3.7,182.14928223453478,32.92212816309695,10.091218755587454,3.202766969820905,0.5862068965517241,68.0,0.01131504587829113,10.0,2.7027027027027026,3.69,nan,nan,nan,nan,0.0,0.0,0.0010089901043102145,13.0,3.5230352303523036,
EN_032_10__ES_032_10,train,false,24,32,3.84,110.27270597754394,19.33139562734213,1.4132001797360598,3.159204406783642,0.47107438016528924,57.0,0.009672763757407665,5.0,1.3020833333333335,2.33,107.20809250914469,8.254253569058283,1.1567089516658846,1.2730366146432017,0.410958904109589,30.0,0.009089351631700993,8.0,3.4334763948497855,
EN_032_11__ES_032_11,train,false,24,32,4.92,135.2963475544147,66.72677108109785,3.744159932058041,6.569803523629939,0.22077922077922077,34.0,0.015369134955108166,11.0,2.2357723577235773,6.57,105.64388631551098,10.373626034900601,0.8665258014827343,1.7094606653011382,0.441747572815534,91.0,0.012533859349787235,11.0,1.67427701674277,
EN_032_12__ES_032_12,train,false,32,24,3.56,266.08794599134933,30.107599254154497,16.83456609452303,1.9257956950198316,0.75,84.0,0.00708211213350296,9.0,2.5280898876404496,2.82,257.13594546791023,26.274866404364598,16.264857099814034,1.6985913634619227,0.9101123595505618,81.0,0.01028420403599739,7.0,2.4822695035460995,
EN_032_13__ES_032_13,train,false,32,24,3.63,321.4854183522634,81.47933428431651,19.684736162550237,4.259397821787514,0.8596491228070176,98.0,0.01234716922044754,10.0,2.7548209366391188,4.35,296.93028764220537,59.00698180401838,18.532245674829728,3.197632369768591,0.8676470588235294,118.0,0.010592554695904255,11.0,2.528735632183908,
EN_032_14__ES_032_14,train,false,32,24,3.32,357.0138700040916,189.77392918813104,20.432474717431653,6.680434483930163,0.7115384615384616,74.0,0.010387605987489223,6.0,1.8072289156626506,2.7,267.8793092084769,33.49582919268415,16.91714754815711,2.2431408993156956,0.8941176470588236,76.0,0.013786595314741135,7.0,2.5925925925925926,
EN_032_15__ES_032_15,train,false,24,32,3.1,123.2043305965186,17.2337594993208,3.4589708564277895,2.2548579924967633,0.5773195876288659,56.0,0.011431095190346241,9.0,2.903225806451613,2.97,136.45081207984768,23.82808970835723,5.109364318897522,3.090067118138254,0.6344086021505376,59.0,0.02219243161380291,8.0,2.6936026936026933,
EN_032_1__ES_032_1,train,false,24,32,5.39,104.93799839825918,13.324322258677247,0.6913466328253051,2.239621094404773,0.27218934911242604,46.0,0.015045694075524807,12.0,2.226345083487941,4.01,105.57440273442471,10.241316860802383,0.859501744458678,1.6525303218315486,0.5873015873015873,74.0,0.011545749381184578,11.0,2.743142144638404,
EN_032_2__ES_032_2,train,false,24,32,7.22,117.81321059671393,23.062265538264274,2.5229589516658844,3.2632256270530173,0.4247787610619469,96.0,0.011442556045949459,17.0,2.3545706371191137,6.61,110.68471135127768,26.399371989742143,1.3227695577264909,3.7552953560717586,0.3719806763285024,77.0,0.012038241140544415,15.0,2.26928895612708,
EN_032_3__ES_032_3,train,false,32,24,3.99,227.31368934769435,38.945502671677914,13.855305442893957,3.866383279964627,0.76,95.0,0.006157198920845985,8.0,2.0050125313283207,3.36,208.85585514509359,54.77050766699677,11.726604784999218,6.830280516464441,0.6037735849056604,64.0,0.00537885120138526,7.0,2.0833333333333335,
EN_032_4__ES_032_4,train,false,32,24,6.15,236.13383730741052,15.293831311189843,14.839386547294298,1.1115494559212753,0.6321243523316062,122.0,0.0053101289086043835,11.0,1.7886178861788617,4.72,230.69561477653198,20.07293767634187,14.410473939675477,1.4360526785910843,0.9391891891891891,139.0,0.007824957370758057,16.0,3.3898305084745766,
EN_032_5__ES_032_5,train,false,24,32,2.54,131.4002388071404,7.5008436721079566,4.698318147068183,1.0169666490497264,0.3625,29.0,0.0135343624278903,4.0,1.574803149606299,2.34,145.40769832688176,17.430733330296093,6.353167284999217,2.1222753672355994,0.43243243243243246,32.0,0.012137113139033318,5.0,2.1367521367521367,
EN_032_6__ES_032_6,train,false,24,32,3.99,110.22718755910392,18.704927093671518,1.457937021841323,2.752834097410709,0.304,38.0,0.00873575359582901,8.0,2.0050125313283207,3.31,114.3892923756746,34.91129985920465,1.6167089516658846,4.796584432929563,0.11538461538461539,12.0,0.008988728746771812,9.0,2.719033232628399,
EN_032_7__ES_032_7,train,false,24,32,3.95,132.5026697411098,13.613119899954208,4.7818604668174,1.764134184660454,0.1774193548387097,22.0,0.011864772997796535,13.0,3.291139240506329,3.82,123.2248605608531,30.37330782638529,3.1303994278563607,4.014278962246482,0.4666666666666667,56.0,0.013013103045523167,11.0,2.8795811518324608,
EN_032_8__ES_032_8,train,false,32,24,3.84,254.3619100043617,21.399697837460764,16.10132433628127,1.4579352795722562,0.6446280991735537,78.0,0.003897711168974638,7.0,1.8229166666666667,3.76,273.47749355802705,54.91594725327651,17.14040373078235,2.9295180103510887,0.7033898305084746,83.0,0.0055414605885744095,7.0,1.8617021276595747,
EN_032_9__ES_032_9,train,false,32,24,1.35,309.3555247917625,44.45269819533945,19.388137523094457,2.321017057543071,0.4883720930232558,21.0,0.01338990032672882,4.0,2.962962962962963,1.5,272.62298808163433,57.73983830302749,17.017689343822752,3.358108762930084,0.723404255319149,34.0,0.011332805268466473,3.0,2.0,
EN_033_10__ES_033_10,test,true,33,33,2.63,111.83452452687519,13.26084676352349,1.828989653420271,1.8702178165765728,0.9156626506024096,76.0,0.019535716623067856,7.0,2.661596958174905,3.14,116.82149095315413,13.899979090408094,2.5736377906171954,2.010032280578738,0.898989898989899,89.0,0.026931073516607285,6.0,1.910828025477707,
EN_033_11__ES_033_11,test,true,33,33,3.95,113.78021333481298,13.065850726851966,2.1295603572883746,1.8774989154149293,0.6693548387096774,83.0,0.015287856571376324,8.0,2.0253164556962022,3.77,116.64025480271123,13.404069977373311,2.558375618332551,1.8888745914491574,0.8135593220338984,96.0,0.023079147562384605,7.0,1.856763925729443,
EN_033_12__ES_033_12,test,true,33,33,5.25,115.44306718431937,9.942096830918269,2.4219523973587687,1.4929037209445555,0.5393939393939394,89.0,0.008005887269973755,11.0,2.0952380952380953,5.74,120.11206994601729,12.217165120739228,3.08460110852863,1.7431537796422234,0.7555555555555555,136.0,0.02459723688662052,11.0,1.916376306620209,
EN_033_13__ES_033_13,train,true,32,32,2.76,105.17677441188971,9.67500591561209,0.8019653619222945,1.5700919111528013,0.5977011494252874,52.0,0.01610034704208374,11.0,3.985507246376812,2.96,132.54635382756587,21.605566168872997,4.625042284999218,3.0304908843288088,0.43010752688172044,40.0,0.01918542943894863,9.0,3.040540540540541,
EN_033_14__ES_033_14,test,true,33,33,1.58,141.41528497109843,16.444547655707858,5.876708951665885,2.0853350383624747,0.9,45.0,0.04225686192512512,6.0,3.7974683544303796,1.96,133.9240832713762,16.727873287229883,4.919607502390522,2.190778059643709,0.7419354838709677,46.0,0.03242265060544014,4.0,2.0408163265306123,
EN_033_15__ES_033_15,test,true,33,33,2.71,109.85165176004254,14.173785927450012,1.4724560781026665,2.3603070448601904,0.6823529411764706,58.0,0.019437378272414207,8.0,2.952029520295203,1.9,104.88378180543201,6.24357064158599,0.7948698712061145,1.029591886638635,0.9666666666666667,58.0,0.02422434464097023,5.0,2.6315789473684212,
EN_033_16__ES_033_16,test,true,33,33,2.88,113.09191078122034,14.062294818991333,1.9954968304537632,2.162082457022439,0.7252747252747253,66.0,0.02558530867099762,8.0,2.7777777777777777,3.46,112.18967653162144,7.76918641581587,1.9500422849992178,1.1931121001467062,0.8348623853211009,91.0,0.032730795443058014,9.0,2.601156069364162,
EN_033_17__ES_033_17,test,true,33,33,4.48,104.18565594743053,9.024678459222697,0.6489311738881071,1.4333716618475665,0.6382978723404256,90.0,0.013866687193512917,9.0,2.008928571428571,3.59,107.15324736215894,9.66274449641749,1.1152108243250605,1.7401472960769537,0.7876106194690266,89.0,0.02783753164112568,9.0,2.5069637883008355,
EN_033_18__ES_033_18,train,true,32,32,2.13,96.18431444516133,7.095094544002098,-0.7205459502949001,1.2763757080487255,0.2537313432835821,17.0,0.011408297345042229,12.0,5.633802816901409,3.88,108.83311020081322,11.49613741536028,1.3790277922455954,1.6834317476706095,0.5655737704918032,69.0,0.017314765602350235,8.0,2.061855670103093,
EN_033_19__ES_033_19,train,true,32,32,1.55,95.22485101565024,4.882802709323557,-0.8681395331826006,0.8375485677295286,0.22448979591836735,11.0,0.011395902372896671,7.0,4.516129032258064,2.54,99.61517875073018,2.7958947806170182,-0.07376723881030646,0.4965641587134744,0.2625,21.0,0.010628941468894482,5.0,1.968503937007874,
EN_033_1__ES_033_1,train,true,32,32,4.29,109.28897467287871,9.007767021268238,1.4700422849992174,1.5879546593023366,0.1111111111111111,15.0,0.012152820825576782,8.0,1.8648018648018647,3.72,118.06897825902718,8.904100013578937,2.8271256183325515,1.2908717311913254,0.41025641025641024,48.0,0.012553464621305466,7.0,1.8817204301075268,
EN_033_20__ES_033_20,train,true,32,32,2.26,110.22466042318925,11.087033992522478,1.6000422849992184,1.7082781640336822,0.39436619718309857,28.0,0.01582344062626362,8.0,3.5398230088495577,3.12,107.32202644930626,13.14134659271531,1.1081503931073262,1.9406050015643115,0.7551020408163265,74.0,0.016874147579073906,6.0,1.923076923076923,
EN_033_21__ES_033_21,train,true,32,32,4.09,1915.0721096632187,145.59496596555303,51.06115339611033,1.3303670708529591,0.0703125,9.0,0.005615768954157829,13.0,3.1784841075794623,3.5,96.85435464989132,5.2329164503294,-0.5780827150007826,0.9213557859887781,0.2909090909090909,32.0,0.00788821280002594,8.0,2.2857142857142856,
EN_033_22__ES_033_22,train,true,32,32,2.04,108.24959659874463,6.956159807659245,1.3371390591927665,1.1000709465343355,0.484375,31.0,0.02288367599248886,10.0,4.901960784313726,3.42,108.47749299411424,8.210468313146437,1.3622044471613797,1.2505082969458698,0.6915887850467289,74.0,0.015247976407408714,7.0,2.046783625730994,
EN_033_23__ES_033_23,train,true,32,32,1.61,92.26391735327391,4.561921396048781,-1.416624381667449,0.9020259384578656,0.4117647058823529,21.0,0.011057230643928051,6.0,3.7267080745341614,1.53,91.45405913099694,5.392136614520992,-1.5768807919238588,1.0264043633772035,0.5416666666666666,26.0,0.014917616732418537,4.0,2.6143790849673203,
EN_033_24__ES_033_24,train,true,32,32,1.43,nan,nan,nan,nan,0.0,0.0,0.006637372076511383,7.0,4.895104895104895,1.22,93.51810388532819,2.974483851308416,-1.1690053340484012,0.5534472466959104,0.5384615384615384,21.0,0.00833018310368061,5.0,4.098360655737705,
EN_033_25__ES_033_25,test,true,33,33,5.635,107.48466874409282,11.287788475718447,1.1559246379403945,1.795532229217613,0.768361581920904,136.0,0.019263342022895813,12.0,2.129547471162378,4.75,111.09464135872271,14.5076830842369,1.6642015770346161,2.3840868924829968,0.7583892617449665,113.0,0.02541983686387539,12.0,2.526315789473684,
EN_033_26__ES_033_26,test,true,33,33,2.56,99.52163690089797,9.83141922613112,-0.1878887494835408,2.013388598958524,0.7160493827160493,58.0,0.016476232558488846,8.0,3.125,2.5,99.30208444407066,5.811597881557143,-0.14995771500078228,0.9896649027414837,0.8987341772151899,71.0,0.01610986888408661,8.0,3.2,
EN_033_2__ES_033_2,test,true,33,33,1.55,111.81866295664412,11.982951075116752,1.840951375908309,1.7694141534081251,0.8979591836734694,44.0,0.019061682745814323,6.0,3.8709677419354835,2.82,115.0354127698136,13.974465749455698,2.3047089516658845,2.0134410567207794,0.8426966292134831,75.0,0.018030231818556786,4.0,1.4184397163120568,
EN_033_3__ES_033_3,train,true,32,32,2.39,106.90771254956852,6.7722506800375095,1.1214708564277889,1.1009272529674845,0.18666666666666668,14.0,0.022918490692973137,10.0,4.184100418410042,2.95,141.69925488796952,32.117720135215414,5.598760233717166,3.8595118460341395,0.41935483870967744,39.0,0.016457699239253998,8.0,2.711864406779661,
EN_033_4__ES_033_4,train,true,32,32,3.48,98.68864987366427,4.241887956881753,-0.2444021594452266,0.7400992592755699,0.3302752293577982,36.0,0.021776799112558365,12.0,3.4482758620689657,4.97,104.674684906717,13.505499351604783,0.6418790196930955,2.2937213978370297,0.3141025641025641,49.0,0.012444295920431614,10.0,2.012072434607646,
EN_033_6__ES_033_6,test,true,33,33,3.7,105.1132813380639,6.655148681208055,0.8233756183325516,1.222118898951572,0.9051724137931034,105.0,0.02116144262254238,12.0,3.243243243243243,3.51,118.00094041261761,10.680288050472274,2.7969558652461317,1.531406713905821,0.7363636363636363,81.0,0.0270182266831398,10.0,2.8490028490028494,
EN_033_7__ES_033_7,train,true,32,32,0.95,111.21027289308726,6.653928942021595,1.808375618332551,1.0387960445738238,0.4,12.0,0.008707636967301369,5.0,5.2631578947368425,1.18,119.10554188877829,9.549442902344893,2.97147085642779,1.3836693305578944,0.7567567567567568,28.0,0.014125020243227482,3.0,2.5423728813559325,
EN_033_8__ES_033_8,test,true,33,33,4.02,113.55266793238248,14.09657925664111,2.0512768529004526,2.3488633356730775,0.6428571428571429,81.0,0.020224448293447495,9.0,2.238805970149254,4.13,126.41163079597649,30.669836723684288,3.650042284999218,3.567912554982255,0.7692307692307693,100.0,0.024376001209020615,10.0,2.4213075060532687,
EN_033_9__ES_033_9,test,true,33,33,1.77,114.7417503440032,15.503984806566047,2.238042284999217,2.1666231790507546,0.8928571428571429,50.0,0.014968995936214924,4.0,2.2598870056497176,2.07,124.89067741961611,13.06561760618793,3.7565996620483983,1.7638323451478717,0.9384615384615385,61.0,0.03146939352154732,3.0,1.4492753623188408,
EN_034_10__ES_034_10,train,true,32,32,2.42,291.77810682217967,27.090584982814335,18.465667284999217,1.580962795063502,0.8421052631578947,64.0,0.004610689356923103,12.0,4.958677685950414,2.93,261.2287967776759,23.588188992000354,16.554748167352162,1.5378293244511467,0.9239130434782609,85.0,0.007411952130496502,7.0,2.3890784982935154,
EN_034_11__ES_034_11,test,true,34,34,3.28,212.87116996326333,24.65885002608513,12.975375618332551,1.8527884090982671,0.7281553398058253,75.0,0.0054886117577552795,8.0,2.4390243902439024,2.66,224.9018906316344,32.93112842618668,13.873418908375841,2.2503619393677172,0.9166666666666666,77.0,0.004943333566188812,8.0,3.007518796992481,
EN_034_12__ES_034_12,test,true,34,34,2.77,205.69085104206584,23.57394212920478,12.384084838190708,1.8255021571745131,0.5402298850574713,47.0,0.005204647313803434,9.0,3.2490974729241877,3.52,214.69302266290958,20.651538532340346,13.154343360268037,1.554868454035158,0.8378378378378378,93.0,0.004307486116886139,10.0,2.840909090909091,
EN_034_13__ES_034_13,test,true,34,34,3.43,220.64263108897896,32.88931351859037,13.528091065487025,2.3790767009157094,0.7592592592592593,82.0,0.004830228630453348,14.0,4.081632653061225,3.47,221.46239944061682,28.15026604921653,13.642177116459893,1.9946121088990065,0.8165137614678899,89.0,0.00406648637726903,14.0,4.034582132564841,
EN_034_14__ES_034_14,test,true,34,34,1.9,216.30616459092153,27.48724132044389,13.235408138657757,1.9804607711719766,0.6833333333333333,41.0,0.009721550159156322,10.0,5.2631578947368425,2.32,226.9216933786204,20.23583304535563,14.123281721618936,1.448939169640325,0.9726027397260274,71.0,0.006903588771820068,9.0,3.8793103448275863,
EN_034_15__ES_034_15,test,true,34,34,2.63,220.28946909153535,37.6591174879413,13.445124252212333,2.735344029641334,0.7349397590361446,61.0,0.00801082979887724,13.0,4.942965779467681,3.11,239.182111727049,36.85884487600601,14.897542284999219,2.613664812098139,0.8163265306122449,80.0,0.005146471783518791,13.0,4.180064308681672,
EN_034_16__ES_034_16,train,true,32,32,2.0,326.0539505856549,37.99971512623987,20.340364865644382,2.0613736163695084,0.49206349206349204,31.0,0.005911414977163076,7.0,3.5,3.23,301.0481027776526,45.98072281212883,18.871993504511412,2.7062269833525314,0.8118811881188119,82.0,0.008771422319114208,8.0,2.476780185758514,
EN_034_17__ES_034_17,train,true,32,32,3.76,275.6644862843195,38.43704757630371,17.399317647318057,2.2793733685294075,0.5847457627118644,69.0,0.006145950872451067,9.0,2.393617021276596,3.85,258.147197841974,28.406705524210857,16.321042284999216,1.8043999002438453,0.8264462809917356,100.0,0.007473997306078672,10.0,2.5974025974025974,
EN_034_18__ES_034_18,test,true,34,34,1.9,220.47327856917866,9.814849636080169,13.670412655369589,0.7599657959236963,0.9,54.0,0.008209377527236938,6.0,3.1578947368421053,1.92,221.05024450550198,14.123409118035712,13.700042284999219,1.0387148653160652,0.9180327868852459,56.0,0.0044046975672245026,7.0,3.6458333333333335,
EN_034_19__ES_034_19,test,true,34,34,2.66,220.84738824652214,12.522060187785058,13.687542284999216,1.0148121747397394,0.47619047619047616,40.0,0.006353810429573059,14.0,5.263157894736842,3.31,205.38990175478938,12.336169403616678,12.428303154564436,1.0619737660475224,0.4423076923076923,46.0,0.003564518876373768,14.0,4.229607250755287,
EN_034_1__ES_034_1,train,true,32,32,3.6,270.25124415595957,39.461840838660606,17.035099756263588,2.4501714101723144,0.7699115044247787,87.0,0.0063518802635371685,9.0,2.5,4.89,283.538282998767,36.806832877229425,17.899165092016766,2.219974933240617,0.7450980392156863,114.0,0.007580969016999006,10.0,2.044989775051125,
EN_034_20__ES_034_20,test,true,34,34,3.84,234.4806593652964,25.026664084179682,14.658792284999219,1.7952850574490946,0.6611570247933884,80.0,0.009645158424973488,11.0,2.8645833333333335,4.4,227.4484524175995,32.277079267081795,14.070763005719938,2.259519087679648,0.8043478260869565,111.0,0.005985342897474766,11.0,2.5,
EN_034_21__ES_034_21,test,true,34,34,1.78,212.87489842656393,23.71462559233494,12.994486729443667,1.6304812589546898,0.8035714285714286,45.0,0.005440481472760439,11.0,6.179775280898876,2.06,214.56536283888468,21.0359780796672,13.140238363430589,1.5995409760622794,0.7846153846153846,51.0,0.00450343731790781,7.0,3.3980582524271843,
EN_034_22__ES_034_22,train,true,32,32,1.82,245.33639237601224,32.79586665961733,15.406292284999218,2.046735841325565,0.8421052631578947,48.0,0.006665938999503851,6.0,3.2967032967032965,2.94,251.48252436912975,21.899662130950528,15.899409373606812,1.5156461142783195,0.8586956521739131,79.0,0.005549090914428234,4.0,1.3605442176870748,
EN_034_23__ES_034_23,test,true,34,34,2.01,226.76197456366114,33.24605613994035,13.99594392434348,2.4577461199898534,0.9682539682539683,61.0,0.01072636153548956,15.0,7.46268656716418,2.99,227.63365939849228,24.632277113291853,14.143981678938612,1.8077173609093227,0.7021276595744681,66.0,0.005842095240950584,14.0,4.682274247491638,
EN_034_24__ES_034_24,train,true,32,32,2.11,275.1290162283409,93.4974443886571,16.79004228499922,4.648268494826864,0.8333333333333334,55.0,0.005416313651949167,6.0,2.843601895734597,2.57,272.397205074928,49.67034182171243,17.092508038423876,2.898460517604965,0.9012345679012346,73.0,0.005561404395848513,5.0,1.945525291828794,
EN_034_25__ES_034_25,test,true,34,34,1.84,199.43028715508467,5.90760132297409,11.943145733275083,0.5064623991099909,0.5,29.0,0.004339857958257198,13.0,7.065217391304348,2.09,205.708858284733,10.233999485262148,12.467023417074687,0.8252468696519949,0.803030303030303,53.0,0.004238111898303032,10.0,4.784688995215311,
EN_034_26__ES_034_26,train,true,32,32,3.09,240.03817891838975,19.678993341688674,15.100042284999219,1.4368789831162583,0.6804123711340206,66.0,0.006481898948550224,11.0,3.5598705501618126,5.28,250.6138441422163,36.792272123301416,15.730864202807437,2.422195174100844,0.8795180722891566,146.0,0.009456377476453781,12.0,2.2727272727272725,
EN_034_2__ES_034_2,train,true,32,32,3.51,244.75105470641276,22.92385927215997,15.422661332618267,1.5770188263571263,0.7636363636363637,84.0,0.006435005459934473,12.0,3.418803418803419,4.53,253.51421126838866,28.037194132246466,16.001369718627537,1.883233664307257,0.795774647887324,113.0,0.008117609657347202,10.0,2.2075055187637966,
EN_034_3__ES_034_3,train,true,32,32,3.29,240.4727355876086,22.848357052647803,15.11555952637852,1.595095038152027,0.8446601941747572,87.0,0.004039929248392582,12.0,3.6474164133738602,5.64,272.5975297974075,56.08157271846472,17.09614157577936,2.8079804643219437,0.7966101694915254,141.0,0.005460248328745365,11.0,1.950354609929078,
EN_034_4__ES_034_4,train,true,32,32,1.9,258.4958932100362,29.08734321353652,16.33004228499922,1.9756807145169697,0.5833333333333334,35.0,0.003307669423520565,5.0,2.6315789473684212,2.17,254.75507790372126,25.977425290478532,16.104587739544673,1.6876720400008263,0.9705882352941176,66.0,0.004452389199286699,5.0,2.3041474654377883,
EN_034_5__ES_034_5,train,true,32,32,2.27,249.1762818432007,22.520189977877106,15.738042284999217,1.5198210420967333,0.704225352112676,50.0,0.0062806373462080956,8.0,3.5242290748898677,3.37,251.80143503913635,27.80970039603297,15.895496830453764,1.726283608338657,0.9339622641509434,99.0,0.007547835353761911,8.0,2.373887240356083,
EN_034_6__ES_034_6,train,true,32,32,2.52,277.2958908421526,48.862632334206374,17.385336402646278,3.075955042470343,0.6455696202531646,51.0,0.004956860560923815,6.0,2.380952380952381,2.0,273.29254673094067,33.15660330957319,17.287079322036252,1.987488299177883,0.8571428571428571,54.0,0.004925278015434742,5.0,2.5,
EN_034_7__ES_034_7,train,true,32,32,2.61,268.0602258541883,31.034515018484193,16.96286279781973,1.8988767917767742,0.47560975609756095,39.0,0.005020630545914173,7.0,2.681992337164751,3.86,272.17510002573994,35.690070635890294,17.19379228499922,2.1774800276542905,0.7933884297520661,96.0,0.006203215103596449,8.0,2.072538860103627,
EN_034_8__ES_034_8,train,true,32,32,2.78,243.45993449215152,24.19407803625946,15.31908990404684,1.7149882819588702,0.4827586206896552,42.0,0.006667805835604668,7.0,2.5179856115107917,3.77,263.9285718276553,24.76317803275356,16.728392800463137,1.579849060004354,0.8220338983050848,97.0,0.006577892694622278,6.0,1.5915119363395225,
EN_034_9__ES_034_9,train,true,32,32,3.3,240.062537991033,16.630919361464507,15.12219418373339,1.1398352877744617,0.7596153846153846,79.0,0.00574412290006876,13.0,3.9393939393939394,4.14,251.38635473290262,22.003780411497093,15.895988230945166,1.4565035130629267,0.8538461538461538,111.0,0.007066334132105112,8.0,1.9323671497584543,
EN_035_10__ES_035_10,train,true,35,35,2.11,142.3684408665171,38.98149390903076,5.560756570713503,4.2086084640985115,0.42424242424242425,28.0,0.01620730757713318,9.0,4.265402843601896,2.75,115.09092771975826,13.205977949806243,2.3111533961103286,2.098581237378373,0.4186046511627907,36.0,0.008498537354171276,5.0,1.8181818181818181,
EN_035_11__ES_035_11,train,true,35,35,3.12,114.75560227391266,11.746462668825458,2.292147548157112,1.7720983070846545,0.19387755102040816,19.0,0.013284538872539997,12.0,3.846153846153846,5.19,123.88736654129474,28.65102483269473,3.306564024129653,3.610982774447075,0.5644171779141104,92.0,0.008044248446822166,10.0,1.9267822736030826,
EN_035_12__ES_035_12,test,true,34,34,2.4,281.3516558174623,53.930311444041934,17.639133194090128,2.9324933683423557,0.7236842105263158,55.0,0.03254380449652672,6.0,2.5,2.14,203.3783515523228,47.5417295019329,11.773119208076142,4.332329955143846,0.7761194029850746,52.0,0.015039730817079544,6.0,2.803738317757009,
EN_035_13__ES_035_13,test,true,34,34,3.29,209.2874816211097,15.401551765350998,12.739785874742807,1.2572446209142762,0.7572815533980582,78.0,0.026644548401236534,13.0,3.951367781155015,2.55,226.28280301672896,25.071053687302502,14.032899427856362,1.8968373247948003,0.875,70.0,0.01766171120107174,10.0,3.9215686274509807,
EN_035_14__ES_035_14,test,true,34,34,2.8,289.92403779922864,90.43410997933594,17.724235833386313,4.727917617175355,0.7045454545454546,62.0,0.019711846485733986,10.0,3.5714285714285716,2.95,282.17512103699227,109.31035649293707,16.617574752531688,7.042919287703196,0.8279569892473119,77.0,0.012176253832876682,9.0,3.0508474576271185,
EN_035_15__ES_035_15,test,true,34,34,2.85,279.88605435568206,111.88358097978558,16.904454049705098,5.067672450518477,0.7555555555555555,68.0,0.01962202787399292,12.0,4.2105263157894735,3.96,229.38683122524034,54.971943047404174,13.711840037808209,5.1808746304677324,0.717741935483871,89.0,0.012210573069751263,13.0,3.282828282828283,
EN_035_1__ES_035_1,train,true,35,35,2.26,120.52713902881408,33.6624424930299,2.621917284999218,4.473479795905533,0.4507042253521127,32.0,0.0055124228820204735,7.0,3.097345132743363,3.72,136.00964714607017,25.23635451375024,5.02812447678004,3.200481409650505,0.6239316239316239,73.0,0.007904933765530586,8.0,2.150537634408602,
EN_035_2__ES_035_2,test,true,34,34,1.14,330.26146591611746,54.472054500247175,20.470042284999217,2.651037532740719,0.6944444444444444,25.0,0.041310012340545654,3.0,2.6315789473684212,1.68,304.45989224501363,57.37277582911737,18.983375618332552,3.1386479750222236,0.5094339622641509,27.0,0.022391363978385925,2.0,1.1904761904761905,
EN_035_3__ES_035_3,train,true,35,35,2.59,101.06904225264567,12.448106259073928,0.06158074653767941,2.025382570334063,0.6419753086419753,52.0,0.008050121366977692,13.0,5.01930501930502,4.34,111.8522325161711,17.92300029367058,1.729407364364297,2.6622081019011583,0.4632352941176471,63.0,0.0062390160746872425,14.0,3.2258064516129035,
EN_035_4__ES_035_4,test,true,34,34,3.71,247.57082349387647,29.993771288521646,15.56919122116943,2.0719646651337227,0.8103448275862069,94.0,0.029163850471377373,12.0,3.234501347708895,3.48,225.75067455832445,23.710607028464047,14.004208951665882,1.7784541898951332,0.8807339449541285,96.0,0.01645989902317524,12.0,3.4482758620689657,
EN_035_5__ES_035_5,train,true,35,35,2.29,130.64048801361704,34.80987843423975,4.021094916578165,4.563349871515605,0.5277777777777778,38.0,0.011676316149532795,9.0,3.930131004366812,3.22,119.49708614028366,35.63515890538154,2.4568219460161673,4.433228322366263,0.5841584158415841,59.0,0.008140289224684238,7.0,2.1739130434782608,
EN_035_6__ES_035_6,test,true,34,34,2.72,231.66654661305375,12.236651891428295,14.520354784999217,0.9173125979423542,0.7441860465116279,64.0,0.02527739852666855,10.0,3.676470588235294,2.05,227.92709199054002,24.171032773339274,14.16768934382275,1.8060579846893003,0.7846153846153846,51.0,0.02019975148141384,6.0,2.9268292682926833,
EN_035_7__ES_035_7,test,true,34,34,2.34,209.0363383027081,20.525009240911622,12.687747203032005,1.6068668152983188,0.8243243243243243,61.0,0.021481754258275032,7.0,2.9914529914529915,2.51,212.91453218474416,17.228946088739473,13.028473657548236,1.3680261615274782,0.6455696202531646,51.0,0.011794887483119965,6.0,2.3904382470119523,
EN_035_8__ES_035_8,train,true,35,35,1.93,135.83981181585773,22.10840158509717,5.071318880743901,2.8417058235018953,0.7704918032786885,47.0,0.019724423065781593,6.0,3.1088082901554404,2.12,162.7044057788523,22.515727028223893,8.246816478547606,2.5522265890619256,0.4626865671641791,31.0,0.009270046837627888,6.0,2.830188679245283,
EN_035_9__ES_035_9,test,true,34,34,3.01,226.6663132205449,16.608197373985856,14.118669735979607,1.3034629887986893,0.5368421052631579,51.0,0.03149760514497757,10.0,3.322259136212625,3.28,217.0307215336463,17.355566614887653,13.357937021841323,1.4135400835728138,0.7378640776699029,76.0,0.022958656772971153,8.0,2.4390243902439024,
EN_036_10__ES_036_10,train,true,36,36,3.39,111.41112936191641,8.152813756405545,1.827820062776996,1.197012742694429,0.9339622641509434,99.0,0.013284354470670223,13.0,3.8348082595870205,3.57,107.65785312063306,9.420624582862512,1.2147481673521594,1.4537744693082408,0.9107142857142857,102.0,0.0037806255277246237,13.0,3.641456582633053,
EN_036_11__ES_036_11,train,true,36,36,2.33,113.39452585545529,10.0983312272607,2.1152596763035656,1.4136832442452805,0.9452054794520548,69.0,0.01769852638244629,11.0,4.721030042918454,3.14,121.37474812036464,29.888694844505913,2.9854853229739016,3.2785469911742315,0.797979797979798,79.0,0.014016506262123585,10.0,3.184713375796178,
EN_036_12__ES_036_12,train,true,36,36,2.23,113.66469471346896,7.528074371078915,2.1821177566973304,1.0860650081147043,0.7571428571428571,53.0,0.014916660264134407,7.0,3.1390134529147984,3.93,112.10928634492639,3.3356874203487825,1.971094916578166,0.5207069560434358,0.15447154471544716,19.0,0.006375405006110668,9.0,2.2900763358778624,
EN_036_13__ES_036_13,train,true,36,36,1.55,116.8107341893531,9.538223624190586,2.6344172849992185,1.375933631893268,0.6530612244897959,32.0,0.016648979857563972,5.0,3.225806451612903,1.38,120.9228048251614,13.312334440380377,3.190042284999218,1.8261904141056673,0.7954545454545454,35.0,0.01768934540450573,5.0,3.6231884057971016,
EN_036_14__ES_036_14,train,true,36,36,3.84,116.02252749619106,15.569736041395261,2.432498425350096,2.1520388380224538,0.9421487603305785,114.0,0.01878645457327366,20.0,5.208333333333334,3.85,118.61507477796457,16.95267149573142,2.7830857632600883,2.4322014268391374,0.9504132231404959,115.0,0.019754255190491676,19.0,4.935064935064935,
EN_036_15__ES_036_15,train,true,36,36,2.21,123.5066140795561,33.89343873788855,3.215616055491021,3.5613998558267084,0.8714285714285714,61.0,0.01974189281463623,6.0,2.7149321266968327,3.26,124.17348094106619,13.572703254161025,3.6484549834119155,1.8450699701527276,0.6176470588235294,63.0,0.017253318801522255,6.0,1.8404907975460123,
EN_036_16__ES_036_16,train,true,36,36,2.31,114.13863880562393,10.259484048822898,2.222456078102666,1.507772175172212,0.7945205479452054,58.0,0.016166284680366516,8.0,3.463203463203463,3.67,110.65805857356308,10.41400514250876,1.6734990751226746,1.681729827022126,0.7043478260869566,81.0,0.01205498818308115,12.0,3.2697547683923704,
EN_036_17__ES_036_17,train,true,36,36,1.57,107.21760510122114,5.306693794277957,1.1855978405547734,0.8477828746024156,0.9,45.0,0.026186877861618996,6.0,3.821656050955414,2.74,114.70010484628197,18.483722550180907,2.196196131153064,2.345901625786943,0.9069767441860465,78.0,0.017170002683997154,9.0,3.284671532846715,
EN_036_18__ES_036_18,train,true,36,36,4.97,107.77686507549222,6.652123256072394,1.2611533961103292,1.1285301267195218,0.8653846153846154,135.0,0.01725735142827034,15.0,3.018108651911469,4.89,108.8052350881464,8.014329367938943,1.4067089516658848,1.4252524142917435,0.5882352941176471,90.0,0.008924639783799648,12.0,2.4539877300613497,
EN_036_19__ES_036_19,train,true,36,36,2.63,114.16192252471062,8.138754427033854,2.2528200627769954,1.1551782236499535,0.8674698795180723,72.0,0.014376473613083363,12.0,4.562737642585551,3.24,115.89921650300325,9.836268420831804,2.4943279992849328,1.4299486218827895,0.6862745098039216,70.0,0.010692059993743896,8.0,2.4691358024691357,
EN_036_1__ES_036_1,train,true,36,36,3.8,115.5641174144781,11.412392073399818,2.4250422849992175,1.634234118431675,0.8739495798319328,104.0,0.019227435812354088,11.0,2.8947368421052633,4.87,114.04097050163791,12.697294097590994,2.1752596763035656,1.8208857604860935,0.7516339869281046,115.0,0.010628672316670418,14.0,2.8747433264887063,
EN_036_20__ES_036_20,train,true,36,36,1.08,117.37996192246587,7.343842591929911,2.7400422849992174,1.0908253755757606,0.5882352941176471,20.0,0.02777964621782303,5.0,4.62962962962963,1.31,119.59463483412051,8.456263229654343,3.054587739544672,1.2238082413394054,0.5365853658536586,22.0,0.014944136142730713,4.0,3.0534351145038165,
EN_036_21__ES_036_21,train,true,2,2,1.95,213.98677275565106,14.313519643795548,13.130477067607911,1.1818591774453955,0.7540983606557377,46.0,0.007771425414830446,10.0,5.128205128205129,2.14,215.11789664979727,20.663176530081255,13.187973319481978,1.5671000657052543,0.8656716417910447,58.0,0.010942032560706139,9.0,4.205607476635514,
EN_036_22__ES_036_22,train,true,36,36,1.98,130.5421891877869,19.693020929255614,4.430893348829006,2.473660247562549,0.7580645161290323,47.0,0.010191367007791996,4.0,2.0202020202020203,1.81,116.59529550109389,35.67374094107816,1.7344867294436628,5.851949553802298,0.7894736842105263,45.0,0.0075771259143948555,3.0,1.6574585635359116,
EN_036_23__ES_036_23,train,true,2,2,1.59,273.33872818306924,61.143739934216406,16.981860466817402,3.8218137488080846,0.88,44.0,0.008055360056459904,4.0,2.5157232704402515,1.57,282.3436756986529,55.65336281055867,17.623375618332553,3.483127585630159,0.9,45.0,0.011487673968076706,4.0,2.5477707006369426,
EN_036_24__ES_036_24,train,true,36,36,2.77,120.07930056745732,8.928294337339592,3.123281721618937,1.2224378490470513,0.8160919540229885,71.0,0.019495578482747078,9.0,3.2490974729241877,3.14,115.49000000482845,6.845493273143805,2.463375618332551,1.0118410063948895,0.6060606060606061,60.0,0.012372391298413277,10.0,3.184713375796178,
EN_036_25__ES_036_25,train,true,36,36,2.99,112.6473613832578,9.294576135934486,2.0076893438227468,1.34141071225853,0.9042553191489362,85.0,0.012955587357282639,13.0,4.3478260869565215,2.8,108.13024293745514,5.302403616905023,1.3323003495153471,0.852987953919478,0.7045454545454546,62.0,0.010684792883694172,11.0,3.928571428571429,
EN_036_26__ES_036_26,train,true,2,2,2.53,229.05827611721904,45.18868630896824,13.925799860756793,4.063736920546445,0.825,66.0,0.008845730684697628,7.0,2.766798418972332,2.13,258.3182344568309,25.99344754312252,16.33754228499922,1.8117732533152633,0.835820895522388,56.0,0.011237462982535362,5.0,2.347417840375587,
EN_036_27__ES_036_27,train,true,36,36,1.53,112.17741773410177,5.0325841678007555,1.97226450722144,0.766779379798355,0.9375,45.0,0.019931592047214508,6.0,3.9215686274509802,1.62,108.20655629597559,4.195957364966209,1.3521256183325516,0.6835841765202652,0.9411764705882353,48.0,0.014921816065907478,5.0,3.0864197530864197,
EN_036_28__ES_036_28,train,true,2,2,2.39,268.94379559453836,33.550714196244755,16.993325867088775,2.1592027191229093,0.8933333333333333,67.0,0.013913172297179699,12.0,5.02092050209205,2.66,263.3949341202398,28.821878762774386,16.665984313984723,1.85516304126695,0.8214285714285714,69.0,0.021412840113043785,9.0,3.3834586466165413,
EN_036_29__ES_036_29,train,true,36,36,2.79,115.7097139356967,14.519785490219482,2.395656320086937,2.103303181208957,0.6477272727272727,57.0,0.01410379447042942,9.0,3.225806451612903,3.34,123.43214607875645,15.802939771746278,3.5156672849992177,2.0640690054780144,0.6095238095238096,64.0,0.00906214490532875,9.0,2.694610778443114,
EN_036_2__ES_036_2,train,true,2,2,1.05,249.2090403734943,36.03263730441839,15.637542284999219,2.396231850913708,0.7272727272727273,24.0,0.016501694917678833,3.0,2.857142857142857,1.24,291.3899585563845,66.45561198267269,18.135756570713504,3.486311424261862,0.8974358974358975,35.0,0.017987526953220367,3.0,2.4193548387096775,
EN_036_30__ES_036_30,train,true,2,2,0.66,244.1184243391701,35.78283222314034,15.271470856427792,2.472181966091773,0.6666666666666666,14.0,0.00383752235211432,3.0,4.545454545454545,0.84,218.16669873952594,2.6783868990882196,13.503888438845372,0.2098181799536293,0.48148148148148145,13.0,0.003361630719155073,3.0,3.5714285714285716,
EN_036_31__ES_036_31,train,true,36,36,2.7,123.46179444702857,32.135879107585936,3.22234997730691,3.5572897069498843,0.7647058823529411,65.0,0.012323880568146706,8.0,2.962962962962963,2.85,131.20992497448722,18.546076820578616,4.569220367190999,2.017910049602492,0.8111111111111111,73.0,0.011559809558093548,7.0,2.456140350877193,
EN_036_32__ES_036_32,train,true,36,36,3.23,118.12790197484742,20.410939490086342,2.6200422849992178,3.0581203377238118,0.693069306930693,70.0,0.011377563700079918,6.0,1.8575851393188854,2.75,126.43870206847795,20.973245561455983,3.8434633376307974,2.6890780814208126,0.8837209302325582,76.0,0.015051884576678276,8.0,2.909090909090909,
EN_036_3__ES_036_3,train,true,36,36,2.06,118.12976992545708,10.304194829497622,2.8210100269347023,1.468967938864232,0.9538461538461539,62.0,0.022003088146448135,12.0,5.825242718446602,2.17,114.4503454584639,12.47816474855338,2.239327999284932,1.810650886464053,0.8235294117647058,56.0,0.011534144170582294,10.0,4.6082949308755765,
EN_036_4__ES_036_4,train,true,36,36,2.37,114.86749271498996,7.0917854978839845,2.3669653619222943,1.0614314327315417,0.8666666666666667,65.0,0.021939566358923912,9.0,3.7974683544303796,3.41,116.56173471672179,9.65915981232977,2.5958756183325513,1.3958208954669733,0.6728971962616822,72.0,0.009499453008174896,8.0,2.3460410557184748,
EN_036_5__ES_036_5,train,true,36,36,3.01,111.79016239095763,15.128636687240448,1.7962922849992178,2.059850950311697,0.8421052631578947,80.0,0.01397046446800232,11.0,3.6544850498338874,3.78,104.53797397227665,7.170683848114601,0.7296341217339115,1.1430320565856151,0.4117647058823529,49.0,0.0043420447036623955,8.0,2.1164021164021167,
EN_036_6__ES_036_6,train,true,36,36,1.44,119.35463539979845,7.554575465713856,3.0286137135706466,1.0903332199893045,0.6086956521739131,28.0,0.020550372079014778,6.0,4.166666666666667,1.41,120.334688774505,11.373471058295923,3.130042284999217,1.593701890030163,0.7777777777777778,35.0,0.00800878182053566,6.0,4.25531914893617,
EN_036_7__ES_036_7,train,true,36,36,1.54,105.59419925638936,3.895804296875377,0.9305300898772663,0.6409670712576782,0.8367346938775511,41.0,0.018205877393484116,8.0,5.194805194805195,2.24,108.98355060203514,3.931441840400546,1.478247413204347,0.6168358955386622,0.5492957746478874,39.0,0.005423814058303833,8.0,3.571428571428571,
EN_036_8__ES_036_8,train,true,36,36,2.82,112.05711574709952,6.9064413376522005,1.9344578694148022,1.1528693661215659,0.8651685393258427,77.0,0.01802799664437771,10.0,3.546099290780142,3.04,116.80238168015259,9.556947460373014,2.6324598674167996,1.3887771050830824,0.9479166666666666,91.0,0.007464863359928131,11.0,3.6184210526315788,
EN_036_9__ES_036_9,train,true,36,36,3.77,109.17605616446306,6.727229143423906,1.4894918262836214,1.0074965202320083,0.923728813559322,109.0,0.01758413575589657,17.0,4.5092838196286475,4.48,113.05589970442206,10.14125183551825,2.060875618332551,1.452744290032565,0.851063829787234,120.0,0.006797033827751875,19.0,4.241071428571428,
EN_037_10__ES_037_10,train,true,36,36,0.98,120.5991680286054,13.812219251299346,3.1326509806513916,1.9360767533098975,0.7419354838709677,23.0,0.0034121747594326735,4.0,4.081632653061225,0.94,115.72126507582746,6.23670948110719,2.5038884388453715,0.9005258161552782,0.8666666666666667,26.0,0.0037443095352500677,4.0,4.25531914893617,
EN_037_11__ES_037_11,train,true,36,36,1.89,134.83785347216445,22.698285085654874,4.982695346223708,2.4332214101174383,0.8166666666666667,49.0,0.004713053815066814,7.0,3.7037037037037037,1.94,130.44275801542219,21.166603031596043,4.40539942785636,2.5094051402998416,0.9180327868852459,56.0,0.00591637659817934,6.0,3.0927835051546393,
EN_037_12__ES_037_12,dev,true,37,37,2.26,127.30329681792946,7.00705504874676,4.154390111086176,0.9156346943567434,0.971830985915493,69.0,0.0073568737134337425,10.0,4.424778761061948,2.62,135.58271113097382,18.10182472751899,5.126665661622595,2.1917137992072213,0.9390243902439024,77.0,0.006950972136110067,8.0,3.0534351145038165,
EN_037_13__ES_037_13,dev,true,37,37,2.32,126.28453842262806,14.369617578835902,3.9471011085286296,1.7165261249734194,0.9315068493150684,68.0,0.006529235281050205,11.0,4.741379310344828,2.71,129.8451909334673,7.90916046080796,4.489231474188407,1.0587878800865929,0.8705882352941177,74.0,0.007588081993162632,12.0,4.428044280442805,
EN_037_14__ES_037_14,dev,true,37,37,2.88,133.46157523227697,9.78990808479618,4.951827999284932,1.2430508367130693,0.6153846153846154,56.0,0.006920569576323032,10.0,3.4722222222222223,3.32,137.49725625823015,11.348066264306128,5.455250618332552,1.40463294372488,0.9230769230769231,96.0,0.006360190454870462,12.0,3.6144578313253013,
EN_037_15__ES_037_15,train,true,36,36,1.58,114.7308904768322,9.076347358158436,2.3278200627769956,1.3136275286208858,0.72,36.0,0.004289277829229832,4.0,2.531645569620253,1.77,117.95910821437208,9.33435040363889,2.806139845974828,1.3530541388566009,0.7321428571428571,41.0,0.0046368190087378025,3.0,1.694915254237288,
EN_037_16__ES_037_16,dev,true,37,37,1.61,121.13211538192573,10.696747159603069,3.244914079871012,1.640504725014291,0.7647058823529411,39.0,0.007554601412266493,6.0,3.7267080745341614,2.05,129.70883266475036,12.220123288757637,4.431708951665884,1.5491386495583783,0.9230769230769231,60.0,0.006410175934433937,8.0,3.9024390243902443,
EN_037_17__ES_037_17,dev,true,37,37,4.23,127.42894357283471,7.343466394464913,4.168894744015612,0.9636280459900195,0.9172932330827067,122.0,0.007607311010360718,18.0,4.25531914893617,5.56,138.2798813059277,13.394549422328469,5.533268091450831,1.6257135150088449,0.8908045977011494,155.0,0.009710794314742088,24.0,4.316546762589929,
EN_037_18__ES_037_18,dev,true,37,37,5.3,121.04130324072318,8.057188903177268,3.2732817216189356,1.0254278044341911,0.8554216867469879,142.0,0.0057132793590426445,22.0,4.150943396226415,4.87,135.739424176105,11.367458033468274,5.232111250516459,1.4014115527108173,0.9477124183006536,145.0,0.005931785795837641,18.0,3.6960985626283365,
EN_037_19__ES_037_19,train,true,36,36,3.62,131.01936511376925,21.921516487876218,4.457258779844579,2.702127738274918,0.8508771929824561,97.0,0.005902185570448637,10.0,2.7624309392265194,3.3,158.62573671088012,32.47728709343269,7.6364059213628535,3.460103184817872,0.8461538461538461,88.0,0.0070271482691168785,11.0,3.3333333333333335,
EN_037_1__ES_037_1,dev,true,37,37,4.92,125.38754799969061,10.485919219428764,3.8614457937711477,1.3545089595093853,0.7402597402597403,114.0,0.0038949670270085335,15.0,3.048780487804878,5.21,123.26500889830034,8.296177407084052,3.584084838190708,1.1182451923643417,0.8650306748466258,141.0,0.0038626454770565033,12.0,2.3032629558541267,
EN_037_20__ES_037_20,dev,true,37,37,2.07,123.45309435617582,8.304765422704724,3.6140422849992175,1.0374507217212778,0.7692307692307693,50.0,0.0034163501113653183,7.0,3.381642512077295,3.01,129.21982313294933,10.556337773980303,4.3816878546194715,1.3871511926755251,0.8315789473684211,79.0,0.003999725449830294,9.0,2.990033222591362,
EN_037_21__ES_037_21,dev,true,37,37,1.72,119.55563407545918,3.996751192608864,3.0826509806513926,0.5725816242651566,0.8518518518518519,46.0,0.0041529093869030476,6.0,3.488372093023256,1.7,130.32797152046427,12.41323247284039,4.5119470469039795,1.5744919635586134,0.7777777777777778,42.0,0.0028116493485867977,6.0,3.5294117647058822,
EN_037_22__ES_037_22,dev,true,37,37,4.52,137.40125938634554,15.287810020126644,5.400455508139713,1.8360991693874131,0.852112676056338,121.0,0.005978099070489407,15.0,3.3185840707964607,3.77,137.82416657343194,15.128643622091822,5.454587739544672,1.8333345855242404,0.7457627118644068,88.0,0.0053830682300031185,14.0,3.713527851458886,
EN_037_23__ES_037_23,dev,true,37,37,2.71,126.57889375852707,13.315497668583758,3.988708951665885,1.7738766085109257,0.8823529411764706,75.0,0.00616208603605628,12.0,4.428044280442805,3.84,130.07611123908995,10.21547731366271,4.501042284999218,1.3186731968156482,0.8264462809917356,100.0,0.005248460918664932,14.0,3.6458333333333335,
EN_037_24__ES_037_24,train,true,36,36,1.54,105.14968457361559,4.701010847494276,0.8530725880295209,0.7391579355098487,0.673469387755102,33.0,0.0021872431971132755,5.0,3.2467532467532467,1.29,110.85269496264848,10.732577360716705,1.7175422849992181,1.4421143331927604,0.975609756097561,40.0,0.003728755982592702,5.0,3.875968992248062,
EN_037_25__ES_037_25,dev,true,37,37,3.54,131.99884617361312,13.982115235390522,4.716378918662585,1.7341803912084912,0.9099099099099099,101.0,0.006718609947711229,12.0,3.389830508474576,3.95,140.84399380761806,16.863195368192144,5.802934846982691,2.1006915185780297,0.9758064516129032,121.0,0.010002423077821732,17.0,4.30379746835443,
EN_037_26__ES_037_26,dev,true,37,37,2.02,134.46348926263755,14.941667774698516,5.023851808808741,1.8686714817152754,0.65625,42.0,0.010878672823309898,8.0,3.9603960396039604,2.94,130.63049150949232,11.749360263597733,4.557907453538544,1.525014254426003,0.967391304347826,89.0,0.010295507498085499,12.0,4.081632653061225,
EN_037_27__ES_037_27,dev,true,37,37,3.47,122.46232438016143,7.451522016890945,3.4777018594673046,1.0128330033233985,0.8623853211009175,94.0,0.008883864618837833,17.0,4.899135446685879,3.95,130.79516844961415,10.455137166421649,4.593017491610789,1.3728071286995962,0.9758064516129032,121.0,0.009190267883241177,17.0,4.30379746835443,
EN_037_28__ES_037_28,dev,true,37,37,3.76,139.1091824089034,20.351067067295734,5.547661332618266,2.343734108033801,0.711864406779661,84.0,0.007586752995848656,14.0,3.7234042553191493,3.75,139.54116751792336,24.883119617334447,5.5429626389815185,2.6661668090788138,0.9576271186440678,113.0,0.007863706909120083,17.0,4.533333333333333,
EN_037_29__ES_037_29,dev,true,37,37,2.64,132.54360840921072,11.83036311095666,4.806452541409475,1.5844265923549354,0.9397590361445783,78.0,0.0099068284034729,12.0,4.545454545454545,3.12,144.81303125204641,12.683274446075524,6.345444583849792,1.4913473076981842,0.8877551020408163,87.0,0.013158619403839111,16.0,5.128205128205128,
EN_037_2__ES_037_2,dev,true,37,37,2.74,129.86603168554117,10.313762115161202,4.471708951665886,1.3370479506069415,0.6976744186046512,60.0,0.00799414049834013,11.0,4.014598540145985,2.89,132.5058517561321,11.666415356634563,4.809301544258478,1.4617575906326916,0.8901098901098901,81.0,0.008292761631309986,12.0,4.1522491349480966,
EN_037_30__ES_037_30,dev,true,37,37,1.95,150.55874359832055,40.43286829362401,6.650042284999219,3.569254049249662,0.7704918032786885,47.0,0.00998888723552227,9.0,4.615384615384616,1.75,147.34265071076157,27.826600778997385,6.418463337630796,3.133612784929334,0.6909090909090909,38.0,0.00877046026289463,5.0,2.857142857142857,
EN_037_3__ES_037_3,dev,true,37,37,2.26,128.7730004936436,14.277571727875358,4.287747203032005,1.699002979997795,0.8591549295774648,61.0,0.006147088948637247,9.0,3.9823008849557526,2.37,126.04675885657295,19.517191729992188,3.8570845385203447,2.1176205051539436,0.9466666666666667,71.0,0.005352905951440334,7.0,2.9535864978902953,
EN_037_4__ES_037_4,dev,true,37,37,3.02,125.25521078231472,10.167522825590035,3.8488928597118606,1.266953469001373,0.9157894736842105,87.0,0.006587096489965916,14.0,4.635761589403973,2.99,131.3798053919162,12.91227346809659,4.651153396110329,1.552739116990391,0.9574468085106383,90.0,0.006065174471586943,14.0,4.682274247491638,
EN_037_5__ES_037_5,train,true,36,36,1.49,122.18568964703795,27.663359484152323,3.1389311738881065,3.1479250465608977,0.9574468085106383,45.0,0.0050162384286522865,7.0,4.697986577181208,1.67,116.61806388037996,32.94963204791368,2.0309946659515994,4.615359352218783,0.7924528301886793,42.0,0.004791378043591976,5.0,2.9940119760479043,
EN_037_6__ES_037_6,train,true,36,36,1.07,119.09304153331473,11.983500331799755,2.9281672849992177,1.8827729508294409,0.9411764705882353,32.0,0.004253709688782692,6.0,5.607476635514018,0.83,102.69573016579355,19.752444367416672,0.06583175868342832,3.891186148193015,0.7307692307692307,19.0,0.00718739302828908,2.0,2.4096385542168677,
EN_037_7__ES_037_7,dev,true,37,37,2.56,124.67673122981861,8.132533018820185,3.783375618332551,1.0859199888676065,0.7407407407407407,60.0,0.008741563186049461,9.0,3.515625,2.35,131.71453433817823,12.731281864527555,4.693097840554774,1.5958127839311305,0.972972972972973,72.0,0.005284356418997049,12.0,5.106382978723404,
EN_037_8__ES_037_8,dev,true,37,37,1.63,125.69737742707407,7.600765519150135,3.929208951665885,1.0124142624878858,0.9411764705882353,48.0,0.004728269297629595,8.0,4.9079754601226995,2.1,138.03069035957037,14.406011127549036,5.489104784999217,1.7581610765495153,0.9696969696969697,64.0,0.005585621111094952,10.0,4.761904761904762,
EN_037_9__ES_037_9,dev,true,37,37,2.31,119.81494568288349,5.887362869304102,3.1096167530843255,0.8258224976627809,0.6438356164383562,47.0,0.005232231691479683,7.0,3.0303030303030303,2.02,128.79062134551174,14.4186604992408,4.280811515768449,1.8178112855361213,0.8125,52.0,0.006133293267339468,7.0,3.4653465346534653,
EN_038_10__ES_038_10,train,true,38,38,3.47,225.188223274376,28.425556549986062,13.926665661622595,2.0553317489920144,0.7064220183486238,77.0,0.0059026204980909824,11.0,3.1700288184438037,3.84,234.34913928412334,32.34744155060668,14.593080259682758,2.2353706426340856,0.6528925619834711,79.0,0.010131210088729858,13.0,3.385416666666667,
EN_038_11__ES_038_11,train,true,38,38,3.42,226.79705658359143,30.49176936960552,14.040739959417824,2.096765388555848,0.8037383177570093,86.0,0.004959214478731155,6.0,1.7543859649122808,3.69,216.62350375509027,18.66272149314683,13.323446540318365,1.397807974812698,0.8103448275862069,94.0,0.007680909708142281,10.0,2.710027100271003,
EN_038_12__ES_038_12,train,true,32,32,3.34,275.0254888578656,17.586704816056965,17.4794540497051,1.1056883434326181,0.8095238095238095,85.0,0.007759787142276764,9.0,2.694610778443114,2.79,259.82905713736056,18.89422039671213,16.48925797127373,1.1707343817856877,0.5795454545454546,51.0,0.005335770081728697,8.0,2.867383512544803,
EN_038_13__ES_038_13,train,true,38,38,2.5,244.21689550666107,56.57600597756378,15.046708951665885,3.6670136199486487,0.379746835443038,30.0,0.004110106732696295,8.0,3.2,2.33,253.7131267936982,51.253341038271024,15.77226450722144,3.446472521217334,0.6164383561643836,45.0,0.007208995521068573,9.0,3.8626609442060085,
EN_038_14__ES_038_14,train,true,32,32,1.94,265.1079124526595,24.345202955731782,16.804804189761125,1.6096734926172038,0.6885245901639344,42.0,0.006339279469102621,5.0,2.577319587628866,1.7,252.84479085115862,10.812059105296658,16.04379228499922,0.7193475776702107,0.5925925925925926,32.0,0.006259802728891373,4.0,2.3529411764705883,
EN_038_15__ES_038_15,train,true,32,32,2.24,250.1497482699841,13.936738523230026,15.847958951665886,0.9290428729193413,0.676056338028169,48.0,0.004568859934806824,5.0,2.2321428571428568,2.54,242.81819070077034,12.031045503202936,15.337761583244832,0.8429418359236805,0.7125,57.0,0.0037869184743613005,5.0,1.968503937007874,
EN_038_16__ES_038_16,train,true,32,32,2.92,288.2019026049837,45.80123570952655,18.110042284999224,2.721155216867593,0.7608695652173914,70.0,0.010274942964315414,7.0,2.397260273972603,2.52,318.63385125780655,62.16493487397809,19.746965361922296,3.2779435030926716,0.8227848101265823,65.0,0.011290457099676132,6.0,2.380952380952381,
EN_038_17__ES_038_17,train,true,32,32,1.34,252.97368479395996,21.294998279590207,16.010042284999216,1.3947247552320643,0.8333333333333334,35.0,0.00923882331699133,4.0,2.9850746268656714,1.86,256.60993738911037,27.107157481485316,16.228303154564436,1.6859925529102455,0.7796610169491526,46.0,0.005705384071916342,5.0,2.6881720430107525,
EN_038_18__ES_038_18,train,true,32,32,4.12,277.14174914873036,39.08547607145281,17.487906362669122,2.3095881406829597,0.7984496124031008,103.0,0.008497164584696293,9.0,2.1844660194174756,4.02,266.96161030015435,39.34615124415688,16.839857099814033,2.2611018214994045,0.8571428571428571,108.0,0.012717791832983494,9.0,2.238805970149254,
EN_038_19__ES_038_19,train,true,32,32,1.55,286.1553181136875,36.36476114585956,18.06542690038383,2.157460337638043,0.7959183673469388,39.0,0.016127027571201324,5.0,3.225806451612903,1.64,279.751393921964,23.172239882709377,17.752367866394568,1.3977537415094727,0.8269230769230769,43.0,0.023939531296491623,5.0,3.048780487804878,
EN_038_1__ES_038_1,train,true,32,32,3.25,252.39425434418732,18.445272105045202,15.98298346146981,1.243655734025734,0.8333333333333334,85.0,0.009078951552510262,7.0,2.1538461538461537,2.77,274.8389640836076,35.396474572977695,17.364500116324518,2.1717314468270392,0.9540229885057471,83.0,0.010016032494604588,7.0,2.527075812274368,
EN_038_20__ES_038_20,train,true,38,38,2.33,214.76355620205177,16.682270745527557,13.184525043619907,1.2721894952292683,0.7945205479452054,58.0,0.005292800255119801,10.0,4.291845493562231,1.98,213.3308076309134,12.832655561442783,13.085635505338203,1.045209039486945,0.9516129032258065,59.0,0.010473506525158882,8.0,4.040404040404041,
EN_038_21__ES_038_21,train,true,32,32,2.82,246.9713439790042,16.393958390530656,15.614221389476832,1.1441873206070785,0.7528089887640449,67.0,0.008071545511484146,8.0,2.8368794326241136,1.79,224.75363461066118,34.87522674726642,13.729634121733913,3.4453150439067395,0.875,49.0,0.0102494265884161,8.0,4.4692737430167595,
EN_038_22__ES_038_22,train,true,32,32,4.96,268.13187510609333,33.326716629664844,16.947562946156243,2.080307622274197,0.7756410256410257,121.0,0.0091883959248662,8.0,1.6129032258064517,4.47,268.49335542257495,36.23426637586583,16.950868731280213,2.2272354678801336,0.8642857142857143,121.0,0.00885383877903223,12.0,2.684563758389262,
EN_038_23__ES_038_23,train,true,32,32,3.86,265.20167665382337,48.71683649520877,16.535609295308497,3.692818041939035,0.8016528925619835,97.0,0.009998452849686146,9.0,2.3316062176165806,4.38,281.0313982560893,57.20163240287969,17.57834417179167,3.17049352497103,0.7737226277372263,106.0,0.011368745006620884,8.0,1.8264840182648403,
EN_038_24__ES_038_24,train,true,32,32,5.58,266.82448608385465,31.867987571118498,16.87762849189577,1.9374167927359531,0.8285714285714286,145.0,0.008515256457030773,14.0,2.5089605734767026,5.43,252.91810712212904,31.256955633947307,15.954693447789918,1.8623924125886142,0.7588235294117647,129.0,0.012256111949682236,14.0,2.578268876611418,
EN_038_25__ES_038_25,train,true,32,32,3.19,246.9179822890648,17.405064298760575,15.605144325815544,1.2252548630320106,0.49,49.0,0.002087803790345788,1.0,0.31347962382445144,3.04,nan,nan,nan,nan,0.0,0.0,0.00408181780949235,1.0,0.32894736842105265,
EN_038_26__ES_038_26,train,true,32,32,6.96,270.1154180242338,31.871789879446744,17.086998806738347,1.98505561879355,0.6330275229357798,138.0,0.006693017669022083,11.0,1.5804597701149425,7.79,258.79041313904855,26.88672123850998,16.374521451665885,1.704673337348236,0.7868852459016393,192.0,0.012679541483521461,17.0,2.1822849807445444,
EN_038_2__ES_038_2,train,true,32,32,2.42,251.0301639888694,21.96100700554158,15.873678648635584,1.4185733725201317,0.7236842105263158,55.0,0.00840941071510315,5.0,2.066115702479339,2.01,242.4978356589252,20.045697904249764,15.280951375908307,1.3505383071235946,0.873015873015873,55.0,0.0075463601388037205,4.0,1.9900497512437814,
EN_038_3__ES_038_3,train,true,32,32,1.98,257.4448710866998,11.165849604880043,16.354693447789916,0.7572758670245056,0.6935483870967742,43.0,0.007164494134485722,6.0,3.0303030303030303,1.57,246.0224043843959,17.91605763135351,15.542899427856364,1.1935127938634116,0.84,42.0,0.006932137068361044,5.0,3.184713375796178,
EN_038_4__ES_038_4,train,true,38,38,2.1,231.2140058580856,38.66755816880579,14.298978455211987,2.6219914747760145,0.7121212121212122,47.0,0.004810049664229155,6.0,2.857142857142857,1.94,238.89655893556474,40.07509497922251,14.873571696763923,2.5346685002180647,0.8360655737704918,51.0,0.009610851295292377,3.0,1.5463917525773196,
EN_038_5__ES_038_5,train,true,32,32,3.38,253.25305973729604,9.71362605124728,16.07404228499922,0.6712853342655424,0.7075471698113207,75.0,0.00698355445638299,9.0,2.6627218934911245,2.96,257.22792761745285,12.35981334223109,16.336118234366307,0.8463973058174187,0.8494623655913979,79.0,0.011653348803520203,8.0,2.7027027027027026,
EN_038_6__ES_038_6,train,true,38,38,4.97,224.62495418451525,29.96629449759751,13.875042284999218,2.0971604365311975,0.7435897435897436,116.0,0.004686652682721615,17.0,3.420523138832998,5.53,214.19175024211253,20.66757325792801,13.110042284999217,1.612531284303391,0.8092485549132948,140.0,0.007640646304935217,14.0,2.531645569620253,
EN_038_7__ES_038_7,train,true,32,32,3.96,266.8478669487431,21.43417681058376,16.941996307987722,1.285124296578439,0.7016129032258065,87.0,0.007404150906950235,10.0,2.525252525252525,2.94,264.61975639372616,32.474036538377206,16.735227470184405,1.896853216830515,0.8804347826086957,81.0,0.009142874740064144,10.0,3.4013605442176873,
EN_038_8__ES_038_8,train,true,32,32,4.41,250.681319357723,23.586485622213928,15.844381907640727,1.4593763328500555,0.7681159420289855,106.0,0.00958344154059887,11.0,2.494331065759637,3.68,239.05658839881255,14.353537625338543,15.059320635514686,0.9833754696318029,0.8362068965517241,97.0,0.007111996412277222,9.0,2.4456521739130435,
EN_038_9__ES_038_9,train,true,38,38,2.0,235.6319388125183,33.97701184432291,14.700042284999219,2.0563779993450795,0.6666666666666666,42.0,0.007782605476677418,6.0,3.0,2.19,248.58538609249496,19.1268385200356,15.714857099814036,1.3098144351759666,0.782608695652174,54.0,0.011091269552707672,7.0,3.1963470319634704,
EN_039_10__ES_039_10,dev,true,39,39,2.762,227.6089004992782,25.506156628383703,14.134852411581496,1.8768468445432986,0.9080459770114943,79.0,0.020984584465622902,9.0,3.2585083272990585,3.3,214.6287428327997,15.166012379963954,13.178777917183124,1.2259556953215183,0.8365384615384616,87.0,0.032283965498209,8.0,2.4242424242424243,
EN_039_11__ES_039_11,dev,true,39,39,4.542,214.3364765897993,19.6680346582148,13.130765176565484,1.505128408349452,0.5845070422535211,83.0,0.026890667155385017,15.0,3.3025099075297226,3.64,229.5116023797602,20.957681063323395,14.315158564068986,1.5074055519690401,0.7543859649122807,86.0,0.04624798893928528,9.0,2.4725274725274726,
EN_039_12__ES_039_12,dev,true,39,39,3.229,209.94456918170138,12.179878977539403,12.81056860078869,1.014899391872548,0.7524752475247525,76.0,0.023074759170413017,7.0,2.1678538247135335,3.22,197.8618337693084,9.87553865218888,11.792017593641194,0.8748706003127379,0.801980198019802,81.0,0.019201776012778282,9.0,2.795031055900621,
EN_039_13__ES_039_13,dev,true,39,39,5.424,181.14895289556245,33.897508608232414,10.050042284999218,2.7049133611616347,0.888235294117647,151.0,0.012178362347185612,21.0,3.8716814159292032,5.0,173.5111993672544,25.489209107136098,9.377523201029753,2.29633140661907,0.8343949044585988,131.0,0.006948642898350954,21.0,4.2,
EN_039_14__ES_039_14,dev,true,39,39,5.119,175.86184467074824,13.484029391365265,9.72250605311516,1.3268011065052223,0.8625,138.0,0.012182099744677544,20.0,3.9070130884938465,3.81,169.81650812632003,24.981697579293378,9.00272085642779,2.3153972129694145,0.9333333333333333,112.0,0.005311415530741215,21.0,5.511811023622047,
EN_039_15__ES_039_15,dev,true,39,39,1.517,171.5098600693203,9.882163293581904,9.311017894755317,0.9911506121626933,0.8541666666666666,41.0,0.007610350847244263,3.0,1.977587343441002,1.79,169.9955247904371,9.79312210953168,9.157734592691526,0.9846604556991977,0.9285714285714286,52.0,0.007083977106958628,6.0,3.35195530726257,
EN_039_16__ES_039_16,dev,true,39,39,3.703,186.55156596847755,26.497542220262186,10.649071411212809,2.1529611645012765,0.8879310344827587,103.0,0.011099543422460556,17.0,4.590872265730489,1.47,191.77625970580004,25.101051486675168,11.136405921362854,2.1353721103327112,0.9565217391304348,44.0,0.006650060880929232,7.0,4.761904761904762,
EN_039_17__ES_039_17,dev,true,39,39,3.525,175.26079751929956,36.06684693664683,9.421176305617776,3.0151493359568358,0.8738738738738738,97.0,0.0072895498014986515,16.0,4.539007092198582,2.43,175.33929142131504,22.182776563763333,9.591833329775339,2.0930695343778476,0.881578947368421,67.0,0.006003840360790491,22.0,9.05349794238683,
EN_039_18__ES_039_18,dev,true,39,39,2.127,181.54499547326466,22.99365600261493,10.193375618332555,2.0940683422997974,0.8955223880597015,60.0,0.012426910921931267,11.0,5.171603196991068,2.78,169.7098724008842,10.171882344774101,9.125717960674894,1.0385554951158624,0.8505747126436781,74.0,0.005448995623737574,12.0,4.316546762589929,
EN_039_19__ES_039_19,dev,true,39,39,3.458,216.619137030432,24.441061925073427,13.27311920807614,1.9372279347061663,0.5963302752293578,65.0,0.02196323685348034,7.0,2.0242914979757085,2.43,227.4435261989485,21.57351534677576,14.150042284999216,1.614753408861109,0.9210526315789473,70.0,0.029028264805674553,7.0,2.8806584362139915,
EN_039_1__ES_039_1,dev,true,39,39,4.389,234.00714171012822,23.39927120658641,14.637139059192767,1.657289262715527,0.8985507246376812,124.0,0.030354369431734085,12.0,2.734107997265892,4.39,230.2482986192551,43.95105130349937,14.069397123708894,3.7678965942628033,0.8985507246376812,124.0,0.02323066256940365,14.0,3.189066059225513,
EN_039_20__ES_039_20,dev,true,39,39,3.635,215.54018863869652,29.45144848054161,13.152954906358438,2.1598479050496815,0.9035087719298246,103.0,0.027111012488603592,13.0,3.5763411279229715,4.37,220.68827277779823,20.549253720487894,13.632395226175687,1.5610622896192137,0.8686131386861314,119.0,0.035360462963581085,12.0,2.745995423340961,
EN_039_21__ES_039_21,dev,true,39,39,3.788,217.5092197161618,21.51365171283021,13.37066084170025,1.6778691779195276,0.8151260504201681,97.0,0.026501204818487167,11.0,2.903907074973601,3.82,210.6424549694645,14.353221008741777,12.858891842521341,1.146333711170993,0.9416666666666667,113.0,0.04491562023758888,11.0,2.8795811518324608,
EN_039_22__ES_039_22,dev,true,39,39,2.288,181.2587195551372,21.155215256499137,10.185979784999219,1.9283548029586646,0.8888888888888888,64.0,0.010685000568628311,8.0,3.4965034965034967,2.79,169.4324678246222,22.076765319209223,8.994869871206113,2.1012453133380706,0.6590909090909091,58.0,0.007174126338213682,8.0,2.867383512544803,
EN_039_23__ES_039_23,dev,true,39,39,3.026,171.00233646882774,10.82860100443703,9.253268091450833,1.1020461529377954,0.9789473684210527,93.0,0.012694839388132095,18.0,5.948446794448117,4.21,164.75540465134046,8.608263912792754,8.620442284999216,0.9001354564730804,0.946969696969697,125.0,0.004563560243695974,17.0,4.038004750593824,
EN_039_24__ES_039_24,dev,true,39,39,1.534,158.85468314987014,7.819065743111962,7.99289942785636,0.8098038731230977,0.875,42.0,0.00964734610170126,4.0,2.607561929595828,1.59,158.9609271639056,4.142080415051831,8.018224103181035,0.4491267928247635,0.88,44.0,0.0047944397665560246,3.0,1.8867924528301885,
EN_039_25__ES_039_25,dev,true,39,39,2.517,183.7265270182031,18.593830635854665,10.443888438845372,1.7263458003787098,0.8227848101265823,65.0,0.009378609247505665,7.0,2.7810885975367503,3.16,209.81098737330862,22.886685599508887,12.721176305617774,1.9578527456862147,0.9797979797979798,97.0,0.009233218617737293,11.0,3.481012658227848,
EN_039_26__ES_039_26,dev,true,39,39,4.661,167.67989421713116,8.62027182582864,8.925904353964736,0.8826508554910983,0.7945205479452054,116.0,0.008367940783500671,17.0,3.6472859901308734,6.22,171.5387045593669,10.743311534975112,9.308830163787096,1.075680919163799,0.8461538461538461,165.0,0.005455243866890669,23.0,3.6977491961414795,
EN_039_27__ES_039_27,dev,true,39,39,2.466,176.03219232611562,36.10160260261635,9.460490046193248,3.2932828211085092,0.8589743589743589,67.0,0.008921908214688301,10.0,4.0551500405515,2.5,179.3238146181862,40.57509880228919,9.721917284999218,3.55028470469271,0.810126582278481,64.0,0.006368522997945547,10.0,4.0,
EN_039_28__ES_039_28,dev,true,39,39,4.991,217.84676200155243,11.918580942613497,13.454140645654956,0.9397765291554215,0.782051282051282,122.0,0.03313566744327545,14.0,2.8050490883590466,3.76,228.75733117230652,22.11760542555781,14.249042284999218,1.6114896834916446,0.847457627118644,100.0,0.034499071538448334,13.0,3.4574468085106385,
EN_039_29__ES_039_29,dev,true,39,39,3.432,222.10906677353884,18.509768441478645,13.756012434252948,1.4271232515898327,0.6203703703703703,67.0,0.03285056725144386,9.0,2.6223776223776225,3.27,225.0972486861856,18.62878269002526,13.98556860078869,1.464105973602683,0.7378640776699029,76.0,0.0423051193356514,8.0,2.4464831804281344,
EN_039_2__ES_039_2,dev,true,39,39,1.568,247.08056359449532,19.61390130746888,15.607820062776998,1.3270667552310649,0.9,45.0,0.03408617898821831,7.0,4.464285714285714,1.28,252.58443348202417,12.93950435296769,16.018613713570648,0.8827785448138583,0.8536585365853658,35.0,0.030177433043718338,4.0,3.125,
EN_039_30__ES_039_30,dev,true,39,39,2.644,229.5255913420323,29.64896384089696,14.250042284999216,2.1130713245262704,0.8554216867469879,71.0,0.034964669495821,9.0,3.40393343419062,2.96,234.92045964679053,26.46469765188657,14.676358074472905,1.9485735957801915,0.8172043010752689,76.0,0.06212681159377098,11.0,3.7162162162162162,
EN_039_31__ES_039_31,dev,true,39,39,3.076,237.28803453343036,24.411719543419167,14.870280380237313,1.7500190313186093,0.865979381443299,84.0,0.01861138828098774,10.0,3.250975292587776,3.64,209.8443717038591,14.468584084742997,12.79194704690398,1.1661724900905488,0.9210526315789473,105.0,0.0580608993768692,16.0,4.395604395604395,
EN_039_32__ES_039_32,dev,true,39,39,2.576,219.97009571709188,19.477178553063204,13.58034531530225,1.5247423723737823,0.8148148148148148,66.0,0.015716267749667168,7.0,2.717391304347826,3.68,210.8757147654692,12.60061143811403,12.886186863312469,1.02540950541523,0.7155172413793104,83.0,0.030608925968408585,8.0,2.1739130434782608,
EN_039_3__ES_039_3,dev,true,39,39,3.398,222.8006409686195,15.3448405968835,13.829112052441078,1.1679953288244604,0.8037383177570093,86.0,0.021178612485527992,10.0,2.942907592701589,3.16,209.14844091364526,9.78808784570634,12.755660262527305,0.8008926972359012,0.898989898989899,89.0,0.0222021471709013,12.0,3.7974683544303796,
EN_039_4__ES_039_4,dev,true,39,39,2.822,200.88861529085628,8.814298505652628,12.060168867277701,0.7568413603499876,0.8876404494382022,79.0,0.01665583811700344,9.0,3.189227498228207,2.59,199.3045991378756,9.436362905200106,11.920172155129087,0.8236858774388394,0.9506172839506173,77.0,0.02240670658648014,7.0,2.7027027027027026,
EN_039_5__ES_039_5,dev,true,39,39,1.262,196.7247896567931,23.347927287105055,11.598527133484067,1.9754740454675397,0.825,33.0,0.005161897279322147,6.0,4.754358161648177,2.74,192.53398059010425,28.014335634415215,11.18694704690398,2.2167532973711563,0.9767441860465116,84.0,0.0060034990310668945,9.0,3.284671532846715,
EN_039_6__ES_039_6,dev,true,39,39,2.339,172.74110029446712,14.055834158390066,9.405756570713502,1.413974713280234,0.9459459459459459,70.0,0.0112227164208889,13.0,5.557930739632321,3.48,161.02045418640776,11.105108399241596,8.207185142142077,1.1644121147593878,0.8348623853211009,91.0,0.00645489152520895,11.0,3.160919540229885,
EN_039_7__ES_039_7,dev,true,39,39,4.06,171.35559344205248,16.479436128802252,9.256025190982122,1.476093863453435,0.9212598425196851,117.0,0.01242933701723814,17.0,4.187192118226601,4.72,157.7349500657095,6.350702861639205,7.875935142142075,0.6994571282320983,0.7567567567567568,112.0,0.0052523002959787846,13.0,2.7542372881355934,
EN_039_8__ES_039_8,dev,true,39,39,2.602,190.8932697831954,19.701927250970847,11.099317647318058,1.8116869541473684,0.8414634146341463,69.0,0.01013938244432211,11.0,4.227517294388932,3.07,186.1738926551726,13.280145024597035,10.716276051232986,1.224597510301431,0.8020833333333334,77.0,0.006687636021524668,11.0,3.5830618892508146,
EN_039_9__ES_039_9,dev,true,39,39,2.296,333.9085831474876,68.63712331430482,20.496917284999217,3.6375630900886113,0.8888888888888888,64.0,0.029789796099066734,6.0,2.613240418118467,2.16,296.885876538713,66.88455413990931,18.438721530282233,3.6330069866490664,0.7794117647058824,53.0,0.029430560767650604,6.0,2.7777777777777777,
EN_040_10__ES_040_10,train,true,35,35,2.71,217.9361940488321,34.61476319121559,13.20946257485429,3.3003872781349886,0.8117647058823529,69.0,0.010750019922852516,8.0,2.952029520295203,2.91,225.13582304179394,20.14763947610181,13.980597840554774,1.5433224341667784,0.7912087912087912,72.0,0.022454358637332916,9.0,3.092783505154639,
EN_040_11__ES_040_11,train,true,35,35,2.69,228.07108635566158,23.91828216962778,14.18034531530225,1.790629624916103,0.7764705882352941,66.0,0.008510138839483261,10.0,3.717472118959108,2.41,215.74819850470072,17.79137495603197,13.256708951665884,1.368681441712749,0.7894736842105263,60.0,0.014586519449949265,6.0,2.4896265560165975,
EN_040_12__ES_040_12,train,true,35,35,2.05,198.8904399396777,7.317455981677384,11.891902750115499,0.6398519298696556,0.6615384615384615,43.0,0.006310535129159689,6.0,2.9268292682926833,1.68,202.87605598250565,6.579378672978912,12.237921072878006,0.5687613206372918,0.6226415094339622,33.0,0.008290513418614864,8.0,4.761904761904762,
EN_040_13__ES_040_13,train,true,35,35,3.31,291.74663185852177,60.79438568950461,18.221176305617778,3.1628630760291494,0.9326923076923077,97.0,0.013921544887125492,8.0,2.416918429003021,3.96,301.1090575481257,49.96443381093569,18.8573817345405,2.7626840566196877,0.8790322580645161,109.0,0.021208012476563454,12.0,3.0303030303030303,
EN_040_14__ES_040_14,train,true,35,35,2.85,236.97187886683764,22.687614490452734,14.854861562107654,1.6951314847149077,0.9222222222222223,83.0,0.011733358725905418,10.0,3.508771929824561,1.92,250.06828606134462,22.554868531334403,15.796594009137149,1.5759196020584936,0.9508196721311475,58.0,0.020682115107774734,8.0,4.166666666666667,
EN_040_15__ES_040_15,train,true,35,35,2.49,221.20590414894116,29.280927984504682,13.579772014728947,2.4503022278966045,0.9487179487179487,74.0,0.009389114566147327,10.0,4.016064257028112,3.55,247.99353802599808,22.340363831155745,15.65541862908524,1.5268468873809555,0.8378378378378378,93.0,0.017976166680455208,13.0,3.6619718309859155,
EN_040_16__ES_040_16,train,true,35,35,2.87,236.7187052794974,18.01415489863735,14.86879228499922,1.301258405352296,0.8888888888888888,80.0,0.00999605841934681,12.0,4.181184668989547,2.0,269.4448934794662,29.60411335228396,17.055214698792323,1.904570040518069,0.9206349206349206,58.0,0.01039582397788763,9.0,4.5,
EN_040_17__ES_040_17,train,true,35,35,6.0,215.0690488235853,23.532794909579533,13.159375618332552,1.8211844741510648,0.7978723404255319,150.0,0.007873544469475746,16.0,2.6666666666666665,3.6,202.79076567360286,48.745059086633944,11.616708951665881,4.92787854234503,0.9026548672566371,102.0,0.011962813325226307,16.0,4.444444444444445,
EN_040_18__ES_040_18,train,true,35,35,3.74,242.57338224256154,51.82914465400084,14.994486729443665,3.358277042079469,0.6923076923076923,81.0,0.007722130510956049,12.0,3.2085561497326203,3.07,261.4684301646113,59.463251134154376,16.2370552720122,3.6377297990285684,0.8020833333333334,77.0,0.03076762706041336,11.0,3.5830618892508146,
EN_040_19__ES_040_19,train,true,35,35,3.32,219.00374494472402,17.587982239707767,13.516042284999216,1.3835620694424957,0.9615384615384616,100.0,0.009803125634789467,14.0,4.216867469879518,2.07,240.94349805099495,16.04770946471159,15.186107858769715,1.1493451859018757,0.9384615384615385,61.0,0.0175650492310524,9.0,4.347826086956522,
EN_040_1__ES_040_1,train,true,35,35,1.29,284.16795709628485,36.26259356886605,17.947011981968917,2.1410114925434054,0.8048780487804879,33.0,0.010482571087777615,5.0,3.875968992248062,1.63,278.6253235696385,30.820716735509244,17.633375618332554,1.9240076807423492,0.9411764705882353,48.0,0.014819726347923279,5.0,3.067484662576687,
EN_040_20__ES_040_20,train,true,35,35,3.91,280.93529089630175,42.48689494516648,17.702769557726487,2.4430498484442498,0.8943089430894309,110.0,0.013825424946844578,11.0,2.813299232736573,3.55,310.8852397706786,47.08074532759392,19.44698106050942,2.535320053121847,0.8828828828828829,98.0,0.023707015439867973,12.0,3.3802816901408455,
EN_040_21__ES_040_21,train,true,35,35,2.14,243.336965581931,12.478478807209436,15.37377109855854,0.8575366737329071,0.8805970149253731,59.0,0.010320471599698067,7.0,3.2710280373831773,2.47,241.32476380302262,14.14051518189096,15.221873270914708,1.0174786703777514,0.9102564102564102,71.0,0.018590299412608147,7.0,2.8340080971659916,
EN_040_22__ES_040_22,train,true,35,35,3.98,256.13266885898236,34.94976305382487,16.12531110220352,2.324791858597631,0.744,93.0,0.011325959116220474,12.0,3.0150753768844223,2.72,249.4115640899881,59.35850663682499,15.172456078102666,5.091508925566182,0.6744186046511628,58.0,0.02267107181251049,14.0,5.147058823529411,
EN_040_23__ES_040_23,train,true,35,35,3.79,220.20887149522986,21.271715094584625,13.591163780326319,1.5876835103899394,0.8991596638655462,107.0,0.00908337626606226,18.0,4.74934036939314,3.23,224.13927967498222,25.167337530181307,13.865704935601627,1.918865247484203,0.8217821782178217,83.0,0.012150587514042854,14.0,4.3343653250774,
EN_040_24__ES_040_24,train,true,35,35,1.99,226.7340561837329,22.29672046418175,14.081621232367638,1.8039097786145928,0.9047619047619048,57.0,0.013085369020700455,9.0,4.522613065326633,1.81,232.1757574100408,28.304681743115935,14.45539942785636,2.095268448779053,0.9824561403508771,56.0,0.016157962381839752,10.0,5.524861878453039,
EN_040_2__ES_040_2,train,true,35,35,1.35,254.39340515100338,39.83751864939431,15.967185142142077,2.5707681691649746,0.813953488372093,35.0,0.00623300252482295,4.0,2.962962962962963,2.15,217.5436812429628,22.9914820490225,13.337276327552413,2.1336829632767085,0.6911764705882353,47.0,0.015208449214696884,6.0,2.7906976744186047,
EN_040_3__ES_040_3,train,true,35,35,1.59,225.7355055845165,14.038656099375302,14.06223740695044,1.073902189748646,0.82,41.0,0.007678222842514515,5.0,3.144654088050314,2.24,221.95644970082367,14.935331576015358,13.765296522287354,1.1389578286150022,0.8309859154929577,59.0,0.01617646962404251,5.0,2.2321428571428568,
EN_040_4__ES_040_4,train,true,35,35,1.56,223.2050489874233,10.434176992360559,13.881749602072388,0.8022647894464057,0.8367346938775511,41.0,0.011346707120537758,6.0,3.846153846153846,2.19,227.76065580358528,16.547147081555085,14.204454049705102,1.2599525928907727,0.9855072463768116,68.0,0.018737049773335457,6.0,2.73972602739726,
EN_040_5__ES_040_5,train,true,35,35,1.86,224.80585144982416,8.577181323359175,14.011405921362858,0.6664750929980627,0.7457627118644068,44.0,0.007323195692151785,6.0,3.225806451612903,3.0,233.3026676791441,30.4833566376129,14.543192969930724,1.9799217341057862,0.776595744680851,73.0,0.023024355992674828,6.0,2.0,
EN_040_6__ES_040_6,train,true,35,35,2.98,231.26021890458756,19.77952671747969,14.45004228499922,1.4954316398530847,0.8085106382978723,76.0,0.010703492909669876,9.0,3.0201342281879193,2.56,227.7314462971527,20.049867994745053,14.180345315302247,1.5341535714849124,0.8148148148148148,66.0,0.01482726726680994,9.0,3.515625,
EN_040_7__ES_040_7,train,true,35,35,4.39,232.70792458059265,31.778515383371754,14.47095137590831,2.2530018542761794,0.7971014492753623,110.0,0.007310084532946348,21.0,4.783599088838269,3.35,229.93274864314947,22.818735594441797,14.333992902283171,1.6492015868609147,0.7714285714285715,81.0,0.01169600896537304,16.0,4.776119402985074,
EN_040_8__ES_040_8,train,true,35,35,1.67,204.4523942408191,10.22951093525383,12.361405921362858,0.8096620813341909,0.8301886792452831,44.0,0.007800933439284563,5.0,2.9940119760479043,2.24,198.5818893153016,10.401657374806398,11.853745988702926,0.8871433478395208,0.7605633802816901,54.0,0.009640499018132687,7.0,3.1249999999999996,
EN_040_9__ES_040_9,train,true,35,35,1.49,255.11989209705263,29.08051765418605,16.10458773954467,1.938187361411142,0.9361702127659575,44.0,0.0072801727801561356,6.0,4.026845637583893,2.49,246.52513623476554,42.91163968110092,15.391977768870182,2.7253024920652433,0.7948717948717948,62.0,0.016391068696975708,5.0,2.008032128514056,
EN_043_10__ES_043_10,train,true,43,43,3.33,124.79971206800828,13.695089229190412,3.736405921362854,1.8288832793775487,0.41904761904761906,44.0,0.015622502192854881,10.0,3.003003003003003,2.34,nan,nan,nan,nan,0.0,0.0,0.010947668924927711,8.0,3.418803418803419,
EN_043_11__ES_043_11,train,true,43,43,2.46,118.69060272188672,26.88012764092495,2.6025422849992177,3.3814188959666036,0.5194805194805194,40.0,0.019751204177737236,11.0,4.471544715447155,3.6,121.6476515124684,17.102555401608146,3.221470856427789,2.433406950708225,0.30973451327433627,35.0,0.020438259467482567,7.0,1.9444444444444444,
EN_043_12__ES_043_12,train,true,43,43,3.38,142.5189313149968,87.03545320824986,3.8733756183325516,8.074514777303271,0.5660377358490566,60.0,0.011273420415818691,13.0,3.8461538461538463,3.63,143.80912989416302,89.89989207240487,4.0513580744729,7.922095905242246,0.6666666666666666,76.0,0.016433345153927803,10.0,2.7548209366391188,
EN_043_13__ES_043_13,train,true,43,43,1.35,253.66859689645617,16.29384671421963,16.078247413204352,1.1446528346046994,0.9069767441860465,39.0,0.02885533683001995,4.0,2.962962962962963,1.42,234.2215663351824,27.39218873724994,14.600042284999219,2.2279875608783306,0.9333333333333333,42.0,0.056051645427942276,4.0,2.8169014084507045,
EN_043_14__ES_043_14,train,true,43,43,4.26,125.44235318380538,24.515523091262146,3.630042284999218,3.104327624462341,0.5970149253731343,80.0,0.008503591641783714,8.0,1.8779342723004695,4.18,136.7207986411754,20.812721750362464,5.213792284999218,2.6383348797110653,0.6106870229007634,80.0,0.005355756729841232,8.0,1.9138755980861246,
EN_043_15__ES_043_15,train,true,43,43,2.05,106.57775810282334,8.338387350787917,1.0522161980426963,1.3110714387783529,0.7076923076923077,46.0,0.03582054749131203,8.0,3.9024390243902443,2.62,134.8843948257656,27.067264036753812,4.857019029185266,3.289192687323576,0.524390243902439,43.0,0.025602106004953384,7.0,2.6717557251908395,
EN_043_16__ES_043_16,train,true,43,43,1.65,129.76751581191317,29.547769766842286,4.130042284999218,3.4939376067697605,0.5769230769230769,30.0,0.018244801089167595,7.0,4.242424242424242,2.16,127.89545903717736,8.933382173425883,4.216708951665885,1.222929088522943,0.2647058823529412,18.0,0.012536951340734959,5.0,2.314814814814815,
EN_043_17__ES_043_17,train,true,43,43,1.62,117.37828623424193,4.839771810412497,2.7594172849992185,0.7085898738868623,0.6274509803921569,32.0,0.013267789036035538,6.0,3.7037037037037033,1.89,120.4425518347603,7.466539044808646,3.1864059213628546,1.084552185709001,0.55,33.0,0.009256782941520214,6.0,3.174603174603175,
EN_043_18__ES_043_18,train,true,43,43,1.69,139.31661441318082,6.680372972990894,5.720412655369591,0.8330287509220955,0.5094339622641509,27.0,0.020316001027822495,5.0,2.9585798816568047,1.7,138.54977303399943,14.619156456956018,5.543590672095992,1.8956547058437938,0.5740740740740741,31.0,0.014162298291921616,4.0,2.3529411764705883,
EN_043_19__ES_043_19,train,true,43,43,2.15,146.82556938644305,23.894630139660965,6.40004228499922,3.0021550230807033,0.6764705882352942,46.0,0.015635773539543152,13.0,6.046511627906977,3.63,244.8183226657786,110.49138003717894,13.788414378022473,7.649854362569494,0.7543859649122807,86.0,0.015136206522583961,8.0,2.203856749311295,
EN_043_1__ES_043_1,train,true,43,43,2.51,133.55363132670396,26.554672825550337,4.723256570713504,3.017064033568572,0.7088607594936709,56.0,0.01934943161904812,8.0,3.1872509960159365,3.71,124.05044168166552,31.054808818303243,3.299098888772803,3.6561977693871377,0.45689655172413796,53.0,0.014683079905807972,8.0,2.1563342318059298,
EN_043_20__ES_043_20,train,true,43,43,2.76,119.61894011541135,20.618526805389187,2.8530725880295207,2.907720636875563,0.3793103448275862,33.0,0.01354228612035513,9.0,3.2608695652173916,3.05,114.95264337966961,29.96337188792334,1.852315012271945,4.374953954893471,0.4583333333333333,44.0,0.019526202231645584,8.0,2.6229508196721314,
EN_043_21__ES_043_21,train,true,43,43,2.97,134.0097160688161,21.2966657932617,4.871353760409055,2.5471369175514615,0.6559139784946236,61.0,0.014026801101863384,12.0,4.04040404040404,3.91,119.79689993110196,9.992979085805377,3.065042284999218,1.477139690979383,0.4878048780487805,60.0,0.008754698559641838,9.0,2.3017902813299234,
EN_043_22__ES_043_22,train,true,43,43,1.99,166.59932285578302,20.744815113010468,8.695875618332552,2.23718185199346,0.38095238095238093,24.0,0.013457272201776505,4.0,2.0100502512562812,2.17,nan,nan,nan,nan,0.0,0.0,0.019607296213507652,4.0,1.8433179723502304,
EN_043_23__ES_043_23,train,true,43,43,2.42,96.8864545776829,5.763840338413086,-0.5772304422735094,1.0049190310433809,0.4342105263157895,33.0,0.006959705147892237,10.0,4.132231404958678,2.32,100.16914075984516,7.632989891417392,-0.017882243302668955,1.2588964297030623,0.726027397260274,53.0,0.011346411891281605,7.0,3.017241379310345,
EN_043_24__ES_043_24,train,true,43,43,1.76,178.1618025168397,14.303995127022125,9.940951375908309,1.4183566325822587,0.19642857142857142,11.0,0.0121538070961833,5.0,2.840909090909091,1.98,141.66088982966758,31.79444420518266,5.647101108528631,3.5156361062877237,0.5483870967741935,34.0,0.011156413704156876,7.0,3.5353535353535355,
EN_043_25__ES_043_25,train,true,43,43,2.72,99.04972500205606,6.88001638407484,-0.20609806587797455,1.1824769637398083,0.6627906976744186,57.0,0.010934465564787388,8.0,2.941176470588235,2.38,116.89720661972059,7.4441983033238435,2.6676893438227474,1.1046614036024776,0.68,51.0,0.018896078690886497,7.0,2.9411764705882355,
EN_043_26__ES_043_26,train,true,43,43,3.16,112.96742898870868,12.544145604042326,2.0090166439735775,1.856342965206253,0.3939393939393939,39.0,0.024212226271629333,13.0,4.113924050632911,4.48,126.04644171210671,15.23530165818003,3.8829189973279847,2.072788790099415,0.5177304964539007,73.0,0.021482015028595924,10.0,2.2321428571428568,
EN_043_27__ES_043_27,train,true,43,43,2.89,140.30330845144874,19.563888384883146,5.684736162550238,2.5159532636073334,0.5384615384615384,49.0,0.029952585697174072,9.0,3.1141868512110724,2.54,135.30010855995806,16.350442220605437,5.106799041755974,2.103091744736465,0.4625,37.0,0.016374703496694565,8.0,3.149606299212598,
EN_043_2__ES_043_2,train,true,43,43,2.47,110.58555944007531,32.394403328627696,1.0380422849992177,4.87990327773,0.6410256410256411,50.0,0.010771087370812893,9.0,3.643724696356275,2.17,122.82510833642365,49.89220949678421,2.3670635615949625,6.163389477439434,0.6911764705882353,47.0,0.024242926388978958,6.0,2.7649769585253456,
EN_043_3__ES_043_3,train,true,43,43,1.34,148.26433675785586,32.70426228851881,6.438503823460757,3.54176476253521,0.6190476190476191,26.0,0.013703150674700737,4.0,2.9850746268656714,1.23,141.48513089566708,23.66821425634576,5.772622930160509,2.8390945486897023,0.7948717948717948,31.0,0.01501455344259739,4.0,3.252032520325203,
EN_043_4__ES_043_4,train,true,43,43,2.89,103.02365574310898,7.687374792218749,0.4684096319379933,1.274342322475458,0.5384615384615384,49.0,0.013312725350260735,9.0,3.1141868512110724,2.63,112.73860760697427,12.608373922035764,1.9708756183325509,1.8924144997565646,0.5783132530120482,48.0,0.02046293206512928,9.0,3.4220532319391634,
EN_043_5__ES_043_5,train,true,43,43,2.28,92.26084275020122,6.681184788150253,-1.4422654073084744,1.3038177895712137,0.3611111111111111,26.0,0.00838953722268343,10.0,4.385964912280702,2.37,90.33600584359657,5.564771743791426,-1.7913370253456096,1.0413907284142254,0.38666666666666666,29.0,0.009902739897370338,6.0,2.531645569620253,
EN_043_6__ES_043_6,train,true,43,43,1.39,143.794628722128,33.36776516076327,5.847011981968915,3.8584409513220885,0.75,33.0,0.014834427274763584,4.0,2.877697841726619,1.32,146.6255038081582,12.450251223746434,6.559133194090128,1.5412241565802323,0.2619047619047619,11.0,0.013124363496899605,4.0,3.0303030303030303,
EN_043_7__ES_043_7,train,true,43,43,1.27,121.26880437579675,10.205480554801898,3.2786137135706457,1.4317963599361923,0.875,35.0,0.015535595826804638,7.0,5.511811023622047,1.46,125.3080268940771,10.620400180317192,3.8428994278563615,1.4800889383094937,0.9130434782608695,42.0,0.02514018677175045,5.0,3.4246575342465753,
EN_043_8__ES_043_8,train,true,43,43,1.45,135.05324085804995,8.647448378763272,5.166258501215433,1.1231022464376303,0.8043478260869565,37.0,0.020706353709101677,7.0,4.827586206896552,1.16,124.05212718515043,8.231226284976225,3.694042284999217,1.130691823619504,0.6756756756756757,25.0,0.008587613701820374,5.0,4.310344827586207,
EN_043_9__ES_043_9,train,true,43,43,1.48,163.40001034837948,13.08050284308363,8.442349977306911,1.4429998339258607,0.2765957446808511,13.0,0.01948145031929016,6.0,4.054054054054054,1.21,nan,nan,nan,nan,0.0,0.0,0.012570053339004517,5.0,4.132231404958678,
EN_044_10__ES_044_10,train,true,36,36,2.43,112.81690188819903,4.960541833110416,2.0711690455625984,0.7582254101941942,0.9342105263157895,71.0,0.01482092123478651,8.0,3.2921810699588474,3.62,115.15994432189964,5.665166378833912,2.4228683719557393,0.8472594260152223,0.8070175438596491,92.0,0.007795805111527443,8.0,2.2099447513812156,
EN_044_11__ES_044_11,train,true,44,44,2.05,207.38154413522275,22.93589465162634,12.531860466817399,1.7735522555892693,0.8461538461538461,55.0,0.01174880564212799,8.0,3.9024390243902443,2.47,206.86145028518925,16.373293782123767,12.533865814410985,1.2934916600969966,0.8717948717948718,68.0,0.009441982954740524,10.0,4.048582995951417,
EN_044_12__ES_044_12,train,true,44,44,3.65,235.33926827181295,78.80142852878365,13.676802848379502,6.594384246505312,0.6173913043478261,71.0,0.010512836277484894,17.0,4.657534246575342,2.71,174.63235264811996,49.27075152545883,8.836343654862231,5.534903324655797,0.8588235294117647,73.0,0.008880086243152618,13.0,4.797047970479705,
EN_044_13__ES_044_13,train,true,44,44,2.49,232.90296149825807,37.59942028705679,14.427983461469806,2.6395657835999384,0.8717948717948718,68.0,0.011278594844043255,10.0,4.016064257028112,2.28,233.24633099823714,49.95358513874435,14.323726495525534,3.2903114722602678,0.7916666666666666,57.0,0.008121924474835396,8.0,3.5087719298245617,
EN_044_14__ES_044_14,train,true,44,44,2.4,267.62874286346215,93.00902111772507,16.14854974768578,5.342046467310027,0.881578947368421,67.0,0.010003622621297836,9.0,3.75,3.62,239.0845578837811,61.45367553070738,14.631042284999218,3.782001983077217,0.8771929824561403,100.0,0.007356780115514994,12.0,3.314917127071823,
EN_044_15__ES_044_15,train,true,36,36,2.15,146.15190613916826,45.846753901345224,5.787079322036255,5.100446469066551,0.7941176470588235,54.0,0.01095105055719614,5.0,2.3255813953488373,1.95,123.53119290524077,25.820904872735845,3.3053054428939546,3.440371565644515,0.6229508196721312,38.0,0.011505725793540478,5.0,2.5641025641025643,
EN_044_16__ES_044_16,train,true,36,36,2.0,119.75583946946722,17.203816945787533,2.9432626239822692,2.4819254695088038,0.9365079365079365,59.0,0.025686927139759064,10.0,5.0,2.17,116.20169581762887,15.25503452101738,2.448454983411916,2.300965433229737,0.9264705882352942,63.0,0.011488568969070911,6.0,2.7649769585253456,
EN_044_17__ES_044_17,train,true,36,36,3.14,112.89877666439867,9.742950207115378,2.0362491815509416,1.4879726556158503,0.8787878787878788,87.0,0.014081709086894989,13.0,4.140127388535031,3.32,118.85322533980919,17.115559181030875,2.8214708564277897,2.384174010907281,0.9423076923076923,98.0,0.018284689635038376,10.0,3.0120481927710845,
EN_044_18__ES_044_18,train,true,36,36,2.48,114.83778651171896,10.017461347894027,2.3278200627769956,1.5360684141142624,0.8076923076923077,63.0,0.01912139169871807,5.0,2.0161290322580645,2.22,118.83861985931568,14.447887428067492,2.8619825835066806,2.0820141215673535,0.9571428571428572,67.0,0.008413863368332386,4.0,1.8018018018018016,
EN_044_19__ES_044_19,train,true,36,36,2.25,109.20966954985703,12.644530413680553,1.4143279992849318,1.9381902983590291,0.7887323943661971,56.0,0.012563813477754593,5.0,2.2222222222222223,2.67,114.73816381619207,10.445435577254193,2.311375618332551,1.5293478639239961,0.8928571428571429,75.0,0.008500080555677414,6.0,2.247191011235955,
EN_044_1__ES_044_1,train,true,36,36,3.44,134.28054928464525,46.83115937809933,4.344607502390522,4.727426088228111,0.8518518518518519,92.0,0.01239701360464096,10.0,2.9069767441860463,3.4,121.01685214147518,15.059724302489496,3.1784633376307974,2.0341641582514134,0.8878504672897196,95.0,0.009870744310319424,8.0,2.3529411764705883,
EN_044_20__ES_044_20,train,true,36,36,5.92,113.03108631096109,9.543090588293445,2.0638634232105995,1.3740525311109333,0.6612903225806451,123.0,0.0063115800730884075,13.0,2.195945945945946,6.46,108.38561135827534,9.441536049218806,1.3325098174667507,1.439116482063165,0.7623762376237624,154.0,0.004495528526604176,13.0,2.0123839009287927,
EN_044_21__ES_044_21,train,true,36,36,4.23,117.11222040251432,15.921407238061365,2.5915517189614823,2.1685517262757745,0.7969924812030075,106.0,0.017050307244062424,17.0,4.0189125295508275,4.12,113.71601940617802,17.873681849142965,2.027570374886858,2.5661474998105605,0.689922480620155,89.0,0.011434188112616539,15.0,3.640776699029126,
EN_044_22__ES_044_22,train,true,36,36,2.46,114.23806769441575,25.42223013583956,1.9394362243931569,3.414014289964891,0.8571428571428571,66.0,0.009511326439678669,9.0,3.658536585365854,2.55,111.63379288818838,16.773318926476126,1.7157565707135036,2.5455779985965417,0.875,70.0,0.010016272775828838,7.0,2.7450980392156863,
EN_044_2__ES_044_2,train,true,36,36,2.08,114.73433243665397,10.588302630136322,2.3074496924066255,1.5716942794619055,0.8181818181818182,54.0,0.017260262742638588,6.0,2.8846153846153846,2.59,121.97763879073526,13.025941552470545,3.340364865644379,1.8532194895874823,0.7654320987654321,62.0,0.025345468893647194,5.0,1.9305019305019306,
EN_044_3__ES_044_3,train,true,36,36,2.46,112.79201437639003,7.526609911324377,2.045564673058919,1.152470783237125,0.8701298701298701,67.0,0.014925716444849968,10.0,4.065040650406504,2.68,117.82007808619386,11.639399007451553,2.7549805566041563,1.7040185788826538,0.9642857142857143,81.0,0.025286445394158363,8.0,2.9850746268656714,
EN_044_4__ES_044_4,train,true,44,44,1.36,201.3099813855121,13.862247409025795,12.071781415434002,1.1967188917453053,0.5348837209302325,23.0,0.0034642040263861418,4.0,2.941176470588235,1.32,197.82410686736583,15.233532462754129,11.761580746537682,1.2891043172794054,0.6190476190476191,26.0,0.005154091864824295,3.0,2.2727272727272725,
EN_044_5__ES_044_5,train,true,44,44,3.38,205.06458018395193,25.02513570364222,12.325799860756796,1.841776201820982,0.6226415094339622,66.0,0.008550227619707584,17.0,5.029585798816568,4.7,211.38105672143007,19.25728157824791,12.89132668866894,1.495019929244866,0.7414965986394558,109.0,0.005146603100001812,16.0,3.404255319148936,
EN_044_6__ES_044_6,train,true,36,36,0.82,139.62867852568317,30.578085495723556,5.37276955772649,3.727286585340092,0.8461538461538461,22.0,0.007419398054480553,3.0,3.658536585365854,0.86,111.67453083200195,6.353554324528181,1.8833756183325503,0.9903983485895407,0.5555555555555556,15.0,0.0074057988822460175,3.0,3.488372093023256,
EN_044_7__ES_044_7,train,true,44,44,0.63,220.67319287150542,31.675648780797527,13.525042284999218,2.4795412882224817,0.8,16.0,0.004202466458082199,3.0,4.761904761904762,0.77,205.281726416072,24.87668105119993,12.343375618332553,1.8566876120901126,0.6,15.0,0.0032752305269241333,3.0,3.896103896103896,
EN_044_8__ES_044_8,train,true,36,36,3.27,122.08839985632031,24.552372049740903,3.1577345926915252,3.082222359687278,0.6310679611650486,65.0,0.011191431432962418,9.0,2.7522935779816513,2.44,109.28128075970523,8.381761325471164,1.4851300042974638,1.337776530268379,0.7402597402597403,57.0,0.008604953996837139,7.0,2.8688524590163933,
EN_044_9__ES_044_9,train,true,44,44,2.08,394.7433075974678,387.6968364538842,18.26308576326009,12.090592978151527,0.696969696969697,46.0,0.017022473737597466,9.0,4.326923076923077,2.04,215.43305496131964,14.568482085400657,13.250042284999218,1.109400392450458,0.609375,39.0,0.010005936026573181,11.0,5.3921568627450975,
EN_045_10__ES_045_10,train,true,35,35,2.15,375.30523824325354,77.46678938358389,22.502983461469807,3.755537242117557,0.75,51.0,0.02947283908724785,6.0,2.7906976744186047,1.86,378.7752271041463,54.33615399783748,22.861363039716192,2.6601645840243675,0.8983050847457628,53.0,0.03388504683971405,5.0,2.6881720430107525,
EN_045_11__ES_045_11,train,true,35,35,1.67,397.0012880153278,48.946899557352886,23.730530089877263,2.229428397943876,0.7735849056603774,41.0,0.012816051952540874,5.0,2.9940119760479043,1.72,382.07531102595726,68.27326435211396,22.880477067607913,3.505515502946587,0.8518518518518519,46.0,0.039867278188467026,7.0,4.069767441860465,
EN_045_12__ES_045_12,train,true,45,45,1.74,123.18894489513877,18.922493679353654,3.4217814154340003,2.5063972969599093,0.8363636363636363,46.0,0.009264614433050156,6.0,3.4482758620689657,2.37,140.78449737061362,29.00287891017961,5.565831758683428,3.488466685426105,0.76,57.0,0.012954792007803917,5.0,2.109704641350211,
EN_045_13__ES_045_13,train,true,45,45,3.19,111.09688751467382,8.281251261480893,1.7732130167065345,1.3014343663339596,0.82,82.0,0.006640704348683357,10.0,3.134796238244514,3.5,115.67497891381726,9.038749191015498,2.465506202524991,1.4029674152615532,0.8818181818181818,97.0,0.011605354025959969,9.0,2.5714285714285716,
EN_045_14__ES_045_14,train,true,45,45,4.72,110.77847649069061,10.802507482261783,1.6901997653141785,1.682623553396316,0.8581081081081081,127.0,0.00574497040361166,18.0,3.8135593220338984,4.29,123.99252711305313,8.617424544684667,3.679948827055294,1.2311543821799686,0.7925925925925926,107.0,0.008615860715508461,12.0,2.797202797202797,
EN_045_15__ES_045_15,train,true,45,45,4.85,112.15713952953448,6.643635750529717,1.9560767677578381,1.0209266238201118,0.7631578947368421,116.0,0.0057074096985161304,14.0,2.8865979381443303,5.21,112.9231067155675,11.025927608000769,2.026853879202117,1.609630881040404,0.8466257668711656,138.0,0.005922000855207443,12.0,2.3032629558541267,
EN_045_16__ES_045_16,train,true,45,45,4.87,111.47723607338884,11.187734435583204,1.7976613326182653,1.6883689078992772,0.8235294117647058,126.0,0.006595999002456665,19.0,3.9014373716632442,6.37,113.37938245684795,16.485617109471224,2.0146576696146026,2.2700342775609745,0.65,130.0,0.00661165127530694,19.0,2.9827315541601256,
EN_045_1__ES_045_1,train,true,35,35,1.25,242.97106341612087,29.740540312129507,15.241708951665885,2.0968064341331614,0.6,24.0,0.022525805979967117,5.0,4.0,1.06,342.67381358155524,107.54139995570003,20.527461639837927,5.146606127400185,0.9117647058823529,31.0,0.049702584743499756,4.0,3.773584905660377,
EN_045_2__ES_045_2,train,true,45,45,1.25,107.83344928697696,3.735746297431129,1.2954968304537635,0.5898592071821206,0.825,33.0,0.007520708255469799,4.0,3.2,1.26,113.03195043573476,5.97251485499821,2.097542284999218,0.8888159258249144,1.0,40.0,0.010144781321287155,5.0,3.9682539682539684,
EN_045_3__ES_045_3,train,true,35,35,2.76,264.03727790839804,50.51379788274745,16.539375618332553,2.944942481988778,0.8620689655172413,75.0,0.011009365320205688,8.0,2.8985507246376816,4.07,249.64228460201173,32.789130914512036,15.708375618332553,2.0544497776506705,0.5625,72.0,0.014491959474980831,9.0,2.211302211302211,
EN_045_4__ES_045_4,train,true,35,35,3.76,215.64930073261345,21.119645617124842,13.225552489080851,1.6317050819267778,0.8305084745762712,98.0,0.008254926651716232,13.0,3.4574468085106385,4.36,219.01609736186697,20.468541143157285,13.497790032746963,1.6056121645202142,0.8102189781021898,111.0,0.016747133806347847,12.0,2.7522935779816513,
EN_045_5__ES_045_5,train,true,35,35,2.82,221.14941548626385,33.10788032052706,13.548593009636896,2.571555259045693,0.7752808988764045,69.0,0.005294367671012878,10.0,3.546099290780142,2.51,231.30750132087417,31.68396858747647,14.36234997730691,2.294509010144248,0.8227848101265823,65.0,0.009273920208215714,9.0,3.5856573705179287,
EN_045_6__ES_045_6,train,true,35,35,2.82,219.35576525029663,11.20003245699308,13.577578516883273,0.8588641062677357,0.7752808988764045,69.0,0.00832904689013958,9.0,3.191489361702128,2.11,241.08641872345603,16.714487914132008,15.19430458008119,1.1727122255643867,0.9242424242424242,61.0,0.016844507306814194,6.0,2.843601895734597,
EN_045_7__ES_045_7,train,true,35,35,1.37,278.7339925076759,92.0203380760745,16.89066728499922,5.29698377469433,0.7441860465116279,32.0,0.006333263590931892,6.0,4.37956204379562,1.53,268.5186817750077,59.629783172615845,16.74516423621873,3.3569695407201756,0.8541666666666666,41.0,0.008406494744122028,8.0,5.228758169934641,
EN_045_8__ES_045_8,train,true,35,35,5.4,214.67355246368163,20.433318942499646,13.14528038023731,1.6814608700758913,0.621301775147929,105.0,0.0075850640423595905,16.0,2.962962962962963,3.05,220.0266715410874,24.16363577621056,13.544228331510842,1.9504534148567185,0.8958333333333334,86.0,0.013906420208513737,10.0,3.278688524590164,
EN_045_9__ES_045_9,train,true,35,35,3.04,226.06926158224047,25.72157486360857,14.008469251291356,1.9797178886961093,0.9270833333333334,89.0,0.01871723122894764,11.0,3.6184210526315788,3.52,223.63348025221757,34.88503397823597,13.735148667977942,2.5864605506699734,0.8468468468468469,94.0,0.021234305575489998,12.0,3.409090909090909,
EN_050_10__ES_050_10,train,true,43,43,4.22,97.95495782719527,5.571585046813785,-0.3858551508982177,0.9882611456718853,0.29545454545454547,39.0,0.013650907203555107,12.0,2.843601895734597,4.84,109.30094979155417,7.684623941893593,1.5000422849992188,1.1496376240653692,0.15789473684210525,24.0,0.005366646219044924,7.0,1.4462809917355373,
EN_050_11__ES_050_11,train,true,43,43,7.11,125.34628006785745,35.03626329372764,3.2589030444928877,4.70131115224597,0.3542600896860987,79.0,0.01594262756407261,21.0,2.9535864978902953,5.664,187.9012426632681,84.60070141460471,9.461870241988464,6.826432646710772,0.5224719101123596,93.0,0.013847283087670803,16.0,2.824858757062147,
EN_050_12__ES_050_12,train,true,43,43,2.35,113.20247839656503,15.422125834837994,1.9817496020723886,2.409375895749692,0.5540540540540541,41.0,0.019713157787919044,8.0,3.404255319148936,2.221,115.56524353452171,11.171438706263318,2.4190899040468374,1.7436262289561535,0.6,42.0,0.01160240639001131,8.0,3.6019810895992794,
EN_050_13__ES_050_13,train,true,43,43,3.02,102.64510680433948,8.749171878811977,0.3905828255397586,1.4518319200348702,0.3894736842105263,37.0,0.016383815556764603,10.0,3.3112582781456954,2.802,118.16277019300584,14.413669868440472,2.763375618332551,2.0771347787009127,0.3409090909090909,30.0,0.013887482695281506,9.0,3.2119914346895073,
EN_050_14__ES_050_14,train,true,43,43,4.07,131.12220133481702,35.55214698696116,4.150042284999218,4.1741880831900895,0.609375,78.0,0.013903478160500526,15.0,3.685503685503685,4.0,131.37447677800975,32.49154387033504,4.275042284999218,3.785898684084645,0.4126984126984127,52.0,0.0069078318774700165,11.0,2.75,
EN_050_15__ES_050_15,train,true,43,43,4.3,274.0931242395393,104.69580715932622,15.411580746537675,9.436855143307726,0.674074074074074,91.0,0.00872341450303793,11.0,2.558139534883721,5.21,305.4093099465081,32.06692334255222,19.23710110852863,1.7669374126066846,0.5214723926380368,85.0,0.0037648240104317665,12.0,2.3032629558541267,
EN_050_16__ES_050_16,train,true,43,43,1.78,90.66214975711,2.2652099832099197,-1.7025892939481497,0.43573099022777273,0.3392857142857143,19.0,0.011233380064368248,8.0,4.49438202247191,1.457,101.44458097327217,3.9210235006375487,0.2357565707135039,0.6541338979617136,0.45652173913043476,21.0,0.0045423321425914764,6.0,4.118050789293068,
EN_050_17__ES_050_17,train,true,50,50,2.1,132.36969768193282,15.79053566022421,4.7315237664806995,2.069896586616514,0.8181818181818182,54.0,0.007990328595042229,7.0,3.333333333333333,1.41,130.16291813630463,17.17739363689559,4.411153396110329,2.3084720509195127,0.8,36.0,0.013251191936433315,6.0,4.25531914893617,
EN_050_18__ES_050_18,train,true,43,43,6.76,126.41236301209555,31.642311675144427,3.5886387762272878,3.8886589212222926,0.5377358490566038,114.0,0.014920269139111042,19.0,2.8106508875739644,7.515,148.67529133273763,35.75314719726298,6.400042284999218,3.9672151814964987,0.4595744680851064,108.0,0.008992605842649937,18.0,2.3952095808383236,
EN_050_19__ES_050_19,train,true,50,50,2.97,125.57242095645339,10.33198339132866,3.883375618332551,1.4296994103798195,0.3548387096774194,33.0,0.008954782038927078,11.0,3.7037037037037033,2.505,122.22179044626914,11.817651909480949,3.3954968304537645,1.637938635971021,0.6962025316455697,55.0,0.012244010344147682,10.0,3.9920159680638725,
EN_050_1__ES_050_1,train,true,50,50,1.79,109.39367255967136,3.9030635758949397,1.5433756183325518,0.6158643429269857,0.26785714285714285,15.0,0.007966074161231518,5.0,2.793296089385475,1.505,104.08413253678081,7.551729352460883,0.6450422849992175,1.3063211703099662,0.4166666666666667,20.0,0.0068546198308467865,5.0,3.322259136212625,
EN_050_20__ES_050_20,train,true,50,50,1.81,118.86731839163372,9.218135393876016,2.936708951665884,1.4089554838800111,0.2631578947368421,15.0,0.00571235828101635,9.0,4.972375690607735,2.729,114.06984742834348,8.587926125506009,2.220412655369588,1.4921559879769333,0.313953488372093,27.0,0.00898049771785736,5.0,1.8321729571271528,
EN_050_21__ES_050_21,train,true,43,43,0.99,174.0521743471939,10.463095492836478,9.564327999284933,1.0063066437346466,0.22580645161290322,7.0,0.016526445746421814,2.0,2.0202020202020203,0.938,203.49647913182037,81.8487454874766,10.950042284999219,6.797466848433727,0.6,18.0,0.013302749954164028,2.0,2.1321961620469083,
EN_050_22__ES_050_22,train,true,50,50,3.38,nan,nan,nan,nan,0.0,0.0,0.004635208286345005,7.0,2.0710059171597632,2.63,145.05146670135645,29.36891834936053,6.104729784999218,3.3497168577872,0.7710843373493976,64.0,0.011403879150748253,7.0,2.661596958174905,
EN_050_23__ES_050_23,train,true,43,43,3.42,447.1815745680227,395.60314008604234,19.446652454490742,14.460020466751754,0.5514018691588785,59.0,0.017208846285939217,6.0,1.7543859649122808,2.695,185.70788176195734,19.326029893199003,10.6190078022406,1.8543710613827256,0.3411764705882353,29.0,0.013263200409710407,5.0,1.855287569573284,
EN_050_24__ES_050_24,train,true,50,50,1.25,130.43921508551236,7.235781333479851,4.572769557726492,0.9908361107403721,0.55,22.0,0.005414347164332867,6.0,4.8,1.555,152.46146565978975,8.240714609213358,7.275848736612121,0.9415045412788506,0.6326530612244898,31.0,0.01167581882327795,7.0,4.501607717041801,
EN_050_25__ES_050_25,train,true,43,43,4.91,148.5658334965852,62.83238096526514,5.4621634971204305,6.750409979727048,0.42857142857142855,66.0,0.020217882469296455,12.0,2.4439918533604885,4.271,120.40209155827714,25.566579393929302,2.877820062776996,3.2995463586437923,0.5373134328358209,72.0,0.014905325137078762,12.0,2.809646452821353,
EN_050_26__ES_050_26,train,true,43,43,2.79,130.4677920788738,8.58278794707043,4.563835388447494,1.2079404352553365,0.32954545454545453,29.0,0.022600479423999786,6.0,2.150537634408602,2.345,153.16188101796683,61.53264281936208,6.220951375908308,6.079015253006114,0.7432432432432432,55.0,0.016564959660172462,6.0,2.5586353944562896,
EN_050_27__ES_050_27,train,true,43,43,3.28,114.09458046306649,21.299652996756624,1.9726229301605078,3.30041147751545,0.30097087378640774,31.0,0.020531395450234413,14.0,4.2682926829268295,3.457,166.896965361755,66.67007634481192,7.5394540497051015,6.696513992666575,0.7798165137614679,85.0,0.011341397650539875,8.0,2.3141452126120914,
EN_050_28__ES_050_28,train,true,50,50,1.48,122.9716042829691,6.938381357200714,3.554587739544672,0.917247499427833,0.46808510638297873,22.0,0.009486868046224117,5.0,3.3783783783783785,1.768,123.11290645514138,6.639679547472989,3.5731192080761414,0.9751953225686453,0.23214285714285715,13.0,0.009501242078840733,4.0,2.262443438914027,
EN_050_29__ES_050_29,train,true,50,50,2.7,136.4625017178846,17.087924297520193,5.24246652742346,2.215257739027537,0.7764705882352941,66.0,0.014901019632816315,16.0,5.925925925925926,3.531,129.37432765488057,16.100719991957643,4.329054630678231,2.1024216518854444,0.7297297297297297,81.0,0.012061555869877338,17.0,4.814500141602945,
EN_050_2__ES_050_2,train,true,50,50,2.43,109.59589102423256,6.193932250497013,1.5591331940901265,0.9662058367699209,0.14473684210526316,11.0,0.017389528453350067,7.0,2.8806584362139915,3.253,119.5272406346088,7.127824353829127,3.0579370218413224,1.0162836267363062,0.37254901960784315,38.0,0.014091912657022476,8.0,2.459268367660621,
EN_050_30__ES_050_30,train,true,50,50,2.34,117.01963208181513,11.074606116063629,2.6417089516658847,1.6681868067522359,0.6486486486486487,48.0,0.008967774920165539,12.0,5.128205128205129,3.21,128.69405044056722,8.32711911445285,4.330042284999218,1.1446688021723432,0.297029702970297,30.0,0.008832062594592571,7.0,2.180685358255452,
EN_050_31__ES_050_31,train,true,43,43,5.67,109.05719832508689,10.90908864143441,1.4171655726704508,1.6909148690543805,0.4101123595505618,73.0,0.00967930443584919,17.0,2.998236331569665,6.674,109.5410483269398,11.762453908815845,1.482695346223708,1.792887052124116,0.4688995215311005,98.0,0.008732705377042294,12.0,1.7980221756068324,
EN_050_3__ES_050_3,train,true,50,50,2.54,140.46223675510558,13.72671350471124,5.798760233717166,1.7051764018636653,0.4875,39.0,0.02101491019129753,6.0,2.3622047244094486,2.79,134.09378992678688,11.735185159688022,5.010042284999218,1.5596153371905521,0.22727272727272727,20.0,0.014404681511223316,5.0,1.7921146953405018,
EN_050_4__ES_050_4,train,true,43,43,3.2,119.26110207308778,18.087344678557173,2.8518604668174006,2.6126608456159928,0.5445544554455446,55.0,0.016467038542032242,11.0,3.4375,3.5,125.74781568503565,12.27170952259269,3.8928994278563605,1.553257129309429,0.5727272727272728,63.0,0.008312001824378967,9.0,2.5714285714285716,
EN_050_5__ES_050_5,train,true,43,43,5.26,89.92303610612849,10.745743041991389,-1.966906867543155,2.1255629397818026,0.3575757575757576,59.0,0.00855877436697483,15.0,2.8517110266159698,3.778,108.89051219603743,9.69462072404648,1.4081503931073263,1.5049474047339126,0.6218487394957983,74.0,0.00935999397188425,14.0,3.7056643726839598,
EN_050_6__ES_050_6,train,true,43,43,3.67,111.28487154021057,1.2210041235333535,1.8500422849992184,0.19069251784911936,0.09565217391304348,11.0,0.02139316312968731,12.0,3.2697547683923704,3.37,104.80098134702432,7.833555014771226,0.7615176948352836,1.3336869100300444,0.5754716981132075,61.0,0.00849935133010149,8.0,2.373887240356083,
EN_050_7__ES_050_7,train,true,43,43,5.36,89.04991849870476,10.971158412543872,-2.148262799746545,2.2449560431636195,0.35119047619047616,59.0,0.007077792659401894,18.0,3.3582089552238803,4.629,113.78133183127757,18.256495788996883,2.007419334179546,2.8226518757955743,0.4206896551724138,61.0,0.008060624822974205,11.0,2.3763231799524736,
EN_050_8__ES_050_8,train,true,43,43,3.9,110.59418261681337,21.184913002284574,1.4208756183325515,3.3582997310146894,0.5901639344262295,72.0,0.012461904436349869,13.0,3.3333333333333335,3.958,114.39007799646247,27.953781887676655,1.906292284999218,3.626942367545975,0.6451612903225806,80.0,0.009888237342238426,11.0,2.7791814047498735,
EN_050_9__ES_050_9,train,true,43,43,1.58,143.21685519379847,16.851718476163704,6.084657669614602,2.211498327395028,0.52,26.0,0.022969968616962433,5.0,3.1645569620253164,1.153,137.46339684366058,34.74327630546353,4.975042284999217,4.2531018092681485,0.5405405405405406,20.0,0.010262456722557545,4.0,3.469210754553339,
EN_051_10__ES_051_10,train,true,51,51,4.62,215.34959231641184,35.04240181283108,13.077926900383833,2.5657303927390447,0.7172413793103448,104.0,0.009329602122306824,20.0,4.329004329004329,5.52,224.5209961010998,48.56510581764512,13.522070257027192,4.341769894570574,0.8265895953757225,143.0,0.006163406185805798,19.0,3.4420289855072466,
EN_051_11__ES_051_11,train,true,32,32,2.1,238.73559950700283,34.30332557538551,14.928613713570645,2.037918606053235,0.8484848484848485,56.0,0.01549404114484787,6.0,2.857142857142857,2.73,253.34841089723162,24.67978533427596,16.016708951665883,1.6049440521800185,0.8023255813953488,69.0,0.014233180321753025,6.0,2.197802197802198,
EN_051_12__ES_051_12,train,true,51,51,5.37,222.2117907083677,35.62195668412751,13.627207639329924,2.526121454439435,0.7559523809523809,127.0,0.01487838663160801,23.0,4.283054003724395,5.23,220.13331859848466,22.54847335946663,13.574469765915248,1.7040630208686907,0.7987804878048781,131.0,0.006774788722395897,16.0,3.0592734225621414,
EN_051_13__ES_051_13,train,true,51,51,3.3,256.09957441856983,64.23198798903603,15.79939293434987,3.958539130269675,0.7403846153846154,77.0,0.010629236698150635,16.0,4.848484848484849,3.22,268.9011717517667,68.71839097111494,16.60585623848759,4.149155269902391,0.8514851485148515,86.0,0.010426328517496586,10.0,3.105590062111801,
EN_051_14__ES_051_14,train,true,32,32,3.97,251.65204095121592,26.47884993878793,15.887542284999219,1.7323387648360948,0.832,104.0,0.022382106631994247,14.0,3.526448362720403,5.45,251.95257171017178,24.237259843972232,15.922645024725245,1.5906197873589087,0.8538011695906432,146.0,0.014176265336573124,11.0,2.018348623853211,
EN_051_15__ES_051_15,train,true,32,32,7.66,265.7688373372936,48.421951549456224,16.700401997229434,2.606421900308096,0.5791666666666667,139.0,0.011250291019678116,13.0,1.6971279373368147,6.2,256.8660281168043,37.327603110976575,16.178263143894924,2.216018349530183,0.8402061855670103,163.0,0.012627262622117996,13.0,2.096774193548387,
EN_051_16__ES_051_16,train,true,32,32,5.56,246.20264829992084,30.088873643288295,15.484169269126207,1.9275431643783483,0.7241379310344828,126.0,0.019032154232263565,12.0,2.1582733812949644,6.63,264.70780728790527,37.23392202270036,16.691123366080298,2.3334324372845687,0.8894230769230769,185.0,0.016304899007081985,12.0,1.8099547511312217,
EN_051_17__ES_051_17,train,true,32,32,1.83,244.54166133515184,15.043434795185016,15.447185142142075,1.0898193072472975,0.603448275862069,35.0,0.01602323167026043,7.0,3.8251366120218577,2.36,260.3761856494936,55.15774704343586,16.302983461469807,2.763175421196507,0.918918918918919,68.0,0.01655450463294983,6.0,2.5423728813559325,
EN_051_18__ES_051_18,train,true,32,32,2.68,258.90635733603483,45.04365548377912,16.235496830453762,2.763227242444679,0.6547619047619048,55.0,0.020052148029208183,5.0,1.8656716417910446,2.84,266.6893689856961,44.00053322546702,16.780345315302245,2.545761164793869,0.7415730337078652,66.0,0.01345372200012207,4.0,1.4084507042253522,
EN_051_19__ES_051_19,train,true,32,32,4.54,247.1201039241866,33.225216468599754,15.511781415434001,2.264723137266189,0.8098591549295775,115.0,0.01944514364004135,14.0,3.0837004405286343,5.69,262.5163184371392,33.66777386618746,16.57276955772649,2.148165110321888,0.8651685393258427,154.0,0.014536136761307716,13.0,2.2847100175746924,
EN_051_1__ES_051_1,train,true,51,51,1.76,236.10133068133777,45.66572206411603,14.595988230945164,2.9793518789662596,0.6607142857142857,37.0,0.011152775958180428,10.0,5.681818181818182,1.73,246.6791996130287,29.637581207299874,15.513307591121666,1.9983354172452488,0.8909090909090909,49.0,0.007443630136549473,8.0,4.624277456647399,
EN_051_20__ES_051_20,train,true,32,32,3.64,233.10250011444384,18.92090906403221,14.598042284999218,1.3416020274284028,0.8771929824561403,100.0,0.02328176237642765,10.0,2.7472527472527473,4.4,252.5368708895344,26.937136351224073,15.943319595923588,1.7935332525884955,0.8623188405797102,119.0,0.01622849330306053,11.0,2.5,
EN_051_21__ES_051_21,train,true,32,32,2.57,239.14011339125807,17.813959485721725,15.048454983411919,1.245626260987208,0.7777777777777778,63.0,0.017487376928329468,7.0,2.7237354085603114,3.95,255.6232155442825,21.026236718472543,16.191781415434,1.3870821804872742,0.9274193548387096,115.0,0.021484749391674995,7.0,1.7721518987341771,
EN_051_22__ES_051_22,train,true,32,32,4.13,239.76914103536367,16.72252544665521,15.097315012271945,1.214661126772633,0.8461538461538461,110.0,0.0170755498111248,17.0,4.116222760290557,5.26,517.4338139449392,604.9051570242401,21.46422138947683,13.150989707861527,0.8121212121212121,134.0,0.012283286079764366,6.0,1.1406844106463878,
EN_051_2__ES_051_2,train,true,32,32,3.0,267.944909176906,27.977947295960156,16.976129241520958,1.7040150518074628,0.7340425531914894,69.0,0.01690753735601902,7.0,2.3333333333333335,3.45,261.3213513650622,27.58927554547846,16.54084688270036,1.7252440896042778,0.8055555555555556,87.0,0.012492749840021133,5.0,1.4492753623188406,
EN_051_3__ES_051_3,train,true,32,32,2.72,261.3521177156735,36.66280464277916,16.474042284999218,2.2945640108743968,0.872093023255814,75.0,0.019402150064706802,9.0,3.3088235294117645,3.33,272.96433274643294,42.61386951278708,17.220042284999217,2.2580448770267316,0.8571428571428571,90.0,0.012559420429170132,10.0,3.003003003003003,
EN_051_4__ES_051_4,train,true,32,32,6.11,243.76556835409073,27.46042297486939,15.330893348829001,1.752401185227923,0.7382198952879581,141.0,0.014017628505825996,14.0,2.2913256955810146,9.53,245.23323740912156,25.682391200920108,15.447579230812027,1.631628230367612,0.6812080536912751,203.0,0.01060108095407486,14.0,1.4690451206715636,
EN_051_5__ES_051_5,train,true,32,32,4.15,236.31822806273584,15.248431137494617,14.856783858032925,1.0222027056400071,0.6846153846153846,89.0,0.015400468371808529,12.0,2.8915662650602405,5.46,254.29631255822414,21.10293557762024,16.102423237380172,1.366674962642815,0.8596491228070176,147.0,0.014236997812986374,11.0,2.0146520146520146,
EN_051_6__ES_051_6,train,true,32,32,2.31,243.7919248146894,21.412907625130053,15.366113713570646,1.4337484320223448,0.7671232876712328,56.0,0.011144031770527363,9.0,3.896103896103896,3.88,242.7780722746427,21.94442209917318,15.2927389142127,1.4347131131187623,0.7295081967213115,89.0,0.00795600563287735,7.0,1.8041237113402062,
EN_051_7__ES_051_7,train,true,32,32,3.82,236.55643414160667,12.582084844016435,14.882600424534099,0.896691834812716,0.7166666666666667,86.0,0.010701875202357769,12.0,3.141361256544503,3.98,253.3566547382568,28.968147084778664,15.99486987120611,1.7950608237823256,0.696,87.0,0.009272744879126549,10.0,2.512562814070352,
EN_051_8__ES_051_8,train,true,51,51,2.49,267.0848385452028,44.388667740319846,16.786550221507156,2.715405876721533,0.8076923076923077,63.0,0.01405243668705225,11.0,4.417670682730924,2.25,244.90784696092186,27.68836630947432,15.40155743651437,1.8881803348841333,0.9295774647887324,66.0,0.0073119946755468845,10.0,4.444444444444445,
EN_051_9__ES_051_9,train,true,51,51,4.2,220.4534681203201,28.219192274640008,13.556292284999218,2.070920311721337,0.48484848484848486,64.0,0.012004419229924679,10.0,2.380952380952381,4.43,227.9828817406287,36.92189083444651,14.081292284999217,2.4178723644628826,0.6906474820143885,96.0,0.007799807004630566,7.0,1.580135440180587,
EN_052_10__ES_052_10,train,true,52,52,2.13,111.33653971930087,5.379608643311381,1.8389311738881071,0.8362541405902406,0.5373134328358209,36.0,0.007949582301080227,8.0,3.755868544600939,2.01,117.31243622919585,6.191265088987204,2.7413466328253047,0.8801744113122827,0.36507936507936506,23.0,0.016976479440927505,11.0,5.472636815920398,
EN_052_11__ES_052_11,train,true,52,52,5.19,124.34526010709548,26.74028772545698,3.4312922849992185,3.300420191051437,0.294478527607362,48.0,0.007421046029776335,16.0,3.082851637764932,5.8,135.6587505613792,47.89353585071956,4.520972517557358,4.705115135359916,0.4725274725274725,86.0,0.011697787791490555,16.0,2.7586206896551726,
EN_052_12__ES_052_12,train,true,52,52,4.66,126.08213829206956,13.824033884769964,3.908708951665885,1.8935042176404633,0.5136986301369864,75.0,0.010327396914362907,16.0,3.4334763948497855,5.23,130.35881248636395,19.258294216849723,4.400042284999217,2.5680289576390547,0.2682926829268293,44.0,0.01288604736328125,16.0,3.0592734225621414,
EN_052_13__ES_052_13,train,true,52,52,3.2,143.84256891217103,39.45163649098052,5.759417284999218,4.090565316600506,0.31683168316831684,32.0,0.009641275741159916,11.0,3.4375,3.43,126.83552103681821,26.477448438798156,3.7987602337171675,3.174002713946442,0.3611111111111111,39.0,0.008219779469072819,10.0,2.9154518950437316,
EN_052_14__ES_052_14,train,true,32,32,3.72,128.429103979139,4.125463472745255,4.322769557726491,0.5544709338900695,0.09401709401709402,11.0,0.016071829944849014,10.0,2.6881720430107525,3.02,109.52214032881328,10.318477300098136,1.4954968304537632,1.668294521830677,0.5789473684210527,55.0,0.010315277613699436,8.0,2.6490066225165565,
EN_052_15__ES_052_15,train,true,52,52,3.41,199.95724258601058,49.488438383636094,11.4318604668174,4.478802230673687,0.102803738317757,11.0,0.010967282578349113,6.0,1.7595307917888563,2.77,180.99332134937717,64.61664408319236,9.154920333779707,6.22492829695259,0.47126436781609193,41.0,0.012197011150419712,5.0,1.8050541516245486,
EN_052_16__ES_052_16,train,true,32,32,4.16,135.23365883505033,9.743591863022772,5.178613713570646,1.287260974444006,0.21374045801526717,28.0,0.01948164403438568,11.0,2.644230769230769,4.45,127.2912690053338,22.41914769561148,3.9073339516658847,3.0665447708450664,0.6857142857142857,96.0,0.018518611788749695,13.0,2.9213483146067416,
EN_052_17__ES_052_17,train,true,52,52,2.88,133.8070611597179,14.270592776062387,4.942899427856361,1.8549987623077444,0.6153846153846154,56.0,0.012165212072432041,11.0,3.8194444444444446,4.11,130.51556922620034,15.711559001821586,4.479529464486397,2.154964987184126,0.6046511627906976,78.0,0.011048627085983753,11.0,2.67639902676399,
EN_052_18__ES_052_18,train,true,32,32,6.58,115.42706504029618,23.581167975870407,2.1574496924066255,3.28855207651409,0.5242718446601942,108.0,0.01459514256566763,25.0,3.7993920972644375,7.7,118.52697610804009,14.210515521295738,2.82226450722144,2.024792322836414,0.5228215767634855,126.0,0.01825403794646263,26.0,3.3766233766233764,
EN_052_19__ES_052_19,train,true,32,32,4.76,109.1642100465958,7.968753964365404,1.4707319401716314,1.2871726059387651,0.19463087248322147,29.0,0.018304161727428436,14.0,2.9411764705882355,5.07,115.3126097448934,16.43228240572797,2.295756570713504,2.418422491406077,0.44025157232704404,70.0,0.015691589564085007,11.0,2.1696252465483234,
EN_052_1__ES_052_1,train,true,52,52,5.41,131.86655735552736,18.985221082924696,4.628008386694134,2.2979775777851814,0.34705882352941175,59.0,0.008751709014177322,18.0,3.3271719038817005,6.1,117.5931144828906,9.08546890866823,2.7553054428939547,1.3119452615655933,0.29842931937172773,57.0,0.011671148240566254,18.0,2.9508196721311477,
EN_052_20__ES_052_20,train,true,32,32,1.77,nan,nan,nan,nan,0.0,0.0,0.014843141660094261,5.0,2.824858757062147,1.69,95.13063187936595,5.488469160489104,-0.8944021594452262,1.0343483664655138,0.5094339622641509,27.0,0.013216456398367882,6.0,3.5502958579881656,
EN_052_21__ES_052_21,train,true,32,32,2.82,93.41875084686174,3.1428479124233357,-1.1884192534623208,0.5838051064926237,0.14606741573033707,13.0,0.01481555961072445,9.0,3.191489361702128,2.53,96.59989329303139,8.878503193387353,-0.6874577150007821,1.8397944858054116,0.2,16.0,0.013329912908375263,7.0,2.766798418972332,
EN_052_22__ES_052_22,train,true,32,32,1.35,110.88618108611006,4.256272045531528,1.7761292415209575,0.6673877637634453,0.5348837209302325,23.0,0.02237786538898945,4.0,2.962962962962963,1.31,115.43785317848713,12.417718416240328,2.380811515768449,1.9232922956321195,0.3170731707317073,13.0,0.021088527515530586,5.0,3.8167938931297707,
EN_052_23__ES_052_23,train,true,32,32,2.79,209.0997158170117,12.05504711626818,12.740042284999216,1.0372559954032565,0.22727272727272727,20.0,0.02067778818309307,10.0,3.5842293906810037,3.15,117.28671163979783,30.373547225063533,2.196917284999218,4.385664457567975,0.6464646464646465,64.0,0.009189394302666187,11.0,3.492063492063492,
EN_052_24__ES_052_24,train,true,32,32,4.54,110.18059633177286,15.600681423920594,1.5174841454643335,2.317348216873697,0.3028169014084507,43.0,0.013007329776883125,16.0,3.5242290748898677,5.0,99.54295587718485,5.353160079797556,-0.10434367991306316,0.9315277350710095,0.3630573248407643,57.0,0.01209325436502695,15.0,3.0,
EN_052_25__ES_052_25,train,true,32,32,1.35,119.7013933793364,18.626317751319863,2.8763580744729027,2.951688563172141,0.4418604651162791,19.0,0.017075281590223312,4.0,2.962962962962963,1.4,115.44511500239088,8.004043779447564,2.4441599320580423,1.2160546563932229,0.7727272727272727,34.0,0.01918850466609001,5.0,3.5714285714285716,
EN_052_2__ES_052_2,train,true,52,52,2.84,117.0885605703849,8.471143912866477,2.6851774201343535,1.2675185837362992,0.4157303370786517,37.0,0.01276170089840889,12.0,4.225352112676057,2.69,130.3933984302117,25.671598856376374,4.27268379443318,3.3014943162969583,0.6235294117647059,53.0,0.013558373786509037,10.0,3.717472118959108,
EN_052_38__ES_052_38,train,true,32,32,2.47,123.119960399058,26.307785666346742,3.1959882309451633,3.7610805372776808,0.47435897435897434,37.0,0.02739523909986019,11.0,4.4534412955465585,2.28,107.72305845818516,4.605134173433969,1.27226450722144,0.734510839157262,0.125,9.0,0.012241676449775696,9.0,3.947368421052632,
EN_052_3__ES_052_3,train,true,52,52,5.5,132.19464985430224,23.39439231223159,4.605426900383833,2.6826525775938648,0.37790697674418605,65.0,0.012490042485296726,14.0,2.5454545454545454,5.32,134.8782937518058,25.610252136212768,4.8937316053875675,3.0834563226628395,0.6167664670658682,103.0,0.00900319404900074,22.0,4.135338345864661,
EN_052_4__ES_052_4,train,true,32,32,3.37,111.38998810756524,7.478120115494769,1.827185142142075,1.1902186388068643,0.330188679245283,35.0,0.018564358353614807,13.0,3.857566765578635,3.14,96.9396958305839,8.729681943497967,-0.6080222311298146,1.5553807113141114,0.31313131313131315,31.0,0.015414491295814514,12.0,3.821656050955414,
EN_052_5__ES_052_5,train,true,52,52,2.97,129.351981595518,11.608001145653043,4.38397085642779,1.5873694305937969,0.6021505376344086,56.0,0.010674559511244297,13.0,4.377104377104377,2.77,134.1603370741947,12.719167315159472,5.012542284999218,1.59692086529045,0.735632183908046,64.0,0.016927270218729973,13.0,4.693140794223827,
EN_052_7__ES_052_7,train,true,52,52,3.68,138.81810960253685,25.91273091861622,5.386405921362855,3.154700022411791,0.47413793103448276,55.0,0.010289612226188183,10.0,2.717391304347826,4.38,140.11935460744553,24.801143874787233,5.574235833386316,3.0213052874475252,0.45255474452554745,62.0,0.021026266738772392,18.0,4.109589041095891,
EN_052_8__ES_052_8,train,true,52,52,5.0,nan,nan,nan,nan,0.0,0.0,0.005251625552773476,12.0,2.4,3.31,121.94159632671901,12.03565320900238,3.3500422849992173,1.7077116471370217,0.41346153846153844,43.0,0.011784045025706291,16.0,4.833836858006042,
EN_052_9__ES_052_9,train,true,52,52,2.68,169.33398736973518,7.669684962939683,9.100042284999219,0.8060042537994803,0.16666666666666666,14.0,0.008827045559883118,5.0,1.8656716417910446,2.22,145.86205497210912,15.413114678364167,6.441218755587453,1.7928563551033874,0.4857142857142857,34.0,0.01547516230493784,8.0,3.603603603603603,
EN_053_10__ES_053_10,train,true,48,48,3.58,211.7033085052676,39.78766456509254,12.588596501866686,3.992548219271135,0.7410714285714286,83.0,0.012676452286541462,9.0,2.5139664804469275,3.91,231.53464465465805,34.82236675027562,14.364721184081786,2.3508275212164933,0.8861788617886179,109.0,0.016351189464330673,10.0,2.557544757033248,
EN_053_11__ES_053_11,train,true,48,48,5.69,212.3391692894151,15.50729249546603,12.991657191831516,1.2371354915182329,0.9044943820224719,161.0,0.013327457010746002,19.0,3.3391915641476273,4.0,217.0586555951287,17.37672850828993,13.361708951665886,1.3832439730173738,0.9523809523809523,120.0,0.015636859461665154,14.0,3.5,
EN_053_12__ES_053_12,train,true,48,48,4.07,232.39516886523228,19.87682040811251,14.537221772178704,1.4531156306916604,0.9140625,117.0,0.016559258103370667,13.0,3.194103194103194,2.67,235.8952288971789,20.196794045110323,14.79638374841385,1.4458683880622951,0.9761904761904762,82.0,0.026539180427789688,13.0,4.868913857677903,
EN_053_13__ES_053_13,train,true,48,48,2.44,216.18975096296833,11.784960123052342,13.32226450722144,0.932770994615003,0.935064935064935,72.0,0.01657840423285961,10.0,4.098360655737705,2.58,216.4765566274929,11.964074629538294,13.34432799928493,0.950771974207683,0.8641975308641975,70.0,0.02269292250275612,12.0,4.651162790697675,
EN_053_14__ES_053_14,train,true,48,48,3.29,241.9466064479772,28.682121510628665,15.185253552604852,1.9203945157730142,0.6893203883495146,71.0,0.018765278160572052,12.0,3.6474164133738602,2.74,243.6251546817266,24.433355189942226,15.3294540497051,1.727933041282477,0.7906976744186046,68.0,0.026652058586478233,11.0,4.014598540145985,
EN_053_15__ES_053_15,train,true,48,48,3.81,254.58375660972538,39.56414408573036,15.973329956232092,2.6492449453115805,0.6083333333333333,73.0,0.015553967095911503,12.0,3.149606299212598,4.18,270.2910600104826,47.78556755550435,16.96317359813053,2.8990296692446766,0.7557251908396947,99.0,0.015563364140689373,13.0,3.110047846889952,
EN_053_16__ES_053_16,train,true,48,48,3.57,229.94799689244886,16.233673722620008,14.372157669614602,1.2306937326603515,0.9285714285714286,104.0,0.01834547519683838,12.0,3.361344537815126,4.12,208.8249675966729,35.940593561573436,12.401860466817396,3.735206744142498,0.8527131782945736,110.0,0.01440198253840208,18.0,4.368932038834951,
EN_053_17__ES_053_17,train,true,48,48,2.26,241.8673209039385,18.60902575172415,15.240951375908306,1.3008071238864434,0.7746478873239436,55.0,0.019782884046435356,5.0,2.212389380530974,2.06,243.68861291648935,23.69412751140002,15.344685142142074,1.5910934742740759,0.8615384615384616,56.0,0.023602081462740898,4.0,1.941747572815534,
EN_053_18__ES_053_18,train,true,48,48,3.19,220.9864028376569,17.476216056332508,13.67087561833255,1.4170036363946128,0.96,96.0,0.01821524277329445,11.0,3.4482758620689657,2.64,208.15586656072907,35.08285826940034,12.36490714986408,3.6278458515045866,0.891566265060241,74.0,0.014261004514992237,10.0,3.7878787878787876,
EN_053_19__ES_053_19,train,true,48,48,6.54,243.4511043558834,35.53236056810757,15.237696605986873,2.3367637595958093,0.7902439024390244,162.0,0.016972459852695465,19.0,2.90519877675841,4.55,245.2265961413366,37.411114389228274,15.339104784999218,2.5330390089956674,0.8951048951048951,128.0,0.019919712096452713,20.0,4.395604395604396,
EN_053_1__ES_053_1,train,true,48,48,6.05,239.39029305521868,19.25446590077306,15.059832494789427,1.329141617174615,0.7526315789473684,143.0,0.014382109977304935,13.0,2.1487603305785123,5.23,246.98930285839828,24.92664093529256,15.571781415434003,1.6519965579865,0.8414634146341463,138.0,0.016661440953612328,14.0,2.6768642447418736,
EN_053_20__ES_053_20,dev,true,53,53,1.96,283.8674334975239,73.4556172302609,17.54078302573996,4.139478788022513,0.8709677419354839,54.0,0.014828173443675041,12.0,6.122448979591836,2.32,246.45125986453021,51.21510146684048,15.285426900383833,3.2811550859757985,0.8904109589041096,65.0,0.017290562391281128,10.0,4.310344827586207,
EN_053_21__ES_053_21,train,true,48,48,3.57,245.47988484166544,57.99124805115893,14.996877728037191,4.623874079661619,0.7053571428571429,79.0,0.022118018940091133,10.0,2.801120448179272,4.92,249.48500208513298,52.78225881713816,15.406599662048398,3.9851772016655778,0.7922077922077922,122.0,0.017952144145965576,13.0,2.6422764227642275,
EN_053_22__ES_053_22,train,true,48,48,2.58,226.2975330609868,13.412704499680103,14.10757653157456,1.043166650054571,0.9012345679012346,73.0,0.019297059625387192,9.0,3.488372093023256,1.92,214.49164790187893,11.577022425215066,13.186249181550943,0.9232062338921166,0.9508196721311475,58.0,0.011053704656660557,8.0,4.166666666666667,
EN_053_23__ES_053_23,dev,true,53,53,1.23,220.16572554737567,25.232467040911658,13.561470856427789,1.8248712562920195,0.8974358974358975,35.0,0.013791901990771294,2.0,1.6260162601626016,1.18,191.3028478275681,49.02683250848811,10.495496830453764,5.3883201918926575,0.8918918918918919,33.0,0.00910826027393341,2.0,1.6949152542372883,
EN_053_24__ES_053_24,dev,true,53,53,2.14,220.4770313621896,14.307397338316713,13.653963853626669,1.0582932586478568,0.7611940298507462,51.0,0.010886259377002716,9.0,4.205607476635514,1.89,219.19443615139542,8.918866427390292,13.572264507221439,0.7023417619772326,0.75,45.0,0.010939504019916058,7.0,3.7037037037037037,
EN_053_25__ES_053_25,train,true,48,48,5.39,229.85027724880158,23.768041156386058,14.319107033200659,1.7425627749337038,0.8224852071005917,139.0,0.02131021022796631,18.0,3.339517625231911,6.35,228.85045252626276,20.34223635003959,14.266943693449923,1.49854257041638,0.7135678391959799,142.0,0.01814805530011654,15.0,2.362204724409449,
EN_053_2__ES_053_2,train,true,48,48,2.78,222.76106536482672,13.098959913251507,13.836292284999217,1.0116501062620418,0.9195402298850575,80.0,0.01536218635737896,8.0,2.877697841726619,2.45,226.22661405139837,22.08512169203922,14.058150393107326,1.5782094504195943,0.961038961038961,74.0,0.01819145306944847,7.0,2.8571428571428568,
EN_053_3__ES_053_3,train,true,48,48,3.15,215.67057818319822,16.365873826353177,13.259566094523027,1.2467690670593181,0.8484848484848485,84.0,0.013497472740709782,5.0,1.5873015873015874,2.75,208.5351125830415,13.429641764577882,12.691375618332552,1.027630716205432,0.872093023255814,75.0,0.01824505440890789,5.0,1.8181818181818181,
EN_053_4__ES_053_4,train,true,48,48,5.53,228.58820387616802,28.07902371915528,14.192219155747516,2.0092617241663,0.8497109826589595,147.0,0.014154210686683655,16.0,2.8933092224231465,4.42,203.17948609029634,41.878046683093736,11.800042284999218,4.335839019151887,0.8633093525179856,120.0,0.0202321894466877,16.0,3.6199095022624435,
EN_053_5__ES_053_5,train,true,48,48,4.03,219.6288419479486,15.124802183430731,13.580230964244503,1.1823521337460037,0.8412698412698413,106.0,0.01048507634550333,12.0,2.9776674937965257,3.65,199.73133299762893,10.348555970952438,11.953780602756227,0.8887590039129967,0.9304347826086956,107.0,0.01628679595887661,12.0,3.2876712328767126,
EN_053_6__ES_053_6,train,true,48,48,3.13,201.57576918989642,11.366763406029737,12.109133194090129,0.9555225878952109,0.673469387755102,66.0,0.006247248500585556,11.0,3.5143769968051117,2.38,200.08403417315338,8.588153467114784,11.991708951665883,0.7296783918655912,0.8,60.0,0.009638413786888123,10.0,4.201680672268908,
EN_053_8__ES_053_8,train,true,48,48,3.56,210.76491780499168,15.412500157917105,12.862542284999218,1.2414079708137855,0.5714285714285714,64.0,0.009809729643166065,9.0,2.5280898876404496,2.64,227.52438495356859,30.98641274585754,14.084824893694869,2.2137793827840144,0.8313253012048193,69.0,0.012687680311501026,9.0,3.4090909090909087,
EN_053_9__ES_053_9,train,true,48,48,2.59,235.39668365062138,21.55776318836135,14.747185142142076,1.6086348629968763,0.8641975308641975,70.0,0.014235848560929298,8.0,3.088803088803089,2.56,225.49673890321205,24.988702579233074,13.983375618332547,1.751678072128571,0.9629629629629629,78.0,0.01791265234351158,8.0,3.125,
EN_054_10__ES_054_10,train,true,54,54,2.15,108.9008633892058,9.078370007431378,1.414144849101782,1.4774349184307756,0.5735294117647058,39.0,0.010230234824120998,7.0,3.255813953488372,3.43,108.63121351532135,12.518531902761715,1.3214708564277888,1.9550040450921145,0.4537037037037037,49.0,0.017111657187342644,6.0,1.749271137026239,
EN_054_11__ES_054_11,train,true,54,54,4.8,108.13526326595851,7.644385931573835,1.3109118502166093,1.2214528521164005,0.304635761589404,46.0,0.008978042751550674,11.0,2.291666666666667,4.18,99.22518646277057,4.343277943272642,-0.15145025231421522,0.7649978123690178,0.5114503816793893,67.0,0.01340864971280098,9.0,2.1531100478468903,
EN_054_12__ES_054_12,train,true,54,54,5.57,99.87474980702774,7.612119412973511,-0.07064737017319549,1.2933195221772185,0.1657142857142857,29.0,0.015704896301031113,16.0,2.872531418312388,7.37,109.69815644796357,15.207384811200086,1.4357565707135038,2.404813766531762,0.2727272727272727,63.0,0.022869665175676346,15.0,2.03527815468114,
EN_054_13__ES_054_13,train,true,54,54,3.98,100.95965401710131,17.667127968445264,-0.09995771500078167,3.0360619910985185,0.464,58.0,0.008508681319653988,17.0,4.271356783919598,4.95,102.05541204763011,22.963397793918926,0.005127030761929915,3.2845451522585187,0.7612903225806451,118.0,0.012832997366786003,14.0,2.8282828282828283,
EN_054_14__ES_054_14,train,true,43,43,4.63,113.29682275035087,7.7131764886620005,2.119607502390522,1.2127707344928573,0.15862068965517243,23.0,0.0036846103612333536,12.0,2.591792656587473,4.14,113.56174895427326,6.049319064110626,2.1775422849992174,0.9115885859311754,0.6153846153846154,80.0,0.005710434168577194,9.0,2.173913043478261,
EN_054_15__ES_054_15,train,true,54,54,1.8,nan,nan,nan,nan,0.0,0.0,0.00678712734952569,4.0,2.2222222222222223,1.88,97.09641012370203,1.9404127876210502,-0.5135940786371461,0.34712514712794057,0.1864406779661017,11.0,0.01672530360519886,4.0,2.127659574468085,
EN_054_16__ES_054_16,train,true,54,54,1.79,90.79602360141124,5.3047448496244884,-1.7019577150007816,1.0327129320387152,0.44642857142857145,25.0,0.011204652488231659,6.0,3.35195530726257,2.85,109.13686496362949,13.404245499438117,1.3798295190417709,2.172547763460652,0.5222222222222223,47.0,0.019769607111811638,7.0,2.456140350877193,
EN_054_1__ES_054_1,train,true,54,54,2.49,105.64251506491638,16.757772864080856,0.7083756183325505,2.975676860443314,0.46153846153846156,36.0,0.011091743595898151,8.0,3.2128514056224895,2.45,105.27874122111419,21.37399471157172,0.5654269003838327,3.2798951250852806,0.5064935064935064,39.0,0.010510089807212353,7.0,2.8571428571428568,
EN_054_2__ES_054_2,train,true,43,43,3.18,140.47192928972677,9.77078754918541,5.840042284999218,1.2356779515715242,0.1,10.0,0.006141697987914085,7.0,2.20125786163522,3.63,141.82130544378398,24.038608790663933,5.798879494301543,2.9456607497417204,0.37719298245614036,43.0,0.004905016161501408,6.0,1.6528925619834711,
EN_054_3__ES_054_3,train,true,43,43,5.8,110.15427137046244,2.8032761102944384,1.6686469361620089,0.4436926518218348,0.23626373626373626,43.0,0.005673958919942379,18.0,3.103448275862069,4.58,117.48424164911404,8.930004891839868,2.7412187555874534,1.2848363702315932,0.7083333333333334,102.0,0.007463837508112192,14.0,3.056768558951965,
EN_054_4__ES_054_4,train,true,54,54,2.58,128.21435157845133,20.05541993006144,4.103167284999219,2.5939815408701348,0.3950617283950617,32.0,0.008505702018737793,7.0,2.7131782945736433,2.71,271.3489281115871,251.94461772670442,12.625904353964737,11.022474068994887,0.3411764705882353,29.0,0.013378934003412724,3.0,1.1070110701107012,
EN_054_5__ES_054_5,train,true,54,54,2.55,146.54153683974673,22.625181232748456,6.418792284999218,2.5948792722398477,0.4,32.0,0.007666048593819141,8.0,3.1372549019607847,3.77,212.45050208487137,80.70259817628725,11.961153396110328,5.894431354053952,0.15254237288135594,18.0,0.011740803718566895,9.0,2.387267904509284,
EN_054_6__ES_054_6,train,true,43,43,1.88,124.00492017619653,5.311421333632267,3.7086629746543913,0.7494905126400574,0.4915254237288136,29.0,0.007214981131255627,5.0,2.6595744680851063,2.1,121.5633300506844,8.568711656360852,3.3380422849992173,1.2094031585869123,0.3787878787878788,25.0,0.007743115536868572,6.0,2.857142857142857,
EN_054_7__ES_054_7,train,true,54,54,2.87,113.85250822292718,19.171133466202473,2.0167089516658843,2.770307415180339,0.23333333333333334,21.0,0.011451979167759418,10.0,3.484320557491289,3.48,109.19702210704523,11.187775293476143,1.4331748151196995,1.7637459640802193,0.7614678899082569,83.0,0.016832398250699043,9.0,2.586206896551724,
EN_054_8__ES_054_8,train,true,54,54,2.56,102.93750467184988,4.29711378854522,0.48640592136285415,0.7132164369603474,0.2716049382716049,22.0,0.008632222190499306,8.0,3.125,2.33,104.88442096769225,7.442797174136796,0.7817496020723886,1.2341559818383723,0.5616438356164384,41.0,0.013836498372256756,8.0,3.4334763948497855,
EN_054_9__ES_054_9,train,true,54,54,2.29,96.37422238797922,8.08325904963183,-0.6984425634856307,1.4212928839235224,0.4583333333333333,33.0,0.006993753835558891,9.0,3.930131004366812,2.04,90.01945603737738,2.3006492796744675,-1.825957715000782,0.4429717823970282,0.390625,25.0,0.008771201595664024,6.0,2.941176470588235,
EN_055_10__ES_055_10,train,true,36,36,2.04,121.75109476942336,9.436357602206455,3.3552146987923224,1.3427227117384706,0.90625,58.0,0.033397212624549866,7.0,3.4313725490196076,2.2,126.01745769463673,10.665330949227975,3.9393279992849317,1.503529011956842,0.8115942028985508,56.0,0.009494706988334656,7.0,3.1818181818181817,
EN_055_11__ES_055_11,train,true,36,36,1.82,137.8671417851,14.718789305513988,5.4538884388453726,1.9445151203460567,0.9122807017543859,52.0,0.05125049129128456,8.0,4.395604395604395,2.52,127.26751911977749,14.726572880239544,4.0570190291852635,2.022707757902206,0.5443037974683544,43.0,0.027836138382554054,8.0,3.1746031746031744,
EN_055_12__ES_055_12,train,true,36,36,2.1,126.64401032805146,4.460349129347736,4.078613713570646,0.6095610107695048,0.3181818181818182,21.0,0.03888632357120514,5.0,2.380952380952381,2.79,126.23249649477948,11.589257442211043,3.958375618332552,1.6209350867803298,0.5454545454545454,48.0,0.016705907881259918,4.0,1.4336917562724014,
EN_055_13__ES_055_13,train,true,36,36,1.67,123.62960693332305,22.103154723584144,3.3602986952556284,3.3910738690768496,0.7358490566037735,39.0,0.04322874918580055,3.0,1.7964071856287427,1.49,124.62622266293201,19.91114664711856,3.5987602337171674,2.690903174550517,0.8297872340425532,39.0,0.02603217400610447,3.0,2.0134228187919465,
EN_055_14__ES_055_14,train,true,36,36,1.49,nan,nan,nan,nan,0.0,0.0,0.022879069671034813,7.0,4.697986577181208,1.45,123.79971204018626,9.492706483958074,3.646594009137149,1.300260652548555,0.6304347826086957,29.0,0.014556987211108208,6.0,4.137931034482759,
EN_055_15__ES_055_15,train,true,36,36,1.41,125.77482029028327,22.203056329050405,3.6875422849992177,3.173892523385125,0.7111111111111111,32.0,0.032623305916786194,7.0,4.964539007092199,1.35,118.92148630072441,8.395120062188417,2.9567089516658855,1.2279884183311973,0.6976744186046512,30.0,0.009786685928702354,6.0,4.444444444444444,
EN_055_1__ES_055_1,train,true,55,55,1.41,105.46280211016428,5.133600809585348,0.9000422849992178,0.8507349763586777,0.35555555555555557,16.0,0.018309272825717926,7.0,4.964539007092199,1.25,122.24192324414967,2.7992141144017646,3.472264507221441,0.4007708621526992,0.45,18.0,0.008929292671382427,4.0,3.2,
EN_055_2__ES_055_2,train,true,36,36,0.98,107.52075208930404,2.6742320194256046,1.2500422849992185,0.4296689244236595,0.41935483870967744,13.0,0.013936467468738556,3.0,3.061224489795918,1.23,107.90724210729259,3.624342074559131,1.3079370218413242,0.5724515971022625,0.48717948717948717,19.0,0.010912974365055561,3.0,2.4390243902439024,
EN_055_3__ES_055_3,train,true,36,36,2.59,139.94019839596902,16.062846492249932,5.707185142142077,1.9434639575240422,0.7777777777777778,63.0,0.05689558386802673,9.0,3.474903474903475,3.56,127.88919126509944,15.056261663722667,4.140783025739958,2.013221898913808,0.48214285714285715,54.0,0.023668738082051277,8.0,2.247191011235955,
EN_055_4__ES_055_4,train,true,36,36,1.22,123.26774741540103,21.964693498937617,3.2878801228370547,3.588370958508275,0.9487179487179487,37.0,0.015532359480857849,4.0,3.278688524590164,1.32,115.28763864916537,2.6391574050726647,2.4583756183325502,0.3925521904437962,0.2857142857142857,12.0,0.01944340392947197,3.0,2.2727272727272725,
EN_055_5__ES_055_5,train,true,36,36,3.36,141.41979152881075,21.04724842356918,5.8125422849992185,2.5336314243481524,0.6792452830188679,72.0,0.028192011639475822,11.0,3.2738095238095237,4.33,126.0192988645908,17.076906946671446,3.851218755587453,2.2780019169359838,0.625,85.0,0.014990589581429958,14.0,3.233256351039261,
EN_055_6__ES_055_6,train,true,36,36,1.78,171.51395463161742,31.942677951715957,9.01158074653768,3.4458533522835517,0.4642857142857143,26.0,0.016003301367163658,6.0,3.3707865168539324,1.73,130.45491500075107,12.640423020427885,4.524116359073293,1.6349408399292584,0.4909090909090909,27.0,0.010552910156548023,7.0,4.046242774566474,
EN_055_7__ES_055_7,train,true,36,36,3.63,150.56893827828424,32.9763462607417,6.634657669614603,4.034151546264078,0.22807017543859648,26.0,0.019768165424466133,13.0,3.581267217630854,4.28,120.16464098834551,18.549045446232064,2.9833756183325515,2.5799929527740257,0.7388059701492538,99.0,0.010256361216306686,9.0,2.102803738317757,
EN_055_8__ES_055_8,train,true,36,36,3.72,162.86026773555398,39.17178480778536,7.948879494301543,4.12943191616515,0.7350427350427351,86.0,0.02153751812875271,11.0,2.956989247311828,4.16,147.84850191602717,33.369243295507516,6.298931173888107,4.100900834490026,0.6870229007633588,90.0,0.009231393225491047,10.0,2.4038461538461537,
EN_055_9__ES_055_9,train,true,36,36,2.87,120.16993895576881,12.167035088715236,3.0957565707135033,1.7001416507612128,0.7777777777777778,70.0,0.02416565641760826,11.0,3.832752613240418,2.48,124.28185331202687,13.347609349315416,3.6686863527958278,1.7880464272089356,0.7564102564102564,59.0,0.01323358528316021,7.0,2.8225806451612905,
EN_056_10__ES_056_10,train,true,36,36,3.31,109.86229339213448,6.467334617703159,1.5971011085286295,1.0525138797792772,0.6538461538461539,68.0,0.003634206485003233,11.0,3.323262839879154,2.87,104.9190005711645,6.498378186164099,0.7993176473180584,1.0432145399434896,0.7666666666666667,69.0,0.005646680947393179,10.0,3.484320557491289,
EN_056_11__ES_056_11,dev,true,56,56,1.99,106.08366668486349,4.994647457860648,1.0026738639465864,0.8331098499961842,0.30158730158730157,19.0,0.003149799071252346,8.0,4.0201005025125625,2.27,93.52536905904222,4.528149026552498,-1.1787712743228158,0.8270943314014936,0.8309859154929577,59.0,0.0023717100266367197,7.0,3.0837004405286343,
EN_056_12__ES_056_12,dev,true,56,56,1.98,101.16433364742782,7.444275724873426,0.15480418976112245,1.2497528100259665,0.6774193548387096,42.0,0.009701327420771122,7.0,3.5353535353535355,2.33,98.25346010204592,6.136086873398496,-0.33995771500078237,1.109819805193618,0.684931506849315,50.0,0.003288493026047945,6.0,2.575107296137339,
EN_056_13__ES_056_13,train,true,36,36,2.18,103.9246913028487,5.014160212298152,0.6465335130693931,0.828434353460327,0.8260869565217391,57.0,0.005693878512829542,8.0,3.6697247706422016,2.3,105.70429598409943,6.7805347141523615,0.9288884388453714,1.0157105391834254,0.7222222222222222,52.0,0.0032591214403510094,6.0,2.608695652173913,
EN_056_14__ES_056_14,dev,true,56,56,2.89,95.1288575072169,9.068116607209841,-0.9440753620596051,1.6655931952435212,0.9340659340659341,85.0,0.005602206569164991,11.0,3.806228373702422,4.32,96.77562601023159,11.213559486036058,-0.6792260076837088,1.9505151167581252,0.9044117647058824,123.0,0.0032548289746046066,17.0,3.935185185185185,
EN_056_15__ES_056_15,train,true,36,36,1.98,120.52510825031611,18.066981283375352,3.0320935670505,2.6525142204478085,0.6290322580645161,39.0,0.006481614895164967,7.0,3.5353535353535355,1.62,119.3564743986488,11.730745961371536,2.9840848381907064,1.635155870733271,0.9215686274509803,47.0,0.004299236927181482,6.0,3.7037037037037033,
EN_056_16__ES_056_16,dev,true,56,56,3.24,96.91472434640589,14.090540398088132,-0.7194699101227333,2.458667546357135,0.803921568627451,82.0,0.0064920722506940365,11.0,3.3950617283950617,6.13,90.31290186597107,9.09095405918119,-1.8484192534623205,1.6954230066852438,0.6770833333333334,130.0,0.0026351138949394226,15.0,2.4469820554649266,
EN_056_17__ES_056_17,train,true,36,36,2.5,115.30492563092388,19.728499661229502,2.25179667096413,2.618657164117235,0.7215189873417721,57.0,0.004517309833317995,9.0,3.6,2.8,115.81254108515662,18.93629548743255,2.350042284999218,2.4649954425202436,0.8977272727272727,79.0,0.0026900675147771835,9.0,3.2142857142857144,
EN_056_18__ES_056_18,dev,true,56,56,5.06,99.42652379037851,11.27008866276477,-0.2108272802181735,1.9645420155376807,0.7232704402515723,115.0,0.008639905601739883,24.0,4.743083003952569,6.17,103.48893676000841,10.296489662512085,0.5094172849992179,1.7034265788037355,0.8290155440414507,160.0,0.006159680429846048,25.0,4.051863857374392,
EN_056_19__ES_056_19,dev,true,56,56,2.89,102.24399424184075,15.365727007752149,0.20004228499921742,2.487803582814903,0.13186813186813187,12.0,0.0046111163683235645,9.0,3.1141868512110724,3.45,99.33556350376274,9.996655204754713,-0.20527686393695216,1.7789320858956543,0.4351851851851852,47.0,0.005354112014174461,11.0,3.1884057971014492,
EN_056_1__ES_056_1,train,true,36,36,2.22,111.15867635297481,9.201268018495357,1.772769557726491,1.4223641709178227,0.6285714285714286,44.0,0.0041479491628706455,7.0,3.153153153153153,3.63,110.6952211427745,12.45932735164907,1.6467635964746279,1.9856012190319667,0.5350877192982456,61.0,0.005822238512337208,5.0,1.3774104683195594,
EN_056_20__ES_056_20,train,true,36,36,1.43,120.97300295350183,9.605124876807901,3.2400422849992183,1.4054892386638895,0.8888888888888888,40.0,0.004750838503241539,8.0,5.594405594405595,1.53,128.59986284019044,8.806661265804323,4.313200179736059,1.2049068652873633,0.7916666666666666,38.0,0.00521436333656311,6.0,3.9215686274509802,
EN_056_2__ES_056_2,dev,true,56,56,1.68,89.78765546229243,2.9081708063185,-1.874200139243206,0.5694390131658829,0.6226415094339622,33.0,0.0018065901240333915,10.0,5.9523809523809526,1.68,95.42550587954703,5.337110771749355,-0.8377128170415982,0.9690375307197118,0.9245283018867925,49.0,0.002109494060277939,9.0,5.357142857142858,
EN_056_3__ES_056_3,train,true,36,36,1.81,111.15698777535944,7.1494381570209065,1.7961961311530639,1.0955261360610702,0.9122807017543859,52.0,0.0057515050284564495,7.0,3.867403314917127,2.01,115.40386302259189,6.165335206369498,2.4553994278563613,0.9303262950740039,0.8888888888888888,56.0,0.006936939898878336,7.0,3.4825870646766175,
EN_056_4__ES_056_4,train,true,36,36,2.33,156.23927395618566,34.261004330701475,7.303888438845373,3.845899991622524,0.7123287671232876,52.0,0.01912645995616913,3.0,1.2875536480686696,2.21,158.09615279010526,11.340697631309771,7.883375618332552,1.2777294676857822,0.7714285714285715,54.0,0.00789655651897192,3.0,1.3574660633484164,
EN_056_5__ES_056_5,dev,true,56,56,2.76,97.00654831096813,10.803815690105335,-0.63265002269309,1.917502497626109,0.5977011494252874,52.0,0.0032195355743169785,13.0,4.710144927536232,2.94,105.0235245304027,8.392571376666194,0.7956305202933349,1.3397139536142222,0.7391304347826086,68.0,0.0046042995527386665,17.0,5.782312925170068,
EN_056_6__ES_056_6,train,true,36,36,3.82,111.36021989716589,7.71069186328819,1.8216109124501982,1.1924910038695806,0.85,102.0,0.005103417206555605,13.0,3.4031413612565444,4.65,110.3110005007326,4.331649640197354,1.6856192080761412,0.6780796227966672,0.7123287671232876,104.0,0.006459272466599941,11.0,2.365591397849462,
EN_056_7__ES_056_7,train,true,36,36,2.18,115.88729142643577,7.079273561242813,2.5196075023905227,1.0773429940859656,1.0,69.0,0.005487910006195307,9.0,4.128440366972477,2.47,120.19215377575796,6.760114838475346,3.1565996620483983,0.9772609518543909,0.782051282051282,61.0,0.008307961747050285,8.0,3.2388663967611335,
EN_056_8__ES_056_8,dev,true,56,56,2.82,97.1762192341856,10.191757561314354,-0.5896402546833218,1.7949258005214799,0.7078651685393258,63.0,0.002768296515569091,14.0,4.964539007092199,3.15,101.50410978678784,13.656511055875983,0.11194704690397976,2.2167600103102405,0.8484848484848485,84.0,0.0035885877441614866,12.0,3.8095238095238098,
EN_056_9__ES_056_9,dev,true,56,56,2.68,104.25622876995948,11.402795489735553,0.6125422849992179,1.9690971916083775,0.38095238095238093,32.0,0.0035431445576250553,9.0,3.3582089552238803,3.26,100.55503247698324,12.26032600251192,-0.02773549277855969,2.0499473043513303,0.7058823529411765,72.0,0.004380022641271353,9.0,2.7607361963190185,
EN_057_1__ES_057_1,dev,true,57,57,2.39,101.65672266105321,7.19134652351753,0.24187901969309575,1.209458764884808,0.6533333333333333,49.0,0.003071116516366601,7.0,2.928870292887029,2.03,101.68752184630085,6.2386559562016215,0.2575422849992178,1.0522327451662012,0.625,40.0,0.006465829908847809,8.0,3.9408866995073897,
EN_057_2__ES_057_2,train,true,50,50,2.18,228.96965959623006,18.12351400150812,14.293145733275079,1.2657438958920997,0.8405797101449275,58.0,0.020255550742149353,6.0,2.7522935779816513,1.96,240.65952070946508,17.75127981838713,15.15897085642779,1.2343703984672694,0.9032258064516129,56.0,0.01607896015048027,6.0,3.061224489795918,
EN_057_4__ES_057_4,train,true,50,50,1.9,222.94935496919817,17.12853697164376,13.834133194090127,1.239490947896496,0.7333333333333333,44.0,0.007718751672655344,6.0,3.1578947368421053,1.32,232.51350206100224,13.025963277621813,14.580994665951602,0.9597837294183706,1.0,42.0,0.01534620113670826,5.0,3.7878787878787876,
EN_057_6__ES_057_6,train,true,50,50,1.9,233.73951822274478,9.790596759019019,14.683375618332553,0.7344910647400732,0.85,51.0,0.013000610284507275,7.0,3.68421052631579,1.99,247.7675260709658,15.118233218793376,15.675968210925141,1.0477816398865765,0.8571428571428571,54.0,0.020698225125670433,6.0,3.0150753768844223,
EN_058_10__ES_058_10,test,true,58,58,2.114,252.72271156691767,36.873444228525855,15.860042284999219,2.590154435550127,0.5970149253731343,40.0,0.01582552306354046,5.0,2.3651844843897827,2.005,238.37530020102733,27.511963349470637,14.915426900383833,2.1081239030314483,0.8253968253968254,52.0,0.013589792884886265,4.0,1.9950124688279303,
EN_058_1__ES_058_1,dev,true,57,57,1.82,233.6344196045589,18.240974339751865,14.638137523094455,1.3547451668561814,0.7368421052631579,42.0,0.01153350155800581,6.0,3.2967032967032965,1.89,238.1931044698693,13.219764437643853,14.999061892842356,0.9571961810555336,0.85,51.0,0.009040813893079758,6.0,3.174603174603175,
EN_058_2__ES_058_2,test,true,58,58,3.8,246.54612115903612,61.0785879692125,15.176965361922298,3.7635796202797946,0.6554621848739496,78.0,0.01829340122640133,13.0,3.4210526315789473,3.67,214.2881877536348,50.03158551110662,12.582572405481143,5.036089237028035,0.7217391304347827,83.0,0.014922840520739555,10.0,2.7247956403269757,
EN_058_3__ES_058_3,test,true,58,58,2.087,537.0652657318814,529.3354048065005,24.10793702184132,11.431902841846185,0.8636363636363636,57.0,0.016220491379499435,9.0,4.312410158121706,2.196,288.5988888096978,75.94412181550618,17.79842938177341,4.27587915636463,0.8985507246376812,62.0,0.024346156045794487,7.0,3.187613843351548,
EN_058_4__ES_058_4,test,true,58,58,1.26,264.15086690887586,22.932634237386292,16.750042284999218,1.5228810415349807,0.6,24.0,0.014130842871963978,7.0,5.555555555555555,1.227,236.7684107772606,37.31789451809521,14.698527133484069,2.810059981255788,0.8461538461538461,33.0,0.014034063555300236,5.0,4.074979625101874,
EN_058_5__ES_058_5,test,true,58,58,3.4,219.0382217373148,38.11500505552733,13.320157227527954,2.9565090840042605,0.8130841121495327,87.0,0.013146349228918552,8.0,2.3529411764705883,3.15,206.9128053692433,37.4570582312427,12.185408138657756,4.090332801512209,0.8282828282828283,82.0,0.013210741803050041,8.0,2.5396825396825395,
EN_058_6__ES_058_6,test,true,58,58,3.06,227.16769201853072,20.148607632629297,14.13804228499922,1.5190312702508795,0.2604166666666667,25.0,0.01306415069848299,9.0,2.941176470588235,3.9,235.64362111412822,34.408037138033215,14.654486729443663,2.53420647721053,0.7377049180327869,90.0,0.014114643447101116,8.0,2.0512820512820515,
EN_058_7__ES_058_7,test,true,58,58,1.78,249.83236540631756,51.90820746903846,15.478247413204345,3.604053893984236,0.6964285714285714,39.0,0.022493572905659676,6.0,3.3707865168539324,2.066,252.77147744239855,70.19505848241249,15.466171317257285,4.40136318869899,0.9538461538461539,62.0,0.023053985089063644,5.0,2.420135527589545,
EN_058_8__ES_058_8,test,true,58,58,2.117,233.3759458847081,26.466873870749318,14.56254228499922,1.9375268815339488,0.7164179104477612,48.0,0.02111850678920746,7.0,3.3065658951346246,2.083,246.69110408090984,37.815983720456465,15.426512873234513,2.681277734280922,0.7727272727272727,51.0,0.01948341354727745,7.0,3.3605376860297644,
EN_058_9__ES_058_9,dev,true,57,57,0.76,224.54270949210638,14.853034122248612,13.966708951665886,1.129527924990495,0.75,18.0,0.01192095410078764,1.0,1.3157894736842106,0.407,213.9812631285619,8.064635904429922,13.157734592691527,0.643860398702818,1.0,13.0,0.012694203294813633,1.0,2.4570024570024573,
EN_059_10__ES_059_10,train,true,59,59,3.94,266.41236713253534,43.13976903767234,16.758833493790426,2.6030264867020017,0.7338709677419355,91.0,0.015777776017785072,12.0,3.0456852791878175,3.02,330.90451833106056,96.33097277986914,20.09254228499922,4.471934005550618,0.8421052631578947,80.0,0.012941230088472366,8.0,2.6490066225165565,
EN_059_11__ES_059_11,train,true,59,59,2.43,288.8370654565073,70.30119016498382,17.977315012271948,3.412434723742222,0.868421052631579,66.0,0.007231047842651606,7.0,2.8806584362139915,1.59,315.4417524955299,70.15588036631713,19.545786965850287,3.270757440209297,0.94,47.0,0.013920493423938751,7.0,4.40251572327044,
EN_059_12__ES_059_12,dev,true,57,57,3.0,273.0220608930857,38.342949064983614,17.220555105512034,2.400219486457221,0.8297872340425532,78.0,0.01721072383224964,11.0,3.6666666666666665,2.62,280.43364659472996,33.55204207955188,17.733826068783,1.9989880566296148,0.9024390243902439,74.0,0.019558053463697433,10.0,3.8167938931297707,
EN_059_13__ES_059_13,dev,true,57,57,1.743,217.63140673009798,89.91304260746234,11.01004228499922,10.407132169815084,0.36363636363636365,20.0,0.010734721086919308,5.0,2.8686173264486516,1.003,369.2057625765649,60.63050447105191,22.377315012271943,2.8661316689575966,0.34375,11.0,0.010601332411170006,2.0,1.9940179461615157,
EN_059_14__ES_059_14,train,true,59,59,1.818,283.3737688884715,32.2035553031457,17.91254228499922,2.074711325301266,0.8421052631578947,48.0,0.01457105204463005,2.0,1.1001100110011002,1.99,273.36439745391203,25.853960156607812,17.332734592691526,1.6340983345147575,0.8253968253968254,52.0,0.011600079014897346,3.0,1.5075376884422111,
EN_059_15__ES_059_15,dev,true,57,57,2.787,256.4415794651455,66.95375632996857,15.282509817466751,6.92691797357109,0.875,77.0,0.015158715657889843,15.0,5.382131324004306,2.8,276.274537431384,34.4065388215783,17.459680839216084,2.14883630361142,0.9431818181818182,83.0,0.011390685103833675,12.0,4.285714285714286,
EN_059_16__ES_059_16,dev,true,57,57,2.653,268.5613646755318,28.21874787893041,17.007937021841325,1.8142174736098335,0.9156626506024096,76.0,0.023853272199630737,8.0,3.015454202789295,2.9,267.7407191121453,19.447609678965886,17.003792284999218,1.2695416249576064,0.8791208791208791,80.0,0.01870746724307537,7.0,2.413793103448276,
EN_059_17__ES_059_17,train,true,59,59,4.018,274.88947695992715,37.80820708132276,17.35349056086128,2.261951566900312,0.6904761904761905,87.0,0.009356984868645668,9.0,2.2399203583872573,4.16,271.5939363285754,35.093841719608065,17.15274498770192,2.2411973738096056,0.8473282442748091,111.0,0.009258509613573551,11.0,2.644230769230769,
EN_059_18__ES_059_18,train,true,59,59,1.293,nan,nan,nan,nan,0.0,0.0,0.006472168955951929,2.0,1.5467904098994587,0.759,nan,nan,nan,nan,0.0,0.0,0.00608002208173275,1.0,1.3175230566534915,
EN_059_1__ES_059_1,train,true,59,59,5.02,263.20580161440444,37.3374070951341,16.57458773954467,2.515124662142158,0.7006369426751592,110.0,0.013637745752930641,12.0,2.3904382470119523,3.99,282.9834198169432,40.45117999133115,17.84163892365467,2.3759148554451253,0.952,119.0,0.014714187011122704,11.0,2.756892230576441,
EN_059_2__ES_059_2,train,true,59,59,2.2,276.24944877530777,16.457336651737943,17.56056860078869,1.0410325863289325,0.8260869565217391,57.0,0.006852419581264257,6.0,2.727272727272727,2.17,267.9268211117917,52.771577827679536,16.64263487759181,4.037135574740341,0.7941176470588235,54.0,0.009138401597738266,7.0,3.2258064516129035,
EN_059_3__ES_059_3,dev,true,57,57,1.37,278.5303535145895,30.517889086943352,17.624401259358194,1.9748051443919472,0.9069767441860465,39.0,0.013064270839095116,6.0,4.37956204379562,1.19,270.92367878277656,13.087951592413802,17.234252811315013,0.8421546038176724,1.0,38.0,0.009351570159196854,4.0,3.361344537815126,
EN_059_4__ES_059_4,train,true,59,59,4.03,265.4318088481556,49.00833324709538,16.6331748151197,2.978671947831317,0.6587301587301587,83.0,0.012035603635013103,8.0,1.9851116625310172,3.45,294.7001790618877,48.938911649338515,18.495988230945166,2.670468588762026,0.6851851851851852,74.0,0.012614264152944088,7.0,2.0289855072463765,
EN_059_5__ES_059_5,dev,true,57,57,3.65,249.08236796309725,19.701233592227993,15.745354784999218,1.3693554240385328,0.5565217391304348,64.0,0.01580805703997612,12.0,3.2876712328767126,3.54,253.65568774151956,21.501136796283014,16.05208310132575,1.4722590993017788,0.8828828828828829,98.0,0.018764426931738853,11.0,3.1073446327683616,
EN_059_6__ES_059_6,train,true,59,59,4.39,238.64295587793862,18.026884259434198,15.009871344828278,1.2888118048091255,0.8478260869565217,117.0,0.012494614347815514,12.0,2.7334851936218683,2.54,243.90660760002203,18.739220884305425,15.386662003309072,1.295522020688982,0.8875,71.0,0.01901371218264103,9.0,3.543307086614173,
EN_059_7__ES_059_7,dev,true,57,57,2.55,242.4776702115256,19.46537423167102,15.276572897244115,1.4252497826487964,0.6125,49.0,0.011249211616814137,7.0,2.7450980392156863,2.68,247.07594141957526,19.63965888977812,15.603745988702924,1.3954573076213004,0.6428571428571429,54.0,0.012103387154638767,5.0,1.8656716417910446,
EN_059_8__ES_059_8,train,true,59,59,3.13,239.84530756816474,19.844260822441463,15.08610785876971,1.4316141053090228,0.6224489795918368,61.0,0.01009682659059763,8.0,2.5559105431309903,2.47,252.4937853691523,12.889512138427431,16.01254228499922,0.8802520945729122,0.8205128205128205,64.0,0.013018462806940079,7.0,2.8340080971659916,
EN_059_9__ES_059_9,train,true,59,59,3.2,244.60029555407758,25.590478175763085,15.384873745673378,1.8907879056569954,0.8811881188118812,89.0,0.00849318876862526,13.0,4.0625,2.39,270.88020439290744,20.49514066316493,17.202042284999216,1.3153818203599028,1.0,75.0,0.014794287271797657,11.0,4.602510460251046,
EN_060_10__ES_060_10,dev,true,60,60,3.918,299.7044029241834,106.00802213777875,18.230597840554772,4.74325951245229,0.5853658536585366,72.0,0.007891875691711903,6.0,1.5313935681470137,3.51,265.6823935721861,42.42515803494723,16.732996830453768,2.415020308163675,0.8,88.0,0.008120473474264145,7.0,1.9943019943019944,
EN_060_11__ES_060_11,dev,true,57,57,2.729,233.72010935136933,14.608737949494522,14.663888438845373,1.0744410959373503,0.7558139534883721,65.0,0.010172993876039982,12.0,4.397215097105167,3.33,231.32337016124356,20.520651666837697,14.451947046903978,1.5166994838342363,1.0,105.0,0.011477267369627953,11.0,3.303303303303303,
EN_060_12__ES_060_12,dev,true,57,57,2.598,253.73578134833656,21.49543570446026,16.06294551080567,1.376002141662782,0.7560975609756098,62.0,0.008364330977201462,6.0,2.309468822170901,2.66,244.27708153766415,11.39067512874269,15.443375618332551,0.80818039790356,0.8928571428571429,75.0,0.013574821874499321,6.0,2.255639097744361,
EN_060_13__ES_060_13,dev,true,60,60,3.21,240.11337497095653,9.951811678883773,15.150042284999222,0.7060386434450573,0.5247524752475248,53.0,0.006979220546782017,5.0,1.557632398753894,3.44,252.27463522667432,24.22167047294293,15.94244734829035,1.6273588256177973,0.7314814814814815,79.0,0.0060723936185240746,4.0,1.1627906976744187,
EN_060_14__ES_060_14,dev,true,60,60,2.55,256.32672846561337,27.922603566292004,16.191113713570648,1.91309181186169,0.7,56.0,0.007880598306655884,6.0,2.3529411764705883,3.33,260.15484615807196,15.361888291717786,16.52411635907329,0.9752844191397373,0.5142857142857142,54.0,0.007357016671448946,6.0,1.8018018018018018,
EN_060_15__ES_060_15,dev,true,60,60,2.42,257.4839890055988,17.954620596765967,16.329752429926756,1.2492989002120325,0.9078947368421053,69.0,0.01624913141131401,12.0,4.958677685950414,2.8,253.94110178517474,29.24336872374454,16.01846333763079,2.0031692341410934,0.8636363636363636,76.0,0.007207715883851051,11.0,3.928571428571429,
EN_060_16__ES_060_16,dev,true,57,57,0.796,237.57929197125833,13.96740224198873,14.950042284999217,1.041976144503456,0.56,14.0,0.0036811204627156258,1.0,1.2562814070351758,0.715,nan,nan,nan,nan,0.0,0.0,0.0022368221543729305,1.0,1.3986013986013988,
EN_060_17__ES_060_17,dev,true,60,60,1.066,271.70858623769095,28.16288779338103,17.21474816735216,1.7514502147281485,1.0,34.0,0.01065205316990614,5.0,4.690431519699812,1.395,227.14237745236667,13.677324832781503,14.170630520293335,1.0709477418361484,0.7727272727272727,34.0,0.006576675456017256,4.0,2.867383512544803,
EN_060_18__ES_060_18,dev,true,60,60,0.151,215.59966591105984,1.081618713718247,13.300042284999218,0.08660254037844355,0.8,4.0,0.005451243836432695,1.0,6.622516556291391,0.25,490.45989705968424,22.904476426759548,27.51004228499922,0.8309031231136411,0.625,5.0,0.007942999713122845,2.0,8.0,
EN_060_19__ES_060_19,dev,true,60,60,0.211,358.7844329115176,12.137855804398963,22.107185142142075,0.5996597674804389,1.0,7.0,0.011835974641144276,1.0,4.739336492890995,0.27,251.33666668986268,10.939266509791457,15.938931173888108,0.7578396846657747,1.0,9.0,0.005835509393364191,1.0,3.7037037037037033,
EN_060_1__ES_060_1,dev,true,60,60,2.16,271.53773039852786,32.572893738638676,17.16699143754159,2.10569466313701,0.8676470588235294,59.0,0.010128525085747242,7.0,3.2407407407407405,2.03,245.16885871201765,32.946401345199504,15.37079700198035,2.30744148850087,0.828125,53.0,0.006969120353460312,8.0,3.9408866995073897,
EN_060_2__ES_060_2,dev,true,60,60,1.9,275.8212492293877,33.22152092433327,17.436834737829408,2.1157128006980006,0.8833333333333333,53.0,0.008553622290492058,10.0,5.2631578947368425,1.98,270.2137927351615,20.861461665161844,17.1565996620484,1.3572958714935546,0.9838709677419355,61.0,0.010268568061292171,8.0,4.040404040404041,
EN_060_3__ES_060_3,dev,true,57,57,2.2,245.73556742102343,26.424172569301383,15.470937807387278,1.7828818959078778,0.9710144927536232,67.0,0.008619244210422039,10.0,4.545454545454545,2.36,253.22527142720054,28.392095723259846,15.971470856427787,2.0062682385209514,0.9459459459459459,70.0,0.011273166164755821,6.0,2.5423728813559325,
EN_060_4__ES_060_4,dev,true,60,60,1.94,229.18812002950688,11.962253839691094,14.33514866797794,0.8939462412805839,0.7704918032786885,47.0,0.007979223504662514,8.0,4.123711340206186,2.17,248.74050532711098,25.655843299180876,15.681189825982823,1.8216854908056948,0.8970588235294118,61.0,0.007254758849740028,8.0,3.686635944700461,
EN_060_5__ES_060_5,dev,true,57,57,1.96,258.02176854164566,26.85432585712694,16.314954565700972,1.8214599145672952,0.9193548387096774,57.0,0.012126665562391281,9.0,4.591836734693878,2.21,271.2146174997442,28.609743295021428,17.177734592691525,1.816209721226954,0.9285714285714286,65.0,0.012828280217945576,7.0,3.167420814479638,
EN_060_6__ES_060_6,dev,true,60,60,2.31,232.84717060036473,49.99322353918414,14.05298346146981,4.912498184051013,0.4657534246575342,34.0,0.006928387563675642,6.0,2.5974025974025974,2.97,243.71464397497994,26.588423858593558,15.32276955772649,1.841557525689879,0.8279569892473119,77.0,0.012977559119462967,5.0,1.6835016835016834,
EN_060_7__ES_060_7,dev,true,60,60,2.37,217.68094768877333,51.41249229950169,12.832650980651396,5.0059661947053815,0.6133333333333333,46.0,0.007674472406506538,5.0,2.109704641350211,2.21,252.5112403698723,20.188121433057432,15.98034531530225,1.3934880692283398,0.9428571428571428,66.0,0.008618222549557686,5.0,2.262443438914027,
EN_060_8__ES_060_8,dev,true,60,60,1.65,233.26726758981113,11.679362048306793,14.641470856427791,0.8858801687978962,0.6730769230769231,35.0,0.005828305147588253,5.0,3.0303030303030303,1.77,232.74838541168882,11.02705159911111,14.605597840554772,0.8277293050684719,0.8035714285714286,45.0,0.009999225847423077,6.0,3.389830508474576,
EN_060_9__ES_060_9,dev,true,57,57,2.85,231.2153194190442,17.338940479300042,14.461153396110328,1.3189033978421265,0.6,54.0,0.01192414853721857,8.0,2.807017543859649,3.18,232.13875212033466,21.213836989419214,14.507513549367037,1.5847427858962246,0.87,87.0,0.008657658472657204,8.0,2.5157232704402515,
EN_061_10__ES_061_10,train,true,61,61,2.43,291.76318034691127,63.4428127614005,18.134549327252735,3.728181518253772,0.9342105263157895,71.0,0.023400846868753433,8.0,3.2921810699588474,2.57,293.6339966621968,52.0280165611566,18.38204228499922,3.025013939361823,0.9259259259259259,75.0,0.016274821013212204,7.0,2.7237354085603114,
EN_061_11__ES_061_11,train,true,61,61,2.73,232.48699085757596,48.95844647362317,14.045875618332552,4.843464597326541,0.5581395348837209,48.0,0.014491206966340542,13.0,4.761904761904762,3.82,258.10063634810354,46.21114603611844,16.197790032746962,2.5873861326504524,0.925,111.0,0.0166093111038208,12.0,3.141361256544503,
EN_061_12__ES_061_12,train,true,61,61,2.35,284.6232424711881,34.54882116068367,17.983865814410983,2.0685040270772017,0.918918918918919,68.0,0.03329988569021225,6.0,2.553191489361702,1.86,339.43569453160006,112.34236055398992,20.288503823460758,5.368969026020438,0.8813559322033898,52.0,0.014709578827023506,4.0,2.150537634408602,
EN_061_13__ES_061_13,train,true,61,61,1.62,292.36935862881563,26.921285451810974,18.499061892842356,1.6114020869696182,1.0,51.0,0.03482070565223694,8.0,4.938271604938271,1.81,265.4392335580017,22.38141232770092,16.841113713570646,1.4243139684115445,0.9824561403508771,56.0,0.018418315798044205,7.0,3.867403314917127,
EN_061_14__ES_061_14,train,true,61,61,1.87,288.29575213120745,57.63781073533262,17.976232761189696,3.5368845265565305,0.711864406779661,42.0,0.022176699712872505,5.0,2.6737967914438503,2.55,287.98243232887415,30.097462925364983,18.214558414031472,1.8479366675184545,0.775,62.0,0.011657901108264923,6.0,2.3529411764705883,
EN_061_15__ES_061_15,train,true,61,61,1.97,275.0739753522421,59.78705266566781,17.186776978876768,3.2151867865599657,0.7903225806451613,49.0,0.02964906394481659,5.0,2.5380710659898478,2.51,244.35775577453177,14.1432008204113,15.437221772178704,1.0465277109735962,0.9873417721518988,78.0,0.022295568138360977,5.0,1.9920318725099604,
EN_061_16__ES_061_16,train,true,61,61,2.23,243.4842405235223,114.92281569700638,12.938721530282237,10.2266330130649,0.7571428571428571,53.0,0.029847921803593636,8.0,3.587443946188341,2.52,253.476284742578,13.26430846990969,16.078613713570647,0.9033322037294949,0.7974683544303798,63.0,0.028167253360152245,6.0,2.380952380952381,
EN_061_17__ES_061_17,train,true,61,61,2.02,253.40301730042958,30.183145633893357,15.97888843884537,2.0055055509254767,0.8125,52.0,0.03729838505387306,6.0,2.9702970297029703,2.55,242.04378107773044,24.58485637425126,15.218894744015614,1.6874212534006972,0.7625,61.0,0.01812555268406868,6.0,2.3529411764705883,
EN_061_18__ES_061_18,dev,true,57,57,3.01,278.0227683562149,40.32990756970856,17.511405921362854,2.605127453616574,0.9263157894736842,88.0,0.027431068941950798,15.0,4.983388704318937,3.53,276.73914447929127,40.287657576312235,17.44104228499922,2.5027622739685045,0.9009009009009009,100.0,0.02785501442849636,9.0,2.54957507082153,
EN_061_19__ES_061_19,train,true,61,61,0.24,691.9249225620529,34.03664636850388,33.466708951665886,0.8434387285920012,0.75,6.0,0.022637713700532913,1.0,4.166666666666667,0.37,511.92206513523627,39.60809875803701,28.21670895166589,1.389644239045055,0.75,9.0,0.017974937334656715,0.0,nan,
EN_061_1__ES_061_1,dev,true,57,57,2.5,240.56627433125107,34.69868306154973,15.019739254696187,2.4711652077370734,0.8354430379746836,66.0,0.014989047311246395,7.0,2.8,2.54,255.13780988238364,32.399441253520514,16.079454049705095,2.156048866051687,0.85,68.0,0.015782978385686874,6.0,2.3622047244094486,
EN_061_20__ES_061_20,train,true,61,61,3.35,299.80382252831055,56.13976189560088,18.723238161287878,3.0970060522068197,0.9238095238095239,97.0,0.03633337840437889,9.0,2.6865671641791042,5.12,264.8468473856327,41.68769336907041,16.667609852566784,2.5338976550989005,0.9192546583850931,148.0,0.01967567950487137,9.0,1.7578125,
EN_061_2__ES_061_2,train,true,61,61,2.56,437.9161680317221,408.4128267780368,21.08542690038383,10.981206754047934,0.8024691358024691,65.0,0.01987857185304165,7.0,2.734375,2.71,257.23997897942814,19.976326891705405,16.306708951665886,1.3149609204163533,0.7058823529411765,60.0,0.02272566594183445,8.0,2.952029520295203,
EN_061_3__ES_061_3,dev,true,57,57,1.8,251.41657028810656,38.19341527114317,15.754208951665886,2.6984531319916525,0.8421052631578947,48.0,0.014796067960560322,8.0,4.444444444444445,1.99,266.9466883957343,52.14809386730612,16.70521469879232,3.106787475600697,0.9206349206349206,58.0,0.015053695999085903,7.0,3.5175879396984926,
EN_061_4__ES_061_4,train,true,61,61,1.96,301.2879941242831,34.55196490966943,18.975756570713504,2.038534888049728,0.5645161290322581,35.0,0.05941769480705261,6.0,3.061224489795918,1.87,334.6038156855928,88.9228467652971,20.294685142142075,4.62102801035105,0.9491525423728814,56.0,0.030528325587511063,4.0,2.13903743315508,
EN_061_5__ES_061_5,dev,true,57,57,0.41,297.30623806997215,14.88550300435659,18.84234997730691,0.8471323014114595,1.0,13.0,0.015766510739922523,2.0,4.878048780487805,0.24,257.1835042583714,11.151708732192958,16.33754228499922,0.7423568885650609,1.0,8.0,0.014307901263237,2.0,8.333333333333334,
EN_061_6__ES_061_6,dev,true,57,57,2.4,232.68738475039197,30.65503973721599,14.473571696763926,2.2477516640529034,0.8947368421052632,68.0,0.01044618058949709,9.0,3.75,2.7,235.5711927057037,23.355763460559757,14.748743583700515,1.7193696750869796,0.9058823529411765,77.0,0.015652982518076897,8.0,2.962962962962963,
EN_061_7__ES_061_7,train,true,61,61,1.075,328.95030814657844,31.550454016944357,20.538042284999214,1.610793593232852,0.7352941176470589,25.0,0.028775425627827644,4.0,3.7209302325581395,1.41,310.5117640101481,32.649159191193206,19.523571696763923,1.770893563668023,0.7555555555555555,34.0,0.022773822769522667,3.0,2.127659574468085,
EN_061_8__ES_061_8,train,true,61,61,3.36,245.4881519212074,25.337026239290182,15.465704935601627,1.641442351905518,0.7830188679245284,83.0,0.028156815096735954,13.0,3.869047619047619,3.14,246.93504386303687,16.49273899674076,15.61091185021661,1.1576109069857092,0.696969696969697,69.0,0.02084995247423649,10.0,3.184713375796178,
EN_061_9__ES_061_9,dev,true,57,57,2.19,242.71891136626678,24.03784576344254,15.269445270073843,1.671199301776945,0.9710144927536232,67.0,0.018937429413199425,11.0,5.0228310502283104,2.36,251.0922476805926,28.351109410711476,15.82469017232316,2.003146701318348,0.9594594594594594,71.0,0.016950661316514015,10.0,4.237288135593221,
EN_062_10__ES_062_10,dev,true,57,57,0.98,243.61340496687117,32.52663039954819,15.268560803517737,2.2249489444058312,0.8709677419354839,27.0,0.01143953762948513,4.0,4.081632653061225,1.38,262.6612757083298,35.02377391373774,16.57568331064024,2.184645479508611,0.8863636363636364,39.0,0.013720945455133915,6.0,4.347826086956522,
EN_062_11__ES_062_11,train,true,62,62,1.45,357.76079041215337,212.11079248623554,19.946042284999216,7.808635220062466,0.5434782608695652,25.0,0.010972506366670132,3.0,2.0689655172413794,1.57,248.8184871861841,35.090317862178516,15.622542284999218,2.2953199668020146,0.8,40.0,0.007854567840695381,4.0,2.5477707006369426,
EN_062_12__ES_062_12,train,true,62,62,1.76,224.02667599952156,18.47903913238374,13.902125618332553,1.4833786861044245,0.8571428571428571,48.0,0.010384059511125088,7.0,3.977272727272727,3.66,239.5972175265821,96.92482899348916,14.255496830453767,4.852081771844035,0.4782608695652174,55.0,0.005564158316701651,5.0,1.366120218579235,
EN_062_13__ES_062_13,train,true,62,62,1.09,209.5803759501155,19.902597913584252,12.74647085642779,1.411554903253133,0.8,28.0,0.004150080028921366,5.0,4.587155963302752,1.42,217.04848944182805,11.759535048884405,13.391902750115497,0.9076503163713905,0.9555555555555556,43.0,0.007839110679924488,5.0,3.5211267605633805,
EN_062_14__ES_062_14,train,true,62,62,1.34,267.93600405217524,40.58410070790308,16.854920333779702,2.7149047703293703,0.9761904761904762,41.0,0.014326843433082104,7.0,5.223880597014925,2.7,290.26003554678584,155.99638447071922,17.105266165596234,5.823249428377712,0.788235294117647,67.0,0.011354498565196991,6.0,2.222222222222222,
EN_062_15__ES_062_15,dev,true,57,57,0.25,238.17174209764931,12.893748366097604,15.000042284999218,0.8986100377805714,1.0,8.0,0.012397265061736107,1.0,4.0,0.93,232.78926718832022,15.469857920635349,14.594486729443666,1.0503379820530199,0.9,27.0,0.0053266542963683605,1.0,1.075268817204301,
EN_062_1__ES_062_1,train,true,62,62,3.73,200.35682275717477,19.5148042632927,11.951450735703444,1.646463812748142,0.6068376068376068,71.0,0.007506852969527245,10.0,2.680965147453083,6.04,265.30827136568786,119.23625586054001,15.919671914628847,5.064755108321649,0.7142857142857143,135.0,0.00856846198439598,9.0,1.490066225165563,
EN_062_2__ES_062_2,train,true,62,62,0.75,nan,nan,nan,nan,0.0,0.0,0.012250800617039204,6.0,8.0,1.82,280.357773591274,55.05113627259432,17.563503823460756,3.0119651677264847,0.9122807017543859,52.0,0.01238032802939415,5.0,2.7472527472527473,
EN_062_3__ES_062_3,dev,true,57,57,3.46,243.73971263387676,23.683429008639273,15.34504228499922,1.641607443940238,0.9174311926605505,100.0,0.016307584941387177,12.0,3.468208092485549,3.8,245.809567617061,21.835314289662644,15.504411217038049,1.5016351410708455,0.865546218487395,103.0,0.016244128346443176,9.0,2.368421052631579,
EN_062_4__ES_062_4,dev,true,57,57,1.95,250.88613136736276,31.599077494650878,15.78337561833255,2.2257553612435874,0.8360655737704918,51.0,0.014096352271735668,5.0,2.5641025641025643,1.9,240.13359667555383,23.853143263769937,15.083375618332553,1.679738214078687,0.95,57.0,0.016198551282286644,3.0,1.5789473684210527,
EN_062_5__ES_062_5,train,true,62,62,1.3,207.68929094419047,12.065983680591984,12.624327999284931,0.9949423119365429,0.8536585365853658,35.0,0.008623861707746983,6.0,4.615384615384615,3.1,259.8135132289916,156.52699305409018,15.00976450722144,6.003347670772769,0.7422680412371134,72.0,0.0041254195384681225,5.0,1.6129032258064515,
EN_062_6__ES_062_6,train,true,62,62,1.82,201.7023108233373,10.506241851941356,12.123627190659594,0.8910775633597244,0.9298245614035088,53.0,0.006780597846955061,6.0,3.2967032967032965,2.39,205.25719409696572,11.26256204399073,12.423627190659596,0.9365031189737875,0.7066666666666667,53.0,0.007316060829907656,4.0,1.6736401673640167,
EN_062_7__ES_062_7,dev,true,57,57,2.92,234.18835410724094,13.066402906864226,14.704708951665882,0.9761548146796303,0.8152173913043478,75.0,0.0145083824172616,8.0,2.73972602739726,3.07,240.13736108659748,17.502234121296894,15.12037195532889,1.2615614348714204,0.9479166666666666,91.0,0.016387751325964928,7.0,2.2801302931596092,
EN_062_8__ES_062_8,train,true,62,62,0.97,1898.5867356719239,70.61280442819785,50.95004228499922,0.6531972647421823,0.1935483870967742,6.0,0.026837985962629318,2.0,2.061855670103093,1.31,246.3888913844214,9.93112926971824,15.597661332618268,0.6800693575406552,0.5121951219512195,21.0,0.024263795465230942,2.0,1.5267175572519083,
EN_062_9__ES_062_9,dev,true,57,57,0.51,324.8604468098102,16.459771195822924,20.37504228499922,0.8945436452925768,0.75,12.0,0.008055368438363075,1.0,1.9607843137254901,0.55,1834.5281588091552,46.12711210768556,50.36254228499922,0.4371427112511422,0.4444444444444444,8.0,0.004873423371464014,1.0,1.8181818181818181,
EN_063_10__ES_063_10,dev,true,63,63,2.36,117.78084968260268,17.402141247465323,2.6828291702451197,2.168229716179327,0.8243243243243243,61.0,0.010625999420881271,8.0,3.3898305084745766,2.86,117.00113208124706,5.413976505624947,2.6993929343498677,0.8123436315663041,0.8555555555555555,77.0,0.010809020139276981,8.0,2.7972027972027975,
EN_063_11__ES_063_11,dev,true,63,63,4.08,113.46561925560468,8.350785391644553,2.1401831300696403,1.2753519182460713,0.5546875,71.0,0.008607317693531513,17.0,4.166666666666667,5.894,117.59446321728814,8.983257731493566,2.755642284999219,1.3166809180663326,0.6756756756756757,125.0,0.015409196726977825,16.0,2.7146250424160163,
EN_063_12__ES_063_12,train,true,11,11,2.46,136.27658155054363,12.309969767634994,5.286627650852876,1.5841834239637314,0.5324675324675324,41.0,0.021547384560108185,8.0,3.252032520325203,1.76,141.6231313844822,14.32415966289858,5.939838203366564,1.6966046402416395,0.875,49.0,0.02382645569741726,7.0,3.977272727272727,
EN_063_13__ES_063_13,dev,true,63,63,0.755,169.8780089263238,25.095741955063147,8.96908990404684,2.7170745906334184,0.875,21.0,0.06046135351061821,1.0,1.3245033112582782,0.585,nan,nan,nan,nan,0.0,0.0,0.06243414804339409,1.0,1.7094017094017095,
EN_063_14__ES_063_14,dev,true,63,63,3.88,125.77141720212107,11.99541497418909,3.8883138899374896,1.6932376687204802,0.6639344262295082,81.0,0.012424510903656483,12.0,3.0927835051546393,4.154,122.4144638447822,15.846300575167787,3.3550927900497234,2.2560076356242003,0.7615384615384615,99.0,0.016997357830405235,11.0,2.6480500722195477,
EN_063_15__ES_063_15,dev,true,63,63,3.41,120.8269002831042,12.61288260073619,3.181414834018826,1.8023394596673223,0.4766355140186916,51.0,0.009849458932876587,12.0,3.5190615835777126,5.82,115.10045378615624,14.921002368846258,2.300401997229433,2.1159338670194576,0.7637362637362637,139.0,0.01233262661844492,15.0,2.5773195876288657,
EN_063_16__ES_063_16,dev,true,63,63,2.63,106.13063142250873,8.125871144274667,0.9788884388453716,1.3347913317849658,0.6265060240963856,52.0,0.010034080594778061,9.0,3.4220532319391634,2.63,108.9905593303149,7.774885084684606,1.4456305202933353,1.2511681393013359,0.8192771084337349,68.0,0.013828150928020477,9.0,3.4220532319391634,
EN_063_17__ES_063_17,dev,true,63,63,2.68,145.01851050382118,20.85556130606603,6.268708951665885,2.359078539505532,0.8928571428571429,75.0,0.016605129465460777,8.0,2.9850746268656714,3.19,144.87203120049656,25.293320007177577,6.170267004100342,2.8839805425359657,0.89,89.0,0.016833238303661346,9.0,2.8213166144200628,
EN_063_18__ES_063_18,dev,true,63,63,6.79,108.20680681298333,8.707181151079004,1.3089463945882591,1.4033556278443071,0.6854460093896714,146.0,0.006205543875694275,12.0,1.7673048600883652,6.51,113.59575322321189,13.522910541415982,2.0881375230944563,2.0129287335044426,0.8235294117647058,168.0,0.01141418982297182,12.0,1.8433179723502304,
EN_063_19__ES_063_19,train,true,11,11,2.62,125.83493978748929,9.12995366881577,3.9342528113150075,1.2265755315617703,0.6951219512195121,57.0,0.003501540282741189,6.0,2.2900763358778624,3.23,131.16388877405242,8.840044012244622,4.659016643973578,1.125597949061867,0.7722772277227723,78.0,0.010615894570946693,9.0,2.7863777089783284,
EN_063_1__ES_063_1,dev,true,63,63,2.15,134.62296552836602,17.69190433555089,4.991551718961483,2.3459667486475717,0.7794117647058824,53.0,0.018254922702908516,6.0,2.7906976744186047,2.45,140.8706506013419,10.57946954924638,5.883845101900627,1.2964679712802178,0.922077922077922,71.0,0.020325040444731712,10.0,4.081632653061225,
EN_063_20__ES_063_20,train,true,11,11,2.48,127.45740276313055,18.701884397559628,4.039104784999218,2.282345092463835,0.8205128205128205,64.0,0.0055518606677651405,12.0,4.838709677419355,1.88,146.92272879811807,18.65032430078936,6.54023836343059,1.9700955388359935,0.864406779661017,51.0,0.021616745740175247,12.0,6.382978723404256,
EN_063_21__ES_063_21,train,true,11,11,3.43,127.68610789486932,12.488101088369927,4.152744987701921,1.6292074820974842,0.6851851851851852,74.0,0.005293657537549734,11.0,3.206997084548105,3.16,136.728449403124,11.609993779502513,5.35606638138476,1.4225676258167037,0.8383838383838383,83.0,0.015108803287148476,13.0,4.113924050632911,
EN_063_22__ES_063_22,train,true,11,11,4.18,117.40041614150226,9.912966774305282,2.713055983629355,1.5061978666533085,0.5572519083969466,73.0,0.004174712114036083,13.0,3.110047846889952,2.54,124.12815153889012,19.146028902788633,3.5750422849992183,2.2926664485800035,0.9,72.0,0.015182653442025185,15.0,5.905511811023622,
EN_063_23__ES_063_23,train,true,11,11,3.23,124.97588278768346,7.2532317409718585,3.830305442893956,1.0137242094638885,0.7524752475247525,76.0,0.0070551978424191475,8.0,2.476780185758514,3.7,128.0213775226202,11.028247195949277,4.213810400941245,1.4672236440270785,0.5948275862068966,69.0,0.0265673715621233,11.0,2.972972972972973,
EN_063_24__ES_063_24,train,true,11,11,4.1,135.99081868512357,9.538638187846217,5.279208951665884,1.2211603657541819,0.37209302325581395,48.0,0.017311956733465195,13.0,3.1707317073170733,3.45,154.25595237954744,27.39906935937212,7.2472253835907665,2.942594994983692,0.6574074074074074,71.0,0.03422904387116432,12.0,3.4782608695652173,
EN_063_25__ES_063_25,dev,true,63,63,2.48,110.44213966967712,9.26758850048045,1.6558115157684483,1.501590626064249,0.6666666666666666,52.0,0.007098122965544462,6.0,2.4193548387096775,2.74,110.12599743385344,6.118154707987206,1.6423499773069101,0.983813776255997,0.9069767441860465,78.0,0.013306745328009129,6.0,2.18978102189781,
EN_063_26__ES_063_26,dev,true,63,63,1.43,109.40924498412777,6.757721152443276,1.5243279992849321,1.0565017360929163,0.7777777777777778,35.0,0.008474149741232395,7.0,4.895104895104895,1.51,113.976669024405,7.347033594210518,2.2291120524410775,1.1117884480745601,0.8958333333333334,43.0,0.012516717426478863,4.0,2.6490066225165565,
EN_063_27__ES_063_27,dev,true,63,63,2.95,103.74653589273146,7.61319264699761,0.5900422849992176,1.2730615516485109,0.7526881720430108,70.0,0.017270319163799286,8.0,2.711864406779661,3.67,105.72469390443693,4.022915424309854,0.9514915603615367,0.6479606253968617,0.6,69.0,0.006979693658649921,8.0,2.1798365122615806,
EN_063_28__ES_063_28,train,true,11,11,1.19,142.72331860605144,18.457136541984717,6.032395226175688,2.0212795289756573,0.8947368421052632,34.0,0.01899585872888565,6.0,5.042016806722689,1.31,162.28684823021533,12.484038016915767,8.331292284999218,1.3326283943770671,0.7804878048780488,32.0,0.033310066908597946,7.0,5.343511450381679,
EN_063_29__ES_063_29,train,true,11,11,3.71,119.47176332404968,6.840940670429084,3.051261797194339,1.0018877185567672,0.7068965517241379,82.0,0.011115089990198612,16.0,4.3126684636118595,3.2,143.73713080136326,14.352974307610276,6.194159932058041,1.7399613208125853,0.6732673267326733,68.0,0.021325761452317238,20.0,6.25,
EN_063_2__ES_063_2,train,true,11,11,1.67,140.77620426607234,8.706709178265715,5.886405921362854,1.1029075023217882,0.8301886792452831,44.0,0.018169047310948372,9.0,5.389221556886228,1.49,150.31364305008867,8.373554987056092,7.028303154564434,0.9799984568484429,0.9787234042553191,46.0,0.021240951493382454,8.0,5.369127516778524,
EN_063_30__ES_063_30,dev,true,63,63,2.93,115.47443855455583,15.393047847889829,2.3458169328865424,2.2115851570678675,0.7717391304347826,71.0,0.012954085133969784,9.0,3.0716723549488054,3.59,120.84376045189958,11.392220733589536,3.204279573134811,1.577524560919579,0.5221238938053098,59.0,0.00819611456245184,8.0,2.2284122562674096,
EN_063_31__ES_063_31,dev,true,63,63,5.23,113.5988589430086,8.356112433490143,2.1595660945230275,1.293600154817638,0.7682926829268293,126.0,0.009741337038576603,15.0,2.8680688336520075,4.33,111.46618350371479,5.182708278718033,1.8609333741081286,0.7930266610701815,0.7426470588235294,101.0,0.008954590186476707,13.0,3.0023094688221708,
EN_063_32__ES_063_32,dev,true,63,63,4.36,128.40516655594564,19.290056755389443,4.158613713570648,2.3428763065418337,0.5109489051094891,70.0,0.00965369213372469,11.0,2.5229357798165135,4.6,132.90987286015076,21.09855190550034,4.7275703748868585,2.554737956130111,0.6180555555555556,89.0,0.009310245513916016,13.0,2.8260869565217392,
EN_063_33__ES_063_33,train,true,11,11,2.57,116.0380957625675,9.54673593710147,2.5195338104229466,1.371903816029628,0.7283950617283951,59.0,0.009193641133606434,12.0,4.669260700389105,2.195,133.4244453018708,16.018175703748703,4.872264507221441,2.019411966726459,0.782608695652174,54.0,0.017583616077899933,14.0,6.378132118451026,
EN_063_34__ES_063_34,dev,true,63,63,0.65,72.33856535426828,5.289110326685741,-5.6499577150007845,1.2186057606953946,0.19047619047619047,4.0,0.025606660172343254,1.0,1.5384615384615383,0.15,nan,nan,nan,nan,0.0,0.0,0.048908885568380356,0.0,nan,
EN_063_3__ES_063_3,dev,true,63,63,0.58,124.99448674862465,5.696895326944024,3.8447791271044824,0.776275645706049,1.0,19.0,0.02432730235159397,2.0,3.4482758620689657,0.48,138.27202459252325,0.3910498872512246,5.610042284999215,0.048989794855665125,0.3125,5.0,0.026859194040298462,1.0,2.0833333333333335,
EN_063_4__ES_063_4,train,true,11,11,3.99,126.17818292200764,11.016983378318045,3.9638037528891266,1.4388111740178346,0.872,109.0,0.008351082913577557,16.0,4.010025062656641,4.3,138.88543453067544,13.243632442206742,5.605712388092002,1.6884671919164846,0.7185185185185186,97.0,0.020002443343400955,16.0,3.7209302325581395,
EN_063_5__ES_063_5,train,true,11,11,3.82,126.92234067022105,13.13851572093067,4.032650980651392,1.8199344248211315,0.575,69.0,0.007905242964625359,12.0,3.141361256544503,3.38,142.4315443556559,17.065363081407327,6.0020831013257485,2.036214454436584,0.9245283018867925,98.0,0.013020958751440048,16.0,4.733727810650888,
EN_063_6__ES_063_6,dev,true,63,63,1.98,118.64614183907169,10.669554316563898,2.8928994278563605,1.5085301671846414,0.9032258064516129,56.0,0.00856489036232233,8.0,4.040404040404041,2.11,125.0948981551189,10.486096884293072,3.8140422849992177,1.4776684337157644,0.7575757575757576,50.0,0.011650714091956615,6.0,2.843601895734597,
EN_063_7__ES_063_7,train,true,11,11,2.24,134.84792182006774,3.9949901568200623,5.1682241031810365,0.5219163670693566,0.30985915492957744,22.0,0.014962248504161835,11.0,4.910714285714286,2.18,138.86256558863786,8.048591495480323,5.653963853626669,1.025930621878177,0.7391304347826086,51.0,0.01908603310585022,12.0,5.504587155963303,
EN_063_8__ES_063_8,train,true,11,11,3.78,132.9980741482327,17.501868938810606,4.795694458912262,2.1815637113875677,0.773109243697479,92.0,0.01445023063570261,17.0,4.497354497354498,3.14,170.02491912483043,25.424031342160763,9.018277579116864,2.357776208743958,0.8585858585858586,85.0,0.03835282102227211,15.0,4.777070063694267,
EN_063_9__ES_063_9,dev,true,63,63,0.44,nan,nan,nan,nan,0.0,0.0,0.05792902782559395,1.0,2.272727272727273,0.32,nan,nan,nan,nan,0.0,0.0,0.03150586038827896,1.0,3.125,
EN_064_10__ES_064_10,train,true,64,64,2.89,274.5132681325196,14.36672406045895,17.45670895166588,0.9657236779856971,0.16483516483516483,15.0,0.007358288858085871,6.0,2.0761245674740483,3.01,277.29051836066,38.055347611851865,17.49741070605185,2.3342683788000747,0.2,19.0,0.006677486468106508,8.0,2.6578073089700998,
EN_064_11__ES_064_11,train,true,61,61,1.57,374.43462216515223,99.36938186091339,22.252481309389463,4.561583368924417,0.82,41.0,0.0077367424964904785,5.0,3.184713375796178,2.0,293.4846110046761,54.430691125621124,18.382600424534104,2.878122848375435,0.6825396825396826,43.0,0.018761156126856804,6.0,3.0,
EN_064_12__ES_064_12,train,true,64,64,2.33,250.39857197971276,58.27513074682548,15.42204228499922,4.02139478290804,0.3424657534246575,25.0,0.01285806018859148,8.0,3.4334763948497855,2.3,267.1808751061336,37.952207120284534,16.836708951665887,2.486461117509962,0.625,45.0,0.011619986966252327,8.0,3.4782608695652177,
EN_064_13__ES_064_13,train,true,64,64,5.41,194.025419180195,15.846381689971004,11.415518475475409,1.4458062545249908,0.49411764705882355,84.0,0.006946095265448093,13.0,2.4029574861367835,4.69,224.88736717379632,35.29227219777342,13.806708951665884,2.823947198121412,0.6122448979591837,90.0,0.004669762682169676,12.0,2.5586353944562896,
EN_064_14__ES_064_14,train,true,61,61,5.21,253.7917592963483,55.09288493315811,15.7515237664807,3.515109927898788,0.8282208588957055,135.0,0.023862062022089958,20.0,3.838771593090211,4.96,260.9480039699415,30.919713168947588,16.486927530900857,2.0110433153812703,0.782051282051282,122.0,0.020680507645010948,18.0,3.629032258064516,
EN_064_15__ES_064_15,train,true,61,61,2.22,461.48116927168803,148.79107532371498,25.760387112585423,4.69833755100279,0.8285714285714286,58.0,0.03650730848312378,8.0,3.603603603603603,3.19,358.83337313834966,86.42109954897852,21.70065956894984,3.6482745272755905,0.81,81.0,0.033862605690956116,8.0,2.5078369905956115,
EN_064_16__ES_064_16,train,true,64,64,3.52,246.4822412966384,57.312360570275686,15.192708951665882,3.754257079932356,0.6756756756756757,75.0,0.019562942907214165,7.0,1.9886363636363635,3.67,246.76374387861557,63.65999084104157,15.159719704354057,3.8915006508153853,0.5391304347826087,62.0,0.004886937327682972,7.0,1.9073569482288828,
EN_064_17__ES_064_17,train,true,61,61,2.51,437.80854338389616,114.82261941669495,25.04730255897182,4.082504355046028,0.9240506329113924,73.0,0.036531757563352585,5.0,1.9920318725099604,2.0,470.9366377225156,139.21819854877486,26.17411635907329,4.568083121170238,0.8571428571428571,54.0,0.05494014173746109,4.0,2.0,
EN_064_18__ES_064_18,train,true,61,61,2.35,354.56638727860684,34.691539849738355,21.829146762611156,1.704124698807111,0.9054054054054054,67.0,0.028917498886585236,6.0,2.553191489361702,1.88,381.36932572080696,53.056956323235866,22.9982565707135,2.5010705615959,0.9491525423728814,56.0,0.04825650155544281,5.0,2.6595744680851063,
EN_064_19__ES_064_19,train,true,61,61,3.02,238.4706701906681,20.654407147351208,14.982918997327987,1.4635343591513623,0.7684210526315789,73.0,0.012858795933425426,9.0,2.980132450331126,2.85,235.52577701794817,21.80813290790787,14.759719704354056,1.5509320483252558,0.6888888888888889,62.0,0.015229492448270321,5.0,1.7543859649122806,
EN_064_1__ES_064_1,train,true,64,64,2.39,261.07574691226085,37.54252218300841,16.433603928834838,2.5026568730615533,0.9733333333333334,73.0,0.03800029307603836,12.0,5.02092050209205,2.3,272.3094006246279,56.94428055634732,16.986580746537683,3.4679315962419186,0.7222222222222222,52.0,0.01854974403977394,11.0,4.782608695652175,
EN_064_20__ES_064_20,train,true,64,64,0.48,263.4658539720301,10.875448852433305,16.75670895166589,0.7122421560739627,0.9375,15.0,0.05798637121915817,2.0,4.166666666666667,0.54,nan,nan,nan,nan,0.0,0.0,0.013745698146522045,1.0,1.8518518518518516,
EN_064_21__ES_064_21,train,true,64,64,1.99,203.3192768237846,22.71457475976739,12.182600424534101,1.8588219487937705,0.6825396825396826,43.0,0.018647218123078346,10.0,5.025125628140704,2.92,228.3735985802265,22.692530226905916,14.21289942785636,1.6962287100313722,0.7608695652173914,70.0,0.01439847331494093,9.0,3.0821917808219177,
EN_064_22__ES_064_22,train,true,64,64,3.54,366.22903564915123,80.2002776188608,21.98376321523177,4.289159143081334,0.7747747747747747,86.0,0.02985072135925293,9.0,2.542372881355932,3.5,420.6736015860448,40.83774991904383,24.79153164670134,1.6699732176772073,0.8545454545454545,94.0,0.014181207865476608,8.0,2.2857142857142856,
EN_064_23__ES_064_23,train,true,61,61,0.385,391.3092348456346,7.24858461096131,23.616708951665885,0.32317865716108995,0.6923076923076923,9.0,0.029683509841561317,1.0,2.5974025974025974,0.385,389.4910846873707,5.17581313524345,23.53754228499922,0.23150323971815293,0.6153846153846154,8.0,0.025607844814658165,0.0,nan,
EN_064_24__ES_064_24,train,true,64,64,2.59,266.0497192146872,18.188390855313774,16.90004228499922,1.1808894952534719,0.24691358024691357,20.0,0.013419510796666145,4.0,1.5444015444015444,2.72,737.2402320325285,695.3954520520574,27.41670895166589,14.956455313862158,0.4883720930232558,42.0,0.007877817377448082,3.0,1.102941176470588,
EN_064_25__ES_064_25,train,true,64,64,2.98,200.67586346601556,36.779845598413075,11.633140876548511,4.289029106968215,0.7553191489361702,71.0,0.015766367316246033,7.0,2.348993288590604,4.63,222.79838230782212,36.94137686168352,13.6363580744729,2.8287103450276567,0.6551724137931034,95.0,0.008551870472729206,7.0,1.511879049676026,
EN_064_26__ES_064_26,train,true,61,61,1.05,272.3071425503952,20.1113835080193,17.298527133484065,1.2190709856084048,1.0,33.0,0.01696244813501835,2.0,1.9047619047619047,1.25,276.7109813041972,13.513835828953784,17.600042284999216,0.8417244204607583,1.0,40.0,0.03324740380048752,2.0,1.6,
EN_064_27__ES_064_27,train,true,64,64,1.45,239.8809774296006,44.73803601712418,14.843590672095994,3.2594216272880194,0.6739130434782609,31.0,0.01528425607830286,5.0,3.4482758620689657,1.78,208.78273638853364,38.66644828352199,12.461405921362854,3.0923818349652654,0.7857142857142857,44.0,0.007554640062153339,3.0,1.6853932584269662,
EN_064_28__ES_064_28,train,true,64,64,3.74,256.53703544678996,38.32744114022746,16.13517742013435,2.4084133182384257,0.6324786324786325,74.0,0.0226427149027586,20.0,5.347593582887701,3.2,306.89849738061747,35.12979443042474,19.3013580744729,1.9611686513975228,0.7524752475247525,76.0,0.014098727144300938,11.0,3.4375,
EN_064_29__ES_064_29,train,true,61,61,0.435,296.6650093934066,6.9101592958831795,18.821470856427787,0.39357078039874066,1.0,14.0,0.02144855260848999,1.0,2.2988505747126435,0.35,299.1969759136527,21.126553367311914,18.9318604668174,1.1823075909717493,1.0,11.0,0.022637255489826202,0.0,nan,
EN_064_2__ES_064_2,train,true,64,64,0.79,241.71296333087935,20.85472577989232,15.21320017973606,1.5273680583263378,0.76,19.0,0.018229026347398758,3.0,3.7974683544303796,0.775,227.28199434362557,10.031102333877731,14.19670895166588,0.7718952145351219,0.6,15.0,0.019217785447835922,3.0,3.8709677419354835,
EN_064_30__ES_064_30,train,true,64,64,1.975,450.77254670031357,534.7602757898376,20.192264507221438,11.643395627066662,0.7258064516129032,45.0,0.012102624401450157,4.0,2.0253164556962022,2.31,284.85595251887196,76.59264450571813,17.58195717861624,4.170213851497905,0.6438356164383562,47.0,0.011888129636645317,4.0,1.7316017316017316,
EN_064_31__ES_064_31,train,true,64,64,3.33,283.3139826118433,65.79884214630097,17.585756570713503,3.883869047162919,0.5333333333333333,56.0,0.01563940942287445,10.0,3.003003003003003,4.95,314.94834187391996,78.82961629279993,19.335619208076142,4.2441457025039595,0.6709677419354839,104.0,0.008969556540250778,12.0,2.4242424242424243,
EN_064_32__ES_064_32,train,true,61,61,0.97,313.7020147429129,43.92522779100531,19.637542284999217,2.268132950982665,0.7741935483870968,24.0,0.006344228517264128,1.0,1.0309278350515465,0.97,345.52805384411585,13.056139894442339,21.453490560861283,0.6456660600633396,0.9354838709677419,29.0,0.016081659123301506,1.0,1.0309278350515465,
EN_064_33__ES_064_33,train,true,64,64,3.74,225.59299392414007,40.03874307066701,13.825652041096781,2.961482859271429,0.7008547008547008,82.0,0.01826024428009987,15.0,4.010695187165775,4.41,249.5172875699356,43.88616740742475,15.568019813089105,2.9993468127020253,0.644927536231884,89.0,0.0058368598110973835,16.0,3.6281179138321993,
EN_064_34__ES_064_34,train,true,64,64,2.4,229.08618584938756,47.01636786126132,13.992595476488583,3.5055424007942633,0.618421052631579,47.0,0.012934068217873573,12.0,5.0,3.25,248.61332122582994,42.49407603138139,15.539403987126876,2.7393300969050567,0.46078431372549017,47.0,0.00615590950474143,13.0,4.0,
EN_064_35__ES_064_35,train,true,61,61,0.37,395.16674595521147,87.22524111069403,23.30458773954467,4.2369293418623215,0.9166666666666666,11.0,0.008937043137848377,1.0,2.7027027027027026,0.24,266.1349478019296,13.39296782490117,16.92504228499922,0.8392705165797276,1.0,8.0,0.010329781100153923,0.0,nan,
EN_064_36__ES_064_36,train,true,64,64,1.85,365.7657734461312,55.3293128691527,22.246470856427788,2.6899259340383797,0.9655172413793104,56.0,0.05323950946331024,6.0,3.243243243243243,1.81,353.0540746226967,47.77714691460011,21.6872515873248,2.264798697950669,0.7543859649122807,43.0,0.064353346824646,7.0,3.867403314917127,
EN_064_3__ES_064_3,train,true,61,61,1.16,289.1236602004098,32.597323251803324,18.26879228499922,1.9755438333532362,0.43243243243243246,16.0,0.01582077145576477,1.0,0.8620689655172414,0.995,335.8415716162481,82.05123704006952,20.46583175868343,4.174390993451021,0.59375,19.0,0.007796452380716801,1.0,1.0050251256281406,
EN_064_4__ES_064_4,train,true,64,64,0.9,334.0271082962474,37.29044135685406,20.76204228499922,2.0605475000591484,0.8620689655172413,25.0,0.04582715034484863,4.0,4.444444444444445,0.785,301.03686792096437,50.30128755246078,18.813678648635584,3.1079875766900202,0.88,22.0,0.020845863968133926,2.0,2.5477707006369426,
EN_064_5__ES_064_5,train,true,61,61,2.27,460.75761259311673,72.67074038316952,26.277160929067016,2.3013504147969943,0.8309859154929577,59.0,0.07573819160461426,4.0,1.7621145374449338,2.635,434.07734452963723,36.599899069500125,25.355597840554772,1.431092132379333,0.8674698795180723,72.0,0.06095976382493973,4.0,1.5180265654648957,
EN_064_6__ES_064_6,train,true,64,64,2.26,224.55872361193389,32.607418304371734,13.822382710531134,2.517403434954998,0.6619718309859155,47.0,0.010427040979266167,7.0,3.097345132743363,1.29,230.7230686819231,56.40680699600593,13.953167284999218,4.261783984949847,0.7804878048780488,32.0,0.014969278126955032,5.0,3.875968992248062,
EN_064_7__ES_064_7,train,true,64,64,1.27,295.358527202667,27.420512643759544,18.670042284999216,1.6874833332510273,0.25,10.0,0.005585306789726019,5.0,3.937007874015748,1.89,205.9738206413477,9.172868352465919,12.49289942785636,0.7531340414253902,0.35,21.0,0.0032418188638985157,7.0,3.7037037037037037,
EN_064_8__ES_064_8,train,true,61,61,1.96,233.41555856148364,11.192449662066396,14.654390111086178,0.8462080435271565,0.3709677419354839,23.0,0.0060584889724850655,7.0,3.5714285714285716,1.71,285.60805534350226,61.33606942710465,17.850042284999216,3.1408801640827053,0.7222222222222222,39.0,0.01724613457918167,6.0,3.5087719298245617,
EN_064_9__ES_064_9,train,true,64,64,3.36,239.704701345862,11.804447240110864,15.11432799928493,0.8460894438171281,0.2641509433962264,28.0,0.01045226026326418,9.0,2.678571428571429,3.39,220.56951925807073,43.08675395898871,13.401022677156083,3.1020153189227186,0.4811320754716981,51.0,0.006350341718643904,7.0,2.0648967551622417,
EN_065_10__ES_065_10,dev,false,65,57,2.64,253.23964511461904,20.799690783368277,16.027983461469802,1.4163795590742347,0.8192771084337349,68.0,0.012271822430193424,7.0,2.6515151515151514,3.09,256.97880994453925,23.989071207659578,16.26670895166589,1.5789412767913678,0.865979381443299,84.0,0.009259099140763283,8.0,2.5889967637540456,
EN_065_11__ES_065_11,dev,false,57,65,3.62,189.16623606993153,28.818878890375874,10.848967016182014,2.501074806534781,0.8157894736842105,93.0,0.014660696499049664,10.0,2.7624309392265194,4.34,204.25842786797062,34.88304456574882,12.125799860756795,2.840013192069621,0.7279411764705882,99.0,0.010854235850274563,12.0,2.7649769585253456,
EN_065_12__ES_065_12,dev,false,57,65,4.04,181.9114702004532,15.864225727744273,10.298822772804098,1.4102623784972208,0.6456692913385826,82.0,0.01078702975064516,8.0,1.9801980198019802,3.15,195.78465216280588,17.46284152046557,11.563085763260087,1.5334826370421157,0.46464646464646464,46.0,0.005182730033993721,11.0,3.492063492063492,
EN_065_13__ES_065_13,dev,false,57,65,2.23,196.73020217165134,26.428483150548303,11.562542284999218,2.282850465974502,0.9142857142857143,64.0,0.012154080905020237,11.0,4.932735426008969,2.5,191.2740915402565,30.16471037712277,11.034457869414803,2.521237839410239,0.9746835443037974,77.0,0.011974292807281017,12.0,4.8,
EN_065_14__ES_065_14,dev,false,57,65,2.68,199.4331688903826,32.50627020969739,11.73432799928493,2.702307781681941,0.8333333333333334,70.0,0.012863414362072945,8.0,2.9850746268656714,2.63,194.72865486350287,23.820614911840373,11.413931173888107,2.047376746768869,0.8674698795180723,72.0,0.01505266036838293,9.0,3.4220532319391634,
EN_065_15__ES_065_15,dev,false,57,65,1.38,196.84182251593165,21.07238680307573,11.626965361922293,1.8311354944981661,0.8863636363636364,39.0,0.025583086535334587,8.0,5.797101449275363,1.15,191.39299248400602,18.928348755834975,11.15559784055477,1.685879995143394,1.0,36.0,0.014565029181540012,4.0,3.4782608695652177,
EN_065_16__ES_065_16,dev,false,65,57,0.4,228.70016961704786,2.9568869382353378,14.320042284999218,0.2238302928559939,0.7692307692307693,10.0,0.003729604184627533,1.0,2.5,0.4,208.9365965864226,5.893442669689296,12.750042284999218,0.4805300104146359,0.8461538461538461,11.0,0.007436766754835844,1.0,2.5,
EN_065_17__ES_065_17,dev,false,65,57,3.02,253.54752647807135,24.83597621085747,16.027150718734156,1.649192960807517,0.8736842105263158,83.0,0.010332010686397552,11.0,3.642384105960265,2.89,246.51820588171097,22.43674464240227,15.552367866394563,1.5143481784664528,0.945054945054945,86.0,0.013602054677903652,10.0,3.460207612456747,
EN_065_18__ES_065_18,dev,false,57,65,2.17,199.21862244134726,28.29257311648377,11.774486729443662,2.278708752835016,0.6617647058823529,45.0,0.020239518955349922,8.0,3.686635944700461,2.63,192.11016608789416,17.948381451711295,11.230042284999218,1.5799578053437588,0.9036144578313253,75.0,0.01646704412996769,10.0,3.802281368821293,
EN_065_19__ES_065_19,dev,false,65,57,0.47,231.85211527445298,17.94425308701051,14.508375618332549,1.3054107484704662,0.8,12.0,0.00505358399823308,1.0,2.127659574468085,0.25,476.0785369356834,10.698743055723412,27.01004228499922,0.38781438859330597,0.625,5.0,0.008045043796300888,1.0,4.0,
EN_065_1__ES_065_1,dev,false,57,65,1.91,185.7956543518218,8.946436321074282,10.705597840554773,0.800385709486756,0.9,54.0,0.018904374912381172,7.0,3.6649214659685865,2.22,164.45879821808327,11.836283998550375,8.571094916578167,1.1793154187404826,0.8142857142857143,57.0,0.010409579612314701,7.0,3.153153153153153,
EN_065_20__ES_065_20,dev,false,57,65,4.71,229.3094158230302,56.07448960173747,13.91082659872471,3.857540536753323,0.6891891891891891,102.0,0.016203833743929863,14.0,2.9723991507431,4.39,207.77413941506853,33.52400104930938,12.455399427856362,2.6104131886171054,0.8115942028985508,112.0,0.021344926208257675,13.0,2.9612756264236904,
EN_065_21__ES_065_21,dev,false,57,65,3.91,176.6307376257965,16.498445652230064,9.771781415434,1.6428915446855412,0.7479674796747967,92.0,0.02762623317539692,13.0,3.3248081841432224,3.58,175.49428870682826,15.333254414860482,9.669319393432952,1.54361942304796,0.7410714285714286,83.0,0.02053513005375862,12.0,3.35195530726257,
EN_065_22__ES_065_22,dev,false,65,57,1.34,255.82881176578243,35.54326825719415,16.07311920807614,2.6373511904513482,0.30952380952380953,13.0,0.0050359764136374,4.0,2.9850746268656714,1.44,247.07009902275664,10.506002566001694,15.642899427856362,0.7535291118788844,0.30434782608695654,14.0,0.006630463991314173,1.0,0.6944444444444444,
EN_065_23__ES_065_23,dev,false,57,65,4.74,179.09702594775882,15.645739837202928,10.025597840554774,1.4659324761704944,0.6040268456375839,90.0,0.012888509780168533,12.0,2.531645569620253,4.22,189.37949015319018,22.54718676326947,10.93811567949463,1.9942911536740122,0.8257575757575758,109.0,0.02289515919983387,12.0,2.843601895734597,
EN_065_24__ES_065_24,dev,false,57,65,3.64,192.95284039500172,24.356128349894792,11.260042284999217,1.9595379273922942,0.7894736842105263,90.0,0.018610084429383278,13.0,3.571428571428571,3.8,202.21582037373082,55.603314236406796,11.734926005929452,3.6293864380514425,0.7226890756302521,86.0,0.015349682420492172,11.0,2.8947368421052633,
EN_065_25__ES_065_25,dev,false,57,65,4.04,172.38503300535825,10.331620570559254,9.39776955772649,1.006679653921661,0.3464566929133858,44.0,0.00908790621906519,8.0,1.9801980198019802,2.42,189.0713287438968,29.10385022486555,10.864748167352158,2.2429146417029338,0.4473684210526316,34.0,0.012266756035387516,5.0,2.066115702479339,
EN_065_26__ES_065_26,dev,false,57,65,6.72,181.89162177222562,17.522404582490115,10.28337561833255,1.562698353422966,0.4834123222748815,102.0,0.012716284021735191,8.0,1.1904761904761905,3.9,186.80399264675842,20.410031414539123,10.719273054229987,1.834869358327774,0.5327868852459017,65.0,0.01193474605679512,8.0,2.0512820512820515,
EN_065_27__ES_065_27,dev,false,65,57,2.66,251.8056369219732,36.939910331065064,15.820354784999218,2.345786094754539,0.7619047619047619,64.0,0.01188952848315239,5.0,1.8796992481203008,2.67,250.36301955996416,26.669268506617318,15.792349977306907,1.8124582563376384,0.9285714285714286,78.0,0.013909627683460712,6.0,2.247191011235955,
EN_065_28__ES_065_28,dev,false,57,65,4.27,191.57252687071724,21.84772551318128,11.152872473678464,1.8338770944584073,0.7910447761194029,106.0,0.01638588309288025,8.0,1.873536299765808,4.11,184.2205799177088,23.22562220204191,10.46270051284732,1.9086987474476564,0.6124031007751938,79.0,0.01627248153090477,9.0,2.18978102189781,
EN_065_29__ES_065_29,dev,false,57,65,4.23,200.94223820444182,26.31456828564348,11.942199147744315,2.161956551889243,0.7669172932330827,102.0,0.019358692690730095,12.0,2.836879432624113,3.59,191.88286584860575,31.903266237303804,11.058780149076885,2.7418053295712563,0.911504424778761,103.0,0.020925596356391907,13.0,3.6211699164345403,
EN_065_2__ES_065_2,dev,false,57,65,4.97,189.5793238337107,26.215103497958413,10.928167284999219,2.178730188521515,0.8205128205128205,128.0,0.015464546158909798,15.0,3.018108651911469,4.75,191.12331740579327,23.341903113463392,11.094007802240597,2.003328643528903,0.7785234899328859,116.0,0.01985069178044796,12.0,2.526315789473684,
EN_065_30__ES_065_30,dev,false,57,65,2.18,189.0564720182861,19.9181081861241,10.925904353964734,1.8784908051712577,0.8405797101449275,58.0,0.025603998452425003,7.0,3.2110091743119265,1.92,176.5638227130143,18.262867930619755,9.752003069312941,1.759065058721555,0.8360655737704918,51.0,0.02181069925427437,6.0,3.125,
EN_065_31__ES_065_31,dev,false,57,65,2.82,177.0539321777394,12.618896918852318,9.847101108528628,1.2173948303694988,0.38202247191011235,34.0,0.02372172474861145,8.0,2.8368794326241136,2.14,173.6785927576846,19.190607159013265,9.465559526378527,1.7214470380685978,0.8656716417910447,58.0,0.029005244374275208,9.0,4.205607476635514,
EN_065_32__ES_065_32,dev,false,57,65,4.08,211.5299394992841,43.08910755119701,12.664327999284932,3.1337693284735613,0.65625,84.0,0.024387400597333908,9.0,2.2058823529411766,3.44,193.18020089756428,20.568251912476637,11.301178648635583,1.8447095311002846,0.8148148148148148,88.0,0.023090636357665062,11.0,3.197674418604651,
EN_065_33__ES_065_33,dev,false,57,65,3.57,204.273328086227,30.781142461196584,12.191708951665886,2.3867108934449703,0.8571428571428571,96.0,0.01943272352218628,12.0,3.361344537815126,3.01,178.21139080274247,16.043754408405686,9.941977768870183,1.40876271349523,0.6526315789473685,62.0,0.018262967467308044,10.0,3.322259136212625,
EN_065_34__ES_065_34,dev,false,57,65,3.01,192.45476191797417,26.949502760183403,11.162808242446024,2.4445002988712297,0.49473684210526314,47.0,0.019332537427544594,11.0,3.6544850498338874,3.09,214.1527110913957,31.70865052483128,13.00004228499922,2.50357436785581,0.8041237113402062,78.0,0.020920392125844955,10.0,3.236245954692557,
EN_065_35__ES_065_35,dev,false,65,57,0.4,236.6757462075078,24.05021606383381,14.831860466817398,1.6666887050884533,0.8461538461538461,11.0,0.002503851894289255,1.0,2.5,0.87,230.10938006126173,14.667498808016216,14.393520545868782,1.0834028866238095,0.8214285714285714,23.0,0.006069366820156574,2.0,2.2988505747126435,
EN_065_36__ES_065_36,dev,false,57,65,4.74,185.62373193172175,20.513079278661017,10.602097079519766,1.9262504985849918,0.4899328859060403,73.0,0.01484626904129982,12.0,2.531645569620253,3.78,228.70347298952976,40.63732810804517,14.057258779844577,3.004506835449705,0.8151260504201681,97.0,0.024781139567494392,13.0,3.4391534391534395,
EN_065_37__ES_065_37,dev,false,65,57,2.61,252.9645561481048,30.10535557433461,15.948613713570643,2.0153335673667283,0.8536585365853658,70.0,0.011543908156454563,10.0,3.831417624521073,2.2,268.44693859608293,25.37948536533298,17.018158227028206,1.6393258382483786,1.0,69.0,0.012773382477462292,8.0,3.6363636363636362,
EN_065_38__ES_065_38,dev,false,57,65,3.99,201.99168573726186,27.39880808448255,12.024789759746696,2.213062389145683,0.792,99.0,0.016786256805062294,12.0,3.007518796992481,3.44,195.9926565642002,22.52375285976335,11.540518475475407,1.922957732221199,0.7777777777777778,84.0,0.02260177955031395,11.0,3.197674418604651,
EN_065_39__ES_065_39,dev,false,57,65,5.17,172.64178035518304,16.97448995461539,9.375245537031736,1.6185707584631652,0.7592592592592593,123.0,0.014308587647974491,17.0,3.288201160541586,4.06,172.67341353430547,16.405234059846034,9.382449692406626,1.582358103386379,0.8503937007874016,108.0,0.02025211788713932,15.0,3.6945812807881775,
EN_065_3__ES_065_3,dev,false,57,65,4.58,173.09204993750888,18.30574940401883,9.406292284999216,1.7667959928517902,0.7777777777777778,112.0,0.018595736473798752,14.0,3.056768558951965,5.32,198.36848888309189,29.09209709242904,11.693017491610787,2.3252415300219904,0.7245508982035929,121.0,0.020627107471227646,16.0,3.007518796992481,
EN_065_40__ES_065_40,dev,false,57,65,1.62,188.73627060950847,21.18197673003505,10.903700821584586,1.7252921365883134,0.803921568627451,41.0,0.01974586583673954,7.0,4.320987654320987,1.64,173.03078335875327,23.78309462246239,9.367433589347042,1.9500617992243099,0.8846153846153846,46.0,0.014432905241847038,5.0,3.048780487804878,
EN_065_41__ES_065_41,dev,false,57,65,3.35,184.16999719212416,14.06954254751024,10.524741080179943,1.2682255294753402,0.7904761904761904,83.0,0.026117458939552307,14.0,4.17910447761194,2.76,183.4155670040763,12.960225324138749,10.4594540497051,1.196526691957799,0.9770114942528736,85.0,0.01953531987965107,13.0,4.710144927536232,
EN_065_42__ES_065_42,dev,false,57,65,1.37,174.18991699955095,13.884064041476947,9.553490560861286,1.3710008321687377,0.6744186046511628,29.0,0.022929329425096512,5.0,3.64963503649635,1.885,189.37593057835682,28.10712517437873,10.892349977306914,2.282571605907397,0.8813559322033898,52.0,0.01938096061348915,5.0,2.6525198938992043,
EN_065_4__ES_065_4,dev,false,65,57,0.41,229.00168209101795,34.35730976787415,14.113678648635585,2.9465766661647854,0.8461538461538461,11.0,0.006323890760540962,1.0,2.4390243902439024,0.55,nan,nan,nan,nan,0.0,0.0,0.003819549223408103,1.0,1.8181818181818181,
EN_065_5__ES_065_5,dev,false,57,65,5.15,203.96737706799232,50.44166156873371,11.92115339611033,3.6047883107655716,0.8385093167701864,135.0,0.016609784215688705,15.0,2.9126213592233006,3.85,181.1503516025768,18.57352905814314,10.203206841961242,1.6593300038053316,0.6528925619834711,79.0,0.01848730258643627,16.0,4.1558441558441555,
EN_065_6__ES_065_6,dev,false,65,57,0.47,nan,nan,nan,nan,0.0,0.0,0.003594784764572978,1.0,2.127659574468085,0.25,465.2496998346895,24.155371174821685,26.592899427856363,0.8941989916873628,0.875,7.0,0.010178358294069767,1.0,4.0,
EN_065_7__ES_065_7,dev,false,57,65,3.63,197.69386993626944,32.18652712380711,11.605042284999218,2.4933260917898403,0.8771929824561403,100.0,0.01909712888300419,14.0,3.856749311294766,4.74,206.65527243008472,40.59906982400827,12.276708951665883,3.0776542293694322,0.8053691275167785,120.0,0.018522007390856743,15.0,3.1645569620253164,
EN_065_8__ES_065_8,dev,false,65,57,5.29,250.57948796380293,19.726448580344357,15.850042284999217,1.3549265983648424,0.6927710843373494,115.0,0.012117945589125156,13.0,2.4574669187145557,4.75,259.71471531363653,24.230847203078792,16.453143060193018,1.5297533866453397,0.8657718120805369,129.0,0.010517247021198273,12.0,2.526315789473684,
EN_065_9__ES_065_9,dev,false,57,65,1.83,216.24023175078375,53.81066702134975,12.899133194090131,3.805110091694768,0.9482758620689655,55.0,0.017495956271886826,9.0,4.918032786885246,1.96,225.3867323847515,49.701015306347976,13.621740398206764,3.9985552748740205,0.8548387096774194,53.0,0.012568308971822262,9.0,4.591836734693878,
EN_066_10__ES_066_10,train,true,66,66,3.74,224.20063764576344,29.288624818741486,13.829529464486395,2.266102435865518,0.6666666666666666,78.0,0.031179510056972504,9.0,2.406417112299465,3.36,241.75245397679356,27.652457600666132,15.178277579116862,1.8605256540404271,0.8018867924528302,85.0,0.017271967604756355,7.0,2.0833333333333335,
EN_066_11__ES_066_11,train,true,66,66,2.61,280.4926615305004,71.52625852748339,17.236088796627126,4.743052760217703,0.524390243902439,43.0,0.0107507836073637,10.0,3.831417624521073,2.07,230.58978610783592,46.238958573598254,14.126313471439897,3.3911319535603326,0.9076923076923077,59.0,0.013866407796740532,10.0,4.830917874396135,
EN_066_12__ES_066_12,train,true,66,66,5.02,238.18889757338425,31.414281517969727,14.883375618332547,2.18477638747032,0.4968152866242038,78.0,0.01812555454671383,12.0,2.3904382470119523,2.99,250.12949837038934,33.17378534313483,15.741505699633363,2.0499970981247873,0.8723404255319149,82.0,0.021725928410887718,11.0,3.6789297658862874,
EN_066_13__ES_066_13,dev,true,57,57,0.35,223.0109279516163,23.48300403583181,13.80458773954467,1.6013424120596917,1.0,11.0,0.01101042702794075,1.0,2.857142857142857,0.41,240.44795832763918,2.783534853957504,15.187542284999218,0.19960899278339164,0.6153846153846154,8.0,0.01435741875320673,1.0,2.4390243902439024,
EN_066_14__ES_066_14,train,true,66,66,2.18,243.4399541096961,23.882750279080692,15.321470856427792,1.6701324509236146,0.9130434782608695,63.0,0.025773972272872925,6.0,2.7522935779816513,2.33,240.01807846926891,10.26386376969623,15.141977768870184,0.737322616633289,0.8493150684931506,62.0,0.025576695799827576,8.0,3.4334763948497855,
EN_066_15__ES_066_15,train,true,66,66,1.93,239.4519563377081,12.958659535571934,15.092349977306908,0.9132246656441277,0.8524590163934426,52.0,0.02153032459318638,5.0,2.5906735751295336,1.37,218.66043915725712,9.39937001010372,13.528420663377599,0.7403925675795908,0.8604651162790697,37.0,0.015073303133249283,5.0,3.64963503649635,
EN_066_16__ES_066_16,train,true,66,66,4.54,200.09778825186447,28.44619346556313,11.765667284999218,3.1696913665805067,0.9014084507042254,128.0,0.012476875446736813,12.0,2.643171806167401,4.01,211.5500494918358,17.393767558170605,12.914042284999217,1.4138401606970994,0.9920634920634921,125.0,0.01717105135321617,12.0,2.9925187032418954,
EN_066_1__ES_066_1,train,true,66,66,3.98,211.36600792356074,22.73784673762521,12.855649761634732,1.8793930107659929,0.856,107.0,0.015464297495782375,11.0,2.763819095477387,2.86,222.51271587257634,31.909163561658502,13.686405921362853,2.2965478944287137,0.9777777777777777,88.0,0.02326195314526558,12.0,4.195804195804196,
EN_066_2__ES_066_2,train,true,66,66,2.79,214.46565736223147,19.406211194296976,13.139375618332553,1.5467448256113727,0.8522727272727273,75.0,0.012005508877336979,10.0,3.5842293906810037,3.11,227.09189910086482,26.762983890703786,14.082695346223707,1.996362790135492,1.0,98.0,0.02653551660478115,10.0,3.2154340836012865,
EN_066_3__ES_066_3,train,true,66,66,7.39,201.9737428076538,14.252330239875906,12.12750707373161,1.2093179527039184,0.6147186147186147,142.0,0.010729271918535233,13.0,1.7591339648173208,3.91,208.06488428262588,12.929271713048152,12.65004228499922,1.0986948779268106,0.9349593495934959,115.0,0.018182964995503426,15.0,3.836317135549872,
EN_066_4__ES_066_4,train,true,66,66,2.63,215.2508678185243,31.780427095514714,13.002281090969365,3.3585426036576713,0.8072289156626506,67.0,0.023187050595879555,8.0,3.0418250950570345,3.67,218.56435660527129,24.371863525280542,13.436450051989507,1.8323971536955939,0.8956521739130435,103.0,0.019358981400728226,9.0,2.452316076294278,
EN_066_5__ES_066_5,train,true,66,66,2.91,203.2744106180617,15.304021478234814,12.2331591681161,1.2825909853452837,0.8461538461538461,77.0,0.013359288685023785,10.0,3.4364261168384878,2.4,207.64255172798818,17.324466582332256,12.593704256830204,1.3599640005970948,0.9342105263157895,71.0,0.016145842149853706,8.0,3.3333333333333335,
EN_066_6__ES_066_6,train,true,66,66,4.51,202.11277393424072,34.964394543844826,11.773465708422638,4.24045201897358,0.7872340425531915,111.0,0.015413771383464336,11.0,2.4390243902439024,3.33,201.26271402517122,15.385558006679963,12.060826598724708,1.2757855605926438,0.9714285714285714,102.0,0.014128191396594048,13.0,3.903903903903904,
EN_066_7__ES_066_7,train,true,66,66,5.34,217.88782117702635,25.664908854341988,13.364327999284933,2.0236308044337195,0.8383233532934131,140.0,0.015432031825184822,14.0,2.6217228464419478,3.54,249.41188856855686,26.654438616005486,15.727712187911836,1.7912913408306717,0.9279279279279279,103.0,0.01911597140133381,13.0,3.672316384180791,
EN_066_8__ES_066_8,train,true,66,66,4.91,217.92433660832074,38.471233238153964,13.166977768870186,3.5160397850466962,0.8051948051948052,124.0,0.022926775738596916,6.0,1.2219959266802443,3.06,217.74893994479626,23.389600933579576,13.369522804479736,1.8977114693886112,0.8020833333333334,77.0,0.01807435415685177,9.0,2.941176470588235,
EN_066_9__ES_066_9,train,true,66,66,3.78,221.34792424643987,17.031573582846477,13.702983461469803,1.3636532451508268,0.8571428571428571,102.0,0.01669698767364025,6.0,1.5873015873015874,3.42,220.98626420014088,19.316049094294684,13.660490046193248,1.5293286331480984,0.6261682242990654,67.0,0.01671210490167141,6.0,1.7543859649122808,
EN_067_10__ES_067_10,test,true,67,67,4.19,99.21466157437976,8.158822880756162,-0.19830936335243027,1.4881482436319158,0.6946564885496184,91.0,0.008810408413410187,15.0,3.5799522673031023,4.22,101.33512368295449,8.268652849951406,0.1654269003838332,1.5374312789653697,0.8863636363636364,117.0,0.010007495060563087,16.0,3.7914691943127963,
EN_067_11__ES_067_11,test,true,67,67,3.04,96.32635161156506,6.278502207609987,-0.6838560200855279,1.1081531695958204,0.6145833333333334,59.0,0.008732237853109837,14.0,4.605263157894737,2.89,101.68967756116571,10.098948677717761,0.21422138947682987,1.575341848003423,0.7362637362637363,67.0,0.00904451496899128,12.0,4.1522491349480966,
EN_067_12__ES_067_12,test,true,67,67,2.21,116.35629354520782,16.215364158565833,2.452169944573686,2.438301585530573,0.6714285714285714,47.0,0.013363800011575222,12.0,5.429864253393665,2.61,141.14713635223245,27.155694024274407,5.665728559509023,3.1808478675469964,0.6219512195121951,51.0,0.02687644585967064,10.0,3.831417624521073,
EN_067_13__ES_067_13,test,true,67,67,3.49,103.98634707019326,10.56539533467122,0.5918005267574596,1.6943387269884185,0.8272727272727273,91.0,0.007515281438827515,15.0,4.297994269340974,4.81,107.91237946735309,6.0141715239004325,1.2910061404209048,0.9772146481572448,0.5496688741721855,83.0,0.009100843220949173,16.0,3.3264033264033266,
EN_067_14__ES_067_14,test,true,67,67,2.76,103.3125410839834,9.952035874372694,0.4885038234607563,1.595605404695995,0.896551724137931,78.0,0.008358942344784737,13.0,4.710144927536232,2.45,99.92977483381365,8.12944105913327,-0.06776593417886452,1.3775442180957957,0.948051948051948,73.0,0.010116063989698887,11.0,4.489795918367347,
EN_067_15__ES_067_15,test,true,67,67,3.83,101.33364191552285,11.790090917243374,0.10961675308432439,2.054746407137872,0.7833333333333333,94.0,0.006553507875651121,13.0,3.3942558746736293,3.4,99.78667989390358,6.6269626101429475,-0.07872483828845357,1.2347124840914083,0.6822429906542056,73.0,0.006564242299646139,12.0,3.5294117647058822,
EN_067_16__ES_067_16,test,true,67,67,3.76,104.99234015878996,9.340242675141344,0.777202778826378,1.5013584256898416,0.6864406779661016,81.0,0.010014000348746777,13.0,3.4574468085106385,3.23,105.57403937244086,10.760093537703137,0.8512768529004525,1.73379579494188,0.801980198019802,81.0,0.010874748229980469,12.0,3.7151702786377707,
EN_067_17__ES_067_17,test,true,67,67,2.89,116.02537150638547,15.011308385544869,2.437315012271945,2.1372075702530884,0.6043956043956044,55.0,0.010072482749819756,7.0,2.422145328719723,3.13,128.50553201078068,18.691752033715527,4.16758614464834,2.426398877191099,0.5816326530612245,57.0,0.012820318341255188,7.0,2.236421725239617,
EN_067_18__ES_067_18,test,true,67,67,2.41,111.44837283292729,15.83061776010659,1.698119208076141,2.4993453284822245,0.6842105263157895,52.0,0.009540383704006672,7.0,2.904564315352697,4.06,109.95608381101297,18.56661511910039,1.372622930160509,3.137567341769977,0.4881889763779528,62.0,0.008340139873325825,7.0,1.7241379310344829,
EN_067_19__ES_067_19,test,true,67,67,2.4,105.03860362262697,9.82659002535167,0.7819263429702324,1.5160487118501085,0.9078947368421053,69.0,0.012255622074007988,8.0,3.3333333333333335,2.7,105.95714447529603,6.980442609157129,0.9621634971204301,1.1900490378889224,0.7764705882352941,66.0,0.01240133959800005,9.0,3.333333333333333,
EN_067_1__ES_067_1,test,true,67,67,1.64,119.83526904385832,20.69724472990591,2.8630857632600875,3.0870422523306775,0.8846153846153846,46.0,0.008160876110196114,8.0,4.878048780487805,1.64,125.29413091808291,19.355850783339537,3.6892579712737277,2.752473285751117,0.9807692307692307,51.0,0.009243807755410671,8.0,4.878048780487805,
EN_067_20__ES_067_20,test,true,67,67,1.3,107.63592052703733,10.39564798663126,1.1944867294436632,1.6520096254166126,0.8780487804878049,36.0,0.014150875620543957,5.0,3.846153846153846,1.37,112.06962451803767,13.621414213219897,1.8450422849992179,2.1060567418756793,0.9302325581395349,40.0,0.011885310523211956,6.0,4.37956204379562,
EN_067_21__ES_067_21,test,true,67,67,3.19,111.99935189036438,19.602919440500525,1.720972517557358,2.8209295136025467,0.86,86.0,0.008542424067854881,12.0,3.761755485893417,3.15,110.46816258437579,18.06131416295656,1.5058562384875893,2.712400663754441,0.8686868686868687,86.0,0.013197528198361397,15.0,4.761904761904762,
EN_067_22__ES_067_22,test,true,67,67,2.05,114.54926090685048,14.099590202601489,2.204327999284932,2.336828480427859,0.5384615384615384,35.0,0.010257278569042683,5.0,2.439024390243903,2.84,114.29718643382607,8.36541155020332,2.2689612039181366,1.2305432414594513,0.8314606741573034,74.0,0.013215701095759869,5.0,1.7605633802816902,
EN_067_23__ES_067_23,test,true,67,67,1.27,108.19452587935295,13.314160233697395,1.230811515768449,2.1521043781466247,0.65,26.0,0.018572870641946793,5.0,3.937007874015748,1.39,112.02579380577981,9.965938291342859,1.8964708564277888,1.5568930009241269,0.6363636363636364,28.0,0.011736067943274975,5.0,3.5971223021582737,
EN_067_24__ES_067_24,dev,true,57,57,2.14,250.8781012785156,20.57467035397309,15.863601607033118,1.4573551184924527,0.8805970149253731,59.0,0.015651630237698555,8.0,3.7383177570093458,2.2,258.34731859422016,10.798174200368297,16.416196131153065,0.7388716809749483,0.9420289855072463,65.0,0.013782616704702377,7.0,3.1818181818181817,
EN_067_25__ES_067_25,test,true,67,67,2.84,103.1269766791769,10.014775703166361,0.4543901110861743,1.6367991725287885,0.5168539325842697,46.0,0.008871784433722496,10.0,3.5211267605633805,2.79,109.39551933204699,10.888122606322323,1.471375618332551,1.6858859853369548,0.8522727272727273,75.0,0.011205318383872509,8.0,2.867383512544803,
EN_067_26__ES_067_26,test,true,67,67,2.44,107.21059936962395,9.53670408989808,1.1363436548622317,1.5494864432912372,0.948051948051948,73.0,0.009439672343432903,6.0,2.459016393442623,3.23,110.33598197210453,9.059882925239645,1.643792284999218,1.4344287843946801,0.7920792079207921,80.0,0.008443482220172882,7.0,2.1671826625387,
EN_067_27__ES_067_27,dev,true,57,57,1.785,230.65744984735727,21.67561809070481,14.397315012271948,1.5526932080572475,0.9821428571428571,55.0,0.01726406440138817,5.0,2.801120448179272,1.17,227.35884605178552,14.882090684752708,14.18239522617569,1.1372620858461406,0.918918918918919,34.0,0.008732279762625694,5.0,4.273504273504273,
EN_067_28__ES_067_28,test,true,67,67,0.995,98.51029919700184,7.421417181106575,-0.3059577150007817,1.2445336475965607,0.78125,25.0,0.009745655581355095,4.0,4.0201005025125625,0.92,105.99134083162802,8.619163675234043,0.9500422849992178,1.4096808149364872,0.8620689655172413,25.0,0.015739625319838524,4.0,4.3478260869565215,
EN_067_29__ES_067_29,test,true,67,67,3.6,112.87552806344186,13.927640958644265,1.9789311738881064,1.9662284508641552,0.7964601769911505,90.0,0.013291102834045887,12.0,3.333333333333333,3.29,123.99321418385257,12.65907052047856,3.627964362921296,1.845853434869372,0.7475728155339806,77.0,0.01636490225791931,11.0,3.3434650455927053,
EN_067_2__ES_067_2,dev,true,57,57,2.3,226.49308720385832,17.69547147494837,14.100835935792869,1.352231901764695,0.875,63.0,0.02042827010154724,10.0,4.347826086956522,1.94,224.0416325597198,17.071445410865103,13.914449064660236,1.3298098133248428,0.9672131147540983,59.0,0.01162803266197443,8.0,4.123711340206186,
EN_067_30__ES_067_30,dev,true,57,57,2.6,236.03445272284387,14.050011985117191,14.837055272012204,1.0370225422227295,0.9390243902439024,77.0,0.014284424483776093,10.0,3.846153846153846,1.93,232.20166277064703,14.78456923054771,14.551708951665884,1.0504747603927584,0.9836065573770492,60.0,0.012534636072814465,7.0,3.626943005181347,
EN_067_31__ES_067_31,test,true,67,67,2.11,107.42215485134028,10.277490615546384,1.1621112505164588,1.6277843611112135,0.8787878787878788,58.0,0.00971414614468813,8.0,3.7914691943127963,1.85,102.94425689585741,13.84541211400974,0.35893117388810675,2.182335367060019,0.7758620689655172,45.0,0.014245245605707169,8.0,4.324324324324324,
EN_067_3__ES_067_3,test,true,67,67,1.98,101.65883724197784,6.72159727108383,0.247339582296515,1.1367298964838846,0.5967741935483871,37.0,0.011409031227231026,7.0,3.5353535353535355,3.23,113.08768785428693,11.594086790594291,2.04147085642779,1.7306268771041036,0.693069306930693,70.0,0.010071700438857079,9.0,2.7863777089783284,
EN_067_4__ES_067_4,test,true,67,67,1.74,110.72476660487068,15.10187693206352,1.6218371567940892,2.152630914801308,0.7090909090909091,39.0,0.009377233684062958,10.0,5.747126436781609,2.16,105.9508260881782,4.790887133726226,0.9828291702451195,0.7900448859370061,0.8970588235294118,61.0,0.010214883834123611,8.0,3.7037037037037033,
EN_067_5__ES_067_5,test,true,67,67,1.89,99.53463817574873,8.993117009324873,-0.14995771500078242,1.5415971390510665,0.7666666666666667,46.0,0.007232713513076305,10.0,5.291005291005291,1.675,98.65895948477254,5.3228707563456,-0.25846835329865425,0.9213380157404388,0.8867924528301887,47.0,0.007971304468810558,7.0,4.17910447761194,
EN_067_6__ES_067_6,test,true,67,67,2.01,100.8112743581692,8.026894226393248,0.0862491815509418,1.3552831840312762,0.9206349206349206,58.0,0.008286167867481709,9.0,4.477611940298508,2.51,102.79426986985631,5.83582095072156,0.45004228499921745,0.9610757861202551,0.759493670886076,60.0,0.006716639269143343,9.0,3.5856573705179287,
EN_067_7__ES_067_7,test,true,67,67,1.92,109.84844156154195,12.641020469015258,1.5128329826736373,1.9779039005759265,0.7049180327868853,43.0,0.008691832423210144,5.0,2.604166666666667,2.14,100.44125123907412,10.601912758137532,-0.024957715000782404,1.8997624120458383,0.5373134328358209,36.0,0.012679853476583958,6.0,2.803738317757009,
EN_067_8__ES_067_8,dev,true,57,57,0.62,263.8467095317329,22.343463690124153,16.7346576696146,1.4601612944867293,0.65,13.0,0.005680293310433626,1.0,1.6129032258064517,0.81,224.09939020072488,17.061406487500484,13.918463337630797,1.3385194615807692,0.7307692307692307,19.0,0.008889012970030308,2.0,2.4691358024691357,
EN_067_9__ES_067_9,test,true,67,67,2.38,124.94357575958318,16.818519617932765,3.6967089516658835,2.3526439027896533,0.6,45.0,0.00893776398152113,8.0,3.361344537815126,3.03,117.19865965069006,18.174842675361152,2.5355495313760303,2.7295099821581745,0.7263157894736842,69.0,0.014886314980685711,7.0,2.31023102310231,
EN_068_10__ES_068_10,train,true,68,68,2.67,326.32458480728803,55.145729870622866,20.207419334179544,3.1100819142864418,0.7261904761904762,61.0,0.012225491926074028,6.0,2.247191011235955,2.26,295.58194389516893,60.052689928784524,18.23089334882901,4.761353209127982,0.6619718309859155,47.0,0.012008766643702984,5.0,2.212389380530974,
EN_068_11__ES_068_11,dev,true,57,57,3.34,226.81737979178956,18.41019398659716,14.121318880743901,1.4061886272508708,0.8952380952380953,94.0,0.009004071354866028,9.0,2.694610778443114,4.74,233.6833724573586,17.31136059001288,14.649278926220594,1.2406902894689762,0.8791946308724832,131.0,0.011765599250793457,8.0,1.6877637130801686,
EN_068_12__ES_068_12,train,true,68,68,0.65,295.33874806782705,13.691933462767995,18.728989653420275,0.8300785932152017,0.9047619047619048,19.0,0.016542067751288414,2.0,3.0769230769230766,0.73,281.524765741188,13.797415496884147,17.897868371955738,0.8631940510419716,1.0,23.0,0.019228562712669373,1.0,1.36986301369863,
EN_068_13__ES_068_13,train,true,68,68,2.28,251.55680944153423,40.73648247763358,15.782117756697328,2.4423753968646342,0.7361111111111112,53.0,0.005314029287546873,4.0,1.7543859649122808,2.41,251.08321227678687,46.11696383502055,15.610698022704135,3.4810154297944553,0.8026315789473685,61.0,0.011422236450016499,7.0,2.904564315352697,
EN_068_14__ES_068_14,dev,true,57,57,1.65,226.66706711878717,23.399048558031023,14.079454049705102,1.7183318538226522,0.9807692307692307,51.0,0.006989744957536459,7.0,4.242424242424242,2.26,237.3996878559245,17.058320766389894,14.922769557726491,1.252094663686399,0.9295774647887324,66.0,0.010234708897769451,9.0,3.9823008849557526,
EN_068_15__ES_068_15,train,true,68,68,1.77,273.35172210855956,33.06927499472404,17.28408483819071,2.075313521122817,0.8392857142857143,47.0,0.01347452960908413,4.0,2.2598870056497176,1.85,290.2711846470026,52.25620261003746,18.173955328477476,3.072259102425862,0.7931034482758621,46.0,0.017719101160764694,4.0,2.162162162162162,
EN_068_16__ES_068_16,dev,true,57,57,0.32,364.56073659064145,9.696291864896123,22.38754228499922,0.4741769184597671,0.7272727272727273,8.0,0.01323796808719635,1.0,3.125,0.29,361.89219861694505,28.0676604929268,22.210042284999215,1.4305243793798113,0.5,5.0,0.011165718547999859,0.0,nan,
EN_068_17__ES_068_17,train,true,68,68,3.49,238.73463560084343,10.741026210927982,15.048224103181036,0.7506338919003207,0.5,55.0,0.007200232241302729,9.0,2.5787965616045843,4.17,228.42803443179983,47.41426108966233,13.822868371955737,4.3564071570022405,0.7022900763358778,92.0,0.009967801161110401,10.0,2.3980815347721824,
EN_068_18__ES_068_18,train,true,68,68,3.64,253.80072939749243,22.043740834112306,16.065336402646277,1.395160195933908,0.7456140350877193,85.0,0.011972511187195778,10.0,2.7472527472527473,4.42,251.23929960354113,26.55796472481919,15.856523766480699,1.7669430155009067,0.7769784172661871,108.0,0.011208053678274155,10.0,2.262443438914027,
EN_068_19__ES_068_19,dev,true,57,57,0.25,225.0372879115749,10.024221927750244,14.025042284999218,0.7628073151196181,1.0,8.0,0.013513914309442043,1.0,4.0,0.19,487.5075962204009,1.2175823360012341,27.42504228499922,0.04330127018922409,0.6666666666666666,4.0,0.004928855691105127,1.0,5.2631578947368425,
EN_068_1__ES_068_1,train,true,68,68,2.73,259.16938392195374,15.700520613747377,16.454804189761127,1.0531025321926915,0.4883720930232558,42.0,0.006519349291920662,9.0,3.2967032967032965,3.53,257.1733032119252,46.05144623396629,16.116388438845373,2.7584349860899757,0.9369369369369369,104.0,0.009274973534047604,8.0,2.26628895184136,
EN_068_20__ES_068_20,dev,true,57,57,0.38,227.2561565261133,8.3681100735495,14.200042284999219,0.6396613687465167,1.0,12.0,0.01724732480943203,1.0,2.6315789473684212,0.22,241.02514686287458,1.0426106960450254,15.230042284999218,0.07483314773547838,0.7142857142857143,5.0,0.0030699188355356455,1.0,4.545454545454546,
EN_068_21__ES_068_21,train,true,68,68,3.06,314.71461983690864,142.7061761964046,18.65145073570344,5.825187972733159,0.7395833333333334,71.0,0.015312480740249157,12.0,3.9215686274509802,4.21,254.55519108315383,28.861568066561805,16.071972109560622,1.864476727867532,0.8636363636363636,114.0,0.01160853449255228,10.0,2.375296912114014,
EN_068_22__ES_068_22,dev,true,57,57,0.42,223.44739476819186,8.048992441191237,13.908375618332554,0.6075337210577048,0.8571428571428571,12.0,0.007494892459362745,1.0,2.380952380952381,0.42,239.62743031592365,18.48713833918802,15.080811515768449,1.2802551520840948,0.9285714285714286,13.0,0.0039384509436786175,1.0,2.380952380952381,
EN_068_23__ES_068_23,dev,true,57,57,0.47,nan,nan,nan,nan,0.0,0.0,0.010330481454730034,1.0,2.127659574468085,0.41,222.7526968840381,19.792985799423523,13.80004228499922,1.4868871286460632,0.9230769230769231,12.0,0.0035537986550480127,1.0,2.4390243902439024,
EN_068_24__ES_068_24,dev,true,57,57,4.54,234.96506054630575,23.44252458410342,14.705597840554775,1.692671203296475,0.9507042253521126,135.0,0.010617234744131565,15.0,3.303964757709251,5.09,247.12360992094796,21.085549277505663,15.600799860756792,1.4604636152720536,0.825,132.0,0.010354501195251942,14.0,2.75049115913556,
EN_068_25__ES_068_25,dev,true,57,57,4.07,234.75474637059494,27.82727668545035,14.650042284999218,2.0830192203061757,0.7578125,97.0,0.009307269006967545,15.0,3.685503685503685,4.09,243.2932471040896,21.919871066317263,15.323436780412063,1.5379983537431006,0.8515625,109.0,0.01106979325413704,13.0,3.1784841075794623,
EN_068_26__ES_068_26,dev,true,57,57,1.38,236.05102087248235,13.419441105019171,14.841218755587454,0.984099363424967,0.7727272727272727,34.0,0.009312055073678493,6.0,4.347826086956522,1.8,232.46521624762497,70.51931283403114,13.161806990881571,8.228373843080991,0.8947368421052632,51.0,0.01287865824997425,5.0,2.7777777777777777,
EN_068_27__ES_068_27,train,true,68,68,3.2,238.46589962795292,56.64317527080197,14.39004228499922,5.173708258382679,0.693069306930693,70.0,0.004950809758156538,11.0,3.4375,3.3,255.24244799426478,45.792746657358165,15.96958251488427,2.888894275226947,0.8365384615384616,87.0,0.010222538374364376,10.0,3.0303030303030303,
EN_068_28__ES_068_28,dev,true,57,57,0.35,242.35160084895054,20.456684577656482,15.268224103181035,1.3776252174192443,1.0,11.0,0.00847688876092434,1.0,2.857142857142857,0.27,nan,nan,nan,nan,0.0,0.0,0.003448152681812644,1.0,3.7037037037037033,
EN_068_29__ES_068_29,train,true,68,68,2.65,217.77259150723322,40.82787244129196,13.04337561833255,4.2168129091899615,0.5421686746987951,45.0,0.004312081728130579,7.0,2.6415094339622645,2.5,243.08454261401758,25.46162596714672,15.284962919919854,1.781310265939781,0.7974683544303798,63.0,0.009510324336588383,8.0,3.2,
EN_068_2__ES_068_2,train,true,68,68,1.78,273.72599923566867,30.70488309676644,17.315426900383834,2.0541594402375773,0.9285714285714286,52.0,0.010021467693150043,5.0,2.8089887640449436,1.65,253.6521812482948,29.977015443973304,15.998042284999219,1.9882897173198881,0.9615384615384616,50.0,0.015761200338602066,5.0,3.0303030303030303,
EN_068_30__ES_068_30,dev,true,57,57,0.32,214.9473248078898,18.254692758451515,13.186405921362855,1.4518156201947003,1.0,11.0,0.008048521354794502,1.0,3.125,0.25,221.41506094913362,11.968933908165793,13.735756570713505,0.9356870225035895,0.875,7.0,0.0053643821738660336,1.0,4.0,
EN_068_31__ES_068_31,dev,true,57,57,2.58,230.97586950041082,14.474622800772515,14.458865814410984,1.0861068214874912,0.8395061728395061,68.0,0.009572617709636688,10.0,3.875968992248062,3.37,240.72045776719435,19.77123249574365,15.15206248701942,1.384326390396223,0.9339622641509434,99.0,0.013472281396389008,9.0,2.6706231454005933,
EN_068_32__ES_068_32,dev,true,57,57,2.01,231.58815219706295,37.38874358728476,14.328888438845373,2.650496073920847,0.8253968253968254,52.0,0.011317221447825432,10.0,4.975124378109453,2.46,259.03928971085304,32.20530769594899,16.341218755587455,2.1915435934060974,0.8831168831168831,68.0,0.01234703790396452,11.0,4.471544715447155,
EN_068_33__ES_068_33,train,true,68,68,3.03,259.76408316697007,20.80513416304755,16.471094916578167,1.3833897907023134,0.4,38.0,0.004906163550913334,6.0,1.9801980198019804,2.76,290.1959846701023,37.02572935327317,18.30316728499922,2.2129567854739056,0.735632183908046,64.0,0.010542142204940319,4.0,1.4492753623188408,
EN_068_34__ES_068_34,train,true,68,68,1.63,239.44796990600312,5.78133639229647,15.111580746537678,0.413003622393865,0.7647058823529411,39.0,0.011896925047039986,3.0,1.8404907975460123,1.73,247.02323477560878,9.051874608134193,15.644159932058042,0.6335123889423815,0.9272727272727272,51.0,0.015884391963481903,3.0,1.7341040462427746,
EN_068_35__ES_068_35,train,true,68,68,3.89,244.32186734837256,21.22419121504498,15.401498595678829,1.4804134870877932,0.8442622950819673,103.0,0.01357953529804945,16.0,4.113110539845758,4.17,243.0024975906133,21.725783449413825,15.303167284999219,1.5367852759494414,0.9770992366412213,128.0,0.013240448199212551,13.0,3.117505995203837,
EN_068_36__ES_068_36,dev,true,57,57,0.36,350.6949806746247,4.003893803165916,21.72147085642779,0.19794866372215783,0.5833333333333334,7.0,0.009354249574244022,1.0,2.7777777777777777,0.31,269.56309545622474,7.290441325178483,17.161153396110333,0.46772367066331577,0.9,9.0,0.007727377116680145,1.0,3.2258064516129035,
EN_068_37__ES_068_37,train,true,68,68,3.65,245.80852899083553,43.062625712635956,15.229390111086174,3.6872735904989375,0.8,92.0,0.007231408730149269,11.0,3.0136986301369864,3.62,250.3526013169841,30.160075123230936,15.770234592691526,1.9824896841177098,0.9122807017543859,104.0,0.010926622897386551,10.0,2.7624309392265194,
EN_068_38__ES_068_38,train,true,68,68,3.61,248.2171490778418,24.041659372793365,15.658578870365071,1.6687370147124039,0.7256637168141593,82.0,0.0068944888189435005,8.0,2.21606648199446,4.91,226.80717765150933,47.788755710390454,13.646120716371769,4.679071501002691,0.6623376623376623,102.0,0.007026341278105974,9.0,1.8329938900203666,
EN_068_39__ES_068_39,train,true,68,68,2.91,311.07455215571423,38.33388831332251,19.512945510805668,2.1669983603732974,0.6813186813186813,62.0,0.013425073586404324,10.0,3.4364261168384878,2.44,302.19747279298235,43.797347115078075,18.976708951665884,2.3801587248659604,0.974025974025974,75.0,0.012466734275221825,9.0,3.6885245901639343,
EN_068_3__ES_068_3,dev,true,57,57,1.79,220.45640252229492,13.730904893309983,13.653888438845371,1.0421799524335702,0.9285714285714286,52.0,0.009692681953310966,7.0,3.910614525139665,1.66,229.56726645818654,13.71437637803408,14.354208951665884,1.082042500192217,0.9230769230769231,48.0,0.007157101761549711,9.0,5.421686746987952,
EN_068_40__ES_068_40,dev,true,57,57,2.87,312.3886799542025,41.99661759994167,19.5620904777703,2.346101487670246,0.9222222222222223,83.0,0.017799489200115204,13.0,4.529616724738676,3.26,293.43946654713505,50.21325758320287,18.396917284999216,2.8428255136468827,0.9411764705882353,96.0,0.011748760007321835,10.0,3.067484662576687,
EN_068_41__ES_068_41,train,true,68,68,1.5,387.62242730104816,19.789005052540194,23.43337561833255,0.8807239085971279,0.8936170212765957,42.0,0.029080236330628395,6.0,4.0,1.93,400.0907409195497,73.58459778641986,23.77596821092514,2.6526845371759316,0.8852459016393442,54.0,0.03910191357135773,5.0,2.5906735751295336,
EN_068_42__ES_068_42,dev,true,57,57,0.545,1258.61790473772,478.8887322851943,42.25004228499921,7.84219357067906,0.8888888888888888,16.0,0.029331078752875328,1.0,1.8348623853211008,0.93,444.17246550251616,39.50081266793024,25.73081151576845,1.7776430442862836,0.8666666666666667,26.0,0.021577753126621246,1.0,1.075268817204301,
EN_068_43__ES_068_43,train,true,68,68,1.56,307.38218535897954,47.881875916974806,19.220042284999217,2.796354770053328,0.8163265306122449,40.0,0.011108695529401302,8.0,5.128205128205128,2.33,295.67073486174417,56.043899183722395,18.451681629261508,3.3258299495816073,0.8356164383561644,61.0,0.018753336742520332,8.0,3.4334763948497855,
EN_068_44__ES_068_44,train,true,68,68,1.97,363.316673593756,60.537237301391116,22.110042284999214,2.747534431912629,0.8870967741935484,55.0,0.01611742191016674,6.0,3.0456852791878175,2.1,389.96183323827273,33.165408677260615,23.4991948273721,1.442146808549251,0.8939393939393939,59.0,0.024316485971212387,6.0,2.857142857142857,
EN_068_45__ES_068_45,dev,true,57,57,0.28,233.49303582774962,11.196471907957402,14.661153396110329,0.8143769867470535,1.0,9.0,0.010975870303809643,1.0,3.571428571428571,0.33,235.86612234026433,16.76456365642593,14.81367864863558,1.1926080871714635,1.0,11.0,0.004106759559363127,1.0,3.0303030303030303,
EN_068_46__ES_068_46,dev,true,57,57,0.465,253.6964606640163,4.65308643592444,16.11432799928493,0.3175962010773673,0.9333333333333333,14.0,0.014220263808965683,2.0,4.301075268817204,0.43,251.71693079067353,2.4394262315868085,15.98081151576845,0.16817854699288615,0.9285714285714286,13.0,0.007201410364359617,1.0,2.3255813953488373,
EN_068_47__ES_068_47,dev,true,57,57,1.57,279.45960580374935,20.980660408787344,17.741879019693094,1.3210751241123724,0.98,49.0,0.016778206452727318,7.0,4.45859872611465,1.77,292.03820571143143,28.78502387021696,18.469554480121168,1.710543988810622,0.7321428571428571,41.0,0.012917829677462578,5.0,2.824858757062147,
EN_068_48__ES_068_48,train,true,68,68,2.32,256.92286512417724,23.061410060190855,16.27191728499922,1.4616417086191131,0.8767123287671232,64.0,0.009916877374053001,12.0,5.172413793103448,2.47,280.2455886075743,60.419216639154385,17.51410478499922,3.1974290056377708,0.8205128205128205,64.0,0.00968026090413332,7.0,2.8340080971659916,
EN_068_49__ES_068_49,train,true,68,68,1.3,302.3202093790289,25.162910621593145,19.094869871206118,1.4072683754772268,0.7073170731707317,29.0,0.0192573145031929,3.0,2.3076923076923075,1.65,291.3366377443781,24.457164076928912,18.450042284999217,1.4752003986632514,0.7115384615384616,37.0,0.015078752301633358,3.0,1.8181818181818183,
EN_068_4__ES_068_4,train,true,68,68,3.64,228.7827791085197,27.741949762565643,14.22259130460706,1.8218261073011708,0.8947368421052632,102.0,0.008814426138997078,9.0,2.4725274725274726,3.87,229.10152301202444,15.192402197375301,14.314398720642776,1.1352658482580016,0.8347107438016529,101.0,0.008425948210060596,9.0,2.3255813953488373,
EN_068_50__ES_068_50,train,true,68,68,1.51,292.31737440164557,32.2021650568361,18.458737937173133,1.9984587634253377,0.9583333333333334,46.0,0.012222099117934704,6.0,3.9735099337748343,1.79,291.1966047039944,27.283112040223138,18.427400775565257,1.6309091699236709,0.9464285714285714,53.0,0.018328458070755005,5.0,2.793296089385475,
EN_068_51__ES_068_51,train,true,68,68,0.96,358.4575608180608,23.11979734747705,22.06432799928493,1.1472682728097727,0.9032258064516129,28.0,0.022646253928542137,3.0,3.125,1.12,306.5260097085919,23.519541318558097,19.340042284999225,1.3503950039402053,0.8333333333333334,30.0,0.01937040314078331,3.0,2.6785714285714284,
EN_068_52__ES_068_52,dev,true,57,57,1.66,234.79722177138353,19.327614777329394,14.718042284999218,1.4321228997540683,0.9615384615384616,50.0,0.015635613352060318,7.0,4.216867469879518,2.51,231.96338260718235,14.12753887471022,14.535042284999214,1.0452790695949739,0.759493670886076,60.0,0.006527014076709747,7.0,2.7888446215139444,
EN_068_53__ES_068_53,train,true,68,68,0.48,270.82101110098125,6.677153364889695,17.242899427856358,0.4216706326612981,0.875,14.0,0.023547731339931488,1.0,2.0833333333333335,0.46,256.10024461554696,11.340751422542773,16.263375618332553,0.7718952145351211,1.0,15.0,0.018998024985194206,1.0,2.1739130434782608,
EN_068_54__ES_068_54,dev,true,57,57,2.24,254.48058918025356,23.95775546054514,16.09780347902907,1.5693289952111744,0.9436619718309859,67.0,0.012165911495685577,8.0,3.571428571428571,2.69,248.8131454390259,18.017534484764298,15.736153396110328,1.2374150426006314,0.8470588235294118,72.0,0.016341889277100563,9.0,3.345724907063197,
EN_068_55__ES_068_55,train,true,68,68,1.1,349.1713073115114,19.42634762735871,21.61960750239052,0.985298358083655,0.6571428571428571,23.0,0.013081167824566364,1.0,0.9090909090909091,1.23,410.81583509357466,57.07208842514631,24.269397123708902,2.6806859202677487,0.7948717948717948,31.0,0.021725473925471306,1.0,0.8130081300813008,
EN_068_5__ES_068_5,train,true,68,68,2.59,235.01024156994885,10.351668973024191,14.776572897244115,0.73921511331734,0.6049382716049383,49.0,0.006271380931138992,7.0,2.7027027027027026,2.19,248.44874548175505,21.05276589495832,15.692229784999217,1.4852193322347211,0.927536231884058,64.0,0.012675394304096699,6.0,2.73972602739726,
EN_068_6__ES_068_6,train,true,68,68,1.45,238.22758793370895,20.592396565298987,14.960298695255629,1.550152163216753,0.8478260869565217,39.0,0.008183055557310581,4.0,2.7586206896551726,1.57,243.48808826456712,25.952942798268566,15.305361433935392,1.8814671177475397,0.94,47.0,0.014776322059333324,4.0,2.5477707006369426,
EN_068_8__ES_068_8,dev,true,57,57,2.9,233.02334965782245,30.631818911115197,14.514327999284934,2.0672988390157623,0.7692307692307693,70.0,0.01122263353317976,9.0,3.103448275862069,2.73,270.3863771851842,86.11592537509242,16.536528771485706,4.559822315300749,0.8604651162790697,74.0,0.00763871381059289,6.0,2.197802197802198,
EN_068_9__ES_068_9,train,true,68,68,0.355,nan,nan,nan,nan,0.0,0.0,0.029764747247099876,1.0,2.8169014084507045,0.37,239.5387530213273,4.5120561538904695,15.12004228499922,0.3257299494980469,0.8333333333333334,10.0,0.013693750835955143,1.0,2.7027027027027026,
EN_069_10__ES_069_10,dev,true,57,57,2.92,215.74836533957378,56.68709427997334,12.370042284999217,6.464854986772712,0.8695652173913043,80.0,0.00794827751815319,8.0,2.73972602739726,2.97,265.47498476659194,28.529284587738978,16.809782544739477,1.764826597586285,0.8279569892473119,77.0,0.017124338075518608,9.0,3.0303030303030303,
EN_069_11__ES_069_11,dev,true,57,57,2.47,245.75900192738993,35.79538411212807,15.40004228499922,2.352195268391883,0.7948717948717948,62.0,0.006817687768489122,6.0,2.42914979757085,3.33,250.16316576999137,34.609453885307516,15.718961203918134,2.285378061791473,0.7047619047619048,74.0,0.015148413367569447,6.0,1.8018018018018018,
EN_069_12__ES_069_12,dev,true,57,57,2.41,230.9267460866981,24.593102165408173,14.394685142142075,1.7927353046250247,0.7368421052631579,56.0,0.007454182021319866,10.0,4.149377593360995,3.25,239.1535120549291,29.176262797899287,14.97026700410034,2.0674132877367106,0.8725490196078431,89.0,0.009851639159023762,9.0,2.769230769230769,
EN_069_13__ES_069_13,train,true,69,69,5.82,199.59701194587652,22.97800787577823,11.85107321283427,1.9879272137809496,0.532967032967033,97.0,0.012308330275118351,16.0,2.7491408934707904,4.44,215.06346366547504,47.83594084865085,12.867741400043466,3.5971284045785423,0.8129496402877698,113.0,0.012008636258542538,13.0,2.9279279279279278,
EN_069_14__ES_069_14,train,true,69,69,1.74,246.0442198407034,42.880643706892435,15.31414484910178,3.107929245431565,0.7090909090909091,39.0,0.016363060101866722,9.0,5.172413793103448,4.22,226.63335422490007,64.89352479167884,13.613375618332551,4.116084979146514,0.9090909090909091,120.0,0.014271599240601063,16.0,3.7914691943127963,
EN_069_15__ES_069_15,train,true,69,69,3.25,201.91136274359417,17.898928144285847,12.097716703603869,1.5179336278796636,0.8431372549019608,86.0,0.019163032993674278,12.0,3.6923076923076925,5.14,198.0302969842387,26.035206667893913,11.68162123236764,2.252116579103439,0.9440993788819876,152.0,0.013689402490854263,17.0,3.3073929961089497,
EN_069_16__ES_069_16,train,true,69,69,2.57,189.93544244681647,42.63242439024575,10.495042284999219,5.0205386497201,0.7407407407407407,60.0,0.009654170833528042,15.0,5.836575875486382,5.8,207.02594601223132,36.09893830389671,12.385612754797876,2.580673493736784,0.8186813186813187,149.0,0.013311679475009441,16.0,2.7586206896551726,
EN_069_17__ES_069_17,train,true,69,69,4.11,187.8167015029216,26.16751984104607,10.772622930160507,2.1007489208476566,0.7209302325581395,93.0,0.009590642526745796,17.0,4.13625304136253,6.8,207.28102028927754,40.32639791812462,12.345010838458338,2.9559405859114944,0.7464788732394366,159.0,0.011795585975050926,22.0,3.235294117647059,
EN_069_18__ES_069_18,train,true,69,69,3.89,206.96717357453642,26.086357837614383,12.45184408680102,2.2246360966502534,0.9098360655737705,111.0,0.012127591297030449,15.0,3.8560411311053984,5.9,197.50593772482134,26.9940953300648,11.631107373756615,2.2603861641648906,0.9135135135135135,169.0,0.01037903968244791,14.0,2.3728813559322033,
EN_069_19__ES_069_19,dev,true,57,57,0.34,248.05792846709318,4.674904545802766,15.725042284999217,0.3269174207655504,0.36363636363636365,4.0,0.0049400110729038715,1.0,2.941176470588235,0.28,nan,nan,nan,nan,0.0,0.0,0.004247085191309452,1.0,3.571428571428571,
EN_069_1__ES_069_1,dev,true,57,57,2.27,281.6645846618672,36.05664331969452,17.795804996863623,2.101679879661909,0.8309859154929577,59.0,0.01822524145245552,10.0,4.405286343612334,2.82,304.08561678965276,76.48145969151916,18.78957716872015,3.856413536572834,0.9662921348314607,86.0,0.02676921710371971,10.0,3.546099290780142,
EN_069_20__ES_069_20,train,true,69,69,1.7,193.49853186939507,20.36373417706518,11.338414378022474,1.7303325802547234,0.7962962962962963,43.0,0.008406429551541805,7.0,4.11764705882353,2.7,195.6680267080513,19.823011700111426,11.515102525963073,2.0050198289401817,0.9764705882352941,83.0,0.013310965150594711,8.0,2.962962962962963,
EN_069_21__ES_069_21,train,true,69,69,3.58,224.42512119634353,45.52781846139339,13.648943383900319,3.4437551222273224,0.8125,91.0,0.012092320248484612,16.0,4.4692737430167595,4.6,235.2433772025589,57.124642285435925,14.389436224393156,3.6553148845780465,0.9166666666666666,132.0,0.013699889183044434,15.0,3.2608695652173916,
EN_069_22__ES_069_22,train,true,69,69,2.69,182.84176442827513,14.58383916690217,10.396470856427788,1.2984832203264647,0.32941176470588235,28.0,0.00813315436244011,9.0,3.345724907063197,4.24,202.24577027510813,23.672671861357408,12.077578516883275,1.999266826336632,0.518796992481203,69.0,0.008544044569134712,10.0,2.3584905660377355,
EN_069_23__ES_069_23,train,true,69,69,2.86,258.02591868173187,82.87523665958149,15.420157227527952,6.0429519113493,0.9666666666666667,87.0,0.011834993958473206,10.0,3.4965034965034967,4.16,223.26254990597448,43.980317493402694,13.59004228499922,3.264924705614715,0.8015267175572519,105.0,0.009930542670190334,12.0,2.8846153846153846,
EN_069_24__ES_069_24,train,true,69,69,2.67,207.8443743947027,56.882077858299176,12.030399427856363,4.682506183462363,0.6666666666666666,56.0,0.014313087798655033,11.0,4.119850187265918,3.69,216.32730358687712,52.99841020575771,12.858953176088326,4.119240029156128,0.8706896551724138,101.0,0.018303941935300827,12.0,3.252032520325203,
EN_069_25__ES_069_25,train,true,69,69,2.54,202.97099380405146,46.72392668544612,11.87861371357065,3.4436704565262812,0.7875,63.0,0.009555133059620857,6.0,2.3622047244094486,2.68,203.35627993623697,55.18327687103189,11.836405921362855,3.6625825614289904,0.7857142857142857,66.0,0.011571060866117477,7.0,2.6119402985074625,
EN_069_26__ES_069_26,train,true,69,69,4.47,197.29539410865175,45.651190442918214,11.404587739544667,3.327232985356297,0.7857142857142857,110.0,0.009955308400094509,18.0,4.026845637583893,5.76,183.49434281220329,43.716622244382506,9.892042284999219,4.958229119352997,0.8287292817679558,150.0,0.010750402696430683,18.0,3.125,
EN_069_27__ES_069_27,train,true,69,69,6.35,211.1460273222169,36.620748621750565,12.729789120442256,2.563960531442281,0.7939698492462312,158.0,0.011715407483279705,23.0,3.6220472440944884,8.44,209.4611217498876,36.11488768086706,12.573490560861288,2.7183923695652954,0.5492424242424242,145.0,0.013591974042356014,23.0,2.7251184834123223,
EN_069_28__ES_069_28,train,true,69,69,3.14,192.4029662249596,19.88082880829829,11.239872793473795,1.7499341309883767,0.5959595959595959,59.0,0.007816031575202942,10.0,3.184713375796178,6.47,215.12913264110483,28.83991871615687,13.10952504361991,2.2951214545383096,0.5714285714285714,116.0,0.01078342366963625,13.0,2.009273570324575,
EN_069_2__ES_069_2,train,true,69,69,3.32,183.57097894942626,18.12011874274935,10.424587739544672,1.8167121332799567,0.5288461538461539,55.0,0.009345149621367455,7.0,2.108433734939759,3.23,234.94460879548674,21.674603132010105,14.710458951665885,1.6580283953304968,0.4752475247524752,48.0,0.015266403555870056,4.0,1.238390092879257,
EN_069_3__ES_069_3,train,true,69,69,3.12,221.19590283617194,26.19538892593953,13.625042284999216,2.0180539305644603,0.6122448979591837,60.0,0.01825575716793537,12.0,3.846153846153846,4.68,223.38398307890046,26.917792975228373,13.78825366711304,2.093719618644403,0.8367346938775511,123.0,0.02351534739136696,14.0,2.9914529914529915,
EN_069_4__ES_069_4,dev,true,57,57,1.43,240.72152085793675,16.63704917263458,15.166042284999218,1.218090308638896,0.5555555555555556,25.0,0.006032067351043224,6.0,4.195804195804196,1.99,260.05727481331184,32.67749121118856,16.415426900383835,2.1013626179388947,0.8253968253968254,52.0,0.015772398561239243,6.0,3.0150753768844223,
EN_069_5__ES_069_5,train,true,69,69,2.73,264.2945028413602,73.12634367225358,16.28095137590831,4.143905611739759,0.6395348837209303,55.0,0.024008626118302345,10.0,3.663003663003663,6.22,191.5428834540462,47.510132414426884,10.569607502390522,5.224716325364402,0.4717948717948718,92.0,0.026926781982183456,20.0,3.2154340836012865,
EN_069_6__ES_069_6,train,true,69,69,4.07,188.9380977326702,32.64595759245388,10.807449692406625,2.5392184458019136,0.421875,54.0,0.012386924587190151,20.0,4.914004914004914,4.15,183.75825343179807,24.117697593780715,10.399116359073291,2.1083825365523583,0.8307692307692308,108.0,0.012648697011172771,17.0,4.096385542168674,
EN_069_7__ES_069_7,dev,true,57,57,0.56,204.60336983588087,2.260397351143247,12.392899427856362,0.19166296949998268,0.3888888888888889,7.0,0.006196301430463791,2.0,3.571428571428571,0.4,257.1091246037176,8.564439513916044,16.338931173888106,0.5782049702781189,0.6923076923076923,9.0,0.006436552386730909,1.0,2.5,
EN_069_8__ES_069_8,train,true,69,69,3.56,190.3921009725466,26.565852228503278,10.982937021841323,2.3792075282757237,0.6785714285714286,76.0,0.008204092271625996,12.0,3.3707865168539324,2.77,162.85824331054485,55.041364818953475,7.235042284999219,6.78124435483636,0.6896551724137931,60.0,0.010313212871551514,11.0,3.9711191335740073,
EN_069_9__ES_069_9,train,true,69,69,2.68,243.45234371179828,61.30238548296487,14.856799041755973,4.362906639642674,0.8809523809523809,74.0,0.013388825580477715,13.0,4.850746268656716,2.61,250.74336814948433,77.19766690925942,15.202673863946584,4.792688337023896,0.6951219512195121,57.0,0.013545841909945011,10.0,3.831417624521073,
EN_070_10__ES_070_10,test,true,70,70,3.09,127.69405781568999,29.32844595012249,3.7982350560835556,3.8370847821607894,0.8556701030927835,83.0,0.008777983486652374,10.0,3.236245954692557,2.66,137.18057899943366,22.903272557186426,5.245756570713505,2.7627334142778506,0.8333333333333334,70.0,0.007222763728350401,6.0,2.255639097744361,
EN_070_11__ES_070_11,train,true,66,66,0.585,nan,nan,nan,nan,0.0,0.0,0.025005020201206207,2.0,3.418803418803419,0.915,131.07151959661994,30.87128997135369,4.258737937173132,3.733038515679461,0.7931034482758621,23.0,0.008134518750011921,2.0,2.1857923497267757,
EN_070_12__ES_070_12,test,true,70,70,1.175,114.89591552143153,6.754904582939517,2.3750422849992168,0.9921567416492212,0.8648648648648649,32.0,0.01387359295040369,3.0,2.553191489361702,1.36,133.4246681075119,30.959227132871113,4.590518475475408,3.6007313756942905,0.9767441860465116,42.0,0.009463632479310036,3.0,2.205882352941176,
EN_070_13__ES_070_13,train,true,66,66,3.55,117.24516812308138,13.231882465955257,2.6417089516658843,1.9867302842163108,0.5405405405405406,60.0,0.008873042650520802,5.0,1.4084507042253522,3.78,115.90595102974248,10.635863436293645,2.4810282004921755,1.6144236794296087,0.5966386554621849,71.0,0.014554816298186779,5.0,1.3227513227513228,
EN_070_14__ES_070_14,test,true,70,70,2.8,118.02167750130798,12.718498513552074,2.7703321400716825,1.8356833194528328,0.7840909090909091,69.0,0.005932134576141834,8.0,2.857142857142857,2.94,123.4236194518318,10.594392681850238,3.5792730542299864,1.495091772529039,0.7065217391304348,65.0,0.008100772276520729,5.0,1.7006802721088436,
EN_070_15__ES_070_15,test,true,70,70,2.985,123.33013474136796,13.133953033734002,3.533678648635582,1.8226617535265817,0.5851063829787234,55.0,0.010862761177122593,8.0,2.680067001675042,2.1,117.76884534594049,7.619083145409769,2.794869871206114,1.1295669621574553,0.8787878787878788,58.0,0.0077585214748978615,8.0,3.8095238095238093,
EN_070_16__ES_070_16,train,true,66,66,0.655,nan,nan,nan,nan,0.0,0.0,0.012251388281583786,1.0,1.5267175572519083,1.05,nan,nan,nan,nan,0.0,0.0,0.007119882386177778,1.0,0.9523809523809523,
EN_070_17__ES_070_17,train,true,66,66,2.94,110.26036752344712,9.914896742319716,1.6317496020723887,1.377619725997946,0.8913043478260869,82.0,0.010016516782343388,6.0,2.0408163265306123,2.85,114.24693506615633,18.769347797143872,2.1392314741884073,2.212346654790837,0.4111111111111111,37.0,0.0069221495650708675,7.0,2.456140350877193,
EN_070_18__ES_070_18,train,true,66,66,1.33,109.32919365204914,9.901895076722967,1.4689612039181366,1.6368786773113848,0.8809523809523809,37.0,0.01717635802924633,4.0,3.007518796992481,1.22,107.19298265606372,7.107709027962318,1.1647481673521582,1.1414985900744115,0.8717948717948718,34.0,0.01461966335773468,3.0,2.459016393442623,
EN_070_19__ES_070_19,test,true,70,70,1.03,105.65861793823336,9.90503109896019,0.8808115157684484,1.559775435209833,0.7878787878787878,26.0,0.00607434194535017,1.0,0.970873786407767,0.87,109.98190547504205,7.0800921564471295,1.6115807465376797,1.1083865345894321,0.4642857142857143,13.0,0.004678592551499605,1.0,1.1494252873563218,
EN_070_1__ES_070_1,test,true,70,70,1.98,124.24245908881787,9.579917304962903,3.707449692406626,1.3155201550959408,0.8709677419354839,54.0,0.009151479229331017,4.0,2.0202020202020203,2.96,116.25934857631283,10.081923496047047,2.546094916578165,1.4506296989741065,0.8172043010752689,76.0,0.008731205016374588,7.0,2.364864864864865,
EN_070_20__ES_070_20,train,true,66,66,1.515,nan,nan,nan,nan,0.0,0.0,0.00839990098029375,3.0,1.9801980198019804,0.96,176.2552295630632,17.54556380329531,9.728303154564435,1.692684135957144,0.7419354838709677,23.0,0.011776427738368511,2.0,2.0833333333333335,
EN_070_21__ES_070_21,train,true,66,66,6.44,116.00475884447224,7.608559437508897,2.532937021841322,1.137562971986807,0.37623762376237624,76.0,0.008023025467991829,19.0,2.950310559006211,6.16,119.6879254418585,12.335066703228634,3.0212287256771844,1.7584711047545887,0.6113989637305699,118.0,0.009725840762257576,18.0,2.922077922077922,
EN_070_22__ES_070_22,train,true,66,66,2.47,112.52918066203083,7.777763068160232,2.00242323738017,1.1926836676444261,0.8076923076923077,63.0,0.00787795428186655,7.0,2.8340080971659916,2.55,104.5475879443776,7.9815702188833155,0.7206305202933359,1.29932774739698,0.85,68.0,0.008602502755820751,8.0,3.1372549019607847,
EN_070_23__ES_070_23,test,true,70,70,3.37,112.78877248477781,7.488869222080969,2.047689343822747,1.0961941080353192,0.8018867924528302,85.0,0.007160341367125511,7.0,2.0771513353115725,2.9,115.5372864613041,6.617343077815813,2.4733756183325513,0.9535955350380181,0.989010989010989,90.0,0.007651812396943569,9.0,3.103448275862069,
EN_070_24__ES_070_24,train,true,66,66,0.99,103.33906046599414,12.377146044270651,0.44263487759181036,2.113085496495749,0.8709677419354839,27.0,0.005740485619753599,5.0,5.05050505050505,1.38,110.03172552355376,14.208665959908915,1.5267089516658843,2.0506394666596623,0.6818181818181818,30.0,0.0037687039002776146,3.0,2.173913043478261,
EN_070_25__ES_070_25,test,true,70,70,2.41,126.11244479971938,14.159999403281677,3.9085038234607565,1.9305553053415099,0.8552631578947368,65.0,0.00853654369711876,5.0,2.0746887966804977,3.49,127.10674523536431,15.980149906624726,4.0304344418619635,2.002891988301224,0.9272727272727272,102.0,0.009332063607871532,5.0,1.4326647564469912,
EN_070_26__ES_070_26,train,true,66,66,0.63,nan,nan,nan,nan,0.0,0.0,0.016189176589250565,2.0,3.1746031746031744,0.785,107.26003990515288,6.555539792497045,1.1818604668173995,1.0376487247778314,0.88,22.0,0.011195817962288857,3.0,3.821656050955414,
EN_070_27__ES_070_27,test,true,70,70,0.7,118.89172060305461,10.94838541630629,2.9250422849992184,1.550765939785885,0.9090909090909091,20.0,0.009845169261097908,3.0,4.285714285714286,0.37,123.91580274295666,4.642690352001024,3.7000422849992174,0.653834841531101,1.0,12.0,0.013346177525818348,2.0,5.405405405405405,
EN_070_28__ES_070_28,train,true,66,66,2.86,109.78967050536735,4.482223578475837,1.6025422849992175,0.7046231262171289,0.4444444444444444,40.0,0.008063632994890213,8.0,2.7972027972027975,2.69,109.01109926188467,3.5814451840016823,1.4843279992849319,0.5701843597308085,0.4117647058823529,35.0,0.010448979213833809,8.0,2.9739776951672865,
EN_070_29__ES_070_29,train,true,66,66,1.05,105.80869519703819,5.0771230052157135,0.9577345926915258,0.8255175891165667,0.7878787878787878,26.0,0.009891614317893982,3.0,2.857142857142857,0.92,114.86373604718091,10.301178413700496,2.342042284999218,1.338333291822332,0.8620689655172413,25.0,0.012848969548940659,4.0,4.3478260869565215,
EN_070_2__ES_070_2,train,true,66,66,4.96,121.38174448304025,19.07599093694373,3.170042284999219,2.445875279394463,0.5448717948717948,85.0,0.011755566112697124,12.0,2.4193548387096775,4.06,118.55618302198414,14.164886939705195,2.833648842376267,1.9428034778123144,0.48031496062992124,61.0,0.012106296606361866,8.0,1.9704433497536948,
EN_070_30__ES_070_30,train,true,66,66,6.12,120.84835165053948,16.582427190632657,3.118699001417128,2.341527053411485,0.3489583333333333,67.0,0.008403594605624676,10.0,1.6339869281045751,4.24,128.84707872625097,22.457970894733933,4.129310577682146,2.989075140626565,0.6165413533834586,82.0,0.009957578964531422,10.0,2.3584905660377355,
EN_070_31__ES_070_31,test,true,70,70,4.32,124.42379294144511,17.475984962600766,3.6242358333863147,2.3088377761370587,0.6838235294117647,93.0,0.008511162362992764,12.0,2.7777777777777777,4.79,126.91424163601866,14.364233978489601,4.020630520293335,1.8911715697101834,0.7933333333333333,119.0,0.00827097613364458,17.0,3.549060542797495,
EN_070_32__ES_070_32,test,true,70,70,3.38,113.93776540833007,13.480106307729974,2.150042284999217,1.895970960313723,0.6415094339622641,68.0,0.007556851953268051,10.0,2.9585798816568047,3.19,125.85948780751615,18.40467583437078,3.8294943397937384,2.1948856433598727,0.73,73.0,0.006026136223226786,9.0,2.8213166144200628,
EN_070_33__ES_070_33,train,true,66,66,4.04,114.5302507506665,5.9833042990977034,2.3250422849992187,0.9065732182234383,0.12598425196850394,16.0,0.007795971818268299,6.0,1.4851485148514851,2.62,107.30321814589202,5.8439860407358974,1.1951403242149046,0.9301726016281522,0.6219512195121951,51.0,0.010495206341147423,6.0,2.2900763358778624,
EN_070_34__ES_070_34,test,true,70,70,0.66,129.56490484725748,9.98125617670387,4.430042284999217,1.3862178760930761,0.47619047619047616,10.0,0.006061580963432789,1.0,1.5151515151515151,0.74,66.64605449326643,0.1669343401201396,-7.024957715000783,0.04330127018922332,0.16666666666666666,4.0,0.002944369101896882,1.0,1.3513513513513513,
EN_070_35__ES_070_35,test,true,70,70,1.57,121.83632667128703,18.39383302150161,3.2300422849992185,2.5327718676053985,0.3,15.0,0.005584304220974445,2.0,1.2738853503184713,1.71,125.07483180594181,18.882093470740486,3.6921475481571124,2.4571733416722816,0.7037037037037037,38.0,0.00340501987375319,2.0,1.1695906432748537,
EN_070_36__ES_070_36,train,true,66,66,4.075,116.68892022025962,9.401577330750342,2.616708951665884,1.3790380820506851,0.328125,42.0,0.010496659204363823,6.0,1.4723926380368098,2.75,111.47970216563475,3.8153392403808235,1.8714708564277889,0.5820880780536954,0.16279069767441862,14.0,0.015718527138233185,5.0,1.8181818181818181,
EN_070_37__ES_070_37,train,true,66,66,5.55,111.48579608647006,7.762585223797177,1.8400422849992175,1.2126005112979295,0.45977011494252873,80.0,0.008935239166021347,16.0,2.882882882882883,5.24,107.6704689599609,4.940148525149645,1.261332607579863,0.791712076759597,0.3780487804878049,62.0,0.010926816612482071,17.0,3.2442748091603053,
EN_070_38__ES_070_38,test,true,70,70,0.81,115.57178704077693,1.5628802203032475,2.503888438845372,0.23407883161081372,0.5,13.0,0.0053697447292506695,1.0,1.2345679012345678,0.74,118.58930116000035,5.296476582734156,2.9342528113150075,0.7788406754811499,0.7916666666666666,19.0,0.0026418615598231554,1.0,1.3513513513513513,
EN_070_39__ES_070_39,train,true,66,66,6.98,110.71607395655761,7.496160459502111,1.725042284999218,1.1212954880086565,0.639269406392694,140.0,0.008687548339366913,16.0,2.292263610315186,4.73,108.94762277372772,12.9552707944044,1.369853605753935,1.94913719718668,0.7162162162162162,106.0,0.011155150830745697,15.0,3.1712473572938684,
EN_070_3__ES_070_3,train,true,66,66,2.86,113.16714308685893,7.6512042179724356,2.1018279992849327,1.1724502839640354,0.6222222222222222,56.0,0.010446860454976559,6.0,2.097902097902098,2.83,112.89166398359147,7.2365737129468135,2.0662585012154344,1.0499713029575288,0.4157303370786517,37.0,0.008213693276047707,6.0,2.1201413427561837,
EN_070_40__ES_070_40,train,true,66,66,7.94,116.51216492205323,13.793679752223898,2.539983113401585,1.8534996474896572,0.678714859437751,169.0,0.008603478781878948,18.0,2.2670025188916876,7.63,112.22309155337662,6.379619629305159,1.9689234038803367,0.9722694271723927,0.5983263598326359,143.0,0.012909386307001114,21.0,2.7522935779816513,
EN_070_4__ES_070_4,train,true,66,66,5.23,112.07134148451985,12.216062725866605,1.861621232367639,2.0164514510132965,0.5792682926829268,95.0,0.010289518162608147,15.0,2.8680688336520075,2.8,117.52048565300449,12.569594440327041,2.703773628282799,1.7414463330256964,0.7613636363636364,67.0,0.011789172887802124,15.0,5.357142857142858,
EN_070_5__ES_070_5,test,true,70,70,5.23,118.75696146949969,9.132151464004691,2.929569844054337,1.2427641646449006,0.774390243902439,127.0,0.008633330464363098,12.0,2.2944550669216057,4.49,118.88558125658288,8.511062620800965,2.952386034999218,1.200550970111614,0.9078014184397163,128.0,0.009826073423027992,14.0,3.1180400890868594,
EN_070_6__ES_070_6,test,true,70,70,3.95,115.16228061568422,11.752268465132376,2.3513936363505685,1.8067062193502061,0.5967741935483871,74.0,0.007225221022963524,16.0,4.0506329113924044,4.96,116.13425674111198,10.982028437004175,2.52226450722144,1.4757101539780064,0.8076923076923077,126.0,0.007990732789039612,17.0,3.4274193548387095,
EN_070_7__ES_070_7,train,true,66,66,0.44,104.06858685095041,2.2724988035427685,0.6864059213628558,0.3699452718068325,0.7857142857142857,11.0,0.015382111072540283,1.0,2.272727272727273,0.38,nan,nan,nan,nan,0.0,0.0,0.01121440902352333,1.0,2.6315789473684212,
EN_070_8__ES_070_8,test,true,70,70,3.49,125.557497565044,17.441023752327933,3.7820422849992172,2.311401306567079,0.45454545454545453,50.0,0.013281714171171188,13.0,3.7249283667621773,5.62,133.6051331127997,14.311963549585911,4.921575131714547,1.7826392680152645,0.7784090909090909,137.0,0.010725448839366436,13.0,2.3131672597864767,
EN_070_9__ES_070_9,train,true,66,66,2.54,107.80661952233304,9.076143134752549,1.2386786486355812,1.4809726394088736,0.55,44.0,0.013203682377934456,10.0,3.937007874015748,2.8,109.62470697623507,14.067409472356257,1.4538158699048778,2.1576509120268206,0.6022727272727273,53.0,0.010513564571738243,9.0,3.2142857142857144,
EN_071_10__ES_071_10,train,true,71,71,4.09,96.32609716956841,13.835523623047454,-0.7999577150007817,2.204643859097098,0.6875,88.0,0.009181412868201733,9.0,2.2004889975550124,3.2,94.22051929617224,14.360763002051845,-1.2075848336448494,2.398036159085498,0.5841584158415841,59.0,0.01169427577406168,8.0,2.5,
EN_071_11__ES_071_11,dev,true,60,60,5.23,211.069693894924,44.07179628574682,12.407669403643283,4.632739182766041,0.7195121951219512,118.0,0.00740951718762517,16.0,3.0592734225621414,4.32,220.1960114219992,26.898977035399128,13.558375618332551,1.8434380621243798,0.8823529411764706,120.0,0.010850888676941395,16.0,3.7037037037037033,
EN_071_12__ES_071_12,train,true,71,71,9.0,92.72941708013623,8.09091320662871,-1.368022231129814,1.4302479355440407,0.549645390070922,155.0,0.007028363645076752,19.0,2.111111111111111,6.11,89.19381302281847,4.368148482681243,-1.9999577150007821,0.8295581153039653,0.6282722513089005,120.0,0.009099938906729221,13.0,2.127659574468085,
EN_071_13__ES_071_13,train,true,71,71,6.87,89.61745076916534,6.798422724775033,-1.9453600138513563,1.2695739212837944,0.8093023255813954,174.0,0.009871373884379864,16.0,2.328966521106259,4.83,86.62177311491142,4.824983729506348,-2.5111517448515275,0.9084109833061372,0.8874172185430463,134.0,0.011068870313465595,13.0,2.691511387163561,
EN_071_14__ES_071_14,dev,true,60,60,0.73,298.6656313812094,15.720158566563947,18.916708951665882,0.9589345939924974,0.6521739130434783,15.0,0.011048071086406708,1.0,1.36986301369863,0.55,339.3964257152516,49.2253717679438,20.961153396110333,2.6371046599735712,1.0,18.0,0.010130808688700199,1.0,1.8181818181818181,
EN_071_15__ES_071_15,train,true,71,71,3.28,93.44118149261666,9.99884072187361,-1.2682503979276116,1.7796360308056203,0.7961165048543689,82.0,0.010883168317377567,15.0,4.573170731707317,2.7,89.68408527443016,7.112450474275134,-1.9361646115525057,1.3128605614251423,0.6823529411764706,58.0,0.01063649170100689,12.0,4.444444444444444,
EN_071_16__ES_071_16,dev,true,60,60,3.48,233.30172774173417,16.549826157053687,14.62644677938124,1.1519424213051075,0.8165137614678899,89.0,0.009219290688633919,8.0,2.2988505747126435,4.79,242.98393342310186,24.768744542083933,15.289089904046836,1.6367502784245687,0.7,105.0,0.00743066007271409,9.0,1.8789144050104385,
EN_071_17__ES_071_17,train,true,71,71,2.44,98.09317833037974,19.13617462974136,-0.6418931988717499,3.216554878462398,0.8051948051948052,62.0,0.007738329470157623,9.0,3.6885245901639343,1.67,88.03489287370711,4.9539282925468555,-2.2332910483341153,0.9650849127868946,0.22641509433962265,12.0,0.007902880199253559,5.0,2.9940119760479043,
EN_071_18__ES_071_18,dev,true,60,60,1.08,240.95519259624513,19.19421075560903,15.171470856427788,1.3570864649938068,0.8235294117647058,28.0,0.008212720975279808,4.0,3.7037037037037033,0.8,230.2849965427748,11.870891373007117,14.418042284999217,0.8925110643571886,0.9615384615384616,25.0,0.00826220028102398,2.0,2.5,
EN_071_19__ES_071_19,dev,true,60,60,3.25,239.42805438835123,20.00270371232288,15.055724103181035,1.428234602780129,0.8627450980392157,88.0,0.009805251844227314,7.0,2.1538461538461537,4.89,235.65570823240444,24.156925086754203,14.755856238487587,1.6775088570218326,0.5620915032679739,86.0,0.009890759363770485,9.0,1.8404907975460123,
EN_071_1__ES_071_1,dev,true,60,60,0.95,313.514682366043,34.033636673126686,19.673375618332553,1.9749571022064127,1.0,30.0,0.021591249853372574,5.0,5.2631578947368425,1.24,279.094576467335,24.112435197734634,17.707734592691526,1.4382609897220373,0.6666666666666666,26.0,0.020518140867352486,4.0,3.2258064516129035,
EN_071_20__ES_071_20,dev,true,60,60,4.69,241.89823838516864,22.673062452109193,15.228830163787096,1.427703724412583,0.8979591836734694,132.0,0.01246981043368578,13.0,2.7718550106609805,5.19,257.7015136166911,51.88437534998613,15.998224103181034,3.82151164327278,0.6748466257668712,110.0,0.016110774129629135,15.0,2.890173410404624,
EN_071_21__ES_071_21,train,true,71,71,6.35,99.17680302352606,10.58838037609425,-0.23946820451127135,1.816925601530883,0.7185929648241206,143.0,0.012668253853917122,19.0,2.9921259842519685,5.0,94.7462526174256,10.498906816222476,-1.0285901936332602,1.7540589831046436,0.7452229299363057,117.0,0.007753089070320129,14.0,2.8,
EN_071_22__ES_071_22,dev,true,60,60,0.68,214.85927821555862,8.330270771343502,13.227820062776996,0.6662961933584425,0.8181818181818182,18.0,0.006072029937058687,1.0,1.4705882352941175,0.62,239.67315649582534,7.250086930139151,15.125042284999218,0.5165994579942962,0.6,12.0,0.004083908163011074,1.0,1.6129032258064517,
EN_071_23__ES_071_23,train,true,71,71,5.85,87.94706985937965,7.366299534375445,-2.2813136472041715,1.402280174170479,0.644808743169399,118.0,0.011488424614071846,14.0,2.393162393162393,4.99,88.82840811911775,7.058797379621927,-2.1078089546702032,1.4195070769484484,0.7756410256410257,121.0,0.012473993003368378,16.0,3.2064128256513023,
EN_071_24__ES_071_24,dev,true,60,60,4.71,305.6169657428864,51.16824194871573,19.078989653420273,3.068679460094988,0.5135135135135135,76.0,0.00916545931249857,3.0,0.6369426751592356,3.34,655.4179674489897,593.6854984383716,27.080597840554773,12.60188079975993,0.6857142857142857,72.0,0.007632689084857702,4.0,1.1976047904191618,
EN_071_25__ES_071_25,train,true,71,71,11.94,111.19215344749043,23.869660735334822,1.477720856427789,3.4367163995548697,0.5989304812834224,224.0,0.01844164915382862,22.0,1.8425460636515913,7.21,132.33486850075417,25.752300476873817,4.519319393432953,3.4062427745058876,0.7345132743362832,166.0,0.01923169568181038,16.0,2.219140083217753,
EN_071_26__ES_071_26,dev,true,60,60,0.51,236.42230827676235,11.741273407700259,14.875042284999218,0.8598691760959926,1.0,16.0,0.008128462359309196,1.0,1.9607843137254901,0.62,239.7517434114725,11.22825256660501,15.12004228499922,0.7937883848986453,1.0,20.0,0.003693451639264822,1.0,1.6129032258064517,
EN_071_27__ES_071_27,train,true,71,71,7.14,95.91978632421893,12.89386356998936,-0.8701069687321252,2.2443554355330853,0.5982142857142857,134.0,0.0087612709030509,18.0,2.5210084033613445,6.49,92.17234838556774,8.033397099533772,-1.4727163356904371,1.437322454527081,0.7142857142857143,145.0,0.009882922284305096,19.0,2.9275808936825887,
EN_071_28__ES_071_28,dev,true,60,60,0.58,236.3397320337184,17.160635646610373,14.843792284999221,1.2759647085636818,0.8421052631578947,16.0,0.005790454335510731,1.0,1.7241379310344829,0.59,239.30647287907334,17.485735601239018,15.061153396110333,1.243600904581749,0.9473684210526315,18.0,0.0024071806110441685,1.0,1.6949152542372883,
EN_071_29__ES_071_29,dev,true,60,60,3.36,236.8771210909531,24.130336503758244,14.842264507221444,1.7315521474983573,0.8490566037735849,90.0,0.00864050816744566,9.0,2.678571428571429,3.04,247.41174204442993,35.20808900455433,15.519454049705102,2.340589344056033,0.8854166666666666,85.0,0.012003346346318722,9.0,2.9605263157894735,
EN_071_2__ES_071_2,train,true,71,71,0.76,85.87736886406196,3.497930576717287,-2.649957715000781,0.6976149845485445,0.5,12.0,0.00834693480283022,2.0,2.6315789473684212,0.78,89.23234124568104,6.646558066612266,-2.019957715000782,1.2818346227185469,0.8,20.0,0.009445677511394024,3.0,3.846153846153846,
EN_071_30__ES_071_30,train,true,71,71,1.79,93.26040800878772,11.539655011021024,-1.3408668059098725,2.147706830109541,0.7857142857142857,44.0,0.007322939578443766,4.0,2.2346368715083798,2.02,86.08412834720907,7.786736532174524,-2.6687077150007816,1.6292452559902284,0.75,48.0,0.009677272289991379,9.0,4.455445544554456,
EN_071_31__ES_071_31,train,true,71,71,7.74,98.23523453932818,22.197637295049358,-0.6499577150007817,3.236777650650169,0.6570247933884298,159.0,0.010097921825945377,14.0,1.8087855297157622,7.41,96.44192467243565,12.647616569902924,-0.7615856219775263,2.104254748739632,0.7413793103448276,172.0,0.010897878557443619,18.0,2.42914979757085,
EN_071_32__ES_071_32,dev,true,60,60,0.81,219.04000976403924,39.37437398565456,13.245280380237313,3.5124914764141546,0.8076923076923077,21.0,0.004030147101730108,1.0,1.2345679012345678,0.55,230.62501041758048,19.065355177570723,14.408865814410984,1.4050575971151769,0.9444444444444444,17.0,0.003987589851021767,2.0,3.6363636363636362,
EN_071_33__ES_071_33,dev,true,60,60,3.26,240.53085676035835,17.59274743518096,15.150042284999218,1.232505483737035,0.8431372549019608,86.0,0.011029161512851715,13.0,3.9877300613496933,3.52,235.80928332446294,26.44271905717442,14.751340986297915,1.8255398423404348,0.6936936936936937,77.0,0.007446001283824444,10.0,2.840909090909091,
EN_071_3__ES_071_3,dev,true,60,60,0.91,322.923401825824,26.70457655110799,20.2315237664807,1.4964246369602126,0.9310344827586207,27.0,0.019122879952192307,3.0,3.2967032967032965,1.51,373.547221223399,22.390266514267445,22.785042284999218,1.0214083414580077,0.8333333333333334,40.0,0.019602065905928612,3.0,1.9867549668874172,
EN_071_4__ES_071_4,train,true,71,71,3.21,93.37661597674136,6.340297622528486,-1.2231720007150675,1.1059080095153506,0.5544554455445545,56.0,0.009813270531594753,7.0,2.180685358255452,2.72,89.61387418474298,3.2391793471530685,-1.9094815245245909,0.61336679145653,0.4883720930232558,42.0,0.007685608696192503,7.0,2.5735294117647056,
EN_071_5__ES_071_5,train,true,71,71,3.78,95.52591553400632,18.05865397972128,-1.0600842972792632,2.947498185512109,0.6638655462184874,79.0,0.00872682686895132,11.0,2.9100529100529102,4.64,89.80519997447325,5.509689224853234,-1.893619686831768,1.0502491179147062,0.4863013698630137,71.0,0.0075272973626852036,11.0,2.370689655172414,
EN_071_6__ES_071_6,dev,true,60,60,3.4,244.65691444931872,23.401088427030878,15.411840037808204,1.6273301784388654,0.8317757009345794,89.0,0.010419368743896484,9.0,2.6470588235294117,3.49,269.1150412253119,55.111876517084546,16.66864693616201,4.353680923986661,0.7818181818181819,86.0,0.009627229534089565,9.0,2.5787965616045843,
EN_071_7__ES_071_7,train,true,71,71,8.23,92.83219744379846,9.77713391478565,-1.3869947520378187,1.8784643350054628,0.4186046511627907,108.0,0.009099666029214859,15.0,1.8226002430133657,7.64,91.13683784394395,7.061681028388415,-1.6566243816674484,1.301733886441891,0.7531380753138075,180.0,0.010348379611968994,18.0,2.356020942408377,
EN_071_8__ES_071_8,dev,true,60,60,6.48,228.43281960876902,20.835871293539373,14.234704861686334,1.4909371542093752,0.8029556650246306,163.0,0.007171210367232561,22.0,3.3950617283950617,7.21,233.72038408646824,27.58276621653888,14.545583686273105,2.4412418252929844,0.6946902654867256,157.0,0.009833470918238163,19.0,2.635228848821082,
EN_071_9__ES_071_9,train,true,71,71,3.93,91.61382517210065,5.671484622955831,-1.5486419255270973,1.0505003095082872,0.6178861788617886,76.0,0.010369985364377499,11.0,2.7989821882951653,4.42,94.40682911691653,14.578266080240796,-1.1607910483341153,2.260449654137178,0.8633093525179856,120.0,0.01558997854590416,12.0,2.7149321266968327,
EN_072_10__ES_072_10,train,true,72,72,2.66,252.41153483271984,56.21060727697048,15.615042284999218,3.764696756269576,0.7142857142857143,60.0,0.04416970536112785,5.0,1.8796992481203008,4.26,189.47613059087897,50.25096711764389,10.534133194090128,4.1450377332320345,0.6567164179104478,88.0,0.024825910106301308,5.0,1.1737089201877935,
EN_072_11__ES_072_11,dev,true,57,57,0.77,235.62613876105675,3.817614034426972,14.835756570713503,0.27737839769925193,0.56,14.0,0.00933117140084505,3.0,3.896103896103896,0.92,239.25443257617025,8.831846894936865,15.09078302573996,0.6378547723129574,0.9310344827586207,27.0,0.0066200001165270805,2.0,2.1739130434782608,
EN_072_12__ES_072_12,train,true,72,72,3.65,133.7174701559478,12.16979441226224,4.959918828209095,1.5538566070036164,0.7043478260869566,81.0,0.02542051114141941,13.0,3.5616438356164384,3.37,130.6409330939947,22.570882394146402,4.34085861152983,3.246602202953611,0.9245283018867925,98.0,0.02292630635201931,11.0,3.264094955489614,
EN_072_13__ES_072_13,train,true,72,72,3.61,123.84706418890364,7.264803645956564,3.674000618332551,0.9883429726553545,0.8495575221238938,96.0,0.017972242087125778,12.0,3.32409972299169,3.92,128.13713307401696,11.908526396074082,4.2271851421420745,1.4544026522355944,0.8536585365853658,105.0,0.020686499774456024,11.0,2.806122448979592,
EN_072_14__ES_072_14,train,true,72,72,2.63,123.47065915678695,7.0306231881354,3.6225422849992177,0.9704348252201175,0.963855421686747,80.0,0.022108668461441994,9.0,3.4220532319391634,2.65,125.85375462355319,12.131779909992998,3.906832408456008,1.5747183382563137,0.9759036144578314,81.0,0.02799876034259796,10.0,3.7735849056603774,
EN_072_15__ES_072_15,train,true,72,72,7.45,134.92966925484666,10.501426196557128,5.136493897902443,1.300872036024413,0.6652360515021459,155.0,0.021120619028806686,17.0,2.2818791946308723,7.96,126.82311412581794,16.654557790664033,3.969945197620577,2.226657120510837,0.8273092369477911,206.0,0.015344066545367241,18.0,2.2613065326633164,
EN_072_16__ES_072_16,train,true,72,72,6.27,141.65378335667975,20.564888732816616,5.860499801339087,2.3639770245030185,0.7806122448979592,153.0,0.035073887556791306,25.0,3.9872408293460926,5.85,139.7105183838303,18.883267540453208,5.640708951665883,2.2361379404877706,0.819672131147541,150.0,0.030422590672969818,22.0,3.760683760683761,
EN_072_17__ES_072_17,train,true,72,72,4.05,154.35649222453125,33.235703031208075,7.131153396110327,3.6088439036605133,0.7086614173228346,90.0,0.031309835612773895,16.0,3.9506172839506175,4.93,145.3826076445952,33.41979132196714,6.063323534999217,3.701337830217398,0.8258064516129032,128.0,0.029796959832310677,13.0,2.636916835699797,
EN_072_18__ES_072_18,dev,true,57,57,3.32,278.23325602546794,43.46026128662907,17.52475492867738,2.508661702604797,0.8365384615384616,87.0,0.009661559015512466,6.0,1.8072289156626506,3.06,269.5974883354397,37.02769133104704,17.032234065821136,2.093456371567956,0.7604166666666666,73.0,0.017752619460225105,8.0,2.6143790849673203,
EN_072_19__ES_072_19,dev,true,57,57,3.69,248.22747968083712,21.496247302558917,15.677042284999215,1.4651863362726256,0.8620689655172413,100.0,0.013037550263106823,8.0,2.1680216802168024,3.04,268.2151345268786,27.55535907692456,16.994723136063048,1.6999760337031902,0.9791666666666666,94.0,0.03833187744021416,8.0,2.6315789473684212,
EN_072_1__ES_072_1,train,true,72,72,4.18,161.88571109056664,32.103446390932575,8.002294537251469,3.4163846558238995,0.8473282442748091,111.0,0.021176569163799286,12.0,2.870813397129187,4.32,153.11862129623873,31.121701306026853,7.1104196434897835,2.837374525370807,0.7794117647058824,106.0,0.020746290683746338,11.0,2.5462962962962963,
EN_072_20__ES_072_20,train,true,72,72,3.4,147.83578547614326,17.29525920979062,6.648851808808742,2.0348449132210735,0.7850467289719626,84.0,0.02408187836408615,7.0,2.058823529411765,3.09,147.3413869203466,28.39568869227276,6.350042284999218,3.6567745350240015,0.9278350515463918,90.0,0.03434039279818535,6.0,1.941747572815534,
EN_072_21__ES_072_21,train,true,72,72,5.71,140.8520267552366,36.513098191409185,5.335387112585425,4.614113549384234,0.6480446927374302,116.0,0.017435956746339798,13.0,2.276707530647986,5.45,140.18531118705877,25.289632820614866,5.601796670964131,2.831688866102805,0.6666666666666666,114.0,0.0194260086864233,10.0,1.8348623853211008,
EN_072_22__ES_072_22,train,true,72,72,4.94,120.5718807576089,8.396078838406735,3.198914465450345,1.1596354457849285,0.8580645161290322,133.0,0.027945753186941147,22.0,4.4534412955465585,6.6,126.43499531744628,11.476450353363152,3.992899427856361,1.5152112488561325,0.7777777777777778,161.0,0.021827982738614082,17.0,2.5757575757575757,
EN_072_23__ES_072_23,train,true,72,72,1.85,125.91934649951206,10.692200884997705,3.928888438845372,1.44745619549257,0.896551724137931,52.0,0.03101622685790062,5.0,2.7027027027027026,2.41,133.57423564852542,15.65963132517803,4.898042284999217,1.9633889069667274,0.6578947368421053,50.0,0.031600143760442734,5.0,2.0746887966804977,
EN_072_24__ES_072_24,train,true,72,72,1.57,67.96690745171637,1.1125200970298532,-6.687457715000782,0.2825663638864314,0.16,8.0,0.008883604779839516,6.0,3.821656050955414,2.13,127.85494306254921,23.902360959615937,4.040206219425448,2.508654195931525,0.9104477611940298,61.0,0.01501583494246006,5.0,2.347417840375587,
EN_072_25__ES_072_25,dev,true,57,57,0.29,73.73759744213974,7.559001489284307,-5.359957715000782,1.6967321532876072,1.0,10.0,0.0428515300154686,1.0,3.4482758620689657,0.3,322.6000977449157,18.015407089754166,20.250042284999218,0.965105471660261,0.7,7.0,0.006493383087217808,0.0,nan,
EN_072_26__ES_072_26,dev,true,57,57,0.34,239.0068654532074,5.518797406573672,15.080042284999218,0.39761790704142125,0.9090909090909091,10.0,0.018572784960269928,1.0,2.941176470588235,0.405,256.6322111448913,18.47716926000925,16.27226450722144,1.2326825109652138,0.6923076923076923,9.0,0.008296901360154152,1.0,2.4691358024691357,
EN_072_27__ES_072_27,dev,true,57,57,7.28,249.11366804455466,32.041981663531956,15.671362081953532,2.077863087261775,0.8640350877192983,197.0,0.012277818284928799,27.0,3.7087912087912085,8.89,248.5023158859645,30.865092571025553,15.639796383359874,1.9802760873563399,0.8776978417266187,244.0,0.024515144526958466,25.0,2.8121484814398197,
EN_072_2__ES_072_2,train,true,72,72,3.53,134.92033713350546,16.512425472442377,5.064475274689939,2.014124848489644,0.8738738738738738,97.0,0.019433651119470596,14.0,3.96600566572238,3.24,134.73597912099638,15.70311378402127,5.054208951665885,1.8886126227707178,0.9411764705882353,96.0,0.020618578419089317,16.0,4.938271604938271,
EN_072_3__ES_072_3,train,true,72,72,4.07,125.41070901594787,19.17967832742411,3.642750618332551,3.3552584597311164,0.75,96.0,0.01535981148481369,13.0,3.194103194103194,4.99,126.99736020666595,11.381077544198249,4.073281721618937,1.467040015629716,0.9102564102564102,142.0,0.021711179986596107,14.0,2.8056112224448895,
EN_072_4__ES_072_4,train,true,72,72,2.69,148.78616030901168,17.04263575593566,6.768910209527521,1.9359612310726801,0.6235294117647059,53.0,0.021671200171113014,10.0,3.717472118959108,3.83,140.00491755505075,27.797328588006636,5.513408621632882,3.2230519566557443,0.8416666666666667,101.0,0.01770962029695511,10.0,2.6109660574412534,
EN_072_5__ES_072_5,train,true,72,72,5.09,156.24423067370796,22.386379310398166,7.559751022863296,2.359632790384477,0.64375,103.0,0.01926421746611595,13.0,2.5540275049115913,4.39,149.62697772329176,35.0062452393885,6.571050688360563,3.6040797132917746,0.8623188405797102,119.0,0.021309474483132362,14.0,3.189066059225513,
EN_072_6__ES_072_6,dev,true,57,57,2.85,232.93903255294836,64.40531836769308,13.513200179736058,7.1645479914951835,0.8444444444444444,76.0,0.024003461003303528,7.0,2.456140350877193,3.54,229.9315757476924,60.638941670269666,13.376232761189694,6.930129508987395,0.7567567567567568,84.0,0.024666622281074524,10.0,2.824858757062147,
EN_072_7__ES_072_7,train,true,72,72,3.78,118.61340142608437,9.353387491551729,2.9059246379403936,1.27974978631408,0.8571428571428571,102.0,0.011048476211726665,10.0,2.6455026455026456,4.7350625,126.070505044341,16.11929543839125,3.8895380833185462,1.975531775548253,0.8040540540540541,119.0,0.01816411130130291,12.0,2.534285450297647,
EN_072_8__ES_072_8,dev,true,57,57,0.48,215.46413920159029,2.1627191010451403,13.288503823460758,0.17337581030130347,0.8125,13.0,0.007394243963062763,1.0,2.0833333333333335,0.52,227.92178647338957,23.59566845336118,14.17504228499922,1.7151894939043917,0.7058823529411765,12.0,0.007770961616188288,1.0,1.923076923076923,
EN_072_9__ES_072_9,train,true,72,72,2.47,122.80505710138422,13.794025857365012,3.4327089516658855,2.145654419725807,0.9615384615384616,75.0,0.03166286274790764,9.0,3.643724696356275,2.24,124.65326300604002,10.279831758671104,3.759133194090128,1.375073251241908,0.9295774647887324,66.0,0.0220625177025795,7.0,3.1249999999999996,
EN_073_10__ES_073_10,train,true,73,73,2.46,223.83897397838098,12.691068636757379,13.92226450722144,0.9669380206623742,0.7012987012987013,54.0,0.0379611998796463,11.0,4.471544715447155,2.71,232.58086461141815,20.886129264698393,14.547661332618269,1.4778504491704765,0.9882352941176471,84.0,0.040002863854169846,10.0,3.690036900369004,
EN_073_11__ES_073_11,train,true,73,73,4.33,239.36220008220081,30.47634102484835,14.973905921362853,2.1601764615515373,0.6470588235294118,88.0,0.014112304896116257,9.0,2.0785219399538106,2.99,246.67579354581758,24.752437556759126,15.544486729443664,1.7343818054031757,0.9574468085106383,90.0,0.02152843214571476,8.0,2.6755852842809364,
EN_073_12__ES_073_12,train,true,73,73,5.08,211.0655558266602,23.216916561740618,12.842216198042696,1.7049364555842956,0.7232704402515723,115.0,0.018122581765055656,11.0,2.1653543307086616,4.83,206.57530596251138,23.52950832342051,12.407395226175689,2.497487924746795,0.9006622516556292,136.0,0.023011015728116035,10.0,2.070393374741201,
EN_073_13__ES_073_13,dev,true,57,57,3.39,251.63344966567732,27.045039155836648,15.876042284999217,1.8593880713826254,0.9433962264150944,100.0,0.017336547374725342,12.0,3.5398230088495573,4.87,259.04088944418646,28.70128822166727,16.375394397675276,1.872086905851039,0.9281045751633987,142.0,0.01263520959764719,11.0,2.2587268993839835,
EN_073_14__ES_073_14,train,true,73,73,0.49,243.4797807927814,6.101144494746225,15.400042284999218,0.44253060157839275,0.75,12.0,0.0057137226685881615,1.0,2.0408163265306123,0.72,nan,nan,nan,nan,0.0,0.0,0.00906808115541935,1.0,1.3888888888888888,
EN_073_15__ES_073_15,train,true,73,73,2.19,211.4551524243546,10.762993053781535,12.941346632825306,0.8943849202850361,0.3333333333333333,23.0,0.012345787137746811,9.0,4.109589041095891,3.03,243.53364266281784,42.458151003651814,15.1794540497051,2.731593955245211,0.8947368421052632,85.0,0.010062212124466896,11.0,3.6303630363036308,
EN_073_16__ES_073_16,dev,true,57,57,4.08,249.00769669385846,33.30316376984819,15.645977244348812,2.244501805188245,0.9609375,123.0,0.01447694469243288,21.0,5.147058823529411,5.99,247.07195246194578,20.38778380354093,15.60034168619682,1.4272738660824829,0.8882978723404256,167.0,0.017934400588274002,21.0,3.5058430717863103,
EN_073_17__ES_073_17,train,true,73,73,0.435,244.7434677183561,8.962561243090747,15.483375618332552,0.6446359868604571,0.8571428571428571,12.0,0.013706793077290058,1.0,2.2988505747126435,0.36,230.7713224928472,5.634014487895096,14.472264507221436,0.4314775075321687,0.75,9.0,0.017692016437649727,1.0,2.7777777777777777,
EN_073_18__ES_073_18,train,true,73,73,4.77,204.0138559477214,35.23534861650586,12.010042284999217,3.657943936988899,0.8666666666666667,130.0,0.016177019104361534,18.0,3.773584905660378,3.61,220.87847278614836,22.536933599140173,13.63536338591665,1.6717197478174457,0.9646017699115044,109.0,0.01460680365562439,16.0,4.43213296398892,
EN_073_19__ES_073_19,train,true,73,73,4.23,213.98591267788797,20.78736517918867,13.09106792602486,1.642499338284681,0.5864661654135338,78.0,0.018556544557213783,13.0,3.073286052009456,4.22,230.15918333835177,23.007638380418467,14.349000618332553,1.673350854303192,0.7272727272727273,96.0,0.011707177385687828,13.0,3.080568720379147,
EN_073_1__ES_073_1,dev,true,57,57,1.63,265.52925881681955,37.10886564523531,16.762287182958403,2.150048186746313,0.9607843137254902,49.0,0.021608322858810425,7.0,4.294478527607362,1.86,263.02044830648214,29.56584139664452,16.646405921362856,1.7629483193955242,0.9322033898305084,55.0,0.01704682968556881,7.0,3.7634408602150535,
EN_073_20__ES_073_20,train,true,73,73,3.51,240.9164537289347,21.339136408896934,15.157937021841322,1.4754805780789153,0.34545454545454546,38.0,0.016870301216840744,10.0,2.8490028490028494,2.77,247.27645143723294,21.56821978696693,15.611686120615655,1.4400941880332703,0.8390804597701149,73.0,0.01806526817381382,7.0,2.527075812274368,
EN_073_21__ES_073_21,train,true,73,73,4.89,273.19481365946467,62.284254722965194,16.987797387040033,3.6953228934646236,0.6405228758169934,98.0,0.021105827763676643,18.0,3.6809815950920246,5.24,270.2737390704982,41.1274564598237,17.031292284999218,2.4565097402955,0.8780487804878049,144.0,0.030320562422275543,18.0,3.4351145038167936,
EN_073_22__ES_073_22,dev,true,57,57,0.36,nan,nan,nan,nan,0.0,0.0,0.015966182574629784,1.0,2.7777777777777777,0.43,225.9794643816114,14.660249927122095,14.078613713570647,1.1061055048028219,1.0,14.0,0.007854849100112915,1.0,2.3255813953488373,
EN_073_23__ES_073_23,train,true,73,73,5.25,257.87157529178853,55.812736055380164,16.063375618332554,3.2807248521562364,0.7272727272727273,120.0,0.01960940845310688,20.0,3.8095238095238093,5.12,264.37009609420306,35.47644814633292,16.657605310209302,2.522609015687493,0.7391304347826086,119.0,0.01774062216281891,22.0,4.296875,
EN_073_24__ES_073_24,dev,true,57,57,0.19,255.67785528439686,12.042391764631049,16.233375618332552,0.7945998294040137,1.0,6.0,0.009061702527105808,1.0,5.2631578947368425,0.395,1532.7170542952078,126.53896002992839,47.195496830453756,1.460612347528276,0.8461538461538461,11.0,0.00976614560931921,1.0,2.531645569620253,
EN_073_25__ES_073_25,train,true,73,73,3.015,308.9034735609481,65.80609690960108,19.13089334882901,3.7102295792860986,0.49473684210526314,47.0,0.018623048439621925,12.0,3.980099502487562,2.82,285.55999780163404,85.73577965774658,17.53537561833255,4.4417622128560135,0.8426966292134831,75.0,0.024748027324676514,10.0,3.546099290780142,
EN_073_26__ES_073_26,dev,true,57,57,0.61,229.96171305960954,17.147095368356098,14.372264507221438,1.2168061817523024,0.9,18.0,0.005276138428598642,3.0,4.918032786885246,0.58,241.0989594948887,13.265443107671302,15.210042284999219,0.9322374518687111,0.7894736842105263,15.0,0.0044846669770777225,0.0,nan,
EN_073_27__ES_073_27,dev,true,57,57,1.3,280.74418073752145,57.567804458124,17.525042284999216,3.4189727989558496,0.7804878048780488,32.0,0.03825948014855385,2.0,1.5384615384615383,2.07,301.8107426626842,56.171172162613004,18.817484145464334,3.2732688256174938,0.6615384615384615,43.0,0.023245686665177345,2.0,0.9661835748792271,
EN_073_28__ES_073_28,train,true,73,73,0.785,323.97525302849454,24.113307079731516,20.302423237380168,1.2930654046062677,0.84,21.0,0.012317458167672157,1.0,1.2738853503184713,0.87,338.172792118591,31.225910530119524,21.01300524796218,1.7001412028826806,0.9642857142857143,27.0,0.02741849608719349,1.0,1.1494252873563218,
EN_073_29__ES_073_29,train,true,73,73,2.725,317.9406541079999,65.29928792564667,19.522506053115155,4.531016588046332,0.8023255813953488,69.0,0.015894312411546707,12.0,4.4036697247706424,3.08,320.71849499001405,39.26299383018461,20.05004228499922,2.071124225041935,0.9278350515463918,90.0,0.015276869758963585,10.0,3.2467532467532467,
EN_073_2__ES_073_2,train,true,73,73,4.21,236.02511009096995,26.7094461698033,14.770731940171633,1.7717539806795708,0.6590909090909091,87.0,0.009856116026639938,12.0,2.8503562945368173,5.02,223.8583956996301,32.02085908235743,13.787630937481488,2.3450124833580896,0.8980891719745223,141.0,0.01614951714873314,15.0,2.9880478087649407,
EN_073_30__ES_073_30,train,true,73,73,2.95,222.968850868824,23.017394944665796,13.804390111086175,1.5743468655064734,0.4946236559139785,46.0,0.010325020179152489,7.0,2.3728813559322033,2.47,248.14278504769788,37.186323802450154,15.576965361922296,2.210561657189568,0.6666666666666666,52.0,0.015427878126502037,9.0,3.643724696356275,
EN_073_31__ES_073_31,train,true,73,73,4.54,265.15842838610723,33.87768680344097,16.75704228499922,2.024660712317004,0.704225352112676,100.0,0.02363601326942444,13.0,2.8634361233480177,4.01,256.11834803683,34.38929894620215,16.128989653420273,2.290386992666804,0.9047619047619048,114.0,0.019192183390259743,12.0,2.9925187032418954,
EN_073_32__ES_073_32,dev,true,57,57,3.56,239.11479744498666,25.013366494519776,15.000547335504269,1.7715127210047248,0.8839285714285714,99.0,0.011590487323701382,17.0,4.775280898876405,3.67,238.56294255642626,18.523296140681865,14.999480487246412,1.359620204363565,0.7739130434782608,89.0,0.012015096843242645,14.0,3.8147138964577656,
EN_073_33__ES_073_33,train,true,73,73,5.955,261.5003891571432,148.55640729742242,14.250943185900118,8.943269606830023,0.5935828877005348,111.0,0.014370357617735863,17.0,2.8547439126784213,5.75,246.64245214508392,51.76770769662448,15.306905030097258,3.203791967042991,0.85,153.0,0.0120942248031497,15.0,2.608695652173913,
EN_073_34__ES_073_34,dev,true,57,57,4.27,259.12619574373747,37.5722010081982,16.301708951665884,2.5167433763143636,0.8955223880597015,120.0,0.017740098759531975,20.0,4.683840749414521,4.04,250.96591764920672,20.806866559951583,15.873726495525535,1.3762587623622105,0.8976377952755905,114.0,0.012691567651927471,13.0,3.217821782178218,
EN_073_35__ES_073_35,train,true,73,73,2.38,358.61045677004233,96.5548924505788,21.642229784999216,3.7656467193357033,0.8533333333333334,64.0,0.024234645068645477,9.0,3.781512605042017,3.87,292.536312752865,39.35136886804772,18.439815012271946,2.1848153537920054,0.7272727272727273,88.0,0.016503313556313515,8.0,2.0671834625322996,
EN_073_36__ES_073_36,train,true,73,73,3.11,250.60922797718317,42.61930959153667,15.608772443729373,3.371196147789124,0.6428571428571429,63.0,0.013725516386330128,6.0,1.9292604501607717,3.63,251.51526896036367,34.73832031244982,15.81633441983068,2.243689969381283,0.7807017543859649,89.0,0.01650412380695343,7.0,1.928374655647383,
EN_073_3__ES_073_3,train,true,73,73,5.3,202.00240928982353,10.33423981902153,12.150042284999216,0.8790944303906488,0.6867469879518072,114.0,0.01457723043859005,12.0,2.2641509433962264,4.85,214.15911689234207,21.648135198011584,13.10740662608449,1.5815689979139542,0.8486842105263158,129.0,0.01263352483510971,12.0,2.4742268041237114,
EN_073_4__ES_073_4,train,true,73,73,3.98,209.55129957490848,18.80530035756724,12.745831758683426,1.4222232994763544,0.76,95.0,0.012798809446394444,9.0,2.2613065326633164,4.33,223.43904484814522,19.615833405614065,13.852442284999215,1.5121621077120007,0.9191176470588235,125.0,0.013135047629475594,10.0,2.3094688221709005,
EN_073_5__ES_073_5,train,true,73,73,3.67,203.0791864404728,13.102958745910826,12.2302403048012,1.076115106837738,0.8782608695652174,101.0,0.018013807013630867,10.0,2.7247956403269757,4.42,228.52867414034375,26.2553639352612,14.196965361922297,1.9551977457157808,0.935251798561151,130.0,0.020710457116365433,10.0,2.262443438914027,
EN_073_6__ES_073_6,train,true,73,73,4.5,243.82620962029839,28.355901470548293,15.312787383038433,2.0190718877658043,0.723404255319149,102.0,0.023317627608776093,6.0,1.3333333333333333,5.28,235.44481242230597,25.869068049414317,14.726512873234512,1.8168425784908557,0.8192771084337349,136.0,0.015602784231305122,7.0,1.3257575757575757,
EN_073_7__ES_073_7,dev,true,57,57,3.02,255.11762465621212,39.324327575136046,16.0331591681161,2.4262847766713556,0.8105263157894737,77.0,0.01673683524131775,7.0,2.3178807947019866,2.92,257.81946702677175,38.65703105947353,16.238931173888105,2.218329924587636,0.8804347826086957,81.0,0.018760448321700096,6.0,2.0547945205479454,
EN_073_8__ES_073_8,train,true,73,73,3.28,267.2530827324576,36.72583523543313,16.857084538520347,2.3599548780397583,0.6893203883495146,71.0,0.014691390097141266,8.0,2.4390243902439024,4.16,257.6706780058438,46.25691393120721,16.16866973597961,2.588160463861818,0.7786259541984732,102.0,0.014715341851115227,10.0,2.4038461538461537,
EN_073_9__ES_073_9,train,true,73,73,4.89,220.19398331166727,15.149446732388117,13.625552489080848,1.1651452764363759,0.6405228758169934,98.0,0.01297070737928152,14.0,2.8629856850715747,4.32,231.47891386314055,21.569606594302687,14.459364318897522,1.5506689255392831,0.8676470588235294,118.0,0.010636609978973866,11.0,2.5462962962962963,
EN_074_10__ES_074_10,train,true,74,74,2.95,131.66002735990702,25.4758901995324,4.432185142142075,3.3962745946770827,0.6021505376344086,56.0,0.013849261216819286,10.0,3.389830508474576,3.93,117.6799378813595,13.327052928191575,2.707669403643285,1.9577056261314194,0.4796747967479675,59.0,0.02524399198591709,9.0,2.2900763358778624,
EN_074_11__ES_074_11,train,true,74,74,3.89,126.9787951229529,10.069744112848111,4.078888438845372,1.4065556045315284,0.8524590163934426,104.0,0.03444083407521248,18.0,4.627249357326478,4.66,104.65186140380636,16.03484496826285,0.550842284999218,2.9798925081284384,0.8561643835616438,125.0,0.022887811064720154,11.0,2.360515021459227,
EN_074_12__ES_074_12,test,true,70,70,1.26,112.48634141487342,5.31278674138349,2.0176893438227474,0.8177158244464715,0.85,34.0,0.01571180857717991,4.0,3.1746031746031744,0.86,113.32554016401028,8.785122099331728,2.1136786486355814,1.3414867784885192,0.8148148148148148,22.0,0.021423863247036934,1.0,1.1627906976744187,
EN_074_13__ES_074_13,test,true,70,70,2.28,130.015928074639,12.614058547480866,4.456042284999218,1.7836378556198007,0.6944444444444444,50.0,0.009365629404783249,9.0,3.947368421052632,3.24,111.30423591589904,18.71896951247466,1.5787656892545374,3.203443039367724,0.9215686274509803,94.0,0.02709903009235859,11.0,3.3950617283950617,
EN_074_14__ES_074_14,test,true,70,70,3.94,112.5268321512196,8.217363739359959,1.9971851421420752,1.261939712004775,0.5645161290322581,70.0,0.011749754659831524,8.0,2.030456852791878,4.73,105.11820596490209,11.643079956400989,0.7384351421420756,2.1843087144332367,0.7567567567567568,112.0,0.03233134374022484,12.0,2.536997885835095,
EN_074_15__ES_074_15,train,true,74,74,2.13,131.03523520599975,18.612919759781477,4.506292284999217,2.445779208657233,0.47761194029850745,32.0,0.027170035988092422,6.0,2.8169014084507045,2.95,108.06719262392254,24.75086859156343,0.8259043539647356,4.377737974579849,0.6236559139784946,58.0,0.03246325999498367,5.0,1.694915254237288,
EN_074_16__ES_074_16,test,true,70,70,0.88,110.74880743141254,22.912426574131008,1.5071851421420752,2.7569948146783414,1.0,28.0,0.011459789238870144,3.0,3.409090909090909,0.46,120.46588378546035,4.049825144363893,3.213678648635582,0.5835202376684088,0.7333333333333333,11.0,0.015754643827676773,1.0,2.1739130434782608,
EN_074_17__ES_074_17,test,true,70,70,2.69,125.72390367695823,16.332504826592597,3.8246185561856585,2.1622017357031287,0.6941176470588235,59.0,0.012709531933069229,8.0,2.9739776951672865,2.25,113.00997159371627,12.010714705312092,2.0306392999245912,1.6901151427674932,0.9436619718309859,67.0,0.034608144313097,13.0,5.777777777777778,
EN_074_18__ES_074_18,train,true,74,74,2.79,128.45685938572956,7.182634451671204,4.309566094523029,0.9358112151419682,0.9545454545454546,84.0,0.03278125822544098,12.0,4.301075268817204,2.43,120.77762005042436,8.559271845942135,3.2243666093235417,1.235517268936683,0.9736842105263158,74.0,0.029316924512386322,11.0,4.526748971193415,
EN_074_19__ES_074_19,train,true,74,74,3.55,124.34073707790246,15.758425325346565,3.6435205458687823,2.0671764163911925,0.8288288288288288,92.0,0.019531114026904106,12.0,3.3802816901408455,3.24,119.43155408352239,12.401542559878484,2.9833756183325515,1.76191470688664,0.6470588235294118,66.0,0.030924485996365547,9.0,2.7777777777777777,
EN_074_1__ES_074_1,test,true,70,70,1.8,103.60591465696787,9.453834017869776,0.5479589516658844,1.468628836609925,0.8421052631578947,48.0,0.018809223547577858,9.0,5.0,1.84,109.43483398716269,9.116103726808111,1.500951375908309,1.439428261153804,0.9482758620689655,55.0,0.04388199746608734,8.0,4.3478260869565215,
EN_074_20__ES_074_20,test,true,70,70,3.16,117.04332927574315,7.474886369152281,2.689172719781826,1.1079707775281495,0.696969696969697,69.0,0.01538095436990261,9.0,2.848101265822785,3.94,112.58048849789107,6.059451636369388,2.025904353964735,0.9463742689005754,0.9354838709677419,116.0,0.03194171190261841,10.0,2.5380710659898478,
EN_074_21__ES_074_21,train,true,74,74,2.83,153.45942805086622,37.898865249156714,6.903563411759783,4.19123266636895,0.797752808988764,71.0,0.05100622773170471,9.0,3.1802120141342756,2.89,137.57419149440048,19.60647620307752,5.348347369744981,2.453326453325019,0.6483516483516484,59.0,0.04235374927520752,8.0,2.7681660899653977,
EN_074_22__ES_074_22,test,true,70,70,2.19,118.9161164586906,8.560257412471955,2.954042284999218,1.255541317520057,0.7246376811594203,50.0,0.015069597400724888,7.0,3.1963470319634704,2.45,110.53747279002616,9.811239920597375,1.6678505041773,1.5212956325370426,0.948051948051948,73.0,0.03208000957965851,14.0,5.7142857142857135,
EN_074_23__ES_074_23,train,true,74,74,2.47,139.0429404340091,10.065786985029085,5.6602117765246405,1.2699519429389117,0.7564102564102564,59.0,0.04444511607289314,11.0,4.4534412955465585,2.31,130.26990661248098,14.43158869847794,4.481189825982824,1.7936628869445197,0.8356164383561644,61.0,0.0405675433576107,12.0,5.194805194805195,
EN_074_24__ES_074_24,test,true,70,70,2.97,110.11666187781627,8.594106571585538,1.618042284999218,1.3055941176338073,0.8064516129032258,75.0,0.013150593265891075,11.0,3.7037037037037033,2.15,119.38770485963936,8.198210131115603,3.0285038234607558,1.1567184761799625,0.9558823529411765,65.0,0.02166876569390297,9.0,4.186046511627907,
EN_074_25__ES_074_25,train,true,74,74,5.25,149.3718015595639,28.88908837923575,6.595496830453763,3.564981193371279,0.7333333333333333,121.0,0.02914738468825817,20.0,3.8095238095238093,4.97,113.01492018726876,16.973142001113864,1.930194956754943,2.5292916018572646,0.8397435897435898,131.0,0.026680193841457367,19.0,3.8229376257545273,
EN_074_26__ES_074_26,train,true,74,74,2.2,128.39493555335883,12.26756881378553,4.247011981968916,1.6705079700107999,0.9565217391304348,66.0,0.028494317084550858,9.0,4.090909090909091,3.12,128.85480891447557,11.210791367939846,4.323176613357427,1.5118025308894194,0.6836734693877551,67.0,0.03135048598051071,12.0,3.846153846153846,
EN_074_27__ES_074_27,train,true,74,74,5.15,135.4658366119631,29.40580837042944,4.888210223930516,3.480511895650693,0.8136645962732919,131.0,0.027903778478503227,18.0,3.495145631067961,4.66,126.17789432955664,22.11010916646844,3.776655188225025,2.894463816605756,0.8493150684931506,124.0,0.029467765241861343,18.0,3.8626609442060085,
EN_074_28__ES_074_28,test,true,70,70,4.96,115.09800632025552,8.67105401370753,2.385911850216609,1.2912398424819669,0.5897435897435898,92.0,0.010274088941514492,15.0,3.024193548387097,3.36,113.4773834424087,8.330073056438769,2.1428133693365665,1.259066697040955,0.7830188679245284,83.0,0.012804880738258362,14.0,4.166666666666667,
EN_074_29__ES_074_29,train,true,74,74,5.26,131.15509448021945,21.537722890668118,4.465546160968211,2.819792988509439,0.7818181818181819,129.0,0.021282631903886795,14.0,2.661596958174905,3.58,117.97237058927135,23.632227958863776,2.5021256183325513,3.5897417260469067,0.8571428571428571,96.0,0.02242279052734375,12.0,3.35195530726257,
EN_074_2__ES_074_2,train,true,74,74,3.55,118.96833406100215,16.440502583878704,2.8425954764885795,2.3831071868868894,0.8468468468468469,94.0,0.02208726853132248,15.0,4.225352112676057,4.472,116.82112389159514,12.357250131674403,2.595391122208521,1.8253803029521345,0.6142857142857143,86.0,0.026476562023162842,13.0,2.9069767441860463,
EN_074_30__ES_074_30,test,true,70,70,3.97,105.30032728379553,10.082089387008534,0.806758702909665,1.7871200780340812,0.536,67.0,0.010445880703628063,8.0,2.0151133501259446,2.23,110.52483881052467,6.070161297114461,1.7059744883890482,0.960803192680289,0.8428571428571429,59.0,0.012184943072497845,10.0,4.484304932735426,
EN_074_31__ES_074_31,train,true,74,74,4.7,124.13957981087962,22.336339766268267,3.4849629199198526,2.9442523361794266,0.8571428571428571,126.0,0.02429864928126335,16.0,3.404255319148936,4.54,116.97841447794961,13.23137043953022,2.6029834614698077,1.9759828329729126,0.8380281690140845,119.0,0.026959128677845,16.0,3.5242290748898677,
EN_074_32__ES_074_32,train,true,74,74,1.97,141.42520566098028,29.02577689392774,5.605924637940395,3.7656490087032015,0.5483870967741935,34.0,0.02943648025393486,6.0,3.0456852791878175,2.89,119.98430001466221,17.877597392071856,2.9138104009412458,3.0591260954672848,0.7582417582417582,69.0,0.033755749464035034,10.0,3.460207612456747,
EN_074_33__ES_074_33,train,true,74,74,2.01,138.03894865310266,14.936023915483942,5.4815237664807,1.8475032274891947,0.8571428571428571,54.0,0.04439554736018181,10.0,4.975124378109453,2.33,119.2100994089969,7.311768233430281,3.010359745316678,1.0412964572672665,0.863013698630137,63.0,0.0415923148393631,9.0,3.8626609442060085,
EN_074_3__ES_074_3,test,true,70,70,0.33,114.49692115800349,5.713110158153242,2.3227695577264895,0.8454056681863762,1.0,11.0,0.015823710709810257,2.0,6.0606060606060606,0.473,116.26132264608646,10.862992894872278,2.533375618332551,1.6108141488769652,0.8,12.0,0.017827702686190605,1.0,2.1141649048625792,
EN_074_4__ES_074_4,test,true,70,70,3.01,111.06047393977207,9.666790459469409,1.7557241031810358,1.4177733786842615,0.9263157894736842,88.0,0.008578439243137836,9.0,2.990033222591362,2.56,108.11341470706644,8.265168321024174,1.3044726647460534,1.2354261775151638,0.9753086419753086,79.0,0.019052082672715187,8.0,3.125,
EN_074_5__ES_074_5,train,true,74,74,2.95,131.980548154895,11.502792866674968,4.74147085642779,1.4525586152070582,0.3763440860215054,35.0,0.026425007730722427,7.0,2.3728813559322033,3.33,114.4234892236167,17.268292492822745,2.144327999284932,2.5263121464348957,0.6666666666666666,70.0,0.022457489743828773,13.0,3.903903903903904,
EN_074_6__ES_074_6,test,true,70,70,4.035,107.81106267140744,5.663307260056902,1.279400083164356,0.875906110369318,0.8582677165354331,109.0,0.01293820422142744,22.0,5.452292441140025,4.98,110.61837208875714,6.2916693174681875,1.7197392546961878,0.9680454686556599,0.8461538461538461,132.0,0.022457243874669075,15.0,3.012048192771084,
EN_074_7__ES_074_7,train,true,74,74,1.71,149.47473282469088,33.613973739489374,6.550042284999218,3.6960282737013794,0.5925925925925926,32.0,0.031040214002132416,5.0,2.9239766081871346,1.76,111.28304000046018,8.580559906731411,1.7974107060518503,1.3731900704305597,0.3392857142857143,19.0,0.025956634432077408,4.0,2.272727272727273,
EN_074_8__ES_074_8,test,true,70,70,2.905,111.13156326155449,10.014976009789532,1.7620904777703021,1.4741464829178756,0.9120879120879121,83.0,0.014251778833568096,12.0,4.130808950086059,3.62,114.48953598273135,10.089473448204828,2.2792089516658844,1.4610153908231842,0.8421052631578947,96.0,0.03518097847700119,15.0,4.143646408839779,
EN_074_9__ES_074_9,test,true,70,70,2.46,70.67992600753007,6.858874720800939,-6.085957715000782,1.6316568266642344,0.3246753246753247,25.0,0.003223083447664976,1.0,0.4065040650406504,3.77,77.28216935581551,6.264995780497322,-4.520545950294899,1.443347704177933,0.1440677966101695,17.0,0.002658843295648694,13.0,3.4482758620689653,
EN_075_10__ES_075_10,test,true,75,75,1.365,291.30990650571175,36.36257207350678,18.378613713570648,2.1271807537639273,0.9767441860465116,42.0,0.03598139062523842,2.0,1.465201465201465,1.28,316.6425675414625,64.4128536024878,19.640667284999218,3.192311013885552,0.7804878048780488,32.0,0.034571386873722076,3.0,2.34375,
EN_075_11__ES_075_11,train,true,72,72,3.72,137.90676971260132,29.068785282152565,5.255144325815544,3.100473053076414,0.8376068376068376,98.0,0.019552838057279587,14.0,3.7634408602150535,7.3,115.81049752456336,4.800604270878595,2.52646504922686,0.7126135682774868,0.537117903930131,123.0,0.009164636954665184,16.0,2.191780821917808,
EN_075_12__ES_075_12,test,true,75,75,2.39,382.5225398435088,190.19637801584972,21.486249181550942,7.418190556301962,0.7733333333333333,58.0,0.02650032937526703,2.0,0.8368200836820083,1.15,446.83097888227974,201.79517414661242,23.923119208076134,8.514266655818957,0.7222222222222222,26.0,0.06789621710777283,1.0,0.8695652173913044,
EN_075_13__ES_075_13,test,true,75,75,3.755,309.0835052087741,45.236063600370436,19.3488227728041,2.553357135054058,0.6949152542372882,82.0,0.032347455620765686,12.0,3.1957390146471374,4.91,306.65472928937936,47.460080630452396,19.201827999284934,2.587814237056092,0.7272727272727273,112.0,0.03634047880768776,15.0,3.054989816700611,
EN_075_14__ES_075_14,test,true,75,75,3.36,270.02122471347695,51.72689992999576,16.9068604668174,3.100578958200074,0.8301886792452831,88.0,0.029818054288625717,15.0,4.464285714285714,3.51,238.44922496681545,28.855800662063448,14.923812776802496,2.016400106613005,0.5545454545454546,61.0,0.023374561220407486,17.0,4.843304843304844,
EN_075_15__ES_075_15,train,true,72,72,1.45,127.21884267743117,13.168878179096215,4.069397123708895,1.8736576880940674,0.6739130434782609,31.0,0.016292694956064224,6.0,4.137931034482759,1.885,155.81058126970535,18.123761123658575,7.5518279992849315,2.1246420766994225,0.9491525423728814,56.0,0.011395176872611046,9.0,4.774535809018568,
EN_075_16__ES_075_16,test,true,75,75,2.47,331.44061936911265,61.81136416755492,20.437542284999218,3.2807916346516124,0.717948717948718,56.0,0.021903160959482193,8.0,3.2388663967611335,2.455,349.2194035166834,136.5428672719975,20.669273054229983,5.494474093316864,0.6753246753246753,52.0,0.02970411255955696,8.0,3.2586558044806515,
EN_075_17__ES_075_17,test,true,75,75,4.2,257.4832889056609,73.35432395525676,15.80525061833255,4.210450040070604,0.7272727272727273,96.0,0.019041335210204124,15.0,3.571428571428571,4.4,242.57078828403462,56.78682280654112,14.969833951665883,3.3763460214553285,0.6956521739130435,96.0,0.023264916613698006,16.0,3.6363636363636362,
EN_075_18__ES_075_18,test,true,75,75,1.88,276.89324932350763,61.05206517848425,17.236405921362856,3.640216708652166,0.3728813559322034,22.0,0.044280607253313065,5.0,2.6595744680851063,2.54,245.8871165690995,39.7797734490218,15.367115455730927,2.6363224976696644,0.5125,41.0,0.03326018899679184,5.0,1.968503937007874,
EN_075_19__ES_075_19,train,true,72,72,2.817,118.91158253063706,8.40973937331984,2.9572886618108125,1.1842344607969508,0.7752808988764045,69.0,0.018548633903265,9.0,3.1948881789137378,3.772,112.99408227503521,12.016201372499483,2.024618556185659,1.7336737929766064,0.5,59.0,0.007652632892131805,8.0,2.1208907741251326,
EN_075_1__ES_075_1,test,true,75,75,3.13,312.20900861724164,110.83714976358094,18.599338059647103,6.262427042434357,0.7244897959183674,71.0,0.02362832799553871,13.0,4.15335463258786,4.21,261.40645574040815,85.71009060253034,15.895611905252384,4.798095546991995,0.5984848484848485,79.0,0.0315030962228775,17.0,4.038004750593824,
EN_075_20__ES_075_20,test,true,75,75,0.43,230.15894386443475,19.192204500828954,14.37147085642779,1.4418136254773861,1.0,14.0,0.019357195124030113,1.0,2.3255813953488373,0.85,1878.5627239339226,125.00721450963087,50.741708951665885,1.1213521104254212,0.4444444444444444,12.0,0.03168052062392235,1.0,1.1764705882352942,
EN_075_21__ES_075_21,test,true,75,75,0.692,880.021181087612,306.2793155993947,36.26822410318104,7.413417587764669,1.0,22.0,0.015404500998556614,1.0,1.4450867052023122,0.823,501.32938029836896,47.583452061229416,27.829208951665887,1.673563853643542,0.9230769230769231,24.0,0.04033723101019859,1.0,1.2150668286755772,
EN_075_22__ES_075_22,test,true,75,75,1.3,228.06470413132428,40.30710904594399,14.025799860756793,2.8643080821928586,0.8048780487804879,33.0,0.012129466980695724,4.0,3.0769230769230766,1.185,235.19039508788086,20.755332875199464,14.737542284999217,1.5451031518963387,0.42105263157894735,16.0,0.022301048040390015,3.0,2.531645569620253,
EN_075_23__ES_075_23,train,true,72,72,1.28,347.6992893825468,22.425254546788725,21.537139059192768,1.1384035044841756,0.7560975609756098,31.0,0.018544021993875504,1.0,0.78125,0.995,360.1799762074094,26.858164675954033,22.133913252741156,1.342625442975393,0.96875,31.0,0.02186857908964157,1.0,1.0050251256281406,
EN_075_24__ES_075_24,test,true,75,75,0.61,nan,nan,nan,nan,0.0,0.0,0.04855958744883537,1.0,1.639344262295082,0.995,1865.767021482774,22.215330817711788,50.659133194090124,0.20650575802909976,0.34375,11.0,0.03142336755990982,1.0,1.0050251256281406,
EN_075_25__ES_075_25,test,true,75,75,1.755,327.3433803235753,48.655269192538576,20.34121875558745,2.5471284462702903,0.6181818181818182,34.0,0.05088391155004501,5.0,2.8490028490028494,1.98,345.6758478852434,97.29473364410066,20.830434441861964,4.660262536063448,0.8225806451612904,51.0,0.03838924318552017,7.0,3.5353535353535355,
EN_075_26__ES_075_26,train,true,72,72,1.08,1648.3946798377015,32.53832440705276,48.51254228499922,0.33888604279314505,0.23529411764705882,8.0,0.007494043093174696,1.0,0.9259259259259258,1.43,nan,nan,nan,nan,0.0,0.0,0.009369432926177979,2.0,1.3986013986013988,
EN_075_27__ES_075_27,test,true,75,75,2.85,238.64649835282748,32.080129870032124,14.921094916578165,2.115345921037732,0.8444444444444444,76.0,0.020492596551775932,9.0,3.1578947368421053,3.99,237.33529529594549,44.26298655147285,14.707345655785735,2.864226767450842,0.712,89.0,0.02351723238825798,12.0,3.007518796992481,
EN_075_28__ES_075_28,train,true,72,72,3.46,110.20671558607577,8.415541490808621,1.634100256013711,1.2820526101490868,0.6330275229357798,69.0,0.017231689766049385,16.0,4.624277456647399,3.64,126.36141327143092,13.22188687235362,3.959344610580614,1.7627692211982529,0.7543859649122807,86.0,0.00835151132196188,13.0,3.571428571428571,
EN_075_29__ES_075_29,test,true,75,75,1.54,278.6448826923761,43.24570956834113,17.547185142142077,2.547658388659304,0.7142857142857143,35.0,0.053991205990314484,5.0,3.2467532467532467,1.375,327.05824710554504,101.92753937863684,19.80857887036507,4.727964322930685,0.9534883720930233,41.0,0.06315451115369797,6.0,4.363636363636363,
EN_075_2__ES_075_2,train,true,72,72,6.16,106.5195690174347,5.6553835807800095,1.0704802412035972,0.8792115484230714,0.7098445595854922,137.0,0.010258736088871956,18.0,2.922077922077922,5.42,106.93135313200676,4.31093096407832,1.1462687000935576,0.6936265821958226,0.6235294117647059,106.0,0.007448248099535704,17.0,3.1365313653136533,
EN_075_30__ES_075_30,train,true,72,72,1.73,203.74471709949879,75.93175369629208,11.008737937173132,6.867617018738599,0.8363636363636363,46.0,0.021349776536226273,10.0,5.780346820809249,1.692,189.00290670478387,82.10120029497179,9.533021008403473,6.969792547019134,0.8867924528301887,47.0,0.014037499204277992,8.0,4.7281323877068555,
EN_075_31__ES_075_31,test,true,75,75,0.85,222.38419246655872,8.070190225732636,13.825042284999217,0.6368869601428498,0.5925925925925926,16.0,0.03602373227477074,1.0,1.1764705882352942,0.67,433.5902881512303,103.68912918076224,24.82504228499922,4.59759447972524,0.9523809523809523,20.0,0.11102301627397537,1.0,1.4925373134328357,
EN_075_32__ES_075_32,test,true,75,75,1.755,308.76681866988184,64.72323886698348,19.152216198042694,3.5282394384411675,0.8363636363636363,46.0,0.05912149325013161,7.0,3.988603988603989,1.23,322.2447819418321,62.715558010010874,19.94095137590831,3.2859078019087247,0.8461538461538461,33.0,0.04669869691133499,5.0,4.065040650406504,
EN_075_33__ES_075_33,train,true,72,72,0.843,142.56741115792036,21.888618713105714,5.938042284999218,2.63306969144381,0.9259259259259259,25.0,0.010613853111863136,5.0,5.931198102016608,0.81,151.24245419383837,10.034454372145644,7.125042284999218,1.130873556150289,0.7692307692307693,20.0,0.017058901488780975,6.0,7.4074074074074066,
EN_075_34__ES_075_34,train,true,72,72,2.25,117.17760844012516,11.221983089551966,2.675042284999217,1.5030663103580406,0.8450704225352113,60.0,0.01361842267215252,11.0,4.888888888888889,3.8,112.71161479514917,6.185445934585845,2.0459185736590118,0.9404887439406224,0.8151260504201681,97.0,0.009590953588485718,12.0,3.1578947368421053,
EN_075_35__ES_075_35,train,true,72,72,5.35,107.50778221499564,5.1015129629507285,1.2345250436199071,0.798770979248083,0.6904761904761905,116.0,0.011792732402682304,18.0,3.3644859813084116,5.46,110.54749749958033,8.031236329279306,1.6928994278563612,1.2042865615994305,0.6549707602339181,112.0,0.00803991686552763,14.0,2.5641025641025643,
EN_075_3__ES_075_3,train,true,72,72,6.17,110.7876147626104,9.714545539195155,1.6950804529381491,1.727868286455047,0.6787564766839378,131.0,0.010028386488556862,18.0,2.9173419773095626,3.84,115.09889978124043,12.577603145975969,2.337139059192766,1.8112091729157374,0.512396694214876,62.0,0.008325458504259586,14.0,3.6458333333333335,
EN_075_4__ES_075_4,test,true,75,75,4.88,290.53631082001345,89.53037125020808,17.826809961766894,4.420243338126096,0.6470588235294118,99.0,0.02697489969432354,12.0,2.459016393442623,5.46,233.23572684404837,46.47893668156387,14.25234997730691,3.980055380067263,0.7602339181286549,130.0,0.03509743511676788,14.0,2.5641025641025643,
EN_075_5__ES_075_5,test,true,75,75,2.23,243.50787974272802,36.20757365905299,15.23658074653768,2.3670030423231108,0.7428571428571429,52.0,0.02425600215792656,7.0,3.1390134529147984,2.91,226.93055972179533,16.664292925841394,14.140667284999218,1.2649998456027578,0.7032967032967034,64.0,0.04143773019313812,8.0,2.7491408934707904,
EN_075_6__ES_075_6,test,true,75,75,2.38,210.53972961108082,14.465643196736393,12.850042284999219,1.150919364949337,0.8666666666666667,65.0,0.028461335226893425,9.0,3.781512605042017,3.18,208.9549791591235,7.49997651888771,12.747339582296515,0.613799195303201,0.74,74.0,0.024986248463392258,10.0,3.144654088050314,
EN_075_7__ES_075_7,test,true,75,75,5.79,262.5169363089359,64.32625295473493,16.26176642293025,3.8003902421811406,0.8011049723756906,145.0,0.029711594805121422,22.0,3.7996545768566494,4.47,277.48522969143744,82.02013610947803,16.76050740127829,5.956529133526551,0.6142857142857143,86.0,0.02749183401465416,22.0,4.921700223713647,
EN_075_8__ES_075_8,test,true,75,75,2.78,369.16176116019653,55.652574528633295,22.420172155129087,2.556939370453024,0.8850574712643678,77.0,0.038719769567251205,11.0,3.956834532374101,3.12,358.9333754126829,92.73250010914798,21.51519380015073,4.659187483601211,0.673469387755102,66.0,0.06469860672950745,9.0,2.8846153846153846,
EN_075_9__ES_075_9,train,true,72,72,3.38,191.60348907850235,80.38458512218912,9.84085861152983,6.871028897415671,0.9245283018867925,98.0,0.015794329345226288,11.0,3.2544378698224854,4.675,129.6989751514462,22.83357559222505,4.260826598724709,2.814733883661539,0.6938775510204082,102.0,0.009604907594621181,16.0,3.4224598930481283,
EN_076_10__ES_076_10,dev,true,76,76,0.54,140.76706839764555,12.225433581728812,5.857185142142074,1.4557591469324698,0.8235294117647058,14.0,0.0016288707265630364,1.0,1.8518518518518516,0.315,158.84948526817772,11.146779354867563,7.970042284999219,1.1989995829857492,1.0,10.0,0.003511200426146388,1.0,3.1746031746031744,
EN_076_11__ES_076_11,test,true,70,70,7.05,121.02282694379736,9.027244185021154,3.2553756183325504,1.2883988340399706,0.3393665158371041,75.0,0.006252973340451717,16.0,2.269503546099291,4.81,120.31624632844607,8.447223710431706,3.161017894755315,1.1797070841031536,0.543046357615894,82.0,0.012586782686412334,17.0,3.5343035343035347,
EN_076_12__ES_076_12,dev,true,76,76,2.405,123.47754057684247,8.306144918439042,3.6123611255789276,1.1528290909035208,0.9078947368421053,69.0,0.007415385451167822,7.0,2.9106029106029108,2.475,128.12794063365442,8.453396259287857,4.2542676371118935,1.1212966110987297,0.9102564102564102,71.0,0.006928110029548407,11.0,4.444444444444445,
EN_076_13__ES_076_13,test,true,70,70,0.355,119.51785221967762,4.468815256014692,3.075042284999218,0.6299801584177083,0.6666666666666666,8.0,0.010012920014560223,1.0,2.8169014084507045,0.41,128.8274842362181,1.9294755078563068,4.3833756183325505,0.25603819159562,0.46153846153846156,6.0,0.02244959957897663,1.0,2.4390243902439024,
EN_076_14__ES_076_14,test,true,70,70,5.36,118.87383381759581,10.83697298078668,2.925945899457049,1.5012115879094732,0.49404761904761907,83.0,0.004842878319323063,14.0,2.6119402985074625,3.65,136.95763493428038,18.590734562016657,5.3068604668174,2.1112682236979494,0.7652173913043478,88.0,0.019550206139683723,13.0,3.5616438356164384,
EN_076_1__ES_076_1,dev,true,76,76,1.905,126.24177956798997,5.9994433549804445,4.014625618332552,0.8260068561391538,0.8,48.0,0.006381207145750523,8.0,4.199475065616798,1.145,127.11032628539219,4.989575042029975,4.140042284999218,0.6645048281740829,0.8333333333333334,30.0,0.007289387285709381,5.0,4.366812227074235,
EN_076_2__ES_076_2,test,true,70,70,0.635,142.97210175068162,16.701434467813364,6.056292284999218,2.206657186220823,0.8,16.0,0.0070092948153615,4.0,6.299212598425196,1.093,118.02046223721244,27.708400387801724,2.3274616398379258,4.469734038231873,0.8857142857142857,31.0,0.016897648572921753,4.0,3.6596523330283626,
EN_076_3__ES_076_3,dev,true,76,76,0.87,155.86288576794576,44.528644539092895,7.095875618332552,4.316535953619394,0.8571428571428571,24.0,0.006357267498970032,3.0,3.4482758620689657,1.0,153.79159885985453,39.77370925929738,7.0067089516658845,3.6898675074075795,0.9375,30.0,0.008617375046014786,4.0,4.0,
EN_076_4__ES_076_4,test,true,70,70,1.37,106.28468776637227,16.759408119771802,0.780042284999218,3.281173570538443,0.6976744186046512,30.0,0.006502015050500631,7.0,5.10948905109489,1.1,114.71068815898671,5.500593181232431,2.355597840554773,0.8455584756848384,0.5142857142857142,18.0,0.017513424158096313,4.0,3.6363636363636362,
EN_076_5__ES_076_5,test,true,70,70,1.19,111.19279973588911,4.95905435544755,1.820042284999218,0.7554910103149247,0.7894736842105263,30.0,0.007815593853592873,4.0,3.361344537815126,1.6,108.28659481239939,3.7008027758133295,1.3682241031810372,0.5882457461395189,0.43137254901960786,22.0,0.011424110271036625,5.0,3.125,
EN_076_6__ES_076_6,dev,true,76,76,7.27,122.66747119165045,10.313276358303579,3.4777596763035663,1.4223920477574492,0.8070175438596491,184.0,0.006094112526625395,25.0,3.43878954607978,8.45,124.26213888751928,9.590693822315243,3.7097907126721736,1.3230477249983519,0.6,159.0,0.003932235762476921,19.0,2.248520710059172,
EN_076_7__ES_076_7,dev,true,76,76,4.6,131.3250569632123,14.846541437047527,4.6140773727185165,1.8648233627363877,0.7916666666666666,114.0,0.007620311342179775,18.0,3.91304347826087,6.41,128.7377457203803,15.008611196464445,4.260811515768448,1.9531925012004225,0.6467661691542289,130.0,0.007674451917409897,19.0,2.9641185647425896,
EN_076_8__ES_076_8,dev,true,76,76,1.65,157.0061190799752,13.075432976969212,7.750042284999218,1.4389005464620188,0.8846153846153846,46.0,0.010990247130393982,6.0,3.6363636363636367,2.24,165.2079683732159,9.260766686900793,8.664558414031477,0.9614919143460117,0.8732394366197183,62.0,0.01149518322199583,11.0,4.910714285714286,
EN_076_9__ES_076_9,test,true,70,70,0.52,306.6410261789646,41.93101190605002,19.230042284999218,2.439180190145861,0.29411764705882354,5.0,0.008699883706867695,1.0,1.923076923076923,0.56,228.64875612442668,93.17340707844394,12.828613713570647,7.226556043157623,0.7777777777777778,14.0,0.013982055708765984,1.0,1.7857142857142856,
EN_077_10__ES_077_10,train,true,77,77,3.17,246.18307590976292,23.540540655103225,15.522382710531135,1.5819059508396662,0.94,94.0,0.04040169715881348,13.0,4.100946372239748,2.99,253.18014574135054,24.683085645366155,15.996470856427788,1.7370916052119874,0.8936170212765957,84.0,0.039050567895174026,12.0,4.013377926421405,
EN_077_11__ES_077_11,dev,true,57,57,0.42,232.98518729680083,9.454474423598382,14.628613713570646,0.7022195133275353,1.0,14.0,0.01004913542419672,1.0,2.380952380952381,0.55,254.18714327623223,2.2055384554993718,16.15004228499922,0.15000000000000124,0.8888888888888888,16.0,0.02229098230600357,1.0,1.8181818181818181,
EN_077_12__ES_077_12,train,true,77,77,3.31,252.8841475083606,41.36912829373457,15.848822772804096,2.6642389615981004,0.7884615384615384,82.0,0.032223351299762726,6.0,1.8126888217522659,2.31,276.0704143721712,97.663254591974,16.638931173888107,5.515401555733513,0.6164383561643836,45.0,0.029695386067032814,9.0,3.896103896103896,
EN_077_13__ES_077_13,dev,true,57,57,0.4,224.5657133995569,20.31438912002085,13.938931173888106,1.4977349153115214,0.6923076923076923,9.0,0.005422087386250496,1.0,2.5,0.41,nan,nan,nan,nan,0.0,0.0,0.017140181735157967,1.0,2.4390243902439024,
EN_077_14__ES_077_14,dev,true,57,57,1.14,290.1500568592302,68.37214904144906,18.063835388447497,3.409492240276281,0.8055555555555556,29.0,0.00908731110394001,1.0,0.8771929824561404,0.64,273.5116296614901,21.4150677635187,17.36504228499922,1.377053012777649,0.9523809523809523,20.0,0.03167039901018143,4.0,6.25,
EN_077_15__ES_077_15,train,true,77,77,1.92,270.37430336346273,17.73590602472019,17.182185142142078,1.1375266312199874,0.9180327868852459,56.0,0.041419800370931625,4.0,2.0833333333333335,3.057,570.0571334445835,625.1837121823064,23.6457565707135,12.92647820465846,0.7291666666666666,70.0,0.03651012107729912,6.0,1.9627085377821394,
EN_077_16__ES_077_16,dev,true,57,57,2.93,269.0207550809838,27.20449303028234,17.05123276118969,1.6462434906129435,0.9130434782608695,84.0,0.014838064089417458,8.0,2.73037542662116,3.205,431.8001538885341,442.65273038022286,21.736947046903982,8.69868325779834,0.8316831683168316,84.0,0.03794796019792557,8.0,2.49609984399376,
EN_077_17__ES_077_17,dev,true,57,57,3.88,268.8731184040463,27.32453143147888,17.035387112585425,1.7361895609174598,0.9508196721311475,116.0,0.017634253948926926,10.0,2.577319587628866,4.01,265.4523525454507,37.85267793726844,16.726042284999213,2.46389610170559,0.9920634920634921,125.0,0.02466704696416855,11.0,2.743142144638404,
EN_077_18__ES_077_18,train,true,77,77,7.15,243.3886349756812,27.070408896813504,15.296708951665885,1.863054947491817,0.7366071428571429,165.0,0.03932156786322594,19.0,2.657342657342657,4.035,265.67331044997644,41.62753304862072,16.704497730543764,2.7020536653425555,0.7952755905511811,101.0,0.030105451121926308,18.0,4.4609665427509295,
EN_077_19__ES_077_19,dev,true,57,57,3.69,271.4227600684243,28.185680172684275,17.18766604737546,1.8820597251257198,0.8706896551724138,101.0,0.02663133665919304,8.0,2.1680216802168024,2.695,290.06914232085376,14.317482713631419,18.415042284999217,0.873942217769573,0.9411764705882353,80.0,0.027133485302329063,9.0,3.339517625231911,
EN_077_1__ES_077_1,dev,true,57,57,6.93,231.3093213970279,19.256109957198387,14.459084838190707,1.4200963176421224,0.8663594470046083,188.0,0.015519174747169018,15.0,2.1645021645021645,4.985,226.360374094855,12.627092598600282,14.116454498739676,0.9679292989623554,0.8397435897435898,131.0,0.015347976237535477,12.0,2.4072216649949847,
EN_077_20__ES_077_20,train,true,77,77,1.09,253.20090852249635,5.249276401087148,16.07967191462885,0.35881989169727,0.7714285714285715,27.0,0.03690227121114731,1.0,0.9174311926605504,0.75,221.45704967728298,16.522916879209532,13.718224103181036,1.2495040338384318,0.9166666666666666,22.0,0.01663028448820114,1.0,1.3333333333333333,
EN_077_21__ES_077_21,train,true,77,77,0.21,nan,nan,nan,nan,0.0,0.0,0.009377174079418182,0.0,nan,0.423,242.044040207728,9.75606508456852,15.29004228499922,0.6651315659326354,0.7142857142857143,10.0,0.03063547983765602,1.0,2.3640661938534278,
EN_077_22__ES_077_22,train,true,77,77,3.86,251.25950146308267,18.60954754251498,15.902820062776998,1.2800794487303233,0.8925619834710744,108.0,0.02789703942835331,14.0,3.626943005181347,3.11,251.74499897473834,52.4262257101888,15.554729784999218,4.0106666250567065,0.6530612244897959,64.0,0.01545021217316389,17.0,5.466237942122187,
EN_077_23__ES_077_23,dev,true,57,57,0.95,259.2151578594383,36.75588257998936,16.32395532847748,2.3690426228669477,0.7666666666666667,23.0,0.01396105345338583,3.0,3.1578947368421053,1.35,267.3498536228525,6.731340626797916,17.01927305422999,0.43509730485752274,0.9069767441860465,39.0,0.019721390679478645,5.0,3.7037037037037033,
EN_077_24__ES_077_24,train,true,77,77,3.98,326.47104559433774,104.05893654369082,19.76126677479514,4.772153124052103,0.784,98.0,0.05643008276820183,13.0,3.2663316582914574,3.93,256.6621907084728,42.96131388166133,16.089089904046837,2.7824790330137255,0.8536585365853658,105.0,0.03237904980778694,18.0,4.580152671755725,
EN_077_25__ES_077_25,dev,true,57,57,1.105,295.69320780253577,43.47643609689541,18.594042284999215,2.422904042672758,0.7142857142857143,25.0,0.028977936133742332,3.0,2.7149321266968327,0.44,314.40523025102124,14.106556729691857,19.813678648635584,0.790020399360016,0.7857142857142857,11.0,0.032443929463624954,2.0,4.545454545454546,
EN_077_26__ES_077_26,train,true,77,77,5.16,251.13071937802786,32.864626238149086,15.806139845974824,2.117182755396932,0.7592592592592593,123.0,0.032466474920511246,14.0,2.7131782945736433,4.41,254.56581042758486,38.94372469126758,15.984208951665885,2.5469751940073717,0.8695652173913043,120.0,0.02338585816323757,12.0,2.7210884353741496,
EN_077_27__ES_077_27,dev,true,57,57,1.99,244.0574209793216,15.783160264131075,15.41115339611033,1.1034317959869844,0.8571428571428571,54.0,0.02084912545979023,4.0,2.0100502512562812,1.53,269.0526569190585,21.556035699808923,17.080042284999216,1.369890506573426,0.8333333333333334,40.0,0.02289588190615177,4.0,2.6143790849673203,
EN_077_28__ES_077_28,dev,true,57,57,0.405,292.95845527938684,14.46498597425376,18.586405921362854,0.8803643122673989,0.8461538461538461,11.0,0.010493148118257523,1.0,2.4691358024691357,0.22,nan,nan,nan,nan,0.0,0.0,0.005374519620090723,0.0,nan,
EN_077_29__ES_077_29,train,true,77,77,1.6,276.56601500254004,48.30923996817945,17.379829519041774,2.740935924454399,0.9215686274509803,47.0,0.028426969423890114,7.0,4.375,1.7,240.50120920392823,36.79721629320689,15.021153396110329,2.3371989143913487,0.8333333333333334,45.0,0.040298257023096085,7.0,4.11764705882353,
EN_077_2__ES_077_2,train,true,77,77,0.9,258.8380677082912,7.3122070227135625,16.45773459269153,0.48668666031178925,0.896551724137931,26.0,0.04725150763988495,1.0,1.1111111111111112,1.215,216.79217987982642,70.2545535719891,12.273375618332553,6.5621481916281725,0.7894736842105263,30.0,0.011718394234776497,1.0,0.8230452674897119,
EN_077_30__ES_077_30,dev,true,57,57,0.54,1654.256202108725,26.8273003219244,48.57504228499921,0.2817356917396153,0.47058823529411764,8.0,0.009031143970787525,1.0,1.8518518518518516,0.465,nan,nan,nan,nan,0.0,0.0,0.02148623578250408,1.0,2.150537634408602,
EN_077_31__ES_077_31,train,true,77,77,8.72,244.63940095821198,49.65318894409878,15.146177550699699,3.4526590664365027,0.7582417582417582,207.0,0.036558255553245544,27.0,3.0963302752293576,6.12,264.4261692900364,60.857768262356196,16.423309611731888,3.673611843682097,0.5260416666666666,101.0,0.03316444531083107,23.0,3.758169934640523,
EN_077_32__ES_077_32,dev,true,57,57,0.82,236.60650583343684,19.78152290899044,14.850042284999219,1.435270009440733,0.46153846153846156,12.0,0.005704000126570463,1.0,1.2195121951219512,0.965,1959.760281768548,23.213262498577738,51.510042284999216,0.2059126028197384,0.16129032258064516,5.0,0.010054577142000198,2.0,2.072538860103627,
EN_077_33__ES_077_33,train,true,77,77,5.17,210.68201818160455,10.943691143528937,12.878318147068184,0.8743630941730346,0.8950617283950617,145.0,0.02582457661628723,17.0,3.288201160541586,4.745,199.7852603297378,45.03375601370558,11.380672915629848,4.929736809172515,0.7449664429530202,111.0,0.0200426634401083,21.0,4.425711275026344,
EN_077_34__ES_077_34,dev,true,57,57,0.72,232.15366038820002,15.045292058532578,14.544486729443665,1.1247084670271095,0.782608695652174,18.0,0.008910941891372204,1.0,1.3888888888888888,0.63,241.13856590370838,45.91106124411278,14.955042284999218,3.0521263080023413,1.0,20.0,0.007423946168273687,1.0,1.5873015873015872,
EN_077_35__ES_077_35,train,true,77,77,9.39,215.6750178179511,17.100803059506283,13.253851808808742,1.3370489045815155,0.7142857142857143,210.0,0.030358223244547844,21.0,2.2364217252396164,7.46,197.69175726900505,49.59982240647312,11.128700821584582,5.084622503721781,0.7008547008547008,164.0,0.03389664739370346,24.0,3.2171581769436997,
EN_077_36__ES_077_36,dev,true,57,57,0.75,216.7227080477322,13.107397497520482,13.359566094523029,1.0216255776269882,0.875,21.0,0.012125633656978607,1.0,1.3333333333333333,0.91,265.59966069880477,46.80013016830612,16.655597840554773,2.9338015198756535,0.6206896551724138,18.0,0.014533888548612595,2.0,2.1978021978021975,
EN_077_37__ES_077_37,train,true,77,77,5.49,228.54301460733998,19.756585504620922,14.244397123708897,1.5057578961544336,0.7209302325581395,124.0,0.039587512612342834,18.0,3.278688524590164,4.7,213.8464689668242,28.886620033465768,13.02113603499922,2.114908107628068,0.8707482993197279,128.0,0.03451798856258392,22.0,4.680851063829787,
EN_077_38__ES_077_38,dev,true,57,57,0.41,nan,nan,nan,nan,0.0,0.0,0.009033754467964172,1.0,2.4390243902439024,0.37,230.8606084699781,14.674636424557441,14.450042284999219,1.0832051206181277,0.75,9.0,0.00827872846275568,1.0,2.7027027027027026,
EN_077_39__ES_077_39,dev,true,57,57,0.49,243.47433615046552,14.361350218775923,15.375042284999218,1.0231690964840576,0.5,8.0,0.024204794317483902,1.0,2.0408163265306123,0.51,229.34217876605186,17.37110312816375,14.320042284999221,1.3176114753598647,0.625,10.0,0.009871792048215866,1.0,1.9607843137254901,
EN_077_3__ES_077_3,train,true,77,77,1.75,241.33940676303624,12.740680177536644,15.22847365754824,0.9187189985144807,0.9272727272727272,51.0,0.03903569281101227,3.0,1.7142857142857142,1.603,255.96853878859253,13.500203948820069,16.248001468672687,0.8995440559183908,0.9607843137254902,49.0,0.02451840601861477,3.0,1.8714909544603868,
EN_077_40__ES_077_40,train,true,77,77,4.56,221.54198621552695,19.369756479616637,13.712448300036815,1.3851305686810347,0.9300699300699301,133.0,0.02666606567800045,19.0,4.166666666666667,2.92,219.52875354744688,12.602720772491805,13.5857565707135,0.9589978471030576,0.9130434782608695,84.0,0.020615331828594208,20.0,6.8493150684931505,
EN_077_41__ES_077_41,train,true,77,77,3.32,441.4895308225464,66.0870167116779,25.508628143585074,2.654822564445486,0.9519230769230769,99.0,0.0975983515381813,16.0,4.819277108433735,3.05,376.90031056637963,89.32342639312712,22.50004228499922,4.022747817102135,1.0,96.0,0.060547035187482834,14.0,4.59016393442623,
EN_077_42__ES_077_42,dev,true,57,57,2.135,428.6967552174733,57.917187145883666,25.04134663282529,2.343337093433072,0.6865671641791045,46.0,0.019256306812167168,1.0,0.468384074941452,1.38,1135.628206651207,657.6703357909115,38.06617131725728,12.599003974308484,0.7045454545454546,31.0,0.01959684118628502,1.0,0.7246376811594204,
EN_077_4__ES_077_4,train,true,77,77,4.92,248.50196662463682,32.422432855568495,15.61989522617569,2.166636043058359,0.8831168831168831,136.0,0.03748388588428497,12.0,2.4390243902439024,4.08,255.59565408266053,26.450340666439725,16.157963077078424,1.73186119583727,0.7890625,101.0,0.032894376665353775,14.0,3.4313725490196076,
EN_077_5__ES_077_5,train,true,77,77,6.31,293.58863596382366,57.016109317449974,18.34023836343059,3.201424615604182,0.7727272727272727,153.0,0.031553346663713455,18.0,2.8526148969889067,3.69,305.0048372142438,54.909240652192246,19.045597840554773,2.9493091888369425,0.7758620689655172,90.0,0.03411088138818741,19.0,5.149051490514905,
EN_077_6__ES_077_6,dev,true,57,57,0.41,272.85971737578825,22.138272146781738,17.32696536192229,1.2920787342965219,1.0,13.0,0.006244205869734287,1.0,2.4390243902439024,0.69,261.9690206443698,8.469276747321931,16.66367864863558,0.5610829257665714,1.0,22.0,0.00865110196173191,3.0,4.347826086956522,
EN_077_7__ES_077_7,dev,true,57,57,0.58,234.14522010288638,17.495536177509262,14.68162123236764,1.2715728476674895,1.0,19.0,0.015086967498064041,1.0,1.7241379310344829,0.48,248.91103583489814,14.473519330330543,15.758375618332552,1.00453831296881,0.75,12.0,0.020520513877272606,1.0,2.0833333333333335,
EN_077_8__ES_077_8,train,true,77,77,3.75,262.5844356229065,32.78421495381767,16.583375618332553,2.10495234453416,0.788135593220339,93.0,0.047520097345113754,13.0,3.466666666666667,3.96,241.69477639553486,31.468355796511304,15.138931173888105,2.171453401881608,0.7258064516129032,90.0,0.04167206957936287,15.0,3.787878787878788,
EN_077_9__ES_077_9,dev,true,57,57,0.88,254.96373729032172,34.57920794262092,16.06004228499922,2.1711517680715007,0.7142857142857143,20.0,0.022381411865353584,1.0,1.1363636363636365,0.69,237.2616164322521,19.746662195534373,14.904587739544674,1.3165821014095784,0.5,11.0,0.016352295875549316,1.0,1.4492753623188408,
EN_078_10__ES_078_10,test,true,70,70,0.81,131.92672742793653,10.90049199497449,4.737542284999217,1.4339085570565504,0.3076923076923077,8.0,0.011979823000729084,3.0,3.7037037037037033,0.82,117.44463177127884,9.49238322400294,2.727820062776996,1.3890666552903448,0.6923076923076923,18.0,0.0050766970962285995,2.0,2.4390243902439024,
EN_078_11__ES_078_11,train,true,78,78,2.48,222.92514745150555,15.446459357752019,13.836196131153063,1.2208290906752892,0.8333333333333334,65.0,0.009456342086195946,9.0,3.629032258064516,2.72,214.00023950678514,16.82697226016337,13.11879228499922,1.342999790580773,0.9302325581395349,80.0,0.007737068459391594,8.0,2.941176470588235,
EN_078_12__ES_078_12,train,true,78,78,7.35,243.71666776363725,104.55443073408057,14.525186793669738,4.975525720262139,0.7521739130434782,173.0,0.010482344776391983,28.0,3.8095238095238098,8.27,216.32732052166054,36.77757602952186,13.140333547135143,2.677377885609507,0.7953667953667953,206.0,0.007590908091515303,27.0,3.2648125755743655,
EN_078_13__ES_078_13,test,true,70,70,4.69,113.990933834769,9.426444684043727,2.212111250516459,1.3537721993221568,0.5918367346938775,87.0,0.004685009829699993,11.0,2.3454157782515987,4.67,127.38013212458377,19.44900691927339,3.985253552604853,2.6688658028600574,0.4863013698630137,71.0,0.005470439326018095,9.0,1.9271948608137046,
EN_078_14__ES_078_14,train,true,78,78,0.43,nan,nan,nan,nan,0.0,0.0,0.008165446110069752,1.0,2.3255813953488373,0.32,nan,nan,nan,nan,0.0,0.0,0.009879897348582745,1.0,3.125,
EN_078_15__ES_078_15,train,true,78,78,0.49,1829.1641011419986,15.76913394654345,50.31670895166588,0.14907119849998757,0.375,6.0,0.00655402522534132,1.0,2.0408163265306123,0.325,219.28522970025617,41.86606265845035,13.28337561833255,3.260879227038827,0.8181818181818182,9.0,0.013092387467622757,1.0,3.0769230769230766,
EN_078_16__ES_078_16,train,true,78,78,1.62,218.19338014660337,35.46910688666189,13.285042284999218,2.753048310509643,0.39215686274509803,20.0,0.009439249522984028,5.0,3.0864197530864197,2.53,216.5225026873058,31.930047030843763,13.176708951665887,2.6464987352265172,0.75,60.0,0.008246933110058308,5.0,1.9762845849802373,
EN_078_17__ES_078_17,train,true,78,78,5.16,234.3040116311738,94.22158646651405,13.526809961766897,6.314210816796919,0.6111111111111112,99.0,0.009309403598308563,16.0,3.1007751937984493,5.13,217.11698411713186,38.38586423562975,13.161051459311143,2.981851510573337,0.6770186335403726,109.0,0.007563173305243254,18.0,3.5087719298245617,
EN_078_18__ES_078_18,test,true,70,70,8.11,126.0266118521328,32.31607528250165,3.3100422849992177,5.172207781337998,0.17716535433070865,45.0,0.003337221685796976,13.0,1.6029593094944514,6.15,162.60608417634438,3.504218674878225,8.412542284999217,0.3739568825412903,0.04145077720207254,8.0,0.004278664011508226,9.0,1.4634146341463414,
EN_078_19__ES_078_19,train,true,78,78,3.165,191.56557262674232,17.7560473241878,11.181028200492175,1.584217187885921,0.7171717171717171,71.0,0.007881449535489082,6.0,1.8957345971563981,3.34,204.57241164140302,18.552641030257014,12.328375618332553,1.4349322477230613,0.5714285714285714,60.0,0.005278365220874548,4.0,1.1976047904191618,
EN_078_1__ES_078_1,test,true,70,70,1.125,107.8269943482958,3.363736037174367,1.296196131153064,0.5401073748166755,0.7222222222222222,26.0,0.007893920876085758,5.0,4.444444444444445,0.87,1873.4074358146813,113.35347634894542,50.70004228499921,1.031988372027514,0.2857142857142857,8.0,0.0077495877631008625,2.0,2.2988505747126435,
EN_078_20__ES_078_20,test,true,70,70,0.89,105.34019722619786,3.1796342254154184,0.8928994278563612,0.5169244474328349,0.75,21.0,0.005503677297383547,5.0,5.617977528089887,0.9,117.94070760171144,12.783155417597134,2.7500422849992194,1.9447936194419768,0.3103448275862069,9.0,0.00877351313829422,3.0,3.333333333333333,
EN_078_21__ES_078_21,test,true,70,70,1.18,106.12516163096217,2.3402915007821075,1.0250422849992185,0.3783186487605395,0.43243243243243246,16.0,0.004282692447304726,6.0,5.084745762711865,0.99,118.64355246536789,5.456890208687142,2.9409513759083095,0.8073013917924852,0.3548387096774194,11.0,0.006987134926021099,3.0,3.0303030303030303,
EN_078_22__ES_078_22,test,true,70,70,5.64,113.25174862243708,7.7212112316695185,2.114657669614602,1.1695404448205313,0.3672316384180791,65.0,0.003772611729800701,10.0,1.773049645390071,4.01,130.34865877301468,19.62827083153613,4.390042284999218,2.629904941247877,0.3968253968253968,50.0,0.004657386802136898,14.0,3.491271820448878,
EN_078_23__ES_078_23,train,true,78,78,2.99,351.89020651711303,55.562572632879125,21.537251587324793,3.0022393390960334,0.9148936170212766,86.0,0.017000962048768997,10.0,3.34448160535117,3.19,339.67766361505136,71.4043199237291,20.720042284999217,4.108404664695152,0.9,90.0,0.014998900704085827,11.0,3.4482758620689657,
EN_078_24__ES_078_24,train,true,78,78,1.46,219.27550096868626,17.31954305598146,13.540286187438241,1.3421506000425314,0.8913043478260869,41.0,0.005954608786851168,7.0,4.794520547945206,1.34,232.38386436688208,20.151552281000903,14.53296911426751,1.5023400347497564,0.9761904761904762,41.0,0.0068635158240795135,6.0,4.477611940298507,
EN_078_25__ES_078_25,test,true,70,70,2.32,nan,nan,nan,nan,0.0,0.0,0.002979988232254982,9.0,3.8793103448275863,3.01,nan,nan,nan,nan,0.0,0.0,0.003655732376500964,8.0,2.6578073089700998,
EN_078_26__ES_078_26,test,true,70,70,2.3,112.18832997701075,7.986229944163259,1.9472645072214396,1.231414297805376,0.5,36.0,0.004920083563774824,6.0,2.608695652173913,2.78,133.17109905303337,6.939013628020046,4.935756570713504,0.905425821570904,0.3218390804597701,28.0,0.0032846499234437943,10.0,3.5971223021582737,
EN_078_27__ES_078_27,train,true,78,78,0.86,161.96853185834894,87.48269694780348,5.535756570713504,10.025219898516214,0.7777777777777778,21.0,0.0031234920024871826,1.0,1.1627906976744187,0.69,nan,nan,nan,nan,0.0,0.0,0.003157537430524826,1.0,1.4492753623188408,
EN_078_28__ES_078_28,test,true,70,70,0.6,125.63265014339287,0.9501353858877895,3.9500422849992183,0.13093073414159417,0.3684210526315789,7.0,0.007874620147049427,1.0,1.6666666666666667,0.782,202.7359289973447,54.33911374951744,11.685756570713503,4.217244723895506,0.56,14.0,0.004250973928719759,2.0,2.557544757033248,
EN_078_29__ES_078_29,train,true,78,78,1.93,313.26783229543275,94.71784445325132,18.983375618332552,5.198839919437462,0.3442622950819672,21.0,0.007036256138235331,4.0,2.072538860103627,2.135,349.67948757343936,91.89505962435541,21.060756570713504,4.634100258311384,0.835820895522388,56.0,0.011914256028831005,4.0,1.873536299765808,
EN_078_2__ES_078_2,train,true,78,78,1.24,235.51473565614054,49.08376766982353,14.516708951665887,3.1475943873616288,1.0,39.0,0.009229958057403564,8.0,6.451612903225807,1.135,238.52446349233944,35.107224846053334,14.89710110852863,2.1844686113988576,0.9444444444444444,34.0,0.006355360150337219,4.0,3.5242290748898677,
EN_078_30__ES_078_30,test,true,70,70,0.68,125.05980743445555,9.756353891694124,3.8192730542299866,1.3401404147927736,0.5909090909090909,13.0,0.0016383120091632009,3.0,4.411764705882352,0.675,469.3278637120117,27.104268575347994,26.736708951665882,1.0404272626613018,0.6818181818181818,15.0,0.0025665212888270617,1.0,1.4814814814814814,
EN_078_31__ES_078_31,test,true,70,70,2.127,147.6050416892316,14.161214692286656,6.657734592691526,1.7148498649070123,0.19402985074626866,13.0,0.006984780542552471,8.0,3.7611659614480493,1.775,116.62907799225968,4.5432107173638885,2.650042284999219,0.6725382459813655,0.23214285714285715,13.0,0.007594594266265631,5.0,2.8169014084507045,
EN_078_32__ES_078_32,train,true,78,78,0.84,241.24819089025922,66.00681425136484,14.691708951665886,4.223832843388679,0.8888888888888888,24.0,0.02462839148938656,1.0,1.1904761904761905,0.56,253.8641000000556,32.5257909320662,16.000042284999218,2.0610811618069667,1.0,18.0,0.009441081434488297,1.0,1.7857142857142856,
EN_078_33__ES_078_33,train,true,78,78,0.618,292.6271531611147,75.56422423394329,17.95004228499922,4.811098280711659,0.6,12.0,0.018886519595980644,1.0,1.6181229773462784,0.695,230.90959766887752,24.66472424847616,14.386405921362853,1.8883724243970366,1.0,22.0,0.016476046293973923,1.0,1.4388489208633095,
EN_078_34__ES_078_34,train,true,78,78,3.37,256.3857367271711,115.7442592408833,15.150042284999218,5.684226841234321,0.6509433962264151,69.0,0.009940504096448421,9.0,2.6706231454005933,3.56,201.55029632225953,18.85521498583071,12.0594540497051,1.5968810430786464,0.7589285714285714,85.0,0.004476358648389578,10.0,2.8089887640449436,
EN_078_35__ES_078_35,test,true,70,70,2.22,110.64107857751048,35.70000704662624,0.8687922849992179,5.490357314191855,0.45714285714285713,32.0,0.01418999396264553,5.0,2.252252252252252,1.47,141.63561743106482,34.157836488603365,5.531860466817401,4.1182119204197845,0.4782608695652174,22.0,0.007442850153893232,5.0,3.4013605442176873,
EN_078_36__ES_078_36,test,true,70,70,4.15,111.815575687665,14.423774233100565,1.7622374069504376,2.55268343952305,0.3153846153846154,41.0,0.00927699264138937,8.0,1.9277108433734937,6.215,108.60375366336878,5.265863986922549,1.4088658144109825,0.829286598815981,0.17435897435897435,34.0,0.003443652531132102,9.0,1.4481094127111827,
EN_078_37__ES_078_37,test,true,70,70,9.35,111.40230951435457,16.682422244355877,1.6466865803012314,2.89058680806349,0.5085324232081911,149.0,0.008125977590680122,23.0,2.4598930481283423,8.13,126.39038443778162,10.228453649649047,3.9961961311530647,1.434125509267358,0.20392156862745098,52.0,0.004604914225637913,19.0,2.337023370233702,
EN_078_38__ES_078_38,test,true,70,70,2.75,107.78261103012623,6.641998698392776,1.2643279992849321,1.0744148858512597,0.4069767441860465,35.0,0.00832002330571413,7.0,2.5454545454545454,3.74,132.68882630094762,29.872033680050066,4.47377109855854,3.797382639333145,0.5042735042735043,59.0,0.0038346396759152412,9.0,2.406417112299465,
EN_078_39__ES_078_39,test,true,70,70,4.16,124.107579496701,14.36752931338025,3.6237264955255344,1.9957433927613755,0.1450381679389313,19.0,0.0073472135700285435,11.0,2.644230769230769,3.54,141.95783059767575,12.925277971357085,5.990518475475408,1.630667336926456,0.3783783783783784,42.0,0.0029153916984796524,9.0,2.542372881355932,
EN_078_3__ES_078_3,test,true,70,70,2.02,107.41459194049526,2.1200751769193245,1.2348907698477039,0.34300031992317653,0.515625,33.0,0.0063962312415242195,10.0,4.9504950495049505,1.315,111.53349050017398,6.247710516990825,1.8618069908815706,0.9898795844422197,0.8095238095238095,34.0,0.005283484235405922,7.0,5.32319391634981,
EN_078_40__ES_078_40,train,true,78,78,0.325,nan,nan,nan,nan,0.0,0.0,0.005356291308999062,1.0,3.0769230769230766,0.265,nan,nan,nan,nan,0.0,0.0,0.0026439561042934656,0.0,nan,
EN_078_41__ES_078_41,test,true,70,70,2.85,110.43674853392481,7.359701861068242,1.681621232367639,1.1215837634809784,0.6333333333333333,57.0,0.0072318995371460915,13.0,4.56140350877193,2.21,111.50592168849458,6.753637267494486,1.8535510569290425,1.0524765967778846,0.8142857142857143,57.0,0.00404951348900795,11.0,4.97737556561086,
EN_078_42__ES_078_42,train,true,78,78,1.55,410.69357852615576,45.99591198972286,24.333375618332553,2.1367160680716455,0.9795918367346939,48.0,0.021763112396001816,8.0,5.161290322580645,1.92,420.63467226062227,65.0929574231023,24.593901934122027,3.331877798556267,0.9344262295081968,57.0,0.014851373620331287,6.0,3.125,
EN_078_4__ES_078_4,train,true,78,78,1.83,230.4612498082313,35.10568636310348,14.292542284999218,2.2427536088478375,0.6896551724137931,40.0,0.004212412517517805,7.0,3.8251366120218577,1.565,200.3341837040652,15.381316574840998,11.9826004245341,1.2365971557825781,0.8775510204081632,43.0,0.004814468324184418,9.0,5.7507987220447285,
EN_078_5__ES_078_5,test,true,70,70,2.815,117.56181026182291,6.907188334958348,2.7704126553695887,1.036085873323183,0.6136363636363636,54.0,0.004100422374904156,9.0,3.197158081705151,3.675,139.90119082832982,15.981525471131464,5.684417284999217,2.1802536227180087,0.2782608695652174,32.0,0.003762155305594206,9.0,2.4489795918367347,
EN_078_6__ES_078_6,train,true,78,78,1.485,223.75630650158192,7.348225668615546,13.933375618332553,0.5880759588125786,0.3829787234042553,18.0,0.0036808671429753304,1.0,0.6734006734006733,1.295,213.19182930788511,6.88748986019117,13.096708951665883,0.5631656555184774,0.36585365853658536,15.0,0.0034370773937553167,2.0,1.5444015444015444,
EN_078_7__ES_078_7,test,true,70,70,3.19,1815.9141770247177,23.341588114924157,50.19004228499922,0.22449944320643334,0.05,5.0,0.00522984191775322,7.0,2.19435736677116,6.26,1757.445089150995,76.70564599867967,49.60837561833255,0.756591405948784,0.061224489795918366,12.0,0.0034228237345814705,10.0,1.597444089456869,
EN_078_8__ES_078_8,train,true,78,78,0.43,196.75402894810793,10.007002491926672,11.694486729443662,0.8757360220105797,0.6428571428571429,9.0,0.0044735632836818695,1.0,2.3255813953488373,0.37,249.0027156557552,11.951788191875343,15.775042284999218,0.798044484975618,0.6666666666666666,8.0,0.00798883382230997,1.0,2.7027027027027026,
EN_078_9__ES_078_9,train,true,78,78,1.69,190.79692345341454,15.649188455245637,11.127185142142075,1.4024643034491038,0.660377358490566,35.0,0.01183545682579279,6.0,3.5502958579881656,2.97,222.0884179366732,29.40451736309913,13.669760594858374,2.203877486837391,0.7634408602150538,71.0,0.007648774888366461,8.0,2.6936026936026933,
EN_079_10__ES_079_10,train,true,74,74,2.56,258.5347007912006,24.314927288087755,16.370412655369588,1.5853939374489436,0.6666666666666666,54.0,0.0028457925654947758,7.0,2.734375,4.2,246.15673589720492,32.60805841683122,15.45004228499922,2.2151937462292848,0.7272727272727273,96.0,0.004532380495220423,8.0,1.9047619047619047,
EN_079_11__ES_079_11,train,true,79,79,4.15,211.44777139076095,56.755555272431366,11.932542284999219,6.819636628882803,0.6153846153846154,80.0,0.009716215543448925,10.0,2.4096385542168672,4.4,219.75294759672735,36.441933946753934,13.411303546260479,2.7036902099838236,0.8043478260869565,111.0,0.006523414049297571,9.0,2.0454545454545454,
EN_079_12__ES_079_12,train,true,74,74,1.95,255.92671022038655,28.735015367188673,16.174042284999217,1.7509494567234094,0.819672131147541,50.0,0.0065900590270757675,11.0,5.641025641025641,2.5,234.92696421795745,17.694044731547283,14.741708951665885,1.219716497114528,0.9113924050632911,72.0,0.004239917732775211,10.0,4.0,
EN_079_13__ES_079_13,train,true,74,74,3.39,241.49661539953544,32.394597163705534,15.111884390262375,2.28801034601907,0.7169811320754716,76.0,0.002546501811593771,11.0,3.2448377581120944,2.69,229.14838309689156,34.98232036068794,14.191292284999218,2.2784146763703923,0.9411764705882353,80.0,0.003386395052075386,8.0,2.9739776951672865,
EN_079_14__ES_079_14,train,true,79,79,1.605,223.71495432310593,19.050365222329923,13.878247413204345,1.455660695521633,0.7647058823529411,39.0,0.006657060235738754,4.0,2.4922118380062304,1.835,236.9717678206896,17.07892303118738,14.889625618332552,1.2893376179478964,0.8275862068965517,48.0,0.011510306969285011,4.0,2.1798365122615806,
EN_079_15__ES_079_15,train,true,79,79,1.265,379.6125158377525,11.693425545268434,23.08640592136285,0.5192174658652221,0.275,11.0,0.008525306358933449,3.0,2.3715415019762847,1.33,256.6995193409006,53.16683116732186,16.001557436514368,3.201810208836058,0.7857142857142857,33.0,0.009685334749519825,3.0,2.255639097744361,
EN_079_16__ES_079_16,train,true,74,74,0.768,1864.625576786383,126.01235887652304,50.61004228499921,1.1740528097151328,0.4,10.0,0.00448248814791441,0.0,nan,0.51,nan,nan,nan,nan,0.0,0.0,0.0034716229420155287,1.0,1.9607843137254901,
EN_079_17__ES_079_17,train,true,79,79,2.105,190.1614221883106,54.55200421242142,10.290042284999217,5.587700779390393,0.30303030303030304,20.0,0.004335980862379074,8.0,3.800475059382423,2.505,244.73680760467786,32.41185604499519,15.366405921362857,2.0226682320290457,0.6962025316455697,55.0,0.006666510831564665,7.0,2.7944111776447107,
EN_079_18__ES_079_18,train,true,74,74,1.005,1471.4634655642344,5.375567233279721,46.550042284999215,0.06324555320336848,0.15625,5.0,0.002279190346598625,3.0,2.985074626865672,2.195,223.35671597531837,18.95366034266843,13.850042284999219,1.4668807485391524,0.6666666666666666,46.0,0.0027809119783341885,5.0,2.277904328018223,
EN_079_19__ES_079_19,train,true,79,79,2.51,320.18683235404905,72.5845024817835,19.72087561833255,3.804819221139889,0.6075949367088608,48.0,0.012224772945046425,5.0,1.9920318725099604,2.11,221.100959864682,25.1981192442403,13.641708951665885,1.7433962703744548,0.9090909090909091,60.0,0.008510389365255833,5.0,2.3696682464454977,
EN_079_1__ES_079_1,train,true,79,79,1.372,nan,nan,nan,nan,0.0,0.0,0.0060006845742464066,4.0,2.9154518950437316,1.22,238.98819653355676,8.978029148861205,15.07087561833255,0.6576341223574782,0.6153846153846154,24.0,0.00630360608920455,4.0,3.278688524590164,
EN_079_20__ES_079_20,train,true,74,74,0.53,1807.8842805292584,12.834589398224729,50.114327999284946,0.1230977709972422,0.8235294117647058,14.0,0.0015560679603368044,0.0,nan,0.31,1804.938617714426,34.631831336633894,50.08337561833255,0.3299831645537235,0.3,3.0,0.00970472116023302,1.0,3.2258064516129035,
EN_079_21__ES_079_21,train,true,74,74,3.61,227.33804844218898,23.93735872992997,14.11808352211262,1.8826689977265076,0.8584070796460177,97.0,0.0028182363603264093,13.0,3.6011080332409975,4.2,224.16162975508595,32.08782331045209,13.80337561833255,2.414285526439365,0.7954545454545454,105.0,0.0029443837702274323,9.0,2.142857142857143,
EN_079_22__ES_079_22,train,true,79,79,3.79,286.66670246478736,51.74809461529709,17.97663802968007,2.918764513177819,0.7899159663865546,94.0,0.005204262211918831,12.0,3.1662269129287597,3.99,251.63302674195313,29.122212292963262,15.862042284999218,1.9794248322850418,0.6,75.0,0.006442436948418617,8.0,2.0050125313283207,
EN_079_23__ES_079_23,train,true,74,74,4.4,276.4530417752085,38.754940810292844,17.4332106018309,2.441354489611591,0.7318840579710145,101.0,0.0036992207169532776,17.0,3.8636363636363633,4.47,245.44833085743747,32.53561791198103,15.39022085642779,2.325651207627837,0.8,112.0,0.0038485440891236067,8.0,1.789709172259508,
EN_079_24__ES_079_24,train,true,74,74,1.355,244.4676973014348,33.910746900362376,15.304587739544672,2.4507377873773724,0.7674418604651163,33.0,0.004167321603745222,6.0,4.428044280442805,1.665,226.4635569368884,30.880269742702026,13.978613713570649,2.490533095953719,0.5283018867924528,28.0,0.002667446853592992,4.0,2.4024024024024024,
EN_079_25__ES_079_25,train,true,79,79,2.3,193.27307300113344,22.809608397105055,11.287542284999219,2.0407948819026362,0.2222222222222222,16.0,0.005297048017382622,7.0,3.0434782608695654,3.47,241.75990183594817,72.04680811311596,14.73137561833255,4.030672179949918,0.6880733944954128,75.0,0.006182684097439051,7.0,2.0172910662824206,
EN_079_26__ES_079_26,train,true,74,74,2.6,230.73363625334446,17.175266640106415,14.429074543063733,1.2431927025741467,0.7560975609756098,62.0,0.002676525618880987,12.0,4.615384615384615,2.57,248.86085202113898,31.806821619023317,15.650042284999218,2.13196227872229,0.9382716049382716,76.0,0.0035686418414115906,8.0,3.11284046692607,
EN_079_27__ES_079_27,train,true,74,74,1.898,230.97763565883827,25.23865794824938,14.395656320086937,1.8100179484850711,0.95,57.0,0.001994056161493063,6.0,3.161222339304531,1.86,223.39189988378263,20.733523417582585,13.837276327552406,1.656658649630121,0.7966101694915254,47.0,0.00330359092913568,6.0,3.225806451612903,
EN_079_28__ES_079_28,train,true,79,79,1.895,189.6794104720018,9.48503088161874,11.063200179736057,0.8030111268258324,0.6333333333333333,38.0,0.005205883178859949,9.0,4.74934036939314,1.85,230.1801952662396,13.789074566992326,14.404587739544672,0.9756709918294801,0.9482758620689655,55.0,0.006373436655849218,4.0,2.162162162162162,
EN_079_29__ES_079_29,train,true,79,79,1.095,272.11589367158786,40.21499462386848,17.153167284999217,2.4384273075847473,0.9142857142857143,32.0,0.004461461212486029,3.0,2.73972602739726,1.82,229.79742730670364,38.621003938143716,14.200042284999217,2.545996857814243,0.8771929824561403,50.0,0.007784278132021427,5.0,2.7472527472527473,
EN_079_2__ES_079_2,train,true,74,74,0.308,268.52971493891414,2.7962387651106666,17.10004228499922,0.1802775637731981,0.4,4.0,0.00523379584774375,1.0,3.2467532467532467,0.52,269.921381230368,57.67311467490792,16.84337561833255,3.3588622412292444,0.8823529411764706,15.0,0.004584465641528368,1.0,1.923076923076923,
EN_079_3__ES_079_3,train,true,79,79,2.21,416.2186661068892,304.8754479618706,21.677315012271947,9.056217443290839,0.7857142857142857,55.0,0.011154957115650177,4.0,1.8099547511312217,2.18,221.13815047573345,21.998988826812347,13.653027359626085,1.7329958659555498,0.9710144927536232,67.0,0.005848050117492676,3.0,1.3761467889908257,
EN_079_4__ES_079_4,train,true,74,74,0.47,nan,nan,nan,nan,0.0,0.0,0.029891012236475945,0.0,nan,0.56,nan,nan,nan,nan,0.0,0.0,0.013192959129810333,1.0,1.7857142857142856,
EN_079_5__ES_079_5,train,true,79,79,1.28,388.1177564523914,320.541397712283,19.21056860078869,11.009936647690102,0.926829268292683,38.0,0.005997411906719208,4.0,3.125,1.12,228.90000035436503,14.695199357815863,14.301655188225023,1.0954071176425195,0.8611111111111112,31.0,0.008365260437130928,3.0,2.6785714285714284,
EN_079_6__ES_079_6,train,true,74,74,1.01,239.9864753571498,12.727180393139976,15.131860466817402,0.8962732759175448,0.34375,11.0,0.002642783336341381,3.0,2.9702970297029703,1.56,239.91650171638398,24.72494089295878,15.058931173888105,1.7783665691642396,0.9183673469387755,45.0,0.004321413114666939,4.0,2.564102564102564,
EN_079_7__ES_079_7,train,true,74,74,3.435,238.918590977858,32.82056727627889,14.92898965342027,2.224464204528793,0.7037037037037037,76.0,0.003993140533566475,9.0,2.6200873362445414,3.05,238.60864213259768,27.04576449848467,14.944327999284939,1.9654069527189317,0.7291666666666666,70.0,0.0029319629538804293,5.0,1.639344262295082,
EN_079_8__ES_079_8,train,true,79,79,2.81,227.25140637653806,49.216688291210744,13.904279573134813,3.0487742484924354,0.6704545454545454,59.0,0.006046019494533539,9.0,3.202846975088968,4.62,211.17228702965943,18.77980068892416,12.871947046903982,1.5506054702157601,0.7241379310344828,105.0,0.005211989860981703,8.0,1.7316017316017316,
EN_079_9__ES_079_9,train,true,79,79,4.245,245.72584531740767,48.529269702358526,15.254629440962521,3.217794142185979,0.8195488721804511,109.0,0.006513962056487799,14.0,3.297997644287397,5.43,209.50148045056105,21.62412831915392,12.713099609839983,1.761632372133374,0.9235294117647059,157.0,0.006780444178730249,15.0,2.7624309392265194,
EN_080_10__ES_080_10,train,true,80,80,3.51,249.99787630347865,71.33601488387966,15.317433589347042,4.086965194255368,0.8363636363636363,92.0,0.02873965911567211,11.0,3.133903133903134,4.09,230.884576195824,64.31215639133093,14.016378918662584,3.712389671733907,0.7890625,101.0,0.03799901157617569,12.0,2.93398533007335,
EN_080_11__ES_080_11,dev,true,57,57,0.89,239.12211994367917,17.477602725899942,15.05004228499922,1.1975669779459803,0.8571428571428571,24.0,0.009187382645905018,1.0,1.1235955056179776,1.11,857.9201359611849,722.9383436191193,29.838931173888113,16.200899228205483,0.7714285714285715,27.0,0.012088294140994549,1.0,0.9009009009009008,
EN_080_12__ES_080_12,train,true,80,80,1.82,222.51839195268218,18.57782609536004,13.78925797127373,1.4007110843120816,0.8947368421052632,51.0,0.012270135805010796,7.0,3.846153846153846,2.14,225.5291772335629,28.844645563518203,13.95381586990488,2.029031022959589,0.7910447761194029,53.0,0.02274050936102867,6.0,2.803738317757009,
EN_080_13__ES_080_13,train,true,80,80,6.04,209.24349495021778,18.599057892598946,12.71437794933488,1.5301814689404962,0.7566137566137566,143.0,0.03389372304081917,19.0,3.1456953642384105,4.67,209.73788726865337,21.331170402506,12.7329251678821,1.7702686656114497,0.7602739726027398,111.0,0.024497192353010178,15.0,3.2119914346895078,
EN_080_14__ES_080_14,dev,true,57,57,0.505,nan,nan,nan,nan,0.0,0.0,0.008469430729746819,1.0,1.9801980198019802,0.3,nan,nan,nan,nan,0.0,0.0,0.004727776162326336,1.0,3.3333333333333335,
EN_080_15__ES_080_15,dev,true,57,57,3.07,267.6698585410157,27.233487567747705,16.954587739544674,1.7806350431867823,0.9166666666666666,88.0,0.017017586156725883,11.0,3.5830618892508146,2.95,258.93561229101545,21.81271722276213,16.409566094523022,1.4613365577947446,0.9032258064516129,84.0,0.007851161062717438,9.0,3.0508474576271185,
EN_080_1__ES_080_1,dev,true,57,57,5.47,259.369440387249,33.048065480983226,16.366405921362855,2.126607510598096,0.9649122807017544,165.0,0.020048487931489944,16.0,2.9250457038391224,5.19,252.22396569265834,28.180857178172143,15.911459607833862,1.8951262498860084,0.7791411042944786,127.0,0.01424247957766056,15.0,2.890173410404624,
EN_080_2__ES_080_2,train,true,80,80,0.77,233.6321052855143,15.288528122820903,14.65504228499922,1.104298419812326,0.8,20.0,0.0172291100025177,3.0,3.896103896103896,0.905,240.52867891262832,84.53722046938753,13.820042284999221,7.36791015146086,0.6896551724137931,20.0,0.024733666330575943,2.0,2.2099447513812156,
EN_080_3__ES_080_3,train,true,80,80,0.25,279.12618828849344,18.7190824001738,17.733375618332552,1.1319844914524615,0.75,6.0,0.030637135729193687,0.0,nan,0.26,1753.8025027445374,22.401591849388712,49.587542284999216,0.22325713874364675,0.8888888888888888,8.0,0.007919397205114365,1.0,3.846153846153846,
EN_080_4__ES_080_4,train,true,80,80,3.36,232.14069446068874,47.061694954154,14.294779127104478,2.9927717630124695,0.7169811320754716,76.0,0.030220797285437584,12.0,3.5714285714285716,3.215,313.9872454828034,97.78888604942989,19.08337561833255,4.838437370729953,0.6237623762376238,63.0,0.04108743742108345,13.0,4.043545878693624,
EN_080_5__ES_080_5,dev,true,57,57,0.46,nan,nan,nan,nan,0.0,0.0,0.008633043617010117,1.0,2.1739130434782608,0.74,nan,nan,nan,nan,0.0,0.0,0.008688258938491344,1.0,1.3513513513513513,
EN_080_6__ES_080_6,train,true,80,80,2.04,351.47389926136304,216.00842868180587,19.619607502390526,7.6933305267337095,0.71875,46.0,0.04114937782287598,8.0,3.9215686274509802,1.98,287.77102736913463,60.028328457164314,17.979208951665886,3.200387888817368,0.7741935483870968,48.0,0.03665037453174591,6.0,3.0303030303030303,
EN_080_7__ES_080_7,train,true,80,80,1.88,214.20039630248237,17.357173604720078,13.128420663377595,1.4446799206211791,0.6271186440677966,37.0,0.019714586436748505,5.0,2.6595744680851063,1.51,225.42579176372362,18.71646286264893,14.01158074653768,1.4480075408174855,0.8125,39.0,0.05643001198768616,4.0,2.6490066225165565,
EN_080_8__ES_080_8,train,true,80,80,4.47,279.00648491543996,83.01090665868733,17.184356010489417,4.194686066405205,0.7285714285714285,102.0,0.03373682498931885,16.0,3.579418344519016,3.82,284.775730754861,69.93643115389303,17.673627190659595,3.7834433724089216,0.8833333333333333,106.0,0.043117452412843704,16.0,4.18848167539267,
EN_080_9__ES_080_9,train,true,80,80,2.98,217.24182153705067,28.959992547934476,13.290720251100911,2.1625564473140564,0.6276595744680851,59.0,0.02363448217511177,12.0,4.026845637583893,2.15,241.0279792181192,44.48714000002795,14.955399427856362,3.030995807772537,0.8235294117647058,56.0,0.024316759780049324,10.0,4.651162790697675,
EN_081_10__ES_081_10,train,true,81,81,2.51,234.82259238418652,44.78419596942204,14.46337561833255,3.306854833355841,0.9493670886075949,75.0,0.010371571406722069,15.0,5.976095617529881,3.25,236.5276437333858,28.729131172128014,14.775042284999218,2.1214408697006766,0.8627450980392157,88.0,0.00940521527081728,13.0,4.0,
EN_081_11__ES_081_11,train,true,81,81,4.74,1514.2735979677623,542.3950529740663,45.71004228499922,7.084424229721613,0.10067114093959731,15.0,0.004841307178139687,12.0,2.531645569620253,4.78,223.39738284768458,23.38102013136493,13.828112460437815,1.7029777209001957,0.76,114.0,0.00553254084661603,12.0,2.510460251046025,
EN_081_12__ES_081_12,test,true,70,70,3.14,106.36007843994837,4.535151393128327,1.0512327611896939,0.7567936825876226,0.8484848484848485,84.0,0.012543403543531895,14.0,4.45859872611465,3.59,100.05743155051482,4.435097160629505,-0.006775896818964092,0.7575071938670491,0.3893805309734513,44.0,0.0038433994632214308,11.0,3.064066852367688,
EN_081_13__ES_081_13,train,true,81,81,7.5,201.87095346589453,37.02006472980917,11.897542284999217,2.9628101103513202,0.3404255319148936,80.0,0.006186789833009243,17.0,2.2666666666666666,6.75,204.36108159611473,27.105188368514725,12.221873270914712,2.2892081845649845,0.6729857819905213,142.0,0.006247552111744881,14.0,2.074074074074074,
EN_081_14__ES_081_14,test,true,70,70,2.41,109.31886629192886,10.771825824495785,1.465951375908309,1.5911606943900733,0.5789473684210527,44.0,0.005942339077591896,8.0,3.3195020746887964,1.85,96.5476279733432,10.739773354433762,-0.737457715000783,2.21609876810579,0.13793103448275862,8.0,0.0025260180700570345,7.0,3.7837837837837838,
EN_081_15__ES_081_15,train,true,81,81,0.51,442.9740937665882,50.54744356262718,25.650042284999223,2.0278066969018522,0.9375,15.0,0.015082286670804024,2.0,3.9215686274509802,0.57,403.26268127085115,40.81589165329339,24.038931173888102,1.94333301569148,1.0,18.0,0.00990598276257515,3.0,5.2631578947368425,
EN_081_16__ES_081_16,test,true,70,70,4.75,105.02528084711928,12.066108095101706,0.7519470469039798,1.76419310855219,0.7046979865771812,105.0,0.00784103013575077,14.0,2.9473684210526314,6.38,106.71285593692717,10.352524295497673,1.0211961311530642,2.0161689240184004,0.52,104.0,0.004155062139034271,15.0,2.3510971786833856,
EN_081_17__ES_081_17,train,true,81,81,2.67,173.2569036139053,26.67064671855652,9.326042284999218,2.5077129022278446,0.5952380952380952,50.0,0.0024550682865083218,4.0,1.4981273408239701,4.27,173.08464260459357,31.74074678911392,9.136405921362853,3.7324492877935276,0.3283582089552239,44.0,0.003726169466972351,5.0,1.1709601873536302,
EN_081_18__ES_081_18,test,true,70,70,0.965,nan,nan,nan,nan,0.0,0.0,0.009222614578902721,3.0,3.1088082901554404,0.655,122.47620211130604,6.807258530067694,3.48337561833255,0.9597453365925316,0.8571428571428571,18.0,0.007559249643236399,2.0,3.0534351145038165,
EN_081_19__ES_081_19,train,true,81,81,2.54,216.84272493622794,31.67036925397985,13.226853879202118,2.4088090103952258,0.8625,69.0,0.018471457064151764,6.0,2.3622047244094486,2.345,211.80727155367725,37.60849645427668,12.758106801128246,2.7554812463639586,0.8378378378378378,62.0,0.012750525958836079,6.0,2.5586353944562896,
EN_081_1__ES_081_1,test,true,70,70,2.16,114.73606003421041,2.693938472543965,2.3750422849992177,0.40727754664356286,0.29411764705882354,20.0,0.008498690091073513,8.0,3.7037037037037033,2.45,116.41210308426965,4.261225341134914,2.619273054229986,0.634743576796192,0.6753246753246753,52.0,0.0070130424574017525,11.0,4.489795918367347,
EN_081_20__ES_081_20,test,true,70,70,1.215,100.64402212171701,3.4710326784905052,0.1000422849992163,0.6317963807008288,0.631578947368421,24.0,0.010793489404022694,6.0,4.938271604938271,1.625,154.4520928146608,46.52624206996503,6.703888438845372,5.384109866380369,0.5098039215686274,26.0,0.0032816349994391203,3.0,1.8461538461538463,
EN_081_21__ES_081_21,test,true,70,70,4.04,108.85872959576362,12.098911961376738,1.3715940091371497,1.8028141810687384,0.9133858267716536,116.0,0.011545219458639622,21.0,5.198019801980198,4.15,113.44933378020511,8.648419772091936,2.136559138931802,1.2750140789031854,0.6846153846153846,89.0,0.006306762807071209,18.0,4.337349397590361,
EN_081_22__ES_081_22,train,true,81,81,0.35,241.79787336559195,26.722795687902686,15.183375618332551,1.86607133363712,0.8181818181818182,9.0,0.007295278832316399,1.0,2.857142857142857,0.46,238.5241196525397,11.484931079461694,15.030042284999217,0.8182909018191521,0.3333333333333333,5.0,0.007608004845678806,1.0,2.1739130434782608,
EN_081_23__ES_081_23,train,true,81,81,0.42,68.42854686811668,1.0351325648246739,-6.569957715000783,0.2638181191654585,0.35714285714285715,5.0,0.008477388881146908,1.0,2.380952380952381,0.41,293.8603042631154,32.342993598871736,18.558375618332548,1.8830198854204607,0.9230769230769231,12.0,0.012066991999745369,1.0,2.4390243902439024,
EN_081_24__ES_081_24,train,true,81,81,0.41,244.97184666600768,42.38548543401771,15.257734592691527,2.946043380134301,1.0,13.0,0.007217305712401867,1.0,2.4390243902439024,0.34,295.809981180864,37.80395519522037,18.6318604668174,2.2449208051705516,1.0,11.0,0.010438737459480762,1.0,2.941176470588235,
EN_081_25__ES_081_25,train,true,81,81,0.43,214.34117881520723,7.742504925374699,13.187542284999218,0.6283659363778398,0.5714285714285714,8.0,0.0059293778613209724,1.0,2.3255813953488373,0.35,nan,nan,nan,nan,0.0,0.0,0.008753512986004353,1.0,2.857142857142857,
EN_081_26__ES_081_26,train,true,81,81,3.04,261.80863611703376,38.7625108108526,16.48004228499921,2.487704047625325,0.7291666666666666,70.0,0.011155776679515839,10.0,3.289473684210526,3.08,221.6523321723018,21.277616407076636,13.700042284999215,1.6592762501821712,0.8865979381443299,86.0,0.010213211178779602,11.0,3.571428571428571,
EN_081_27__ES_081_27,test,true,70,70,1.16,115.3235221510527,1.5349842477951465,2.466708951665884,0.23033791601808767,0.6486486486486487,24.0,0.012237449176609516,7.0,6.03448275862069,0.94,119.12487738454148,12.702263097680788,2.9333756183325517,1.8178894967027623,0.6,18.0,0.006620398256927729,4.0,4.25531914893617,
EN_081_28__ES_081_28,test,true,70,70,1.46,111.57557935298017,6.3007815786127415,1.870042284999218,0.9410632284814876,0.5434782608695652,25.0,0.006229155231267214,5.0,3.4246575342465753,2.07,102.43539286674583,6.565746299296872,0.3848248936948696,1.0196370606003489,0.35384615384615387,23.0,0.002311982214450836,5.0,2.4154589371980677,
EN_081_29__ES_081_29,train,true,81,81,3.365,221.6908234703284,57.92933945015073,13.15332097352381,4.737328818244388,0.5754716981132075,61.0,0.00314095476642251,8.0,2.37741456166419,3.58,297.23080489961745,118.26960649664818,17.58940398712688,6.483091232814894,0.8392857142857143,94.0,0.0065741026774048805,8.0,2.2346368715083798,
EN_081_2__ES_081_2,train,true,81,81,2.105,369.87353855889535,214.84549421814435,20.169273054229983,8.868701198413756,0.7878787878787878,52.0,0.007466938346624374,4.0,1.9002375296912115,1.917,225.13936173853463,30.558906939572523,13.893792284999218,2.3128631471619756,0.5333333333333333,32.0,0.006469531916081905,6.0,3.1298904538341157,
EN_081_30__ES_081_30,test,true,70,70,0.29,178.3073145721851,16.501489439851564,9.938931173888108,1.5912569765541016,0.9,9.0,0.003309242893010378,1.0,3.4482758620689657,0.37,160.15326669226195,23.078195789075302,7.983375618332551,2.393857881235968,1.0,12.0,0.006811404135078192,1.0,2.7027027027027026,
EN_081_31__ES_081_31,test,true,70,70,0.3,172.51315415399978,11.213231711056183,9.405597840554774,1.0863916943626941,0.9,9.0,0.005558282136917114,1.0,3.3333333333333335,0.35,nan,nan,nan,nan,0.0,0.0,0.003985879477113485,1.0,2.857142857142857,
EN_081_32__ES_081_32,test,true,70,70,2.33,108.17623229273474,10.63419840938905,1.278613713570646,1.6764880688206405,0.1917808219178082,14.0,0.005828943569213152,6.0,2.575107296137339,2.02,2000.189518867394,14.466812396007526,51.864327999284946,0.12453996981544913,0.109375,7.0,0.019459258764982224,6.0,2.9702970297029703,
EN_081_33__ES_081_33,train,true,81,81,3.35,283.597137955076,165.62694247347653,16.554693447789912,6.062118498698792,0.819047619047619,86.0,0.010498369112610817,11.0,3.2835820895522385,3.55,218.23974174323178,26.835312860455158,13.381292284999219,2.1156811600128536,0.8648648648648649,96.0,0.006908584386110306,12.0,3.3802816901408455,
EN_081_34__ES_081_34,test,true,70,70,4.02,103.55625300380291,9.916525527477097,0.5322340658211356,1.5555770162968712,0.5793650793650794,73.0,0.007413140963762999,12.0,2.985074626865672,4.92,108.9012199944931,7.8208032844679645,1.431957178616239,1.2358959852568199,0.6103896103896104,94.0,0.003779385006055236,10.0,2.032520325203252,
EN_081_35__ES_081_35,train,true,81,81,1.36,nan,nan,nan,nan,0.0,0.0,0.004459005780518055,1.0,0.7352941176470588,2.235,nan,nan,nan,nan,0.0,0.0,0.0028167974669486284,1.0,0.447427293064877,
EN_081_36__ES_081_36,train,true,81,81,0.98,1889.3581333355214,121.71997823722904,50.84234997730691,1.106249059772944,0.41935483870967744,13.0,0.0037644391413778067,1.0,1.0204081632653061,1.815,88.71236333602866,7.483344460908984,-2.133291048334117,1.4276048317218433,0.10526315789473684,6.0,0.0041795577853918076,1.0,0.5509641873278237,
EN_081_37__ES_081_37,test,true,70,70,4.82,103.09495527136102,4.640432015195437,0.5100422849992178,0.7831560082980491,0.4966887417218543,75.0,0.00410323403775692,13.0,2.697095435684647,6.54,109.92108020580241,7.198511640131046,1.601588676751795,1.1087388025968459,0.47317073170731705,97.0,0.0059730289503932,13.0,1.9877675840978593,
EN_081_38__ES_081_38,train,true,81,81,3.95,200.27404335593462,32.33849716029166,11.824432528901655,2.552034624717791,0.6612903225806451,82.0,0.00657518208026886,13.0,3.291139240506329,6.13,209.85751572337693,34.92130779172577,12.637797387040033,2.4761968303723503,0.765625,147.0,0.006523339543491602,15.0,2.4469820554649266,
EN_081_39__ES_081_39,test,true,70,70,2.585,110.1935282412568,7.818553717259851,1.6393279992849326,1.1769631884382687,0.345679012345679,28.0,0.005440718028694391,6.0,2.3210831721470018,2.98,107.24953712555067,35.37733417517494,0.3652596763035653,5.306475428613624,0.48936170212765956,46.0,0.004811089951545,5.0,1.6778523489932886,
EN_081_3__ES_081_3,test,true,70,70,0.535,nan,nan,nan,nan,0.0,0.0,0.006676983553916216,1.0,1.8691588785046729,0.708,108.45374598685808,5.433786855036991,1.3833756183325516,0.8630694577430538,0.6521739130434783,15.0,0.006919824983924627,1.0,1.4124293785310735,
EN_081_4__ES_081_4,test,true,70,70,4.18,108.0640000342537,6.231106377336476,1.3137922849992179,1.0011548019662095,0.6106870229007634,80.0,0.009309899993240833,12.0,2.870813397129187,4.19,100.27839911109318,17.006880692312354,-0.2449577150007817,3.324857139788114,0.7633587786259542,100.0,0.005909567233175039,10.0,2.386634844868735,
EN_081_5__ES_081_5,train,true,81,81,4.76,178.2997356655684,12.851965702127945,9.967159402116334,1.238487443798177,0.7449664429530202,111.0,0.006050974130630493,18.0,3.781512605042017,5.74,197.17272927539852,21.28595301056824,11.653247413204346,1.8621196865811793,0.8666666666666667,156.0,0.0038158553652465343,17.0,2.961672473867596,
EN_081_6__ES_081_6,train,true,81,81,1.28,190.8816259925621,9.34843965832758,11.171094916578165,0.8566021906459206,0.926829268292683,38.0,0.004638626240193844,6.0,4.6875,1.34,210.1489832383207,17.287775032836166,12.796196131153065,1.4642484996198741,0.9285714285714286,39.0,0.006650772877037525,6.0,4.477611940298507,
EN_081_7__ES_081_7,test,true,70,70,0.41,nan,nan,nan,nan,0.0,0.0,0.010852325707674026,1.0,2.4390243902439024,0.44,104.54862192967485,0.24197725023547603,0.7700422849992181,0.03999999999999932,0.35714285714285715,5.0,0.006615676451474428,2.0,4.545454545454546,
EN_081_8__ES_081_8,test,true,70,70,6.17,106.5196156905239,7.937410468052396,1.0461360349992175,1.2750859250305204,0.6632124352331606,128.0,0.00802677497267723,21.0,3.4035656401944894,7.55,103.49156678785734,7.232983813092881,0.5530725880295211,1.184491924959325,0.2796610169491525,66.0,0.003514586016535759,19.0,2.5165562913907285,
EN_081_9__ES_081_9,train,true,81,81,3.88,242.5233517004257,80.65843954018061,14.510236459756499,5.1682063855702935,0.8442622950819673,103.0,0.009568107314407825,16.0,4.123711340206186,4.76,275.0831570533179,87.27232677155874,16.80801329949197,4.735065180124705,0.9261744966442953,138.0,0.010896850377321243,18.0,3.781512605042017,
EN_082_10__ES_082_10,dev,true,57,57,1.815,245.19951159549146,15.777839566757473,15.49004228499922,1.1508257904652643,0.3508771929824561,20.0,0.020748894661664963,5.0,2.7548209366391188,2.285,277.6747789923735,48.44086727279712,17.44842938177341,2.752329918303462,0.8611111111111112,62.0,0.014451171271502972,7.0,3.063457330415755,
EN_082_11__ES_082_11,train,true,82,82,0.983,282.4207836459306,55.31830100628707,17.64587561833255,3.366560951310534,0.7741935483870968,24.0,0.04405644163489342,3.0,3.0518819938962363,1.315,263.24097209203245,21.18412598847335,16.700042284999224,1.4029905035106884,0.8095238095238095,34.0,0.03157807141542435,2.0,1.5209125475285172,
EN_082_12__ES_082_12,dev,true,57,57,1.14,234.5867131070617,17.256204348634515,14.714748167352159,1.2709149906641317,0.9444444444444444,34.0,0.015461706556379795,5.0,4.385964912280702,0.9,244.7010211046946,15.02417248418395,15.462542284999218,0.990922339708483,0.8275862068965517,24.0,0.012742558494210243,2.0,2.2222222222222223,
EN_082_13__ES_082_13,train,true,82,82,3.53,243.92636902246127,69.99881842311139,14.838702078813652,4.372073425607,0.8738738738738738,97.0,0.033517371863126755,13.0,3.68271954674221,3.19,245.15691167725717,72.90285841376827,14.914042284999217,4.360967476757118,0.75,75.0,0.018705183640122414,9.0,2.8213166144200628,
EN_082_14__ES_082_14,dev,true,57,57,2.625,220.75773868382856,9.500018403482963,13.69363202858896,0.7417217917151028,0.9397590361445783,78.0,0.008818148635327816,11.0,4.190476190476191,3.23,230.0654064125095,19.775546591457758,14.36167019197596,1.4704388369376977,0.8514851485148515,86.0,0.009446771815419197,7.0,2.1671826625387,
EN_082_15__ES_082_15,train,true,82,82,0.768,261.53595011759137,55.442064033683025,16.330042284999216,3.1484599409870224,1.0,25.0,0.032245367765426636,3.0,3.90625,0.85,238.09989843475236,22.000734131307137,14.942634877591807,1.6363749289491325,1.0,27.0,0.02760755829513073,3.0,3.5294117647058822,
EN_082_16__ES_082_16,train,true,82,82,6.075,208.55448669557157,17.031425042714336,12.67004228499922,1.3659219806207297,0.7368421052631579,140.0,0.028507845476269722,16.0,2.633744855967078,6.97,205.83973756631224,25.53376604649178,12.38255762242253,1.9401436742567877,0.7477064220183486,163.0,0.021530387923121452,13.0,1.8651362984218078,
EN_082_17__ES_082_17,train,true,82,82,4.02,209.73047098065018,20.275961596644215,12.744547779504714,1.627197593475227,0.7222222222222222,91.0,0.029281822964549065,12.0,2.985074626865672,3.27,215.21929855405688,15.050678483159915,13.226965361922296,1.2193564257361094,0.883495145631068,91.0,0.023360995575785637,9.0,2.7522935779816513,
EN_082_18__ES_082_18,train,true,82,82,4.94,209.14275312548222,41.22617860226418,12.506246664561262,2.8809178716246864,0.8838709677419355,137.0,0.034277621656656265,17.0,3.4412955465587043,6.07,218.80417224245383,33.51504042285179,13.375725345108505,2.4254674380398775,0.9631578947368421,183.0,0.025725936517119408,15.0,2.471169686985173,
EN_082_19__ES_082_19,dev,true,57,57,2.85,236.94846121258567,27.120173575130156,14.827983461469804,1.8962692155166851,0.7555555555555555,68.0,0.012045891024172306,9.0,3.1578947368421053,3.07,229.03754109951367,19.031327968400827,14.286512873234514,1.4528549629101302,0.8854166666666666,85.0,0.014826789498329163,8.0,2.6058631921824107,
EN_082_1__ES_082_1,train,true,82,82,2.015,223.49501031091035,42.610205764848494,13.66702341707469,2.8304100542351986,0.8412698412698413,53.0,0.02287932299077511,10.0,4.962779156327543,2.24,226.08153950210396,26.570713702600095,14.018792284999218,1.82729949310451,0.9014084507042254,64.0,0.021074218675494194,9.0,4.017857142857142,
EN_082_20__ES_082_20,train,true,82,82,3.75,194.91059631709578,11.253784126589858,11.526292284999219,0.9634889399987939,0.6779661016949152,80.0,0.030442500486969948,13.0,3.466666666666667,3.53,205.91240908786406,13.688059414178394,12.468488886940966,1.0980784251278102,0.9279279279279279,103.0,0.018802598118782043,14.0,3.96600566572238,
EN_082_21__ES_082_21,dev,true,57,57,0.37,224.38600215811482,15.61411340776657,13.950042284999217,1.2015141961859481,0.9166666666666666,11.0,0.005132835824042559,1.0,2.7027027027027026,0.52,247.60008381962447,14.149008960281954,15.667689343822747,0.9942394634727806,1.0,17.0,0.00729273771867156,1.0,1.923076923076923,
EN_082_22__ES_082_22,train,true,82,82,2.87,234.1076878342417,22.920350122768077,14.64463687959381,1.6720186773083845,0.8222222222222222,74.0,0.032401639968156815,8.0,2.787456445993031,2.03,258.87694361716285,17.19769282299388,16.429208951665885,1.1456363467038255,0.75,48.0,0.02753107249736786,8.0,3.9408866995073897,
EN_082_23__ES_082_23,train,true,82,82,6.24,227.78417523705463,29.726807741186033,14.117784220483088,2.107434933258636,0.7908163265306123,155.0,0.03572220355272293,28.0,4.487179487179487,5.4,225.76127887925688,33.42591988889228,13.946068775065443,2.1720951766098833,0.893491124260355,151.0,0.030918454751372337,19.0,3.518518518518518,
EN_082_24__ES_082_24,train,true,82,82,3.63,209.1941014046504,24.36231307690875,12.667147548157114,1.9344785886569795,0.6666666666666666,76.0,0.03770710527896881,12.0,3.3057851239669422,3.83,223.42896941483906,35.90153122901945,13.711724527989874,2.6178626103548743,0.8916666666666667,107.0,0.028337236493825912,13.0,3.3942558746736293,
EN_082_25__ES_082_25,train,true,82,82,2.145,216.0419519392224,15.93337050854532,13.288503823460758,1.281398551786566,0.7647058823529411,52.0,0.0373246930539608,10.0,4.662004662004662,2.74,209.1953359927243,20.253492462362782,12.697661332618262,1.668366480129033,0.9767441860465116,84.0,0.038798924535512924,8.0,2.9197080291970803,
EN_082_26__ES_082_26,train,true,82,82,3.015,249.01322787409566,59.52113811334907,15.338277579116864,3.8952282048894245,0.7157894736842105,68.0,0.025295568630099297,16.0,5.306799336650083,2.67,317.2112351711428,64.29953114910596,19.63699880673835,3.4640770585647864,0.5476190476190477,46.0,0.030781308189034462,8.0,2.9962546816479403,
EN_082_2__ES_082_2,dev,true,57,57,0.223,241.62416149113253,12.425029301317284,15.25004228499922,0.897615889851714,1.0,7.0,0.01364264078438282,1.0,4.484304932735426,0.31,491.83547418802954,27.12374840146292,27.55004228499922,1.0016652800877812,0.6,6.0,0.007703449577093124,1.0,3.2258064516129035,
EN_082_3__ES_082_3,train,true,82,82,6.32,237.1230011596843,51.23161015311164,14.609102687683784,3.2798963280149587,0.7525252525252525,149.0,0.02863367646932602,22.0,3.481012658227848,5.97,237.15597605316972,51.87938561155144,14.601218755587455,3.338073382961286,0.9090909090909091,170.0,0.02045195922255516,20.0,3.3500837520938025,
EN_082_4__ES_082_4,dev,true,57,57,4.14,242.00848054648603,18.580741241571385,15.249201948864762,1.3387248290013751,0.9153846153846154,119.0,0.018692636862397194,20.0,4.830917874396135,5.42,245.95169175388924,24.21967767551862,15.498143550822004,1.6814972803038615,0.9294117647058824,158.0,0.011253641918301582,18.0,3.321033210332103,
EN_082_5__ES_082_5,train,true,82,82,0.915,276.5338747118684,31.792222596759572,17.492349977306908,2.030190039782762,0.896551724137931,26.0,0.049406521022319794,4.0,4.371584699453551,1.91,359.12968046607796,188.80606736734387,20.607937021841327,6.457538702492059,0.6333333333333333,38.0,0.023786593228578568,4.0,2.094240837696335,
EN_082_6__ES_082_6,train,true,82,82,2.48,275.60030406338984,87.83704300008729,16.774657669614605,5.01600609646393,0.8333333333333334,65.0,0.03372665122151375,11.0,4.435483870967742,3.52,283.2406762951132,64.616662353354,17.629208951665888,3.579996023430442,0.6486486486486487,72.0,0.02474353276193142,13.0,3.6931818181818183,
EN_082_7__ES_082_7,train,true,82,82,4.91,221.8047449649353,19.398161719020315,13.72791839119391,1.4696778596682325,0.7337662337662337,113.0,0.04664544761180878,15.0,3.054989816700611,4.44,221.6616774399198,22.339891789801182,13.694208951665887,1.7177890748155191,0.8633093525179856,120.0,0.037227462977170944,11.0,2.477477477477477,
EN_082_8__ES_082_8,dev,true,57,57,0.4,218.42348112182745,9.809433004572366,13.508375618332552,0.7675266915373173,0.9230769230769231,12.0,0.01901712827384472,1.0,2.5,0.61,229.77410153275346,10.564749703775494,14.385042284999221,0.7715406664590018,1.0,20.0,0.012027761898934841,1.0,1.639344262295082,
EN_082_9__ES_082_9,train,true,82,82,2.425,201.6586702508152,41.25656380878374,11.681385568581307,4.290364384734492,0.881578947368421,67.0,0.024342130869627,8.0,3.2989690721649487,2.85,226.49489322509606,30.800363458548286,13.990739959417825,2.3871934434616358,0.9555555555555556,86.0,0.01884918287396431,10.0,3.508771929824561,
EN_083_10__ES_083_10,test,true,70,70,0.42,nan,nan,nan,nan,0.0,0.0,0.009316764771938324,1.0,2.380952380952381,1.54,117.63011268359763,2.4696546304395115,2.8071851421420746,0.3697765458727078,0.14285714285714285,7.0,0.008632740005850792,3.0,1.948051948051948,
EN_083_11__ES_083_11,test,true,70,70,3.57,143.22168117678618,25.42086238846986,5.9360071972799195,3.1619691064821933,0.5089285714285714,57.0,0.023943381384015083,15.0,4.201680672268908,4.28,126.87883150330616,23.512968956893243,3.758737937173131,3.742199195715786,0.6865671641791045,92.0,0.007454936858266592,14.0,3.2710280373831773,
EN_083_12__ES_083_12,test,true,83,83,3.92,234.7475250846955,18.566803535969644,14.717661332618263,1.3991490773286348,0.8536585365853658,105.0,0.015919895842671394,19.0,4.846938775510204,4.7,250.7254863911782,24.98623790829757,15.831860466817398,1.6613745180591275,0.8231292517006803,121.0,0.023471230641007423,14.0,2.978723404255319,
EN_083_13__ES_083_13,test,true,83,83,4.42,271.1086464258496,32.90846540616077,17.13719824830197,2.12534296929774,0.7841726618705036,109.0,0.02607586421072483,16.0,3.6199095022624435,4.96,269.6895308106595,29.266392109351848,17.07743954527319,1.8273613189868825,0.9358974358974359,146.0,0.031992487609386444,16.0,3.2258064516129035,
EN_083_14__ES_083_14,test,true,70,70,1.77,122.27617141260156,10.092792103549733,3.421470856427791,1.4523028862704188,0.25,14.0,0.0052739656530320644,5.0,2.824858757062147,1.72,183.4948074751783,78.49524184848738,9.147914625424752,6.598113507362801,0.8703703703703703,47.0,0.006355149205774069,4.0,2.3255813953488373,
EN_083_15__ES_083_15,test,true,70,70,4.77,105.77742858858593,6.106388705930209,0.9444867294436627,0.9748060902457718,0.48,72.0,0.005033950787037611,13.0,2.725366876310273,5.305,123.14326689830557,10.345478013674114,3.5428994278563612,1.456249726285338,0.3373493975903614,56.0,0.0064725931733846664,13.0,2.4505183788878417,
EN_083_16__ES_083_16,test,true,70,70,4.18,129.90102799023813,12.8025446426298,4.447410706051851,1.6675678542345596,0.2900763358778626,38.0,0.010329341515898705,15.0,3.5885167464114835,4.4,144.35492161806337,11.066573461303065,6.3024232373801725,1.3689130368633113,0.15217391304347827,21.0,0.00603261636570096,11.0,2.5,
EN_083_17__ES_083_17,test,true,83,83,0.425,215.28375500472453,7.30862448308116,13.264327999284934,0.6127888739864923,1.0,14.0,0.009578103199601173,1.0,2.3529411764705883,0.65,225.19152313144482,7.316856864984258,14.045042284999221,0.5463286556643362,0.9523809523809523,20.0,0.01553784217685461,1.0,1.5384615384615383,
EN_083_18__ES_083_18,test,true,83,83,0.495,nan,nan,nan,nan,0.0,0.0,0.007799662183970213,1.0,2.0202020202020203,0.6,99.38333100584096,14.4703918579708,-0.29995771500078156,2.619364699420726,0.7368421052631579,14.0,0.018741147592663765,1.0,1.6666666666666667,
EN_083_19__ES_083_19,test,true,70,70,4.28,123.08340097503537,25.241775769290946,3.274366609323543,3.2342262039098277,0.5522388059701493,74.0,0.010146289132535458,12.0,2.803738317757009,3.885,107.87418355576851,17.235690075434345,1.0562922849992176,3.0967325690421945,0.39344262295081966,48.0,0.008227229118347168,7.0,1.8018018018018018,
EN_083_1__ES_083_1,test,true,83,83,3.48,252.15581243486548,30.343975988830785,15.896109700729555,1.9657206232038233,0.8165137614678899,89.0,0.012681136839091778,13.0,3.735632183908046,4.5,248.70830242690448,24.412855652413814,15.690188270400679,1.6986667100484862,0.9716312056737588,137.0,0.017389625310897827,14.0,3.111111111111111,
EN_083_20__ES_083_20,test,true,83,83,2.36,288.7847438132245,36.28078275250384,18.227461639837927,2.1276535125115665,0.8378378378378378,62.0,0.029123084619641304,10.0,4.237288135593221,2.74,313.02981215293755,34.31590814366068,19.643000031478085,2.0158752996072833,0.8255813953488372,71.0,0.034637365490198135,7.0,2.554744525547445,
EN_083_21__ES_083_21,test,true,70,70,0.445,338.6945107848223,96.43523040227943,20.358375618332555,5.227086239536855,0.8571428571428571,12.0,0.016906501725316048,2.0,4.49438202247191,0.6,132.54554320730415,2.4057775374404495,4.875042284999218,0.3112474899497175,0.42105263157894735,8.0,0.03417767584323883,2.0,3.3333333333333335,
EN_083_22__ES_083_22,test,true,70,70,0.425,nan,nan,nan,nan,0.0,0.0,0.03991691395640373,2.0,4.705882352941177,0.405,117.43854687753918,4.9146230203412475,2.7667089516658847,0.7602996485304697,0.9230769230769231,12.0,0.021768035367131233,2.0,4.938271604938271,
EN_083_23__ES_083_23,test,true,70,70,2.73,111.76586086752164,6.665341062765444,1.8954968304537636,1.0192364667762883,0.6395348837209303,55.0,0.007402902469038963,12.0,4.395604395604396,2.31,116.87449113715896,15.117138056139689,2.5500422849992193,2.292222876224238,0.3835616438356164,28.0,0.012381179258227348,9.0,3.896103896103896,
EN_083_2__ES_083_2,test,true,70,70,3.86,120.7500074061356,16.68463432750937,3.110042284999217,2.272971623228059,0.371900826446281,45.0,0.007479871157556772,14.0,3.626943005181347,5.0,149.63732817306652,67.53549881832664,5.748402940736923,5.984172890333538,0.3885350318471338,61.0,0.009154978208243847,13.0,2.6,
EN_083_3__ES_083_3,test,true,83,83,6.25,257.1441030233087,35.91977254807829,16.192349977306908,2.308089251575322,0.9285714285714286,182.0,0.02444157376885414,33.0,5.28,9.33,260.6656683648012,35.749864127705415,16.43248503309082,2.279379214940078,0.8972602739726028,262.0,0.03575776889920235,36.0,3.8585209003215435,
EN_083_4__ES_083_4,test,true,70,70,0.89,nan,nan,nan,nan,0.0,0.0,0.014914751052856445,1.0,1.1235955056179776,0.73,nan,nan,nan,nan,0.0,0.0,0.011037011630833149,2.0,2.73972602739726,
EN_083_5__ES_083_5,test,true,70,70,4.12,115.01966508171785,12.505395143919126,2.327185142142075,1.7912622388034833,0.2713178294573643,35.0,0.005381508264690638,8.0,1.941747572815534,4.68,147.8749545203564,64.81465168463701,5.441270355174658,6.390790542257001,0.3877551020408163,57.0,0.005680928938090801,8.0,1.7094017094017095,
EN_083_6__ES_083_6,test,true,83,83,0.55,232.2121653640184,17.463690519019362,14.535756570713502,1.314130425608587,0.7777777777777778,14.0,0.012561818584799767,2.0,3.6363636363636362,0.8,209.63625603860123,75.02058738956075,10.865831758683429,9.406283630911432,0.7307692307692307,19.0,0.012292113155126572,3.0,3.75,
EN_083_7__ES_083_7,test,true,70,70,2.865,1749.1005801310966,41.64898969260643,49.53754228499921,0.4151430476353906,0.17777777777777778,16.0,0.013014024123549461,2.0,0.6980802792321117,3.06,200.37647570476975,87.3878725244553,10.271960093218397,7.882584350835646,0.7604166666666666,73.0,0.009512034244835377,7.0,2.287581699346405,
EN_083_8__ES_083_8,test,true,83,83,3.2,265.6328552467694,25.11241634839154,16.837055272012204,1.6191508636664647,0.7623762376237624,77.0,0.03243395686149597,12.0,3.75,2.905,275.2328836059557,21.989509095992396,17.471881365458984,1.396829356065718,0.9560439560439561,87.0,0.04093499109148979,7.0,2.4096385542168677,
EN_083_9__ES_083_9,test,true,83,83,2.16,270.79545125586594,32.53853235729671,17.127820062776998,2.0018756636813144,0.6617647058823529,45.0,0.02544593997299671,10.0,4.62962962962963,2.39,284.7847876345144,35.4199850215216,17.98932799928493,2.0996324994277127,0.7466666666666667,56.0,0.038428422063589096,9.0,3.7656903765690375,
EN_084_10__ES_084_10,train,true,43,43,3.32,254.15006725424146,22.950966068989082,16.076358074472903,1.5837470908088294,0.36538461538461536,38.0,0.004857784137129784,17.0,5.120481927710844,1.96,nan,nan,nan,nan,0.0,0.0,0.0012965669156983495,1.0,0.5102040816326531,
EN_084_11__ES_084_11,train,true,43,43,1.095,155.8062631496727,15.770934010276504,7.589327999284933,1.737884445795742,0.8,28.0,0.006736307870596647,5.0,4.566210045662101,1.2,161.76217186641102,16.07757004282494,8.237542284999217,1.77419289161767,0.631578947368421,24.0,0.012761774472892284,6.0,5.0,
EN_084_12__ES_084_12,train,true,84,84,2.23,462.75611637352415,82.49193509473437,26.27004228499921,2.902382163365503,0.6428571428571429,45.0,0.026363125070929527,6.0,2.690582959641256,1.78,359.94505325261275,65.52748893523795,21.923726495525536,2.8511017455423975,0.6785714285714286,38.0,0.014746032655239105,5.0,2.8089887640449436,
EN_084_13__ES_084_13,train,true,43,43,0.615,148.82130514120792,21.46413190776912,6.688931173888107,2.640104982948151,0.9,18.0,0.006603548768907785,1.0,1.6260162601626016,0.51,158.18633491351716,4.155113649497659,7.933375618332552,0.4633812924819272,0.375,6.0,0.007942008785903454,1.0,1.9607843137254901,
EN_084_14__ES_084_14,train,true,84,84,2.9,225.64087168811105,25.095691948426985,13.983375618332552,1.9000584786322299,0.989010989010989,90.0,0.03287467360496521,13.0,4.482758620689656,2.67,254.92594982915216,48.26561886230237,15.788931173888109,4.1116215899284105,0.8571428571428571,72.0,0.016816282644867897,12.0,4.49438202247191,
EN_084_15__ES_084_15,train,true,43,43,3.6,133.65355500355355,13.662272619897534,4.931986729443663,1.7640173837711788,0.6371681415929203,72.0,0.007652664557099342,16.0,4.444444444444445,4.83,150.7951639796012,13.357281926276386,7.0420422849992175,1.5526545011688855,0.33112582781456956,50.0,0.005931471474468708,15.0,3.1055900621118013,
EN_084_16__ES_084_16,train,true,43,43,3.21,190.62540828357228,25.915745121567888,10.99004228499922,2.5592967784139455,0.49504950495049505,50.0,0.010825230740010738,14.0,4.361370716510904,2.87,197.98733875824482,33.29472697528593,11.556535791492726,3.1244880167542575,0.8555555555555555,77.0,0.011776654049754143,13.0,4.529616724738676,
EN_084_17__ES_084_17,train,true,84,84,0.52,nan,nan,nan,nan,0.0,0.0,0.02398999035358429,0.0,nan,0.72,1923.341272719289,36.55437703039474,51.18337561833255,0.3299831645537216,0.13043478260869565,3.0,0.012024796567857265,1.0,1.3888888888888888,
EN_084_18__ES_084_18,train,true,84,84,5.69,245.04396859707387,57.287851246242965,15.18615339611033,3.1044608983100117,0.6067415730337079,108.0,0.028675157576799393,16.0,2.8119507908611596,4.49,230.53510484239723,18.901911405822215,14.400579919407821,1.43943116422448,0.6595744680851063,93.0,0.030099118128418922,19.0,4.231625835189309,
EN_084_19__ES_084_19,train,true,43,43,2.27,139.29806069064506,9.816205698743266,5.694723136063049,1.229047115873746,0.6619718309859155,47.0,0.007572081871330738,10.0,4.405286343612334,1.645,158.7033616985833,16.80641192524889,7.8944867294436625,1.897431662426936,0.5192307692307693,27.0,0.005757276900112629,10.0,6.0790273556231,
EN_084_1__ES_084_1,train,true,84,84,3.91,366.1430711793257,239.89132039482868,20.166512873234506,7.909634438772585,0.6910569105691057,85.0,0.03163136541843414,13.0,3.3248081841432224,3.58,287.03667119506895,56.40241490548495,17.95530544289395,3.1363276688728483,0.6785714285714286,76.0,0.031395819038152695,11.0,3.072625698324022,
EN_084_20__ES_084_20,train,true,84,84,1.53,380.07981536395147,120.40221743134063,22.304390111086175,5.236647887380658,0.9583333333333334,46.0,0.03590971976518631,7.0,4.57516339869281,2.01,354.23840067453386,138.60181305595094,20.748224103181034,6.091379629043321,0.873015873015873,55.0,0.02567785419523716,7.0,3.4825870646766175,
EN_084_21__ES_084_21,train,true,43,43,0.97,227.13367550113912,24.650770939647842,14.105597840554774,1.810224731973054,0.5806451612903226,18.0,0.012845813296735287,2.0,2.061855670103093,0.78,194.9858232163672,17.247595081193005,11.486884390262377,1.6303730688067393,0.76,19.0,0.007558873854577541,2.0,2.564102564102564,
EN_084_22__ES_084_22,train,true,84,84,3.08,271.10826097878584,51.68866631193303,16.93957716872015,3.4077896085622696,0.8865979381443299,86.0,0.039634913206100464,13.0,4.220779220779221,3.97,284.4866316270915,64.5179726668225,17.638931173888107,4.037138547823321,0.576,72.0,0.027109220623970032,14.0,3.526448362720403,
EN_084_23__ES_084_23,train,true,84,84,2.64,380.19421282134056,126.52450194153117,22.175968210925138,5.720534330947596,0.6506024096385542,54.0,0.03512464463710785,14.0,5.303030303030303,2.72,440.0791941071146,138.23524023311117,24.787542284999216,5.495301970774673,0.46511627906976744,40.0,0.02978333830833435,13.0,4.779411764705882,
EN_084_24__ES_084_24,train,true,84,84,4.65,305.46093568358725,71.27122518639072,18.904442284999213,3.7526205030618267,0.8561643835616438,125.0,0.04075641185045242,20.0,4.301075268817204,3.705,310.1277619215315,64.23373201016695,19.266708951665883,3.265816215826536,0.8275862068965517,96.0,0.03105747699737549,12.0,3.2388663967611335,
EN_084_25__ES_084_25,train,true,43,43,0.975,172.53736312481035,18.06580189705351,9.345280380237316,1.8522768975548487,0.6774193548387096,21.0,0.018234020099043846,4.0,4.102564102564103,1.75,182.68232597635685,19.063735212778326,10.334042284999219,1.86046875813597,0.9090909090909091,50.0,0.009090748615562916,9.0,5.142857142857143,
EN_084_26__ES_084_26,train,true,84,84,1.185,337.44435849084715,125.25923400278188,19.912899427856367,6.219971782861385,0.9210526315789473,35.0,0.04827650636434555,5.0,4.219409282700422,1.2,299.5823740843485,55.08952861451137,18.7318604668174,2.9475675174578195,0.868421052631579,33.0,0.03416338562965393,4.0,3.3333333333333335,
EN_084_27__ES_084_27,train,true,43,43,3.18,186.96688859582534,52.79589683111817,10.206965361922297,4.554253100320089,0.65,65.0,0.006097329780459404,6.0,1.8867924528301885,2.98,159.55993381921908,25.99565779786314,7.85873793717313,2.827029943010287,0.48936170212765956,46.0,0.004564498085528612,6.0,2.0134228187919465,
EN_084_28__ES_084_28,train,true,84,84,0.68,306.35111488793046,40.59220272263979,19.239515969209748,2.1884613044069177,0.8636363636363636,19.0,0.008341195061802864,3.0,4.411764705882352,0.85,261.4584291687474,27.00783183928936,16.55374598870292,1.684456496911179,1.0,27.0,0.008937422186136246,3.0,3.5294117647058822,
EN_084_2__ES_084_2,train,true,84,84,4.73,447.0785465042419,240.8530628421599,23.840042284999218,8.154787959638599,0.40540540540540543,60.0,0.06623002886772156,14.0,2.9598308668076108,4.03,298.441823251651,97.03841068182521,18.169833951665883,4.917308287054062,0.7619047619047619,96.0,0.03696886822581291,14.0,3.4739454094292803,
EN_084_3__ES_084_3,train,true,84,84,3.46,236.56718381756016,27.445415689245028,14.791067926024857,2.0026543858304975,0.7155963302752294,78.0,0.04408806934952736,13.0,3.7572254335260116,3.44,583.4106739858404,679.090470172353,23.18804228499922,13.633735951675167,0.46296296296296297,50.0,0.03680616244673729,15.0,4.3604651162790695,
EN_084_4__ES_084_4,train,true,84,84,2.63,299.9983291187532,53.53552173936821,18.775799860756795,2.82522783238217,0.7951807228915663,66.0,0.03464695066213608,11.0,4.182509505703422,2.36,355.44763487695116,100.06247208051245,21.309743777536532,4.668089823199684,0.9054054054054054,67.0,0.022259777411818504,7.0,2.9661016949152543,
EN_084_5__ES_084_5,train,true,43,43,1.155,141.52971170395656,14.451270911317037,5.923955328477478,1.7535597066003976,0.6216216216216216,23.0,0.010157776065170765,4.0,3.463203463203463,2.105,141.2811035412741,22.484737118274296,5.76337561833255,2.7560519266193486,0.6818181818181818,45.0,0.006262089591473341,10.0,4.750593824228028,
EN_084_6__ES_084_6,train,true,84,84,3.615,396.49680665294704,71.95419695841008,23.550042284999215,3.2538438807047885,0.5663716814159292,64.0,0.06567393243312836,12.0,3.3195020746887964,2.255,446.22768174280696,170.85734445779946,24.84314573327508,5.8215669791514655,0.8169014084507042,58.0,0.07129315286874771,8.0,3.5476718403547673,
EN_084_7__ES_084_7,train,true,43,43,0.685,nan,nan,nan,nan,0.0,0.0,0.018133580684661865,0.0,nan,0.95,1920.347537472341,63.84163717281283,51.15004228499922,0.572712842531057,0.16666666666666666,5.0,0.00539899617433548,1.0,1.0526315789473684,
EN_084_8__ES_084_8,train,true,43,43,2.0,126.0473349268849,3.738992833991892,4.0000422849992185,0.5099019513592781,0.12698412698412698,8.0,0.010952405631542206,8.0,4.0,1.53,188.2583316482625,5.791536843114065,10.943792284999219,0.5606567020022144,0.3333333333333333,16.0,0.011662024073302746,7.0,4.57516339869281,
EN_084_9__ES_084_9,train,true,43,43,2.35,127.88258589324889,8.539644491189085,4.218560803517736,1.171391080925529,0.7297297297297297,54.0,0.008043887093663216,7.0,2.978723404255319,1.68,127.70161205662441,6.441041004061142,4.211266774795137,0.8743081991811308,0.9245283018867925,49.0,0.00911539327353239,6.0,3.5714285714285716,
EN_085_10__ES_085_10,train,true,79,79,4.25,100.28894669347598,6.311262004734185,0.015259676303565641,1.0992521946867466,0.17293233082706766,23.0,0.006529545411467552,15.0,3.5294117647058822,4.94,143.09191864816816,2.791451650796577,6.200042284999217,0.3354101966249688,0.05161290322580645,8.0,0.007718974724411964,14.0,2.8340080971659916,
EN_085_11__ES_085_11,train,true,85,85,1.11,272.2575188956691,20.914835583756574,17.288751962418576,1.3268146233536386,0.8857142857142857,31.0,0.019409270957112312,1.0,0.9009009009009008,1.18,328.3854049962173,46.93555693545097,20.411580746537677,2.4348553776475454,0.7027027027027027,26.0,0.019061770290136337,1.0,0.8474576271186441,
EN_085_12__ES_085_12,train,true,85,85,2.54,256.195096732359,28.23432533487161,16.18615339611033,1.8484457101061618,0.45,36.0,0.03017091378569603,12.0,4.724409448818897,1.75,340.6941767288744,89.8560320716415,20.591708951665883,4.7276153843372475,0.8727272727272727,48.0,0.029340749606490135,8.0,4.571428571428571,
EN_085_13__ES_085_13,train,true,79,79,3.32,124.31323863034993,16.348643059719524,3.6194300401012587,2.2632110186529455,0.47115384615384615,49.0,0.007381574250757694,15.0,4.518072289156627,3.37,150.5136675215472,24.753233874318532,6.827315012271947,3.0047586226126866,0.41509433962264153,44.0,0.010187516920268536,15.0,4.451038575667655,
EN_085_14__ES_085_14,train,true,85,85,0.66,284.9854197660008,36.01193107487231,17.99289942785636,2.1860099395433474,1.0,21.0,0.009966645389795303,1.0,1.5151515151515151,0.53,309.4984839559098,51.961603115646085,19.31879228499922,2.8752649334452647,0.9411764705882353,16.0,0.009017088450491428,1.0,1.8867924528301885,
EN_085_15__ES_085_15,train,true,85,85,2.96,276.89389905251517,67.27371937900838,17.18618686331247,3.81087784572016,0.8924731182795699,83.0,0.02122187428176403,14.0,4.72972972972973,3.23,280.1474044154798,56.13190512695703,17.498978455211986,3.382519037415599,0.9306930693069307,94.0,0.026174023747444153,14.0,4.3343653250774,
EN_085_16__ES_085_16,train,true,79,79,2.96,155.37072050938443,52.988224952194365,6.855924637940395,4.840045849916757,0.5483870967741935,51.0,0.005911852698773146,10.0,3.3783783783783785,2.0,180.74545504445257,30.569349131256978,9.969486729443664,3.1963363962550457,0.5714285714285714,36.0,0.008339747786521912,6.0,3.0,
EN_085_1__ES_085_1,train,true,85,85,3.39,305.1343350396683,80.43768019804986,18.764708951665884,4.260006051117246,0.7075471698113207,75.0,0.07631149142980576,8.0,2.359882005899705,3.62,348.65769486978695,70.37411686858609,21.283021008403477,3.3913026524328913,0.8245614035087719,94.0,0.07816717028617859,12.0,3.314917127071823,
EN_085_2__ES_085_2,train,true,79,79,1.37,nan,nan,nan,nan,0.0,0.0,0.033731456845998764,2.0,1.4598540145985401,1.25,nan,nan,nan,nan,0.0,0.0,0.03609120100736618,3.0,2.4,
EN_085_3__ES_085_3,train,true,85,85,4.85,289.50668915130854,85.6861071980479,17.821695828306304,4.229012982848553,0.8355263157894737,127.0,0.030186081305146217,22.0,4.536082474226805,3.41,331.4007532357754,126.1766857611992,19.73206475690933,5.606468210669514,0.8317757009345794,89.0,0.06680010259151459,17.0,4.9853372434017595,
EN_085_4__ES_085_4,train,true,85,85,3.15,240.400747778747,25.149665280100823,15.084486729443663,1.8979615445765377,0.9090909090909091,90.0,0.03609057888388634,14.0,4.444444444444445,2.53,276.4034613165564,76.45503090504715,17.04326262398227,4.214014729197253,0.7375,59.0,0.03895343467593193,15.0,5.928853754940712,
EN_085_5__ES_085_5,train,true,85,85,5.91,268.5747596712317,66.27728615323464,16.668396715378965,3.708659702071829,0.8540540540540541,158.0,0.045117538422346115,19.0,3.2148900169204735,3.775,312.7772011404784,82.2296580569343,19.137042284999215,4.584357206850268,0.847457627118644,100.0,0.03097294457256794,14.0,3.708609271523179,
EN_085_6__ES_085_6,train,true,85,85,3.49,331.3045984012762,106.08167543869817,20.001232761189698,4.874435108849587,0.7636363636363637,84.0,0.022388547658920288,18.0,5.1575931232091685,3.46,337.26284507582875,135.69148044703914,19.946001880958814,5.8345352734346685,0.908256880733945,99.0,0.04404779151082039,17.0,4.913294797687861,
EN_085_7__ES_085_7,train,true,85,85,4.48,259.30234137527145,55.04940539262564,16.177315012271947,3.1639994566977205,0.7801418439716312,110.0,0.023745374754071236,19.0,4.241071428571428,3.42,293.5159169600191,89.01777712777529,17.979912414869343,4.578608219741781,0.719626168224299,77.0,0.03002798929810524,15.0,4.385964912280702,
EN_085_8__ES_085_8,train,true,85,85,3.48,332.01383204735276,85.37191941979549,20.241067926024858,4.2355693437847535,0.7155963302752294,78.0,0.05162831023335457,14.0,4.022988505747127,3.15,376.43918641724827,72.02541641958858,22.60180699088157,3.5571506033938047,0.8585858585858586,85.0,0.050365328788757324,18.0,5.714285714285714,
EN_085_9__ES_085_9,train,true,79,79,5.2,139.08937713171488,18.181535737441852,5.568224103181034,2.2185450522268715,0.26993865030674846,44.0,0.007394134532660246,15.0,2.8846153846153846,4.5,159.97927272533323,21.853815738458433,7.973922882014145,2.35619789556318,0.475177304964539,67.0,0.008810325525701046,14.0,3.111111111111111,
EN_086_10__ES_086_10,train,true,86,86,0.42,218.53231268372002,10.41154785562089,13.513678648635583,0.8509595944608418,0.7857142857142857,11.0,0.011651829816401005,1.0,2.380952380952381,0.36,229.44540658027054,13.10565573309355,14.350042284999217,0.9763879010584553,1.0,12.0,0.010461472906172276,1.0,2.7777777777777777,
EN_086_11__ES_086_11,test,true,70,70,4.295,103.6841051824463,24.046594013850402,0.0671851421420753,4.59742074983576,0.25925925925925924,35.0,0.01105102151632309,12.0,2.7939464493597206,3.96,129.0777667597375,13.92043719634799,4.310042284999217,1.9798316426740254,0.12096774193548387,15.0,0.007522996980696917,9.0,2.272727272727273,
EN_086_12__ES_086_12,train,true,86,86,0.71,65.40639132514966,0.0,-7.349957715000781,0.0,0.17391304347826086,4.0,0.005666886921972036,0.0,nan,0.38,nan,nan,nan,nan,0.0,0.0,0.008877388201653957,1.0,2.6315789473684212,
EN_086_13__ES_086_13,train,true,86,86,0.845,217.0610913875637,76.21108096237539,11.69448672944366,8.671871656377956,0.6666666666666666,18.0,0.024020042270421982,2.0,2.366863905325444,0.91,279.9873927331975,35.61346091548086,17.680477067607914,2.247014402269723,0.7931034482758621,23.0,0.018824882805347443,2.0,2.1978021978021975,
EN_086_14__ES_086_14,test,true,70,70,4.85,105.89151191153996,5.071742077763918,0.9725774962668241,0.7860038316751735,0.46710526315789475,71.0,0.00909920409321785,18.0,3.711340206185567,5.88,132.81744570503935,40.73575541970787,4.286405921362855,4.36315969618753,0.717391304347826,132.0,0.01248205080628395,14.0,2.380952380952381,
EN_086_15__ES_086_15,train,true,86,86,0.58,224.99399692403466,6.56338129042992,14.031292284999218,0.5040073784182126,0.8421052631578947,16.0,0.011557639576494694,1.0,1.7241379310344829,0.495,227.7587418791927,21.397749648853576,14.18337561833255,1.469996220705649,0.9375,15.0,0.008253030478954315,1.0,2.0202020202020203,
EN_086_16__ES_086_16,train,true,86,86,3.53,244.50178833034965,33.00092377655827,15.337682734437422,2.1462180075406905,0.8018018018018018,89.0,0.02404033951461315,14.0,3.96600566572238,5.07,240.586426284095,23.037613639466258,15.123418908375845,1.5939024317852508,0.9685534591194969,154.0,0.014084702357649803,13.0,2.564102564102564,
EN_086_17__ES_086_17,train,true,86,86,4.02,263.14611794921035,33.58948331646557,16.611266774795137,2.194967930269245,0.7777777777777778,98.0,0.03815894573926926,15.0,3.73134328358209,6.0,261.9953805562744,33.495525168114696,16.540206219425446,2.1308330999638283,0.973404255319149,183.0,0.02559700421988964,16.0,2.6666666666666665,
EN_086_18__ES_086_18,test,true,70,70,4.32,114.24331247654237,19.39375512515316,2.0148570998140323,3.3097587137862825,0.39705882352941174,54.0,0.010653040371835232,17.0,3.935185185185185,4.21,115.0859814263015,14.458883335919456,2.2937204459187583,2.2031169742359875,0.6590909090909091,87.0,0.015564624220132828,13.0,3.0878859857482186,
EN_086_19__ES_086_19,train,true,86,86,0.295,232.52184588871086,7.2918392057408985,14.600042284999216,0.5352569476429058,1.0,10.0,0.01716545969247818,1.0,3.3898305084745766,0.34,237.13416408679737,11.666259390275522,14.927820062776997,0.8416620828624726,0.8181818181818182,9.0,0.007624961901456118,1.0,2.941176470588235,
EN_086_1__ES_086_1,train,true,86,86,2.52,281.0965431333517,54.998934006505316,17.562740697697627,3.380452306708969,0.7974683544303798,63.0,0.02498328872025013,8.0,3.1746031746031744,2.87,259.6573583058139,73.08474853832112,15.2684633376308,7.728803109597578,0.8444444444444444,76.0,0.020232709124684334,8.0,2.787456445993031,
EN_086_20__ES_086_20,test,true,70,70,4.215,113.4529875239633,7.983355615729805,2.144486729443663,1.1713266721284485,0.4090909090909091,54.0,0.01062982901930809,15.0,3.5587188612099645,7.55,112.69575942223553,10.591972460040038,1.9951403242149042,1.5902456412575507,0.6483050847457628,153.0,0.008299676701426506,19.0,2.5165562913907285,
EN_086_21__ES_086_21,test,true,70,70,6.05,127.99702659208099,19.37916491935027,4.074587739544672,2.625129827564771,0.5789473684210527,110.0,0.012608854100108147,31.0,5.12396694214876,8.21,131.7168611756045,25.83514899021861,4.462357555935179,3.200876736286452,0.7898832684824902,203.0,0.010385925881564617,40.0,4.872107186358099,
EN_086_2__ES_086_2,test,true,70,70,1.46,126.25401875286592,14.023872010148132,3.932899427856361,1.875783373768443,0.7608695652173914,35.0,0.015714377164840698,9.0,6.164383561643835,1.69,105.38711601037285,3.0063953467351796,0.9012050756968931,0.5008699840687698,0.8113207547169812,43.0,0.012506001628935337,9.0,5.325443786982249,
EN_086_3__ES_086_3,test,true,70,70,2.03,109.47509956074921,1.387918561535489,1.5658317586834292,0.22067637150775457,0.296875,19.0,0.014898980967700481,11.0,5.418719211822661,1.85,108.7568142040292,6.906531067287207,1.417484145464334,1.120157989320435,0.7413793103448276,43.0,0.01385439746081829,9.0,4.864864864864865,
EN_086_4__ES_086_4,train,true,86,86,0.7,250.36097173254603,17.352687299240085,15.85004228499922,1.1233068066286185,0.5,11.0,0.017545484006404877,1.0,1.4285714285714286,0.32,290.6380008787638,27.450167868386174,18.394486729443667,1.618717675686605,0.8181818181818182,9.0,0.011712375096976757,1.0,3.125,
EN_086_5__ES_086_5,test,true,70,70,1.975,133.91623531539082,9.907603873170672,5.008865814410981,1.2751280551746262,0.27419354838709675,17.0,0.019468747079372406,12.0,6.075949367088607,2.57,113.75490223162709,7.460163642321722,2.1967089516658844,1.0719867329195618,0.18518518518518517,15.0,0.023069072514772415,14.0,5.447470817120623,
EN_086_6__ES_086_6,train,true,86,86,1.085,281.33731153911884,34.77045199751592,17.7693971237089,2.2136554726309248,0.9117647058823529,31.0,0.03843525052070618,5.0,4.6082949308755765,1.2,271.35736944349696,22.34047983546634,17.22191728499922,1.4582168852317545,0.8421052631578947,32.0,0.02827799692749977,5.0,4.166666666666667,
EN_086_7__ES_086_7,test,true,70,70,3.56,276.5201796631809,137.86109957600135,14.852481309389463,10.413253464201118,0.36607142857142855,41.0,0.006099719554185867,4.0,1.1235955056179776,4.05,131.93566028575566,48.36466208029244,3.612361125578928,6.519604803735531,0.5433070866141733,69.0,0.01181830931454897,4.0,0.9876543209876544,
EN_086_8__ES_086_8,train,true,86,86,0.27,266.0645571424322,27.63767259396817,16.850042284999216,1.766981104093142,1.0,9.0,0.006530217360705137,0.0,nan,0.19,255.41743437512778,2.622042579339472,16.233375618332552,0.17716909687891144,1.0,6.0,0.00969963613897562,1.0,5.2631578947368425,
EN_086_9__ES_086_9,test,true,70,70,2.79,106.41735995416568,10.542403878436728,0.9714708564277891,2.0202293262429993,0.6363636363636364,56.0,0.012506674975156784,10.0,3.5842293906810037,2.05,108.5262634091077,7.7123292483529635,1.374284709241642,1.1992498420490743,0.5076923076923077,33.0,0.01385563425719738,5.0,2.439024390243903,
EN_087_10__ES_087_10,train,true,87,87,4.45,216.9196407589091,39.887678759047105,12.956938836723356,4.485853706047164,0.8285714285714286,116.0,0.02006470039486885,19.0,4.269662921348314,5.31,244.9713156051498,18.586738730652424,15.46314573327508,1.2822531447532073,0.8734939759036144,145.0,0.019011348485946655,19.0,3.578154425612053,
EN_087_11__ES_087_11,train,true,43,43,1.5,118.77499250569575,8.328961773897495,2.9357565707135045,1.2236890806027456,0.8936170212765957,42.0,0.005306210834532976,7.0,4.666666666666667,1.63,124.00035146901931,15.210368207830262,3.592264507221439,2.145018921324356,0.8823529411764706,45.0,0.007274414878338575,5.0,3.067484662576687,
EN_087_12__ES_087_12,train,true,43,43,1.24,128.69752229599646,8.81442780224563,4.328613713570646,1.1549140793202954,0.717948717948718,28.0,0.011715983040630817,4.0,3.2258064516129035,1.62,126.22664196344323,12.361635748066126,3.950042284999218,1.6820746119004353,0.6274509803921569,32.0,0.007450014818459749,4.0,2.4691358024691357,
EN_087_13__ES_087_13,train,true,43,43,5.54,148.36201300431895,39.62955386579474,6.275799860756794,4.268535715365598,0.3793103448275862,66.0,0.0057032788172364235,9.0,1.6245487364620939,5.96,136.5365202009932,22.22401701875407,5.179027792245596,2.6596339210486963,0.3689839572192513,69.0,0.0042119575664401054,6.0,1.0067114093959733,
EN_087_14__ES_087_14,train,true,87,87,2.04,235.98846345542293,10.75216885235928,14.846867681824614,0.7809168916958796,0.984375,63.0,0.031721003353595734,7.0,3.4313725490196076,2.68,245.72023665481908,15.806921648376703,15.528792284999218,1.1040486572157944,0.9523809523809523,80.0,0.027005478739738464,6.0,2.2388059701492535,
EN_087_15__ES_087_15,train,true,43,43,1.17,142.96677425546764,19.002141757663328,6.038503823460757,2.2668729602144624,0.7027027027027027,26.0,0.008851113729178905,4.0,3.418803418803419,1.07,nan,nan,nan,nan,0.0,0.0,0.0071990638971328735,4.0,3.7383177570093458,
EN_087_16__ES_087_16,train,true,87,87,1.23,219.72003332937993,11.810124654463213,13.603167284999218,0.9256701541991074,0.8205128205128205,32.0,0.01244285237044096,2.0,1.6260162601626016,1.4,230.60044834424582,12.761349304545314,14.437542284999218,0.9768412102281521,0.7272727272727273,32.0,0.015035832300782204,2.0,1.4285714285714286,
EN_087_17__ES_087_17,train,true,43,43,3.22,124.43750497576548,10.5971657344865,3.7219721095606215,1.4800135592035246,0.5643564356435643,57.0,0.006862165406346321,10.0,3.105590062111801,3.49,127.12057055080894,11.936564424501857,4.080345315302248,1.5891649891430688,0.6,66.0,0.003946448210626841,9.0,2.5787965616045843,
EN_087_18__ES_087_18,train,true,43,43,2.735,125.6383233991074,13.216101608419445,3.8707319401716314,1.605245562983804,0.6744186046511628,58.0,0.005205116234719753,9.0,3.290676416819013,2.85,122.37915164868679,10.123177320852715,3.4402861874382427,1.374471939052707,0.45555555555555555,41.0,0.0034765368327498436,7.0,2.456140350877193,
EN_087_19__ES_087_19,train,true,87,87,3.66,251.2307050341341,25.906735060629256,15.861363039716197,1.7103635691354762,0.9217391304347826,106.0,0.02864992991089821,15.0,4.098360655737705,4.07,247.14596286974418,25.293108920609146,15.576168411125346,1.7359324784327834,0.8671875,111.0,0.035002607852220535,12.0,2.9484029484029484,
EN_087_1__ES_087_1,train,true,87,87,4.59,245.40298218505035,66.31683327422276,14.551141186098121,6.713877615697967,0.6319444444444444,91.0,0.01173341553658247,8.0,1.7429193899782136,5.28,249.83390056571074,29.617778808412623,15.739607502390522,1.932440399577851,0.6927710843373494,115.0,0.016451671719551086,9.0,1.7045454545454544,
EN_087_20__ES_087_20,train,true,87,87,0.39,209.73219967105237,9.941429058851112,12.803888438845373,0.7967389154599425,1.0,13.0,0.01049627736210823,1.0,2.564102564102564,0.56,219.28789510362756,15.566035831658727,13.55004228499922,1.234356659817722,0.6111111111111112,11.0,0.01048590149730444,1.0,1.7857142857142856,
EN_087_21__ES_087_21,train,true,43,43,2.06,125.32927905565901,8.362061933225025,3.8712544062113388,1.1310380257138368,0.5076923076923077,33.0,0.006812109146267176,7.0,3.3980582524271843,2.0,145.62404318076577,24.545680070861856,6.27311920807614,2.8085457080280607,0.4126984126984127,26.0,0.004875783808529377,6.0,3.0,
EN_087_22__ES_087_22,train,true,87,87,3.38,259.2062985699972,37.73410499111842,16.306938836723354,2.5133513873302724,0.5471698113207547,58.0,0.02477259188890457,11.0,3.2544378698224854,4.12,241.8012381883271,33.21648711578276,15.13027484313875,2.2972086078058247,0.6666666666666666,86.0,0.020396994426846504,9.0,2.1844660194174756,
EN_087_23__ES_087_23,train,true,43,43,3.625,119.00246271550306,17.902496075118982,2.850042284999218,2.2613930010249756,0.5175438596491229,59.0,0.007449157536029816,12.0,3.310344827586207,5.16,124.21769347582419,13.92188033458863,3.654352629826805,1.8249417676764996,0.7160493827160493,116.0,0.007121426984667778,11.0,2.131782945736434,
EN_087_24__ES_087_24,train,true,87,87,3.31,258.0575279420973,28.905433169468054,16.310961825229104,1.842496826793636,0.8365384615384616,87.0,0.01644975319504738,8.0,2.416918429003021,3.87,245.7438199035125,25.77374488136973,15.477226751018634,1.7222808412304231,0.8512396694214877,103.0,0.02508935146033764,9.0,2.3255813953488373,
EN_087_25__ES_087_25,train,true,87,87,2.23,214.82501961405535,14.074424387599986,13.201604784999219,1.1159346121497218,0.9142857142857143,64.0,0.015915503725409508,11.0,4.932735426008969,2.99,217.27795713825023,13.732267278561393,13.399409373606812,1.1072686680388995,0.8404255319148937,79.0,0.011959613300859928,11.0,3.6789297658862874,
EN_087_26__ES_087_26,train,true,43,43,1.56,169.10971366758434,25.459131172586304,8.892899427856362,2.6698620311368373,0.42857142857142855,21.0,0.012298211455345154,6.0,3.846153846153846,1.88,124.97365983808395,18.96595235226431,3.685597840554773,2.3753507863102428,0.7627118644067796,45.0,0.00868547335267067,5.0,2.6595744680851063,
EN_087_27__ES_087_27,train,true,43,43,1.535,126.46446713431581,12.578093249635366,3.979772014728947,1.7132022907748359,0.7708333333333334,37.0,0.007414397317916155,6.0,3.908794788273616,1.525,124.2429393963012,10.724879027319943,3.6921475481571124,1.5173785530085084,0.7916666666666666,38.0,0.006156583782285452,7.0,4.59016393442623,
EN_087_28__ES_087_28,train,true,87,87,1.583,293.03639237366093,29.980441721913717,18.52504228499922,1.7321984192454287,0.88,44.0,0.02945840358734131,6.0,3.790271636133923,2.055,271.07762393857155,17.344148446448425,17.229074543063728,1.1070357246871523,0.9538461538461539,62.0,0.027791187167167664,7.0,3.40632603406326,
EN_087_2__ES_087_2,train,true,87,87,1.775,284.4247617557487,36.96244599435789,17.94234997730691,2.342733951361935,0.9285714285714286,52.0,0.033624615520238876,4.0,2.2535211267605635,1.665,284.24361779643766,37.48067131105584,17.92504228499922,2.400958615371634,0.8301886792452831,44.0,0.0321149006485939,4.0,2.4024024024024024,
EN_087_3__ES_087_3,train,true,43,43,1.735,130.8373191074384,2.51381349393064,4.650042284999217,0.3366501646120691,0.32727272727272727,18.0,0.009020201861858368,7.0,4.034582132564841,2.265,130.90240697326468,9.846786665114609,4.612542284999218,1.3100930310477958,0.5633802816901409,40.0,0.008542878553271294,8.0,3.532008830022075,
EN_087_4__ES_087_4,train,true,87,87,3.14,268.85934908741325,64.57536465255733,16.398429381773415,5.631528238566241,0.9393939393939394,93.0,0.04474738612771034,11.0,3.503184713375796,3.66,278.24488505074476,36.45733067195832,17.562886321696464,2.3274627251888127,0.9478260869565217,109.0,0.031479958444833755,9.0,2.459016393442623,
EN_087_5__ES_087_5,train,true,87,87,0.4,nan,nan,nan,nan,0.0,0.0,0.005496521946042776,1.0,2.5,0.54,221.19539217089664,7.729689820396263,13.733375618332552,0.6011562932290473,0.7058823529411765,12.0,0.007915033958852291,1.0,1.8518518518518516,
EN_087_6__ES_087_6,train,true,87,87,1.02,296.4976289346817,50.16231809651399,18.570042284999218,2.9141493899020805,0.46875,15.0,0.03476078063249588,1.0,0.9803921568627451,1.35,245.38381832023322,106.98640622376276,13.034042284999218,10.355353398122151,0.5813953488372093,25.0,0.017688650637865067,1.0,0.7407407407407407,
EN_087_7__ES_087_7,train,true,43,43,2.79,111.40512321247344,2.1044771236036217,1.8667089516658846,0.3261730965130143,0.13636363636363635,12.0,0.007697673514485359,5.0,1.7921146953405018,3.26,179.39422014589042,87.55164664358442,8.397734592691524,7.3409516820118865,0.6372549019607843,65.0,0.004580698441714048,5.0,1.5337423312883436,
EN_087_8__ES_087_8,train,true,43,43,2.42,124.35937161992314,11.331907959566344,3.700919477981674,1.601547804744944,0.75,57.0,0.006893438752740622,10.0,4.132231404958678,2.91,121.84639863396508,9.633371370504378,3.366708951665885,1.3678131079985667,0.9230769230769231,84.0,0.00586777925491333,12.0,4.123711340206185,
EN_087_9__ES_087_9,train,true,87,87,2.74,244.3680701510836,29.659368715964654,15.342542284999217,2.0859515214884556,0.9302325581395349,80.0,0.02640194073319435,14.0,5.10948905109489,2.83,249.2300165670269,51.36996547934402,15.316307345240181,4.5151225712440555,0.9325842696629213,83.0,0.02020241692662239,11.0,3.8869257950530036,
EN_088_10__ES_088_10,train,true,88,88,2.6,125.2821795669467,8.727038744622655,3.8600422849992184,1.2091496421629777,0.8536585365853658,70.0,0.009801525622606277,12.0,4.615384615384615,2.59,129.82589691575342,15.58990649790766,4.3885038234607565,2.1492533449615476,0.9629629629629629,78.0,0.007841690443456173,11.0,4.2471042471042475,
EN_088_11__ES_088_11,train,true,85,85,1.26,130.23959956107825,4.308460916534698,4.564327999284932,0.5825115688904003,0.525,21.0,0.006218222435563803,6.0,4.761904761904762,1.25,158.2904169373384,24.65419251406726,7.750042284999217,2.6112576791015205,0.75,30.0,0.008256180211901665,6.0,4.8,
EN_088_12__ES_088_12,train,true,88,88,1.73,117.82587182827324,5.016856036040539,2.8238518088087425,0.7489864655810433,0.7636363636363637,42.0,0.007094819098711014,8.0,4.624277456647399,2.08,116.25071255442792,8.44212677242391,2.5613326075798626,1.2557101626119747,0.9393939393939394,62.0,0.007152166683226824,8.0,3.846153846153846,
EN_088_13__ES_088_13,train,true,85,85,2.37,133.44953639868973,34.46871076995452,4.530042284999217,3.8152238903285,0.8,60.0,0.007974794134497643,12.0,5.063291139240506,2.445,144.09947272245566,19.37882238741767,6.162349977306911,2.3932281187555793,0.8441558441558441,65.0,0.006999250967055559,10.0,4.08997955010225,
EN_088_14__ES_088_14,train,true,85,85,1.82,129.92217081478557,8.069546557464905,4.497410706051849,1.09850061497845,0.3333333333333333,19.0,0.009000582620501518,7.0,3.846153846153846,1.53,163.07386656131433,35.535197912190206,8.10126179719434,3.4700194665384605,0.8541666666666666,41.0,0.0075340368784964085,7.0,4.57516339869281,
EN_088_15__ES_088_15,train,true,88,88,1.13,148.56798364340898,41.78113958509517,5.976129241520958,5.89548223430851,0.6388888888888888,23.0,0.006548553239554167,5.0,4.424778761061948,1.13,174.3251487975323,29.48908501357094,9.35289942785636,3.1171860675281855,0.9722222222222222,35.0,0.008513674139976501,3.0,2.6548672566371683,
EN_088_16__ES_088_16,train,true,85,85,1.355,122.60203156428227,4.6662693691024195,3.5154269003838334,0.6521811379412856,0.6046511627906976,26.0,0.0075200698338449,7.0,5.166051660516605,1.21,153.509398034383,15.305232842583099,7.347101108528629,1.5276828463044068,0.8947368421052632,34.0,0.005338780581951141,6.0,4.958677685950414,
EN_088_17__ES_088_17,train,true,88,88,1.185,182.5024509968908,63.15426816132896,9.34314573327508,6.1343538588151665,0.7631578947368421,29.0,0.009486622177064419,6.0,5.063291139240506,1.25,160.58649735501012,42.67382105778442,7.683375618332553,4.053667749362573,0.75,30.0,0.005678410641849041,4.0,3.2,
EN_088_18__ES_088_18,train,true,85,85,4.3,156.05470029647594,23.30320622177666,7.523436780412062,2.472403362248517,0.8074074074074075,109.0,0.02452266402542591,10.0,2.3255813953488373,5.035,126.97742519072865,20.394456917711548,3.928668239197691,2.627889398766776,0.8291139240506329,131.0,0.009511604905128479,8.0,1.5888778550148956,
EN_088_19__ES_088_19,train,true,88,88,1.21,121.2404215463263,4.754509776960287,3.3210100269347023,0.6840078986466681,0.8157894736842105,31.0,0.012277791276574135,4.0,3.3057851239669422,1.305,126.08435915081573,6.995632180855066,3.985939720896654,0.9630313197471506,0.9512195121951219,39.0,0.010078520514070988,4.0,3.0651340996168583,
EN_088_1__ES_088_1,train,true,85,85,1.41,114.71316844274075,9.663235046493773,2.3141448491017824,1.4739598121869348,0.8666666666666667,39.0,0.005409328732639551,7.0,4.964539007092199,1.465,116.16790691910592,5.772751570124541,2.5731192080761414,0.8617101477284719,0.5652173913043478,26.0,0.006766211707144976,8.0,5.46075085324232,
EN_088_20__ES_088_20,train,true,85,85,0.9,122.20925669322182,29.88201051775027,2.953888438845372,4.2291552865637145,0.896551724137931,26.0,0.012002226896584034,2.0,2.2222222222222223,0.545,nan,nan,nan,nan,0.0,0.0,0.005118681117892265,2.0,3.6697247706422016,
EN_088_21__ES_088_21,train,true,88,88,1.53,118.50131719832447,10.811689200675284,2.8692730542299874,1.538235560326589,0.5416666666666666,26.0,0.00546882301568985,3.0,1.9607843137254901,1.52,122.97045493877873,13.03479423060904,3.4914215953440446,1.710317018683824,0.6041666666666666,29.0,0.00568503187969327,4.0,2.6315789473684212,
EN_088_22__ES_088_22,train,true,85,85,1.39,121.14341893407303,4.969854592601129,3.3055978405547735,0.7258881320471584,0.4090909090909091,18.0,0.007452626246958971,6.0,4.316546762589929,1.69,123.08173114935329,9.42119047747618,3.5465940091371473,1.2874681806903545,0.5471698113207547,29.0,0.010190553031861782,8.0,4.733727810650888,
EN_088_23__ES_088_23,train,true,85,85,2.9,145.26007039927592,37.98600784697939,6.004708951665885,3.7602586199474217,0.8241758241758241,75.0,0.012195223942399025,11.0,3.793103448275862,2.105,201.51026968129267,34.27277979693648,11.871917284999219,3.0335348991523072,0.9696969696969697,64.0,0.00719967158511281,11.0,5.225653206650831,
EN_088_24__ES_088_24,train,true,88,88,1.1,168.509269936499,28.82470221751166,8.785756570713504,2.9191748205020303,0.8,28.0,0.011751239188015461,5.0,4.545454545454545,1.365,177.63618277050787,33.51535140369,9.657359358169948,3.1262375300969314,0.9534883720930233,41.0,0.011750555597245693,6.0,4.395604395604396,
EN_088_25__ES_088_25,train,true,88,88,2.74,145.23734529113523,8.712172127048712,6.430370153851679,1.0252260321959152,0.7093023255813954,61.0,0.00920786987990141,13.0,4.744525547445255,3.03,146.37652499663255,12.589427529658366,6.527257474872636,1.5749582567977296,0.8315789473684211,79.0,0.007969697937369347,13.0,4.29042904290429,
EN_088_26__ES_088_26,train,true,85,85,4.06,120.75736785856832,13.149803160033343,3.166708951665884,1.8318933738985284,0.5669291338582677,72.0,0.007429745513945818,13.0,3.201970443349754,4.37,111.28560185810949,12.161011568067167,1.746633194090127,1.9158696615159796,0.6423357664233577,88.0,0.006172558758407831,10.0,2.2883295194508007,
EN_088_27__ES_088_27,train,true,85,85,4.04,113.13316962197479,18.388816920755872,1.8909513759083083,2.9839965712430163,0.1732283464566929,22.0,0.006790617480874062,12.0,2.9702970297029703,2.95,110.32505139835587,7.0175928192967065,1.6660422849992178,1.1026078178572838,0.26881720430107525,25.0,0.005992435850203037,7.0,2.3728813559322033,
EN_088_28__ES_088_28,train,true,85,85,3.85,112.83677383041146,6.7210061126397855,2.0591331940901267,1.0571871301236944,0.36363636363636365,44.0,0.008358671329915524,13.0,3.3766233766233764,2.79,103.85745906962038,7.646819362389549,0.6100422849992182,1.240591256887887,0.3409090909090909,30.0,0.0036392544861882925,10.0,3.5842293906810037,
EN_088_29__ES_088_29,train,true,85,85,3.87,117.47812898171648,12.168248805397807,2.6949140798710127,1.8064448323382012,0.6446280991735537,78.0,0.0076543721370399,8.0,2.0671834625322996,4.58,110.39251561974405,5.903274473955082,1.686153396110329,0.9487280308619588,0.5,72.0,0.005357830319553614,7.0,1.5283842794759825,
EN_088_2__ES_088_2,train,true,88,88,0.63,nan,nan,nan,nan,0.0,0.0,0.004897790960967541,2.0,3.1746031746031744,0.665,nan,nan,nan,nan,0.0,0.0,0.010764469392597675,2.0,3.007518796992481,
EN_088_30__ES_088_30,train,true,88,88,0.57,142.9084844786121,8.72631286335045,6.150042284999219,1.0271319292087067,0.6666666666666666,12.0,0.004301239736378193,2.0,3.5087719298245617,0.52,128.86010824351632,14.361791744294603,4.285756570713505,1.880200271573349,0.8235294117647058,14.0,0.004560988396406174,2.0,3.846153846153846,
EN_088_31__ES_088_31,train,true,88,88,1.8,128.27790450638696,9.90371124181303,4.256708951665885,1.3975216158137467,0.7894736842105263,45.0,0.007865240797400475,7.0,3.888888888888889,1.59,121.48771906792756,8.42619769890407,3.3300422849992173,1.1588500046741748,0.9,45.0,0.006383453495800495,7.0,4.40251572327044,
EN_088_32__ES_088_32,train,true,85,85,2.36,115.08948437727386,13.052483751335444,2.318463337630797,2.006407096466161,0.7702702702702703,57.0,0.008615229278802872,10.0,4.237288135593221,2.1,101.14198373954332,10.313643852959853,0.10182799928493257,1.840418340586549,0.8484848484848485,56.0,0.005701221525669098,11.0,5.238095238095238,
EN_088_33__ES_088_33,train,true,88,88,0.95,110.88030822265232,6.0045463656338685,1.7643279992849317,0.891112581357183,0.4666666666666667,14.0,0.006804654374718666,3.0,3.1578947368421053,0.86,119.34560711234147,5.146122297030192,3.045280380237313,0.7593707861971685,0.7777777777777778,21.0,0.00919936690479517,3.0,3.488372093023256,
EN_088_34__ES_088_34,train,true,85,85,2.24,130.74841942320032,11.36283574321685,4.576827999284932,1.4934967443922345,0.7887323943661971,56.0,0.012254362925887108,10.0,4.4642857142857135,2.24,160.46860606918204,14.198273496509055,8.117433589347044,1.5712158609381193,0.647887323943662,46.0,0.01450960710644722,8.0,3.571428571428571,
EN_088_3__ES_088_3,train,true,85,85,2.505,120.07561923702875,8.53090862839427,3.125042284999218,1.2023414656411047,0.810126582278481,64.0,0.005523610860109329,14.0,5.588822355289421,3.46,127.29779257206393,8.831812846266464,4.135609295308497,1.2286099504961177,0.8899082568807339,97.0,0.007052903529256582,15.0,4.335260115606936,
EN_088_4__ES_088_4,train,true,88,88,1.44,119.34034450320787,4.764130971641896,3.0473395822965155,0.6855601325909356,0.8043478260869565,37.0,0.004895925987511873,6.0,4.166666666666667,1.27,116.81976821931416,4.012905163777603,2.6810767677578387,0.600059450086844,0.725,29.0,0.007427574601024389,5.0,3.937007874015748,
EN_088_5__ES_088_5,train,true,85,85,1.37,106.3162653808077,5.152814103716322,1.040042284999218,0.8383913167489278,0.23255813953488372,10.0,0.003998910076916218,4.0,2.9197080291970803,2.375,100.4958121696873,4.66627456574786,0.06670895166588485,0.8120276404709931,0.4,30.0,0.003830130212008953,4.0,1.6842105263157894,
EN_088_6__ES_088_6,train,true,85,85,5.69,107.72790930986106,8.757979680256922,1.2287089516658842,1.463082894287113,0.42134831460674155,75.0,0.004388537723571062,22.0,3.8664323374340945,4.24,108.70267267825226,6.416321205835776,1.414599247024535,1.0194361775869292,0.5939849624060151,79.0,0.004587910603731871,15.0,3.5377358490566038,
EN_088_7__ES_088_7,train,true,88,88,4.46,117.9995174307857,7.853827226097622,2.8281244767800393,1.1275195925573422,0.5214285714285715,73.0,0.005042416509240866,12.0,2.690582959641256,3.035,113.30259047903733,6.220219308479135,2.1371011085286296,0.9231389208174615,0.8947368421052632,85.0,0.007602021563798189,11.0,3.6243822075782535,
EN_088_8__ES_088_8,train,true,85,85,0.68,nan,nan,nan,nan,0.0,0.0,0.0029004798270761967,1.0,1.4705882352941175,0.46,102.17436098742857,5.173395112761857,0.35004228499921763,0.8814324006542283,0.8666666666666667,13.0,0.0027960618026554585,1.0,2.1739130434782608,
EN_088_9__ES_088_9,train,true,85,85,2.62,115.4604444926957,14.621987897319793,2.3622374069504377,2.04536300337763,0.5,41.0,0.011332811787724495,11.0,4.198473282442748,2.465,104.32066899859207,13.749832116554474,0.580811515768449,2.296614436474369,0.3333333333333333,26.0,0.004836954176425934,10.0,4.056795131845842,
EN_089_10__ES_089_10,train,true,89,89,2.52,551.9118208751679,626.6571684244594,22.75866297465439,13.11146227257239,0.7341772151898734,58.0,0.018229344859719276,9.0,3.5714285714285716,2.835,273.1248032345687,41.939407498381925,17.19511270753442,2.619148809823224,0.797752808988764,71.0,0.02315077930688858,9.0,3.1746031746031744,
EN_089_11__ES_089_11,train,true,85,85,1.3,147.0924052402151,5.621718306026192,6.667689343822747,0.6749599501126384,0.8292682926829268,34.0,0.047299936413764954,1.0,0.7692307692307692,0.673,114.90720103616127,4.076459995986014,2.3944867294436616,0.624697457638693,0.8181818181818182,18.0,0.008470172993838787,1.0,1.4858841010401187,
EN_089_12__ES_089_12,train,true,85,85,2.64,214.40138847390878,145.12404408329,9.391977768870186,11.182756720362176,0.37349397590361444,31.0,0.009531982243061066,9.0,3.4090909090909087,2.92,125.2053208963192,23.019070504495463,3.6105686007886915,3.088820203460778,0.41304347826086957,38.0,0.009388313628733158,10.0,3.4246575342465753,
EN_089_13__ES_089_13,train,true,89,89,1.015,nan,nan,nan,nan,0.0,0.0,0.009056387469172478,1.0,0.9852216748768474,1.04,317.4802649427848,38.90049620871804,19.870042284999215,2.12201162422201,0.45454545454545453,15.0,0.015853719785809517,1.0,0.9615384615384615,
EN_089_14__ES_089_14,train,true,89,89,4.51,235.8845302672998,31.014768088256705,14.710944540638316,2.2374070178173597,0.9432624113475178,133.0,0.019378699362277985,20.0,4.434589800443459,7.07,241.45809892536698,29.37388573022861,15.135469420677612,2.0797996360461806,0.9004524886877828,199.0,0.019654488191008568,24.0,3.3946251768033946,
EN_089_15__ES_089_15,train,true,89,89,5.56,228.31908262699082,37.53036295656886,14.032207890094758,3.105645223271604,0.9022988505747126,157.0,0.020691348239779472,21.0,3.776978417266187,6.18,238.08001768746993,23.57464894289941,14.936212497765176,1.658735808278676,0.9690721649484536,188.0,0.020479319617152214,22.0,3.5598705501618126,
EN_089_16__ES_089_16,train,true,85,85,7.93,109.65838989721301,16.565251339541916,1.3703125552694886,2.9055389661318842,0.29838709677419356,74.0,0.0026944417040795088,18.0,2.269861286254729,8.17,105.23540616764079,15.927496853019084,0.67444704690398,2.741143683448691,0.65625,168.0,0.0032909191213548183,14.0,1.7135862913096696,
EN_089_17__ES_089_17,train,true,85,85,4.55,107.33539855696137,7.666362873755124,1.1826953462237075,1.208538965302276,0.34265734265734266,49.0,0.0045702713541686535,13.0,2.857142857142857,4.825,103.25086234275402,8.487289281527863,0.4906672849992181,1.5124192902019598,0.2119205298013245,32.0,0.003911072388291359,16.0,3.316062176165803,
EN_089_18__ES_089_18,train,true,89,89,2.98,240.0545825823086,18.192026707597854,15.112395226175687,1.2795198061210529,0.9042553191489362,85.0,0.01924392394721508,10.0,3.3557046979865772,5.51,236.6572593858708,21.16741531974537,14.846496185708439,1.5156119634528429,0.815028901734104,141.0,0.020759914070367813,10.0,1.8148820326678767,
EN_089_19__ES_089_19,train,true,85,85,5.975,115.43326864821204,24.483645243660508,2.144723136063048,3.3240377593829367,0.5026737967914439,94.0,0.005566593259572983,19.0,3.179916317991632,4.62,110.01940008481385,15.915877458988072,1.4596914078062353,2.6444901109780377,0.7862068965517242,114.0,0.006286396645009518,13.0,2.813852813852814,
EN_089_1__ES_089_1,train,true,89,89,4.33,246.3219427268257,32.3384765748608,15.45864443553685,2.2594916125297186,0.6838235294117647,93.0,0.010327449068427086,15.0,3.464203233256351,5.47,240.20719409198466,21.887578903526794,15.101223387361422,1.54969471932618,0.7426900584795322,127.0,0.01157129555940628,12.0,2.193784277879342,
EN_089_20__ES_089_20,train,true,89,89,0.53,235.81191174347038,18.383728208036246,14.800042284999218,1.3304134695650063,0.9411764705882353,16.0,0.007521658204495907,1.0,1.8867924528301885,0.57,250.7145215854899,10.736324894332178,15.896708951665886,0.7401501349200857,0.8333333333333334,15.0,0.012437489815056324,1.0,1.7543859649122808,
EN_089_21__ES_089_21,train,true,89,89,0.393,247.73798013991185,11.25334531838221,15.68850382346076,0.7671510347116605,1.0,13.0,0.006719169206917286,1.0,2.544529262086514,0.42,273.30069495254673,9.814389190963793,17.394486729443663,0.6308919807368171,0.6428571428571429,9.0,0.011522889137268066,1.0,2.380952380952381,
EN_089_22__ES_089_22,train,true,85,85,4.74,98.63541149412835,9.2614563040877,-0.3209722077544053,1.7384902203253176,0.46308724832214765,69.0,0.0065186889842152596,23.0,4.852320675105485,7.49,104.61605369369201,10.705666132360237,0.6969449398664747,1.67844590974504,0.4808510638297872,113.0,0.004418851807713509,20.0,2.67022696929239,
EN_089_23__ES_089_23,train,true,89,89,5.27,228.89661895688866,17.588852546622146,14.283826068783005,1.358285587435254,0.896969696969697,148.0,0.021915676072239876,25.0,4.743833017077799,6.02,223.93050175965465,17.37634181634205,13.904899427856362,1.3358215694119195,0.9259259259259259,175.0,0.016365889459848404,21.0,3.4883720930232562,
EN_089_24__ES_089_24,train,true,85,85,3.26,114.15024263672677,8.646494972584678,2.2418790196930956,1.3058481854903818,0.4803921568627451,49.0,0.00909896194934845,13.0,3.9877300613496933,5.9,109.03440392459123,13.554223643011957,1.3691434085947238,2.0861165686721885,0.4810810810810811,89.0,0.00508070457726717,15.0,2.542372881355932,
EN_089_25__ES_089_25,train,true,89,89,4.94,219.53224733272737,18.51752116170394,13.551512873234511,1.4624709798084907,0.8774193548387097,136.0,0.017302239313721657,21.0,4.251012145748987,5.92,228.134201150613,19.897088235849242,14.213622531912796,1.495249934632075,0.8709677419354839,162.0,0.014580516144633293,16.0,2.7027027027027026,
EN_089_2__ES_089_2,train,true,85,85,4.23,96.48880265239036,6.033590490826229,-0.65289889147137,1.0891133182865798,0.2556390977443609,34.0,0.004712933208793402,13.0,3.073286052009456,4.32,102.33214485389051,8.890359198170053,0.3362124977651755,1.462044696454889,0.6911764705882353,94.0,0.0038058406207710505,12.0,2.7777777777777777,
EN_089_3__ES_089_3,train,true,85,85,1.99,94.1133779652651,5.204792560470518,-1.0760446715225214,0.9367925812391185,0.36507936507936506,23.0,0.002826671814545989,8.0,4.0201005025125625,2.45,105.86259751662594,12.024829964008912,0.856102891059824,2.2145441276471782,0.8571428571428571,66.0,0.0051344926469028,8.0,3.265306122448979,
EN_089_4__ES_089_4,train,true,89,89,5.3,215.50101515393794,12.092661029710547,13.265042284999218,0.9728400984451951,0.8433734939759037,140.0,0.011192173697054386,20.0,3.7735849056603774,6.87,221.89191610695357,11.245199352669921,13.776106114786451,0.8760473586794054,0.8744186046511628,188.0,0.014420853927731514,24.0,3.493449781659389,
EN_089_5__ES_089_5,train,true,85,85,0.205,100.828257067092,2.840672936631436,0.13575657071350333,0.496929346597888,1.0,7.0,0.00485429260879755,1.0,4.878048780487805,0.38,nan,nan,nan,nan,0.0,0.0,0.004958071745932102,1.0,2.6315789473684212,
EN_089_6__ES_089_6,train,true,85,85,0.42,nan,nan,nan,nan,0.0,0.0,0.009047730825841427,1.0,2.380952380952381,0.62,93.18954361176826,3.2876233751539328,-1.231775896818964,0.6057574999620973,0.55,11.0,0.003999264445155859,1.0,1.6129032258064517,
EN_089_7__ES_089_7,train,true,85,85,4.14,100.53283064301367,8.029750143887295,0.03734387230080492,1.373038810708483,0.4846153846153846,63.0,0.003594254143536091,12.0,2.8985507246376816,4.35,99.7224709887008,12.442357253887181,-0.196793158038757,2.3332942672277683,0.5808823529411765,79.0,0.003985639661550522,17.0,3.9080459770114944,
EN_089_8__ES_089_8,train,true,89,89,0.45,228.52084157164927,18.875013386425525,14.25004228499922,1.408646767037682,0.9333333333333333,14.0,0.007116921246051788,1.0,2.2222222222222223,0.45,273.2939457606664,27.519186064708038,17.316708951665884,1.7575235101952082,0.8,12.0,0.008427250199019909,1.0,2.2222222222222223,
EN_089_9__ES_089_9,train,true,89,89,2.5,217.71521835687287,13.764056160748458,13.434973791848533,1.0885042184873945,0.9240506329113924,73.0,0.008599670603871346,9.0,3.6,4.37,219.24834063322055,14.536311523903098,13.552673863946586,1.1497872058132728,0.8321167883211679,114.0,0.013846282847225666,11.0,2.517162471395881,
EN_090_10__ES_090_10,dev,true,90,90,4.57,234.6566570553789,23.548556197019575,14.680951375908304,1.7168017545607324,0.7692307692307693,110.0,0.02339976467192173,19.0,4.157549234135667,3.27,243.85485069189474,21.53258465727907,15.366884390262378,1.4934701823590484,0.9223300970873787,95.0,0.016708120703697205,16.0,4.892966360856269,
EN_090_11__ES_090_11,dev,true,90,90,4.21,276.9255405398992,70.00579068146546,17.132899427856362,4.062264373072572,0.7954545454545454,105.0,0.016002492979168892,12.0,2.8503562945368173,3.06,293.4478796142162,71.80435370349483,18.158931173888107,3.987609822784249,0.9375,90.0,0.02062506414949894,16.0,5.228758169934641,
EN_090_12__ES_090_12,dev,true,90,90,5.06,242.59413655287256,24.75466189835005,15.253432115507694,1.752525161375013,0.7421383647798742,118.0,0.01327887549996376,11.0,2.173913043478261,4.73,266.0849985262061,55.065982758641425,16.60959284679697,3.3060964830610544,0.6013513513513513,89.0,0.013531947508454323,10.0,2.1141649048625792,
EN_090_13__ES_090_13,dev,true,90,90,7.73,207.16405054781725,35.572642851260575,12.293271451665886,3.5311494808087596,0.7933884297520661,192.0,0.016449805349111557,32.0,4.139715394566624,6.46,211.02749706631778,15.202556001679882,12.885458951665884,1.2233389390198535,0.9504950495049505,192.0,0.01721997745335102,31.0,4.798761609907121,
EN_090_14__ES_090_14,dev,true,57,57,0.42,221.80195088201958,22.97816425144875,13.700042284999217,1.7698870020427866,1.0,14.0,0.010680168867111206,1.0,2.380952380952381,0.46,222.1019358313525,11.521853280638284,13.791708951665884,0.888311444383231,0.8,12.0,0.010372543707489967,1.0,2.1739130434782608,
EN_090_15__ES_090_15,dev,true,90,90,4.85,213.0098008365283,22.33861586368233,13.002597029524765,1.7225037070281342,0.9013157894736842,137.0,0.014843206852674484,18.0,3.711340206185567,5.07,214.18182908276023,20.205937452490506,13.117668184279792,1.4966252601774332,0.8742138364779874,139.0,0.014685533009469509,15.0,2.9585798816568047,
EN_090_16__ES_090_16,dev,true,57,57,0.6,221.99264397749715,13.090424257038697,13.776358074472904,1.0129904167797121,1.0,19.0,0.011589140631258488,1.0,1.6666666666666667,0.44,229.07021360310773,10.356397500157556,14.331860466817401,0.7802309469500127,0.7857142857142857,11.0,0.01042334083467722,1.0,2.272727272727273,
EN_090_17__ES_090_17,dev,true,90,90,4.46,225.91034570702837,17.694838145016128,14.057249492206424,1.3307663383010802,0.7928571428571428,111.0,0.026053255423903465,15.0,3.3632286995515694,3.14,205.04906110331027,50.08205502044001,11.782395226175685,5.059192018043249,0.6868686868686869,68.0,0.02219882793724537,13.0,4.140127388535031,
EN_090_18__ES_090_18,dev,true,57,57,0.71,234.0864346503814,19.308500539416045,14.667433589347045,1.3952254528470343,1.0,23.0,0.009569798596203327,1.0,1.4084507042253522,0.495,214.79489697340946,11.214843680195997,13.211580746537681,0.9136052518527995,0.8125,13.0,0.010631801560521126,1.0,2.0202020202020203,
EN_090_19__ES_090_19,dev,true,90,90,4.82,225.175944999802,19.277751285516,13.990875618332552,1.4528991610646016,0.7947019867549668,120.0,0.014403720386326313,16.0,3.3195020746887964,4.14,226.2760064085268,24.657547815098138,14.037139059192766,1.847839529320289,0.9538461538461539,124.0,0.01601855456829071,18.0,4.347826086956522,
EN_090_1__ES_090_1,dev,true,90,90,4.36,213.25622141504087,22.081488017055296,13.02147085642779,1.745898984851679,0.7153284671532847,98.0,0.023427048698067665,12.0,2.7522935779816513,3.125,235.96757029710898,24.46682501647388,14.775042284999218,1.723282068309342,0.9387755102040817,92.0,0.018027696758508682,9.0,2.88,
EN_090_2__ES_090_2,dev,true,57,57,1.25,235.77397226414948,23.41401551127805,14.771094916578166,1.6033120152617049,0.95,38.0,0.02129850722849369,2.0,1.6,0.945,234.25346333876266,8.726111900141495,14.725042284999219,0.6365597641489233,0.8,24.0,0.029572902247309685,2.0,2.1164021164021167,
EN_090_3__ES_090_3,dev,true,57,57,3.46,264.2902027445864,32.499352308775954,16.705956263493842,1.9924298865494254,0.8532110091743119,93.0,0.022381534799933434,14.0,4.046242774566474,2.93,289.6703403095577,27.73472166610289,18.332600424534096,1.674653165095382,0.9347826086956522,86.0,0.03424341231584549,11.0,3.7542662116040955,
EN_090_4__ES_090_4,dev,true,90,90,3.99,258.0527190237557,75.15202278216023,15.87571796067489,3.9981435154943363,0.592,74.0,0.015061445534229279,14.0,3.508771929824561,4.95,255.10060465453395,71.50892842161943,15.54254228499922,4.9566649153774085,0.7741935483870968,120.0,0.012452983297407627,13.0,2.6262626262626263,
EN_090_5__ES_090_5,dev,true,90,90,2.925,218.85297076653504,16.38195069433789,13.51147085642779,1.2886640764919366,0.7608695652173914,70.0,0.01180600468069315,10.0,3.418803418803419,2.08,236.97456197068962,17.666978881795405,14.888375618332553,1.297059709068511,0.9090909090909091,60.0,0.01066779624670744,7.0,3.3653846153846154,
EN_090_6__ES_090_6,dev,true,90,90,2.79,237.7545183666358,25.527161542600528,14.914748167352158,1.5599551941041303,0.7727272727272727,68.0,0.0258807260543108,10.0,3.5842293906810037,1.84,251.34912926512987,60.26413426451282,15.586249181550942,3.325382958286576,1.0,58.0,0.026249391958117485,8.0,4.3478260869565215,
EN_090_7__ES_090_7,dev,true,90,90,5.59,224.07217075930254,32.32021886308798,13.800708951665886,2.360670714483963,0.8571428571428571,150.0,0.01957564428448677,20.0,3.5778175313059033,4.28,251.61881415812212,38.260246968719585,15.781975058108456,2.563051384354573,0.8880597014925373,119.0,0.014425135217607021,15.0,3.5046728971962615,
EN_090_8__ES_090_8,dev,true,90,90,1.96,245.91035035949608,15.13219204887562,15.54516423621873,1.056905565966895,0.6612903225806451,41.0,0.027718443423509598,7.0,3.5714285714285716,2.625,273.2834896912991,40.94902083500818,17.251491560361536,2.1727223792473076,0.8313253012048193,69.0,0.02512103132903576,8.0,3.0476190476190474,
EN_090_9__ES_090_9,dev,true,90,90,6.45,231.05424732862224,20.30114370396937,14.434319014558968,1.4820322012133644,0.7871287128712872,159.0,0.02422216348350048,20.0,3.1007751937984493,3.51,220.7652896069637,20.401953521708226,13.637892752288938,1.573834550578059,0.9727272727272728,107.0,0.017845699563622475,21.0,5.982905982905983,
EN_091_10__ES_091_10,train,true,86,86,0.84,173.27754649721186,11.000597940866875,9.481621232367639,1.1112120606649807,0.7037037037037037,19.0,0.004955795127898455,4.0,4.761904761904762,1.06,2076.210773134785,16.192936679622758,52.510042284999216,0.1356465996625033,0.14705882352941177,5.0,0.003274844493716955,3.0,2.830188679245283,
EN_091_11__ES_091_11,train,true,86,86,2.99,106.92255615862925,3.385116142070834,1.150042284999218,0.5517648452415619,0.3829787234042553,36.0,0.02701428346335888,17.0,5.68561872909699,3.89,117.8398682987087,9.582091579104793,2.7860071972799196,1.385268812534007,0.9344262295081968,114.0,0.01390842255204916,16.0,4.113110539845758,
EN_091_12__ES_091_12,train,true,86,86,3.18,101.51685907806501,9.875868923105855,0.1679910029479361,1.848058134682192,0.39,39.0,0.01293353084474802,13.0,4.088050314465408,3.28,119.71569856633121,10.087518242232065,3.0535716967639233,1.4655612904937723,0.8252427184466019,85.0,0.01507578045129776,12.0,3.658536585365854,
EN_091_13__ES_091_13,train,true,91,91,6.14,111.72723800162825,10.09427223955977,1.8500422849992175,1.5495366500303354,0.4895833333333333,94.0,0.004213063511997461,18.0,2.9315960912052117,6.08,116.28762546622778,15.618316703383094,2.4667089516658844,2.2097322613082935,0.7539267015706806,144.0,0.006554031278938055,18.0,2.9605263157894735,
EN_091_14__ES_091_14,train,true,86,86,0.36,100.29435886417765,5.730262877305493,0.022769557726490305,0.9854310631217637,0.9166666666666666,11.0,0.013534081168472767,1.0,2.7777777777777777,0.42,110.60715499666829,6.08847449579336,1.7200422849992187,0.9274157643689267,0.7142857142857143,10.0,0.006762129720300436,1.0,2.380952380952381,
EN_091_15__ES_091_15,train,true,86,86,3.52,103.39171504192247,7.574516802025876,0.5317089516658845,1.2557191388027642,0.5405405405405406,60.0,0.01419849880039692,13.0,3.6931818181818183,4.34,127.40030271928113,17.194336426307217,4.041531646701347,2.2674223613567115,0.34558823529411764,47.0,0.010534519329667091,11.0,2.5345622119815667,
EN_091_16__ES_091_16,train,true,91,91,1.05,188.6549499069424,19.99687689308416,10.892147548157114,1.8290969268650132,0.5757575757575758,19.0,0.01644418016076088,1.0,0.9523809523809523,0.9,164.12146423806206,26.435503197431153,8.342349977306911,2.8832304367634736,0.896551724137931,26.0,0.01212614681571722,1.0,1.1111111111111112,
EN_091_17__ES_091_17,train,true,91,91,1.755,123.85679498289717,6.7113440904559765,3.679208951665885,0.9230741964881392,0.43636363636363634,24.0,0.0037033341359347105,9.0,5.128205128205129,1.61,122.16700808106997,10.249674482595777,3.4065640241296524,1.4300580976208237,0.45098039215686275,23.0,0.0091468570753932,5.0,3.105590062111801,
EN_091_18__ES_091_18,train,true,86,86,1.695,141.61440883599792,5.9450771423079205,6.008375618332553,0.7262441432160106,0.22641509433962265,12.0,0.017717016860842705,3.0,1.7699115044247786,1.56,306.2236300007735,24.23757626107883,19.325042284999213,1.289137308435376,0.16326530612244897,8.0,0.006606221664696932,2.0,1.282051282051282,
EN_091_19__ES_091_19,train,true,91,91,4.25,138.9158046265376,19.273874341546144,5.524618556185659,2.3983464091786235,0.44360902255639095,59.0,0.004430076107382774,14.0,3.2941176470588234,3.32,130.52811956409582,19.211066376653704,4.423792284999218,2.560260911997057,0.7692307692307693,80.0,0.009220359846949577,11.0,3.313253012048193,
EN_091_1__ES_091_1,train,true,86,86,3.92,130.3179764164017,26.455058920804753,4.290426900383833,3.048881233362154,0.8455284552845529,104.0,0.010062805376946926,19.0,4.846938775510204,4.2,132.94933151106642,22.77773313457754,4.6976229301605095,2.7830843793983675,0.9393939393939394,124.0,0.01685520075261593,15.0,3.571428571428571,
EN_091_20__ES_091_20,train,true,91,91,3.88,119.50987376548325,20.342905221392908,2.850042284999218,2.8123624794911097,0.6639344262295082,81.0,0.005147226620465517,14.0,3.6082474226804124,3.48,129.53650529722847,19.430050687745087,4.2977345926915245,2.4739322602695424,0.5963302752293578,65.0,0.007643186021596193,11.0,3.160919540229885,
EN_091_2__ES_091_2,train,true,86,86,2.385,107.4242776390682,9.956599142076659,1.1700422849992174,1.5308820986607696,0.26666666666666666,20.0,0.0109541742131114,11.0,4.612159329140462,4.54,118.91487589720383,15.763231651814204,2.862542284999218,2.1201046554356697,0.7887323943661971,112.0,0.017983591184020042,17.0,3.7444933920704844,
EN_091_3__ES_091_3,train,true,86,86,4.45,110.975873717159,10.836324595286872,1.7233756183325506,1.6449788921307034,0.21428571428571427,30.0,0.013351191766560078,17.0,3.8202247191011236,4.47,134.98301275972625,19.332745581000644,5.021196131153063,2.425452894937795,0.7428571428571429,104.0,0.02158237434923649,13.0,2.9082774049217,
EN_091_4__ES_091_4,train,true,91,91,1.63,118.46109361656714,14.125484344662599,2.8125422849992177,2.031791594463698,0.47058823529411764,24.0,0.004462101496756077,7.0,4.294478527607362,1.49,116.23377959682068,12.301367286906636,2.5105686007886923,1.788198074758677,0.8085106382978723,38.0,0.005794348660856485,5.0,3.3557046979865772,
EN_091_5__ES_091_5,train,true,91,91,4.29,145.72947364033237,31.202427173055998,6.1042089516658855,3.8328962613146733,0.5333333333333333,72.0,0.0037101926282048225,13.0,3.0303030303030303,4.28,140.50196323382627,28.378725881751063,5.567937021841323,3.2438112394744425,0.7089552238805971,95.0,0.006927887909114361,11.0,2.570093457943925,
EN_091_6__ES_091_6,train,true,86,86,0.82,130.888968348895,8.599371532584723,4.622769557726491,1.1374540223202703,0.8461538461538461,22.0,0.015342946164309978,1.0,1.2195121951219512,0.77,123.31803264708628,19.820979334537927,3.400042284999218,2.8278869221460123,0.72,18.0,0.006589916534721851,1.0,1.2987012987012987,
EN_091_7__ES_091_7,train,true,86,86,3.18,109.47875640980004,8.582874050218319,1.5173150122719448,1.3056596445620954,0.55,55.0,0.012967939488589764,18.0,5.660377358490566,3.59,116.27339915939257,11.646984363444306,2.524199588370004,1.7225880770285213,0.7876106194690266,89.0,0.013546791858971119,9.0,2.5069637883008355,
EN_091_8__ES_091_8,train,true,86,86,2.55,125.43086015932602,18.18851437648816,3.748155492546388,2.4328328519027482,0.6625,53.0,0.022782860323786736,10.0,3.9215686274509807,2.43,131.72574375927402,16.900140934931773,4.639436224393157,2.0869819290268143,0.868421052631579,66.0,0.026439841836690903,8.0,3.2921810699588474,
EN_091_9__ES_091_9,train,true,91,91,5.86,115.15368632170369,8.78721809754522,2.3946851421420754,1.2757238341507964,0.6086956521739131,112.0,0.0027712457813322544,22.0,3.7542662116040955,5.56,122.92559716517155,15.81900700280364,3.440667284999217,2.106788537729483,0.5517241379310345,96.0,0.006509658880531788,18.0,3.2374100719424463,
EN_092_10__ES_092_10,train,true,85,85,7.15,170.8655689729571,37.24764806500789,8.873015257972192,3.7201622784023707,0.33035714285714285,74.0,0.009018485434353352,11.0,1.5384615384615383,5.35,134.5241138874548,35.078377600530864,4.663435142142076,3.8330679510141525,0.6666666666666666,112.0,0.006028779316693544,15.0,2.8037383177570097,
EN_092_11__ES_092_11,train,true,92,92,1.73,216.28353520733796,13.243933380393921,13.322382710531134,1.06645208721406,0.8545454545454545,47.0,0.020779024809598923,4.0,2.3121387283236996,1.66,208.80228613839077,19.97306237375735,12.666042284999216,1.6619699154918532,0.4807692307692308,25.0,0.020275333896279335,4.0,2.4096385542168677,
EN_092_12__ES_092_12,train,true,85,85,3.45,129.8829117094101,17.98820196123562,4.363931173888108,2.3609852907652513,0.6666666666666666,72.0,0.014539958909153938,18.0,5.217391304347826,4.51,114.27374946515707,16.370857268851726,2.136367071324004,2.444596552556322,0.8297872340425532,117.0,0.0064719850197434425,13.0,2.8824833702882486,
EN_092_13__ES_092_13,train,true,85,85,2.79,103.94033631867381,3.6827803550281613,0.658042284999218,0.6202709085552864,0.2840909090909091,25.0,0.005535317584872246,9.0,3.225806451612903,3.19,106.20562753835247,4.610144987143058,1.026358074472902,0.7396422358945661,0.38,38.0,0.007708982098847628,11.0,3.4482758620689657,
EN_092_14__ES_092_14,train,true,85,85,4.4,111.48110664383215,11.925076120678716,1.7893279992849318,1.7571972988081834,0.4057971014492754,56.0,0.006940145045518875,16.0,3.6363636363636362,4.49,117.99709406809569,9.561154893095072,2.809252811315007,1.383471761032153,0.5390070921985816,76.0,0.004813746549189091,14.0,3.1180400890868594,
EN_092_15__ES_092_15,train,true,85,85,2.19,116.69767208676501,7.426517799216974,2.638277579116865,1.101273248638179,0.2463768115942029,17.0,0.008679889142513275,8.0,3.6529680365296806,2.82,121.65758000022514,11.045614930286572,3.3227695577264904,1.5694571011297196,0.3707865168539326,33.0,0.010610582306981087,10.0,3.546099290780142,
EN_092_16__ES_092_16,train,true,85,85,1.725,112.29035175942522,3.147980081860817,2.000042284999217,0.4833333333333329,0.3333333333333333,18.0,0.005085884593427181,8.0,4.63768115942029,1.99,120.93876435964543,12.842410785530816,3.1877781340558218,1.922088723836585,0.8412698412698413,53.0,0.008611898869276047,7.0,3.5175879396984926,
EN_092_17__ES_092_17,train,true,92,92,2.17,212.30198966302086,12.941512452005897,13.00212561833255,1.0338015572256716,0.7058823529411765,48.0,0.013259644620120525,7.0,3.2258064516129035,2.795,205.39774076276112,13.628999358777186,12.422456078102668,1.159636254421347,0.6590909090909091,58.0,0.01643180660903454,4.0,1.4311270125223614,
EN_092_18__ES_092_18,train,true,85,85,2.51,118.99680568592989,8.103242759942574,2.9682241031810364,1.238634278563716,0.13924050632911392,11.0,0.008045504800975323,4.0,1.5936254980079683,3.26,220.80544599125759,21.81923662008525,13.637921072878008,1.5710944989724707,0.3235294117647059,33.0,0.00576932355761528,8.0,2.4539877300613497,
EN_092_19__ES_092_19,train,true,85,85,1.655,nan,nan,nan,nan,0.0,0.0,0.007571459747850895,7.0,4.229607250755287,2.155,158.93667693987712,35.151592943220386,7.623955328477479,3.6514699114435674,0.3382352941176471,23.0,0.008043797686696053,6.0,2.7842227378190256,
EN_092_1__ES_092_1,train,true,92,92,2.34,277.986596581597,71.68854495050216,17.119273054229986,4.487569946381743,0.7027027027027027,52.0,0.01482225302606821,6.0,2.5641025641025643,2.76,273.6472021165455,59.843602050845305,17.058865814410986,3.477310289751415,0.7816091954022989,68.0,0.015726586803793907,6.0,2.173913043478261,
EN_092_20__ES_092_20,train,true,92,92,0.355,268.0315899970384,39.38704340185414,16.880042284999217,2.5624402432056823,0.8333333333333334,10.0,0.0037809014320373535,1.0,2.8169014084507045,0.525,288.9767089441033,39.25335818222318,18.211580746537678,2.3525889050603412,0.7647058823529411,13.0,0.006787511054426432,1.0,1.9047619047619047,
EN_092_21__ES_092_21,train,true,85,85,3.68,106.94210327439599,10.630550871707417,1.0833756183325511,1.6177434954571808,0.33620689655172414,39.0,0.00886010192334652,15.0,4.076086956521739,4.76,107.2897109420335,15.46117144633058,1.056025190982124,2.3106698106970565,0.785234899328859,117.0,0.00925289373844862,15.0,3.151260504201681,
EN_092_22__ES_092_22,train,true,92,92,0.55,247.94473052802238,17.787108367647235,15.675042284999218,1.2557368354874363,0.8888888888888888,16.0,0.005375269800424576,1.0,1.8181818181818181,0.66,243.80790669337307,20.53643708019886,15.359566094523029,1.6017564055643538,1.0,21.0,0.009275613352656364,1.0,1.5151515151515151,
EN_092_23__ES_092_23,train,true,85,85,2.72,117.850592294398,10.407395529645939,2.775042284999217,1.545686814096804,0.5116279069767442,44.0,0.008369107730686665,13.0,4.779411764705882,3.55,107.30108918020615,17.62839804969344,0.9300422849992181,3.3447442780748258,0.3153153153153153,35.0,0.004773317836225033,11.0,3.098591549295775,
EN_092_24__ES_092_24,train,true,85,85,4.375,106.15057402540793,6.042766182934354,1.0038884388453722,1.0232793322040552,0.1897810218978102,26.0,0.0037819878198206425,16.0,3.657142857142857,6.525,118.2649529328138,14.848146446597942,2.7693971237088952,2.1572337954619196,0.6078431372549019,124.0,0.005615082569420338,17.0,2.6053639846743293,
EN_092_25__ES_092_25,train,true,92,92,0.56,233.38846091031246,13.582081310548995,14.643792284999218,0.9996679136093146,0.8888888888888888,16.0,0.011225413531064987,1.0,1.7857142857142856,0.46,229.8130942700583,16.968121376772945,14.359133194090127,1.2623603760449171,0.7333333333333333,11.0,0.014292971231043339,1.0,2.1739130434782608,
EN_092_2__ES_092_2,train,true,85,85,0.86,143.04482652970233,32.658794513368726,5.812542284999218,3.505330761854008,0.5925925925925926,16.0,0.005950898863375187,4.0,4.651162790697675,0.71,73.25592034326874,1.167178144836799,-5.389957715000781,0.2727636339397168,0.21739130434782608,5.0,0.007060094270855188,2.0,2.8169014084507045,
EN_092_3__ES_092_3,train,true,92,92,4.44,667.0556077900695,620.4078554181756,25.662163497120424,15.284191824983203,0.4748201438848921,66.0,0.005599041935056448,14.0,3.153153153153153,3.22,209.33621968525821,22.480798888964465,12.688070454013303,1.8977648971461951,0.7029702970297029,71.0,0.008940857835114002,10.0,3.105590062111801,
EN_092_4__ES_092_4,train,true,92,92,5.91,230.90751245968906,35.61752578053809,14.228375618332553,3.2063266451744363,0.6486486486486487,120.0,0.01801847293972969,22.0,3.7225042301184432,7.17,221.1233450398168,23.381933905511882,13.645017159371076,1.7807386176792852,0.8844444444444445,199.0,0.018905626609921455,19.0,2.6499302649930265,
EN_092_5__ES_092_5,train,true,92,92,3.01,264.5445484263567,79.5996515116518,16.216708951665886,4.415613081882163,0.5052631578947369,48.0,0.018450265750288963,14.0,4.651162790697675,2.96,263.4898693792727,45.1024195919726,16.536042284999223,2.82007163029594,0.5376344086021505,50.0,0.022256113588809967,13.0,4.391891891891892,
EN_092_6__ES_092_6,train,true,85,85,0.38,113.56678006884951,5.977535320729492,2.180042284999218,0.8672369918309528,0.8333333333333334,10.0,0.00406218133866787,2.0,5.2631578947368425,0.46,nan,nan,nan,nan,0.0,0.0,0.004843202419579029,2.0,4.3478260869565215,
EN_092_7__ES_092_7,train,true,85,85,4.71,118.87825322116929,18.463540022545,2.778079668176789,2.7709033714529996,0.722972972972973,107.0,0.006683773826807737,10.0,2.1231422505307855,5.72,112.24069857249034,13.738614223157706,1.8714708564277893,2.094903923567759,0.547486033519553,98.0,0.005817892961204052,15.0,2.6223776223776225,
EN_092_8__ES_092_8,train,true,85,85,3.23,129.2956891470969,25.103724558182634,4.1364620380856385,3.2491500535864644,0.801980198019802,81.0,0.008958050981163979,15.0,4.643962848297214,3.85,130.40733834067203,22.564915069254297,4.34789174736481,2.904685813691931,0.768595041322314,93.0,0.009844504296779633,19.0,4.935064935064935,
EN_092_9__ES_092_9,train,true,85,85,4.63,113.89683504014155,8.666213174895201,2.2038884388453717,1.2925518694836662,0.5379310344827586,78.0,0.0058527798391878605,15.0,3.239740820734341,5.69,118.20175951248808,13.515621934134579,2.790739959417822,1.8630044443752767,0.48314606741573035,86.0,0.00444635096937418,17.0,2.987697715289982,
EN_093_10__ES_093_10,train,true,93,93,2.85,230.15440478768164,23.006422056125174,14.342813369336566,1.7599139582288408,0.9222222222222223,83.0,0.00973336398601532,12.0,4.2105263157894735,2.54,224.59143921460128,15.473591185726086,13.968097840554773,1.1593013208260983,0.9,72.0,0.01130219828337431,9.0,3.543307086614173,
EN_093_11__ES_093_11,train,true,93,93,3.26,244.69154405570902,23.626486653017064,15.40837561833255,1.7106256397485338,0.8235294117647058,84.0,0.006028230767697096,11.0,3.374233128834356,3.01,217.93867762423383,26.898973805401326,13.390518475475407,1.6964331662427332,0.8842105263157894,84.0,0.009121377021074295,8.0,2.6578073089700998,
EN_093_12__ES_093_12,train,true,93,93,3.915,234.1214454107057,28.35269528830384,14.607059828858869,2.0132442744148418,0.926829268292683,114.0,0.008410228416323662,16.0,4.086845466155811,2.95,225.20449270475603,20.387882599226923,13.986627650852874,1.5222345733727136,0.8817204301075269,82.0,0.012060965411365032,8.0,2.711864406779661,
EN_093_13__ES_093_13,train,true,93,93,6.22,250.03572748799726,44.69205173922919,15.6138580744729,2.891833996066047,0.7794871794871795,152.0,0.009631292894482613,19.0,3.054662379421222,3.93,247.37061773849166,40.458154279351724,15.45938807939174,2.7349770697420888,0.8699186991869918,107.0,0.012952263467013836,15.0,3.8167938931297707,
EN_093_14__ES_093_14,train,true,93,93,2.95,260.8543032275046,41.41417668124111,16.384219500189086,2.716423843997904,0.8494623655913979,79.0,0.011737517081201077,9.0,3.0508474576271185,1.91,221.5485595323736,15.248485585402936,13.731398217202607,1.1714795188746476,0.9833333333333333,59.0,0.015470890328288078,9.0,4.712041884816754,
EN_093_15__ES_093_15,train,true,93,93,8.12,255.73044203736146,31.242498550034785,16.128775316673426,2.0876170628556623,0.8700787401574803,221.0,0.009430833160877228,26.0,3.201970443349754,4.12,237.75900951658568,28.553304775131366,14.874208951665885,2.0210556578734344,0.9302325581395349,120.0,0.011125878430902958,16.0,3.883495145631068,
EN_093_16__ES_093_16,train,true,93,93,2.795,232.96200852642735,25.728611693067215,14.539652674609608,1.8591706303132398,0.875,77.0,0.01121689472347498,11.0,3.9355992844364938,2.575,217.7965378457332,15.578594720072962,13.435568600788692,1.1540208822529605,0.9382716049382716,76.0,0.010296521708369255,11.0,4.271844660194175,
EN_093_17__ES_093_17,dev,true,57,57,0.4,230.82795181791138,20.2926542486931,14.416708951665884,1.4912708972178363,0.9230769230769231,12.0,0.004573188256472349,1.0,2.5,0.43,nan,nan,nan,nan,0.0,0.0,0.00285767437890172,1.0,2.3255813953488373,
EN_093_18__ES_093_18,train,true,93,93,1.895,221.7096341930001,17.8750786258443,13.725968210925148,1.4295732573802349,0.9,54.0,0.007862945087254047,7.0,3.6939313984168867,1.785,212.41369114551702,10.792764398525714,13.019685142142075,0.8944111476387172,1.0,56.0,0.007000293582677841,7.0,3.9215686274509807,
EN_093_1__ES_093_1,dev,true,57,57,6.45,249.63744045350037,30.571769994749054,15.715951375908306,2.026241839400109,0.8712871287128713,176.0,0.012573709711432457,19.0,2.945736434108527,5.265,245.8511654648279,27.63131955131882,15.471332607579862,1.8515551300417081,0.9393939393939394,155.0,0.010219459421932697,16.0,3.038936372269706,
EN_093_2__ES_093_2,train,true,93,93,6.5,257.6959524872572,40.259400965725796,16.189035995691043,2.5917360673355105,0.7794117647058824,159.0,0.006918397732079029,17.0,2.6153846153846154,5.97,241.49145374162413,27.127171830406407,15.162620901351415,1.838024032609041,0.8502673796791443,159.0,0.008708888664841652,18.0,3.0150753768844223,
EN_093_3__ES_093_3,dev,true,57,57,0.415,226.00491691424136,16.4894191143336,14.07311920807614,1.2020199960923768,1.0,13.0,0.004446786362677813,1.0,2.4096385542168677,0.46,207.2226958181404,5.960208891384336,12.607185142142075,0.4894811914003376,0.4666666666666667,7.0,0.0042467848397791386,1.0,2.1739130434782608,
EN_093_4__ES_093_4,train,true,93,93,5.29,234.56645543367495,27.368906963501242,14.647245082202017,1.9545158059725103,0.8614457831325302,143.0,0.007394725922495127,15.0,2.835538752362949,3.87,214.54078092593338,12.809095627953614,13.183662974654391,1.0470767160180339,0.9586776859504132,116.0,0.011005986481904984,10.0,2.5839793281653747,
EN_093_5__ES_093_5,train,true,93,93,2.92,230.03007848998706,21.32733577304305,14.348892859711857,1.5829910763447237,0.9456521739130435,87.0,0.008718553930521011,8.0,2.73972602739726,2.35,229.73228437383196,15.258341093102137,14.362945510805671,1.1126086566681117,0.8378378378378378,62.0,0.008645591326057911,7.0,2.978723404255319,
EN_093_6__ES_093_6,train,true,93,93,4.96,256.322553025749,31.439730960379567,16.171136034999215,2.055581287303165,0.8205128205128205,128.0,0.008161619305610657,16.0,3.2258064516129035,3.88,236.51560786293842,23.656876721771262,14.821601918026738,1.6577364772771568,0.8934426229508197,109.0,0.010763723403215408,13.0,3.350515463917526,
EN_093_7__ES_093_7,train,true,93,93,5.06,251.55306912787245,35.99645891706513,15.811517694835283,2.283743214345136,0.7672955974842768,122.0,0.006666799541562796,15.0,2.964426877470356,5.31,234.91634267334277,35.903177411635326,14.619972354929287,2.2806892273506145,0.8614457831325302,143.0,0.009216050617396832,15.0,2.824858757062147,
EN_093_8__ES_093_8,train,true,93,93,2.99,227.23664376597972,20.54213082335746,14.144018188613675,1.491611031502142,0.8829787234042553,83.0,0.007620129734277725,12.0,4.013377926421405,2.105,229.3609228870036,30.961542432956385,14.215999731807731,2.312066092310188,0.7121212121212122,47.0,0.006629497744143009,7.0,3.32541567695962,
EN_093_9__ES_093_9,train,true,93,93,2.96,251.40471148280167,31.670330915937402,15.834973791848535,2.0368974011240595,0.7849462365591398,73.0,0.007493326906114817,9.0,3.040540540540541,2.945,219.8185034408105,16.194822007595437,13.59137561833255,1.2227938865110866,0.8064516129032258,75.0,0.009913260117173195,6.0,2.037351443123939,
EN_094_10__ES_094_10,train,true,94,94,4.275,206.11971527418774,51.404857763928405,11.871993504511414,4.972682065490386,0.30597014925373134,41.0,0.036389146000146866,7.0,1.6374269005847952,3.903,1142.8013393786014,660.7954767756365,37.82337561833254,13.398567916841793,0.4918032786885246,60.0,0.018091032281517982,5.0,1.2810658467845246,
EN_094_11__ES_094_11,train,true,85,85,2.25,112.62546431060703,9.183133651199599,2.001766422930252,1.3949714345499924,0.4084507042253521,29.0,0.007880513556301594,9.0,4.0,2.01,121.94274192451661,8.757345436501549,3.3878200627769957,1.2853514675222995,0.7142857142857143,45.0,0.014263750985264778,7.0,3.4825870646766175,
EN_094_12__ES_094_12,train,true,85,85,3.71,120.86926639515741,14.319328005869593,3.150042284999218,2.1731697279933453,0.25862068965517243,30.0,0.007724368944764137,21.0,5.660377358490566,4.81,132.5280263595105,17.758479839043865,4.720042284999217,2.3220895762222438,0.33112582781456956,50.0,0.007559499237686396,19.0,3.9501039501039505,
EN_094_13__ES_094_13,train,true,85,85,4.33,107.5184573956723,8.187121660514094,1.205361433935388,1.3078825685196573,0.34558823529411764,47.0,0.005512299947440624,12.0,2.771362586605081,3.53,106.3309877947332,7.488583906763788,1.018375618332551,1.2505321089662411,0.5405405405405406,60.0,0.006318550556898117,14.0,3.96600566572238,
EN_094_14__ES_094_14,train,true,85,85,4.44,105.01103909931616,9.119298046412238,0.7829189973279849,1.4749093117716883,0.5251798561151079,73.0,0.0053031486459076405,14.0,3.153153153153153,4.4,107.87634219930266,8.581734151659397,1.2578854222541194,1.375106860340266,0.3695652173913043,51.0,0.005453865509480238,16.0,3.6363636363636362,
EN_094_15__ES_094_15,train,true,94,94,3.06,211.50733824683485,27.39948113025411,12.82337561833255,2.2451330076906855,0.78125,75.0,0.01746002584695816,14.0,4.57516339869281,3.81,231.36929247295657,28.167491982568265,14.390340792461904,2.1546243015993647,0.5583333333333333,67.0,0.014056376181542873,15.0,3.937007874015748,
EN_094_16__ES_094_16,train,true,94,94,3.23,244.2176625058474,45.378000802162624,15.195203575321797,2.9258402388062295,0.6138613861386139,62.0,0.02055886760354042,16.0,4.953560371517028,2.67,309.05480812459524,100.24200266967124,18.64214754815711,5.525604590828305,0.4523809523809524,38.0,0.015355704352259636,11.0,4.119850187265918,
EN_094_17__ES_094_17,train,true,94,94,3.74,235.28791969171098,36.05626632742852,14.635756570713504,2.402762016122789,0.8376068376068376,98.0,0.023892829194664955,18.0,4.81283422459893,3.77,238.79966173575718,54.21434863374653,14.703726495525533,3.3886128360892145,0.8050847457627118,95.0,0.014474747702479362,10.0,2.6525198938992043,
EN_094_1__ES_094_1,train,true,94,94,3.99,267.4958965470658,56.802786164661306,16.635584453673918,3.7722235470854133,0.664,83.0,0.020264970138669014,12.0,3.007518796992481,3.2,305.7158095117929,58.5410762416761,19.03951596920974,3.2357370813825086,0.9405940594059405,95.0,0.023472148925065994,13.0,4.0625,
EN_094_2__ES_094_2,train,true,85,85,4.65,127.34368213991041,29.95997771902432,3.7861078587697095,3.5578605095669715,0.4178082191780822,61.0,0.0030272728763520718,18.0,3.8709677419354835,3.815,108.50685295841117,12.17634617801671,1.3036137135706463,1.9542046505743789,0.4666666666666667,56.0,0.004665067419409752,17.0,4.456094364351245,
EN_094_3__ES_094_3,train,true,85,85,3.53,107.18370115996557,11.610777759383344,1.1083756183325508,1.7515441033647272,0.7567567567567568,84.0,0.0046197776682674885,16.0,4.53257790368272,5.22,107.02977646652833,12.257749330406511,1.0489896534202707,2.1670982168421538,0.5792682926829268,95.0,0.006223943084478378,17.0,3.256704980842912,
EN_094_4__ES_094_4,train,true,85,85,2.51,125.51509235257944,36.248199416670936,3.265042284999217,4.70959393154017,0.25316455696202533,20.0,0.004988783970475197,8.0,3.1872509960159365,3.66,nan,nan,nan,nan,0.0,0.0,0.003348605940118432,7.0,1.9125683060109289,
EN_094_5__ES_094_5,train,true,85,85,2.16,129.22917330426395,11.884852679265867,4.364676431340682,1.6137459792864852,0.6029411764705882,41.0,0.007295706309378147,9.0,4.166666666666666,2.32,147.25133201400172,37.276018101738096,6.222264507221443,3.9365060963897394,0.7397260273972602,54.0,0.015338205732405186,13.0,5.603448275862069,
EN_094_6__ES_094_6,train,true,85,85,2.92,116.6006604704297,15.380212339541844,2.5246185561856582,2.098796525238261,0.6413043478260869,59.0,0.005347903352230787,10.0,3.4246575342465753,3.95,120.116536452507,18.434652411317597,2.9818604668174,2.5344988800555335,0.532258064516129,66.0,0.006124445702880621,10.0,2.531645569620253,
EN_094_7__ES_094_7,train,true,85,85,4.48,131.76869021668853,33.3403177461323,4.250042284999218,4.232864615971418,0.6950354609929078,98.0,0.010985138826072216,17.0,3.7946428571428568,4.11,119.69510140538515,12.531320727568527,3.0177842204830894,1.8093045827576,0.7209302325581395,93.0,0.010528266429901123,13.0,3.16301703163017,
EN_094_8__ES_094_8,train,true,85,85,3.45,109.90826026498009,15.098169470850108,1.4641448491017823,2.4716715178285136,0.7222222222222222,78.0,0.00693499343469739,14.0,4.057971014492753,3.14,124.91245839172586,12.986294622891215,3.7512922849992174,1.8886168053631205,0.8080808080808081,80.0,0.009656826965510845,12.0,3.821656050955414,
EN_094_9__ES_094_9,train,true,85,85,5.42,132.6527838065658,43.153210263003125,4.257734592691525,4.274849287729097,0.5352941176470588,91.0,0.012845493853092194,19.0,3.5055350553505535,4.235,123.49694170968489,17.37335219659887,3.487185142142076,2.385562013960018,0.5263157894736842,70.0,0.007224785629659891,10.0,2.3612750885478158,
EN_095_10__ES_095_10,train,true,85,85,1.62,159.17347435977373,34.65691323120754,7.693792284999219,3.3795898573890093,0.9411764705882353,48.0,0.006306624971330166,10.0,6.172839506172839,2.12,143.17067639207022,21.451330831684245,6.0274007755652566,2.506718633083255,0.7910447761194029,53.0,0.007851237431168556,11.0,5.188679245283018,
EN_095_11__ES_095_11,train,true,85,85,2.34,102.20823339357504,2.4672021981907117,0.3731192080761407,0.41630951162260976,0.35135135135135137,26.0,0.003342457115650177,9.0,3.8461538461538463,1.84,113.26583297432707,8.429558992012234,2.104096339053272,1.3814591961370675,0.6379310344827587,37.0,0.005540179088711739,4.0,2.1739130434782608,
EN_095_12__ES_095_12,train,true,85,85,4.02,117.29804258935825,17.604294604137202,2.5630052479621814,2.639307309257929,0.42857142857142855,54.0,0.007376226596534252,20.0,4.975124378109453,5.76,113.91546623359731,15.913809840466028,2.1036422849992173,2.2346917102813086,0.6906077348066298,125.0,0.00490241963416338,24.0,4.166666666666667,
EN_095_13__ES_095_13,train,true,95,95,0.985,1785.0871915202108,14.678638976660363,49.89448672944366,0.1422916497207289,0.2903225806451613,9.0,0.002081712242215872,3.0,3.0456852791878175,0.635,139.27119326630972,30.557151149040493,5.350042284999218,3.574618124617244,0.95,19.0,0.0032352949492633343,2.0,3.149606299212598,
EN_095_14__ES_095_14,train,true,85,85,2.905,122.65472363489698,27.7162587744773,3.1379210728780076,3.6147641337829195,0.3626373626373626,33.0,0.007320002652704716,12.0,4.130808950086059,2.99,134.34181327146047,24.2981450064763,4.841591580773866,3.0188024152332025,0.7553191489361702,71.0,0.008511589840054512,11.0,3.6789297658862874,
EN_095_15__ES_095_15,train,true,85,85,2.73,107.62415538823468,8.592039212661236,1.2178994278563613,1.3626532866403822,0.6511627906976745,56.0,0.0040133376605808735,12.0,4.395604395604396,2.48,113.57723709107466,9.69901867079673,2.140811515768449,1.480927264294293,0.8333333333333334,65.0,0.0047959680669009686,10.0,4.032258064516129,
EN_095_16__ES_095_16,train,true,85,85,2.94,106.36152215434898,5.432325082297928,1.0453911222085208,0.8768212907924972,0.4673913043478261,43.0,0.007865509018301964,11.0,3.741496598639456,3.04,127.79505934069864,8.064639924356616,4.212204447161381,1.0761169813209053,0.3854166666666667,37.0,0.010312552563846111,8.0,2.6315789473684212,
EN_095_17__ES_095_17,train,true,95,95,2.17,245.90978413342197,33.616674818002345,15.405597840554773,2.4770552010675497,0.2647058823529412,18.0,0.003169874893501401,0.0,nan,1.735,nan,nan,nan,nan,0.0,0.0,0.0059358784928917885,1.0,0.5763688760806917,
EN_095_18__ES_095_18,train,true,85,85,2.21,108.55156706001243,6.593663580651741,1.3889311738881072,1.044104554624514,0.7714285714285715,54.0,0.008622019551694393,12.0,5.429864253393665,2.795,113.86931012201204,14.585238906236093,2.1136786486355814,2.134573718257978,0.5,44.0,0.010716059245169163,12.0,4.293381037567084,
EN_095_19__ES_095_19,train,true,85,85,3.05,138.34389590665106,32.67980215719354,5.180477067607914,3.814020828918984,0.71875,69.0,0.009180678054690361,12.0,3.934426229508197,2.84,145.97640345818598,26.679435810099413,6.297542284999218,2.862078571597922,0.898876404494382,80.0,0.006515827029943466,10.0,3.5211267605633805,
EN_095_1__ES_095_1,train,true,95,95,3.26,126.27478089525923,7.850870355548078,4.005597840554774,1.070317825187258,0.4411764705882353,45.0,0.004973604343831539,13.0,3.9877300613496933,4.72,156.38990104933526,65.83081991510942,6.633188352414948,5.709488179407954,0.6013513513513513,89.0,0.008488758467137814,11.0,2.330508474576271,
EN_095_20__ES_095_20,train,true,95,95,5.54,130.13111357300352,33.218269846027056,4.1452345926915255,3.5236393939224784,0.5977011494252874,104.0,0.0030473803635686636,14.0,2.527075812274368,4.37,132.5920006132738,28.369293247593767,4.566556046467109,3.1447790943980336,0.7956204379562044,109.0,0.005599637050181627,15.0,3.4324942791762014,
EN_095_21__ES_095_21,train,true,95,95,2.75,119.07092253177329,14.993347514446647,2.890582825539758,2.109112719740858,0.8604651162790697,74.0,0.004438668955117464,10.0,3.6363636363636362,2.45,127.29488641550958,8.236212556092653,4.1412187555874524,1.1354884015412054,0.8831168831168831,68.0,0.01093317661434412,11.0,4.489795918367347,
EN_095_22__ES_095_22,train,true,95,95,2.14,136.051642489336,11.184072385503457,5.271094916578166,1.4287446142220495,0.8507462686567164,57.0,0.005503826308995485,12.0,5.607476635514018,2.04,129.56133644014986,10.02861062896816,4.432042284999218,1.335019100986949,0.78125,50.0,0.008026760071516037,12.0,5.88235294117647,
EN_095_23__ES_095_23,train,true,85,85,3.01,119.88293250538398,9.452734068352301,3.087778134055822,1.3255438777097168,0.5578947368421052,53.0,0.007099079433828592,11.0,3.6544850498338874,3.49,124.35293327324837,13.211022044389438,3.6778903862650405,1.8084846939687327,0.7181818181818181,79.0,0.012063584290444851,13.0,3.7249283667621773,
EN_095_24__ES_095_24,train,true,85,85,3.025,136.30059591207228,4.972947476145874,5.350042284999218,0.6291180125256387,0.2,19.0,0.013478852808475494,7.0,2.31404958677686,2.91,134.56153799773983,14.492345040634806,5.027461639837926,2.021770172545122,0.34065934065934067,31.0,0.015125841833651066,11.0,3.7800687285223367,
EN_095_25__ES_095_25,train,true,95,95,0.73,158.0319489397056,9.466092641997891,7.892899427856362,1.0026495511638047,0.30434782608695654,7.0,0.005001049488782883,3.0,4.109589041095891,0.81,125.92985349491585,6.4804924037556635,3.9690899040468373,0.8742992010579218,0.8076923076923077,21.0,0.007092178799211979,3.0,3.7037037037037033,
EN_095_2__ES_095_2,train,true,95,95,1.267,111.59100363663138,5.031732868930042,1.8804770676079137,0.7996927576364914,0.575,23.0,0.004157804884016514,7.0,5.524861878453039,1.325,121.29322785966095,8.870273187354028,3.297410706051849,1.2313315091065278,0.9047619047619048,38.0,0.005009966436773539,8.0,6.037735849056604,
EN_095_3__ES_095_3,train,true,85,85,1.765,115.40904991138277,8.945966935338253,2.4294540497051003,1.3345586209690337,0.6071428571428571,34.0,0.006080233491957188,7.0,3.96600566572238,2.055,126.86900965827253,21.944997317300768,3.9107565707135037,2.558018106396642,0.8615384615384616,56.0,0.006144678685814142,9.0,4.37956204379562,
EN_095_4__ES_095_4,train,true,85,85,4.25,105.33698232221991,11.868667992637459,0.7635557985127317,2.3012525569564213,0.556390977443609,74.0,0.0036892693024128675,14.0,3.2941176470588234,3.14,110.76778431219124,7.195968585921321,1.7339132527411536,1.125251735044939,0.6262626262626263,62.0,0.0064657898619771,14.0,4.45859872611465,
EN_095_5__ES_095_5,train,true,85,85,5.72,109.67262792471578,13.02899950167639,1.4675026024595355,2.1727416432759084,0.35195530726256985,63.0,0.004770859144628048,21.0,3.6713286713286717,5.12,122.76444793796388,23.463732389760885,3.2570190291852654,3.1350898765973025,0.5341614906832298,86.0,0.006250650156289339,18.0,3.515625,
EN_095_6__ES_095_6,train,true,85,85,4.14,102.44689281955273,6.51741665024279,0.38533640264627655,1.0577118346976722,0.26153846153846155,34.0,0.002983941463753581,13.0,3.140096618357488,4.55,114.40317388021634,8.998885628425372,2.2806874462895403,1.2732468921159945,0.43356643356643354,62.0,0.004588700830936432,11.0,2.417582417582418,
EN_095_7__ES_095_7,train,true,85,85,5.49,125.20427710579325,17.350421565443565,3.736998806738347,2.272259492445392,0.4011627906976744,69.0,0.008229192346334457,15.0,2.73224043715847,4.74,125.65311264504888,13.787237958994766,3.8511917102865736,1.8716575881013524,0.5838926174496645,87.0,0.009057889692485332,15.0,3.1645569620253164,
EN_095_8__ES_095_8,train,true,95,95,1.82,133.70426372063565,4.980245173579482,5.016708951665884,0.6379530758481591,0.7368421052631579,42.0,0.0029389620758593082,7.0,3.846153846153846,1.35,130.42969104377627,6.196312878360658,4.579772014728948,0.8216216216216221,0.8604651162790697,37.0,0.0083157978951931,6.0,4.444444444444444,
EN_095_9__ES_095_9,train,true,85,85,2.88,131.84900258728953,23.798568337210195,4.505597840554774,3.1183249698009265,0.5934065934065934,54.0,0.005037317052483559,16.0,5.555555555555555,3.64,131.76520499404282,17.99029993808657,4.603613713570646,2.479916781849334,0.49122807017543857,56.0,0.007633919827640057,15.0,4.1208791208791204,
EN_096_10__ES_096_10,train,true,19,19,6.85,103.71626846606854,9.153104656248853,0.5710506883605624,1.413908935865737,0.5534883720930233,119.0,0.011956301517784595,13.0,1.8978102189781023,5.11,113.59726104825924,15.459150900667307,2.0489186894936,2.3351007187585338,0.55625,89.0,0.007215218152850866,11.0,2.1526418786692756,
EN_096_11__ES_096_11,train,true,19,19,2.26,99.9193486672968,6.324863461824703,-0.04823357706974761,1.0861973179654287,0.8169014084507042,58.0,0.016510864719748497,7.0,3.097345132743363,2.71,101.93274851077227,11.881396332682183,0.22455208892078662,1.8798042385828586,0.6,51.0,0.005595640279352665,4.0,1.4760147601476015,
EN_096_12__ES_096_12,train,true,19,19,2.07,95.76433039974557,6.866298251079625,-0.7906984557415231,1.1776496552720654,0.8307692307692308,54.0,0.008444620296359062,7.0,3.381642512077295,1.91,104.42901576801528,8.443685936258463,0.6989784552119838,1.3023501409155607,0.7833333333333333,47.0,0.00540056312456727,8.0,4.18848167539267,
EN_096_13__ES_096_13,train,true,96,96,3.89,117.38449517452598,8.472896860325584,2.7323003495153464,1.1977834627866946,0.5081967213114754,62.0,0.004453071393072605,7.0,1.7994858611825193,4.53,117.43149781283951,9.487425794284206,2.725042284999218,1.4040566227898363,0.28169014084507044,40.0,0.0038716772105544806,7.0,1.5452538631346577,
EN_096_14__ES_096_14,train,true,96,96,5.71,114.60031382993107,7.791405074923776,2.318931173888107,1.185809095038718,0.5027932960893855,90.0,0.0032494727056473494,15.0,2.626970227670753,5.85,118.9846142796238,19.228255586840476,2.7579370218413235,3.0489758055130385,0.41530054644808745,76.0,0.003017624607309699,8.0,1.3675213675213675,
EN_096_15__ES_096_15,train,true,96,96,3.67,121.4627618945164,8.8044236306908,3.3212544062113385,1.2432563732191548,0.5739130434782609,66.0,0.00587368942797184,12.0,3.2697547683923704,3.52,118.96746082283934,9.164866911346166,2.9538884388453712,1.3640947319998795,0.46846846846846846,52.0,0.004336731042712927,8.0,2.272727272727273,
EN_096_16__ES_096_16,train,true,96,96,6.24,135.46210241367652,20.704682421734013,5.0813675862040375,2.3627596541620037,0.42346938775510207,83.0,0.004459702875465155,18.0,2.8846153846153846,6.64,134.50231639104098,19.730480400933306,4.953530657092243,2.4553902581121876,0.41346153846153844,86.0,0.0034072285052388906,15.0,2.2590361445783134,
EN_096_17__ES_096_17,train,true,19,19,1.42,98.3381942252452,6.473441114142649,-0.32293068797375457,1.032354602981246,0.8222222222222222,37.0,0.0069231740199029446,4.0,2.8169014084507045,1.71,98.65726801520525,5.642281924260951,-0.2621528369520015,0.9855529887503464,0.7592592592592593,41.0,0.007636260241270065,4.0,2.3391812865497075,
EN_096_18__ES_096_18,train,true,96,96,4.67,126.46018468417134,10.78881485306743,4.000042284999218,1.4975857764731664,0.5205479452054794,76.0,0.0043955231085419655,10.0,2.1413276231263385,4.76,130.95668161728057,14.769860251773714,4.561998806738349,1.9140125386500586,0.6174496644295302,92.0,0.0033739956561475992,10.0,2.100840336134454,
EN_096_1__ES_096_1,train,true,96,96,2.85,136.6964865300694,18.12095206280966,5.253613713570646,2.3643909126358746,0.6222222222222222,56.0,0.008298613131046295,13.0,4.56140350877193,5.74,143.13088577332692,27.786618814848964,5.916292284999218,3.1075691363990603,0.4444444444444444,80.0,0.004738988354802132,12.0,2.0905923344947737,
EN_096_2__ES_096_2,train,true,96,96,5.055,118.05435354199582,6.843984508043725,2.8446851421420756,0.9943446590696848,0.7088607594936709,112.0,0.005032423883676529,15.0,2.967359050445104,4.19,121.90598653056568,22.535725855718947,3.1648570998140335,2.9459581480650554,0.8244274809160306,108.0,0.005896310787647963,15.0,3.5799522673031023,
EN_096_3__ES_096_3,train,true,19,19,3.39,92.28822950664834,3.03663213078796,-1.3985291435722105,0.5597812984021672,0.330188679245283,35.0,0.0056691961362957954,7.0,2.0648967551622417,6.355,93.83576074118763,6.583375573598385,-1.1499577150007818,1.3416407864998738,0.2964824120603015,59.0,0.00439159432426095,6.0,0.9441384736428009,
EN_096_4__ES_096_4,train,true,96,96,2.93,122.70879543203684,9.856381310644508,3.4864059213628535,1.4029337619773314,0.4782608695652174,44.0,0.0028557253535836935,9.0,3.0716723549488054,6.79,111.79894025176502,8.19452772365724,1.8826953462237075,1.3037446468244005,0.2300469483568075,49.0,0.0020770253613591194,7.0,1.0309278350515463,
EN_096_5__ES_096_5,train,true,96,96,5.1,120.21988494693062,17.38941979090155,3.0150908286885376,2.421654282440606,0.64375,103.0,0.00442472193390131,20.0,3.9215686274509807,4.16,119.6468222824498,18.8636756348366,2.9087379371731306,2.552754359591984,0.7022900763358778,92.0,0.005669530015438795,16.0,3.846153846153846,
EN_096_6__ES_096_6,train,true,19,19,4.26,96.8189125423925,10.533158158709254,-0.6510329838179864,1.731895265132499,0.6940298507462687,93.0,0.011171417310833931,8.0,1.8779342723004695,3.82,98.70273825561866,8.881799920807737,-0.29063568110247706,1.4656656547618234,0.49166666666666664,59.0,0.008634092286229134,8.0,2.094240837696335,
EN_096_7__ES_096_7,train,true,19,19,4.045,94.25858444201373,5.727616940497093,-1.0545031695462366,1.025645667768685,0.5196850393700787,66.0,0.00862623006105423,6.0,1.4833127317676145,2.96,98.39814841736185,10.60560448741021,-0.37898997306529836,1.8582325192864346,0.3333333333333333,31.0,0.011853992007672787,5.0,1.6891891891891893,
EN_096_8__ES_096_8,train,true,19,19,4.64,99.28270511162009,5.164507515166288,-0.14729104833411552,0.878934708736788,0.5136986301369864,75.0,0.00834614597260952,5.0,1.0775862068965518,4.67,101.18359136751491,6.958637089079669,0.16337561833255135,1.1781529800685666,0.6164383561643836,90.0,0.00860289391130209,8.0,1.7130620985010707,
EN_096_9__ES_096_9,train,true,19,19,1.43,102.6691662480603,8.291243991061709,0.40645254140947445,1.2711381679212097,0.8666666666666667,39.0,0.011330901645123959,8.0,5.594405594405595,1.49,107.8346936702036,7.969595442790765,1.2583756183325514,1.2839554769020094,0.7659574468085106,36.0,0.008059337735176086,6.0,4.026845637583893,
EN_097_10__ES_097_10,train,true,97,97,2.05,241.78328644403507,24.048357474186872,15.19726450722144,1.748568638615773,0.5538461538461539,36.0,0.008683960884809494,6.0,2.9268292682926833,1.98,219.41844521554364,21.38592923934852,13.520496830453768,1.7125976475749756,0.7096774193548387,44.0,0.004928687121719122,8.0,4.040404040404041,
EN_097_11__ES_097_11,train,true,97,97,2.02,222.53817247972643,13.343327117982207,13.817283664309565,1.0439295674211115,0.90625,58.0,0.00587647408246994,9.0,4.455445544554456,1.94,195.206968023412,13.92038779986052,11.536088796627125,1.2335581726365918,0.7049180327868853,43.0,0.0030527086928486824,7.0,3.6082474226804124,
EN_097_12__ES_097_12,train,true,97,97,2.69,217.5448875695149,14.663885938998595,13.416708951665887,1.1608784987624199,0.5647058823529412,48.0,0.0040154652670025826,4.0,1.4869888475836432,3.21,198.05051319926955,18.760774387832846,11.763249832169029,1.4740571320753768,0.5247524752475248,53.0,0.002605000277981162,4.0,1.2461059190031152,
EN_097_13__ES_097_13,train,true,97,97,1.19,213.597612754005,13.59991698077879,13.10488099467664,1.0733843702250825,0.8157894736842105,31.0,0.006323848385363817,4.0,3.361344537815126,1.28,219.17274242611836,10.709164543810408,13.563931173888108,0.8528230172582307,0.8780487804878049,36.0,0.002909862669184804,3.0,2.34375,
EN_097_14__ES_097_14,train,true,88,88,0.825,93.7603961632793,13.705216619211814,-1.3374577150007825,2.9001885714553106,0.6153846153846154,16.0,0.008485214784741402,2.0,2.4242424242424243,0.73,nan,nan,nan,nan,0.0,0.0,0.0032219986896961927,2.0,2.73972602739726,
EN_097_15__ES_097_15,train,true,97,97,4.475,202.9792425528477,13.439341397948349,12.224401259358192,1.0017210699124983,0.5571428571428572,78.0,0.006908525712788105,9.0,2.011173184357542,2.75,178.05895537190978,13.091858627822747,9.94647085642779,1.1707696317432583,0.6511627906976745,56.0,0.002203772310167551,8.0,2.909090909090909,
EN_097_16__ES_097_16,train,true,97,97,1.26,238.3052272556402,23.788535402990245,14.950042284999219,1.6899296047366934,0.725,29.0,0.006510040257126093,3.0,2.380952380952381,1.86,204.61619882426928,27.11493715751013,12.252367866394566,2.19624292002597,0.7288135593220338,43.0,0.0015821614069864154,3.0,1.6129032258064515,
EN_097_17__ES_097_17,train,true,88,88,1.37,119.16289285607127,11.0229855465259,2.97166390662084,1.4319019925571947,0.8604651162790697,37.0,0.010948280803859234,5.0,3.64963503649635,1.76,nan,nan,nan,nan,0.0,0.0,0.0021407536696642637,5.0,2.840909090909091,
EN_097_18__ES_097_18,train,true,88,88,1.35,106.7852336149135,6.487949413698506,1.1048809946766371,1.044753006673431,0.7209302325581395,31.0,0.007684237789362669,5.0,3.7037037037037033,1.4,92.99909705263329,3.696957456640074,-1.269957715000782,0.6785699248103637,0.7954545454545454,35.0,0.0022782240994274616,6.0,4.285714285714286,
EN_097_19__ES_097_19,train,true,97,97,2.21,216.7719061539361,24.77240623958513,13.281292284999218,1.9761764692202977,0.9142857142857143,64.0,0.007930811494588852,8.0,3.6199095022624435,2.32,224.19505258471244,18.261406861293793,13.920217723595709,1.3997449532445474,0.7808219178082192,57.0,0.0033105656038969755,7.0,3.017241379310345,
EN_097_1__ES_097_1,train,true,88,88,2.14,97.26719931773047,10.46719796775201,-0.5788466038896704,1.8507202468495247,0.6716417910447762,45.0,0.01054833922535181,10.0,4.672897196261682,1.715,102.09379761687215,4.224794857139613,0.3443819076407269,0.6997075114914756,0.9814814814814815,53.0,0.0026748767122626305,5.0,2.9154518950437316,
EN_097_20__ES_097_20,train,true,88,88,1.78,105.83022158167388,9.930338088466263,0.9067089516658845,1.5959706207265287,0.5357142857142857,30.0,0.010967005975544453,8.0,4.49438202247191,2.61,98.54144809129912,3.586641394934341,-0.266086747258847,0.6406129998749169,0.3780487804878049,31.0,0.0016391559038311243,6.0,2.298850574712644,
EN_097_21__ES_097_21,train,true,88,88,1.06,99.33436320443062,4.052133860528994,-0.12995771500078185,0.7037044834303674,0.7352941176470589,25.0,0.007819123566150665,4.0,3.773584905660377,1.18,88.73042002062517,2.703041734501536,-2.0779577150007817,0.5242289576129878,0.6756756756756757,25.0,0.0023462376557290554,5.0,4.237288135593221,
EN_097_22__ES_097_22,train,true,97,97,1.48,205.06536914747693,6.444720667681656,12.42446088965038,0.5439275872016267,0.9148936170212766,43.0,0.00673633674159646,5.0,3.3783783783783785,1.67,194.5028661312116,9.787378635071823,11.496553912906196,0.8420210562492586,0.8113207547169812,43.0,0.003399804001674056,5.0,2.9940119760479043,
EN_097_2__ES_097_2,train,true,88,88,3.5,105.72298542376332,11.849458131702084,0.8533756183325515,1.9589935057461405,0.2727272727272727,30.0,0.006626561749726534,10.0,2.857142857142857,3.27,100.1814271694762,5.493801590410956,0.005597840554774093,0.9429399781900949,0.34951456310679613,36.0,0.001824327278882265,7.0,2.140672782874618,
EN_097_3__ES_097_3,train,true,97,97,2.06,217.15175314517023,17.460140664893746,13.367185142142075,1.4165321264645296,0.5384615384615384,35.0,0.0031214950140565634,8.0,3.883495145631068,2.19,219.96006903580124,20.58293529296511,13.573771098558542,1.5774189369755587,0.855072463768116,59.0,0.0018539128359407187,11.0,5.0228310502283104,
EN_097_4__ES_097_4,train,true,97,97,3.29,231.95824271668454,48.801135297682045,14.275042284999216,2.9726881773909626,0.5436893203883495,56.0,0.003940619062632322,9.0,2.735562310030395,2.72,1575.9626840634076,172.92766235181168,47.63186046681739,1.9328820599951873,0.38372093023255816,33.0,0.0014647952048107982,7.0,2.5735294117647056,
EN_097_5__ES_097_5,train,true,88,88,2.23,88.5067719325125,4.349611626243732,-2.1349577150007817,0.8621339803070052,0.2857142857142857,20.0,0.0025784580502659082,2.0,0.8968609865470852,1.723,99.23580809474265,5.183249214163692,-0.15662438166744888,0.910286890063909,0.2777777777777778,15.0,0.001132872304879129,2.0,1.1607661056297156,
EN_097_6__ES_097_6,train,true,88,88,0.95,101.93001100924037,6.595585926315237,0.29804228499921825,1.0431184017166995,0.8333333333333334,25.0,0.0064484127797186375,6.0,6.315789473684211,1.14,98.4954253880738,8.418667331512308,-0.3240317890748561,1.4508216299464378,0.75,27.0,0.0019880863837897778,5.0,4.385964912280702,
EN_097_7__ES_097_7,train,true,97,97,1.2,216.1217416858358,13.448419863452981,13.308375618332553,1.0835576690800641,0.631578947368421,24.0,0.005439056549221277,4.0,3.3333333333333335,1.29,210.64074322755704,25.598867383014124,12.789436224393157,1.8602605542397115,0.8048780487804879,33.0,0.0018141738837584853,3.0,2.3255813953488373,
EN_097_8__ES_097_8,train,true,97,97,2.25,219.11843560709573,31.453319045622308,13.42604228499922,2.2326271520341234,0.704225352112676,50.0,0.0038303425535559654,5.0,2.2222222222222223,1.16,216.03471601514156,32.720514948408855,13.15004228499922,2.490154526373291,0.6216216216216216,23.0,0.0031011991668492556,7.0,6.03448275862069,
EN_097_9__ES_097_9,train,true,88,88,1.7,98.01908932054094,10.559736609516051,-0.4434359758703469,1.819388594617176,0.8518518518518519,46.0,0.0054759616032242775,6.0,3.5294117647058822,1.14,103.04107676994111,3.2114824537959734,0.5100422849992179,0.5484523680320837,0.6944444444444444,25.0,0.003014218993484974,4.0,3.5087719298245617,
EN_098_10__ES_098_10,train,true,85,85,5.26,117.90980705524709,16.331159156339258,2.6875422849992177,2.3842910371848482,0.3878787878787879,64.0,0.006911415606737137,13.0,2.4714828897338403,3.74,119.6453660706009,12.739568389369907,3.0123064359426146,1.7684047192254921,0.452991452991453,53.0,0.00763625418767333,14.0,3.7433155080213902,
EN_098_11__ES_098_11,train,true,98,98,2.11,200.10259692819352,78.22775155883093,10.654390111086178,6.873862167399658,0.696969696969697,46.0,0.005859897937625647,7.0,3.3175355450236967,3.07,269.72508171451915,53.18976403953583,16.805426900383836,3.7255471779522438,0.6770833333333334,65.0,0.014049659483134747,7.0,2.2801302931596092,
EN_098_12__ES_098_12,train,true,85,85,2.73,130.7718896350607,20.107267083996142,4.441708951665885,2.647155181615833,0.8372093023255814,72.0,0.008837676607072353,13.0,4.761904761904762,3.67,120.97625923152222,22.289983661403934,2.9992486342055678,3.231338265976813,0.5478260869565217,63.0,0.008055445738136768,10.0,2.7247956403269757,
EN_098_13__ES_098_13,train,true,98,98,3.27,255.3757076543738,54.00421701700201,15.925652041096779,3.066004032247589,0.39805825242718446,41.0,0.007480913773179054,8.0,2.4464831804281344,3.67,218.15971954894215,62.39255906740814,12.969809726859683,4.052642542073467,0.7478260869565218,86.0,0.006761733442544937,8.0,2.1798365122615806,
EN_098_14__ES_098_14,train,true,85,85,0.94,140.06911469230909,9.785117225571929,5.798190433147364,1.0615747807333984,0.9,27.0,0.005072024185210466,1.0,1.0638297872340425,1.12,168.88834316157102,5.162549660168814,9.064327999284934,0.5498793930843154,0.9722222222222222,35.0,0.006821476388722658,1.0,0.8928571428571428,
EN_098_15__ES_098_15,train,true,85,85,2.37,109.75520020301846,11.287240837561288,1.5234797849992174,1.7291835309167587,0.8533333333333334,64.0,0.007596490439027548,11.0,4.641350210970464,2.89,104.38546255957134,12.39987331667682,0.6032337743609196,2.2819225809521853,0.5164835164835165,47.0,0.011472762562334538,11.0,3.806228373702422,
EN_098_16__ES_098_16,train,true,98,98,0.55,231.66789318126015,11.483357241082965,14.52337561833255,0.8598191024214853,0.8333333333333334,15.0,0.004573787096887827,1.0,1.8181818181818181,0.65,218.34164767721367,12.675537079238907,13.49004228499922,1.0006997551713495,0.9523809523809523,20.0,0.0061399852856993675,1.0,1.5384615384615383,
EN_098_17__ES_098_17,train,true,98,98,3.1,283.3657721916184,49.31628018722472,17.790831758683428,2.830249088516255,0.7835051546391752,76.0,0.0060677002184093,7.0,2.258064516129032,3.18,299.49194597724795,72.21578884967418,18.547743434424508,3.7962769726690215,0.87,87.0,0.0068697016686201096,6.0,1.8867924528301885,
EN_098_18__ES_098_18,train,true,85,85,5.17,130.3091233157412,13.43430766034308,4.49036486564438,1.799234575376998,0.38271604938271603,62.0,0.010595095343887806,15.0,2.9013539651837523,3.84,112.63192942253805,14.288028153433837,1.9253669603238937,2.1339041619782297,0.6363636363636364,77.0,0.005389627069234848,11.0,2.8645833333333335,
EN_098_19__ES_098_19,train,true,85,85,2.335,113.7654970047016,7.629047148122554,2.193375618332552,1.1715184828057794,0.410958904109589,30.0,0.008833108469843864,7.0,2.9978586723768736,2.035,129.8872575322465,6.546312932888058,4.505924637940395,0.848940923764146,0.53125,34.0,0.012772463262081146,6.0,2.9484029484029484,
EN_098_1__ES_098_1,train,true,98,98,1.19,213.93967122666217,11.400891227537256,13.142042284999215,0.9177886466937804,0.6578947368421053,25.0,0.02499144710600376,5.0,4.201680672268908,0.92,315.5200971706097,55.99139301423119,19.613678648635585,3.1247611478967414,0.7586206896551724,22.0,0.037172868847846985,3.0,3.260869565217391,
EN_098_20__ES_098_20,train,true,98,98,1.805,214.08902104990523,16.001774576538963,13.13391325274115,1.2184328311383597,0.543859649122807,31.0,0.004813484847545624,5.0,2.770083102493075,1.995,210.17300922720588,15.478930946572014,12.811153396110331,1.2927743159959377,0.5714285714285714,36.0,0.007908624596893787,6.0,3.007518796992481,
EN_098_21__ES_098_21,train,true,85,85,4.15,nan,nan,nan,nan,0.0,0.0,0.004075351636856794,19.0,4.578313253012047,3.63,111.03529641448765,10.399095718413047,1.7355261559669606,1.6345904857766265,0.543859649122807,62.0,0.00414248276501894,14.0,3.856749311294766,
EN_098_22__ES_098_22,train,true,98,98,2.83,234.23279329145888,54.1781224403829,14.095496830453763,5.117034080441659,0.8651685393258427,77.0,0.005665058270096779,12.0,4.240282685512367,2.56,243.63871975387147,24.58155298251706,15.331123366080302,1.7136712349613528,0.9135802469135802,74.0,0.01801416464149952,9.0,3.515625,
EN_098_23__ES_098_23,train,true,85,85,1.93,147.86712579508492,20.193561935022235,6.620630520293336,2.2485981792277383,0.2786885245901639,17.0,0.004122006241232157,2.0,1.0362694300518136,1.32,156.18855949736846,12.363319153933775,7.665831758683429,1.3592812179099962,0.4523809523809524,19.0,0.0045210812240839005,2.0,1.5151515151515151,
EN_098_24__ES_098_24,train,true,85,85,2.66,129.1293094474336,19.213143352710517,4.235288186638562,2.568270200889752,0.7261904761904762,61.0,0.007000948768109083,11.0,4.135338345864661,3.42,136.37450433171702,35.446196529720815,4.580811515768449,5.637591495472378,0.6074766355140186,65.0,0.006530561950057745,14.0,4.093567251461988,
EN_098_25__ES_098_25,train,true,98,98,3.31,217.65166449872206,15.652831448587511,13.418042284999217,1.275529693891914,0.7211538461538461,75.0,0.00470178434625268,10.0,3.0211480362537766,3.78,237.4186551680401,36.015040389843605,14.814558414031477,2.1754072742545563,0.7815126050420168,93.0,0.012008510529994965,12.0,3.174603174603175,
EN_098_26__ES_098_26,train,true,98,98,2.06,246.38087927828843,41.605177338377715,15.370450448264526,2.8636340257446906,0.7538461538461538,49.0,0.022783229127526283,11.0,5.339805825242719,2.92,244.21659594723894,36.54793818302114,15.269445270073845,2.5362587799349385,0.7282608695652174,67.0,0.02563309669494629,9.0,3.0821917808219177,
EN_098_27__ES_098_27,train,true,85,85,4.87,130.14772808299546,19.005770182563836,4.372076183304302,2.582474689958187,0.38562091503267976,59.0,0.00859166495501995,11.0,2.2587268993839835,4.9,134.88554232185038,12.50938707696122,5.102872473678464,1.6623016293721098,0.34415584415584416,53.0,0.006018184125423431,12.0,2.4489795918367343,
EN_098_2__ES_098_2,train,true,85,85,1.34,124.54209865955082,5.395185877323198,3.783375618332551,0.749320680003883,0.6428571428571429,27.0,0.013880312442779541,7.0,5.223880597014925,1.36,123.10359124004248,9.509925466113408,3.5437922849992183,1.3966337878986035,0.37209302325581395,16.0,0.00952618382871151,8.0,5.88235294117647,
EN_098_3__ES_098_3,train,true,85,85,2.8,nan,nan,nan,nan,0.0,0.0,0.0009326381259597838,0.0,nan,2.73,263.5265037695697,28.665479006928887,16.676129241520957,1.8391201562052166,0.5348837209302325,46.0,0.0016453335992991924,10.0,3.663003663003663,
EN_098_4__ES_098_4,train,true,85,85,1.56,222.22094072827474,29.340195973237467,13.673851808808742,2.275732171434014,0.42857142857142855,21.0,0.022150294855237007,6.0,3.846153846153846,1.69,196.09818902272087,55.38124763198191,10.943145733275083,5.0437350031897905,0.5471698113207547,29.0,0.01612081192433834,7.0,4.1420118343195265,
EN_098_5__ES_098_5,train,true,85,85,6.4,139.02312427039072,16.78663993137678,5.571094916578166,2.1774753481880706,0.3781094527363184,76.0,0.009147288277745247,15.0,2.34375,5.11,142.36002842410574,24.4581793917879,5.833375618332552,3.199638289742324,0.3375,54.0,0.010632704012095928,11.0,2.1526418786692756,
EN_098_6__ES_098_6,train,true,98,98,4.58,229.80012799739376,24.199404124377878,14.309764507221441,1.8073660794265582,0.5,72.0,0.004546108189970255,11.0,2.4017467248908297,5.47,222.0166183286773,25.687513225760227,13.69954723549427,1.9081183392311245,0.5906432748538012,101.0,0.007012319751083851,9.0,1.6453382084095065,
EN_098_7__ES_098_7,train,true,85,85,1.627,141.62023032987878,21.764246145439817,5.804327999284932,2.812862584337769,0.6862745098039216,35.0,0.012972524389624596,8.0,4.917025199754149,1.285,163.74253316229976,12.939848193518943,8.482300349515347,1.3838672080556491,0.7560975609756098,31.0,0.025278562679886818,3.0,2.3346303501945527,
EN_098_8__ES_098_8,train,true,98,98,1.348,200.1272723697909,22.188928090338813,11.894042284999218,2.0705709357566096,0.5813953488372093,25.0,0.005386405624449253,5.0,3.7091988130563798,1.475,210.39494478398126,13.870989813145998,12.841218755587452,1.103834931995462,0.723404255319149,34.0,0.0059690335765480995,4.0,2.711864406779661,
EN_098_9__ES_098_9,train,true,85,85,3.48,110.1651081307426,13.837330833677825,1.5386137135706466,2.1871405243992412,0.6422018348623854,70.0,0.005318173207342625,16.0,4.597701149425287,3.82,123.12608449924494,9.403699478183013,3.5520030693129434,1.3061679014190424,0.425,51.0,0.006556851789355278,10.0,2.617801047120419,
EN_099_10__ES_099_10,train,true,99,99,4.31,247.7153737758082,33.706784435704336,15.550985681225635,2.279998977284564,0.7851851851851852,106.0,0.029041403904557228,11.0,2.552204176334107,2.78,227.34395482935244,29.610599524969754,14.081708951665885,2.1419999740636992,0.6896551724137931,60.0,0.026027057319879532,13.0,4.676258992805756,
EN_099_11__ES_099_11,train,true,2,2,0.42,252.17000577140075,67.76956886308783,15.465426900383834,4.218794241494957,0.9285714285714286,13.0,0.007444318849593401,1.0,2.380952380952381,0.36,nan,nan,nan,nan,0.0,0.0,0.008857408538460732,1.0,2.7777777777777777,
EN_099_12__ES_099_12,train,true,2,2,2.14,212.35639616510304,30.471431008240735,12.877701859467301,2.2934413543434204,0.7014925373134329,47.0,0.009914091788232327,7.0,3.2710280373831773,1.84,202.56425095281836,26.844368709293853,12.090042284999218,2.048674368138252,0.7758620689655172,45.0,0.008868420496582985,5.0,2.717391304347826,
EN_099_13__ES_099_13,train,true,99,99,3.42,228.03272234150242,38.787601320512074,14.051165880504838,2.674578382483862,0.8317757009345794,89.0,0.018427511677145958,14.0,4.093567251461988,3.26,246.61398821320796,61.935502751466004,15.185756570713503,3.7152402619590603,0.5490196078431373,56.0,0.011009788140654564,16.0,4.9079754601226995,
EN_099_14__ES_099_14,train,true,2,2,2.8,255.31220393126932,51.45257918568422,15.914239815863418,3.202287324574375,0.9204545454545454,81.0,0.01620989851653576,18.0,6.428571428571429,2.97,245.24431907550112,22.604587896656383,15.45469344778991,1.6353583617470075,0.9247311827956989,86.0,0.010614325292408466,16.0,5.387205387205387,
EN_099_15__ES_099_15,train,true,99,99,0.27,nan,nan,nan,nan,0.0,0.0,0.006286613643169403,0.0,nan,0.42,232.23688583696736,18.90023956718585,14.53004228499922,1.4048487463068762,0.7142857142857143,10.0,0.009529747068881989,2.0,4.761904761904762,
EN_099_16__ES_099_16,train,true,2,2,2.915,251.09141560452628,54.1091139479572,15.562042284999222,3.5534381472971592,0.8152173913043478,75.0,0.009187377989292145,12.0,4.11663807890223,3.72,249.10908601969675,47.634766032422505,15.490582825539756,3.2657760795115176,0.9487179487179487,111.0,0.011490754783153534,14.0,3.7634408602150535,
EN_099_17__ES_099_17,train,true,99,99,1.805,354.9572424693617,57.567347714534,21.69869093364787,2.861262395896932,0.6491228070175439,37.0,0.01028316281735897,2.0,1.10803324099723,2.1,902.9809909645687,641.3884518975143,33.335408138657755,12.893041439050675,0.6212121212121212,41.0,0.0049194758757948875,2.0,0.9523809523809523,
EN_099_18__ES_099_18,train,true,99,99,2.89,232.7558290419616,24.76303680758261,14.525350926974529,1.8808016982651103,0.8901098901098901,81.0,0.021736878901720047,10.0,3.460207612456747,3.2,300.5739252225926,89.95483161485485,18.35137561833255,4.803179317447513,0.7425742574257426,75.0,0.014661897905170918,14.0,4.375,
EN_099_19__ES_099_19,train,true,99,99,3.88,216.4962889938212,21.271608761637314,13.292750618332553,1.6368634126270962,0.7868852459016393,96.0,0.0156304482370615,13.0,3.350515463917526,2.43,215.6023649774542,19.221058010449344,13.236196131153063,1.4677955132235052,0.8552631578947368,65.0,0.013410396873950958,12.0,4.938271604938271,
EN_099_1__ES_099_1,train,true,99,99,2.7,213.99425481977696,17.407784827465587,13.114425846643053,1.3930718852729744,0.8588235294117647,73.0,0.02229943871498108,9.0,3.333333333333333,2.69,228.6060489816497,16.198065545140995,14.271470856427788,1.215041781426567,0.6588235294117647,56.0,0.010831746272742748,7.0,2.6022304832713754,
EN_099_20__ES_099_20,train,true,2,2,3.23,322.4036407088513,101.67517122266511,19.43337561833255,5.328273641621646,0.8910891089108911,90.0,0.007012953981757164,12.0,3.7151702786377707,2.99,270.4345608936822,50.52838669367303,16.913995773371308,3.3002083369999697,0.9148936170212766,86.0,0.006527302321046591,12.0,4.013377926421405,
EN_099_21__ES_099_21,train,true,99,99,0.8,446.84204191880195,52.35675306417224,25.796196131153064,2.0561784510312355,1.0,26.0,0.050684671849012375,0.0,nan,0.68,407.5211363268347,62.45874325959009,24.09095137590831,2.929576309873477,1.0,22.0,0.02461332082748413,4.0,5.88235294117647,
EN_099_22__ES_099_22,train,true,99,99,1.685,335.0130356955118,46.72793595984485,20.753888438845365,2.5063735324216276,0.9811320754716981,52.0,0.01850120909512043,10.0,5.9347181008902075,1.782,334.65438957267713,61.590227689368604,20.61985360575394,3.182059669142778,0.9464285714285714,53.0,0.017075499519705772,7.0,3.9281705948372614,
EN_099_23__ES_099_23,train,true,2,2,0.925,257.34344215404275,29.532222181027613,16.255305442893956,1.9217518554448743,0.6551724137931034,19.0,0.008967655710875988,1.0,1.081081081081081,0.813,320.7952575529247,39.902330308997655,20.04004228499922,2.223937948774652,0.7692307692307693,20.0,0.019875016063451767,1.0,1.2300123001230012,
EN_099_24__ES_099_24,train,true,2,2,2.65,281.8886611701791,73.35301621098698,17.36021177652464,4.483517645749506,0.7108433734939759,59.0,0.00772627629339695,14.0,5.283018867924529,2.93,309.4081000178639,66.91545563928659,19.128375618332548,3.898251388621427,0.6521739130434783,60.0,0.012898948974907398,10.0,3.41296928327645,
EN_099_25__ES_099_25,train,true,99,99,1.28,418.45684775625995,39.238511851185656,24.70004228499922,1.6998529348152438,0.975609756097561,40.0,0.011510302312672138,0.0,nan,0.94,446.83396789389127,35.850812884802586,25.860042284999217,1.4095744038538727,0.6666666666666666,20.0,0.006291327532380819,1.0,1.0638297872340425,
EN_099_26__ES_099_26,train,true,2,2,2.77,295.1392521120808,66.91680416934838,18.328224103181036,3.6891827579407885,0.632183908045977,55.0,0.00885045900940895,14.0,5.054151624548736,2.9,278.0248927413289,38.65601917042816,17.550042284999215,2.2477694571435776,0.8461538461538461,77.0,0.015517327934503555,7.0,2.413793103448276,
EN_099_27__ES_099_27,train,true,2,2,4.08,215.85086529394036,17.423430684964213,13.264954565700972,1.3807087206404878,0.890625,114.0,0.007864264771342278,18.0,4.411764705882353,3.76,207.52867017199318,12.215966449450221,12.61021927614966,1.0071900650230883,0.9576271186440678,113.0,0.012640333734452724,17.0,4.521276595744681,
EN_099_28__ES_099_28,train,true,99,99,0.41,357.2898963519956,76.6791796053512,21.67504228499922,3.512626035698458,0.9230769230769231,12.0,0.007520635612308979,1.0,2.4390243902439024,0.32,309.8981433585252,71.45637689827444,19.127820062776994,3.9456805574866793,0.8181818181818182,9.0,0.003356166882440448,1.0,3.125,
EN_099_2__ES_099_2,train,true,99,99,3.74,222.77265492576154,33.90687848314614,13.70645254140947,2.236503093693352,0.6666666666666666,78.0,0.022011620923876762,9.0,2.406417112299465,3.34,218.83634885708324,17.347041351258277,13.506758702909664,1.316851047300046,0.638095238095238,67.0,0.013917352072894573,7.0,2.0958083832335332,
EN_099_3__ES_099_3,train,true,99,99,4.51,214.89948224621182,23.030443092769524,13.150042284999216,1.7779797865026823,0.7021276595744681,99.0,0.021626289933919907,18.0,3.991130820399113,3.5,222.526978632787,17.99016685249484,13.790783025739959,1.4080700194586262,0.7363636363636363,81.0,0.01849237084388733,16.0,4.571428571428571,
EN_099_4__ES_099_4,train,true,99,99,5.95,222.9908061305435,19.95659959272303,13.818042284999219,1.4909200738693766,0.8064516129032258,150.0,0.020204562693834305,22.0,3.6974789915966384,3.05,231.42695129959432,22.399153577723215,14.446708951665885,1.658878469863835,0.9375,90.0,0.016970688477158546,17.0,5.573770491803279,
EN_099_5__ES_099_5,train,true,99,99,3.87,232.1125846892194,28.457861869978633,14.444537697843254,2.162008701676695,0.9008264462809917,109.0,0.020209046080708504,10.0,2.5839793281653747,2.71,224.66463943204118,25.61218287695278,13.903665473405013,1.9362731055231959,0.8117647058823529,69.0,0.015637651085853577,9.0,3.321033210332103,
EN_099_6__ES_099_6,train,true,2,2,0.68,226.0856273304421,29.285128127527425,13.980042284999218,2.2088684886158347,0.9090909090909091,20.0,0.012751206755638123,3.0,4.411764705882352,0.51,224.883182378136,40.92348964036147,13.736708951665888,3.202679433779716,0.9375,15.0,0.009795019403100014,2.0,3.9215686274509802,
EN_099_7__ES_099_7,train,true,99,99,4.49,270.2682342273315,56.08949359353901,16.8940078022406,3.2017852992134266,0.8226950354609929,116.0,0.02623913437128067,16.0,3.5634743875278394,3.6,259.65929585874693,82.0844154347557,15.7335587685157,5.133005968407431,0.8053097345132744,91.0,0.013020995073020458,15.0,4.166666666666667,
EN_099_8__ES_099_8,train,true,99,99,5.06,235.96000349474974,38.407868080117794,14.65224816735216,2.646403411507018,0.8553459119496856,136.0,0.019978955388069153,16.0,3.16205533596838,4.4,236.10223303046402,37.337841052852916,14.675267510224442,2.5616178892518024,0.8043478260869565,111.0,0.013643629848957062,11.0,2.5,
EN_099_9__ES_099_9,train,true,99,99,3.75,286.5529817257345,71.08706467119018,17.766708951665883,3.8538701087108285,0.9152542372881356,108.0,0.013943065889179707,12.0,3.2,3.69,298.1001936981105,63.521020664382306,18.564995556027256,3.355893232857649,0.9224137931034483,107.0,0.012116504833102226,12.0,3.252032520325203,
EN_100_10__ES_100_10,dev,true,57,57,3.12,251.24338583275,25.399828102458997,15.863966335632128,1.7026215213207556,0.8061224489795918,79.0,0.03056176006793976,14.0,4.487179487179487,5.39,258.4732698861816,35.71107508639597,16.287542284999216,2.258255687472081,0.9467455621301775,160.0,0.02797519788146019,13.0,2.4118738404452693,
EN_100_11__ES_100_11,dev,true,100,100,3.5,175.9371974248249,65.73884153598547,8.686528771485705,6.003232785044988,0.6727272727272727,74.0,0.007632230408489704,8.0,2.2857142857142856,5.46,195.6209253432867,108.49521692146824,9.330477067607912,8.516870374168223,0.8070175438596491,138.0,0.00593594228848815,15.0,2.7472527472527473,
EN_100_12__ES_100_12,dev,true,57,57,1.46,301.3883275210076,47.420975616256634,18.914327999284932,2.4508328446985246,0.9130434782608695,42.0,0.03498346731066704,5.0,3.4246575342465753,2.32,329.10229535627553,50.46725625283039,20.437542284999218,2.474228775944998,0.7671232876712328,56.0,0.02828843705356121,5.0,2.1551724137931036,
EN_100_13__ES_100_13,dev,true,57,57,2.19,334.77178797062896,27.917799497369256,20.853490560861285,1.5239428803262376,0.8405797101449275,58.0,0.03209057077765465,8.0,3.6529680365296806,3.625,338.17634368908125,36.34318828811424,20.98651287323451,1.9589821522066915,0.7456140350877193,85.0,0.032792069017887115,9.0,2.4827586206896552,
EN_100_14__ES_100_14,dev,true,100,100,2.04,180.36955368005616,23.949241326948595,10.050042284999218,2.4006943440041115,0.375,24.0,0.014240425080060959,4.0,1.9607843137254901,3.175,154.2068728615608,20.478687316596368,7.333375618332551,2.4392052439723524,0.24,24.0,0.006020957138389349,3.0,0.9448818897637796,
EN_100_15__ES_100_15,dev,true,100,100,3.695,113.11856497772362,7.904542614333716,2.0940422849992184,1.161406044413408,0.43103448275862066,50.0,0.005258431192487478,14.0,3.7889039242219216,2.285,126.58403673319287,9.2801387270842,4.034417284999218,1.2738007534049427,0.8888888888888888,64.0,0.01002452801913023,10.0,4.3763676148796495,
EN_100_16__ES_100_16,dev,true,57,57,0.45,218.03756135159372,12.045777438321066,13.470042284999217,0.9144761706390522,1.0,15.0,0.007554143667221069,1.0,2.2222222222222223,0.565,221.2045081723034,10.383050728228612,13.726512873234512,0.7802936187666084,0.9444444444444444,17.0,0.007998978719115257,1.0,1.7699115044247788,
EN_100_17__ES_100_17,dev,true,100,100,3.005,152.84158987762655,11.43921548277777,7.297101108528629,1.2731931358775366,0.723404255319149,68.0,0.012184464372694492,7.0,2.329450915141431,2.55,142.2946650577987,14.895843257399914,6.01300524796218,1.794260014219862,0.675,54.0,0.011798064224421978,7.0,2.7450980392156863,
EN_100_18__ES_100_18,dev,true,57,57,1.04,246.68769296784782,15.709004401868564,15.596708951665883,1.1122749460252874,0.45454545454545453,15.0,0.007407262455672026,1.0,0.9615384615384615,0.68,242.35549120136238,14.739478487497356,15.293792284999217,1.0452085617234494,0.7272727272727273,16.0,0.01346390787512064,1.0,1.4705882352941175,
EN_100_19__ES_100_19,dev,true,100,100,2.97,119.41798623275403,12.74854414635413,2.9786137135706467,1.7795269430390355,0.8279569892473119,77.0,0.007526604924350977,10.0,3.3670033670033668,2.98,120.78520207746737,13.341454634773624,3.1653364026462767,1.8900672806171517,0.9042553191489362,85.0,0.009550882503390312,10.0,3.3557046979865772,
EN_100_1__ES_100_1,dev,true,57,57,1.68,172.4180750020569,76.84316304872203,7.01474816735216,9.881172898733798,0.6415094339622641,34.0,0.01595374569296837,8.0,4.761904761904762,2.04,245.20476210839678,12.547855058065604,15.505597840554774,0.8736188393934792,0.84375,54.0,0.024958834052085876,10.0,4.901960784313726,
EN_100_20__ES_100_20,dev,true,57,57,0.42,210.67306891249203,9.965093254420959,12.88081151576845,0.8156022931501087,0.9285714285714286,13.0,0.006174831185489893,1.0,2.380952380952381,0.61,233.7837919308683,16.21978496024161,14.662542284999219,1.1553543828626793,0.8,16.0,0.007279202342033386,1.0,1.639344262295082,
EN_100_21__ES_100_21,dev,true,100,100,2.24,174.10364883166432,22.850186545832823,9.443065540813171,2.355537300957757,0.6056338028169014,43.0,0.012747888453304768,11.0,4.910714285714286,2.84,154.51691303973405,27.15142142237352,7.267689343822749,3.0311911773861944,0.5730337078651685,51.0,0.012131116352975368,10.0,3.5211267605633805,
EN_100_22__ES_100_22,dev,true,100,100,2.44,128.8636200889,15.000858110349986,4.271254406211339,2.038680139840566,0.8571428571428571,66.0,0.011114208027720451,13.0,5.327868852459017,2.66,134.6560845455125,14.223951423344094,5.055597840554774,1.8180338043007473,0.8571428571428571,72.0,0.010796702466905117,13.0,4.887218045112782,
EN_100_23__ES_100_23,dev,true,100,100,3.36,148.16907748716798,27.504565369060572,6.562542284999218,2.7690721219691383,0.4528301886792453,48.0,0.016768721863627434,18.0,5.357142857142858,2.97,148.37777345335573,27.03485434850179,6.563931173888107,2.9938504358265403,0.7741935483870968,72.0,0.010143703781068325,14.0,4.713804713804714,
EN_100_2__ES_100_2,dev,true,100,100,1.32,115.41892597022357,9.44487776887324,2.426965361922295,1.3743924603651172,0.9285714285714286,39.0,0.004032606724649668,7.0,5.303030303030303,1.87,118.75506833894131,8.75138626421545,2.9280083866941333,1.2936700908406482,1.0,59.0,0.00732407346367836,7.0,3.7433155080213902,
EN_100_3__ES_100_3,dev,true,57,57,3.42,263.63942371602377,12.539405629033704,16.762808242446024,0.8363082556184488,0.4392523364485981,47.0,0.020107029005885124,10.0,2.9239766081871346,4.12,255.417948872551,28.773838869633018,16.121781415434,1.989555668493352,0.7131782945736435,92.0,0.02896050363779068,9.0,2.1844660194174756,
EN_100_4__ES_100_4,dev,true,100,100,1.2,1732.3054301420095,11.97667475694062,49.37504228499921,0.11989578808281581,0.21052631578947367,8.0,0.006093570031225681,0.0,nan,1.11,250.2313249463337,24.244404136334985,15.794486729443665,1.7301965919841538,0.5142857142857142,18.0,0.007329165004193783,1.0,0.9009009009009008,
EN_100_5__ES_100_5,dev,true,100,100,2.17,123.81014146101478,13.68055615768442,3.582042284999218,2.0524560896642834,0.36764705882352944,25.0,0.003929175436496735,6.0,2.7649769585253456,2.8,174.33191377400848,58.5977635900874,8.694779127104482,5.577501674652185,0.8636363636363636,76.0,0.005883346777409315,8.0,2.857142857142857,
EN_100_6__ES_100_6,dev,true,57,57,1.46,261.90212808589393,36.330928924740306,16.523015257972194,2.1674058037636725,0.8043478260869565,37.0,0.02381124719977379,5.0,3.4246575342465753,1.47,262.8280220863073,26.51795116783354,16.647410706051847,1.6561666014125356,0.8260869565217391,38.0,0.026577750220894814,3.0,2.0408163265306123,
EN_100_7__ES_100_7,dev,true,57,57,2.3,263.75224933017404,34.08599213587109,16.64845498341192,2.2050081570228177,0.875,63.0,0.027645431458950043,11.0,4.782608695652175,2.83,283.3614535794791,33.91123685833136,17.90126179719434,2.1578695400358185,0.9213483146067416,82.0,0.02431338280439377,7.0,2.4734982332155475,
EN_100_8__ES_100_8,dev,true,100,100,1.98,134.72175079576513,17.079639534861858,5.027820062776995,2.115013936270228,0.7258064516129032,45.0,0.011850354261696339,9.0,4.545454545454546,2.22,131.66923420172247,10.47642729994595,4.704804189761122,1.4419237118966124,0.6,42.0,0.011270871385931969,8.0,3.603603603603603,
EN_100_9__ES_100_9,dev,true,57,57,3.78,223.05489187234033,27.21431210968449,13.777493265391373,1.896547785450986,0.8571428571428571,102.0,0.011491812765598297,14.0,3.7037037037037037,5.32,246.69583341134634,34.277717022767305,15.483375618332552,2.216691729181625,0.718562874251497,120.0,0.012238891795277596,10.0,1.8796992481203008,
EN_101_10__ES_101_10,test,true,70,70,4.78,117.91106959038153,6.414705366164026,2.8277018594673025,0.9168811908600866,0.6266666666666667,94.0,0.011040342971682549,14.0,2.928870292887029,4.8,122.62494165889225,15.383300234437938,3.3976032606089746,2.139194378205353,0.543046357615894,82.0,0.011077167466282845,10.0,2.0833333333333335,
EN_101_11__ES_101_11,train,true,101,101,0.403,nan,nan,nan,nan,0.0,0.0,0.0031867395155131817,0.0,nan,0.4,nan,nan,nan,nan,0.0,0.0,0.0058964514173567295,1.0,2.5,
EN_101_12__ES_101_12,test,true,70,70,4.46,159.8346086241275,43.86667578216762,7.5266047849992175,4.420610187925842,0.45714285714285713,64.0,0.008013991639018059,10.0,2.242152466367713,4.73,131.5373432929136,12.69410806821259,4.667484145464333,1.6340271168841773,0.581081081081081,86.0,0.0074552814476192,10.0,2.1141649048625792,
EN_101_13__ES_101_13,test,true,70,70,3.44,119.12567373772173,10.619369359100427,2.9643279992849325,1.4872588125508628,0.5185185185185185,56.0,0.007909422740340233,13.0,3.7790697674418605,1.85,113.11026103184358,6.257121018770202,2.106564024129653,0.9497487479907614,0.7931034482758621,46.0,0.006816739682108164,9.0,4.864864864864865,
EN_101_14__ES_101_14,test,true,70,70,3.2,135.80013764286298,16.840497762076435,5.168560803517736,2.100917560337882,0.801980198019802,81.0,0.007301157806068659,9.0,2.8125,2.26,140.3459918298425,14.785258592557527,5.770042284999217,1.848211490681117,0.49295774647887325,35.0,0.00893743708729744,11.0,4.867256637168142,
EN_101_15__ES_101_15,test,true,70,70,3.82,121.97799320707813,25.289825315287402,3.1242690891229294,3.1811713575807024,0.8083333333333333,97.0,0.008977600373327732,20.0,5.235602094240838,2.93,115.26592034760812,7.871941914572155,2.419089904046837,1.1855254200319583,0.45652173913043476,42.0,0.01623367890715599,14.0,4.778156996587031,
EN_101_16__ES_101_16,train,true,101,101,0.43,246.5250049375738,16.796290417327796,15.58081151576845,1.175640326594317,0.9285714285714286,13.0,0.0055670663714408875,1.0,2.3255813953488373,0.38,218.95137921206987,65.96463809419923,12.568224103181034,6.240165816826313,0.9166666666666666,11.0,0.003860454075038433,1.0,2.6315789473684212,
EN_101_17__ES_101_17,test,true,70,70,3.54,116.06995420141338,9.642105791325939,2.5232817216189356,1.3838055047818214,0.6396396396396397,71.0,0.009359034709632397,10.0,2.824858757062147,2.77,130.20827878081252,18.862715534565165,4.405756570713505,2.327084976917672,0.8045977011494253,70.0,0.01230608206242323,11.0,3.9711191335740073,
EN_101_18__ES_101_18,test,true,70,70,4.67,228.19213282158623,85.65594612222873,13.016334419830676,6.779147535488195,0.6095890410958904,89.0,0.0041910139843821526,4.0,0.8565310492505354,4.05,1777.9800516741132,48.04134157534258,49.81960750239053,0.472214747213408,0.18110236220472442,23.0,0.0045043411664664745,4.0,0.9876543209876544,
EN_101_19__ES_101_19,train,true,101,101,3.42,278.8892881865789,85.39542146089336,17.10773459269153,4.547710588596545,0.7289719626168224,78.0,0.01159125380218029,9.0,2.6315789473684212,3.33,301.6471501302409,73.56664271124643,18.696594009137144,3.6140156058114568,0.5523809523809524,58.0,0.013046124950051308,10.0,3.003003003003003,
EN_101_1__ES_101_1,test,true,70,70,4.36,112.50976503774801,7.792807429573771,1.9990006183325513,1.2015610325449786,0.7007299270072993,96.0,0.011901047080755234,11.0,2.5229357798165135,4.35,118.8160895784741,10.796641072347157,2.919714416146759,1.4697992136913087,0.8970588235294118,122.0,0.01006071176379919,12.0,2.7586206896551726,
EN_101_20__ES_101_20,test,true,70,70,5.07,123.12674349218854,20.749110048688628,3.3871851421420756,2.6410408172990163,0.660377358490566,105.0,0.008734382688999176,20.0,3.944773175542406,3.73,158.42060042003567,36.975617288477814,7.482715552325952,4.118158506821365,0.8632478632478633,101.0,0.021293845027685165,15.0,4.021447721179625,
EN_101_21__ES_101_21,test,true,70,70,2.94,106.77601911660571,3.9056292304991813,1.123375618332551,0.6371464161050874,0.16304347826086957,15.0,0.010243939235806465,11.0,3.741496598639456,1.82,118.93134476610675,11.840240181351218,2.9214708564277894,1.638565823878819,0.7368421052631579,42.0,0.008471476845443249,9.0,4.945054945054945,
EN_101_22__ES_101_22,test,true,70,70,4.08,126.47142624067384,17.885636534770892,3.9007465103513304,2.3623140504769338,0.5546875,71.0,0.009772391989827156,13.0,3.1862745098039214,3.86,133.49146315566603,15.833242120055425,4.884252811315006,1.9892619166973795,0.9421487603305785,114.0,0.01610150933265686,15.0,3.8860103626943006,
EN_101_2__ES_101_2,test,true,70,70,4.65,128.53311364167726,17.623690986421845,4.185253552604851,2.3503729755892113,0.4863013698630137,71.0,0.008499751798808575,17.0,3.6559139784946235,3.5,350.0029374357159,242.849015839956,16.561153396110335,13.762900569965819,0.4090909090909091,45.0,0.009172110818326473,15.0,4.285714285714286,
EN_101_3__ES_101_3,train,true,101,101,0.5,247.14662471711728,28.483711640757143,15.55629228499922,1.9083594885398305,1.0,16.0,0.005519716534763575,1.0,2.0,0.41,225.4199380202396,16.705247576580856,14.02276955772649,1.3046008857403013,0.8461538461538461,11.0,0.003468338632956147,1.0,2.4390243902439024,
EN_101_4__ES_101_4,train,true,101,101,3.14,256.6713326182565,23.23977579360619,16.250042284999218,1.53694430679768,0.9191919191919192,91.0,0.015491620637476444,9.0,2.8662420382165603,2.435,260.4694247171482,21.99464522246087,16.512899427856357,1.4406517799317116,0.9090909090909091,70.0,0.014004230499267578,4.0,1.6427104722792607,
EN_101_5__ES_101_5,test,true,70,70,1.67,130.46389047996317,17.059531672939308,4.463995773371311,2.171654753852392,0.8113207547169812,43.0,0.02074621245265007,5.0,2.9940119760479043,1.495,124.20771562612711,18.976198140254905,3.5690899040468365,2.468780120514323,0.8936170212765957,42.0,0.024024780839681625,4.0,2.6755852842809364,
EN_101_6__ES_101_6,test,true,70,70,6.39,113.04565316453358,11.747652846907313,2.0275070737316123,1.8280442241313213,0.71,142.0,0.013410274870693684,10.0,1.564945226917058,4.485,117.73421842048846,11.523944869293594,2.746594009137149,1.6468324368043092,0.6170212765957447,87.0,0.009234189987182617,8.0,1.7837235228539574,
EN_101_7__ES_101_7,train,true,101,101,0.56,332.3028835270709,81.80270767562205,20.35629228499922,3.7004169950831227,0.8888888888888888,16.0,0.007309623062610626,1.0,1.7857142857142856,0.52,232.18849417117212,26.780165986745374,14.485336402646276,1.7749701493664256,1.0,17.0,0.0053354608826339245,1.0,1.923076923076923,
EN_101_8__ES_101_8,train,true,101,101,0.82,332.04138595749686,66.31500422147724,20.437542284999218,3.413491919330311,0.9230769230769231,24.0,0.019388318061828613,2.0,2.4390243902439024,0.745,358.62600572537815,64.75565252578268,21.81320017973606,3.2488395541721453,0.7916666666666666,19.0,0.0244606826454401,2.0,2.684563758389262,
EN_101_9__ES_101_9,test,true,70,70,6.13,119.02244679913903,12.26250084741547,2.927904880419065,1.7116703183819904,0.6822916666666666,131.0,0.006531973835080862,13.0,2.1207177814029365,4.48,116.71257189758465,18.202802613014164,2.451062693162483,2.851655262172723,0.6950354609929078,98.0,0.006577664986252785,12.0,2.6785714285714284,
EN_102_10__ES_102_10,train,true,85,85,0.73,105.88537238980057,2.6119651048576418,0.9848248936948706,0.4238628732853547,1.0,23.0,0.0046652392484247684,1.0,1.36986301369863,0.64,118.52647547243346,2.6163170855484754,2.938277579116864,0.3833019895916449,0.8095238095238095,17.0,0.003877199487760663,1.0,1.5625,
EN_102_11__ES_102_11,train,true,85,85,5.21,109.48600578287979,10.519158318659043,1.4904917232014652,1.6441055148842239,0.5460122699386503,89.0,0.005113260820508003,13.0,2.495201535508637,4.85,125.49293506850957,15.26787804102511,3.8035076315338716,2.1044302329216764,0.6644736842105263,101.0,0.008731754496693611,14.0,2.8865979381443303,
EN_102_12__ES_102_12,train,true,102,102,1.97,263.4667678087729,39.720068157029544,16.562542284999218,2.7388776702980255,0.9032258064516129,56.0,0.025624508038163185,11.0,5.583756345177665,2.22,266.0999177428321,29.978085325355973,16.83239522617569,1.9709613343023447,0.9714285714285714,68.0,0.01669417880475521,10.0,4.504504504504504,
EN_102_13__ES_102_13,train,true,102,102,1.88,223.6136954632126,13.26434498921578,13.900919477981674,1.0456464141931188,0.9661016949152542,57.0,0.01717039756476879,9.0,4.787234042553192,1.71,228.67478774752112,11.23365071938718,14.299061892842355,0.8390874008601243,0.9444444444444444,51.0,0.010817022994160652,8.0,4.678362573099415,
EN_102_14__ES_102_14,train,true,85,85,0.73,111.7300664807023,6.832323378102985,1.8889311738881078,1.0317939549309723,0.782608695652174,18.0,0.004416078329086304,3.0,4.109589041095891,0.99,nan,nan,nan,nan,0.0,0.0,0.004502884577959776,4.0,4.040404040404041,
EN_102_15__ES_102_15,train,true,85,85,3.02,106.40558767424594,8.638238775610219,1.0236533961103291,1.3011739416938883,0.7578947368421053,72.0,0.008028121665120125,11.0,3.642384105960265,4.74,104.8544221426523,6.1789252912594055,0.7908422849992179,1.0140687156203962,0.8389261744966443,125.0,0.006841779686510563,11.0,2.320675105485232,
EN_102_16__ES_102_16,train,true,102,102,3.08,223.57927540827603,15.152258718546898,13.887973319481981,1.2109881383010432,0.29896907216494845,29.0,0.0283037219196558,8.0,2.5974025974025974,2.77,238.18689676501148,16.45323267019969,14.984468514507414,1.1825070957263475,0.7011494252873564,61.0,0.0060340180061757565,8.0,2.888086642599278,
EN_102_17__ES_102_17,train,true,85,85,1.133,106.14242112831249,6.388071950681974,1.0000422849992179,1.0572763750946739,0.8333333333333334,30.0,0.007700568065047264,5.0,4.41306266548985,0.95,nan,nan,nan,nan,0.0,0.0,0.003834489034488797,3.0,3.1578947368421053,
EN_102_18__ES_102_18,train,true,102,102,1.91,260.71270782181125,43.35360990237925,16.32754228499922,3.078675648716506,0.6666666666666666,40.0,0.0249774232506752,6.0,3.141361256544503,2.25,266.6064547146742,33.55892128482833,16.841421595344045,2.157208004195479,0.8169014084507042,58.0,0.014836749993264675,7.0,3.111111111111111,
EN_102_19__ES_102_19,train,true,85,85,2.62,106.04645903298962,8.932907805511869,0.958516861270404,1.3945764359813024,0.7195121951219512,59.0,0.00871829129755497,9.0,3.4351145038167936,2.925,125.63604870876665,13.640988297591589,3.855305442893956,1.7928142194563177,0.8260869565217391,76.0,0.009673562832176685,9.0,3.076923076923077,
EN_102_1__ES_102_1,train,true,85,85,1.442,113.21535390503833,9.759827086196575,2.082185142142074,1.5334493264319802,0.6086956521739131,28.0,0.008525296114385128,6.0,4.160887656033287,1.07,119.73131813595346,14.825122597673463,2.970731940171633,2.314330067710044,0.8529411764705882,29.0,0.007470882963389158,4.0,3.7383177570093458,
EN_102_20__ES_102_20,train,true,85,85,2.39,104.05453560492627,7.390961937896107,0.6453911222085201,1.2088729112367038,0.5733333333333334,43.0,0.004507172852754593,8.0,3.3472803347280333,2.75,97.74192424182708,5.498557994222623,-0.42205073825659617,0.9538966794509796,0.5,43.0,0.0036201216280460358,9.0,3.272727272727273,
EN_102_21__ES_102_21,train,true,102,102,3.04,305.24336859396254,99.78625708163861,18.41069802270414,5.582357416370472,0.6354166666666666,61.0,0.016806257888674736,8.0,2.6315789473684212,3.52,217.64782891535597,67.53643155150111,12.224725829303017,7.352489776430432,0.7117117117117117,79.0,0.011010192334651947,4.0,1.1363636363636365,
EN_102_22__ES_102_22,train,true,85,85,2.24,284.47847867298447,146.51774098392997,15.086708951665885,10.860923328868294,0.4225352112676056,30.0,0.0030631572008132935,2.0,0.8928571428571428,2.34,121.59554287271717,7.705280963306882,3.3500422849992186,1.10383945320936,0.17567567567567569,13.0,0.0023933539632707834,2.0,0.8547008547008548,
EN_102_23__ES_102_23,train,true,102,102,4.67,236.23619286404443,30.98057599663437,14.72565204109678,2.3670619661881975,0.8424657534246576,123.0,0.018210208043456078,20.0,4.282655246252677,4.69,249.13352689202057,30.99939539654252,15.666232761189693,2.192503409761102,0.7142857142857143,105.0,0.017198024317622185,15.0,3.1982942430703623,
EN_102_24__ES_102_24,train,true,85,85,1.51,105.71431960227686,6.170154767599681,0.9321851421420752,1.0205228251904486,0.5833333333333334,28.0,0.004974732641130686,6.0,3.9735099337748343,1.625,99.64751682092741,5.069262696084785,-0.08416824131657179,0.8994958575690789,0.7450980392156863,38.0,0.0062077282927930355,9.0,5.538461538461538,
EN_102_25__ES_102_25,train,true,102,102,0.5,487.2318706596811,43.500728523121076,27.34234997730691,1.6121946525259092,0.8125,13.0,0.012309188023209572,0.0,nan,0.395,nan,nan,nan,nan,0.0,0.0,0.004757162183523178,1.0,2.531645569620253,
EN_102_26__ES_102_26,train,true,85,85,4.2,110.39351996736899,11.305135304650179,1.6254521210647916,1.7089595854850643,0.4621212121212121,61.0,0.006282603368163109,16.0,3.8095238095238093,3.06,117.86773429918627,17.308140079882904,2.6734797849992176,2.399462321769973,0.6666666666666666,64.0,0.00863887369632721,14.0,4.57516339869281,
EN_102_27__ES_102_27,train,true,102,102,2.93,242.52007970619297,32.603568666016024,15.190667284999218,2.2166781700046134,0.6956521739130435,64.0,0.014200319536030293,17.0,5.802047781569965,3.32,240.76160425411487,25.866343995556786,15.117784220483088,1.7750457386396898,0.8942307692307693,93.0,0.010489667765796185,13.0,3.91566265060241,
EN_102_2__ES_102_2,train,true,102,102,1.143,226.13937488454692,31.34312844926692,13.954587739544673,2.459762973194271,0.6111111111111112,22.0,0.014673154801130295,3.0,2.6246719160104988,0.93,243.55321363508247,25.69527733034596,15.314042284999218,1.8327858576494969,0.8333333333333334,25.0,0.021107854321599007,3.0,3.225806451612903,
EN_102_3__ES_102_3,train,true,85,85,3.5,105.45883512143955,12.263997799478794,0.8180422849992176,1.8187292266854904,0.45454545454545453,50.0,0.006333818193525076,13.0,3.7142857142857144,4.76,118.85056215254029,18.646196917090407,2.798277579116865,2.510524283875939,0.5704697986577181,85.0,0.005295158363878727,13.0,2.73109243697479,
EN_102_4__ES_102_4,train,true,102,102,0.58,nan,nan,nan,nan,0.0,0.0,0.007134964689612389,1.0,1.7241379310344829,0.56,214.77314237504623,11.09332293779678,13.210042284999219,0.9123595782365632,0.5555555555555556,10.0,0.005946997553110123,1.0,1.7857142857142856,
EN_102_5__ES_102_5,train,true,102,102,3.04,213.54923733424914,19.155318039684825,13.066435727622169,1.532081015692553,0.6354166666666666,61.0,0.009727363474667072,11.0,3.6184210526315788,3.59,235.36599763239374,18.0556724569136,14.768646936162009,1.314544012187636,0.7610619469026548,86.0,0.01339009404182434,7.0,1.9498607242339834,
EN_102_6__ES_102_6,train,true,85,85,1.94,124.22472736352186,17.544605069829885,3.5869988067383476,2.4039242098712874,0.7540983606557377,46.0,0.012017009779810905,10.0,5.154639175257732,1.81,118.11838231720127,8.278242395565089,2.840518475475409,1.2082670636296242,0.3684210526315789,21.0,0.013184824958443642,7.0,3.867403314917127,
EN_102_7__ES_102_7,train,true,85,85,3.32,129.52341942458926,14.962708842936602,4.369273054229987,1.9263395400781869,0.5,52.0,0.01304331049323082,12.0,3.6144578313253013,3.21,141.19552191508095,12.30830371934156,5.910298695255627,1.4462453371677373,0.7722772277227723,78.0,0.014713754877448082,12.0,3.7383177570093458,
EN_102_8__ES_102_8,train,true,102,102,3.57,226.7700134315644,25.879719695074197,14.060042284999218,2.005903786326752,0.7142857142857143,80.0,0.012129564769566059,14.0,3.9215686274509807,4.86,242.44411011462657,13.382564457781564,15.305681382743579,0.9495874477252646,0.875,133.0,0.012665942311286926,13.0,2.674897119341564,
EN_102_9__ES_102_9,train,true,102,102,3.29,234.38415648068167,32.41456018708884,14.577101108528627,2.4373268015832967,0.8252427184466019,85.0,0.02483801543712616,12.0,3.6474164133738602,3.4,254.23563122719614,33.562748609225714,16.00901664397358,2.2204432392722215,0.7289719626168224,78.0,0.01669670082628727,13.0,3.823529411764706,
EN_103_10__ES_103_10,train,true,91,91,4.161,308.6432812209078,60.684791494083136,19.181042284999215,3.3909790621588924,0.7633587786259542,100.0,0.007044639438390732,13.0,3.124248978610911,5.09,318.4451634011078,42.463890936385795,19.896804874927277,2.3330685681386343,0.86875,139.0,0.01842334121465683,15.0,2.9469548133595285,
EN_103_11__ES_103_11,train,true,91,91,2.458,254.7004542974866,30.067142046737576,16.073678648635585,1.933528440805813,0.7142857142857143,55.0,0.005894400179386139,6.0,2.441008950366151,2.13,292.5360423159971,38.83382293009399,18.428503823460755,2.3271965509991297,0.9701492537313433,65.0,0.020908517763018608,6.0,2.8169014084507045,
EN_103_1__ES_103_1,test,true,103,103,4.01,249.33564849746062,34.32862257351657,15.657661332618265,2.3367333828433083,0.8333333333333334,105.0,0.020176412537693977,15.0,3.7406483790523692,5.015,249.42977088854957,33.57397254398672,15.680189343822747,2.183909064476613,0.8662420382165605,136.0,0.010260201059281826,13.0,2.59222333000997,
EN_103_2__ES_103_2,train,true,91,91,3.69,252.5276906295837,35.1171180039392,15.890951375908308,2.1796703443221306,0.9482758620689655,110.0,0.007189953699707985,10.0,2.710027100271003,3.2,252.2680274345358,31.590241386647797,15.896292284999216,2.0216913556475435,0.7920792079207921,80.0,0.010141539387404919,8.0,2.5,
EN_103_3__ES_103_3,train,true,91,91,3.915,262.72074393068544,20.360085170872186,16.669853605753936,1.3521764294926948,0.8617886178861789,106.0,0.014353251084685326,13.0,3.3205619412515963,3.79,390.8646193998562,329.2353356370534,20.571042284999223,8.54894490565941,0.8403361344537815,100.0,0.030266162008047104,10.0,2.638522427440633,
EN_103_4__ES_103_4,train,true,91,91,4.822,313.04244763009655,39.84895824779674,19.614377949334884,2.2252337221286855,0.9470198675496688,143.0,0.010176551528275013,16.0,3.3181252592285357,5.8,338.3231758243799,65.24500381067507,20.7550984647745,3.5265330154704895,0.978021978021978,178.0,0.018752317875623703,16.0,2.7586206896551726,
EN_103_5__ES_103_5,train,true,91,91,2.842,425.37289101572753,47.79436179314274,24.95458773954467,1.957846050389252,0.9887640449438202,88.0,0.027616040781140327,6.0,2.1111893033075297,2.89,474.3028056146639,58.12503846168748,26.804065273504964,2.318828707383141,0.9560439560439561,87.0,0.040565114468336105,6.0,2.0761245674740483,
EN_103_6__ES_103_6,train,true,91,91,2.246,474.1437937233728,99.0189606090336,26.492147548157106,4.138816992110527,0.8028169014084507,57.0,0.035387374460697174,0.0,nan,2.67,370.96664523086497,43.33198690027121,22.57660478499922,2.0332580218933725,0.7619047619047619,64.0,0.02853195182979107,7.0,2.6217228464419478,
EN_103_7__ES_103_7,train,true,91,91,3.22,329.3317861023261,47.41877395713933,20.442515403278787,2.6231490784907834,0.9207920792079208,93.0,0.016942476853728294,13.0,4.037267080745341,4.51,298.7457554434112,46.92512188865221,18.739558414031475,2.668297105512848,0.8794326241134752,124.0,0.024269364774227142,11.0,2.4390243902439024,
EN_103_8__ES_103_8,test,true,103,103,1.241,1523.09887488762,213.23275952627586,46.987079322036244,2.3209429993077535,0.6923076923076923,27.0,0.004593010060489178,0.0,nan,1.85,258.229434160089,115.04170141207656,13.276129241520959,12.045356940270617,0.39655172413793105,23.0,0.004775937646627426,5.0,2.7027027027027026,
EN_103_9__ES_103_9,train,true,91,91,1.932,219.27928355416077,14.546467748058088,13.557185142142075,1.1022472406823414,0.6885245901639344,42.0,0.007361785974353552,8.0,4.140786749482402,2.57,262.17924325838015,25.646987214690327,16.605266165596234,1.6719176211664952,0.8271604938271605,67.0,0.025269731879234314,8.0,3.11284046692607,
EN_104_10__ES_104_10,dev,true,57,57,3.8,297.5800750953833,61.7122002330346,18.526809961766894,3.449925435669948,0.8319327731092437,99.0,0.02468864619731903,15.0,3.947368421052632,2.55,319.79425068988587,55.99358248716335,19.860298695255626,3.0316107990337207,0.975,78.0,0.024815913289785385,10.0,3.9215686274509807,
EN_104_11__ES_104_11,dev,true,57,57,5.81,270.1986016096975,44.43412650138845,16.97724816735216,2.821385426048405,0.7472527472527473,136.0,0.011141706258058548,16.0,2.753872633390706,4.98,268.4698322149876,36.07113446558888,16.946225491106087,2.269391571289561,0.8397435897435898,131.0,0.02571255713701248,11.0,2.208835341365462,
EN_104_12__ES_104_12,train,true,104,104,3.21,130.20844420192108,17.009300394360178,4.420280380237314,2.2852935500668887,0.8316831683168316,84.0,0.011470471508800983,13.0,4.049844236760125,2.61,139.18070563799776,19.67117404916206,5.562542284999219,2.3223035438977395,0.975609756097561,80.0,0.011886786669492722,9.0,3.4482758620689657,
EN_104_13__ES_104_13,dev,true,57,57,0.59,244.54211767199467,18.456437351895268,15.434252811315009,1.2558340310619898,1.0,19.0,0.008159540593624115,1.0,1.6949152542372883,0.41,239.17993340339794,10.819605913799865,15.080811515768449,0.7373388902351863,1.0,13.0,0.005596941336989403,1.0,2.4390243902439024,
EN_104_14__ES_104_14,dev,true,57,57,6.52,245.72327543923652,38.2098116834309,15.364785874742806,2.5995266947692386,0.7647058823529411,156.0,0.015187221579253674,23.0,3.5276073619631902,5.98,258.68971425026496,33.59049172262972,16.315072959845846,2.1764081892928577,0.8716577540106952,163.0,0.021594103425741196,20.0,3.34448160535117,
EN_104_15__ES_104_15,train,true,104,104,3.61,119.89158776930553,13.70921085721085,3.0318604668174003,1.9240431774677853,0.7787610619469026,88.0,0.008196582086384296,12.0,3.32409972299169,3.09,118.2618580309061,9.120190729676958,2.8512187555874533,1.3575491859920006,0.8762886597938144,85.0,0.007808884605765343,8.0,2.5889967637540456,
EN_104_16__ES_104_16,dev,true,57,57,0.42,232.73538098374328,14.28211927598894,14.592899427856361,1.0328284919954285,1.0,14.0,0.0071521964855492115,1.0,2.380952380952381,0.17,221.078092567952,2.718125239033156,13.733375618332552,0.2114762923408248,1.0,6.0,0.0077386475168168545,0.0,nan,
EN_104_17__ES_104_17,dev,true,57,57,4.19,253.52714747542706,28.719219028006613,15.997157669614602,1.9292763056673525,0.7938931297709924,104.0,0.017496811226010323,14.0,3.3412887828162288,3.89,258.9297527958867,29.749082632969213,16.36291357212793,1.9079647217578735,0.8278688524590164,101.0,0.021112725138664246,14.0,3.5989717223650386,
EN_104_18__ES_104_18,train,true,104,104,3.54,119.86404509599896,9.49451478149632,3.0829834614698064,1.3624707863285053,0.7657657657657657,85.0,0.008454956114292145,17.0,4.80225988700565,3.535,130.12209198818334,8.651976484716418,4.519739254696187,1.1599333440840855,0.5945945945945946,66.0,0.008339139632880688,10.0,2.828854314002829,
EN_104_19__ES_104_19,dev,true,57,57,2.465,231.90654899996207,70.60419898248094,13.207395226175688,7.877710853236315,0.8717948717948718,68.0,0.01912735216319561,10.0,4.056795131845842,1.72,279.3526876250631,39.37244519115006,17.604208951665886,2.534837135903519,0.8888888888888888,48.0,0.01807013526558876,7.0,4.069767441860465,
EN_104_1__ES_104_1,train,true,104,104,3.32,151.2077373099543,47.04759039373432,6.447478182435115,4.787322316685975,0.75,78.0,0.013832373544573784,11.0,3.313253012048193,4.33,122.08603617146962,29.460211874796133,2.8802309642445008,4.660030160468451,0.7794117647058824,106.0,0.008005117997527122,12.0,2.771362586605081,
EN_104_20__ES_104_20,train,true,104,104,0.795,139.16711506761726,27.746950631306564,5.41194704690398,3.1957525666296798,0.84,21.0,0.007886660285294056,3.0,3.773584905660377,0.63,121.59764415795082,3.4352280942814306,3.3786137135706475,0.48170615143106826,0.7,14.0,0.003899918869137764,1.0,1.5873015873015872,
EN_104_21__ES_104_21,train,true,104,104,3.86,129.84539829061848,18.522826294443774,4.352042284999218,2.399999166666522,0.8264462809917356,100.0,0.01252423133701086,14.0,3.626943005181347,4.06,147.31504702824893,34.50418367210431,6.3491163590732915,3.301276278742375,0.8503937007874016,108.0,0.010071814991533756,18.0,4.433497536945813,
EN_104_22__ES_104_22,dev,true,57,57,0.68,236.30888456977556,21.427543442787957,14.818224103181034,1.548132706208696,1.0,22.0,0.009648589417338371,1.0,1.4705882352941175,0.49,232.8246254250587,7.154670811811773,14.622769557726492,0.5310211587821904,0.6875,11.0,0.007495235186070204,1.0,2.0408163265306123,
EN_104_23__ES_104_23,dev,true,57,57,0.415,271.5007115941094,31.264932145670656,17.18337561833255,1.9058389811897058,0.9230769230769231,12.0,0.008922392502427101,1.0,2.4096385542168677,0.44,247.38339649341134,24.162856510607806,15.607185142142075,1.5559628556502447,1.0,14.0,0.013221477158367634,1.0,2.272727272727273,
EN_104_24__ES_104_24,train,true,104,104,4.13,119.05880447446194,14.043576722404303,2.9030337379906714,2.001946601812382,0.9,117.0,0.013209095224738121,12.0,2.9055690072639226,4.48,123.35563080446265,12.405818520578688,3.5475629461562432,1.7237506104214984,0.8581560283687943,121.0,0.00863860547542572,13.0,2.901785714285714,
EN_104_25__ES_104_25,dev,true,57,57,4.27,256.70873293191363,37.82546461097292,16.135882992963822,2.5305170081642108,0.8432835820895522,113.0,0.016028204932808876,19.0,4.449648711943794,3.75,254.01391484170622,32.814029251212,16.008181819882935,2.0766400140544046,0.7288135593220338,86.0,0.013932633213698864,14.0,3.7333333333333334,
EN_104_26__ES_104_26,dev,true,57,57,3.74,268.2844817500702,50.391498351473516,16.80398965342027,3.0644584302799944,0.6495726495726496,76.0,0.012511503882706165,7.0,1.8716577540106951,4.24,270.35072741888223,41.818266242261394,17.037055272012203,2.4270847592127405,0.5789473684210527,77.0,0.01570368930697441,6.0,1.4150943396226414,
EN_104_27__ES_104_27,train,true,104,104,0.95,135.7737535205896,9.970870674524452,5.246594009137149,1.2957444295210994,0.9666666666666667,29.0,0.009050055406987667,4.0,4.2105263157894735,1.12,130.81467378666167,8.731755183339606,4.611806990881571,1.155043850932879,0.9444444444444444,34.0,0.008681632578372955,3.0,2.6785714285714284,
EN_104_28__ES_104_28,dev,true,57,57,3.06,276.7787043672019,32.5224238728861,17.50447266474605,2.0462870029195757,0.8229166666666666,79.0,0.01841440238058567,12.0,3.9215686274509802,2.2,273.8670907574302,28.73962562035769,17.35004228499922,1.7658803281460875,0.8695652173913043,60.0,0.018352799117565155,11.0,5.0,
EN_104_29__ES_104_29,train,true,104,104,6.8,135.91392021119802,37.873984273179154,4.749388690227977,4.318715869602486,0.7183098591549296,153.0,0.011803199537098408,20.0,2.9411764705882355,5.11,143.87691006352242,29.701407711670242,6.00568138274358,3.0120163739041748,0.83125,133.0,0.012597093358635902,12.0,2.3483365949119372,
EN_104_2__ES_104_2,train,true,104,104,5.6,142.49072136134586,28.03585159980659,5.839375618332552,3.0721359923602916,0.42613636363636365,75.0,0.011917691677808762,16.0,2.857142857142857,5.38,143.18771430861295,26.06199705359318,5.959878350572989,2.892936843362275,0.7218934911242604,122.0,0.009514938108623028,14.0,2.6022304832713754,
EN_104_30__ES_104_30,train,true,104,104,3.53,128.83013978746396,17.78731172977968,4.2213066528153105,2.3846688507654066,0.7837837837837838,87.0,0.0135187404230237,9.0,2.54957507082153,2.59,142.63946280130895,20.244063109279203,5.973985946971049,2.4602453094643875,0.8765432098765432,71.0,0.014088159427046776,11.0,4.2471042471042475,
EN_104_3__ES_104_3,dev,true,57,57,0.3,242.81065361363503,13.909504306369863,15.330042284999218,0.9795917517006766,1.0,10.0,0.007025992032140493,1.0,3.3333333333333335,0.22,227.50291461009834,7.341582085104043,14.221470856427791,0.5649634266652912,1.0,7.0,0.004553448408842087,1.0,4.545454545454546,
EN_104_4__ES_104_4,train,true,104,104,4.9,132.41055722239932,24.66680051627885,4.538848255148472,3.4262956030335943,0.8701298701298701,134.0,0.012051825411617756,20.0,4.081632653061225,4.53,147.47869131601382,34.61780424596645,6.126965361922295,4.869166632488309,0.823943661971831,117.0,0.012735094875097275,16.0,3.532008830022075,
EN_104_5__ES_104_5,dev,true,57,57,3.2,246.65808877119628,24.963839690622954,15.547958951665885,1.6584367116018894,0.9504950495049505,96.0,0.01671290583908558,12.0,3.75,2.92,244.74520082318648,17.81714621815856,15.451247104276328,1.2248918295888997,0.9021739130434783,83.0,0.02188193053007126,10.0,3.4246575342465753,
EN_104_6__ES_104_6,train,true,104,104,5.55,150.8861037979658,57.84579385755586,6.118842284999218,5.5374855810196015,0.7183908045977011,125.0,0.01043919287621975,16.0,2.882882882882883,5.01,140.62550360154992,33.191565322358805,5.528536908655131,3.3802668808031955,0.5923566878980892,93.0,0.008684296160936356,13.0,2.594810379241517,
EN_104_7__ES_104_7,dev,true,57,57,0.36,231.01238867946128,26.676844629715937,14.386405921362854,1.9194093444090958,0.9166666666666666,11.0,0.00921416562050581,1.0,2.7777777777777777,0.42,237.04635933475174,34.339764317334925,14.785756570713502,2.2400915615397587,1.0,14.0,0.01106332428753376,1.0,2.380952380952381,
EN_104_8__ES_104_8,dev,true,57,57,4.94,246.58431935742348,30.812157381702004,15.500418224848842,2.0391146560391693,0.8580645161290322,133.0,0.017672572284936905,18.0,3.643724696356275,4.64,242.4449876868707,25.089448621353814,15.240951375908308,1.7683434529222868,0.9041095890410958,132.0,0.01893179677426815,12.0,2.586206896551724,
EN_104_9__ES_104_9,dev,true,57,57,2.67,274.432234213274,39.17164125922971,17.30913319409013,2.3873071727764907,0.5238095238095238,44.0,0.014204783365130424,7.0,2.6217228464419478,2.53,272.0776426331302,38.96828042035898,17.161708951665887,2.3635490028533117,0.75,60.0,0.019876956939697266,6.0,2.3715415019762847,
