pair_id,direction,split,source_text,mt_text,source_words,mt_words
EN_001_10__ES_001_10,en-es,train,"So what time is it like yeah, what time period is it in? uh Is it after the empire during the empire?","Entonces, ¿en qué hora es? Sí, ¿en qué época es? ¿En qué época es después del imperio durante el imperio?",22,20
EN_001_11__ES_001_11,en-es,test,That's during the Empire.,Eso es durante el Imperio.,4,5
EN_001_12__ES_001_12,en-es,train,"Oh, that's cool.","Oh, está bien.",3,3
EN_001_13__ES_001_13,en-es,test,"Yeah, we quickly reserved the next day and I could go for the following day.","Sí, rápidamente nos reservamos el siguiente día y me podía ir para el siguiente día.",15,15
EN_001_14__ES_001_14,en-es,train,"That's good, that's good.","Está bien, está bien.",4,4
EN_001_15__ES_001_15,en-es,test,mhm,mhm,1,1
EN_001_16__ES_001_16,en-es,train,Your adventures.,Tus aventuras.,2,2
EN_001_17__ES_001_17,en-es,test,"Yeah, that was my adventures at Disney, dude.","Sí, esas fueron mis aventuras en Disney, amigo.",8,8
EN_001_18__ES_001_18,en-es,train,"Well, I went to Chihuahua. uh What did I do?","Bueno, fui a Chihuahua. ¿Qué hice?",10,6
EN_001_19__ES_001_19,en-es,train,"Well, I spent my time seeing friends really.","Bueno, me pasé el tiempo viendo amigos de verdad.",8,9
EN_001_1__ES_001_1,en-es,train,Yeah?,¿Sí?,1,1
EN_001_20__ES_001_20,en-es,train,We didn't play because of the other guitarist's fault.,No tocamos por culpa del otro guitarrista.,9,7
EN_001_21__ES_001_21,en-es,test,So how much distance in the in the bike or in the dam?,¿Cuánta distancia hay en la bici o en la represa?,13,10
EN_001_22__ES_001_22,en-es,train,not so not so much uh it's because I didn't go with friends who ride um intently,"No tanto, no tanto, es porque no fui con amigos que cabalgaban intensamente.",17,13
EN_001_23__ES_001_23,en-es,train,One day I went on my own.,Un día fui por mi cuenta.,7,6
EN_001_24__ES_001_24,en-es,train,but there was a lot of wind so I did three laps.,"Pero había mucho viento, así que hice tres vueltas.",12,9
EN_001_25__ES_001_25,en-es,train,which is it's almost like 20 kilometers.,Que es casi como 20 kilómetros.,7,6
EN_001_26__ES_001_26,en-es,train,"So like you have to wait like, uh...",Así que tienes que esperar como que...,8,7
EN_001_27__ES_001_27,en-es,train,"Oh well I played with my dogs, uh I saw my mom","Oh bueno jugué con mis perros, eh vi a mi mamá.",12,11
EN_001_28__ES_001_28,en-es,train,One of my dogs had a birthday [laughter],Uno de mis perros cumplió años.,8,6
EN_001_29__ES_001_29,en-es,test,and How's your mom?,¿Y cómo está tu mamá?,4,5
EN_001_2__ES_001_2,en-es,test,Yes.,Sí.,1,1
EN_001_30__ES_001_30,en-es,test,"I know the name, I just can't figure out where it's at.","Conozco el nombre, pero no sé dónde está.",12,8
EN_001_31__ES_001_31,en-es,train,"it's as if you were going to Cuauhtémoc, more or less","Es como si fueras a Cuauhtémoc, más o menos.",11,9
EN_001_33__ES_001_33,en-es,train,"But then you're like, I tell you, let's hang out on Friday.","Pero luego estás como, te digo, vamos a pasar el viernes.",12,11
EN_001_34__ES_001_34,en-es,train,"Yeah, dude.","Sí, amigo.",2,2
EN_001_35__ES_001_35,en-es,train,"And then on Friday you're like, no man, I can't, it's kind a, because.","Y luego el viernes estás como, no hombre, no puedo, es bueno, porque.",14,13
EN_001_36__ES_001_36,en-es,test,T- t- tell me what day exactly.,Dime qué día exactamente.,7,4
EN_001_37__ES_001_37,en-es,test,so I can buy the ticket.,para poder comprar el boleto.,6,5
EN_001_38__ES_001_38,en-es,test,That's why we're here in the lab.,Es por eso que estamos aquí en el laboratorio.,7,9
EN_001_39__ES_001_39,en-es,test,We help each other out.,Nos ayudamos el uno al otro.,5,6
EN_001_3__ES_001_3,en-es,test,uh Was Montse's boyfriend.,Era el novio de Montse.,4,5
EN_001_40__ES_001_40,en-es,train,Yeah.,Sí.,1,1
EN_001_41__ES_001_41,en-es,train,that if it helps you make a thesis being an undergrad,Que si te ayuda hacer una tesis siendo un undergrad,11,10
EN_001_42__ES_001_42,en-es,test,I'm sure to apply to the master's program.,Estoy seguro de aplicar al programa de maestría.,8,8
EN_001_4__ES_001_4,en-es,train,Was he not anymore?,¿Ya no lo era?,4,4
EN_001_5__ES_001_5,en-es,test,"uh is, sorry, is Monse's boyfriend. yeah","Lo siento, es el novio de Monse. Sí.",7,8
EN_001_6__ES_001_6,en-es,test,First I was stressed out on the first day.,Primero me estresé el primer día.,9,6
EN_001_8__ES_001_8,en-es,test,because I hadn't made my reservation yet.,Porque todavía no había hecho mi reserva.,7,7
EN_002_10__ES_002_10,en-es,train,You save money.,Ahorras dinero.,3,2
EN_002_11__ES_002_11,en-es,train,"You invite me bowling, you invite me to the movies.","Me invitas al boliche, me invitas al cine.",10,8
EN_002_12__ES_002_12,en-es,train,You invite me to do all these other things and you say you don't have time.,Me invitas a hacer todas estas otras cosas y dices que no tienes tiempo.,16,14
EN_002_13__ES_002_13,en-es,train,to the park,al parque,3,2
EN_002_14__ES_002_14,en-es,train,I love sports and you?,"Me encantan los deportes, ¿y tú?",5,6
EN_002_15__ES_002_15,en-es,train,What is your favorite sport?,¿Cuál es tu deporte favorito?,5,5
EN_002_16__ES_002_16,en-es,train,To watch or to play?,¿Para ver o para jugar?,5,5
EN_002_17__ES_002_17,en-es,train,Both.,Los dos.,1,2
EN_002_18__ES_002_18,en-es,train,It's not a sport.,No es un deporte.,4,4
EN_002_1__ES_002_1,en-es,train,Do you want me to close the door?,¿Quieres que cierre la puerta?,8,5
EN_002_20__ES_002_20,en-es,train,It's an activity.,Es una actividad.,3,3
EN_002_21__ES_002_21,en-es,train,The Dallas Cowboys.,Los vaqueros de Dallas.,3,4
EN_002_22__ES_002_22,en-es,train,Eww,Eww,1,1
EN_002_23__ES_002_23,en-es,train,I feel like football games get more intense.,Siento como que los juegos de fútbol se ponen más intensos.,8,11
EN_002_24__ES_002_24,en-es,train,mhm,mhm,1,1
EN_002_25__ES_002_25,en-es,train,And what is your...,¿Y cuál es tu...,4,4
EN_002_26__ES_002_26,en-es,train,favorite baseball team.,Equipo favorito de béisbol.,3,4
EN_002_27__ES_002_27,en-es,train,What is your favorite food?,¿Cuál es tu comida favorita?,5,5
EN_002_28__ES_002_28,en-es,train,things that a lot of people are,cosas que mucha gente es,7,5
EN_002_29__ES_002_29,en-es,train,uncomfortable with.,Incomodo con.,2,2
EN_002_2__ES_002_2,en-es,train,No.,No.,1,1
EN_002_30__ES_002_30,en-es,train,uh-huh,Ajá.,1,1
EN_002_31__ES_002_31,en-es,train,but I'm already used to doing them.,Pero ya estoy acostumbrado a hacerlo.,7,6
EN_002_32__ES_002_32,en-es,train,to distribute,para distribuir,2,2
EN_002_33__ES_002_33,en-es,train,like in full,Como en su totalidad.,3,4
EN_002_34__ES_002_34,en-es,train,I am interpreting things how I want and how I think.,Estoy interpretando las cosas como quiero y como pienso.,11,9
EN_002_35__ES_002_35,en-es,train,"Ah, okay. Sorry.","Ah, ok, perdón.",3,3
EN_002_36__ES_002_36,en-es,train,"If you had to choose a store, which store?","Si tuvieras que escoger una tienda, ¿qué tienda?",9,8
EN_002_37__ES_002_37,en-es,train,I don't.,Yo no.,2,2
EN_002_38__ES_002_38,en-es,train,I don't really go shopping.,Yo no voy de compras.,5,5
EN_002_39__ES_002_39,en-es,train,in whatever part of the world.,en cualquier parte del mundo.,6,5
EN_002_3__ES_002_3,en-es,train,I got my shoes dirty.,Tengo mis zapatos sucios.,5,4
EN_002_40__ES_002_40,en-es,train,What has been your favorite store?,¿Cuál ha sido tu tienda favorita?,6,6
EN_002_41__ES_002_41,en-es,train,they have a lot of more athletic clothes clothes that's more,Tienen mucha ropa más atlética ropa que es más,11,9
EN_002_42__ES_002_42,en-es,train,But it's very expensive clothes that you can find in other places.,Pero es ropa muy cara que puedes encontrar en otros lugares.,12,11
EN_002_43__ES_002_43,en-es,train,in Ross?,¿En Ross?,2,2
EN_002_4__ES_002_4,en-es,train,How much did he charge you?,¿Cuánto te cobró?,6,3
EN_002_5__ES_002_5,en-es,train,45 dollars,45 dólares.,2,2
EN_002_6__ES_002_6,en-es,train,And there you can do it to your liking.,Y ahí lo puedes hacer a tu gusto.,9,8
EN_002_7__ES_002_7,en-es,train,"Yeah, but I'd rather not have to clean it myself.","Sí, pero prefiero no tener que limpiarlo yo.",10,8
EN_002_8__ES_002_8,en-es,train,Depending on the time that you have. but,"Depende del tiempo que tengas, pero...",8,6
EN_002_9__ES_002_9,en-es,train,"Well, yeah, but I don't really have time.","Bueno, sí, pero no tengo tiempo.",8,6
EN_003_10__ES_003_10,en-es,train,I still needed to study two...,Todavía necesitaba estudiar dos...,6,4
EN_003_11__ES_003_11,en-es,train,chapters.,capítulos.,1,1
EN_003_12__ES_003_12,en-es,train,To put in order...,Poner en orden...,4,3
EN_003_13__ES_003_13,en-es,train,the different things of,las diferentes cosas de,4,4
EN_003_14__ES_003_14,en-es,train,of like acids and things like that,ácidos y cosas así.,7,4
EN_003_15__ES_003_15,en-es,train,"Since it was only reactions, it was like 20 questions in the front page?","Como no eran más que reacciones, eran como 20 preguntas en primera plana.",14,13
EN_003_16__ES_003_16,en-es,train,Four in the back,Cuatro atrás.,4,2
EN_003_17__ES_003_17,en-es,train,Actually on the last one I put a...,De hecho en la última puse un...,8,7
EN_003_18__ES_003_18,en-es,train,Sad.,Triste.,1,1
EN_003_19__ES_003_19,en-es,train,Sad face,Triste cara.,2,2
EN_003_1__ES_003_1,en-es,train,The pen wasn't working?,¿La pluma no funcionaba?,4,4
EN_003_20__ES_003_20,en-es,train,because I didn't know it.,Porque no lo sabía.,5,4
EN_003_21__ES_003_21,en-es,train,I really impressed myself.,Me impresioné mucho.,4,3
EN_003_22__ES_003_22,en-es,train,And there was a big piece of tire on the freeway on the side.,Y había un pedazo grande de neumático en el freeway a un lado.,14,13
EN_003_23__ES_003_23,en-es,train,You should've picked it up.,Deberías haberlo recogido.,5,3
EN_003_24__ES_003_24,en-es,train,"Oh yeah, I'll stop.","Ah, sí, me detendré.",4,4
EN_003_25__ES_003_25,en-es,train,Why?,¿Por qué?,1,2
EN_003_26__ES_003_26,en-es,train,Nothing happened.,No pasó nada.,2,3
EN_003_27__ES_003_27,en-es,train,You've never stopped on the side of the road.,Nunca te has parado en el lado de la carretera.,9,10
EN_003_28__ES_003_28,en-es,train,Me alone? No.,¿Yo sola? No.,3,3
EN_003_29__ES_003_29,en-es,train,Did your mom bring you any?,¿Tu mamá te trajo algo?,6,5
EN_003_2__ES_003_2,en-es,train,He told me I don't have anything,Me dijo que no tengo nada.,7,6
EN_003_30__ES_003_30,en-es,train,Yeah.,Sí.,1,1
EN_003_31__ES_003_31,en-es,train,and I'd give her my tablet.,Y le daría mi tableta.,6,5
EN_003_32__ES_003_32,en-es,train,so she could draw.,para que pudiera dibujar.,4,4
EN_003_33__ES_003_33,en-es,train,I would tell her to not make any noise.,Yo le diría que no haga ningún ruido.,9,8
EN_003_34__ES_003_34,en-es,train,because I would get a zero on the exam.,Porque me darían un cero en el examen.,9,8
EN_003_35__ES_003_35,en-es,train,And then I thought [lipsmack].,Y luego pensé [lipsmack].,5,4
EN_003_36__ES_003_36,en-es,train,Something's gonna happen to the tablet and she's gonna be like,Algo le va a pasar a la tableta y va a decir,11,12
EN_003_37__ES_003_37,en-es,train,Help me! Help me with this!,¡Ayúdame! ¡Ayúdame con esto!,6,4
EN_003_38__ES_003_38,en-es,train,That's how I feel too.,Así me siento yo también.,5,5
EN_003_39__ES_003_39,en-es,train,I don't know what's happening in microbiology.,No sé qué está pasando en microbiología.,7,7
EN_003_3__ES_003_3,en-es,train,So I asked him.,Entonces le pregunté.,4,3
EN_003_4__ES_003_4,en-es,train,Can I go to another class or can I go to...,¿Puedo ir a otra clase o puedo ir a...?,11,9
EN_003_5__ES_003_5,en-es,train,at a office to see if somebody has a pen or something.,en una oficina para ver si alguien tiene una pluma o algo.,12,12
EN_003_6__ES_003_6,en-es,train,uh I didn't want to...,Yo no quería...,5,3
EN_003_7__ES_003_7,en-es,train,interrupt,interrumpir,1,1
EN_003_8__ES_003_8,en-es,train,interrupt the people that were doing the exam.,Interrumpir a la gente que estaba haciendo el examen.,8,9
EN_003_9__ES_003_9,en-es,train,"I have an extra pen, here!","Tengo una pluma extra, aquí.",6,5
EN_004_10__ES_004_10,en-es,train,He was helping me find something that I liked.,Me estaba ayudando a encontrar algo que me gustaba.,9,9
EN_004_11__ES_004_11,en-es,train,"And so he told me, why don't I appoint you in computer science?","Y me dijo, ¿por qué no te nombro en Computer Science?",13,11
EN_004_12__ES_004_12,en-es,train,"I was like stuff, related to video games. So I said.","Yo estaba como cosas, relacionado con videojuegos, entonces dije.",11,9
EN_004_13__ES_004_13,en-es,train,"Oh, okay. Sounds good.","Ah, ok, suena bien.",4,4
EN_004_14__ES_004_14,en-es,train,Yeah.,Sí.,1,1
EN_004_15__ES_004_15,en-es,train,That's interesting.,Qué interesante.,2,2
EN_004_16__ES_004_16,en-es,train,But it wasn't because of that?,¿Pero no fue por eso?,6,5
EN_004_17__ES_004_17,en-es,train,"mm-mhm. No, it wasn't because of that.","No, no fue por eso.",7,5
EN_004_18__ES_004_18,en-es,train,How are you going to get into computer science? You don't know mathematics. You're not good at mathematics.,"¿Cómo vas a entrar en Computer Science? No sabes matemáticas, no eres bueno en matemáticas.",18,15
EN_004_19__ES_004_19,en-es,train,"Yeah, that is what.","Sí, eso es lo que.",4,5
EN_004_1__ES_004_1,en-es,train,Biologist.,Biólogo.,1,1
EN_004_20__ES_004_20,en-es,train,"That's what um, [lipsmack] surprises me.",Eso es lo que me sorprende.,6,6
EN_004_21__ES_004_21,en-es,train,Occasionally matrixes and all that,Ocasionalmente matrices y todo eso.,5,5
EN_004_22__ES_004_22,en-es,train,Yeah.,Sí.,1,1
EN_004_23__ES_004_23,en-es,train,Did you say geologist?,¿Dijiste geólogo?,4,2
EN_004_24__ES_004_24,en-es,train,"geologist, yeah","Geólogo, sí.",2,2
EN_004_25__ES_004_25,en-es,train,What's that?,¿Qué es eso?,2,3
EN_004_26__ES_004_26,en-es,train,and he didn't like it.,Y no le gustó.,5,4
EN_004_27__ES_004_27,en-es,train,ummm. No.,Ajá. No.,2,2
EN_004_28__ES_004_28,en-es,train,It wasn't what I expected.,No era lo que yo esperaba.,5,6
EN_004_29__ES_004_29,en-es,train,"It bored me, honestly.","Me aburrió, honestamente.",4,3
EN_004_2__ES_004_2,en-es,train,And then I move into chemist.,Y luego me muevo a químico.,6,6
EN_004_30__ES_004_30,en-es,train,"You got bored? Oh, wow.","¿Te aburriste? Ay, wow.",5,4
EN_004_31__ES_004_31,en-es,train,"Yeah, I thought it was going to be something more like...","Sí, pensé que iba a ser algo más como...",11,9
EN_004_32__ES_004_32,en-es,train,going to explore.,Voy a explorar.,3,3
EN_004_33__ES_004_33,en-es,train,"Aha, yeah, like finding stones like...","Ajá, sí, como encontrar piedras como...",6,6
EN_004_34__ES_004_34,en-es,train,"And, um, did you come from Juarez?",¿Y vienes de Juárez?,7,4
EN_004_35__ES_004_35,en-es,train,I was born here in El Paso.,Nací aquí en El Paso.,7,5
EN_004_36__ES_004_36,en-es,train,because my sister and I were nine years apart.,Porque mi hermana y yo estábamos nueve años separados.,9,9
EN_004_37__ES_004_37,en-es,train,Two.,Dos.,1,1
EN_004_38__ES_004_38,en-es,train,Nine.,Nueve.,1,1
EN_004_39__ES_004_39,en-es,train,Here to Juarez?,¿Aquí a Juárez?,3,3
EN_004_3__ES_004_3,en-es,train,Oh.,Oh.,1,1
EN_004_40__ES_004_40,en-es,train,to Juarez and I was studying here in El Paso.,a Juárez y estaba estudiando aquí en El Paso.,10,9
EN_004_41__ES_004_41,en-es,train,"And so, everybody had to cross walking.","Y entonces, todo el mundo tenía que cruzar caminando.",7,9
EN_004_42__ES_004_42,en-es,train,For real. Walking. Wow.,De verdad. Caminando. ¡Wow!,4,4
EN_004_43__ES_004_43,en-es,train,and how did you do in the cold days?,¿Y cómo te fue en los días de frío?,9,9
EN_004_44__ES_004_44,en-es,train,try to catch the others before they beat you,Trata de atrapar a los demás antes de que te ganen.,9,11
EN_004_45__ES_004_45,en-es,train,"No, yeah.","No, sí.",2,2
EN_004_46__ES_004_46,en-es,train,And your family's still over there in Juarez and...,Y tu familia todavía está allá en Juárez y...,9,9
EN_004_47__ES_004_47,en-es,train,Yeah.,Sí.,1,1
EN_004_48__ES_004_48,en-es,train,I have like 53 hours.,Tengo como 53 horas.,5,4
EN_004_4__ES_004_4,en-es,train,And then I s- I move into geologists.,Y luego me muevo a geólogos.,8,6
EN_004_5__ES_004_5,en-es,train,"So I was jumping from place to place because I wasn't liking anything that I was doing, right?","Entonces estaba saltando de lugar en lugar porque no me gustaba nada de lo que estaba haciendo, ¿verdad?",18,18
EN_004_6__ES_004_6,en-es,train,"Yeah, yeah.","Sí, sí.",2,2
EN_004_7__ES_004_7,en-es,train,So...,Entonces...,1,1
EN_004_8__ES_004_8,en-es,train,It happens.,Sucede.,2,1
EN_004_9__ES_004_9,en-es,train,"Yeah, yeah.","Sí, sí.",2,2
EN_005_10__ES_005_10,en-es,train,Mmm because they're important connections,Mmm porque son conexiones importantes,5,5
EN_005_11__ES_005_11,en-es,train,there possible opportunities in the future.,hay oportunidades en el futuro.,6,5
EN_005_12__ES_005_12,en-es,train,I was able to meet the professors.,Pude conocer a los profesores.,7,5
EN_005_13__ES_005_13,en-es,train,"Yeah, well, that connection between professor and student.","Sí, bueno, esa conexión entre profesor y estudiante.",8,8
EN_005_14__ES_005_14,en-es,train,I say it's ver- very important.,Yo digo que es muy importante.,6,6
EN_005_15__ES_005_15,en-es,train,Very important.,Muy importante.,2,2
EN_005_16__ES_005_16,en-es,train,ooh yeah,"Ah, sí.",2,2
EN_005_17__ES_005_17,en-es,train,It's gotta be.,Tiene que ser.,3,3
EN_005_18__ES_005_18,en-es,train,It is important to know things.,Es importante saber cosas.,6,4
EN_005_19__ES_005_19,en-es,train,It's more important to know,Es más importante saber.,5,4
EN_005_1__ES_005_1,en-es,train,Talk about whatever you want.,Habla de lo que tú quieras.,5,6
EN_005_20__ES_005_20,en-es,train,O- or meet people.,O conocer gente.,4,3
EN_005_21__ES_005_21,en-es,train,"Yeah, yeah.","Sí, sí.",2,2
EN_005_22__ES_005_22,en-es,train,And then we went to Arizona.,Y luego fuimos a Arizona.,6,5
EN_005_23__ES_005_23,en-es,train,"Oh no, just kidding.","Oh no, solo bromeaba.",4,4
EN_005_24__ES_005_24,en-es,train,We were on the east side.,Estábamos en el lado este.,6,5
EN_005_25__ES_005_25,en-es,train,We went to the west side.,Fuimos al West Side.,6,4
EN_005_27__ES_005_27,en-es,train,"Yeah, it was a lot.","Sí, fue mucho.",5,3
EN_005_28__ES_005_28,en-es,train,Or am I the only one speaking or can I ask you questions too?,¿O soy la única que habla o puedo hacerte preguntas también?,14,11
EN_005_29__ES_005_29,en-es,train,"No, yeah, ask me. Tell me whatever you want.","No, sí, pregúntame, dime lo que tú quieras.",9,8
EN_005_2__ES_005_2,en-es,train,"Alright, I'm from Juarez.","Muy bien, soy de Juárez.",4,5
EN_005_30__ES_005_30,en-es,train,I have an older brother.,Tengo un hermano mayor.,5,4
EN_005_31__ES_005_31,en-es,train,Uh-huh.,Ajá.,1,1
EN_005_32__ES_005_32,en-es,train,So I'm the middle child.,Entonces yo soy la de en medio.,5,7
EN_005_33__ES_005_33,en-es,train,How how old are you?,¿Cuántos años tienes?,5,3
EN_005_34__ES_005_34,en-es,train,I'm 19.,Tengo 19.,2,2
EN_005_35__ES_005_35,en-es,train,It's easier.,Es más fácil.,2,3
EN_005_36__ES_005_36,en-es,train,You don't have to worry about rent.,No tienes que preocuparte por el alquiler.,7,7
EN_005_37__ES_005_37,en-es,train,And why not uh take out a loan?,¿Y por qué no sacar un préstamo?,8,7
EN_005_38__ES_005_38,en-es,train,"Uh, I never wanted to.",Nunca quise.,5,2
EN_005_3__ES_005_3,en-es,train,"Uh, no, but actually what I was gonna tell you was","No, pero de hecho lo que te iba a decir era",11,11
EN_005_4__ES_005_4,en-es,train,when,cuando,1,1
EN_005_5__ES_005_5,en-es,train,"When the pandemic started, it's when I was taking my kinesiology courses.","Cuando empezó la pandemia, era cuando estaba tomando mis cursos de quinesiología.",12,12
EN_005_6__ES_005_6,en-es,train,I was gonna to get to meet a lot of professors.,Iba a conocer a muchos profesores.,11,6
EN_005_7__ES_005_7,en-es,train,"But since it was virtual, I didn't get to meet him.","Pero como era virtual, no pude conocerlo.",11,7
EN_005_8__ES_005_8,en-es,train,"Well, I think it's really important to meet","Bueno, creo que es muy importante conocer",8,7
EN_005_9__ES_005_9,en-es,train,the professors,los profesores,2,2
EN_006_11__ES_006_11,en-es,train,Okay.,De acuerdo.,1,2
EN_006_12__ES_006_12,en-es,test,pregnant mothers will try to come here.,Las mujeres embarazadas intentarán venir aquí.,7,6
EN_006_13__ES_006_13,en-es,test,have their babies,tener a sus niños,3,4
EN_006_14__ES_006_14,en-es,train,"Yeah, no, it's pretty common.","Sí, no, es muy común.",5,5
EN_006_15__ES_006_15,en-es,test,Yeah.,Sí.,1,1
EN_006_16__ES_006_16,en-es,test,my my grandpa and my grandma.,Mi abuelito y mi abuela.,6,5
EN_006_17__ES_006_17,en-es,test,we're living here,Estamos viviendo aquí.,3,3
EN_006_18__ES_006_18,en-es,test,'Cause we're going through the residency thing.,Porque vamos a pasar por lo de la residencia.,7,9
EN_006_19__ES_006_19,en-es,test,"And it was weird 'cause she also told me that I was like, uh...",Y fue raro porque también me dijo que yo estaba como...,14,11
EN_006_1__ES_006_1,en-es,train,Do you want to start in English or Spanish?,¿Quieres empezar en inglés o español?,9,6
EN_006_20__ES_006_20,en-es,test,That I was due already like a couple weeks before.,Que ya me debían como un par de semanas antes.,10,10
EN_006_21__ES_006_21,en-es,test,Psychology undergrad and then I'm,Psicología undergrad y luego yo soy,5,6
EN_006_22__ES_006_22,en-es,test,Right now I'm working towards my LPC.,En este momento estoy trabajando para mi LPC.,7,8
EN_006_23__ES_006_23,en-es,train,And you want to work with kids.,Y quieres trabajar con niños.,7,5
EN_006_24__ES_006_24,en-es,test,I want to work with the inmate inmate population.,Quiero trabajar con la población reclusa.,9,6
EN_006_25__ES_006_25,en-es,test,I actually worked at the...,"De hecho, trabajé en el...",5,5
EN_006_26__ES_006_26,en-es,test,downtown county jail,cárcel del centro del condado,3,5
EN_006_27__ES_006_27,en-es,test,I worked over there.,Yo trabajaba por allá.,4,4
EN_006_28__ES_006_28,en-es,test,It was pretty...,Era muy bonito.,3,3
EN_006_29__ES_006_29,en-es,test,interesting,Interesante.,1,1
EN_006_2__ES_006_2,en-es,test,Whatever you want.,Lo que tú quieras.,3,4
EN_006_30__ES_006_30,en-es,test,because I was doing the overnight shift.,Porque estaba haciendo el turno de noche.,7,7
EN_006_31__ES_006_31,en-es,train,"Oh, wow.",Oh wow.,2,2
EN_006_32__ES_006_32,en-es,test,So I was there from 7pm to 7am.,Estuve ahí de 7pm a 7pm.,8,6
EN_006_33__ES_006_33,en-es,test,I- I quit that place.,Renuncié a ese lugar.,5,4
EN_006_34__ES_006_34,en-es,test,Barely on February.,Apenas en febrero.,3,3
EN_006_35__ES_006_35,en-es,train,"Oh, wow.",Oh wow.,2,2
EN_006_36__ES_006_36,en-es,test,"That was the first experience that I was like, okay, so this is what's going to be like.","Esa fue la primera experiencia que dije, ok, así que así es como va a ser.",18,16
EN_006_37__ES_006_37,en-es,train,"Yeah, what it's gonna be like.","Sí, cómo va a ser.",6,5
EN_006_38__ES_006_38,en-es,test,And I remember that I got out of the cell.,Y recuerdo que salí de la celda.,10,7
EN_006_39__ES_006_39,en-es,test,The nurse got there and I could feel my legs like shaking a little bit.,La enfermera llegó y sentí que mis piernas temblaban un poquito.,15,11
EN_006_3__ES_006_3,en-es,train,Do you find it easier to translate from English to Spanish or Spanish to English?,¿Te resulta más fácil traducir de inglés a español o español a inglés?,15,13
EN_006_40__ES_006_40,en-es,test,"Yeah, yeah.","Sí, sí.",2,2
EN_006_41__ES_006_41,en-es,test,It was the first time that I saw anything like that and that I had like an experience like that,Fue la primera vez que vi algo así y tuve una experiencia como esa.,20,14
EN_006_42__ES_006_42,en-es,test,Which I mean worked in my favor to get experience.,Lo cual quiero decir trabajó a mi favor para tener experiencia.,10,11
EN_006_43__ES_006_43,en-es,train,But do you mind me asking why you want to,¿Pero te molesta que te pregunte por qué quieres?,10,9
EN_006_44__ES_006_44,en-es,train,Why why you want to get into that field?,¿Por qué quieres entrar a ese campo?,9,7
EN_006_4__ES_006_4,en-es,test,"I never thought about that, I don't know.","Nunca pensé en eso, no sé.",8,6
EN_006_5__ES_006_5,en-es,test,I'm from,Soy de,2,2
EN_006_6__ES_006_6,en-es,test,Ciudad Juarez.,Ciudad Juárez.,2,2
EN_006_7__ES_006_7,en-es,test,I was born in El Paso.,Nací en El Paso.,6,4
EN_006_8__ES_006_8,en-es,test,but then I was raised in Juarez.,Pero luego me crié en Juárez.,7,6
EN_006_9__ES_006_9,en-es,train,Can you hear me fine?,¿Me oyes bien?,5,3
EN_007_10__ES_007_10,en-es,train,But it was like polar bear bowling.,Pero era como un oso polar de boliche.,7,8
EN_007_11__ES_007_11,en-es,train,"No, that sounds dumb.","No, eso suena tonto.",4,4
EN_007_12__ES_007_12,en-es,train,That's the one that my family owns.,Ese es el que posee mi familia.,7,7
EN_007_13__ES_007_13,en-es,train,"owned, no?","Poseía, ¿no?",2,2
EN_007_14__ES_007_14,en-es,train,owns,Poseedores,1,1
EN_007_15__ES_007_15,en-es,train,"he had to do some stuff, like","Tenía que hacer algunas cosas, como...",7,6
EN_007_16__ES_007_16,en-es,train,process payments and all that.,procesar pagos y todo eso.,5,5
EN_007_17__ES_007_17,en-es,train,it's adjusted down on the other computer?,¿Está ajustado en la otra computadora?,7,6
EN_007_18__ES_007_18,en-es,train,Another desk.,Otro escritorio.,2,2
EN_007_19__ES_007_19,en-es,train,and play video games,y jugar videojuegos,4,3
EN_007_1__ES_007_1,en-es,train,Are we going to go eat pasta?,¿Vamos a comer pasta?,7,4
EN_007_20__ES_007_20,en-es,train,It used to be really good.,Solía ser muy bueno.,6,4
EN_007_2__ES_007_2,en-es,train,I don't really want pasta right now.,Realmente no quiero pasta en este momento.,7,7
EN_007_3__ES_007_3,en-es,train,No?,¿No?,1,1
EN_007_4__ES_007_4,en-es,train,So I'm just gonna roll up the charger.,Así que voy a enrollar el cargador.,8,7
EN_007_5__ES_007_5,en-es,train,It stops working.,Deja de funcionar.,3,3
EN_007_6__ES_007_6,en-es,train,Okay.,De acuerdo.,1,2
EN_007_8__ES_007_8,en-es,train,Mario Kart wasn't even a thing back then.,Mario Kart ni siquiera era una cosa en ese entonces.,8,10
EN_007_9__ES_007_9,en-es,train,"Yes, it was.","Sí, lo fue.",3,3
EN_008_10__ES_008_10,en-es,dev,"Well, yeah, they're handmade, and then...","Bueno, sí, están hechos a mano, y luego...",6,8
EN_008_11__ES_008_11,en-es,dev,"Yeah, they're like that in Houston.","Sí, están así en Houston.",6,5
EN_008_12__ES_008_12,en-es,dev,You're too.,Tú también.,2,2
EN_008_13__ES_008_13,en-es,dev,No.,No.,1,1
EN_008_14__ES_008_14,en-es,dev,You have to know where to buy them.,Tienes que saber dónde comprarlos.,8,5
EN_008_15__ES_008_15,en-es,dev,"Oh right, on Thursday.","Ah, cierto, el jueves.",4,4
EN_008_16__ES_008_16,en-es,dev,On Thursday?,¿El jueves?,2,2
EN_008_17__ES_008_17,en-es,dev,"yeah, on Thursday, yeah, they give it to me on Thursday at 3","Sí, el jueves, sí, me lo dan el jueves a las 3.",13,12
EN_008_18__ES_008_18,en-es,dev,Are your parents gonna come or...?,¿Tus papás van a venir o...?,6,6
EN_008_19__ES_008_19,en-es,dev,"Yeah, just my dad.","Sí, mi papá.",4,3
EN_008_1__ES_008_1,en-es,dev,"Yeah, I did eat a little bit of breakfast, but not that much.","Sí, sí comí un poco de desayuno, pero no tanto.",13,10
EN_008_20__ES_008_20,en-es,dev,just your dad.,Nomás tu papá.,3,3
EN_008_21__ES_008_21,en-es,dev,"Yeah, it's just that my mom is working.","Sí, es que mi mamá está trabajando.",8,7
EN_008_22__ES_008_22,en-es,dev,"yes, she said they have vacations right now","Sí, dijo que tienen vacaciones en este momento.",8,8
EN_008_23__ES_008_23,en-es,dev,is he in elementary school?,¿Está en la escuela primaria?,5,5
EN_008_24__ES_008_24,en-es,dev,"Roberto? Yeah, I think he's in, what, second grade?","¿Roberto? Sí, creo que está en segundo grado.",9,8
EN_008_25__ES_008_25,en-es,dev,I bought a blender.,Compré una licuadora.,4,3
EN_008_26__ES_008_26,en-es,dev,It seems like we're in a podcast.,Parece que estamos en un podcast.,7,6
EN_008_27__ES_008_27,en-es,dev,"It's just that, remember that they were going to give it to me on Saturday.",Es que recuerden que me lo iban a dar el sábado.,15,11
EN_008_28__ES_008_28,en-es,dev,"Well, are they going to give it to you?","Bueno, ¿te lo van a dar?",9,6
EN_008_29__ES_008_29,en-es,dev,or are they going to reduct it from your rent?,¿O lo van a retractar de tu renta?,10,8
EN_008_30__ES_008_30,en-es,dev,"Oh yeah, they're gonna take it off from the rent.","Ah, sí, se lo van a quitar de la renta.",10,10
EN_008_31__ES_008_31,en-es,dev,"Yeah, so next month they're going to take off 150.","Sí, el mes que viene se van a quitar 150.",10,10
EN_008_32__ES_008_32,en-es,dev,and I don't have to pay this month.,Y no tengo que pagar este mes.,8,7
EN_008_33__ES_008_33,en-es,dev,It's just that I don't know like...,Es que no sé como...,7,5
EN_008_34__ES_008_34,en-es,dev,when it's summer,cuando es verano,3,3
EN_008_35__ES_008_35,en-es,dev,"I mean, I'm still gonna be working, you know?","O sea, todavía voy a estar trabajando, ¿sabes?",9,8
EN_008_36__ES_008_36,en-es,dev,"Hey, are you going to spend all summer over there?","Eh, ¿vas a pasar todo el verano allá?",10,8
EN_008_37__ES_008_37,en-es,dev,"Yeah, like without that much help, I don't know how to say it.","Sí, como que sin tanta ayuda, no sé cómo decirlo.",13,10
EN_008_38__ES_008_38,en-es,dev,Yeah.,Sí.,1,1
EN_008_3__ES_008_3,en-es,dev,"My grandma made me a burrito, but I didn't finish it.","Mi abuela me hizo un burrito, pero no lo terminé.",11,10
EN_008_41__ES_008_41,en-es,dev,"Well, I went there and they told me to wait because...","Bueno, fui allá y me dijeron que esperara porque...",11,9
EN_008_42__ES_008_42,en-es,dev,"Like, you don't have to do any paperwork.",Como que no tienes que hacer ningún papeleo.,8,8
EN_008_43__ES_008_43,en-es,dev,because they have all of your,porque tienen todos tus,6,4
EN_008_44__ES_008_44,en-es,dev,all of your information.,Toda tu información.,4,3
EN_008_45__ES_008_45,en-es,dev,"I know some people that got like 6,000 or something like that.","Conozco a gente que tiene como 6,000 o algo así.",12,10
EN_008_46__ES_008_46,en-es,dev,"But I do have to do it, like, now.","Pero sí tengo que hacerlo, como, ahora.",9,7
EN_008_47__ES_008_47,en-es,dev,You can tell the difference?,¿Puedes diferenciar?,5,2
EN_008_48__ES_008_48,en-es,dev,You can't?,¿No puedes?,2,2
EN_008_49__ES_008_49,en-es,dev,I can.,Yo sí.,2,2
EN_008_4__ES_008_4,en-es,dev,"Your family really likes burritos, huh?",A tu familia le gustan los burritos.,6,7
EN_008_50__ES_008_50,en-es,dev,"Hey, are you gonna buy a coffee maker?","Eh, ¿vas a comprar una cafetera?",8,6
EN_008_51__ES_008_51,en-es,dev,I don't drink coffee.,Yo no bebo café.,4,4
EN_008_52__ES_008_52,en-es,dev,"Oh yeah, that's right.","Ah, sí, así es.",4,4
EN_008_53__ES_008_53,en-es,dev,"Oh, it's because I don't really like hot coffee that much.","Oh, es porque no me gusta mucho el café caliente.",11,10
EN_008_54__ES_008_54,en-es,dev,"But they sell those at the store, don't they?","Pero los venden en la tienda, ¿verdad?",9,7
EN_008_55__ES_008_55,en-es,dev,I think so.,Yo creo que sí.,3,4
EN_008_56__ES_008_56,en-es,dev,like the warehouses and all that.,Como los almacenes y todo eso.,6,6
EN_008_57__ES_008_57,en-es,dev,"so I really never saw her, you know?","Así que nunca la vi, ¿sabes?",8,6
EN_008_5__ES_008_5,en-es,dev,Yeah.,Sí.,1,1
EN_008_6__ES_008_6,en-es,dev,"Oh, it's just that in general I have bad experiences with tortillas.","Oh, es que en general tengo malas experiencias con tortillas.",12,10
EN_008_7__ES_008_7,en-es,dev,With tortillas? Why?,¿Con tortillas? ¿Por qué?,3,4
EN_008_8__ES_008_8,en-es,dev,Here in El Paso?,¿Aquí en El Paso?,4,4
EN_008_9__ES_008_9,en-es,dev,Why?,¿Por qué?,1,2
EN_009_10__ES_009_10,en-es,train,"It was a friend's, like, a friend's house.",Era la casa de un amigo.,8,6
EN_009_11__ES_009_11,en-es,train,It was the cabin of my friends.,Era la cabina de mis amigos.,7,6
EN_009_12__ES_009_12,en-es,train,"uh, grandpa","uh, abuelito",2,2
EN_009_13__ES_009_13,en-es,train,Oh really?,"¿Ah, sí?",2,2
EN_009_14__ES_009_14,en-es,train,Nice.,Bien.,1,1
EN_009_15__ES_009_15,en-es,train,Did you have fun?,¿Te divertiste?,4,2
EN_009_16__ES_009_16,en-es,train,Yeah.,Sí.,1,1
EN_009_19__ES_009_19,en-es,train,"how's the view from there? Like, is it pretty?",¿Cómo está la vista de ahí? ¿Está bonita?,9,8
EN_009_1__ES_009_1,en-es,train,like talking to me about your December vacations,Como hablándome de tus vacaciones de diciembre.,8,7
EN_009_20__ES_009_20,en-es,train,"Like if you went to Ridoso,",Como si fueras a Ridoso.,6,5
EN_009_21__ES_009_21,en-es,train,I imagine something like that.,Me imagino algo así.,5,4
EN_009_22__ES_009_22,en-es,train,"Oh well, in the cabin it's kind of, uh","Oh, bueno, en la cabina está un poco, eh.",9,9
EN_009_25__ES_009_25,en-es,train,because there's a lot of buildings in the way.,Porque hay muchos edificios en el camino.,9,7
EN_009_26__ES_009_26,en-es,train,Nice...,Lindo.,1,1
EN_009_27__ES_009_27,en-es,train,It looks very different than here in Texas.,Se ve muy diferente que aquí en Texas.,8,8
EN_009_28__ES_009_28,en-es,train,"Because here in Texas, everything is like.",Porque aquí en Texas todo es como...,7,7
EN_009_29__ES_009_29,en-es,train,"Kind of gray, and","Un poco gris, y",4,4
EN_009_2__ES_009_2,en-es,train,Sure.,Claro.,1,1
EN_009_30__ES_009_30,en-es,train,"Oh, okay, yeah.","Ah, ok, sí.",3,3
EN_009_31__ES_009_31,en-es,train,it seems like really hot,Parece muy caliente.,5,3
EN_009_32__ES_009_32,en-es,train,"Uh, no.","Uh, no.",2,2
EN_009_33__ES_009_33,en-es,train,Not really.,La verdad es que no.,2,5
EN_009_34__ES_009_34,en-es,train,"Uh, none, none that I can remember.","Uh, ninguno, ninguno que yo recuerde.",7,6
EN_009_35__ES_009_35,en-es,train,"Like the houses, right?","Como las casas, ¿verdad?",4,4
EN_009_36__ES_009_36,en-es,train,Yeah.,Sí.,1,1
EN_009_37__ES_009_37,en-es,train,that's funny,Qué gracioso.,2,2
EN_009_38__ES_009_38,en-es,train,"Because they wanted something more, like local.",Porque querían algo más local.,7,5
EN_009_39__ES_009_39,en-es,train,I went to see my favorite artist at the moment,Fui a ver a mi artista favorita en este momento.,10,10
EN_009_3__ES_009_3,en-es,train,So I went to La Paz.,Entonces fui a La Paz.,6,5
EN_009_40__ES_009_40,en-es,train,"It's pretty, like electronic music but with lyrics.",Es como música electrónica pero con letras.,8,7
EN_009_41__ES_009_41,en-es,train,What I like the most about concerts is that you get to meet,Lo que más me gusta de los conciertos es que te conozcas.,13,12
EN_009_43__ES_009_43,en-es,train,"I don't know, I went to a couple of restaurants in La Paz","No sé, fui a un par de restaurantes en La Paz.",13,11
EN_009_44__ES_009_44,en-es,train,"But if you're, uh, looking for, uh, seafood...",Pero si estás buscando mariscos.,8,5
EN_009_45__ES_009_45,en-es,train,and that's real easy because...,Y eso es muy fácil porque...,5,6
EN_009_46__ES_009_46,en-es,train,"There's not many tacos places, but uh...","No hay muchos lugares de tacos, pero...",7,7
EN_009_47__ES_009_47,en-es,train,"Wow, that's crazy.","Wow, eso es una locura.",3,5
EN_009_48__ES_009_48,en-es,train,That's weird.,Qué raro.,2,2
EN_009_49__ES_009_49,en-es,train,"What's your favorite, uh, dessert?",¿Cuál es tu postre favorito?,5,5
EN_009_4__ES_009_4,en-es,train,I used to live in La Paz.,Yo solía vivir en La Paz.,7,6
EN_009_50__ES_009_50,en-es,train,"I don't know, probably something with dark chocolate","No sé, probablemente algo con chocolate oscuro.",8,7
EN_009_51__ES_009_51,en-es,train,and your dessert? your favorite dessert?,¿Y tu postre? ¿Tu postre favorito?,6,6
EN_009_52__ES_009_52,en-es,train,My favorite place is Trevly from Mexico. Have you been there?,Mi lugar favorito es Trevly de México. ¿Has estado ahí?,11,10
EN_009_53__ES_009_53,en-es,train,"It's so good, honestly.","Está tan bueno, honestamente.",4,4
EN_009_54__ES_009_54,en-es,train,usually strawberry,Usualmente fresa.,2,2
EN_009_55__ES_009_55,en-es,train,Strawberry?,¿Fresa?,1,1
EN_009_5__ES_009_5,en-es,train,So I went back there to see some friends.,Entonces regresé para ver a unos amigos.,9,7
EN_009_6__ES_009_6,en-es,train,"uh, we hang out.","Uh, salimos.",4,2
EN_009_7__ES_009_7,en-es,train,I went to a cabin and...,Fui a una cabina y...,6,5
EN_009_8__ES_009_8,en-es,train,We had like a party thing.,Tuvimos como una fiesta.,6,4
EN_009_9__ES_009_9,en-es,train,"Oh, did you rent it, the cabin, or, like...","Oh, lo alquilaste, la cabina, o como...",9,7
EN_010_10__ES_010_10,en-es,train,and then two or three months,Y luego dos o tres meses.,6,6
EN_010_11__ES_010_11,en-es,train,over there,Por allá.,2,2
EN_010_12__ES_010_12,en-es,train,It made me understand all the good things that I have here.,Me hizo entender todas las cosas buenas que tengo aquí.,12,10
EN_010_13__ES_010_13,en-es,train,Yeah.,Sí.,1,1
EN_010_14__ES_010_14,en-es,train,"My grandma, she had a house and not too long after my grandpa died.",Mi abuela tenía una casa y no mucho después de que mi abuelo murió.,14,14
EN_010_15__ES_010_15,en-es,train,"Aw, I'm sorry.","Ay, perdón.",3,2
EN_010_16__ES_010_16,en-es,train,the ceiling like you see it here,El techo como lo ves aquí.,7,6
EN_010_17__ES_010_17,en-es,train,Didn't have a cover.,No tenía cubierta.,4,3
EN_010_18__ES_010_18,en-es,train,I remember showering in a barrel.,Me acuerdo bañarme en un barril.,6,6
EN_010_19__ES_010_19,en-es,train,"Oh my god, okay.","Oh, Dios mío, ok.",4,4
EN_010_1__ES_010_1,en-es,train,We're going to speak for 10 minutes.,Vamos a hablar por 10 minutos.,7,6
EN_010_20__ES_010_20,en-es,train,"Actually, I didn't spend that much time over there.","De hecho, no pasé tanto tiempo allá.",9,7
EN_010_21__ES_010_21,en-es,train,That's understandable.,Es entendible.,2,2
EN_010_22__ES_010_22,en-es,train,"I, uh, I started to gain an accent.",Empecé a tener acento.,8,4
EN_010_23__ES_010_23,en-es,train,"in my, in my Spanish","en mi, en mi español",5,5
EN_010_24__ES_010_24,en-es,train,Even though it's my first language.,A pesar de que es mi primer lenguaje.,6,8
EN_010_25__ES_010_25,en-es,train,"I noticed, I noticed, I uh... What was I gonna say?","Me di cuenta, me di cuenta, uh ¿Qué iba a decir?",11,11
EN_010_26__ES_010_26,en-es,train,"Well, if you want we could talk about your ring.","Bueno, si quieres podemos hablar de tu anillo.",10,8
EN_010_27__ES_010_27,en-es,train,"Or, well, if you want to talk about it.","O, bueno, si quieres hablar de eso.",9,7
EN_010_28__ES_010_28,en-es,train,"Yeah, that's fine. Ask me about it.","Sí, está bien, pregúntame.",7,4
EN_010_29__ES_010_29,en-es,train,The school's helping me.,La escuela me está ayudando.,4,5
EN_010_2__ES_010_2,en-es,train,"And then from there, we're going to switch languages and start translating.",Y luego de ahí vamos a cambiar de lenguaje y empezar a traducir.,12,13
EN_010_30__ES_010_30,en-es,train,get that stuff out of my head.,Quita eso de mi mente.,7,5
EN_010_31__ES_010_31,en-es,train,whole year,todo el año,2,3
EN_010_32__ES_010_32,en-es,train,Feeling alone.,Sentirse solo.,2,2
EN_010_33__ES_010_33,en-es,train,"uh, UTEP offers.","uh, UTEP ofrece",3,3
EN_010_34__ES_010_34,en-es,train,And uh  that's what I've been doing.,Y eso es lo que he estado haciendo.,7,8
EN_010_35__ES_010_35,en-es,train,"Lately, I've been having pretty good days. And you?",Últimamente he tenido días muy buenos. ¿Y tú?,9,8
EN_010_36__ES_010_36,en-es,train,I got myself a machine for uh...,Me conseguí una máquina para...,7,5
EN_010_37__ES_010_37,en-es,train,Oh my gosh.,"Oh, Dios mío.",3,3
EN_010_3__ES_010_3,en-es,train,"I wanted to ask you, where did you grow up?","Quería preguntarte, ¿dónde creciste?",10,4
EN_010_4__ES_010_4,en-es,train,"But it was only two years, to be honest.","Pero fueron solo dos años, para ser honestos.",9,8
EN_010_5__ES_010_5,en-es,train,"I, um, I, I'm from here.",Yo soy de aquí.,6,4
EN_010_6__ES_010_6,en-es,train,"I was born here, I spent most of my life here.","Nací aquí, pasé la mayor parte de mi vida aquí.",11,10
EN_010_7__ES_010_7,en-es,train,because my family is from Chihuahua.,Porque mi familia es de Chihuahua.,6,6
EN_010_8__ES_010_8,en-es,train,"At the very least, the side from my mom.","Como mínimo, el lado de mi mamá.",9,7
EN_010_9__ES_010_9,en-es,train,It was something strange.,Era algo extraño.,4,3
EN_011_10__ES_011_10,en-es,train,And did you mind moving around so much or it didn't really affect you?,¿Y te molestaba mudarte tanto o no te afectaba?,14,9
EN_011_11__ES_011_11,en-es,train,I mean...,O sea...,2,2
EN_011_12__ES_011_12,en-es,train,Mexico is like two separate worlds. and I was in from the North.,México es como dos mundos separados y yo estaba en el norte.,13,12
EN_011_13__ES_011_13,en-es,train,"I moved to the South so it's really really different, the climate, the food","Me mudé al sur así que es muy muy diferente, el clima, la comida.",14,14
EN_011_14__ES_011_14,en-es,train,"I can understand, I mean, a lot of views and","Puedo entender, quiero decir, muchas vistas y",10,7
EN_011_15__ES_011_15,en-es,train,and aspects that I couldn't like see back then.,Y aspectos que no podía ver entonces.,9,7
EN_011_16__ES_011_16,en-es,train,And what was your favorite city to stay at?,¿Y cuál era tu ciudad favorita para quedarte?,9,8
EN_011_17__ES_011_17,en-es,train,"I mean, if I talk about food...","O sea, si hablo de comida...",7,6
EN_011_18__ES_011_18,en-es,train,"it will be like, Celaya",Sera como Celaya.,5,3
EN_011_19__ES_011_19,en-es,train,if I talk about people,Si hablo de personas,5,4
EN_011_1__ES_011_1,en-es,train,You said you're from Chihuahua?,¿Dijiste que eras de Chihuahua?,5,5
EN_011_20__ES_011_20,en-es,train,"I would, I would think about Monterrey.",Yo pensaría en Monterrey.,7,4
EN_011_21__ES_011_21,en-es,train,"I mean, it's because I lived there until I was like 10, 9.","Digo, es porque viví ahí hasta que tenía como 10, 9.",13,11
EN_011_22__ES_011_22,en-es,train,So I don't really remember.,Entonces no me acuerdo.,5,4
EN_011_23__ES_011_23,en-es,train,"I studied, uh,  mechatronics engineer",Estudié Ingeniería de Mecatrónica.,5,4
EN_011_24__ES_011_24,en-es,train,Mechatronics.,Mecatrónica.,1,1
EN_011_25__ES_011_25,en-es,train,"It's like the combination between mechanics, electronics and programming.","Es como la combinación entre mecánica, electrónica y programación.",9,9
EN_011_26__ES_011_26,en-es,train,"after that, um, the COVID hit","Después de eso, el COVID golpeó.",6,6
EN_011_27__ES_011_27,en-es,train,So I started online classes.,Comencé clases en línea.,5,4
EN_011_28__ES_011_28,en-es,train,"that i don't like this, i think i wanna move out","Que no me gusta esto, creo que me quiero mudar.",11,10
EN_011_29__ES_011_29,en-es,train,"Also, I wanna like, leave alone",También quiero irme sola.,6,4
EN_011_2__ES_011_2,en-es,train,"Yeah, I, I'm actually from Chihuahua.","Sí, de hecho soy de Chihuahua.",6,6
EN_011_30__ES_011_30,en-es,train,and the only thing was that,Y lo único que pasó fue que,6,7
EN_011_31__ES_011_31,en-es,train,here is not the career of mechatronics,Aquí no está la carrera de mecatrónica.,7,7
EN_011_32__ES_011_32,en-es,train,"We're doing like something about capacitors or something like that. I mean, I didn't understand what we're doing.","Estamos haciendo algo de capacitores o algo así. O sea, no entendía lo que estábamos haciendo.",18,16
EN_011_33__ES_011_33,en-es,train,So you are in second semester also.,Entonces también estás en el segundo semestre.,7,7
EN_011_34__ES_011_34,en-es,train,second semester.  This your second semester?,Segundo semestre. ¿Este es tu segundo semestre?,6,7
EN_011_35__ES_011_35,en-es,train,How old are you?,¿Cuántos años tienes?,4,3
EN_011_36__ES_011_36,en-es,train,"I am 20, I'm gonna be 21 in a month.","Tengo 20 años, voy a tener 21 en un mes.",10,10
EN_011_37__ES_011_37,en-es,train,"Ah, happy early birthday.","Ah, feliz cumpleaños temprano.",4,4
EN_011_38__ES_011_38,en-es,train,I'm 19. I'm turning 20 in January.,Tengo 19. Cumplo 20 en enero.,7,6
EN_011_39__ES_011_39,en-es,train,happy birthday,Feliz cumpleaños.,2,2
EN_011_3__ES_011_3,en-es,train,"but I mean, I'm living in all around Mexico.","Pero quiero decir, estoy viviendo en todo México.",9,8
EN_011_40__ES_011_40,en-es,train,Happy early birthday. Thank you. Thank you.,Feliz cumpleaños temprano. Gracias. Gracias.,7,5
EN_011_41__ES_011_41,en-es,train,"And, and I really like [laugh] Mejia because he is the one that is always like telling me, Hey, you should apply to, you should apply to this","Y me gusta mucho Mejía porque es el que siempre me dice, oye, deberías aplicar a esto.",28,17
EN_011_42__ES_011_42,en-es,train,And you?,¿Y tú?,2,2
EN_011_4__ES_011_4,en-es,train,and then after that i moved to Monterrey,Y después de eso me mudé a Monterrey.,8,8
EN_011_5__ES_011_5,en-es,train,I started college there.,Comencé la universidad ahí.,4,4
EN_011_6__ES_011_6,en-es,train,"and then I transfer to here, to El Paso.","Y luego me transferí a aquí, a El Paso.",9,9
EN_011_7__ES_011_7,en-es,train,And why did he move around so much?,¿Y por qué se movió tanto?,8,6
EN_011_8__ES_011_8,en-es,train,for agricultural resources.,para recursos agrícolas.,3,3
EN_011_9__ES_011_9,en-es,train,in the north part of the city.,en la parte norte de la ciudad.,7,7
EN_012_10__ES_012_10,en-es,dev,but eggs with bacon taste better.,Pero los huevos con bacon saben mejor.,6,7
EN_012_11__ES_012_11,en-es,dev,You have to cook the bacon first.,Tienes que cocinar el tocino primero.,7,6
EN_012_12__ES_012_12,en-es,dev,You have to cut it.,Tienes que cortar.,5,3
EN_012_13__ES_012_13,en-es,dev,And then you put it again with the scrambled eggs.,Y luego lo pones de nuevo con los huevos revueltos.,10,10
EN_012_14__ES_012_14,en-es,dev,Oh nevermind just leave the bacon like that it's already too salty,"Oh, no importa, deja el tocino así de que ya está muy salado.",12,13
EN_012_15__ES_012_15,en-es,test,"Oh, well yeah.","Oh, bueno, sí.",3,3
EN_012_16__ES_012_16,en-es,test,"Well, it depends if I'm in the mood for a tortilla or not.","Bueno, depende si estoy de humor para una tortilla o no.",13,11
EN_012_17__ES_012_17,en-es,dev,"Yes, that's why.","Sí, por eso.",3,3
EN_012_18__ES_012_18,en-es,dev,Eggs with bacon don't go in a sandwich.,Huevos con tocino no van en un sandwich.,8,8
EN_012_19__ES_012_19,en-es,dev,because I don't know.,Porque no sé.,4,3
EN_012_1__ES_012_1,en-es,dev,What don't you like?,¿Qué es lo que no te gusta?,4,7
EN_012_20__ES_012_20,en-es,dev,I like the flavor. Tea doesn't really have that much flavor.,Me gusta el sabor. El té no tiene tanto sabor.,11,10
EN_012_21__ES_012_21,en-es,test,Sock coffee?,¿Café de calcetín?,2,3
EN_012_22__ES_012_22,en-es,dev,"from a store. Ew, shut up.","De una tienda. Oh, cállate.",6,5
EN_012_23__ES_012_23,en-es,dev,"But yeah, I like the flavor.","Pero sí, me gusta el sabor.",6,6
EN_012_24__ES_012_24,en-es,dev,I like the stronger taste of the coffee.,Me gusta el sabor más fuerte del café.,8,8
EN_012_25__ES_012_25,en-es,dev,"Nope, but coffee's really, really good.","No, pero el café está muy, muy bueno.",6,8
EN_012_2__ES_012_2,en-es,test,"Uh, I don't like eggs with bacon.",No me gustan los huevos con tocino.,7,7
EN_012_3__ES_012_3,en-es,dev,Why don't you like eggs with bacon?,¿Por qué no te gustan los huevos con tocino?,7,9
EN_012_5__ES_012_5,en-es,test,I don't like it.,No me gusta.,4,3
EN_012_6__ES_012_6,en-es,test,It just doesn't taste right.,Es que no sabe bien.,5,5
EN_012_7__ES_012_7,en-es,test,So like the texture of the bacon is a little too soggy.,Así que la textura del tocino está un poco soggy.,12,10
EN_012_8__ES_012_8,en-es,dev,So you don't like eggs or you don't like bacon?,¿No te gustan los huevos o no te gusta el tocino?,10,11
EN_012_9__ES_012_9,en-es,test,I like eggs and bacon just separate.,Me gustan los huevos y el tocino separados.,7,8
EN_013_10__ES_013_10,en-es,dev,in the summer.,En el verano.,3,3
EN_013_11__ES_013_11,en-es,dev,I don't know. I don't even know if I have the job yet.,"No sé, ni sé si tengo el trabajo todavía.",13,9
EN_013_12__ES_013_12,en-es,dev,"but, hopefully [laughs].f",Pero con suerte [risas].f,3,4
EN_013_13__ES_013_13,en-es,dev,"Yeah, you know.","Sí, ya sabes.",3,3
EN_013_14__ES_013_14,en-es,dev,"I got really lucky. All the summer classes I've taken, I've taken the whole summer, so.",Tuve mucha suerte todas las clases de verano que tomé todo el verano.,16,13
EN_013_15__ES_013_15,en-es,dev,"That's fortunate for me, you know?","Es una suerte para mí, ¿sabes?",6,6
EN_013_16__ES_013_16,en-es,dev,"Machine Learning, no sorry, uh, Deep Learning.","Aprendizaje automático, no, perdón, Aprendizaje Profundo.",7,6
EN_013_17__ES_013_17,en-es,train,I don't know if I want to take Machine Learning.,No sé si quiero tomar aprendizaje automático.,10,7
EN_013_18__ES_013_18,en-es,train,just like that's the concentration that i'm gonna do,Así de fácil es la concentración que voy a hacer.,9,10
EN_013_1__ES_013_1,en-es,dev,What are your plans for after the semester's over?,¿Cuáles son tus planes para después de que termine el semestre?,9,11
EN_013_20__ES_013_20,en-es,train,I'm not going to take that class.,No voy a tomar esa clase.,7,6
EN_013_21__ES_013_21,en-es,train,I don't want to take it alone [sniff].,No quiero tomarlo solo [sniff].,8,5
EN_013_22__ES_013_22,en-es,dev,I've heard cybersecurity classes are really hard.,He oído que las clases de ciberseguridad son muy difíciles.,7,10
EN_013_23__ES_013_23,en-es,dev,How do you feel in math?,¿Cómo te sientes en matemáticas?,6,5
EN_013_24__ES_013_24,en-es,train,I really like that.,Me gusta mucho eso.,4,4
EN_013_25__ES_013_25,en-es,dev,"and you took calculus, likel fairly recently and stuff.","Y tomaste cálculo, me pareció muy recientemente y esas cosas.",9,10
EN_013_26__ES_013_26,en-es,train,Yeah.,Sí.,1,1
EN_013_27__ES_013_27,en-es,dev,"so I'm doing a Masters, in CS, so","Estoy haciendo un Masters, en CS.",8,6
EN_013_28__ES_013_28,en-es,train,oh okay,"Ah, ok.",2,2
EN_013_29__ES_013_29,en-es,dev,But I feel like I still haven't had enough time to even explore like the subfields of computer science to know what I want to do.,Pero siento que todavía no he tenido suficiente tiempo para explorar como los subcampos de Computer Science para saber qué quiero hacer.,26,22
EN_013_2__ES_013_2,en-es,train,"Well, I'm planning to go to New York.","Bueno, estoy planeando ir a Nueva York.",8,7
EN_013_30__ES_013_30,en-es,train,"Damn, how old are you?","Maldición, ¿cuántos años tienes?",5,4
EN_013_31__ES_013_31,en-es,dev,"[laughs] I'm, I'm 23.","[risas] Tengo, tengo 23 años.",4,5
EN_013_32__ES_013_32,en-es,train,"Oh, you don't look that old.","Oh, no te ves tan viejo.",6,6
EN_013_33__ES_013_33,en-es,dev,Thank you. I think that's a good thing. Still.,"Gracias, creo que es una buena cosa.",9,7
EN_013_34__ES_013_34,en-es,dev,"If you have an undergrad in anything, you can just skip to a master's in anything else.","Si tienes un undergrad en cualquier cosa, puedes saltar a un Master's en cualquier otra cosa.",17,16
EN_013_35__ES_013_35,en-es,train,"Because I want to do that as well. Like, I don't want to do a master's in CS.","Porque también quiero hacer eso, como que no quiero hacer una maestría en CS.",18,14
EN_013_36__ES_013_36,en-es,dev,"If you do good, you'll get in.","Si lo haces bien, te meterás.",7,6
EN_013_37__ES_013_37,en-es,train,Okay.,De acuerdo.,1,2
EN_013_38__ES_013_38,en-es,train,"Um, I was trying to change majors.","Um, estaba tratando de cambiarme de carrera.",7,7
EN_013_39__ES_013_39,en-es,train,"because I'm like, oh, I don't want to do this for life.",Porque no quiero hacer esto de por vida.,12,8
EN_013_3__ES_013_3,en-es,train,"I'm taking an internship on,  with Amazon.",Voy a hacer una internship con Amazon.,7,7
EN_013_40__ES_013_40,en-es,train,"I don't feel like I love it, you know?","No me siento como que lo amo, ¿sabes?",9,8
EN_013_4__ES_013_4,en-es,dev,That's cool.,Está bien.,2,2
EN_013_5__ES_013_5,en-es,dev,Wow.,Guau.,1,1
EN_013_6__ES_013_6,en-es,train,What are you doing?,¿Qué estás haciendo?,4,3
EN_013_7__ES_013_7,en-es,dev,"um, not that","Um, no es eso.",3,4
EN_013_8__ES_013_8,en-es,dev,Maybe I'll be a TA. I'm not really sure yet.,A lo mejor voy a ser TA. Aún no estoy seguro.,10,11
EN_013_9__ES_013_9,en-es,train,next semester,El próximo semestre.,2,3
EN_014_10__ES_014_10,en-es,train,"Honestly, I don't think they're very useful","Honestamente, no creo que sean muy útiles.",7,7
EN_014_11__ES_014_11,en-es,train,It just feels kind of like a waste of time if I'm being honest with you,Siento como una pérdida de tiempo si estoy siendo honesto contigo.,16,11
EN_014_12__ES_014_12,en-es,train,"Yeah, of course.","Sí, por supuesto.",3,3
EN_014_13__ES_014_13,en-es,train,my team was like okay how do we do this,"Mi equipo estaba bien, ¿cómo hacemos esto?",10,7
EN_014_14__ES_014_14,en-es,train,"And you know, we just literally just wrote stuff down on the paper and turned it in.","Y ya sabes, literalmente escribimos cosas en el papel y las entregamos.",17,12
EN_014_15__ES_014_15,en-es,train,"they don't feel priority, they don't feel important.","No sienten prioridad, no se sienten importante.",8,7
EN_014_16__ES_014_16,en-es,train,"compared to the actual project that we're working on, you know?","comparado con el proyecto real en el que estamos trabajando, ¿sabes?",11,11
EN_014_17__ES_014_17,en-es,train,"I agree with that statement, so",Estoy de acuerdo con esa declaración.,6,6
EN_014_18__ES_014_18,en-es,train,"I don't know what like, languages to use or",No sé qué lenguajes usar.,9,5
EN_014_19__ES_014_19,en-es,train,like a wasted semester so much.,Como un semestre desperdiciado tanto.,6,5
EN_014_1__ES_014_1,en-es,train,Do you want to start in English and go to Spanish or do you want to start in Spanish and go to English?,¿Quieres empezar en inglés e ir a español o quieres empezar en español e ir a inglés?,23,17
EN_014_20__ES_014_20,en-es,train,planning and effort put into it just for it to be like,Planeo y esfuerzo puesto en ello para que sea como,12,10
EN_014_21__ES_014_21,en-es,train,"We have the general idea, and that's all we need.","Tenemos la idea general, y eso es todo lo que necesitamos.",10,11
EN_014_22__ES_014_22,en-es,train,I don't think he has read it.,No creo que lo haya leído.,7,6
EN_014_23__ES_014_23,en-es,train,at all.,En lo absoluto.,2,3
EN_014_24__ES_014_24,en-es,train,"I feel like they just put it on him, like out of nowhere, right?","Siento como que se lo pusieron de la nada, ¿verdad?",14,10
EN_014_25__ES_014_25,en-es,train,It definitely feels like that.,Definitivamente se siente así.,5,4
EN_014_26__ES_014_26,en-es,train,I can't really help with that part of the project at all.,Realmente no puedo ayudar con esa parte del proyecto para nada.,12,11
EN_014_27__ES_014_27,en-es,train,Because I was expecting to have my previous team.,Porque estaba esperando tener mi equipo anterior.,9,7
EN_014_2__ES_014_2,en-es,train,"We can, we can start in English.",Podemos empezar en inglés.,7,4
EN_014_3__ES_014_3,en-es,train,bothering me about the class is,molestándome de la clase es,6,5
EN_014_4__ES_014_4,en-es,train,I feel like in the lectures...,Siento que en las conferencias...,6,5
EN_014_5__ES_014_5,en-es,train,We do talk about the topic and then.,Hablamos del tema y luego.,8,5
EN_014_6__ES_014_6,en-es,train,"and then it's very difficult to, like, grasp the topic.",Y luego es muy difícil entender el tema.,10,8
EN_014_7__ES_014_7,en-es,train,and then he gives you like an exercise but,"Y luego te hace ejercicio, pero...",9,6
EN_014_8__ES_014_8,en-es,train,What about you?,¿Y qué hay de ti?,3,5
EN_014_9__ES_014_9,en-es,train,What do you think about the exercises?,¿Qué opinas de los ejercicios?,7,5
EN_015_10__ES_015_10,en-es,train,I like... I like many different types of music.,Me gusta... me gustan muchos tipos diferentes de música.,9,9
EN_015_11__ES_015_11,en-es,train,But my favorite music is hip-hop.,Pero mi música favorita es el hip-hop.,6,7
EN_015_12__ES_015_12,en-es,test,and do you listen to that every day or on certain occasions?,¿Y escuchas eso todos los días o en ciertas ocasiones?,12,10
EN_015_13__ES_015_13,en-es,train,"Uhhhh, like all day.","Ajá, como todo el día.",4,5
EN_015_14__ES_015_14,en-es,test,"I have to listen to things to a certain time, for example","Tengo que escuchar las cosas a un cierto tiempo, por ejemplo.",12,11
EN_015_15__ES_015_15,en-es,train,"Yeah, yeah.","Sí, sí.",2,2
EN_015_16__ES_015_16,en-es,test,Yeah and also like it's for a party or something,Sí y también es para una fiesta o algo.,10,9
EN_015_17__ES_015_17,en-es,train,"Yeah, perfect for a party.","Sí, perfecto para una fiesta.",5,5
EN_015_19__ES_015_19,en-es,test,They are icons of my 2000s.,Son iconos de mis 2000s.,6,5
EN_015_1__ES_015_1,en-es,train,Do you play video games?,¿Juegas videojuegos?,5,2
EN_015_20__ES_015_20,en-es,train,Have you played instruments before?,¿Has tocado instrumentos antes?,5,4
EN_015_21__ES_015_21,en-es,test,yes I play the guitar,Sí toco la guitarra.,5,4
EN_015_22__ES_015_22,en-es,test,We are waiting for the reunion.,Estamos esperando la reunión.,6,4
EN_015_23__ES_015_23,en-es,train,"[laughter] that'd be cool, imagine.","Eso sería genial, imagínate.",5,4
EN_015_24__ES_015_24,en-es,test,and I said well I will enter single lessons and no,"Y dije, bueno, entraré a clases individuales y no.",11,9
EN_015_25__ES_015_25,en-es,test,and I see that I had an error so my addition was wrong,"Y veo que tuve un error, así que mi adición fue incorrecta.",13,12
EN_015_26__ES_015_26,en-es,train,That's good that she didn't realize.,Está bien que no se diera cuenta.,6,7
EN_015_27__ES_015_27,en-es,test,"and I bring a code, I don't know what it was","Y traigo un código, no sé qué era.",11,8
EN_015_28__ES_015_28,en-es,train,live or something,Vivir o algo.,3,3
EN_015_29__ES_015_29,en-es,test,It's a [unintellitible] or something.,Es un [unintelitable] o algo así.,5,6
EN_015_2__ES_015_2,en-es,test,I don't have a Playstation and an Xbox but I do have the Switch,No tengo Playstation y Xbox pero sí tengo el Switch.,14,10
EN_015_30__ES_015_30,en-es,test,"She almost told me, like, do it again!","Casi me dice, como que, ¡hazlo otra vez!",8,8
EN_015_31__ES_015_31,en-es,train,Yeah [laughs].,Sí [risas].,2,2
EN_015_32__ES_015_32,en-es,train,I started like at 7.,Empecé como a las 7.,5,5
EN_015_33__ES_015_33,en-es,train,And I ended like at 10.,Y terminé como a las 10.,6,6
EN_015_34__ES_015_34,en-es,test,"Yeah, or when I write a conclusion I get inspired more like talking.","Sí, o cuando escribo una conclusión me siento más inspirado hablando.",13,11
EN_015_35__ES_015_35,en-es,train,"Yeah, I, I, I thought it was weird that they gave us that for homework.","Sí, me pareció raro que nos dieran eso para tarea.",15,10
EN_015_36__ES_015_36,en-es,test,"Yeah, I think, we had to do like a writing assignment or something, and I think he put that for like not stressing us","Sí, creo que tuvimos que hacer una tarea de escritura o algo así, y creo que lo puso como para no estresarnos.",24,22
EN_015_37__ES_015_37,en-es,train,"Oh, okay.","Ah, ok.",2,2
EN_015_3__ES_015_3,en-es,train,"Uh, this reminds me, like, using the headphones, it reminds me of playing video games online.","Uh, esto me recuerda, como, usar los auriculares, me recuerda jugar videojuegos en línea.",16,14
EN_015_4__ES_015_4,en-es,train,Have you played online with like different people?,¿Has jugado en línea con gente diferente?,8,7
EN_015_5__ES_015_5,en-es,test,"Yeah, I've been playing online, but...","Sí, he estado jugando en línea, pero...",6,7
EN_015_6__ES_015_6,en-es,test,"For me, I think it's a lot of noise.",Para mí es mucho ruido.,9,5
EN_015_7__ES_015_7,en-es,test,and also the headphones were noise cancelling,Y también los audífonos estaban cancelando ruido.,7,7
EN_015_8__ES_015_8,en-es,test,"yes, so, no, no.","Sí, entonces no, no.",4,4
EN_015_9__ES_015_9,en-es,test,"But, um, uh, what music do you listen to?",Pero ¿qué música escuchas?,9,4
EN_016_10__ES_016_10,en-es,train,Right.,Claro.,1,1
EN_016_11__ES_016_11,en-es,train,What would you say?,¿Qué dirías?,4,2
EN_016_12__ES_016_12,en-es,train,Probably...,Probablemente...,1,1
EN_016_13__ES_016_13,en-es,train,Don't be afraid to ask questions.,No tengas miedo de hacer preguntas.,6,6
EN_016_14__ES_016_14,en-es,train,especially to the professor.,especialmente al profesor.,4,3
EN_016_15__ES_016_15,en-es,train,"and then people will be confused because they didn't read, like, a certain section that like explains it.",Y luego la gente se confundía porque no leían una sección que lo explicaba.,18,14
EN_016_16__ES_016_16,en-es,train,I would be kind of scared to ask questions to the professor or,Me daba miedo hacerle preguntas al profesor.,13,7
EN_016_17__ES_016_17,en-es,train,"But yeah, I think that's a good piece of advice to tell them, like, don't be afraid to ask questions.","Pero sí, creo que es un buen consejo decirles que no tengan miedo de hacer preguntas.",20,16
EN_016_18__ES_016_18,en-es,train,It's better to ask questions and learn than to stay confused.,Es mejor hacer preguntas y aprender que quedarse confundido.,11,9
EN_016_19__ES_016_19,en-es,train,Right.,Claro.,1,1
EN_016_1__ES_016_1,en-es,train,"Uh, we're doing the, like, the three things.","Uh, estamos haciendo como las tres cosas.",8,7
EN_016_20__ES_016_20,en-es,train,"Did you join a, um...",¿Te uniste a una...?,5,4
EN_016_21__ES_016_21,en-es,train,like a student organization when you were a freshman.,Como una organización de estudiantes cuando eras un freshman.,9,9
EN_016_22__ES_016_22,en-es,train,So I ended up joining MAES and Ship.,Y terminé uniéndome a MAES y Ship.,8,7
EN_016_23__ES_016_23,en-es,train,I'm not sure if you've heard of it.,No sé si has oído hablar de ella.,8,8
EN_016_24__ES_016_24,en-es,train,"Uh, I don't think I have.",No creo que lo he hecho.,6,6
EN_016_25__ES_016_25,en-es,train,So it's like the largest engineering org here at UTEP.,Entonces es como la organización de ingeniería más grande aquí en UTEP.,10,12
EN_016_26__ES_016_26,en-es,train,"environment I guess I would say, it seemed like they all got along pretty well so","Medio ambiente creo que diría, parecía que todos se llevaban muy bien.",16,12
EN_016_27__ES_016_27,en-es,train,I switched careers in like 2020.,Cambié de carrera como en 2020.,6,6
EN_016_28__ES_016_28,en-es,train,oh wow,¡Oh wow!,2,2
EN_016_29__ES_016_29,en-es,train,"I mean that would also be a good thing to, um","O sea, eso también sería bueno para...",11,7
EN_016_2__ES_016_2,en-es,train,for CS students.,para los estudiantes de CS.,3,5
EN_016_30__ES_016_30,en-es,train,encourage people who are new into CS to look for opportunities and internships.,animar a la gente que es nueva en CS a buscar oportunidades y internships.,13,14
EN_016_31__ES_016_31,en-es,train,"Because in internship, you're there to learn.",Porque en internship estás ahí para aprender.,7,7
EN_016_32__ES_016_32,en-es,train,"They can come and ask me questions about how to get an internship or how to get a scholarship, things like that.","Pueden venir y hacerme preguntas de cómo conseguir una internship o una beca, cosas así.",22,15
EN_016_33__ES_016_33,en-es,train,they have no idea that there's internship oppu- opportunities for them.,No tienen idea de que hay internship oppu oportunidades para ellos.,11,11
EN_016_34__ES_016_34,en-es,train,At least now you have the experience of what it's like to apply or what it's like to interview.,Al menos ahora tienes la experiencia de cómo es aplicar o cómo es entrevistar.,19,14
EN_016_35__ES_016_35,en-es,train,and so the next time you're more prepared.,Y la siguiente vez estás más preparado.,8,7
EN_016_36__ES_016_36,en-es,train,"So, yeah.","Entonces, sí.",2,2
EN_016_37__ES_016_37,en-es,train,I got like this weird question that I really couldn't really answer.,Me hizo una pregunta rara que no pude contestar.,12,9
EN_016_38__ES_016_38,en-es,train,I wasn't able to answer the question for the first interview that I had.,No pude contestar la pregunta para la primera entrevista que tuve.,14,11
EN_016_39__ES_016_39,en-es,train,it can still be useful to fill interviews.,Aún puede ser útil llenar entrevistas.,8,6
EN_016_3__ES_016_3,en-es,train,"Yes, three bits of advice to give all new students joining the CS department.","Sí, tres consejos para darle a todos los estudiantes nuevos que se unen al departamento de CS.",14,17
EN_016_40__ES_016_40,en-es,train,"And it's funny because when I was looking for, like, uh, internships",Y es gracioso porque cuando estaba buscando internships.,12,8
EN_016_41__ES_016_41,en-es,train,"It's crazy, like there's a lot of opportunities for freshmen and sophomores.","Es una locura, como que hay muchas oportunidades para freshmen y sophomores.",12,12
EN_016_42__ES_016_42,en-es,train,more companies are starting to offer these opportunities to.,Más compañías están empezando a ofrecer estas oportunidades.,9,8
EN_016_43__ES_016_43,en-es,train,freshmen and sophomores instead of just sticking to.,freshmen y sophomores en vez de quedarse.,8,7
EN_016_44__ES_016_44,en-es,train,juniors or seniors or even just students who are graduating.,juniors o seniors o simplemente estudiantes que se gradúan.,10,9
EN_016_45__ES_016_45,en-es,train,do you have any other advice that you would give to students?,¿Tienes algún otro consejo que darías a los estudiantes?,12,9
EN_016_46__ES_016_46,en-es,train,um not sure,"Um, no estoy seguro.",3,4
EN_016_47__ES_016_47,en-es,train,"It's more important to learn about the concepts, I guess.","Es más importante aprender de los conceptos, creo.",10,8
EN_016_4__ES_016_4,en-es,train,"Okay, do you have any?","Ok, ¿tienes alguna?",5,3
EN_016_5__ES_016_5,en-es,train,what kind of advice I would even give myself.,¿Qué clase de consejo me daría a mí misma?,9,9
EN_016_6__ES_016_6,en-es,train,when I was joining UTEP.,Cuando me estaba uniendo a UTEP.,5,6
EN_016_7__ES_016_7,en-es,train,is to get involved.,Es involucrarse.,4,2
EN_016_8__ES_016_8,en-es,train,like to get involved in any student organization.,Me gusta involucrarme en cualquier organización de estudiantes.,8,8
EN_016_9__ES_016_9,en-es,train,"It's always, like, really important and a really good idea to get involved.",Siempre es muy importante y una muy buena idea involucrarse.,13,10
EN_017_10__ES_017_10,en-es,train,gap?,¿Paso?,1,1
EN_017_11__ES_017_11,en-es,train,"Yeah, and...","Sí, y...",2,2
EN_017_12__ES_017_12,en-es,train,But why is there a gap in the first place?,Pero ¿por qué hay un espacio en primer lugar?,10,9
EN_017_13__ES_017_13,en-es,train,"I've been trying to give uh... give this, give it a chance","He tratado de darle ah, darle a esto, darle una oportunidad.",12,11
EN_017_14__ES_017_14,en-es,train,Give it a chance.,Dale una oportunidad.,4,3
EN_017_15__ES_017_15,en-es,train,It's a matter of humbling myself.,Es una cuestión de humillarme a mí mismo.,6,8
EN_017_16__ES_017_16,en-es,train,but also understanding that it's not my fault.,Pero también entender que no es mi culpa.,8,8
EN_017_17__ES_017_17,en-es,train,"ah, I don't know about like jumping into another like relationship","Ah, no sé de saltar a otra relación.",11,8
EN_017_18__ES_017_18,en-es,train,Yeah.,Sí.,1,1
EN_017_19__ES_017_19,en-es,train,stuck with giving all of myself to one person.,Atrapado dando todo de mí a una persona.,9,8
EN_017_1__ES_017_1,en-es,train,I don't know. I've always been pretty bad at placing blame.,"No sé, siempre he sido muy malo echando culpa.",11,9
EN_017_20__ES_017_20,en-es,train,regardless if they would give anything back.,A pesar de que devolvieran cualquier cosa.,7,7
EN_017_2__ES_017_2,en-es,train,"feels that same way. It's, it's very difficult.",Se siente de la misma manera. Es muy difícil.,8,9
EN_017_3__ES_017_3,en-es,train,Yeah.,Sí.,1,1
EN_017_4__ES_017_4,en-es,train,"My girlfriend's in Cruces, so she doesn't get to show up a lot.","Mi novia está en Cruces, así que no llega a aparecer mucho.",13,12
EN_017_5__ES_017_5,en-es,train,He felt like maybe I was hitting on her.,Se sentía como que a lo mejor estaba coqueteando con ella.,9,11
EN_017_6__ES_017_6,en-es,train,Okay.,De acuerdo.,1,2
EN_017_7__ES_017_7,en-es,train,It's difficult because I was drunk. She was drunk.,"Es difícil porque yo estaba borracho, ella estaba borracha.",9,9
EN_017_8__ES_017_8,en-es,train,"Guilty, but not like in an extreme way.","Culpable, pero no de una manera extrema.",8,7
EN_017_9__ES_017_9,en-es,train,"you know, just fill in the gap with like more people.","Ya sabes, llenar el espacio con más gente.",11,8
EN_018_10__ES_018_10,en-es,test,Do you think that's a good advice?,¿Crees que es un buen consejo?,7,6
EN_018_11__ES_018_11,en-es,test,You wouldn't have to wait till a test to know how you're doing.,No tendrías que esperar a una prueba para saber cómo te va.,13,12
EN_018_12__ES_018_12,en-es,test,"what have been like, some challenges for you in this career.","¿Cómo han sido, algunos desafíos para ti en esta carrera?",11,10
EN_018_13__ES_018_13,en-es,test,"to make friends in CS, like especially in your classes.","Para hacer amigos en CS, especialmente en tus clases.",10,9
EN_018_14__ES_018_14,en-es,test,but also like you get to know other CS students from different levels.,Pero también como que puedes conocer a otros estudiantes de CS de diferentes niveles.,13,14
EN_018_15__ES_018_15,en-es,test,They give me suggestions about what professors to take.,Me dan sugerencias de qué profesores tomar.,9,7
EN_018_16__ES_018_16,en-es,test,And I think that's a good suggestion for anybody.,Y creo que es una buena sugerencia para cualquiera.,9,9
EN_018_17__ES_018_17,en-es,test,and this professor said like oh we're having a general meeting for the computer science club,"Y este profesor dijo, oh, vamos a tener una junta general para el club de Computer Science.",16,17
EN_018_18__ES_018_18,en-es,test,"the people were, were, very rude and everything",La gente era muy grosera y todo.,8,7
EN_018_19__ES_018_19,en-es,test,They were looking for parties outside of school. You know what I mean? Like.,Estaban buscando fiestas fuera de la escuela. ¿Sabes a qué me refiero?,14,12
EN_018_1__ES_018_1,en-es,test,"uh, can you give me like, three pieces of advice?",¿Me puedes dar como tres consejos?,10,6
EN_018_20__ES_018_20,en-es,test,and they told me that I needed to be a CS student to be in the club.,Y me dijeron que necesitaba ser un estudiante de CS para estar en el club.,17,15
EN_018_2__ES_018_2,en-es,test,make friends honestly in the CS department,hacer amigos honestamente en el departamento CS,7,7
EN_018_3__ES_018_3,en-es,test,That's really like the biggest advice I have,Ese es el mayor consejo que tengo.,8,7
EN_018_4__ES_018_4,en-es,test,Would we try to do everything as soon as it gets assigned?,¿Trataríamos de hacer todo tan pronto como sea asignado?,12,9
EN_018_5__ES_018_5,en-es,test,Don't wait last minute.,No esperes a última hora.,4,5
EN_018_6__ES_018_6,en-es,test,"Yeah, just do assignments as soon as you get assigned.","Sí, haz tareas tan pronto como te asignen.",10,8
EN_018_7__ES_018_7,en-es,test,Would you recommend me to visit office hours frequently?,¿Me recomiendas que vaya a horario de oficina con frecuencia?,9,10
EN_018_8__ES_018_8,en-es,test,But like how many times a semester?,Pero ¿cuántas veces al semestre?,7,5
EN_018_9__ES_018_9,en-es,test,but what if you don't need them like you think you don't need them,¿Pero qué pasa si no los necesitas como si pensaras que no los necesitas?,14,14
EN_019_10__ES_019_10,en-es,train,Because recently I had heard that there was this movie where all three Spider-Men had come out.,Porque recientemente había escuchado que había una película donde salían los tres Spidermen.,17,13
EN_019_11__ES_019_11,en-es,train,When I saw the page for Doctor Strange it said that he had already come out in six movies for Marvel.,Cuando vi la página de Doctor Strange decía que ya había salido en seis películas de Marvel.,21,17
EN_019_12__ES_019_12,en-es,train,And I'm sitting here thinking like he already has one movie for himself and then he comes out in five other ones,Y estoy aquí sentado pensando que ya tiene una película para sí y luego sale en otras cinco.,22,18
EN_019_13__ES_019_13,en-es,train,But we watch like one every week.,Pero vemos como una cada semana.,7,6
EN_019_14__ES_019_14,en-es,train,"No, just kidding. We watch like one a day.","No, es broma, miramos como una cada día.",9,8
EN_019_15__ES_019_15,en-es,train,because we were in the pandemic.,Porque estábamos en la pandemia.,6,5
EN_019_16__ES_019_16,en-es,train,Wow.,Guau.,1,1
EN_019_17__ES_019_17,en-es,train,but you don't get tired of watching.,Pero no te cansas de ver.,7,6
EN_019_18__ES_019_18,en-es,train,Nah.,No.,1,1
EN_019_19__ES_019_19,en-es,train,But do you think that someone who hasn't seen a Marvel movie can just watch any movie or is there any specific movies they have to watch?,¿Pero crees que alguien que no ha visto una película de Marvel puede ver cualquier película o hay películas específicas que tienen que ver?,27,24
EN_019_1__ES_019_1,en-es,train,explain why you should watch the Marvel movies,Explica por qué deberías ver las películas de Marvel.,8,9
EN_019_20__ES_019_20,en-es,train,"I haven't seen them, well, because I haven't seen them, but I don't know.","No los he visto, bueno, porque no los he visto, pero no sé.",14,13
EN_019_21__ES_019_21,en-es,train,I've always thought that like...,Siempre he pensado que...,5,4
EN_019_22__ES_019_22,en-es,train,already know what's going to happen.,Ya sé lo que va a pasar.,6,7
EN_019_23__ES_019_23,en-es,train,"well, it's a story about a superhero and then...","Bueno, es una historia de un superhéroe y luego...",9,9
EN_019_24__ES_019_24,en-es,train,"Superhero, um, hmm.",Superhéroe.,3,1
EN_019_25__ES_019_25,en-es,train,I imagine that every movie starts off with,Me imagino que cada película comienza con,8,7
EN_019_26__ES_019_26,en-es,train,"maybe something about how they started, and then just",A lo mejor algo de cómo empezaron y luego...,9,9
EN_019_27__ES_019_27,en-es,train,uh stop them from destroying the city or something like that,pararles de destruir la ciudad o algo asi,11,8
EN_019_28__ES_019_28,en-es,train,[inbreath] What's gonna happen? Whatever. Maybe he's gonna die.,"¿Qué va a pasar? Lo que sea, a lo mejor se va a morir.",9,14
EN_019_29__ES_019_29,en-es,train,"He's fine at the end, he saves the day.","Está bien al final, salva el día.",9,7
EN_019_2__ES_019_2,en-es,train,My first point.,Mi primer punto.,3,3
EN_019_30__ES_019_30,en-es,train,"But at the end, because it's a Marvel movie, there has to be more.","Pero al final, porque es una película de Marvel, tiene que haber más.",14,13
EN_019_31__ES_019_31,en-es,train,Something's gonna happen.,Algo va a pasar.,3,4
EN_019_32__ES_019_32,en-es,train,at the end there's always something that tells you like,al final siempre hay algo que te dice como,10,9
EN_019_33__ES_019_33,en-es,train,now you have have to wait until the next movie.,Ahora tienes que esperar hasta la siguiente película.,10,8
EN_019_34__ES_019_34,en-es,train,"recorded, yeah how they recorded, the lights","Grabado, sí, cómo grabaron, las luces.",7,6
EN_019_35__ES_019_35,en-es,train,how they move the camera.,¿Cómo mueven la cámara?,5,4
EN_019_36__ES_019_36,en-es,train,"Yeah, a lot of people have their favorite superhero guy.","Sí, mucha gente tiene a su favorito superhéroe.",10,8
EN_019_37__ES_019_37,en-es,train,"Well, it could be favorites for her girl, maybe","Bueno, podría ser favorito para su niña, a lo mejor.",9,10
EN_019_38__ES_019_38,en-es,train,Thor is...,Thor es...,2,2
EN_019_39__ES_019_39,en-es,train,The blonde guy with the long hair.,El rubio con pelo largo.,7,5
EN_019_3__ES_019_3,en-es,train,"So maybe you can give me points that I should watch them, and I can give you points for not to watch them.","Así que a lo mejor me puedes dar puntos para que los vea, y te puedo dar puntos para que no los vea.",23,23
EN_019_40__ES_019_40,en-es,train,But who's the actor?,¿Pero quién es el actor?,4,5
EN_019_41__ES_019_41,en-es,train,"uh, the one that comes out in Game of Thrones? He also has long hair.",El que sale en Game of Thrones también tiene pelo largo.,15,11
EN_019_42__ES_019_42,en-es,train,"Oh, yeah.","Ah, sí.",2,2
EN_019_43__ES_019_43,en-es,train,"Well, I imagine that people have many different reasons, but...","Bueno, imagino que la gente tiene muchas razones diferentes, pero...",10,10
EN_019_44__ES_019_44,en-es,train,Both.,Los dos.,1,2
EN_019_45__ES_019_45,en-es,train,Oh.,Oh.,1,1
EN_019_46__ES_019_46,en-es,train,"Like, I don't really like movies where they're showing...",Como que no me gustan las películas donde están mostrando...,9,10
EN_019_47__ES_019_47,en-es,train,scenes where they're happening too fast.,Escenas donde están pasando muy rápido.,6,6
EN_019_48__ES_019_48,en-es,train,"Oh, you get dizzy? or what?","Oh, ¿te mareas o qué?",6,5
EN_019_49__ES_019_49,en-es,train,"Um, no.","Um, no.",2,2
EN_019_4__ES_019_4,en-es,train,"Okay, okay.","Ok, ok.",2,2
EN_019_50__ES_019_50,en-es,train,"Or does it seem too much like, ugh?",¿O te parece que es demasiado?,8,6
EN_019_51__ES_019_51,en-es,train,It doesn't have a...,No tiene...,4,2
EN_019_52__ES_019_52,en-es,train,"Well, I guess it really depends on the person, but it doesn't have a...","Bueno, creo que depende de la persona, pero no tiene...",14,10
EN_019_53__ES_019_53,en-es,train,The only movies that I've seen are,Las únicas películas que he visto son,7,7
EN_019_54__ES_019_54,en-es,train,The first one of Iron Man.,La primera de Iron Man.,6,5
EN_019_55__ES_019_55,en-es,train,"the Spider-Man ones, the ones with, um, uh, Tobey Maguire.","Los Spiderman, los de Tobey Maguire.",10,6
EN_019_5__ES_019_5,en-es,train,I say you should watch Marvel movies because...,Yo digo que deberías ver películas de Marvel porque...,8,9
EN_019_6__ES_019_6,en-es,train,It's a hobby that you can do with family.,Es un hobby que puedes hacer con familia.,9,8
EN_019_7__ES_019_7,en-es,train,That's what I do. I watch Marvel movies with my mom.,Eso es lo que hago. Veo películas de Marvel con mi mamá.,11,12
EN_019_8__ES_019_8,en-es,train,in the pandemic when COVID started.,en la pandemia cuando COVID comenzó.,6,6
EN_019_9__ES_019_9,en-es,train,You need to have a lot of time to figure out what's happening in the movies.,Necesitas tener mucho tiempo para entender qué está pasando en las películas.,16,12
EN_020_10__ES_020_10,en-es,train,"Yeah, it's true.","Sí, es verdad.",3,3
EN_020_11__ES_020_11,en-es,train,Why?,¿Por qué?,1,2
EN_020_12__ES_020_12,en-es,train,"Um, hmm. [tongue-click] I like, walking.",Ajá. Me gusta caminar.,6,4
EN_020_13__ES_020_13,en-es,train,"And I like exercising, but not, out for a hike.","Y me gusta hacer ejercicio, pero no hacer una caminata.",10,10
EN_020_14__ES_020_14,en-es,train,"So I like a hike if it's for, just like the adventure.",Me gusta una caminata si es para la aventura.,12,9
EN_020_15__ES_020_15,en-es,train,Not so much for...,No tanto para...,4,3
EN_020_16__ES_020_16,en-es,train,the physical activity?,La actividad física.,3,3
EN_020_17__ES_020_17,en-es,train,exercise,Ejercicio,1,1
EN_020_18__ES_020_18,en-es,train,"But yeah, that's, that's the point of hiking, in my opinion.","Pero sí, ese es el punto de la caminata, en mi opinión.",11,12
EN_020_19__ES_020_19,en-es,train,"They have other animals at the zoo, but they probably have those at the zoo.","Tienen otros animales en el zoológico, pero probablemente tienen esos animales en el zoológico.",15,14
EN_020_1__ES_020_1,en-es,train,"Well then there's the other thing, because people leave saying, oh.","Pues ahí está la otra cosa, porque la gente se va diciendo, oh.",11,13
EN_020_20__ES_020_20,en-es,train,They probably need more space.,Probablemente necesitan más espacio.,5,4
EN_020_21__ES_020_21,en-es,train,"uh, but so do all the other animals.",Pero también a todos los animales.,8,6
EN_020_22__ES_020_22,en-es,train,That's like a issue for...,Es como un problema para...,5,5
EN_020_23__ES_020_23,en-es,train,animal uh what is it animal rights activists,Animal ¿Qué es? Activistas por los derechos de los animales.,8,10
EN_020_24__ES_020_24,en-es,train,"I do feel bad for the animals, I'm not gonna lie.","Me siento mal por los animales, no voy a mentir.",11,10
EN_020_25__ES_020_25,en-es,train,"I'm, I'm not an activist.",Yo no soy activista.,5,4
EN_020_26__ES_020_26,en-es,train,But I don't like going to the zoo specifically because they look so sad.,Pero no me gusta ir al zoológico específicamente porque se ven muy tristes.,14,13
EN_020_27__ES_020_27,en-es,train,I don't like going to the zoo because I feel like I've gone there recently.,No me gusta ir al zoológico porque siento que he ido recientemente.,15,12
EN_020_28__ES_020_28,en-es,train,"And so maybe it's changed enough to where if I go again, I'll find it entertaining.","Y a lo mejor ha cambiado lo suficiente a donde si voy otra vez, lo encontraré entretenido.",16,17
EN_020_29__ES_020_29,en-es,train,when I do visit somewhere else it's like oh yeah I'll go to the zoo because it's,"Cuando visito a otro lugar es como ah, sí, voy al zoológico porque es",17,14
EN_020_2__ES_020_2,en-es,train,There's nothing to do here.,No hay nada que hacer aquí.,5,6
EN_020_30__ES_020_30,en-es,train,something I've never seen before.,Algo que nunca había visto antes.,5,6
EN_020_31__ES_020_31,en-es,train,"There are, but other cities are so big that their malls are...","Sí hay, pero otras ciudades son tan grandes que sus centros comerciales son...",12,13
EN_020_32__ES_020_32,en-es,train,massive,masivo,1,1
EN_020_33__ES_020_33,en-es,train,"Giant, yeah.","Gigante, sí.",2,2
EN_020_34__ES_020_34,en-es,train,I've been to most of the fountains.,He ido a casi todas las fuentes.,7,7
EN_020_35__ES_020_35,en-es,train,I usually go for the wine,Usualmente voy por el vino.,6,5
EN_020_36__ES_020_36,en-es,train,"Yeah, like, we own guns.","Sí, tenemos armas.",5,3
EN_020_37__ES_020_37,en-es,train,"like warning, so like if you knock, like something like that.","Como advertencia, así que si tocas, algo así.",11,8
EN_020_38__ES_020_38,en-es,train,"It's like, all right, we got it.","Es como que, ok, lo tenemos.",7,6
EN_020_39__ES_020_39,en-es,train,But even then there's not that many cool stores.,Pero a pesar de eso no hay tantas tiendas cool.,9,10
EN_020_3__ES_020_3,en-es,train,But they come back.,Pero vuelven.,4,2
EN_020_40__ES_020_40,en-es,train,"Oh, I have seen it.","Oh, lo he visto.",5,4
EN_020_41__ES_020_41,en-es,train,"hats, boots, pants, shirts, accessories","Sombreros, botas, pantalones, camisas, accesorios",5,5
EN_020_42__ES_020_42,en-es,train,It's because he has a wrench.,Es porque tiene una llave inglesa.,6,6
EN_020_43__ES_020_43,en-es,train,So they have to buy like very specific pants.,Entonces tienen que comprar pantalones muy específicos.,9,7
EN_020_4__ES_020_4,en-es,train,"And he's like, oh, I miss El Paso.","Y él dijo, ay, extraño El Paso.",8,7
EN_020_5__ES_020_5,en-es,train,"People say it so often, they're like, oh, I don't think there's anything to do, or it's, like, boring.","La gente lo dice tan seguido, como que ah, no creo que haya nada que hacer, o es aburrido.",19,19
EN_020_6__ES_020_6,en-es,train,unique things about El Paso.,cosas únicas de El Paso.,5,5
EN_020_7__ES_020_7,en-es,train,Like the things that you couldn't find somewhere else.,Como las cosas que no podías encontrar en otro lugar.,9,10
EN_020_8__ES_020_8,en-es,train,"Yeah, like just other activities.","Sí, como otras actividades.",5,4
EN_020_9__ES_020_9,en-es,train,"I'm not super fond of hiking, but...","No me gusta mucho el senderismo, pero...",7,7
EN_021_10__ES_021_10,en-es,train,but the thing is that he was really alone,Pero la cosa es que estaba muy solo.,9,8
EN_021_11__ES_021_11,en-es,train,"like nothing like that, just tourists and sellers.","Nada de eso, solo turistas y vendedores.",8,7
EN_021_12__ES_021_12,en-es,train,"We went there, we parked.","Fuimos allá, nos estacionamos.",5,4
EN_021_13__ES_021_13,en-es,train,"and the beach is really strange because it's like a... you see like the beach is not like a straight line, it was like a donut","Y la playa es muy rara porque es como que la playa no es como una línea recta, era como una dona.",26,22
EN_021_14__ES_021_14,en-es,train,It was really clean and there was no waves.,Estaba muy limpio y no había olas.,9,7
EN_021_15__ES_021_15,en-es,train,so you could like swim and stuff like that,Así que podías nadar y cosas así.,9,7
EN_021_16__ES_021_16,en-es,train,So my mom and sister don't like to like swim at the sea.,A mi mamá y a mi hermana no les gusta nadar en el mar.,13,14
EN_021_17__ES_021_17,en-es,train,"So we say, okay, we're going to be like here for like two hours.","Entonces decimos, ok, vamos a estar aquí como por dos horas.",14,11
EN_021_18__ES_021_18,en-es,train,We're gonna swim and then you're gonna leave,Vamos a nadar y luego te vas.,8,7
EN_021_19__ES_021_19,en-es,train,"So we are walking, walking, walking, walking","Entonces caminamos, caminamos, caminamos, caminamos.",7,5
EN_021_1__ES_021_1,en-es,train,"The story is on a vacation I took, uh, a couple years ago.",La historia es de unas vacaciones que tomé hace un par de años.,13,13
EN_021_20__ES_021_20,en-es,train,and at that point we were in the middle of the section.,Y en ese punto estábamos en medio de la sección.,12,10
EN_021_21__ES_021_21,en-es,train,when we enter the sea,Cuando entramos al mar,5,4
EN_021_22__ES_021_22,en-es,train,"the sellers that were there told us, hey, you should walk with your feet to the ground.","Los vendedores que estaban ahí nos dijeron, oye, deberías caminar con tus pies al suelo.",17,15
EN_021_23__ES_021_23,en-es,train,I think it's called rays,Creo que se llama rayos.,5,5
EN_021_24__ES_021_24,en-es,train,"Sting, oh stingrays.","Sting, ay mantarrayas.",3,3
EN_021_25__ES_021_25,en-es,train,"the one that killed the crocodile, teamer","El que mató al cocodrilo, el equipo.",7,7
EN_021_26__ES_021_26,en-es,train,so i see a big,Entonces veo un grande,5,4
EN_021_27__ES_021_27,en-es,train,dark uh dot in the sea,"oscuro, punto en el mar",6,5
EN_021_28__ES_021_28,en-es,train,"And I- I said to my dad, hey, let's go and see what's up.","Y le dije a mi papá, hey, vamos a ver qué pasa.",14,12
EN_021_29__ES_021_29,en-es,train,"Oh, God.","Oh, Dios.",2,2
EN_021_2__ES_021_2,en-es,train,"I went with my dad, my mom and my sister.","Fui con mi papá, mi mamá y mi hermana.",10,9
EN_021_30__ES_021_30,en-es,train,"So like, error B because at the first time, I don't know what was that.",Entonces error B porque la primera vez no sé qué fue eso.,15,12
EN_021_31__ES_021_31,en-es,train,"So my dad says, hey, I'm tired, let's go back... come back.","Entonces mi papá dice, hey, estoy cansado, vamos a regresar, vamos a regresar.",12,13
EN_021_32__ES_021_32,en-es,train,We didn't know that when we change directions and then come back,No sabíamos que cuando cambiamos direcciones y luego regresamos.,12,9
EN_021_33__ES_021_33,en-es,train,we were more into the deep side of the... of the sea.,Estuvimos más en el lado profundo del mar.,12,8
EN_021_34__ES_021_34,en-es,train,Less deep?,¿Menos profundo?,2,2
EN_021_35__ES_021_35,en-es,train,yeah the less deep part of the sea,"Sí, la parte menos profunda del mar.",8,7
EN_021_36__ES_021_36,en-es,train,"I was thinking to myself like, I'm getting tired, I'm getting tired.","Estaba pensando para mí como que me estoy cansando, me estoy cansando.",12,12
EN_021_37__ES_021_37,en-es,train,and I cannot stand.,Y no me puedo parar.,4,5
EN_021_38__ES_021_38,en-es,train,"So and, and I told my dad, like, hey, dad, I like...","Y le dije a mi papá, papá, le dije...",12,9
EN_021_39__ES_021_39,en-es,train,I'm I'm getting tired.,Me estoy cansando.,4,3
EN_021_3__ES_021_3,en-es,train,"My dad and my mom like to, like, do more tourist things.",A mi papá y a mi mamá les gusta hacer más cosas turísticas.,12,13
EN_021_40__ES_021_40,en-es,train,and he like looks me dead in the eye and like s- me too?,¿Y me mira a los ojos y me mira a mí también?,14,12
EN_021_41__ES_021_41,en-es,train,I stop,Me detengo.,2,2
EN_021_42__ES_021_42,en-es,train,and I feel how the sea is like moving me back to the open sea.,Y siento como el mar me está llevando de vuelta al mar abierto.,15,13
EN_021_43__ES_021_43,en-es,train,at that point I was like maybe I wasn't that tired but it was like I was a lot of stressful,En ese punto estaba como que a lo mejor no estaba tan cansado pero era como que estaba muy estresante.,21,20
EN_021_44__ES_021_44,en-es,train,And you're getting panicked?,¿Y te estás asustando?,4,4
EN_021_45__ES_021_45,en-es,train,"Yeah, I get panic.","Sí, me da pánico.",4,4
EN_021_46__ES_021_46,en-es,train,You were that far?,¿Estabas tan lejos?,4,3
EN_021_47__ES_021_47,en-es,train,"Yeah I, I, we, we didn't like know how long we were there.","Sí, no sabíamos cuánto tiempo estuvimos ahí.",13,7
EN_021_48__ES_021_48,en-es,train,maybe like a h- a couple hundred meters,A lo mejor como un par de cientos de metros.,8,10
EN_021_49__ES_021_49,en-es,train,a woman that was like with the water to his shoulders.,Una mujer que estaba con el agua en sus hombros.,11,10
EN_021_4__ES_021_4,en-es,train,"Like see the city and the buildings, stuff like that","Como ver la ciudad y los edificios, cosas así.",10,9
EN_021_50__ES_021_50,en-es,train,Like that woman isn't as tall as me.,Como que esa mujer no es tan alta como yo.,8,10
EN_021_51__ES_021_51,en-es,train,I can go there,Puedo ir ahí.,4,3
EN_021_52__ES_021_52,en-es,train,My shoulders are like killing,Mis hombros están matando.,5,4
EN_021_53__ES_021_53,en-es,train,My back is like burning from the sun.,Mi espalda está como quemándose por el sol.,8,8
EN_021_54__ES_021_54,en-es,train,"Like, I couldn't, I couldn't, and then...","Como que no podía, no podía, y luego...",7,8
EN_021_5__ES_021_5,en-es,train,We decided to rent a car and go to a city that is like an hour or two.,Decidimos rentar un carro e ir a una ciudad que es como una hora o dos.,18,16
EN_021_6__ES_021_6,en-es,train,"a guy there told us, oh you should go to a beach","Un tipo nos dijo, oh deberías ir a una playa.",12,10
EN_021_7__ES_021_7,en-es,train,"called Ballandra, it's like a 15 minute to, uh La Paz.","Llamada Ballandra, está como a 15 minutos de La Paz.",11,10
EN_021_8__ES_021_8,en-es,train,"So we say, okay, let's go to that beach first.","Entonces decimos, ok, vamos a esa playa primero.",10,8
EN_021_9__ES_021_9,en-es,train,"It's, it was really cool.","Sí, sí, sí, sí, sí, sí, sí, sí, sí, sí, sí, sí, sí, sí, sí, sí.",5,16
EN_022_10__ES_022_10,en-es,test,And I was like tired and tired and I was like...,Y estaba como cansado y cansado y estaba como...,11,9
EN_022_11__ES_022_11,en-es,test,"Uh, let's just end this, right?","Vamos a terminar con esto, ¿verdad?",6,6
EN_022_12__ES_022_12,en-es,test,by the end of the year.,Para el final del año.,6,5
EN_022_13__ES_022_13,en-es,test,"Yeah, no, we were in the middle of the year.","Sí, no, estábamos a mitad de año.",10,7
EN_022_14__ES_022_14,en-es,test,so then yeah it's all,"Entonces sí, es todo.",5,4
EN_022_15__ES_022_15,en-es,test,"So we break up and, I don't know, like, in three days we come back together, right?","Entonces terminamos y no sé, en tres días regresamos juntos, ¿verdad?",17,11
EN_022_16__ES_022_16,en-es,test,So this girl got mad,Entonces esta chica se enojó.,5,5
EN_022_17__ES_022_17,en-es,test,because I live.,Porque yo vivo.,3,3
EN_022_18__ES_022_18,en-es,test,"So yeah, yeah, like I go out.","Así que sí, sí, como que salgo.",7,7
EN_022_19__ES_022_19,en-es,test,"Uh, so he told me, hey, where are you?","Entonces me dijo, hey, ¿dónde estás?",9,6
EN_022_1__ES_022_1,en-es,test,"Actually, we fight a lot.","De hecho, peleamos mucho.",5,4
EN_022_20__ES_022_20,en-es,test,"And I said like, <unk> I went to the 15th anniversary of...",Y dije como que fui al 15 aniversario de...,12,9
EN_022_21__ES_022_21,en-es,test,"I don't know, I need to...","No sé, necesito...",6,3
EN_022_22__ES_022_22,en-es,test,"Huh, your girlfriend? Huh!",¿Tu novia?,4,2
EN_022_23__ES_022_23,en-es,test,Exact.,Exacto.,1,1
EN_022_24__ES_022_24,en-es,test,"So she told me like, we're done.",Entonces me dijo que ya terminamos.,7,6
EN_022_25__ES_022_25,en-es,test,"because, like, she got mad at me.",Porque se enojó conmigo.,7,4
EN_022_26__ES_022_26,en-es,test,"Okay, so we- we broke up.","Ok, entonces terminamos.",6,3
EN_022_27__ES_022_27,en-es,test,And now comes an important situation.,Y ahora viene una situación importante.,6,6
EN_022_28__ES_022_28,en-es,test,So it was the middle of the year.,Entonces era la mitad del año.,8,6
EN_022_29__ES_022_29,en-es,test,and there's going to be a school trip,Y va a haber un viaje a la escuela.,8,9
EN_022_2__ES_022_2,en-es,test,"and I went out to more quinceañeras, parties, things like that","Y salí a más quinceañeras, fiestas, cosas así.",11,8
EN_022_30__ES_022_30,en-es,test,"We are going to the side of Mexico, <unk>.","Nos vamos al lado de México,.",9,6
EN_022_31__ES_022_31,en-es,test,precisely to Guanajuato.,Exactamente a Guanajuato.,3,3
EN_022_32__ES_022_32,en-es,test,Oh cool.,Oh cool.,2,2
EN_022_33__ES_022_33,en-es,test,"And I told him, hey I haven't got to put my name on the list of the trip, can you come with me?","Y le dije, hey no tengo que poner mi nombre en la lista del viaje, ¿puedes venir conmigo?",23,18
EN_022_34__ES_022_34,en-es,test,"Oh, <unk>, yeah yeah.","Ah, sí, sí, sí.",4,4
EN_022_35__ES_022_35,en-es,test,So I see this girl and Enrique.,Entonces vi a esta chica y a Enrique.,7,8
EN_022_36__ES_022_36,en-es,test,"in a chair, like, she's sitting on her legs, and really intimate.","En una silla, como que está sentada en sus piernas, y muy íntima.",12,13
EN_022_37__ES_022_37,en-es,test,"Then, I say what I did with respectful act.",Entonces digo lo que hice con un acto respetuoso.,9,9
EN_022_38__ES_022_38,en-es,test,"Of course, I think a lot of more things in my head.","Por supuesto, pienso muchas más cosas en mi mente.",12,9
EN_022_39__ES_022_39,en-es,test,"Then these guys told me like, what are you gonna do? Something like...","Entonces me dijeron, ¿qué vas a hacer? Algo así como...",13,10
EN_022_3__ES_022_3,en-es,test,"Ah, yeah.","Ah, sí.",2,2
EN_022_40__ES_022_40,en-es,test,"No- no, I'm not gonna go out there and make a fuzz","No, no, no voy a salir ahí y hacer una pelusa.",12,11
EN_022_41__ES_022_41,en-es,test,so i did what i can think of,Hice lo que se me ocurrió.,8,6
EN_022_42__ES_022_42,en-es,test,Take a muffin. Take a napisha.,"Toma un panecillo, toma una napisha.",6,6
EN_022_43__ES_022_43,en-es,test,and send her to Enrique's girlfriend.,y enviarla a la novia de Enrique.,6,7
EN_022_44__ES_022_44,en-es,test,"When I- When I started working, uh, I was 16.",Cuando empecé a trabajar tenía 16 años.,10,7
EN_022_45__ES_022_45,en-es,test,and I had- I had a manager that I hated,Y tenía un manager que odiaba.,10,6
EN_022_46__ES_022_46,en-es,test,"He would always tell us, ah, you guys aren't doing this right, or he would scream at us.","Él siempre nos decía, ah, ustedes no están haciendo esto bien, o nos gritaba.",18,14
EN_022_47__ES_022_47,en-es,test,I started to work a lot harder.,Empecé a trabajar mucho más duro.,7,6
EN_022_48__ES_022_48,en-es,test,and he- he started to give me jobs that were a lot harder.,Y empezó a darme trabajos que eran más difíciles.,13,9
EN_022_49__ES_022_49,en-es,test,because I- I needed that job to buy myself a car.,Porque necesitaba ese trabajo para comprarme un carro.,11,8
EN_022_4__ES_022_4,en-es,test,I like to go on the roll.,Me gusta ir en el roll.,7,6
EN_022_50__ES_022_50,en-es,test,because my mom or my grandma wasn't gonna buy it for me.,Porque mi mamá o mi abuela no lo iban a comprar para mí.,12,13
EN_022_51__ES_022_51,en-es,test,So they- they promoted me.,Así que me ascendieron.,5,4
EN_022_52__ES_022_52,en-es,test,and they made me manager.,Y me hicieron gerente.,5,4
EN_022_53__ES_022_53,en-es,test,And they sent him to the gutter.,Y lo mandaron a la cuneta.,7,6
EN_022_54__ES_022_54,en-es,test,He worked out outside.,Se ejercitó afuera.,4,3
EN_022_55__ES_022_55,en-es,test,but they sent some inside to the kitchen.,Pero mandaron un poco adentro a la cocina.,8,8
EN_022_56__ES_022_56,en-es,test,So they- they took away his position [laughter].,Entonces le quitaron su posición [risa].,8,6
EN_022_57__ES_022_57,en-es,test,and they gave it to me,Y me lo dieron a mí.,6,6
EN_022_5__ES_022_5,en-es,test,She's all jealous.,Está celosa.,3,2
EN_022_6__ES_022_6,en-es,test,"Um yeah, like not that much because I told her, like, to come but she didn't like that.","Sí, no tanto porque le dije que viniera, pero no le gustó.",18,12
EN_022_7__ES_022_7,en-es,test,"Okay, so let's introduce some secondary characters.","Ok, entonces vamos a presentar algunos caracteres secundarios.",7,8
EN_022_8__ES_022_8,en-es,test,I had a best friend that was called Enrique.,Yo tenía un mejor amigo que se llamaba Enrique.,9,9
EN_022_9__ES_022_9,en-es,test,but we call it Kike.,Pero lo llamamos Kike.,5,4
EN_023_10__ES_023_10,en-es,train,"on sleep, eating, exercise.","En dormir, comer, hacer ejercicio.",4,5
EN_023_11__ES_023_11,en-es,train,"Last night I didn't really get to sleep, but only because I went to the movies.","Anoche no pude dormir, pero solo porque fui al cine.",16,10
EN_023_12__ES_023_12,en-es,train,"I always think that I could rest a little more, but...","Siempre pienso que puedo descansar un poco más, pero...",11,9
EN_023_13__ES_023_13,en-es,train,I would take my naps.,Me tomaría mis siestas.,5,4
EN_023_14__ES_023_14,en-es,train,"I think that when I started school, I didn't think about those things.",Creo que cuando empecé a la escuela no pensaba en esas cosas.,13,12
EN_023_15__ES_023_15,en-es,train,"I would just eat whatever I wanted, sleep whenever I wanted.","Comeba lo que quería, dormía cuando quería.",11,7
EN_023_16__ES_023_16,en-es,train,More like good.,Más bien.,3,2
EN_023_17__ES_023_17,en-es,train,"exercise, well not exercise but","Ejercicio, no ejercicio, pero",5,4
EN_023_18__ES_023_18,en-es,train,"walking on campus, but.","Caminando en el campus, pero...",4,5
EN_023_19__ES_023_19,en-es,train,I wouldn't say that's enough.,Yo diría que no es suficiente.,5,6
EN_023_1__ES_023_1,en-es,train,"Uhh, yeah, let me think.","Ah, sí, déjame pensar.",5,4
EN_023_20__ES_023_20,en-es,train,"Well, that would be the first one.","Bueno, esa sería la primera.",7,5
EN_023_21__ES_023_21,en-es,train,"You have to plan what you're going to do today, the week.","Tienes que planear lo que vas a hacer hoy, la semana.",12,11
EN_023_22__ES_023_22,en-es,train,the month and the year.,El mes y el año.,5,5
EN_023_24__ES_023_24,en-es,train,"And then when I started my, uh, how do you say it?","Y luego cuando empecé mi, uh, ¿cómo lo dices?",12,9
EN_023_25__ES_023_25,en-es,train,doctors?,¿Doctores?,1,1
EN_023_26__ES_023_26,en-es,train,"Doctorates program, yeah.","Programa de doctorados, sí.",3,4
EN_023_27__ES_023_27,en-es,train,you don't have someone to tell you what you have to do exactly.,No tienes a nadie que te diga qué tienes que hacer exactamente.,13,12
EN_023_28__ES_023_28,en-es,train,So then the time that you're working...,Entonces el tiempo que estás trabajando...,7,6
EN_023_29__ES_023_29,en-es,train,"what you're working on and when you do it, that you have to design yourself.","En lo que estás trabajando y cuando lo haces, tienes que diseñarte a ti mismo.",15,15
EN_023_2__ES_023_2,en-es,train,You have to sleep enough.,Tienes que dormir lo suficiente.,5,5
EN_023_30__ES_023_30,en-es,train,And if you don't have like a way of thinking about what you're gonna do and when you're gonna do it,Y si no tienes una manera de pensar en lo que vas a hacer y cuándo lo vas a hacer.,21,20
EN_023_31__ES_023_31,en-es,train,then you're not going to do well.,Entonces no vas a hacer bien.,7,6
EN_023_32__ES_023_32,en-es,train,"Be your own boss, that's true.","Sé tu propio jefe, es verdad.",6,6
EN_023_33__ES_023_33,en-es,train,So before it was just: do this by this date. Aha,"Antes de que fuera así, haz esto para esta fecha. Ajá.",11,11
EN_023_34__ES_023_34,en-es,train,Doctor in,Doctor.,2,1
EN_023_35__ES_023_35,en-es,train,"And then we're going to give you a 90, 80, a 100, whatever.","Y luego te vamos a dar 90, 80, 100, lo que sea.",13,12
EN_023_36__ES_023_36,en-es,train,They actually don't give you any grades or anything.,De hecho no te dan calificaciones ni nada.,9,8
EN_023_37__ES_023_37,en-es,train,"At the beginning you do have to take classes, so","Al principio tienes que tomar clases, así que...",10,8
EN_023_38__ES_023_38,en-es,train,"It's the same, it's just a little more difficult.","Es lo mismo, es un poco más difícil.",9,8
EN_023_39__ES_023_39,en-es,train,"but some of the classes are more for people who are doing their masters, their doctorates","Pero algunas de las clases son más para personas que están haciendo sus maestrías, sus doctorados.",16,16
EN_023_3__ES_023_3,en-es,train,Eat well.,Comer bien.,2,2
EN_023_40__ES_023_40,en-es,train,"Uh, they're the same, but they're just a little more difficult.","Son iguales, pero son un poco más difíciles.",11,8
EN_023_41__ES_023_41,en-es,train,It depends who you get it with.,Depende de con quién lo consigas.,7,6
EN_023_42__ES_023_42,en-es,train,"Yeah, I can imagine. Oh, you know, I'm scared.","Sí, me imagino. Oh, ya sabes, tengo miedo.",9,8
EN_023_43__ES_023_43,en-es,train,Do you want me to say one? What do you think?,¿Quieres que te diga una? ¿Qué te parece?,11,8
EN_023_44__ES_023_44,en-es,train,Yeah.,Sí.,1,1
EN_023_45__ES_023_45,en-es,train,"The first one that I was going to say was the same, uhm, to take care of your health",La primera que iba a decir era la misma que cuidar de tu salud.,19,14
EN_023_46__ES_023_46,en-es,train,And... I don't know why people just don't ask things.,Y no sé por qué la gente no pregunta cosas.,10,10
EN_023_47__ES_023_47,en-es,train,Maybe they get scared? Yeah.,¿Tal vez se asustan? Sí.,5,5
EN_023_48__ES_023_48,en-es,train,or embarrassment.,o vergüenza.,2,2
EN_023_49__ES_023_49,en-es,train,They're gonna think that maybe you're gonna give them worse grades if they're asking things.,Van a pensar que a lo mejor les vas a dar peores calificaciones si están preguntando cosas.,15,17
EN_023_4__ES_023_4,en-es,train,do exercise.,Haz ejercicio.,2,2
EN_023_50__ES_023_50,en-es,train,"Well, I've already worked as a TA.","Bueno, ya he trabajado como TA.",7,6
EN_023_51__ES_023_51,en-es,train,"for like... five, six semesters, something like that.","Como cinco semestres, seis semestres, algo así.",8,7
EN_023_5__ES_023_5,en-es,train,I don't know if those count like the three?,No sé si esos cuentan como los tres.,9,8
EN_023_6__ES_023_6,en-es,train,That would be...,Eso sería...,3,2
EN_023_7__ES_023_7,en-es,train,"the most important thing I've learned, I think.","Lo más importante que he aprendido, creo.",8,7
EN_023_8__ES_023_8,en-es,train,to take care of your health.,para cuidar de tu salud.,6,5
EN_023_9__ES_023_9,en-es,train,Would you say that you're doing well?,¿Dirías que estás haciendo bien?,7,5
EN_024_10__ES_024_10,en-es,test,"Yeah, definitely, yeah.","Sí, definitivamente, sí.",3,3
EN_024_11__ES_024_11,en-es,train,so I think of that and I think they do a good job,Entonces pienso en eso y creo que hacen un buen trabajo.,13,11
EN_024_12__ES_024_12,en-es,train,"I mean, I haven't need them for anything really serious.","O sea, no los he necesitado para nada serio.",10,9
EN_024_13__ES_024_13,en-es,test,That's like exactly like what happened to me.,Es exactamente como lo que me pasó a mí.,8,9
EN_024_14__ES_024_14,en-es,test,"So like, I feel like I have to worry now ever since that.",Siento que me tengo que preocupar desde entonces.,13,8
EN_024_15__ES_024_15,en-es,test,But uh this happened when I was uh- when I was 16.,Pero esto pasó cuando tenía 16 años.,12,7
EN_024_16__ES_024_16,en-es,test,"Me and my friend, uh, his name is Isaac.","Yo y mi amigo, uh, su nombre es Isaac.",9,9
EN_024_17__ES_024_17,en-es,test,Isaac was 17.,Isaac tenía 17 años.,3,4
EN_024_18__ES_024_18,en-es,test,It was a party in sort of like a- a sketchy neighborhood.,Era una fiesta en una especie de... un barrio bosquido.,12,10
EN_024_19__ES_024_19,en-es,test,<unk> You know like the projects are like the government housing,¿Sabes que los proyectos son como la vivienda del gobierno?,11,10
EN_024_1__ES_024_1,en-es,test,"So uh yesterday you were telling me about like a weird like experience you had with the cops in Mexico, right?","Ayer me hablabas de una experiencia rara con los polis de México, ¿verdad?",21,13
EN_024_20__ES_024_20,en-es,train,"Ah yeah- yeah, I- I know what they are, I don't know where they are.","Ah, sí, sí, sí, sí sé lo que son, no sé dónde están.",15,13
EN_024_21__ES_024_21,en-es,test,"So it was like- it was like a sketchy, like, neighborhood.",Entonces era como un barrio boscoso.,11,6
EN_024_22__ES_024_22,en-es,train,Cannot downtown or?,¿No puedes en el centro?,3,5
EN_024_23__ES_024_23,en-es,test,"No, it was actually, there's- there's some in uhm El Paso.","No, de hecho es que hay algunas en El Paso.",11,10
EN_024_24__ES_024_24,en-es,test,I mean not in El Paso on the west side,"O sea, no en El Paso en el West Side.",10,10
EN_024_25__ES_024_25,en-es,train,"Okay, I- I don't know where they are, but yeah.","Ok, no sé dónde están, pero sí.",10,7
EN_024_26__ES_024_26,en-es,test,"So it was kind of like in a- a sketchy neighborhood, right?","Entonces estaba como en un barrio muy bochornoso, ¿verdad?",12,9
EN_024_27__ES_024_27,en-es,test,We're just doing our thing.,Solo estamos haciendo lo nuestro.,5,5
EN_024_28__ES_024_28,en-es,test,"I was 16, we were partying, you know.","Tenía 16 años, estábamos de fiesta, ¿sabes?",8,7
EN_024_29__ES_024_29,en-es,test,"You know, because of the- the area, there was also some crazy people there, not even going to lie.","¿Sabes? A causa de la- de la zona, también había gente loca ahí, que ni siquiera iba a mentir.",19,19
EN_024_2__ES_024_2,en-es,test,"It just reminded me of a bad experience I've had with the cops, but like here in the US.","Me hizo recordar una mala experiencia que he tenido con la policía, pero aquí en Estados Unidos.",19,17
EN_024_30__ES_024_30,en-es,test,"There was like people doing like coke and stuff. I was like, whoa.","Había gente haciendo coca y cosas así. Yo estaba como, wow.",13,11
EN_024_31__ES_024_31,en-es,test,"Like, they were telling me, and I was like, no, I don't want to do coke.","Como que me estaban diciendo, y yo estaba como que no, no quiero tomar coca.",16,15
EN_024_32__ES_024_32,en-es,train,you were in the house- in the house or?,¿Estabas en la casa? ¿En la casa?,9,7
EN_024_33__ES_024_33,en-es,test,"Oh, it was a backyard party. It was a backyard party. Yeah. Uh-huh.","Oh, era una fiesta en el patio trasero. Era una fiesta en el patio trasero. Sí. Ajá.",13,17
EN_024_34__ES_024_34,en-es,test,But like out of like everyone in- in the crowd.,Pero todo el mundo en el gentío.,10,7
EN_024_35__ES_024_35,en-es,test,"Like, they picked out, like, me and my friend.",Escogían a mi amiga y a mí.,9,7
EN_024_36__ES_024_36,en-es,train,Probably because you were like the underage kid.,Probablemente porque eras como el niño menor de edad.,8,9
EN_024_37__ES_024_37,en-es,test,"Everyone there was pretty much around the same age, you know","Todo el mundo tenía casi la misma edad, ¿sabes?",11,9
EN_024_38__ES_024_38,en-es,train,"Ah, okay, okay.","Ah, ok, ok.",3,3
EN_024_39__ES_024_39,en-es,test,They... they put us in like handcuffs.,Nos pusieron como esposas.,7,4
EN_024_3__ES_024_3,en-es,test,"And uh, well let me ask you first.",Y bueno déjame preguntarte primero.,8,5
EN_024_40__ES_024_40,en-es,test,"They're like, get on the ground, like, get on the ground, like, right now. Like, they had us, like, on the ground.","Están como en el suelo, como en el suelo, como en el suelo, como en este momento, como que nos tenían en el suelo.",22,24
EN_024_41__ES_024_41,en-es,test,And then they called like- like 15 other more cops.,Y luego llamaron como a 15 polis más.,10,8
EN_024_42__ES_024_42,en-es,train,for like ten teenagers.,Para como diez adolescentes.,4,4
EN_024_43__ES_024_43,en-es,test,"Not even because, like, everyone- everyone was leaving, right?","Ni siquiera porque todos se iban, ¿verdad?",9,7
EN_024_44__ES_024_44,en-es,test,"And I was like, yo, what the heck? Like, what's happening, you know, like?","Y yo dije, ¿qué diablos? ¿Qué está pasando?",14,8
EN_024_45__ES_024_45,en-es,test,like they were so rude to me you know what they would say they were like shut up,"Como si fueran tan groseros conmigo, ¿sabes cómo dirían que se callan?",18,12
EN_024_46__ES_024_46,en-es,train,"Um, but did they call their parents, right? Because you were underage.","Pero sí llamaron a sus padres, ¿verdad? Porque eras menor de edad.",12,12
EN_024_47__ES_024_47,en-es,test,After like a couple hours.,Después de un par de horas.,5,6
EN_024_48__ES_024_48,en-es,train,"Ok, ok- ok in the back there, in the house.","Ok, ok, ok allá atrás, en la casa.",10,8
EN_024_4__ES_024_4,en-es,test,"What do you think about, like, cops here in the U.S.?",¿Qué opinas de los polis aquí en Estados Unidos?,11,9
EN_024_5__ES_024_5,en-es,train,"I mean, I have like two opinions.","O sea, tengo como dos opiniones.",7,6
EN_024_6__ES_024_6,en-es,train,because I've seen the news a lot.,Porque he visto las noticias mucho.,7,6
EN_024_7__ES_024_7,en-es,train,If I have nothing to fear or I haven't done anything wrong,Si no tengo nada que temer o no he hecho nada malo,12,12
EN_024_8__ES_024_8,en-es,train,I have nothing like to do.,No tengo nada que hacer.,6,5
EN_024_9__ES_024_9,en-es,train,like I had nothing to be nervous about.,Como que no tenía por qué estar nervioso.,8,8
EN_025_10__ES_025_10,en-es,train,So a lot of the music that I had originally picked,Así que mucha de la música que había escogido originalmente.,11,10
EN_025_11__ES_025_11,en-es,train,Turns out that has sad lyrics.,Resulta que tiene letra triste.,6,5
EN_025_12__ES_025_12,en-es,train,like about heartbreak or feeling sad or something like that so,"Como el corazón roto, el sentir triste o algo así, así que...",11,12
EN_025_13__ES_025_13,en-es,train,I had to pick something that I like.,Tuve que escoger algo que me gusta.,8,7
EN_025_14__ES_025_14,en-es,train,that the people liked and that was also appropriate for wedding.,que a la gente le gustaba y que también era apropiado para la boda.,11,14
EN_025_15__ES_025_15,en-es,train,and wasn't about <unk> a heartbreak or something like that.,Y no se trataba de un corazón roto o algo así.,10,11
EN_025_16__ES_025_16,en-es,train,Heartbreak.,Corazones rotos.,1,2
EN_025_17__ES_025_17,en-es,train,"Yeah, so I ended up picking five songs.","Sí, terminé recogiendo cinco canciones.",8,5
EN_025_18__ES_025_18,en-es,train,Each one is supposed to be of a different genre.,Cada una se supone que es de un género diferente.,10,10
EN_025_19__ES_025_19,en-es,train,just to have some variety.,Solo para tener variedad.,5,4
EN_025_1__ES_025_1,en-es,train,"So... overall, what- what music do you prefer to listen to?","Entonces en general, ¿qué música prefieres escuchar?",11,7
EN_025_20__ES_025_20,en-es,train,"Yeah, yeah, it eventually gets like","Sí, sí, eventualmente se pone como",6,6
EN_025_21__ES_025_21,en-es,train,It's pretty groovy [laughter].,Está muy groovy [risa].,4,4
EN_025_22__ES_025_22,en-es,train,"It- it changes, but yeah.","Cambia, pero sí.",5,3
EN_025_23__ES_025_23,en-es,train,"That's good, I like it.","Está bien, me gusta.",5,4
EN_025_24__ES_025_24,en-es,train,"It comes out in the movie, uhm.",Sale en la película.,7,4
EN_025_25__ES_025_25,en-es,train,"Probably from the 90s or 80s, huh?","Probablemente de los años 90 u 80, ¿eh?",7,8
EN_025_26__ES_025_26,en-es,train,They're like making artificial intelligence and... it's being put into this woman.,Están haciendo inteligencia artificial y se está poniendo en esta mujer.,12,11
EN_025_27__ES_025_27,en-es,train,"No, something like that, but it's...","No, algo así, pero es...",6,5
EN_025_28__ES_025_28,en-es,train,in that genre.,En ese género.,3,3
EN_025_29__ES_025_29,en-es,train,"I don't know what that movie's called, but yeah they put artificial intelligence into this woman and","No sé cómo se llama esa película, pero sí pusieron inteligencia artificial en esta mujer y...",17,16
EN_025_2__ES_025_2,en-es,train,"yeah, so i was gonna have a hard time like describing the type of music that i listen to","Sí, entonces iba a tener problemas para describir el tipo de música que escucho.",19,14
EN_025_30__ES_025_30,en-es,train,this guy gets invited over to start studying this and then it turns out that the woman,Este tipo es invitado para empezar a estudiar y luego resulta que la mujer,17,14
EN_025_31__ES_025_31,en-es,train,There's a scene where the guy who made the AI,Hay una escena donde el tipo que hizo la IA,10,10
EN_025_32__ES_025_32,en-es,train,is like dancing and he's dancing with all the,Es como bailar y está bailando con todas las...,9,9
EN_025_33__ES_025_33,en-es,train,"like, <unk> he's dancing with two women who are also... yes",Está bailando con dos mujeres que también son...,11,8
EN_025_34__ES_025_34,en-es,train,Robots?,¿Robots?,1,1
EN_025_35__ES_025_35,en-es,train,and then this song comes out and then they're dancing and it's like a bit creepy because they're,Y luego esta canción sale y luego están bailando y es un poco espeluznante porque son,18,16
EN_025_36__ES_025_36,en-es,train,robots.,Robots.,1,1
EN_025_37__ES_025_37,en-es,train,So that was the first one.,Entonces esa fue la primera.,6,5
EN_025_38__ES_025_38,en-es,train,I wanted to get something funky.,Quería tener algo funky.,6,4
EN_025_39__ES_025_39,en-es,train,I like funky.,Me gusta funky.,3,3
EN_025_3__ES_025_3,en-es,train,"So, I have this playlist that I made.",Tengo una lista de reproducción que hice.,8,7
EN_025_40__ES_025_40,en-es,train,"Yeah, it needs to be like up- upbeat, yes.","Sí, tiene que estar up-up-up-up-up-up-up-up-up-up-up-up-up-up-up-up-up-up-up-up-up-up-up-up-up-up-up-up-up-up-up-up-up-up-up-up-up-up-up-up-up-up-up-up-up-up-up-up-up-up-up-up-up-up-up-up-up-up-up-up-up-up-up-up-up-up-up-up-up-up-up-up-up-up-up-up-up-up-up-up-up-up-up-up-up-up-up-up-up-up-up-up-up-up-up-up-up-up-up-up-up.",9,5
EN_025_41__ES_025_41,en-es,train,Upbeat.,Upbeat.,1,1
EN_025_42__ES_025_42,en-es,train,"Eventually I did get like, oh like let's pick something slower, but","Eventualmente me puse como, oh, vamos a escoger algo más lento, pero",12,12
EN_025_43__ES_025_43,en-es,train,"Second, I picked this French pop song.","Segundo, escogí esta canción pop francesa.",7,6
EN_025_44__ES_025_44,en-es,train,It turns out that a lot of the music that I get recommended or end up liking on Spotify is French pop.,Resulta que mucha de la música que me recomiendan o que me gusta en Spotify es pop francés.,22,18
EN_025_45__ES_025_45,en-es,train,"So this is hard to pronounce, but it's like","Entonces esto es difícil de pronunciar, pero es como...",9,9
EN_025_46__ES_025_46,en-es,train,"Sounds like Beach House, kind of.","Suena como Beach House, más o menos.",6,7
EN_025_47__ES_025_47,en-es,train,yeah so that's like <unk> i don't know... it's not high bpm or it's not super up lifting,"Sí, eso es como que no sé, no es muy alto lpm o no es súper up lifting.",18,18
EN_025_48__ES_025_48,en-es,train,"but also... something that I like, maybe they could just play in the background. I imagine that","Pero también algo que a mí me gusta, a lo mejor pueden tocar en el fondo. Me imagino que",17,19
EN_025_49__ES_025_49,en-es,train,They're going to be playing a lot of this. And people,Van a estar tocando mucho de esto y la gente,11,10
EN_025_4__ES_025_4,en-es,train,for a wedding that I'm going to.,para una boda que voy a hacer.,7,7
EN_025_50__ES_025_50,en-es,train,won't be paying attention because it's winning.,No prestará atención porque está ganando.,7,6
EN_025_51__ES_025_51,en-es,train,beach house... like house music?,Casa de playa como música de casa.,5,7
EN_025_52__ES_025_52,en-es,train,"No, like the... I don't know if you would call it a band, it's like two people.","No, no sé si lo llamarías banda, son como dos personas.",17,11
EN_025_53__ES_025_53,en-es,train,It does sound like that actually. Hmm.,De hecho suena así.,7,4
EN_025_54__ES_025_54,en-es,train,But that's an artist or a genre?,Pero eso es un artista o un género.,7,8
EN_025_55__ES_025_55,en-es,train,"Yeah, and this is an artist.","Sí, y este es un artista.",6,6
EN_025_56__ES_025_56,en-es,train,called Beat House.,llamado Beat House.,3,3
EN_025_57__ES_025_57,en-es,train,beach house. That's pretty good music.,La casa de la playa es música muy buena.,6,9
EN_025_58__ES_025_58,en-es,train,You're not gonna like them.,No te van a gustar.,5,5
EN_025_59__ES_025_59,en-es,train,"Because house is a genre, so I imagined...","Porque House es un género, entonces imaginé que...",8,8
EN_025_5__ES_025_5,en-es,train,In the invitation <unk> like this invite and then it was like,En la invitación como esta invitación y luego fue como,12,10
EN_025_60__ES_025_60,en-es,train,"beach house, a subgenre","Casa de playa, un subgénero.",4,5
EN_025_6__ES_025_6,en-es,train,tell me some music recommendations.,Dime algunas recomendaciones de música.,5,5
EN_025_7__ES_025_7,en-es,train,"So I have to pick music that I like, but also that people...","Así que tengo que escoger música que me gusta, pero también que la gente...",13,14
EN_025_8__ES_025_8,en-es,train,the wedding would like and it wouldn't be like too... strange,A la boda le gustaría y no sería muy extraño.,11,10
EN_025_9__ES_025_9,en-es,train,would like.,Me gustaría.,2,2
EN_026_10__ES_026_10,en-es,train,"More so with fast food places, because it has uhm- uhm","Más bien con lugares de comida rápida, porque tiene...",11,9
EN_026_11__ES_026_11,en-es,train,"I don't know how- how we say it. Stigma, maybe?","No sé cómo lo decimos. Estigma, a lo mejor.",10,9
EN_026_12__ES_026_12,en-es,train,if you're working in that type of job. Yes.,"Si estás trabajando en ese tipo de trabajo, sí.",9,9
EN_026_13__ES_026_13,en-es,train,That it means something. That's not true.,"Que significa algo, no es cierto.",7,6
EN_026_14__ES_026_14,en-es,train,"Yeah, it's like you're only good at doing that and...","Sí, es como que nomás eres bueno haciendo eso y...",10,10
EN_026_15__ES_026_15,en-es,train,"if something comes out wrong with the food or the receipt, I don't know, whatever, then.","Si algo sale mal con la comida o el recibo, no sé, lo que sea.",16,15
EN_026_16__ES_026_16,en-es,train,They get way too angry.,Se enojan demasiado.,5,3
EN_026_17__ES_026_17,en-es,train,"Well, from what I can imagine, because that really hasn't happened to me much.","Bueno, por lo que imagino, porque eso no me ha pasado mucho.",14,12
EN_026_18__ES_026_18,en-es,train,"Or if it has happened to me, I defend","O si me ha pasado a mí, me defiendo.",9,9
EN_026_19__ES_026_19,en-es,train,I show them that I am not less.,Les muestro que no soy menos.,8,6
EN_026_1__ES_026_1,en-es,train,"To start, one of the things that bothers me more than anything","Para empezar, una de las cosas que me molesta más que nada.",12,12
EN_026_20__ES_026_20,en-es,train,"But when people treat other people that way, it makes me feel over here like <unk>","Pero cuando la gente trata a otras personas de esa manera, me hace sentir aquí como que...",16,17
EN_026_21__ES_026_21,en-es,train,Has there been times when you see someone else being treated badly?,¿Ha habido momentos en que ves a alguien siendo tratado mal?,12,11
EN_026_22__ES_026_22,en-es,train,"But I remember that the waitress was really quiet, you know, really little.","Pero recuerdo que la mesera estaba muy calladita, ¿sabes? Muy chiquita.",13,11
EN_026_23__ES_026_23,en-es,train,"She was small, skinny, and really delicate.","Era pequeña, flaquita y muy delicada.",7,6
EN_026_24__ES_026_24,en-es,train,He's not my friend. He's my friend's friend.,"No es mi amigo, es el amigo de mi amigo.",8,10
EN_026_25__ES_026_25,en-es,train,"Yeah, yeah, bring me water, please. Yeah, yeah, I want this to eat.","Sí, sí, tráeme agua, por favor. Sí, sí, quiero esto para comer.",13,12
EN_026_26__ES_026_26,en-es,train,"Well, right now because of a lot of jobs, they depend on the tips.","Bueno, ahorita por muchos trabajos dependen de los tips.",14,9
EN_026_27__ES_026_27,en-es,train,Unless they have like really really bad service.,A menos que tengan muy muy mal servicio.,8,8
EN_026_28__ES_026_28,en-es,train,Maybe it affects the tip?,A lo mejor afecta la punta.,5,6
EN_026_29__ES_026_29,en-es,train,"And yeah, it's like I don't really take it personally if the food doesn't come out good.","Y sí, es como que no me lo tomo personal si la comida no sale bien.",17,16
EN_026_2__ES_026_2,en-es,train,People that... treat you like if you're less than them.,Gente que te trata como si eres menos que ellos.,10,10
EN_026_30__ES_026_30,en-es,train,They're never gonna come back because the food is really bad and whatever.,Nunca van a regresar porque la comida está muy mal y lo que sea.,13,14
EN_026_31__ES_026_31,en-es,train,Maybe it's because I don't like to...,A lo mejor es porque no me gusta...,7,8
EN_026_32__ES_026_32,en-es,train,confront?,¿Enfrentar?,1,1
EN_026_33__ES_026_33,en-es,train,confront the people.,confrontar a la gente.,3,4
EN_026_34__ES_026_34,en-es,train,"Almost always when the food doesn't come out good, well, the next time, I don't","Casi siempre cuando la comida no sale bien, bueno, la próxima vez no.",15,13
EN_026_35__ES_026_35,en-es,train,You just order something else?,¿Ordenas algo más?,5,3
EN_026_36__ES_026_36,en-es,train,"I order something else, but if it's like really really bad then","Pido otra cosa, pero si está muy mal entonces",12,9
EN_026_37__ES_026_37,en-es,train,I'd consider n- not going to this place again.,Consideraría no ir a este lugar otra vez.,9,8
EN_026_38__ES_026_38,en-es,train,I imagine that people think like,Me imagino que la gente piensa como,6,7
EN_026_39__ES_026_39,en-es,train,because they have so many employees that,porque tienen tantos empleados que,7,5
EN_026_3__ES_026_3,en-es,train,"For example, the people that are in a position much higher than you.","Por ejemplo, la gente que está en una posición mucho más alta que tú.",13,14
EN_026_40__ES_026_40,en-es,train,Any person can do that type of job.,Cualquier persona puede hacer ese tipo de trabajo.,8,8
EN_026_41__ES_026_41,en-es,train,"then it's like... they're replaceable, and",Entonces es como que son reemplazables y...,6,7
EN_026_42__ES_026_42,en-es,train,the people there don't have that much importance.,La gente de ahí no tiene tanta importancia.,8,8
EN_026_43__ES_026_43,en-es,train,Mhm. I think that's a very bad mentality.,"Mhm, creo que es una mentalidad muy mala.",8,8
EN_026_44__ES_026_44,en-es,train,"But some jobs, yes, some other jobs, no.","Pero algunos trabajos, sí, otros trabajos, no.",8,7
EN_026_45__ES_026_45,en-es,train,I imagine you have to know which type of jobs you have to give tips or which other ones you don't.,Me imagino que tienes que saber qué tipo de trabajos tienes que dar tips o cuáles no.,21,17
EN_026_46__ES_026_46,en-es,train,"Oh, I've also noticed that people, when somebody doesn't speak a language...","Oh, también he notado que la gente, cuando alguien no habla un idioma...",12,13
EN_026_47__ES_026_47,en-es,train,people don't speak to the person who doesn't speak the language?,¿La gente no habla a la persona que no habla el idioma?,11,12
EN_026_48__ES_026_48,en-es,train,they're only talking to the person who's translating.,Nomás están hablando con la persona que está traduciendo.,8,9
EN_026_4__ES_026_4,en-es,train,And they treat you like a minor.,Y te tratan como a un menor.,7,7
EN_026_5__ES_026_5,en-es,train,"Not just like age-wise, also position-wise.","No solo edad, también posición.",6,5
EN_026_6__ES_026_6,en-es,train,Something that is... common?,Algo que es común.,4,4
EN_026_7__ES_026_7,en-es,train,"is like when you go to a place that serves, like, fast food.",Es como cuando vas a un lugar que sirve comida rápida.,13,11
EN_026_8__ES_026_8,en-es,train,There's a lot of people that treat the people serving you the food or making the food.,Hay mucha gente que trata a la gente que te sirve la comida o que te hace la comida.,17,19
EN_026_9__ES_026_9,en-es,train,"Well, they're there to serve you the food, to make you the food, and nothing else.","Bueno, están ahí para servirte la comida, para hacerte la comida y nada más.",16,14
EN_027_10__ES_027_10,en-es,test,"Yeah, if I could, I would","Sí, si pudiera, lo haría.",6,5
EN_027_11__ES_027_11,en-es,test,try to live in different places for longer periods of time.,Tratar de vivir en lugares diferentes por periodos más largos de tiempo.,11,12
EN_027_12__ES_027_12,en-es,test,"So it wouldn't just be visiting, it would be...","Entonces no sería solo una visita, sería...",9,7
EN_027_13__ES_027_13,en-es,test,moving one place.,Mover un lugar.,3,3
EN_027_14__ES_027_14,en-es,test,staying there for a couple years.,Quédate ahí por un par de años.,6,7
EN_027_15__ES_027_15,en-es,test,moving to a different place and so on.,mudarse a un lugar diferente y así sucesivamente,8,8
EN_027_16__ES_027_16,en-es,test,That seems really difficult.,Parece muy difícil.,4,3
EN_027_17__ES_027_17,en-es,test,"This is a bucket list, so.","Esta es una lista de deseos, entonces.",6,7
EN_027_18__ES_027_18,en-es,test,I'll add difficult things.,Voy a añadir cosas difíciles.,4,5
EN_027_19__ES_027_19,en-es,test,I feel like that could be a bucket list item.,Siento como que eso podría ser un artículo de la lista de deseos.,10,13
EN_027_1__ES_027_1,en-es,train,Bucket list? What's yours?,¿Lista de cubos? ¿Cuál es la tuya?,4,7
EN_027_20__ES_027_20,en-es,train,They didn't respond to me.,No me respondieron.,5,3
EN_027_21__ES_027_21,en-es,test,"Yeah, you would have a tiny house...","Sí, tendrías una casa diminuta.",7,5
EN_027_22__ES_027_22,en-es,train,"Although Arby's don't seem that luxurious, but...","Aunque Arby's no se ven tan lujosos, pero...",7,8
EN_027_23__ES_027_23,en-es,train,"I mean, it's a bucket list.",Es una lista de deseos.,6,5
EN_027_24__ES_027_24,en-es,test,Do you have any specific places where you would want to go?,¿Tienes lugares específicos a los que te gustaría ir?,12,9
EN_027_25__ES_027_25,en-es,train,"Philanthropy wouldn't be the right word, but...","Filantropía no sería la palabra correcta, pero...",7,7
EN_027_26__ES_027_26,en-es,test,for charity type of work.,para el tipo de trabajo de caridad.,5,7
EN_027_27__ES_027_27,en-es,train,Yeah.,Sí.,1,1
EN_027_28__ES_027_28,en-es,train,So um.,Entonces...,2,1
EN_027_29__ES_027_29,en-es,test,Hmm. Is being a philanthropist like part of your bucket list?,¿Ser filántropo es parte de tu lista de deseos?,11,9
EN_027_2__ES_027_2,en-es,test,Right...,Bien.,1,1
EN_027_30__ES_027_30,en-es,test,I don't know what the definition of a philanthropist is.,No sé cuál es la definición de filántropo.,10,8
EN_027_31__ES_027_31,en-es,test,but it's like dedicating your life to... helping others.,Pero es como dedicar tu vida a ayudar a los demás.,9,11
EN_027_32__ES_027_32,en-es,test,"So that could be... money, it could be time.","Entonces eso podría ser... dinero, podría ser tiempo.",9,8
EN_027_33__ES_027_33,en-es,test,"be well off, not rich.","Estar bien, no rico.",5,4
EN_027_34__ES_027_34,en-es,test,but then also just dedicate a lot of your time.,Pero también dedica mucho de tu tiempo.,10,7
EN_027_35__ES_027_35,en-es,test,"Yeah, there's things that you're good at.","Sí, hay cosas en las que eres bueno.",7,8
EN_027_36__ES_027_36,en-es,test,things that you want to do.,cosas que quieres hacer,6,4
EN_027_37__ES_027_37,en-es,test,and they're not always the same.,Y no siempre son iguales.,6,5
EN_027_3__ES_027_3,en-es,test,I think a lot of people have on their bucket list: travel.,Creo que mucha gente tiene en su lista de deseos viajes.,12,11
EN_027_4__ES_027_4,en-es,test,"Seems obvious, um.",Parece obvio.,3,2
EN_027_5__ES_027_5,en-es,test,"So, traveling outside of the US.","Entonces, viajar fuera de los Estados Unidos.",6,7
EN_027_6__ES_027_6,en-es,test,Seems like it could be fun.,Parece que podría ser divertido.,6,5
EN_027_7__ES_027_7,en-es,test,I wouldn't say that's too much of a bucket list item.,Yo diría que eso no es más que un artículo de la lista de deseos.,11,15
EN_027_8__ES_027_8,en-es,test,because for a lot of people that's obtainable.,Porque para mucha gente es obtenible.,8,6
EN_027_9__ES_027_9,en-es,test,"Somewhere specific, I guess.","En un lugar específico, creo.",4,5
EN_028_10__ES_028_10,en-es,train,I imagine it's about the um... uh-huh,Me imagino que es sobre el ajá.,7,7
EN_028_11__ES_028_11,en-es,train,the basics?,¿Lo básico?,2,2
EN_028_12__ES_028_12,en-es,train,"and other types of electives you haven't considered, like uhm...",Y otros tipos de electives no has considerado como...,10,9
EN_028_13__ES_028_13,en-es,train,So then you can finish.,Entonces puedes terminar.,5,3
EN_028_14__ES_028_14,en-es,train,"Well, can you take classes in other countries?","Bueno, ¿puedes tomar clases en otros países?",8,7
EN_028_15__ES_028_15,en-es,train,and then they work towards your degree.,Y luego trabajan hacia tu grado.,7,6
EN_028_16__ES_028_16,en-es,train,"because there's classes like uh, art, music, film.","Porque hay clases como arte, música, cine.",8,7
EN_028_17__ES_028_17,en-es,train,"And then is there, I don't know how to say it <unk> money for...","Y luego está ahí, no sé cómo decirlo, dinero para...",14,10
EN_028_18__ES_028_18,en-es,train,And... if you had to take another class for the semester.,Y si tuvieras que tomar otra clase para el semestre.,11,10
EN_028_19__ES_028_19,en-es,train,"I know that you can print all the classes that you've taken, but","Sé que puedes imprimir todas las clases que has tomado, pero...",13,11
EN_028_1__ES_028_1,en-es,train,"Uh, I heard that you were gonna take 12 hours in the... fall?",Oí que ibas a tomar 12 horas en el otoño.,13,10
EN_028_20__ES_028_20,en-es,train,"Yeah, it's not on that page, but I know there's another page where you can put in your degree plan.","Sí, no está en esa página, pero sé que hay otra página donde puedes poner tu plan de estudios.",20,19
EN_028_21__ES_028_21,en-es,train,and then it tells you what you're missing.,Y luego te dice lo que te falta.,8,8
EN_028_22__ES_028_22,en-es,train,again over here on the page that you were,Otra vez aquí en la página que estabas,9,8
EN_028_23__ES_028_23,en-es,train,over here on dashboard.,Aquí en el dashboard.,4,4
EN_028_24__ES_028_24,en-es,train,"I think there is, but I don't know how to find it.","Creo que sí, pero no sé cómo encontrarlo.",12,8
EN_028_25__ES_028_25,en-es,train,"But if you had to pick another class, would you... take another CS?","Pero si tuvieras que escoger otra clase, ¿tomarías otro CS?",13,10
EN_028_26__ES_028_26,en-es,train,Do you know which ones after these are taking?,¿Sabes cuáles después de esto están tomando?,9,7
EN_028_27__ES_028_27,en-es,train,"Oh yeah yeah, it's the class that I'm right now helping with.","Ah, sí, sí, es la clase con la que estoy ayudando.",12,11
EN_028_29__ES_028_29,en-es,train,"Uh, yeah, they can be difficult.","Sí, pueden ser difíciles.",6,4
EN_028_2__ES_028_2,en-es,train,"I told her that I could do more, I want to do more.","Le dije que podía hacer más, quería hacer más.",13,9
EN_028_30__ES_028_30,en-es,train,"Yeah, I've heard the same thing.","Sí, he escuchado lo mismo.",6,5
EN_028_31__ES_028_31,en-es,train,and the basics courses you've already completed?,¿Y los cursos básicos que ya has terminado?,7,8
EN_028_32__ES_028_32,en-es,train,all of those courses you've taken here at UTEP?,¿Todos esos cursos que has tomado aquí en UTEP?,9,9
EN_028_33__ES_028_33,en-es,train,"But if you take the 15 hours, you can finish earlier.","Pero si te tomas las 15 horas, puedes terminar más temprano.",11,11
EN_028_34__ES_028_34,en-es,train,faster.,Más rápido.,1,2
EN_028_35__ES_028_35,en-es,train,"They tell you that you need to take a minimum of classes, but they don't tell you... uh-huh","Te dicen que debes tomar un mínimo de clases, pero no te dicen...",18,13
EN_028_36__ES_028_36,en-es,train,the maximum,el máximo,2,2
EN_028_37__ES_028_37,en-es,train,"12 hours I imagine, I don't know.","12 horas imagino, no sé.",7,5
EN_028_38__ES_028_38,en-es,train,"including studying and everything else. It's like a job, like 40 hours a week.",incluyendo estudiar y todo lo demás es como un trabajo como 40 horas a la semana,14,16
EN_028_39__ES_028_39,en-es,train,"I haven't done the calculations, but um, let's see.","No he hecho los cálculos, pero a ver.",9,8
EN_028_3__ES_028_3,en-es,train,"And she was like, no, no, no, take it slow. It's okay.","Y ella dijo, no, no, no, tómalo despacio. Está bien.",12,10
EN_028_40__ES_028_40,en-es,train,"To finish, I need 120, right?","Para terminar, necesito 120, ¿verdad?",6,5
EN_028_41__ES_028_41,en-es,train,"120, I still need 53.","120, todavía necesito 53.",5,4
EN_028_42__ES_028_42,en-es,train,And I have three years to do that.,Y tengo tres años para hacer eso.,8,7
EN_028_43__ES_028_43,en-es,train,So then I have those three years.,Entonces tengo esos tres años.,7,5
EN_028_44__ES_028_44,en-es,train,six semesters.,Seis semestres.,2,2
EN_028_45__ES_028_45,en-es,train,57 divided by 6,57 dividido por 6,4,4
EN_028_46__ES_028_46,en-es,train,I have to technically only take eight.,Técnicamente solo tengo que tomar ocho.,7,6
EN_028_47__ES_028_47,en-es,train,"But no matter what, I have to take 12.","Pero pase lo que pase, tengo que tomar 12.",9,9
EN_028_48__ES_028_48,en-es,train,"Technically, I can finish in two years.","Técnicamente, puedo terminar en dos años.",7,6
EN_028_49__ES_028_49,en-es,train,if I take only 12 hours each semester.,si tomo solo 12 horas cada semestre,8,7
EN_028_4__ES_028_4,en-es,train,Do what you can and that's it.,Haz lo que puedas y ya.,7,6
EN_028_50__ES_028_50,en-es,train,Because what I don't want to do is pay. I don't want to pay anything.,"Porque lo que no quiero es pagar, no quiero pagar nada.",15,11
EN_028_51__ES_028_51,en-es,train,"Oh, they tell us to try not to take more than 16.",Nos dicen que tratemos de no tomar más de 16.,12,10
EN_028_52__ES_028_52,en-es,train,"You can measure yourself, but...","Puedes medirte a ti mismo, pero...",5,6
EN_028_53__ES_028_53,en-es,train,"Normally 16, 15, 16.","Normalmente 16, 15, 16.",4,4
EN_028_54__ES_028_54,en-es,train,"is when you're there, uh, busy.",Es cuando estás ocupado.,6,4
EN_028_55__ES_028_55,en-es,train,"You have time to do your stuff, but you're gonna be busy.","Tienes tiempo para hacer tus cosas, pero vas a estar ocupado.",12,11
EN_028_56__ES_028_56,en-es,train,because <unk> the scholarship is for. So we don't have to work so that we can focus ourselves entirely into our studies.,Porque para eso es la beca. Entonces no tenemos que trabajar para poder enfocarnos completamente en nuestros estudios.,22,18
EN_028_5__ES_028_5,en-es,train,And how many hours are full time?,¿Y cuántas horas son a tiempo completo?,7,7
EN_028_6__ES_028_6,en-es,train,So 15 would be a little bit more.,Entonces 15 sería un poquito más.,8,6
EN_028_7__ES_028_7,en-es,train,"Of the classes that you're taking, how many are electives and how many are the ones that you need to take?","De las clases que estás tomando, ¿cuántas son electives y cuántas son las que necesitas tomar?",21,16
EN_028_8__ES_028_8,en-es,train,"All those classes of physics, biology you've taken?","¿Todas esas clases de física, biología que has tomado?",8,9
EN_028_9__ES_028_9,en-es,train,And it's physics. Is there only just one physics?,Y es física. ¿Sólo hay una física?,9,7
EN_029_10__ES_029_10,en-es,train,"because the father took care of that, so that's also like a- uhh single father approval.","Porque el padre se hizo cargo de eso, así que eso también es como la aprobación de un padre soltero.",16,20
EN_029_11__ES_029_11,en-es,train,"I've watched Bambi before, but like a long time ago. Like, I don't remember the plot or anything.","He visto a Bambi antes, pero hace mucho tiempo, no me acuerdo de la historia.",18,15
EN_029_12__ES_029_12,en-es,train,"His dad was also like an explorer or something like that, but he abandoned him and his mother.","Su papá también era un explorador o algo así, pero lo abandonó a él y a su madre.",18,18
EN_029_13__ES_029_13,en-es,train,"the bad guy is like, his father figure so it's like really emotional when you get that plot twist that he is actually the bad guy","El malo es como, su figura paterna así que es muy emotivo cuando tienes ese giro de trama que él es realmente el malo.",26,24
EN_029_14__ES_029_14,en-es,train,"Like- like he said, like having like a parent like abandon you.","Como que dijo, como que tener un padre como que te abandonó.",12,12
EN_029_15__ES_029_15,en-es,train,"Your mom or your dad like someone you love a lot, is like actually like a bad person","Tu mamá o tu papá como alguien que quieres mucho, es como una mala persona.",18,15
EN_029_16__ES_029_16,en-es,train,"I mean, I cannot know because for example","Digo, no puedo saber porque por ejemplo.",8,7
EN_029_17__ES_029_17,en-es,train,"I think my grandma was a great person with me, but my mom thinks she was like the horrible- a horrible person.","Creo que mi abuela era una gran persona conmigo, pero mi mamá piensa que era una horrible persona.",22,18
EN_029_18__ES_029_18,en-es,train,"I mean, if I think about it, like, yeah, she was a little bit too conservative in some aspects.","O sea, si lo pienso, sí, sí, era un poco muy conservadora en algunos aspectos.",19,15
EN_029_19__ES_029_19,en-es,train,"But like, she was like great with me.",Pero ella era muy buena conmigo.,8,6
EN_029_1__ES_029_1,en-es,train,"This movie, like, was... released when I was like five years old.",Esta película se estrenó cuando tenía como cinco años.,12,9
EN_029_20__ES_029_20,en-es,train,"She was like, okay, they got to 10 years old, and now the oldest one is going to take care of this one.","Ella estaba como, ok, llegaron a los 10 años, y ahora la más vieja se va a hacer cargo de esta.",23,21
EN_029_21__ES_029_21,en-es,train,"Well, nah, she was like a teen, but like, you know, teens.","Bueno, no, era como una adolescente, pero ya sabes, adolescentes.",12,10
EN_029_22__ES_029_22,en-es,train,"Born in Mexico like narcos, or politicians, like corrupt politicians.","Nací en México como narcos, políticos, políticos corruptos.",10,8
EN_029_23__ES_029_23,en-es,train,give you something but like at the same time he may be doing illegal really bad stuff.,Te doy algo pero al mismo tiempo puede que esté haciendo cosas ilegales muy malas.,17,15
EN_029_24__ES_029_24,en-es,train,"Uhhh, that's- that's a really tough situation.",Es una situación muy difícil.,7,5
EN_029_25__ES_029_25,en-es,train,"You kinda have to look at both sides, you know?","Tienes que mirar a ambos lados, ¿sabes?",10,7
EN_029_26__ES_029_26,en-es,train,"I think if I ever found that out, like, about, like, my dad, like, if he was involved in that stuff, I don't think, like, I could ever look at him, like, the same.","Creo que si alguna vez me enteré de que mi papá estaba involucrado en eso, no creo que podría verlo igual.",34,21
EN_029_27__ES_029_27,en-es,train,"I think it would completely like mess up, like my perception of him, you know?","Creo que sería un completo desastre, como mi percepción de él, ¿sabes?",15,12
EN_029_28__ES_029_28,en-es,train,"I mean, maybe like of those, 10% may be innocent","O sea, a lo mejor de esos, el 10% puede ser inocente.",10,12
EN_029_29__ES_029_29,en-es,train,"For example, for a mother, I think it's hard. Like, imagine, like, your son is, like, a gang member.","Por ejemplo, para una madre es difícil imaginar que tu hijo es pandillero.",19,13
EN_029_2__ES_029_2,en-es,train,Okay.,De acuerdo.,1,2
EN_029_30__ES_029_30,en-es,train,"Uh, no, that's actually like, that's really sad. Because like, the gang violence down there is terrible.","No, de hecho es muy triste porque la violencia de las pandillas ahí abajo es terrible.",17,16
EN_029_33__ES_029_33,en-es,train,I didn't knew why the mom wasn't around anymore.,No sabía por qué la mamá ya no estaba por aquí.,9,11
EN_029_34__ES_029_34,en-es,train,I really didn't understand it until after,Realmente no lo entendí hasta después.,7,6
EN_029_3__ES_029_3,en-es,train,"I don't know if you know it, it's called Bambi.","No sé si lo sabes, se llama Bambi.",10,8
EN_029_4__ES_029_4,en-es,train,you see like Bambi go high in the forest or I don't know what,¿Ves cómo Bambi se mete alto en el bosque o no sé qué?,14,13
EN_029_5__ES_029_5,en-es,train,"and you hear the gun and like, Mom, Mom! And suddenly the father just appears.","Y escuchas el arma y dices, mamá, mamá, y de repente el papá se aparece.",15,15
EN_029_6__ES_029_6,en-es,train,Well in Spanish it's a little bit sadder.,Bueno en español es un poco más triste.,8,8
EN_029_7__ES_029_7,en-es,train,"your mother not coming home, boy","Tu madre no vuelve a casa, muchacho.",6,7
EN_029_8__ES_029_8,en-es,train,That must be terrible to hear that.,Eso debe ser terrible escuchar eso.,7,6
EN_029_9__ES_029_9,en-es,train,"I really don't remember, after that, how he handled it.","Realmente no me acuerdo, después de eso, cómo lo manejó.",10,10
EN_032_10__ES_032_10,en-es,train,sometimes food grosses me out,A veces la comida me da asco.,5,7
EN_032_11__ES_032_11,en-es,train,I lost about 10 pounds in my two weeks working there.,Perdí como 10 libras en mis dos semanas trabajando ahí.,11,10
EN_032_12__ES_032_12,en-es,train,how they're making the food and... all of that,¿Cómo están haciendo la comida y todo eso?,9,8
EN_032_13__ES_032_13,en-es,train,I think that you're supposed to get a food handlers?,Creo que se supone que tienes que conseguir un manejador de comida.,10,12
EN_032_14__ES_032_14,en-es,train,I never... I never gave mine.,Yo nunca le di la mía.,6,6
EN_032_15__ES_032_15,en-es,train,They sent me an email to do some courses.,Me mandaron un email para hacer unos cursos.,9,8
EN_032_1__ES_032_1,en-es,train,"The price of everything goes up, like... the houses and the cars.","El precio de todo sube, como las casas y los carros.",12,11
EN_032_2__ES_032_2,en-es,train,everything is becoming more expensive but they are not paying us the price we need to live,"Todo se está haciendo más caro, pero no nos están pagando el precio que necesitamos para vivir.",17,17
EN_032_3__ES_032_3,en-es,train,that causes the prices to also go up.,Eso causa que los precios también suban.,8,7
EN_032_4__ES_032_4,en-es,train,to make the cost of buying a house and all that,hacer el costo de comprar una casa y todo eso,11,10
EN_032_5__ES_032_5,en-es,train,They pay me 875.,Me pagan 875.,4,3
EN_032_6__ES_032_6,en-es,train,But I also think... the work I do.,Pero también pienso en el trabajo que hago.,8,8
EN_032_7__ES_032_7,en-es,train,"When I get home and I feel like, damn, I did all that.","Cuando llego a casa me siento como que, maldición, hice todo eso.",13,12
EN_032_8__ES_032_8,en-es,train,It's difficult to sometimes put the price.,Es difícil poner a veces el precio.,7,7
EN_032_9__ES_032_9,en-es,train,It was really ugly.,Estaba muy feo.,4,3
EN_033_10__ES_033_10,en-es,test,but recently I got into Jiu Jitsu,Pero recientemente me metí en Jiu Jitsu.,7,7
EN_033_11__ES_033_11,en-es,test,That is like a pretty recent martial art.,Es como un arte marcial muy reciente.,8,7
EN_033_12__ES_033_12,en-es,test,have only practiced like two months three months from- from now,Solo han practicado como dos meses a tres meses de- a partir de ahora.,11,14
EN_033_13__ES_033_13,en-es,train,That's still pretty cool. How- how good were you at basketball?,Está muy bien. ¿Qué tan bueno eras en el básquetbol?,11,10
EN_033_14__ES_033_14,en-es,test,I think I will be Boston.,Creo que voy a ser Boston.,6,6
EN_033_15__ES_033_15,en-es,test,"I was on- eh, on the varsity team.",Yo estaba en el equipo de varsity.,8,7
EN_033_16__ES_033_16,en-es,test,and overall martial arts like helped me to,y en general artes marciales me ayudaron a,8,8
EN_033_17__ES_033_17,en-es,test,It's a pretty good way of helping your mind.,Es una muy buena manera de ayudar a tu mente.,9,10
EN_033_18__ES_033_18,en-es,train,"to release your feelings, like if you had like a rough day.","Para liberar tus sentimientos, como si hubieras tenido un día difícil.",12,11
EN_033_19__ES_033_19,en-es,train,you have like an outlet for it.,Tienes como una salida para eso.,7,6
EN_033_1__ES_033_1,en-es,train,I was in Taekwondo for like 10 years.,Estuve en Taekwondo como 10 años.,8,6
EN_033_20__ES_033_20,en-es,train,Like instead of bottling it up inside you.,Como que en vez de embotellarlo dentro de ti.,8,9
EN_033_21__ES_033_21,en-es,train,"It's just like, uhm, let me just suffocate this man, I don't know.","Es como que, ah, déjame sofocar a este hombre, no sé.",13,11
EN_033_22__ES_033_22,en-es,train,if I were to pick up a fighting sport again.,Si tuviera que retomar un deporte combativo.,10,7
EN_033_23__ES_033_23,en-es,train,I'd want to do like boxing.,Me gustaría hacer como boxeo.,6,5
EN_033_24__ES_033_24,en-es,train,Because I think that'd be really cool.,Porque creo que sería muy cool.,7,6
EN_033_25__ES_033_25,en-es,test,It is not as aggressive in costr- contrast with Karate or Boxing.,No es tan agresivo en el contraste costero con Karate o Boxing.,12,12
EN_033_26__ES_033_26,en-es,test,because you actually get punched on the face,Porque de hecho te golpean en la cara.,8,8
EN_033_2__ES_033_2,en-es,test,Did you got your black belt?,¿Tienes tu cinturón negro?,6,4
EN_033_3__ES_033_3,en-es,train,"It was- it was pretty cool. I liked it, uhm.",Estaba- estaba muy bien. Me gustó.,10,6
EN_033_4__ES_033_4,en-es,train,I left it because it became more about how to like score,Lo dejé porque se volvió más de como gustar la partitura.,12,11
EN_033_6__ES_033_6,en-es,test,because you are only using like the bottom part of your body,porque solo estás usando como la parte inferior de tu cuerpo,12,11
EN_033_7__ES_033_7,en-es,train,Did he do a sport?,¿Hizo un deporte?,5,3
EN_033_8__ES_033_8,en-es,test,"No, yes I did, but not a combat sport.","No, sí lo hice, pero no un deporte de combate.",9,10
EN_033_9__ES_033_9,en-es,test,It was mainly basketball.,Era básicamente baloncesto.,4,3
EN_034_10__ES_034_10,en-es,train,Do you have anything that you keep to make you feel better?,¿Tienes algo que guardar para que te sientas mejor?,12,9
EN_034_11__ES_034_11,en-es,test,Because my boyfriend is in- is in metallurgy.,Porque mi novio está en metalurgia.,8,6
EN_034_12__ES_034_12,en-es,test,So he literally just melts metals and makes stuff.,Literalmente derrite metales y hace cosas.,9,6
EN_034_13__ES_034_13,en-es,test,He made a few and he gave me one. So that's what I hold.,"Me hizo unos cuantos y me dio uno, así que eso es lo que tengo.",14,15
EN_034_14__ES_034_14,en-es,test,This is like a little elephant with its trunk up.,Esto es como un pequeño elefante con su baúl arriba.,10,10
EN_034_15__ES_034_15,en-es,test,I think I left that in another backpack and now I don't know.,Creo que lo dejé en otra mochila y ahora no sé.,13,11
EN_034_16__ES_034_16,en-es,train,"Actually, I think I have some rocks.","De hecho, creo que tengo algunas rocas.",7,7
EN_034_17__ES_034_17,en-es,train,because they're from... when I went to the sea,Porque son de cuando fui al mar.,9,7
EN_034_18__ES_034_18,en-es,test,So you're a very sentimental person?,¿Eres una persona muy sentimental?,6,5
EN_034_19__ES_034_19,en-es,test,"Like if somebody gives me a rock, I'm like, I will cherish it forever.","Como que si alguien me da una roca, yo digo, la amaré para siempre.",14,14
EN_034_1__ES_034_1,en-es,train,"accidentally put this in here, because it's a gift",accidentalmente poner esto aquí porque es un regalo,9,8
EN_034_20__ES_034_20,en-es,test,"It's like, I would do meds, but in a lotion form.","Es como que haría medicina, pero en una forma de loción.",11,11
EN_034_21__ES_034_21,en-es,test,"In case I get like a bite, I can just like","En caso de que tenga como un bocado, puedo como...",11,10
EN_034_22__ES_034_22,en-es,train,"Oh no, I probably need those.","Oh no, probablemente los necesito.",6,5
EN_034_23__ES_034_23,en-es,test,"I thought I forgot my glasses. I was hoping they were in here, but no.","Pensé que había olvidado mis lentes, estaba esperando que estuvieran aquí, pero no.",15,13
EN_034_24__ES_034_24,en-es,train,"Oh, this is my hand sanitizer.","Oh, este es mi desinfectante de manos.",6,7
EN_034_25__ES_034_25,en-es,test,I'm going to be crazy today and I'll put it where it goes.,Voy a estar loco hoy y lo voy a poner donde va.,13,12
EN_034_26__ES_034_26,en-es,train,"Instead of having it tear, I can just put it in.","En vez de que se rompa, lo puedo poner adentro.",11,10
EN_034_2__ES_034_2,en-es,train,I was looking through the gifts and it was for my mom.,Estaba buscando entre los regalos y era para mi mamá.,12,10
EN_034_3__ES_034_3,en-es,train,I use one for two classes and then one for only one.,Yo uso uno para dos clases y luego uno para una sola.,12,12
EN_034_4__ES_034_4,en-es,train,Is all my math homework.,Es toda mi tarea de matemáticas.,5,6
EN_034_5__ES_034_5,en-es,train,"the laptop, I borrowed it from the school.","El laptop, lo tomé prestado de la escuela.",8,8
EN_034_6__ES_034_6,en-es,train,I made it a while ago.,Lo hice hace un tiempo.,6,5
EN_034_7__ES_034_7,en-es,train,"I have a pig, a stuffed pig.","Tengo un cerdo, un puerco disecado.",7,6
EN_034_8__ES_034_8,en-es,train,"Yeah, no, a plushie. I have several.","Sí, no, un festín. Tengo varios.",7,6
EN_034_9__ES_034_9,en-es,train,"And yeah, I keep it with me because it makes me feel better.","Y sí, lo llevo conmigo porque me hace sentir mejor.",13,10
EN_035_10__ES_035_10,en-es,train,So I got black ones. Like all black ones.,"Tengo negros, todos negros.",9,4
EN_035_11__ES_035_11,en-es,train,"I saw him online for like 40 bucks. So I'm like, awesome.","Lo vi en línea por como 40 dólares, así que estoy como, genial.",12,13
EN_035_12__ES_035_12,en-es,test,"Oh, they're really cool, but uhmm","Oh, son muy cool, pero ajá.",6,6
EN_035_13__ES_035_13,en-es,test,"I don't know, I feel like if I'm like a really tall person.","No sé, siento que si soy una persona muy alta.",13,10
EN_035_14__ES_035_14,en-es,test,"I actually listened a little bit from everything, so yeah.","De hecho escuchaba un poquito de todo, así que sí.",10,10
EN_035_15__ES_035_15,en-es,test,it's that kind of music that doesn't really have a lyrics or,Es ese tipo de música que no tiene letra ni letra.,12,11
EN_035_1__ES_035_1,en-es,train,"Recently, I've become like a shoe person.",Recientemente me he vuelto una persona de zapatos.,7,8
EN_035_2__ES_035_2,en-es,test,"Oh, cool [laughter].","Oh, cool [risa].",3,3
EN_035_3__ES_035_3,en-es,train,"I- I like those. Like, these would probably be the ones I get.","Me gustan esos, como que probablemente esos serían los que yo entiendo.",13,12
EN_035_4__ES_035_4,en-es,test,I was more a person of converse and those kind of shoes.,Yo era más una persona de conversación y ese tipo de zapatos.,12,12
EN_035_5__ES_035_5,en-es,train,"If I had the money, I'd consider getting them.","Si tuviera el dinero, consideraría comprarlo.",9,6
EN_035_6__ES_035_6,en-es,test,and they were like in trend i don't know and,"Y estaban como de moda, no sé.",10,7
EN_035_7__ES_035_7,en-es,test,That's why I wanted to buy them.,Es por eso que quería comprarlos.,7,6
EN_035_8__ES_035_8,en-es,train,So it's actually named like Huarache?,De hecho se llama Huarache.,6,5
EN_035_9__ES_035_9,en-es,test,Those are like five and a half from boys like,Son como cinco y medio de chicos como...,10,8
EN_036_10__ES_036_10,en-es,train,"And then it ends up for 20 and uh, and- and that's it.",Y luego termina por 20 y uh y- y eso es todo.,13,12
EN_036_11__ES_036_11,en-es,train,I go to the gym because I don't have enough time.,Me voy al gimnasio porque no tengo suficiente tiempo.,11,9
EN_036_12__ES_036_12,en-es,train,uh... going to the gym after class.,"Eh, ir al gimnasio después de clase.",7,7
EN_036_13__ES_036_13,en-es,train,"I mean, before the class.",Antes de la clase.,5,4
EN_036_14__ES_036_14,en-es,train,"And yeah, I just go to class and I just go to the gym and uh, I just go home.","Y sí, voy a clase, voy al gimnasio y me voy a casa.",20,13
EN_036_15__ES_036_15,en-es,train,Wednesday is the same as Monday.,Miércoles es lo mismo que lunes.,6,6
EN_036_16__ES_036_16,en-es,train,And Thursday is the same as- as Tuesday.,Y el jueves es lo mismo que el martes.,8,9
EN_036_17__ES_036_17,en-es,train,Everyday I eat the same thing.,Todos los días como lo mismo.,6,6
EN_036_18__ES_036_18,en-es,train,Like in the mornings I eat two eggs and a yogurt and sometimes an apple.,Como en las mañanas como dos huevos y un yogurt y a veces una manzana.,15,15
EN_036_19__ES_036_19,en-es,train,"And Friday I don't have any school, I don't have any classes.","Y el viernes no tengo escuela, no tengo clases.",12,9
EN_036_1__ES_036_1,en-es,train,The day before sometimes I prepare it in a separate bag.,El día anterior a veces lo preparo en una bolsa separada.,11,11
EN_036_20__ES_036_20,en-es,train,I live on the west.,Vivo en el oeste.,5,4
EN_036_21__ES_036_21,en-es,train,"Like, in how much time do you get to school?",¿En cuánto tiempo llegas a la escuela?,10,7
EN_036_22__ES_036_22,en-es,train,Like in 15 minutes.,Como en 15 minutos.,4,4
EN_036_23__ES_036_23,en-es,train,and you come driving?,¿Y vienes manejando?,4,3
EN_036_24__ES_036_24,en-es,train,"Yeah, my dad always takes me because his job.","Sí, mi papá siempre me lleva porque su trabajo.",9,9
EN_036_25__ES_036_25,en-es,train,And so he takes me and then he just goes to his job.,Y entonces me lleva y luego se va a su trabajo.,13,11
EN_036_26__ES_036_26,en-es,train,"So today, how did you get here?","Entonces hoy, ¿cómo llegaste aquí?",7,5
EN_036_27__ES_036_27,en-es,train,"Uh, my mom took me here.",Mi mamá me trajo aquí.,6,5
EN_036_28__ES_036_28,en-es,train,"So then who would have cancelled, you would have came for nothing?","Entonces, ¿quién lo hubiera cancelado? ¿Tú hubieras venido para nada?",12,10
EN_036_29__ES_036_29,en-es,train,Sometimes I take the bus if I don't. Yeah.,A veces tomo el bus si no lo hago.,9,9
EN_036_2__ES_036_2,en-es,train,You shower here?,¿Te bañas aquí?,3,3
EN_036_30__ES_036_30,en-es,train,do you have,¿Tienes?,3,1
EN_036_31__ES_036_31,en-es,train,C- can I ask why you don't sleep?,¿Puedo preguntar por qué no duermes?,8,6
EN_036_32__ES_036_32,en-es,train,"That's nothing, that's nothing for sleep.","No es nada, no es nada para dormir.",6,8
EN_036_3__ES_036_3,en-es,train,"Every Monday I go to the rec, I go to the gym.","Cada lunes voy al rec, voy al gimnasio.",12,8
EN_036_4__ES_036_4,en-es,train,So every day it's a different type of exercise.,Así que cada día es un tipo diferente de ejercicio.,9,10
EN_036_5__ES_036_5,en-es,train,I do the arms and I also do the- the weights.,Yo hago los brazos y también hago las pesas.,11,9
EN_036_6__ES_036_6,en-es,train,I wake up at around 6.,Me despierto como a las 6.,6,6
EN_036_7__ES_036_7,en-es,train,And then I go to school at 7.,Y luego voy a la escuela a las 7.,8,9
EN_036_8__ES_036_8,en-es,train,because I don't have my first class up until 12.,Porque no tengo mi primera clase hasta las 12.,10,9
EN_036_9__ES_036_9,en-es,train,"And then once it's over, I- I go back to the library or we go to eat.","Y luego una vez terminado, vuelvo a la biblioteca o vamos a comer.",17,13
EN_037_10__ES_037_10,en-es,train,Where did it switch?,¿Dónde se cambió?,4,3
EN_037_11__ES_037_11,en-es,train,"And the sisters had school, as well?",¿Y las hermanas también tenían escuela?,7,6
EN_037_12__ES_037_12,en-es,dev,They got out first and then we went to something.,Salieron primero y luego fuimos a algo.,10,7
EN_037_13__ES_037_13,en-es,dev,It was with some friends that I had from school before.,Era con unos amigos que tenía de la escuela antes.,11,10
EN_037_14__ES_037_14,en-es,dev,"and these friends, I thought I was closer with them.","Y esos amigos, pensé que estaba más cerca de ellos.",10,10
EN_037_15__ES_037_15,en-es,train,With- with- with who?,¿Con quién?,4,2
EN_037_16__ES_037_16,en-es,dev,And after that we came back.,Y después de eso regresamos.,6,5
EN_037_17__ES_037_17,en-es,dev,And so like the twins in Haiti left me in the apartment so I could wait for Mauri.,Y como los gemelos en Haiti me dejaron en el departamento para poder esperar a Mauri.,18,16
EN_037_18__ES_037_18,en-es,dev,"And so they went in and I told them I would go inside, but I was talking to someone about something important.","Entonces entraron y les dije que entraría, pero le estaba hablando a alguien de algo importante.",22,16
EN_037_19__ES_037_19,en-es,train,So you went alone? You didn't go with your parents?,¿Fuiste solo? ¿No fuiste con tus papás?,10,7
EN_037_1__ES_037_1,en-es,dev,"Swanson picked me up from the airport and she took me to Mauricio's, um, apartment.",Swanson me recogió en el aeropuerto y me llevó al departamento de Mauricio.,15,13
EN_037_20__ES_037_20,en-es,dev,"Oh, we went to go eat pizzas.","Oh, fuimos a comer pizzas.",7,5
EN_037_21__ES_037_21,en-es,dev,and they were pretty good actually.,Y eran muy buenos de hecho.,6,6
EN_037_22__ES_037_22,en-es,dev,"Well, Thursday was probably the best one out of all of them, or maybe Friday.","Bueno, el jueves fue probablemente el mejor de todos ellos, o tal vez el viernes.",15,15
EN_037_23__ES_037_23,en-es,dev,It turns out we love the tickets in the- in the restaurant.,Resulta que nos encantan las entradas en el- en el restaurante.,12,11
EN_037_24__ES_037_24,en-es,train,"Oh, and you didn't notice.","Ah, y no te diste cuenta.",5,6
EN_037_25__ES_037_25,en-es,dev,"Oh no no, we didn't notice because we were talking or something.","Oh no no, no nos dimos cuenta porque estábamos hablando o algo.",12,12
EN_037_26__ES_037_26,en-es,dev,So they left me and Mauriz said that,Entonces me dejaron y Mauriz dijo que,8,7
EN_037_27__ES_037_27,en-es,dev,"No, he asked me if I saw the tickets in the house or in the- the apartment.","No, me preguntó si vi los boletos en la casa o en el departamento.",17,14
EN_037_28__ES_037_28,en-es,dev,"I mean yeah, I mean I don't remember but I think I saw them","O sea, sí, no me acuerdo, pero creo que los vi.",14,11
EN_037_29__ES_037_29,en-es,dev,And none of us really knew if we saw them or not.,Y ninguno de nosotros sabía si los veíamos o no.,12,10
EN_037_2__ES_037_2,en-es,dev,So I got to his apartment and he was at school.,Entonces llegué a su departamento y estaba en la escuela.,11,10
EN_037_30__ES_037_30,en-es,dev,and we got there and- and they weren't there?,Y llegamos ahí y no estaban ahí.,9,7
EN_037_3__ES_037_3,en-es,dev,and then he left the keys for the apartment,Y luego dejó las llaves para el departamento.,9,8
EN_037_4__ES_037_4,en-es,dev,And then I stayed there for like two hours and then he came in.,Y luego me quedé ahí como dos horas y luego él entró.,14,12
EN_037_5__ES_037_5,en-es,train,"Oh okay, and did you like it?","Ah, ok, ¿te gustó?",7,4
EN_037_6__ES_037_6,en-es,train,Which one did you guys see?,¿Cuál vieron?,6,2
EN_037_7__ES_037_7,en-es,dev,So they left and Mauri and I stayed alone,Entonces se fueron y Mauri y me quedé sola.,9,9
EN_037_8__ES_037_8,en-es,dev,The concert was supposed to be that day,El concierto se suponía que era ese día.,8,8
EN_037_9__ES_037_9,en-es,dev,"but no, it got switched to Thursday","Pero no, se cambió al jueves.",7,6
EN_038_10__ES_038_10,en-es,train,"So it's you, your parents, and your... You said brother, right?","Entonces eres tú, tus papás y tu... dijiste hermano, ¿verdad?",11,10
EN_038_11__ES_038_11,en-es,train,"2020, and he graduated 2022, 2021?","2020, ¿y se graduó en 2022, 2021?",6,7
EN_038_12__ES_038_12,en-es,train,"Yeah, no, he went all the way to Austin.","Sí, no, se fue hasta Austin.",9,6
EN_038_13__ES_038_13,en-es,train,"Aw, that's good. That's good that he left.","Ah, qué bueno, qué bueno que se fue.",8,8
EN_038_14__ES_038_14,en-es,train,We live in a duplex.,Vivimos en un duplex.,5,4
EN_038_15__ES_038_15,en-es,train,"Yeah, it's a small house.","Sí, es una casa pequeña.",5,5
EN_038_16__ES_038_16,en-es,train,There's not a lot in the walls.,No hay mucho en las paredes.,7,6
EN_038_17__ES_038_17,en-es,train,The walls are white.,Las paredes son blancas.,4,4
EN_038_18__ES_038_18,en-es,train,"The 3D televisions, when you put on the glasses.",Las televisiones 3D cuando te pones los lentes.,9,8
EN_038_19__ES_038_19,en-es,train,"We don't use it, but...","No lo usamos, pero...",5,4
EN_038_1__ES_038_1,en-es,train,I shared a room with my brother.,Yo compartía una habitación con mi hermano.,7,7
EN_038_20__ES_038_20,en-es,train,"Ah okay, you guys don't wanna watch everything in 3D.","Ah, ok, no queráis ver todo en 3D.",10,8
EN_038_21__ES_038_21,en-es,train,to put what I have on my laptop,poner lo que tengo en mi laptop,8,7
EN_038_22__ES_038_22,en-es,train,"I have a closet, and a wardrobe, and","Tengo un armario, y un armario.",8,6
EN_038_23__ES_038_23,en-es,train,"It has my clothes, but it also has my","Tiene mi ropa, pero también tiene mi",9,7
EN_038_24__ES_038_24,en-es,train,"also the- the career that i would have liked, it's not here at utep","También la carrera que me hubiera gustado, no está aquí en UTEP.",14,12
EN_038_25__ES_038_25,en-es,train,Amen.,Amén.,1,1
EN_038_26__ES_038_26,en-es,train,because of the pandemic i didn't- i didn't continue with art,A causa de la pandemia no- no continué con arte.,11,10
EN_038_2__ES_038_2,en-es,train,So then there's two beds.,Entonces hay dos camas.,5,4
EN_038_3__ES_038_3,en-es,train,I have the room to myself.,Tengo el cuarto para mí.,6,5
EN_038_4__ES_038_4,en-es,train,Do you still have bunk beds?,¿Todavía tienes literas?,6,3
EN_038_5__ES_038_5,en-es,train,"Oh no no no, um it's two different beds.","Oh, no, no, no, son dos camas diferentes.",9,8
EN_038_6__ES_038_6,en-es,train,"It's because when I think of two persons- two people sharing a room, I think: bunk beds.","Es porque cuando pienso en dos personas, dos personas compartiendo una habitación, creo que literas.",17,15
EN_038_7__ES_038_7,en-es,train,"Yes, the thing is my house only has two rooms.","Sí, la cosa es que mi casa solo tiene dos cuartos.",10,11
EN_038_8__ES_038_8,en-es,train,"We were growing up, so they left us the larger room.","Estabamos creciendo, así que nos dejaron el cuarto más grande.",11,10
EN_038_9__ES_038_9,en-es,train,"So, you live with your parents?","Entonces, ¿vives con tus papás?",6,5
EN_039_10__ES_039_10,en-es,dev,You can use that time to be with friends.,Puedes usar ese tiempo para estar con amigos.,9,8
EN_039_11__ES_039_11,en-es,dev,It's one of the- of the stage that I think isn't one of the nicest.,Es uno de los escenarios que creo que no es uno de los más bonitos.,15,15
EN_039_12__ES_039_12,en-es,dev,"I don't know, I kind of disagree.","No sé, no estoy de acuerdo.",7,6
EN_039_13__ES_039_13,en-es,dev,"yes it's like saying that, no, only time with me, and you can't go out, so that's- that's a big no","Sí, es como decir que, no, solo tiempo conmigo, y no puedes salir, así que eso es un gran no.",21,20
EN_039_14__ES_039_14,en-es,dev,"It's better have- to have someone more flexible, right? So someone that spends more time with your family, your friends.","Es mejor tener a alguien más flexible, ¿verdad? Entonces alguien que pasa más tiempo con tu familia, tus amigos.",20,19
EN_039_15__ES_039_15,en-es,dev,not being jealous.,No estar celoso.,3,3
EN_039_16__ES_039_16,en-es,dev,"For example, let's say he says, I don't want you to spend time with your friends, because...","Por ejemplo, digamos que dice, no quiero que pases tiempo con tus amigos porque...",17,14
EN_039_17__ES_039_17,en-es,dev,"you wanna- I wanna be with you, or your family because I wanna be with you","¿Quieres? Quiero estar contigo, o tu familia porque quiero estar contigo.",16,11
EN_039_18__ES_039_18,en-es,dev,it will all depend on- on get to know the person,Todo dependerá de conocer a la persona.,11,7
EN_039_19__ES_039_19,en-es,dev,the healthiest relationships that had ever exist.,las relaciones más sanas que han existido.,7,7
EN_039_1__ES_039_1,en-es,dev,"Uh, well, I think that having a relationship in u- university is...","Bueno, creo que tener una relación en la universidad es...",12,10
EN_039_20__ES_039_20,en-es,dev,you get to know: how is that person not just the nicest part.,¿Cómo es que esa persona no es la parte más linda?,13,11
EN_039_21__ES_039_21,en-es,dev,because a person that is dedicating the- their time to college,Porque una persona que está dedicando su tiempo a la universidad,11,11
EN_039_22__ES_039_22,en-es,dev,"can dedicate their time to you, but also","pueden dedicar su tiempo a ti, pero también",8,8
EN_039_23__ES_039_23,en-es,dev,"that has a lot of goals and has their future planned, do- don't want to be a bother","que tiene muchas metas y tiene su futuro planeado, no quiero ser una molestia",18,14
EN_039_24__ES_039_24,en-es,dev,"and vice versa, also.","Y viceversa, también.",4,3
EN_039_25__ES_039_25,en-es,dev,"Sometimes with their friends nothing happens, because","A veces con sus amigos no pasa nada, porque",7,9
EN_039_26__ES_039_26,en-es,dev,has a fear of breaking the relationship and not be able to talk like they used to.,Tiene miedo de romper la relación y no poder hablar como antes.,17,12
EN_039_27__ES_039_27,en-es,dev,"and there's the gossip, and then something bad happens, so.","Y ahí están los chismes, y luego pasa algo malo, entonces.",10,11
EN_039_28__ES_039_28,en-es,dev,"after all of that months if they keep being the same person, well maybe.","Después de todos esos meses si siguen siendo la misma persona, bueno, tal vez.",14,14
EN_039_29__ES_039_29,en-es,dev,"they keep being the same, uh, in their relationship.",Siguen siendo iguales en su relación.,9,6
EN_039_2__ES_039_2,en-es,dev,takes out a lot of your time,Saca mucho de tu tiempo.,7,5
EN_039_30__ES_039_30,en-es,dev,They can be things that you're not okay with.,Pueden ser cosas con las que no estás de acuerdo.,9,10
EN_039_31__ES_039_31,en-es,dev,"But in the future, it can turn into an argument.","Pero en el futuro, puede convertirse en una discusión.",10,9
EN_039_32__ES_039_32,en-es,dev,"So I think that's another point, and...","Entonces creo que ese es otro punto, y...",7,8
EN_039_3__ES_039_3,en-es,dev,time that you can be using to do your homeworks.,Tiempo que puedes usar para hacer tus tarea.,10,8
EN_039_4__ES_039_4,en-es,dev,and that you can also be using to study.,Y que también puedes usar para estudiar.,9,7
EN_039_5__ES_039_5,en-es,dev,I kind of agree with you.,Estoy de acuerdo contigo.,6,4
EN_039_6__ES_039_6,en-es,dev,It- it's the time where you're supposed to dedicate most of your time.,Es el tiempo en el que debes dedicarte la mayor parte del tiempo.,13,13
EN_039_7__ES_039_7,en-es,dev,"but it's also the time that you have to explore, and- and get to meet more people.",Pero también es el tiempo que tienes que explorar y conocer a más gente.,17,14
EN_039_8__ES_039_8,en-es,dev,"Ah, I think it's really nice to focus in school, but","Ah, creo que es muy agradable enfocarse en la escuela, pero",11,11
EN_039_9__ES_039_9,en-es,dev,I kind of agree with you.,Estoy de acuerdo contigo.,6,4
EN_040_10__ES_040_10,en-es,train,There's a back door that leads you outside.,Hay una puerta trasera que te lleva afuera.,8,8
EN_040_11__ES_040_11,en-es,train,H- he has a lot of machines to cut wood.,Tiene muchas máquinas para cortar madera.,10,6
EN_040_12__ES_040_12,en-es,train,He likes a lot of carpentry.,Le gusta mucha carpintería.,6,4
EN_040_13__ES_040_13,en-es,train,"Actually, uh, I wanted to study aerospace engineer.","De hecho, quería estudiar Ingeniería Aeroespacial.",8,6
EN_040_14__ES_040_14,en-es,train,"but when I got in UTEP, they didn't have it.",Pero cuando entré a UTEP no lo tenían.,10,8
EN_040_15__ES_040_15,en-es,train,"They already offered that program, but by then they didn't.","Ya ofrecieron ese programa, pero para entonces no lo hicieron.",10,10
EN_040_16__ES_040_16,en-es,train,"So my dad told me: it's just another thing, uh, for now.","Entonces mi papá me dijo, es otra cosa, por ahora.",12,10
EN_040_17__ES_040_17,en-es,train,I want an engineering and I don't see myself studying uh nursing or something like that.,Quiero ingeniería y no me veo estudiando enfermería o algo así.,16,11
EN_040_18__ES_040_18,en-es,train,"And I get in, no, I like it. And I stay in.","Y me metí, no, me gustó y me quedé adentro.",12,10
EN_040_19__ES_040_19,en-es,train,"So my dad is remodeling, so he's doing a lot of stuffs in there.","Mi papá está remodelando, está haciendo muchas cosas ahí.",14,9
EN_040_1__ES_040_1,en-es,train,"Oh, it's not that big.","Oh, no es tan grande.",5,5
EN_040_20__ES_040_20,en-es,train,"Uh, my mom actually, my mom just graduated from her bachelor's.","Mi mamá de hecho, mi mamá acaba de graduarse de su casa de soltero.",11,14
EN_040_21__ES_040_21,en-es,train,So my mom started as secretary first.,Mi mamá empezó como secretaria primero.,7,6
EN_040_22__ES_040_22,en-es,train,"So, actually you get into the house and it's to the right.","De hecho, entraste a la casa y está a la derecha.",12,11
EN_040_23__ES_040_23,en-es,train,"Well, actually my mom was the one that didn't want to have more kids when I was little.","Bueno, de hecho mi mamá era la que no quería tener más hijos cuando yo era chiquita.",18,17
EN_040_24__ES_040_24,en-es,train,"When I was little, I really wanted a sibling.","Cuando era chiquita, quería un hermano.",9,6
EN_040_2__ES_040_2,en-es,train,My bed is grey.,Mi cama es gris.,4,4
EN_040_3__ES_040_3,en-es,train,and the walls are white.,Y las paredes son blancas.,5,5
EN_040_4__ES_040_4,en-es,train,"Well, I have uh a desktop.","Bueno, tengo escritorio.",6,3
EN_040_5__ES_040_5,en-es,train,To the left is my bed.,A la izquierda está mi cama.,6,6
EN_040_6__ES_040_6,en-es,train,"I draw something in my wall, uh, a butterfly.","Dibujo algo en mi pared, una mariposa.",9,7
EN_040_7__ES_040_7,en-es,train,I like to buy a lot of things from- from school. I had a- a lot of stuffs from high school.,Me gusta comprar muchas cosas de la- de la escuela. Tuve muchas cosas de la preparatoria.,21,16
EN_040_8__ES_040_8,en-es,train,I got some from UTEP.,Me dieron un poco de UTEP.,5,6
EN_040_9__ES_040_9,en-es,train,you get out from the kitchen,Sales de la cocina.,6,4
EN_043_10__ES_043_10,en-es,train,"So they're like, every time they fight, they get stronger.","Cada vez que pelean, se hacen más fuertes.",10,8
EN_043_11__ES_043_11,en-es,train,They're like a race of humans or a race of aliens?,Son como una raza de humanos o aliens.,11,8
EN_043_12__ES_043_12,en-es,train,"I get you. I want to watch it, but it's also really long.","Lo entiendo, lo quiero ver, pero también es muy largo.",13,10
EN_043_13__ES_043_13,en-es,train,One Piece is real!,¡Una pieza es real!,4,4
EN_043_14__ES_043_14,en-es,train,"Yeah, it's already like a thousand, 1050 episodes.","Sí, ya son como mil, mil cincuenta episodios.",8,8
EN_043_15__ES_043_15,en-es,train,That one's so good. I love that one.,Esa está muy buena. Me encanta esa.,8,7
EN_043_16__ES_043_16,en-es,train,That one's like a nice short one.,Esa es como una linda bajita.,7,6
EN_043_17__ES_043_17,en-es,train,That was a rollercoaster of emotions.,Era una montaña rusa de emociones.,6,6
EN_043_18__ES_043_18,en-es,train,"Uh, it's kind of weird.",Es un poco raro.,5,4
EN_043_19__ES_043_19,en-es,train,"A lot of people skip it because they're like, oh, it's so slow.","Muchas personas se lo saltan porque están como, oh, está muy lento.",13,12
EN_043_1__ES_043_1,en-es,train,"So, um, is your favorite anime Dragon Ball?","Entonces, ¿es tu anime favorito Dragon Ball?",8,7
EN_043_20__ES_043_20,en-es,train,a little boring in comparison to the other ones.,Un poco aburrido en comparación con los otros.,9,8
EN_043_21__ES_043_21,en-es,train,I have to have the whole season in order to watch it.,Tengo que tener toda la temporada para poder verla.,12,9
EN_043_22__ES_043_22,en-es,train,"Everything from Juarez, peak.","Todo de Juárez, pico.",4,4
EN_043_23__ES_043_23,en-es,train,"Uh, it's 'cause I haven't had them in so long",Es porque no los he tenido en tanto tiempo.,10,9
EN_043_24__ES_043_24,en-es,train,Actually had him last week.,De hecho lo tuve la semana pasada.,5,7
EN_043_25__ES_043_25,en-es,train,they just devolve from humongous men to just...,Nomás se desvirtúan de hombres inmensos a...,8,7
EN_043_26__ES_043_26,en-es,train,the same era as like Abraham Lincoln I guess? I don't know how.,La misma época de Abraham Lincoln supongo que no sé cómo.,13,11
EN_043_27__ES_043_27,en-es,train,"Um, I- I haven't watched the- the last season.",No he visto la última temporada.,9,6
EN_043_2__ES_043_2,en-es,train,Would Goku win or would One Punch Man win?,¿Ganaría Goku o ganaría One Punch Man?,9,7
EN_043_3__ES_043_3,en-es,train,I would say Saitama.,Yo diría Saitama.,4,3
EN_043_4__ES_043_4,en-es,train,"Oh, his powers only work because of it's in-universe?","Oh, sus poderes solo funcionan porque está en el universo.",9,10
EN_043_5__ES_043_5,en-es,train,"But then again, you're just getting like two people from...","Pero de nuevo, estás recibiendo como dos personas de...",10,9
EN_043_6__ES_043_6,en-es,train,It's a tricky question.,Es una pregunta difícil.,4,4
EN_043_7__ES_043_7,en-es,train,Did you watch all of Dragon Ball?,¿Viste todo Dragon Ball?,7,4
EN_043_8__ES_043_8,en-es,train,Kinda like in Love of a God?,Como en el amor de un Dios.,7,7
EN_043_9__ES_043_9,en-es,train,"Like right there, but not there.","Justo ahí, pero no ahí.",6,5
EN_044_10__ES_044_10,en-es,train,so you haven't talked to him at all?,¿No has hablado con él para nada?,8,7
EN_044_11__ES_044_11,en-es,train,"Not often, maybe like once every two months.","No a menudo, tal vez una vez cada dos meses.",8,10
EN_044_12__ES_044_12,en-es,train,"I don't know. Uh, maybe it's because of the holidays and I'm sad that he's not there.",No sé. A lo mejor es por las fiestas y me da pena que no esté ahí.,17,17
EN_044_13__ES_044_13,en-es,train,"But <unk> when- when my birthday passes, I'm like, okay.","Pero cuando- cuando mi cumpleaños pasa, digo, ok.",10,8
EN_044_14__ES_044_14,en-es,train,It's like spring- spring and summer. I'm like woohoo.,"Es como la primavera, la primavera y el verano. Estoy como woohoo.",9,12
EN_044_15__ES_044_15,en-es,train,"Okay. Okay, I don't care.","Ok, ok, ok, ok, ok, ok, ok, ok, ok, ok, ok, ok, ok, ok, ok, ok, ok, ok, ok, ok, ok, ok, ok, ok, ok, ok, ok, ok, ok, ok, ok, ok, ok, ok, ok, ok, ok, no me importa.",5,40
EN_044_16__ES_044_16,en-es,train,"It- it happened a long time ago, it doesn't matter.","Ocurrió hace mucho tiempo, no importa.",10,6
EN_044_17__ES_044_17,en-es,train,It was like probably one of the worst school years of my life.,Era probablemente uno de los peores años de mi vida.,13,10
EN_044_18__ES_044_18,en-es,train,"I was very, very depressed.","Estaba muy, muy deprimido.",5,4
EN_044_19__ES_044_19,en-es,train,I flunked my math and...,Reprobé mis matemáticas y...,5,4
EN_044_1__ES_044_1,en-es,train,I feel like that has been happening to me recently.,Siento que eso me ha pasado recientemente.,10,7
EN_044_20__ES_044_20,en-es,train,I almost had to retake my- my- my um- um 7th grade year.,Casi tuve que retomar mi... mi... mi séptimo año de primaria.,13,11
EN_044_21__ES_044_21,en-es,train,"And I was doing really bad, and I didn't tell anyone, and my parents, they were like...","Y lo estaba haciendo muy mal, y no le dije a nadie, y mis papás estaban como...",17,17
EN_044_22__ES_044_22,en-es,train,"Something's wrong with you, but uh, I don't know.","Algo está mal contigo, pero no sé.",9,7
EN_044_2__ES_044_2,en-es,train,"Especially last year, with- with like...","Especialmente el año pasado, con...",6,5
EN_044_3__ES_044_3,en-es,train,"We're not last year, but like ever since COVID started.","No el año pasado, pero desde que COVID empezó.",10,9
EN_044_4__ES_044_4,en-es,train,You just get depressed.,Te deprimes.,4,2
EN_044_5__ES_044_5,en-es,train,I was in m- in my junior year. I was about to start my junior year too.,"Estaba en mi tercer año, estaba a punto de empezar mi tercer año también.",17,14
EN_044_6__ES_044_6,en-es,train,in high school?,¿En la prepa?,3,3
EN_044_7__ES_044_7,en-es,train,in high school.,En la prepa.,3,3
EN_044_8__ES_044_8,en-es,train,"Did he just like leave out of nowhere, or?",¿Se fue de la nada o nomás?,9,7
EN_044_9__ES_044_9,en-es,train,"From what I remember, it was just like: <unk>","De lo que me acuerdo, fue como que...",9,8
EN_045_10__ES_045_10,en-es,train,"Oh, I- I have another blast.","Oh, tengo otra explosión.",6,4
EN_045_11__ES_045_11,en-es,train,Really? It's because they're cool.,¿En serio? Es porque están cool.,5,6
EN_045_12__ES_045_12,en-es,train,"Okay, here I have my laptop.","Ok, aquí tengo mi laptop.",6,5
EN_045_13__ES_045_13,en-es,train,"my binder for all of my papers, for my homework.","Mi binder para todos mis papeles, para mi tarea.",10,9
EN_045_14__ES_045_14,en-es,train,And here I have a lot of papers that I don't care about and I- I just leave.,Y aquí tengo muchos papeles que no me importan y me voy.,18,12
EN_045_15__ES_045_15,en-es,train,and over here I have my notebook to write some notes for whichever class.,Y aquí tengo mi cuaderno para escribir notas para cualquier clase.,14,11
EN_045_16__ES_045_16,en-es,train,And then I have my two chargers. One is for the laptop and the other is for the phone.,Y luego tengo mis dos cargadores. Uno es para el laptop y el otro es para el teléfono.,19,18
EN_045_1__ES_045_1,en-es,train,Should I start or you?,¿Empiezo yo o tú?,5,4
EN_045_2__ES_045_2,en-es,train,I already remembered everything.,Ya me acordé de todo.,4,5
EN_045_3__ES_045_3,en-es,train,Those are my formula sheets from Calculus 2.,Son mis hojas de fórmulas de cálculo 2.,8,8
EN_045_4__ES_045_4,en-es,train,"and my notebook. This one, I use it for all of my classes.","Y mi cuaderno, este lo uso para todas mis clases.",13,10
EN_045_5__ES_045_5,en-es,train,"It's basically just for taking notes, it's not that much.","Es básicamente para tomar notas, no es tanto.",10,8
EN_045_6__ES_045_6,en-es,train,"because I always have clothes on my backpack, but.","Porque siempre tengo ropa en mi mochila, pero...",9,8
EN_045_7__ES_045_7,en-es,train,I think I have more here.,Creo que tengo más aquí.,6,5
EN_045_8__ES_045_8,en-es,train,"If I have to say that I have an impulsive purchase, uh they will be perfumes.","Si tengo que decir que tengo una compra impulsiva, uh serán perfumes.",16,12
EN_045_9__ES_045_9,en-es,train,And in this little bag I have all of my makeup,Y en esta bolsita tengo todo mi maquillaje.,11,8
EN_050_10__ES_050_10,en-es,train,"Uh because the uh- the boss, she's a little bit cray cray.",Porque la jefa está un poco chiflada.,12,7
EN_050_11__ES_050_11,en-es,train,"I like working outside, and then I just ask, and they're like, okay, and then they buy it, and that's cool.","Me gusta trabajar afuera, y luego pregunto, y están como, ok, y luego lo compran, y está bien.",21,18
EN_050_12__ES_050_12,en-es,train,I'm not in the sun. I'm not burning.,"No estoy en el sol, no me estoy quemando.",8,9
EN_050_13__ES_050_13,en-es,train,"This Friday, I'm going to work from 12 to 4.",Este viernes voy a trabajar de 12 a 4.,10,9
EN_050_14__ES_050_14,en-es,train,"It was going to be from 12 to 8, but I- I told them, mm-mm-mm.","Iba a ser de 12 a 8, pero les dije, mm-mm-mm.",15,11
EN_050_15__ES_050_15,en-es,train,"She's complaining like: ""You only told me it was on Saturday.""",Se está quejando como de que nomás me dijiste que era el sábado.,11,13
EN_050_16__ES_050_16,en-es,train,But I told her it was both days.,Pero le dije que eran los dos días.,8,8
EN_050_17__ES_050_17,en-es,train,"If it doesn't benefit you, then nah.","Si no te beneficia, entonces no.",7,6
EN_050_18__ES_050_18,en-es,train,"Well, now that I work here now. I like working here significantly more, because they give me free food.","Bueno, ahora que trabajo aquí me gusta trabajar aquí significativamente más porque me dan comida gratis.",19,16
EN_050_19__ES_050_19,en-es,train,"because I have a lot of stuff to do, the work.","Porque tengo muchas cosas que hacer, el trabajo.",11,8
EN_050_1__ES_050_1,en-es,train,"Yes, I am gonna talk.","Sí, voy a hablar.",5,4
EN_050_20__ES_050_20,en-es,train,But you have to turn it in on Friday.,Pero tienes que entregarlo el viernes.,9,6
EN_050_21__ES_050_21,en-es,train,This Friday.,Este viernes.,2,2
EN_050_22__ES_050_22,en-es,train,"the 11th of november, so next friday.","El 11 de noviembre, el próximo viernes.",7,7
EN_050_23__ES_050_23,en-es,train,The whole lab is turned in?,¿Se entrega todo el laboratorio?,6,5
EN_050_24__ES_050_24,en-es,train,How's it going in the lab?,¿Cómo te va en el laboratorio?,6,6
EN_050_25__ES_050_25,en-es,train,"Uh, I copy pasted it, and I read it, and that's it.","Lo copy, lo pegué, lo leí y ya.",12,8
EN_050_26__ES_050_26,en-es,train,"In my mind, it's really easy.",En mi mente es muy fácil.,6,6
EN_050_27__ES_050_27,en-es,train,"But, when I sit down to do it, I don't know where to start.","Pero cuando me siento a hacerlo, no sé por dónde empezar.",14,11
EN_050_28__ES_050_28,en-es,train,"That's how I am, actually.","Así es como soy, de hecho.",5,6
EN_050_29__ES_050_29,en-es,train,"The other day I saw it and I was like, uh it's going to be easy.","El otro día lo vi y dije, uh va a ser fácil.",16,12
EN_050_2__ES_050_2,en-es,train,"If I fall apart, I'm sorry, yeah?","Si me deshago, lo siento, ¿sí?",7,6
EN_050_30__ES_050_30,en-es,train,"Then I started reading and I was like, oh what the hell?","Entonces empecé a leer y dije, oh, ¿qué demonios?",12,9
EN_050_31__ES_050_31,en-es,train,"like, how you told me, like i feel like i should be doing something, but i'm not.","¿Cómo me dijiste? Siento que debería estar haciendo algo, pero no lo estoy haciendo.",17,14
EN_050_3__ES_050_3,en-es,train,"Um, well, I was very stressed.","Um, bueno, estaba muy estresado.",6,5
EN_050_4__ES_050_4,en-es,train,"I couldn't find my keys today, so I brought my spares.","No pude encontrar mis llaves hoy, así que traje mis repuestos.",11,11
EN_050_5__ES_050_5,en-es,train,"But then I looked in my- in my pant- my pants, and they weren't there.","Pero luego busqué en mi pantal- en mi pantalón, y no estaban ahí.",15,13
EN_050_6__ES_050_6,en-es,train,"Uh, I don't want to work. Yeah, I- I work two jobs.","No quiero trabajar. Sí, trabajo dos trabajos.",12,7
EN_050_7__ES_050_7,en-es,train,"I don't want to work in the job uh on Sundays, because I only work that one day.",No quiero trabajar en el trabajo los domingos porque solo trabajo ese día.,18,13
EN_050_8__ES_050_8,en-es,train,"I'm thinking of leaving that job, because I'm not liking that work anymore.",Estoy pensando en dejar ese trabajo porque ya no me está gustando ese trabajo.,13,14
EN_050_9__ES_050_9,en-es,train,It's not as easy anymore.,Ya no es tan fácil.,5,5
EN_051_10__ES_051_10,en-es,train,"'Cause their first few albums they sounded a lot like Le- Led Zeppelin, people were like, oh, you're just copycats.","Porque sus primeros álbumes sonaban muy parecidos a Led Zeppelin, la gente decía, oh, solo son imitadores.",20,17
EN_051_11__ES_051_11,en-es,train,"Yeah, they take after other bands.","Sí, toman después de otras bandas.",6,6
EN_051_12__ES_051_12,en-es,train,"Initially I wasn't, I was gonna g- go by myself 'cause I feel like I'd be awkward in a concert with somebody else.","Inicialmente no estaba, iba a ir yo sola porque me sentía incómoda en un concierto con otra persona.",23,18
EN_051_13__ES_051_13,en-es,train,"But my friend, she was like, oh, I'll go with you. And I was like, m'kay.","Pero mi amiga dijo, oh, iré contigo y yo dije, ok.",16,11
EN_051_14__ES_051_14,en-es,train,how open you are with like sharing your music with other people I guess,¿Cómo de abierto estás compartiendo tu música con otras personas?,14,10
EN_051_15__ES_051_15,en-es,train,"Not a lot, because we... it just mostly went around on the bus.","No mucho, porque la mayoría de las veces nos fuimos en el bus.",13,13
EN_051_16__ES_051_16,en-es,train,There wasn't that much that was done because I'll I also overslept.,No había tanto que se hizo porque también me quedé dormida.,12,11
EN_051_17__ES_051_17,en-es,train,I came back in the plane today.,Regresé en el avión hoy.,7,5
EN_051_18__ES_051_18,en-es,train,"Well, it was at five?","Bueno, ¿era a las cinco?",5,5
EN_051_19__ES_051_19,en-es,train,"Yeah, 'cause I- I- I don't sleep all that much. I have some insomnia.","Sí, porque no duermo tanto, tengo insomnio.",14,7
EN_051_1__ES_051_1,en-es,train,"Uh, can you tell me about your trip to Austin?",¿Me puedes contar de tu viaje a Austin?,10,8
EN_051_20__ES_051_20,en-es,train,If I'm just more aware of things that I'm doing.,Si estoy más consciente de las cosas que estoy haciendo.,10,10
EN_051_21__ES_051_21,en-es,train,Because I know I have different assignments.,Porque sé que tengo diferentes tareas.,7,6
EN_051_22__ES_051_22,en-es,train,I have to get done and I want to do them as soon as they come out.,Tengo que terminar y quiero hacerlos tan pronto como salgan.,17,10
EN_051_2__ES_051_2,en-es,train,I went to... go to a concert.,Fui a un concierto.,7,4
EN_051_3__ES_051_3,en-es,train,following this artist for a couple of years now.,Siguiendo a este artista por un par de años.,9,9
EN_051_4__ES_051_4,en-es,train,"He's British, so he's been doing sort of gigs and concerts in the UK.","Es británico, ha estado haciendo conciertos y conciertos en el Reino Unido.",14,12
EN_051_5__ES_051_5,en-es,train,But I noticed that he was doing one here in the US.,Pero noté que estaba haciendo uno aquí en Estados Unidos.,12,10
EN_051_6__ES_051_6,en-es,train,So I bought the tickets a couple months ago.,Compré los boletos hace un par de meses.,9,8
EN_051_7__ES_051_7,en-es,train,I went and I stayed with him and then we went together.,Me fui y me quedé con él y luego fuimos juntos.,12,11
EN_051_8__ES_051_8,en-es,train,"Just speaking of concerts, I'm actually going to a concert tomorrow.","Hablando de conciertos, de hecho voy a ir a un concierto mañana.",11,12
EN_051_9__ES_051_9,en-es,train,"They play like rock, but it's more like alt rock.","Tocan como rock, pero es más como rock alternativo.",10,9
EN_052_10__ES_052_10,en-es,train,then there's gonna be another street called Kenazo.,Entonces va a haber otra calle llamada Kenazo.,8,8
EN_052_11__ES_052_11,en-es,train,Then there's a stop light f- off East Lake and Horizon and I still go straight.,Entonces hay un semáforo de East Lake y Horizon y sigo derecho.,16,12
EN_052_12__ES_052_12,en-es,train,So I pass the horizon high school and in two streets I go I turn left,Paso el horizonte de la prepa y en dos calles me doy vuelta a la izquierda.,16,16
EN_052_13__ES_052_13,en-es,train,"Then you pass like five houses, and then there's my house.",Entonces pasas como cinco casas y ahí está mi casa.,11,10
EN_052_14__ES_052_14,en-es,train,How much time is it from here to your house?,¿Cuánto tiempo es de aquí a tu casa?,10,8
EN_052_15__ES_052_15,en-es,train,"without traffic, like half an hour.","Sin tráfico, como media hora.",6,5
EN_052_16__ES_052_16,en-es,train,"With more than 26 minutes, uh I'm already sick of traffic.",Con más de 26 minutos ya estoy harto del tráfico.,11,10
EN_052_17__ES_052_17,en-es,train,"No, one time I made like two hours on the freeway.","No, una vez hice como dos horas en el freeway.",11,10
EN_052_18__ES_052_18,en-es,train,"Yeah, and so the bridges, with their bridges, and they made them with two lanes, I don't know how they're gonna make them with three.","Sí, y los puentes, con sus puentes, y los hicieron con dos carriles, no sé cómo los van a hacer con tres.",25,22
EN_052_19__ES_052_19,en-es,train,There's a place by West town where you have to be like a snake.,Hay un lugar en West Town donde tienes que ser como una víbora.,14,13
EN_052_1__ES_052_1,en-es,train,"So I get out of the Sun Bowl, then I go to the... left to get the roundabout.",Salgo del Sun Bowl y luego me voy a la izquierda para tomar la glorieta.,18,15
EN_052_20__ES_052_20,en-es,train,'cause the traffic's horrible there.,Porque el tráfico es horrible ahí.,5,6
EN_052_21__ES_052_21,en-es,train,"to the right, and then to the right again.",a la derecha y luego a la derecha otra vez.,9,10
EN_052_22__ES_052_22,en-es,train,and there's the exit,Y ahí está la salida.,4,5
EN_052_23__ES_052_23,en-es,train,"I don't know what it's called, but I go there.","No sé cómo se llama, pero voy para allá.",10,9
EN_052_24__ES_052_24,en-es,train,It forces you to go to the outlets and then you have to do the U-turn.,Te fuerza a ir a los outlets y luego tienes que hacer el U-turn.,16,14
EN_052_25__ES_052_25,en-es,train,There's always traffic there.,Siempre hay tráfico ahí.,4,4
EN_052_2__ES_052_2,en-es,train,"and then from there on the light, I go to the right","Y luego de ahí en la luz, voy a la derecha.",12,11
EN_052_38__ES_052_38,en-es,train,"I live on the west side, so I don't even know.","Vivo en el West Side, no sé.",11,7
EN_052_3__ES_052_3,en-es,train,to the right then straight then passing the light that's where the freeway is,a la derecha luego derecho y luego pasando la luz ahí es donde está la autopista,14,16
EN_052_4__ES_052_4,en-es,train,It's like if the trains are over there and then to the left.,Es como si los trenes están allá y luego a la izquierda.,13,12
EN_052_5__ES_052_5,en-es,train,'cause you know when you get out off Schuster to come to UTEP.,Porque ya sabes cuando sales de Schuster para venir a UTEP.,13,11
EN_052_7__ES_052_7,en-es,train,"I sometimes get out at East Lake, depends on traffic.","A veces salgo en East Lake, depende del tráfico.",10,9
EN_052_8__ES_052_8,en-es,train,"Pues, the traffic is... has stopped. Just get out at East Lake.","Pues, el tráfico se ha parado. Salgamos en East Lake.",12,10
EN_052_9__ES_052_9,en-es,train,"On Darrington, I go straight.","En Darington, voy derecho.",5,4
EN_053_10__ES_053_10,en-es,train,"two exams, I failed them with 30s and 50s","Dos exámenes, les fallé con 30s y 50s.",9,8
EN_053_11__ES_053_11,en-es,train,and then the third exam I passed it with like with a 78 and that helped me a lot.,Y luego el tercer examen lo pasé como con un 78 y eso me ayudó mucho.,19,16
EN_053_12__ES_053_12,en-es,train,"Uh-huh, I remember that I used to get into that class at 10:30.","Ajá, recuerdo que solía entrar a esa clase a las 10:30.",13,11
EN_053_13__ES_053_13,en-es,train,and get here to UTEP about 8 in the morning,y llegar a UTEP como a las 8 de la mañana,10,11
EN_053_14__ES_053_14,en-es,train,"Yeah, cuz he kind of get mad because you don't learn it","Sí, porque se enojó porque no lo aprendiste.",12,8
EN_053_15__ES_053_15,en-es,train,"Yeah, it's because I think that Mejia is strict, but he's fair.","Sí, es porque creo que Mejía es estricto, pero es justo.",12,11
EN_053_16__ES_053_16,en-es,train,"I think that he doesn't do favors like, oh you're gonna pass.","Creo que no hace favores como que, oh vas a pasar.",12,11
EN_053_17__ES_053_17,en-es,train,"The second one, um, study.","La segunda, estudiar.",5,3
EN_053_18__ES_053_18,en-es,train,but the homeworks that we have right now are more difficult.,Pero las tareas que tenemos ahora son más difíciles.,11,9
EN_053_19__ES_053_19,en-es,train,"So for example, if someone finished a part, they're like, oh, in case somebody needed uh, here it is.","Así que por ejemplo, si alguien terminó una parte, son como, oh, en caso de que alguien necesita uh, aquí está.",19,21
EN_053_1__ES_053_1,en-es,train,Uh well starting because I strongly recommend to take a- a programming course.,Pues empezando porque te recomiendo tomar un curso de programación.,13,10
EN_053_20__ES_053_20,en-es,dev,"But he's not the type to say, oh, let me help you.","Pero no es de los que dicen, oh, déjame ayudarte.",12,10
EN_053_21__ES_053_21,en-es,train,"In that subject, I've noticed that people is really selfish.","En ese tema, he notado que la gente es muy egoísta.",10,11
EN_053_22__ES_053_22,en-es,train,because I feel that it's a really competitive career.,Porque siento que es una carrera muy competitiva.,9,8
EN_053_23__ES_053_23,en-es,dev,Very competitive.,Muy competitivo.,2,2
EN_053_24__ES_053_24,en-es,dev,"Right then, what's the third uh piece of advice?","Entonces, ¿cuál es el tercer consejo?",9,6
EN_053_25__ES_053_25,en-es,train,"That would be a good advice, make connections, make good connections because from there it depends a lot.","Ese sería un buen consejo, hacer conexiones, hacer buenas conexiones porque de ahí depende mucho.",18,15
EN_053_2__ES_053_2,en-es,train,before starting because yeah it's kind of hard,Antes de empezar porque sí es un poco difícil.,8,9
EN_053_3__ES_053_3,en-es,train,start without knowing absolutely nothing,empezar sin saber absolutamente nada,5,5
EN_053_4__ES_053_4,en-es,train,"Me for example, I get in knowing a little bit from Arduino, but nothing like Java.","Yo, por ejemplo, conozco un poquito de Arduino, pero nada como Java.",16,12
EN_053_5__ES_053_5,en-es,train,professors are not on top of you and nothing like that and,Los profesores no están encima de ti y nada de eso.,12,11
EN_053_6__ES_053_6,en-es,train,"Yeah, it's- it's kind of difficult to learn a new language.","Sí, es difícil aprender un nuevo lenguaje.",11,7
EN_053_8__ES_053_8,en-es,train,I was about to fail the subject of CS1.,Estaba a punto de fallar el tema de CS1.,9,9
EN_053_9__ES_053_9,en-es,train,"I remember that my first three exams, no.","Me acuerdo que mis primeros tres exámenes, no.",8,8
EN_054_10__ES_054_10,en-es,train,even if you didn't like the people.,Aunque no te gustara la gente.,7,6
EN_054_11__ES_054_11,en-es,train,you could have voted for like the lesser of the evils.,Podrías haber votado como el menor de los males.,11,9
EN_054_12__ES_054_12,en-es,train,"If Beto still asks, then you're like, okay, he's still terrible, but we tried something new.","Si Beto todavía pregunta, entonces estás como, ok, sigue siendo horrible, pero intentamos algo nuevo.",16,15
EN_054_13__ES_054_13,en-es,train,And then I chose one green because I thought it was funny because it was green party,Y luego escogí uno verde porque pensé que era divertido porque era fiesta verde.,17,14
EN_054_14__ES_054_14,en-es,train,so we don't really know if that's their true intention to do,Entonces realmente no sabemos si esa es su verdadera intención de hacer.,12,12
EN_054_15__ES_054_15,en-es,train,He's terrible for Texas.,Es horrible para Texas.,4,4
EN_054_16__ES_054_16,en-es,train,"Don't let him get Texas, guys.","No lo dejen agarrar a Texas, chicos.",6,7
EN_054_1__ES_054_1,en-es,train,Give me your reason why you're not political.,Dame tu razón por la que no eres político.,8,9
EN_054_2__ES_054_2,en-es,train,And cuz they're a bunch of liars.,Y porque son un montón de mentirosos.,7,7
EN_054_3__ES_054_3,en-es,train,"So it's like, why follow them? See, they're not really going to do anything that-that they say so.","Entonces es como, ¿por qué seguirlos? Verás, no van a hacer nada de lo que dicen.",18,16
EN_054_4__ES_054_4,en-es,train,"For me? Like, did- did you vote?",¿Por mí? ¿Votaste?,7,3
EN_054_5__ES_054_5,en-es,train,"No, you're from Horizon, right? Did you vote?","No, eres de Horizon, ¿verdad? ¿Votaste?",8,6
EN_054_6__ES_054_6,en-es,train,"Yeah, I'm from here. No.","Sí, soy de aquí. No.",5,5
EN_054_7__ES_054_7,en-es,train,"I voted like last last minute, like an hour beforehand.","Voté como en el último minuto, como una hora antes.",10,10
EN_054_8__ES_054_8,en-es,train,One of my friends was a Trump supporter.,Uno de mis amigos era un partidario de Trump.,8,9
EN_054_9__ES_054_9,en-es,train,I could not- I could not speak with him.,"No podía, no podía hablar con él.",9,7
EN_055_10__ES_055_10,en-es,train,and I also didn't like his design,Y tampoco me gustó su diseño.,7,6
EN_055_11__ES_055_11,en-es,train,"Okay, hold on, hold on. We're not disagreeing.","Ok, espera, espera, espera, no estamos en desacuerdo.",8,8
EN_055_12__ES_055_12,en-es,train,"Doctor Octopus, oh my god.","Doctor Octopus, ay, Dios mío.",5,5
EN_055_13__ES_055_13,en-es,train,"Ah, it's okay","Ah, está bien.",3,3
EN_055_14__ES_055_14,en-es,train,"Oh yeah, I- I didn't like him.","Ah, sí, no me gustó.",7,5
EN_055_15__ES_055_15,en-es,train,"At the time, I really liked it.",En el momento me gustó mucho.,7,6
EN_055_1__ES_055_1,en-es,train,You can't disagree with me on that.,No puedes estar en desacuerdo conmigo en eso.,7,8
EN_055_2__ES_055_2,en-es,train,"Uh, the sister?",¿La hermana?,3,2
EN_055_3__ES_055_3,en-es,train,"Okay, look, I- I admit it had its problems.","Ok, mira, yo- yo admito que tenía sus problemas.",9,9
EN_055_4__ES_055_4,en-es,train,the- the fat guy.,El- el gordito.,4,3
EN_055_5__ES_055_5,en-es,train,"But honestly, I love the movie in terms of the plot.","Pero honestamente, me encanta la película en términos de la historia.",11,11
EN_055_6__ES_055_6,en-es,train,"That's mainly because of COVID, though.",Pero eso es principalmente por COVID.,6,6
EN_055_7__ES_055_7,en-es,train,"But look, I still had fun watching it. I thought it was entertaining.","Pero mira, todavía me divertí viéndola, me pareció entretenida.",13,9
EN_055_8__ES_055_8,en-es,train,"Eternals? Ah, it's not as bad as people say it is.","Eternals? Ah, no es tan malo como la gente dice que es.",11,12
EN_055_9__ES_055_9,en-es,train,I think it should have taken a lot more serious tone.,Creo que debería haber tomado un tono mucho más serio.,11,10
EN_056_10__ES_056_10,en-es,train,It was like 3 a.m. in the morning in El Paso.,Eran como las 3 de la mañana en El Paso.,11,10
EN_056_11__ES_056_11,en-es,dev,Remember that we were staying in a hotel.,Recuerda que nos estábamos quedando en un hotel.,8,8
EN_056_12__ES_056_12,en-es,dev,"Fine, then I suppose we did go.","Bien, entonces supongo que nos fuimos.",7,6
EN_056_13__ES_056_13,en-es,train,"Yeah, we walked a lot in the city.","Sí, caminamos mucho en la ciudad.",8,6
EN_056_14__ES_056_14,en-es,dev,I did go in because I remember where everything was at.,Entré porque recuerdo dónde estaba todo.,11,6
EN_056_15__ES_056_15,en-es,train,But I did like Madrid a lot.,Pero sí me gustó mucho Madrid.,7,6
EN_056_16__ES_056_16,en-es,dev,"Oh, that's when uh my dad went to the bullfight, no?","Oh, ahí fue cuando mi papá fue a la corrida de toros, ¿no?",11,13
EN_056_17__ES_056_17,en-es,train,"Yeah, but that was like the next day, no?","Sí, pero eso fue como el siguiente día, ¿no?",9,9
EN_056_18__ES_056_18,en-es,dev,"That they went to that, I don't know whose concert, and they couldn't get out because they got stranded. Because they couldn't find Uber.","Que fueron a eso, no sé de quién concierto, y no pudieron salir porque se quedaron varados porque no pudieron encontrar a Uber.",24,23
EN_056_19__ES_056_19,en-es,dev,"Because, okay, a concert ends at, like, what? Eleven?","Porque, ok, un concierto termina como en, ¿qué? ¿Once?",9,9
EN_056_1__ES_056_1,en-es,train,"Day one, we made it to Portugal.","Día uno, llegamos a Portugal.",7,5
EN_056_20__ES_056_20,en-es,train,"Wait, but what else did we do there?","Espera, pero ¿qué más hicimos ahí?",8,6
EN_056_2__ES_056_2,en-es,dev,"Yeah, that we thought we weren't going to make it.","Sí, que pensábamos que no lo conseguiríamos.",10,7
EN_056_3__ES_056_3,en-es,train,"And it was really early, I remember.","Y era muy temprano, me acuerdo.",7,6
EN_056_4__ES_056_4,en-es,train,"Oh, that's true.","Oh, es verdad.",3,3
EN_056_5__ES_056_5,en-es,dev,"From there, I don't remember where we went. I think we went to...",De ahí no recuerdo adónde fuimos. Creo que fuimos a...,13,10
EN_056_6__ES_056_6,en-es,train,We made it to Portugal and I remember we were like very tired.,Llegamos a Portugal y recuerdo que estábamos muy cansados.,13,9
EN_056_7__ES_056_7,en-es,train,But in then uh we went to another museum.,Pero luego fuimos a otro museo.,9,6
EN_056_8__ES_056_8,en-es,dev,"I remember that when we got there, the first thing that we did was","Recuerdo que cuando llegamos ahí, lo primero que hicimos fue...",14,10
EN_056_9__ES_056_9,en-es,dev,Right there we hadn't slept for about 18 hours.,Justo ahí hacía como 18 horas que no dormíamos.,9,9
EN_057_1__ES_057_1,en-es,dev,think of what are the words uh,Piensa en cuales son las palabras uh,7,7
EN_057_2__ES_057_2,en-es,train,"No, those are... they're called cherries.","No, esos son... se llaman cerezas.",6,6
EN_057_4__ES_057_4,en-es,train,They get bored of the food.,Se aburren de la comida.,6,5
EN_057_6__ES_057_6,en-es,train,I almost always eat something with eggs.,Casi siempre como algo con huevos.,7,6
EN_058_10__ES_058_10,en-es,test,one character and it's cute.,Un personaje y es lindo.,5,5
EN_058_1__ES_058_1,en-es,dev,"Okay, now it's now it's recording.","Ok, ahora está grabando.",6,4
EN_058_2__ES_058_2,en-es,test,"It's kind of like the switch, but not with like the removable sides","Es como el interruptor, pero no con los lados removibles.",13,10
EN_058_3__ES_058_3,en-es,test,"Well, it's kind of like The Sims, but like...","Bueno, es como Los Sims, pero como...",9,7
EN_058_4__ES_058_4,en-es,test,and then we can visit each other.,Y luego podemos visitarnos.,7,4
EN_058_5__ES_058_5,en-es,test,And I'm taking two classes of graphic design.,Y estoy tomando dos clases de diseño gráfico.,8,8
EN_058_6__ES_058_6,en-es,test,Each class it's like three hours and a half,Cada clase son como tres horas y media.,9,8
EN_058_7__ES_058_7,en-es,test,like hidden but also like obvious,Ocultos pero también obvios.,6,4
EN_058_8__ES_058_8,en-es,test,And it's like wrapped within the hair.,Y está como envuelto en el pelo.,7,7
EN_058_9__ES_058_9,en-es,dev,but,Pero,1,1
EN_059_10__ES_059_10,en-es,train,Get out. Get out of the car. Get out of the house.,"Sal del carro, sal de la casa.",12,7
EN_059_11__ES_059_11,en-es,train,"No, you've never been to a concert?","No, ¿nunca has ido a un concierto?",7,7
EN_059_12__ES_059_12,en-es,dev,I wanna go to Coachella because Blackpink is gonna be there.,Quiero ir a Coachella porque Blackpink va a estar ahí.,11,10
EN_059_13__ES_059_13,en-es,dev,Do you want to go?,¿Quieres ir?,5,2
EN_059_14__ES_059_14,en-es,train,Almost $500.,Casi 500 dólares.,2,3
EN_059_15__ES_059_15,en-es,dev,"And they say, no, we can't because of this and that. And I'm like, ah.","Y dicen, no, no podemos a causa de esto y aquello. Y yo digo, ah.",15,15
EN_059_16__ES_059_16,en-es,dev,I'm gonna sell my phone and my house.,Voy a vender mi teléfono y mi casa.,8,8
EN_059_17__ES_059_17,en-es,train,It's because my mom really loves my my doggy.,Es porque mi mamá realmente quiere a mi mi perrito.,9,10
EN_059_18__ES_059_18,en-es,train,Let's go.,Vamos.,2,1
EN_059_1__ES_059_1,en-es,train,"Well, I don't know because with the concert, I was very distracted.","Bueno, no sé porque con el concierto estaba muy distraída.",12,10
EN_059_2__ES_059_2,en-es,train,"No, I couldn't concentrate for anything.","No, no me podía concentrar para nada.",6,7
EN_059_3__ES_059_3,en-es,dev,I wanna go to the concert,Quiero ir al concierto.,6,4
EN_059_4__ES_059_4,en-es,train,"Well, for right now, it's more of writing.","Bueno, por el momento es más de escritura.",8,8
EN_059_5__ES_059_5,en-es,dev,But but now that you've got it you could just rest no,Pero ahora que lo tienes puedes descansar.,12,7
EN_059_6__ES_059_6,en-es,train,"Well, I don't know because now it's the anxiousness of seeing them.","Bueno, no sé porque ahora es la ansiedad de verlos.",12,10
EN_059_7__ES_059_7,en-es,dev,And which which seats did you get?,¿Y qué asientos te dieron?,7,5
EN_059_8__ES_059_8,en-es,train,the ones that are on the first level,los que están en el primer nivel,8,7
EN_059_9__ES_059_9,en-es,train,"No, the more expensive ones are the ones that are on the floor.","No, los más caros son los que están en el piso.",13,11
EN_060_10__ES_060_10,en-es,dev,uh hotel buffets and- and Mexico,buffets de hotel y Mexico,6,5
EN_060_11__ES_060_11,en-es,dev,"I don't have my phone, but I'll I'll look it up later.","No tengo mi teléfono, pero lo buscaré más tarde.",12,9
EN_060_12__ES_060_12,en-es,dev,shrimp chicken they have beef too,Camarones pollo también tienen res.,6,5
EN_060_13__ES_060_13,en-es,dev,"They have pork, shrimp, tofu.","Tienen cerdo, camarones, tofu.",5,4
EN_060_14__ES_060_14,en-es,dev,Some are actually like really spicy.,"De hecho, algunos son muy picantes.",6,6
EN_060_15__ES_060_15,en-es,dev,"Or if you really like it, just like buy it at Walmart.","O si de verdad te gusta, cómpralo en Walmart.",12,9
EN_060_16__ES_060_16,en-es,dev,Uh-huh.,Ajá.,1,1
EN_060_17__ES_060_17,en-es,dev,You don't feel like that.,No te sientes así.,5,4
EN_060_18__ES_060_18,en-es,dev,Yeah.,Sí.,1,1
EN_060_19__ES_060_19,en-es,dev,Yeah.,Sí.,1,1
EN_060_1__ES_060_1,en-es,dev,"No, before you get there, ask me.","No, antes de que llegues, pregúntame.",7,6
EN_060_2__ES_060_2,en-es,dev,I don't know who even came up with that idea.,No sé a quién se le ocurrió esa idea.,10,9
EN_060_3__ES_060_3,en-es,dev,How did he know? Like they just told them or?,¿Cómo lo supo? Como si se lo hubieran dicho o...,10,10
EN_060_4__ES_060_4,en-es,dev,You can ask me if you need help.,Puedes preguntarme si necesitas ayuda.,8,5
EN_060_5__ES_060_5,en-es,dev,For the last one I had only 5 attempts.,Para el último solo tuve 5 intentos.,9,7
EN_060_6__ES_060_6,en-es,dev,they talk about like true mystery,Hablan de un verdadero misterio.,6,5
EN_060_7__ES_060_7,en-es,dev,not recent and pretty recent,No reciente y bastante reciente,5,5
EN_060_8__ES_060_8,en-es,dev,It- it gets boring sometimes.,A veces se pone aburrido.,5,5
EN_060_9__ES_060_9,en-es,dev,I've heard they're they like they're pretty bad.,He oído que son como que son muy malos.,8,9
EN_061_10__ES_061_10,en-es,train,"No, it's just like a really small room.","No, es como una habitación muy pequeña.",8,7
EN_061_11__ES_061_11,en-es,train,You can just put paper on top and it's like a light beam.,Puedes poner papel arriba y es como un rayo de luz.,13,11
EN_061_12__ES_061_12,en-es,train,That- that one took really long.,Ese tomó mucho tiempo.,6,4
EN_061_13__ES_061_13,en-es,train,We're going to put it on our portfolio.,Lo vamos a poner en nuestro portfolio.,8,7
EN_061_14__ES_061_14,en-es,train,It's just a character design.,Es solo un diseño de personaje.,5,6
EN_061_15__ES_061_15,en-es,train,I call them chicken legs.,Yo los llamo patas de gallina.,5,6
EN_061_16__ES_061_16,en-es,train,"Nevermind, I thought I was about to sneeze.","No importa, pensé que estaba a punto de estornudar.",8,9
EN_061_17__ES_061_17,en-es,train,I'm in like purgatory right now.,Estoy como en el purgatorio en este momento.,6,8
EN_061_18__ES_061_18,en-es,dev,"I mean, every time I look at the sun, it makes me want to sneeze.",Cada vez que miro el sol me da ganas de estornudar.,15,11
EN_061_19__ES_061_19,en-es,train,sun,Sol,1,1
EN_061_1__ES_061_1,en-es,dev,Exactly. It's better than being a liar.,"Exactamente, es mejor que mentir.",7,5
EN_061_20__ES_061_20,en-es,train,"They're not mine. They don't really love me, so...","No son míos, no me quieren de verdad, así que...",9,10
EN_061_2__ES_061_2,en-es,train,I think everybody lies to their parents.,Creo que todos mienten a sus padres.,7,7
EN_061_3__ES_061_3,en-es,dev,You- You have to know how to lie.,Tienes que saber mentir.,8,4
EN_061_4__ES_061_4,en-es,train,"Yeah, you would have to lie.","Sí, tendrías que mentir.",6,4
EN_061_5__ES_061_5,en-es,dev,You see?,¿Ves?,2,1
EN_061_6__ES_061_6,en-es,dev,You see there's scenarios where we have to lie.,Hay escenarios donde tenemos que mentir.,9,6
EN_061_7__ES_061_7,en-es,train,What do you mean?,¿Qué quieres decir?,4,3
EN_061_8__ES_061_8,en-es,train,"If it gets closed on those, we won't be able to get out.","Si se cierra con eso, no vamos a poder salir.",13,10
EN_061_9__ES_061_9,en-es,dev,"Every time you go into that room, you're risking your life.",Cada vez que vas a esa habitación estás arriesgando tu vida.,11,11
EN_062_10__ES_062_10,en-es,dev,That's a good meal.,Es una buena comida.,4,4
EN_062_11__ES_062_11,en-es,train,"Yeah, go support.","Sí, ve a apoyar.",3,4
EN_062_12__ES_062_12,en-es,train,But we ended up taking our picture.,Pero terminamos tomando nuestra foto.,7,5
EN_062_13__ES_062_13,en-es,train,It was the sun's fault.,Fue culpa del sol.,5,4
EN_062_14__ES_062_14,en-es,train,"You know, that girl was really nice.",¿Sabes? Esa chica era muy amable.,7,6
EN_062_15__ES_062_15,en-es,dev,So.,Entonces.,1,1
EN_062_1__ES_062_1,en-es,train,"They only had the colors black, red, pink, and white.","Solo tenían los colores negro, rojo, rosa y blanco.",10,9
EN_062_2__ES_062_2,en-es,train,Do you want to start over?,¿Quieres empezar de nuevo?,6,4
EN_062_3__ES_062_3,en-es,dev,"But it was fun, like going to go um make some cookies.",Pero fue divertido ir a hacer galletas.,12,7
EN_062_4__ES_062_4,en-es,dev,It came out really bright.,Salió muy brillante.,5,3
EN_062_5__ES_062_5,en-es,train,We met up at the union.,Nos conocimos en el sindicato.,6,5
EN_062_6__ES_062_6,en-es,train,And then they were decorating cookies.,Y luego estaban decorando galletas.,6,5
EN_062_7__ES_062_7,en-es,dev,You had the- the little like flower bouquet.,Tenías el- el pequeño ramo de flores.,8,7
EN_062_8__ES_062_8,en-es,train,The XO.,El XO.,2,2
EN_062_9__ES_062_9,en-es,dev,[laugh],[laughter],1,1
EN_063_10__ES_063_10,en-es,dev,"That you're not looking for a relationship, right?","Que no estás buscando una relación, ¿verdad?",8,7
EN_063_11__ES_063_11,en-es,dev,"To be honest, it was- it was really sad. I didn't tell you, but we broke up.","Para ser honesto, fue muy triste, no te dije, pero rompimos.",17,11
EN_063_12__ES_063_12,en-es,train,"Oh oh well, let's go party right now.","Oh ay, pues vamos a ir a la fiesta ahora.",8,10
EN_063_13__ES_063_13,en-es,dev,Yeah.,Sí.,1,1
EN_063_14__ES_063_14,en-es,dev,Because it was a relationship of four- four and a half years.,Porque era una relación de cuatro años y medio.,12,9
EN_063_15__ES_063_15,en-es,dev,She said her heart wasn't in the relationship like it was before.,Ella dijo que su corazón no estaba en la relación como antes.,12,12
EN_063_16__ES_063_16,en-es,dev,It was time to move on with our lives.,Era hora de seguir adelante con nuestras vidas.,9,8
EN_063_17__ES_063_17,en-es,dev,"Well, yeah, I went during- during the weekends.","Bueno, sí, fui durante los fines de semana.",8,8
EN_063_18__ES_063_18,en-es,dev,"But yeah, um yeah the relationship changed changed when we started university.","Pero sí, sí, sí, la relación cambió cuando empezamos la universidad.",12,11
EN_063_19__ES_063_19,en-es,train,disgraces can become like an opportunity.,Las desgracias pueden convertirse en una oportunidad.,6,7
EN_063_1__ES_063_1,en-es,dev,How was your- your Valentine's Day?,¿Cómo estuvo tu día de San Valentín?,6,7
EN_063_20__ES_063_20,en-es,train,for the first time in a long time you're gonna be single,Por primera vez en mucho tiempo vas a estar soltero.,12,10
EN_063_21__ES_063_21,en-es,train,"Like I remember my sister, uh she went through something similar.","Como recuerdo a mi hermana, ella pasó por algo parecido.",11,10
EN_063_22__ES_063_22,en-es,train,My sister just graduated Um college and she was in he- her masters.,Mi hermana se acaba de graduar de la universidad y estaba en su maestría.,13,14
EN_063_23__ES_063_23,en-es,train,"There are adults, uh mature, responsible, with work.","Hay adultos, maduros, responsables, con trabajo.",8,6
EN_063_24__ES_063_24,en-es,train,Uh Quote Unquote mature and they didn't last like it- it's not easy,"Unquote maduro y no duraron así, no es fácil.",13,9
EN_063_25__ES_063_25,en-es,dev,She didn't know who she was.,No sabía quién era.,6,4
EN_063_26__ES_063_26,en-es,dev,She doesn't want to be a lawyer.,No quiere ser abogada.,7,4
EN_063_27__ES_063_27,en-es,dev,or they find a job in an office.,O encuentran trabajo en una oficina.,8,6
EN_063_28__ES_063_28,en-es,train,but it is a bad reason,Pero es una mala razón.,6,5
EN_063_29__ES_063_29,en-es,train,"Like Um, you don't stop to think like, hey, like, what I'm doing at the end.","Como que no te detienes a pensar como, hey, como, lo que estoy haciendo al final.",16,16
EN_063_2__ES_063_2,en-es,train,I didn't I didn't want to ask her out.,Yo no quería invitarla a salir.,9,6
EN_063_30__ES_063_30,en-es,dev,that a lot of her decisions were for me.,Que muchas de sus decisiones eran para mí.,9,8
EN_063_31__ES_063_31,en-es,dev,that she could have went to another university that was bigger and a lot cooler.,Que podría haber ido a otra universidad que era más grande y más fría.,15,14
EN_063_32__ES_063_32,en-es,dev,"Me, my life, like, like, I already know where I'm going.","Yo, mi vida ya sé adónde voy.",11,7
EN_063_33__ES_063_33,en-es,train,I wasn't sure if I really wanted to come to El Paso.,No estaba seguro de si realmente quería venir a El Paso.,12,11
EN_063_34__ES_063_34,en-es,dev,[laugh],[laughter],1,1
EN_063_3__ES_063_3,en-es,dev,Oh yeah.,"Ah, sí.",2,2
EN_063_4__ES_063_4,en-es,train,Like I didn't want to create a relationship uh because I didn't want to feel obligated.,Como que no quería crear una relación porque no quería sentirme obligado.,16,12
EN_063_5__ES_063_5,en-es,train,I'm gonna play soccer with my friends because we met each Tuesday.,Voy a jugar fútbol con mis amigos porque nos conocimos cada martes.,12,12
EN_063_6__ES_063_6,en-es,dev,"No? Well, you barely know each other, right?","¿No? Bueno, apenas se conocen, ¿verdad?",8,6
EN_063_7__ES_063_7,en-es,train,uh... never like uh... i just want to ask her out,"Ajá, ajá, ajá, ajá, ajá, ajá, ajá, ajá, ajá, ajá, ajá, ajá, ajá, ajá, ajá, ajá, ajá, ajá, ajá, ajá, ajá, ajá, ajá, ajá, ajá, ajá, ajá, ajá, ajá, ajá, ajá, ajá, ajá, ajá, ajá, ajá, ajá, ajá, ajá, ajá, ajá, ajá, ajá, ajá, ajá, ajá, ajá, ajá, ajá, ajá, ajá, ajá, ajá, ajá, ajá, ajá, ajá.",11,57
EN_063_8__ES_063_8,en-es,train,"Like, with one holiday, I don't want to see how she's going to react with another thing.",Como que con unas vacaciones no quiero ver cómo va a reaccionar con otra cosa.,17,15
EN_063_9__ES_063_9,en-es,dev,[laugh],[laughter],1,1
EN_064_10__ES_064_10,en-es,train,"Personally, I'm gonna take this seriously.","Personalmente, me lo voy a tomar en serio.",6,8
EN_064_11__ES_064_11,en-es,train,I'm gonna take this personally.,Voy a tomar esto personal.,5,5
EN_064_12__ES_064_12,en-es,train,"Well, she's really cute. What can I say?","Bueno, es muy linda. ¿Qué puedo decir?",8,7
EN_064_13__ES_064_13,en-es,train,I found a piece of the car in the back of my trunk.,Encontré un pedazo del carro en la parte trasera de mi baúl.,13,12
EN_064_14__ES_064_14,en-es,train,Monica said it was black. I said it was like a dark blue. And then you said it was brown.,"Mónica dijo que era negro, yo dije que era azul oscuro y tú dijiste que era café.",20,17
EN_064_15__ES_064_15,en-es,train,"Now you're saying it's gray, it was brown!","Ahora estás diciendo que es gris, era café.",8,8
EN_064_16__ES_064_16,en-es,train,That we traumatized that we don't remember?,¿Que estamos traumados que no recordamos?,7,6
EN_064_17__ES_064_17,en-es,train,"Ah, you're traumatized now ahh!","Ah, estás traumada ah.",5,4
EN_064_18__ES_064_18,en-es,train,"Ah, you're traumatized for life now.","Ah, estás traumada de por vida.",6,6
EN_064_19__ES_064_19,en-es,train,just how me and him deal with each other.,Así como él y yo lidiamos el uno con el otro.,9,11
EN_064_1__ES_064_1,en-es,train,How about we just talk about like what your professor told you?,¿Qué tal si hablamos de lo que te dijo tu profesor?,12,11
EN_064_20__ES_064_20,en-es,train,That's just,Es que...,2,2
EN_064_21__ES_064_21,en-es,train,it's your dynamic and that's how you deal with drama,Es tu dinámica y así es como lidias con el drama.,10,11
EN_064_22__ES_064_22,en-es,train,"I could have lost my sister. Aw, you're traumatized.","Pude haber perdido a mi hermana. Ah, estás traumada.",9,9
EN_064_23__ES_064_23,en-es,train,Uh...,Uh...,1,1
EN_064_24__ES_064_24,en-es,train,"But also, it works.",Pero también funciona.,4,3
EN_064_25__ES_064_25,en-es,train,Literally making jokes. Specifically the Among Us.,Literalmente haciendo bromas. Específicamente el Among Us.,7,7
EN_064_26__ES_064_26,en-es,train,He survived.,Él sobrevivió.,2,2
EN_064_27__ES_064_27,en-es,train,It was like completely sealed.,Estaba completamente cerrado.,5,3
EN_064_28__ES_064_28,en-es,train,"Like, hey, I wa- I'm in I was in a car crash. I'm sorry if I'm a little bit slow.","Como que, hey, yo estaba en un accidente de auto, lo siento si estoy un poco lento.",20,17
EN_064_29__ES_064_29,en-es,train,trick,Truco,1,1
EN_064_2__ES_064_2,en-es,train,You remember that?,¿Te acuerdas de eso?,3,4
EN_064_30__ES_064_30,en-es,train,I'm turning into Shrek.,Me estoy convirtiendo en Shrek.,4,5
EN_064_31__ES_064_31,en-es,train,"And then I showed him, he's like, oh my god.","Y luego le enseñé, y me dijo, ¡Oh, Dios mío!",10,10
EN_064_32__ES_064_32,en-es,train,Hehehehe,Hehehehe,1,1
EN_064_33__ES_064_33,en-es,train,"When I get a new car, I'm gonna take you guys to, like, get boba.","Cuando consiga un carro nuevo, los voy a llevar a ustedes a comprar a Boba.",15,15
EN_064_34__ES_064_34,en-es,train,"Have a piece of bread, that's all I can provide right now.","Toma un pedazo de pan, eso es todo lo que te puedo dar en este momento.",12,16
EN_064_35__ES_064_35,en-es,train,you,¿Tú?,1,1
EN_064_36__ES_064_36,en-es,train,"You don't, it happened this morning!","Si no lo haces, pasó esta mañana.",6,7
EN_064_3__ES_064_3,en-es,train,No.,No.,1,1
EN_064_4__ES_064_4,en-es,train,You were telling us.,Nos estabas diciendo.,4,3
EN_064_5__ES_064_5,en-es,train,"Oh yeah, you're right!","¡Oh, sí, tienes razón!",4,4
EN_064_6__ES_064_6,en-es,train,I wanted to touch the puppy today,Quería tocar el perrito hoy.,7,5
EN_064_7__ES_064_7,en-es,train,"I'm like, where's the baby?","Estoy como, ¿dónde está el bebé?",5,6
EN_064_8__ES_064_8,en-es,train,Where's I want to see the child.,¿Dónde está? Quiero ver a la niña.,7,7
EN_064_9__ES_064_9,en-es,train,We are superior because we got a dog now.,Somos superiores porque ahora tenemos un perro.,9,7
EN_065_10__ES_065_10,en-es,dev,No. Have you read books about communism?,No. ¿Has leído libros de comunismo?,7,6
EN_065_11__ES_065_11,en-es,dev,"Yeah, it explains about what is democracy, what is monarchy.","Sí, explica qué es la democracia, qué es la monarquía.",10,10
EN_065_12__ES_065_12,en-es,dev,What is communism? What is Um a dictator?,¿Qué es el comunismo? ¿Qué es un dictador?,8,8
EN_065_13__ES_065_13,en-es,dev,I believe it continues to be the superpower of the world.,Yo creo que sigue siendo la superpotencia del mundo.,11,9
EN_065_14__ES_065_14,en-es,dev,more personal like what can one person do,más personal como lo que una persona puede hacer,8,9
EN_065_15__ES_065_15,en-es,dev,A lot of them repeat the same thing.,Muchos de ellos repiten lo mismo.,8,6
EN_065_16__ES_065_16,en-es,dev,[unk],[unk],1,1
EN_065_17__ES_065_17,en-es,dev,"Like if I wanna learn something new, I go to YouTube.","Como que si quiero aprender algo nuevo, voy a YouTube.",11,10
EN_065_18__ES_065_18,en-es,dev,I'm part of a club of physics students.,Soy parte de un club de estudiantes de física.,8,9
EN_065_19__ES_065_19,en-es,dev,Yeah.,Sí.,1,1
EN_065_1__ES_065_1,en-es,dev,The Chinese are fighting with the Americans.,Los chinos están peleando con los americanos.,7,7
EN_065_20__ES_065_20,en-es,dev,"Within the students, I would say that I am maybe among the top 10.",Dentro de los estudiantes diría que estoy entre los 10 primeros.,14,11
EN_065_21__ES_065_21,en-es,dev,out of like some 50 so i am not that good all right,"De unos 50, así que no soy tan bueno.",13,9
EN_065_22__ES_065_22,en-es,dev,I'm not that good.,No soy tan bueno.,4,4
EN_065_23__ES_065_23,en-es,dev,But there was a tournament of chess and some physics professors entered.,Pero había un torneo de ajedrez y algunos profesores de física entraban.,12,12
EN_065_24__ES_065_24,en-es,dev,"doctor named El Gendy, he beat me and he beat me really bad.",El doctor El Gendy me pegó y me pegó muy fuerte.,13,11
EN_065_25__ES_065_25,en-es,dev,"And I don't know, I disappointed in myself.","Y no sé, me decepcioné de mí misma.",8,8
EN_065_26__ES_065_26,en-es,dev,I do play like some 6-8 games daily.,Yo juego como 6-8 juegos todos los días.,8,8
EN_065_27__ES_065_27,en-es,dev,So it's like your passion?,Entonces es como tu pasión.,5,5
EN_065_28__ES_065_28,en-es,dev,is not necessarily that more time more progress,no es necesariamente que más tiempo más progreso,8,8
EN_065_29__ES_065_29,en-es,dev,"Well, in the world of chess, there is something called ELO rating.","Bueno, en el mundo del ajedrez hay algo llamado ELO rating.",12,11
EN_065_2__ES_065_2,en-es,dev,The tools that they use to manufacture the chips are made in Europe or America.,Las herramientas que usan para fabricar los chips se hacen en Europa o América.,15,14
EN_065_30__ES_065_30,en-es,dev,This measures your strength as a player.,Esto mide tu fuerza como jugador.,7,6
EN_065_31__ES_065_31,en-es,dev,"Wait, first I'm gonna tell you the lower.","Espera, primero te voy a decir lo más bajo.",8,9
EN_065_32__ES_065_32,en-es,dev,"If you play at one minute each, it's quick.","Si tocas a un minuto cada uno, es rápido.",9,9
EN_065_33__ES_065_33,en-es,dev,"Well, you have to move quickly. You don't have time to think.","Bueno, tienes que moverte rápido, no tienes tiempo para pensar.",12,10
EN_065_34__ES_065_34,en-es,dev,"The clock, yes. But most of us do with our phone.","El reloj sí, pero la mayoría lo hacemos con nuestro teléfono.",11,11
EN_065_35__ES_065_35,en-es,dev,Uh-huh.,Ajá.,1,1
EN_065_36__ES_065_36,en-es,dev,one minute games it's one minute to think throughout the whole game,Juegos de un minuto es un minuto para pensar a lo largo de todo el juego.,12,16
EN_065_37__ES_065_37,en-es,dev,You have like one minute to move the piece or...,Tienes como un minuto para mover la pieza o...,10,9
EN_065_38__ES_065_38,en-es,dev,"In this move, I'm going to use one second or two seconds.",En este movimiento voy a usar un segundo o dos segundos.,12,11
EN_065_39__ES_065_39,en-es,dev,And then the third one against Dr. Algendia is the one I lost. And I lost horribly.,Y luego la tercera contra la Dra. Algendia es la que perdí y perdí horriblemente.,17,15
EN_065_3__ES_065_3,en-es,dev,the infrastructure required to make the designs for the machines that make the chips.,la infraestructura necesaria para hacer los diseños de las máquinas que hacen los chips.,14,14
EN_065_40__ES_065_40,en-es,dev,and there they play plenty of chess.,Y ahí juegan mucho ajedrez.,7,5
EN_065_41__ES_065_41,en-es,dev,I don't think that there's enough content for there to be that many books.,No creo que haya suficiente contenido para que haya tantos libros.,14,11
EN_065_42__ES_065_42,en-es,dev,That's where the Chinese fail.,Ahí es donde fallan los chinos.,5,6
EN_065_4__ES_065_4,en-es,dev,Yeah.,Sí.,1,1
EN_065_5__ES_065_5,en-es,dev,"Even though they dominate with the technology that's there, the new technology is not there.","Aunque dominan con la tecnología que está ahí, la nueva tecnología no está ahí.",15,14
EN_065_6__ES_065_6,en-es,dev,Yes.,Sí.,1,1
EN_065_7__ES_065_7,en-es,dev,I don't know if it's easier for the Chinese to make their own technology.,No sé si es más fácil para los chinos hacer su propia tecnología.,14,13
EN_065_8__ES_065_8,en-es,dev,"Well, I read that the United States has all their production in Asia.",Leí que Estados Unidos tiene toda su producción en Asia.,13,10
EN_065_9__ES_065_9,en-es,dev,"That might have something to do with communism, but...","Eso podría tener algo que ver con el comunismo, pero...",9,10
EN_066_10__ES_066_10,en-es,train,"Half Mexican, like a lot of professors are, right?","Medio mexicano, muchos profesores son, ¿verdad?",9,6
EN_066_11__ES_066_11,en-es,train,I think he's from New Jersey or something like that.,Creo que es de New Jersey o algo así.,10,9
EN_066_12__ES_066_12,en-es,train,I didn't know he talks so fast and he speaks so fast,No sabía que hablaba tan rápido y hablaba tan rápido.,12,10
EN_066_13__ES_066_13,en-es,dev,Hello.,Hola.,1,1
EN_066_14__ES_066_14,en-es,train,"No, yeah, he really speaks fast.","No, sí, habla muy rápido.",6,5
EN_066_15__ES_066_15,en-es,train,"No, I don't understand him.","No, no le entiendo.",5,4
EN_066_16__ES_066_16,en-es,train,It really hit me on my feelings because I really missed Mexico.,Me golpeó mucho en mis sentimientos porque extrañaba mucho México.,12,10
EN_066_1__ES_066_1,en-es,train,"To be honest, I have always liked to study in Mexico.","Para ser honesto, siempre me ha gustado estudiar en México.",11,10
EN_066_2__ES_066_2,en-es,train,At first I was very excited to come over here.,Al principio estaba muy emocionado de venir aquí.,10,8
EN_066_3__ES_066_3,en-es,train,I have never ever experienced something very United States-ish here in El Paso.,Nunca he experimentado algo muy estadounidense aquí en El Paso.,13,10
EN_066_4__ES_066_4,en-es,train,"So when I got over here to study,","Entonces cuando llegué aquí para estudiar,",8,6
EN_066_5__ES_066_5,en-es,train,Like I noticed a lot of changes in the culture.,Como que noté muchos cambios en la cultura.,10,8
EN_066_6__ES_066_6,en-es,train,"because well, even though I had friends, it was still different.","Porque bueno, a pesar de que tenía amigos, todavía era diferente.",11,11
EN_066_7__ES_066_7,en-es,train,"Like I wanted to socialize with someone, but that person was in their world.","Como que quería socializar con alguien, pero esa persona estaba en su mundo.",14,13
EN_066_8__ES_066_8,en-es,train,"like hello, something straightforward and everything.","Hola, algo directo y todo.",6,5
EN_066_9__ES_066_9,en-es,train,That professor was from United States.,Ese profesor era de Estados Unidos.,6,6
EN_067_10__ES_067_10,en-es,test,The the one I had was really old so so it didn't work that well.,"El que tenía era muy viejo, así que no funcionó tan bien.",15,12
EN_067_11__ES_067_11,en-es,test,"I stopped for a good time, so I have to start all over again.","Me detuve para pasar un buen rato, así que tengo que empezar de nuevo.",14,14
EN_067_12__ES_067_12,en-es,test,"Yeah, and sometimes I don't have time to do all of them.","Sí, y a veces no tengo tiempo para hacer todas.",12,10
EN_067_13__ES_067_13,en-es,test,If I feel like I've been too long inside the house well I go outside...,"Si siento que he pasado mucho tiempo dentro de la casa, pues salgo afuera.",15,14
EN_067_14__ES_067_14,en-es,test,"If I feel like I'm getting bored in class, then I start drawing.","Si siento que me estoy aburriendo en clase, entonces empiezo a dibujar.",13,12
EN_067_15__ES_067_15,en-es,test,Sometimes the day feels Um really nice and I like to go out.,A veces el día se siente muy bien y me gusta salir.,13,12
EN_067_16__ES_067_16,en-es,test,"Yeah, I'll go outside. More at night because there's not that many people.","Sí, voy a salir, más de noche porque no hay mucha gente.",13,12
EN_067_17__ES_067_17,en-es,test,I have Um with a Um pencil.,Tengo Um con un lápiz de Um.,7,7
EN_067_18__ES_067_18,en-es,test,Sometimes I also have Um a pen.,A veces también tengo una pluma.,7,6
EN_067_19__ES_067_19,en-es,test,What I draw is Um whatever comes out.,Lo que dibujo es lo que sea que salga.,8,9
EN_067_1__ES_067_1,en-es,test,"No, there's not really things that bother me.","No, no hay cosas que me molestan.",8,7
EN_067_20__ES_067_20,en-es,test,"Yeah, I really like music.","Sí, me gusta mucho la música.",5,6
EN_067_21__ES_067_21,en-es,test,"I practice a little at home, but mm it's not the same.","Practico un poco en casa, pero no es lo mismo.",12,10
EN_067_22__ES_067_22,en-es,test,"Ummm, depends how I feel.","Ummm, depende de cómo me siento.",5,6
EN_067_23__ES_067_23,en-es,test,"Yeah, I really like rock.","Sí, me gusta mucho el rock.",5,6
EN_067_24__ES_067_24,en-es,dev,So your first guitar was from childhood then?,Entonces tu primera guitarra fue de la infancia.,8,8
EN_067_25__ES_067_25,en-es,test,I sold some stuff so I can buy a guitar.,Vendí algunas cosas para poder comprar una guitarra.,10,8
EN_067_26__ES_067_26,en-es,test,Um we're moving from San Antonio.,Nos mudamos de San Antonio.,6,5
EN_067_27__ES_067_27,en-es,dev,So to to your liking.,Así que a tu gusto.,5,5
EN_067_28__ES_067_28,en-es,test,"To my liking, yeah.","A mi gusto, sí.",4,4
EN_067_29__ES_067_29,en-es,test,I think that I Um I don't have to buy another one.,Creo que no tengo que comprar otro.,12,7
EN_067_2__ES_067_2,en-es,dev,and you like something a lot or you hate it,Y te gusta algo mucho o lo odias.,10,8
EN_067_30__ES_067_30,en-es,dev,but you're thinking of buying more and stuff like that.,Pero estás pensando en comprar más y cosas así.,10,9
EN_067_31__ES_067_31,en-es,test,I do draw stuff that I'm seeing sometimes.,Dibujo cosas que estoy viendo a veces.,8,7
EN_067_3__ES_067_3,en-es,test,"Um honestly, I haven't seen many movies.","La verdad, no he visto muchas películas.",7,7
EN_067_4__ES_067_4,en-es,test,I like to play the guitar. I have a guitar.,Me gusta tocar la guitarra. Tengo una guitarra.,10,8
EN_067_5__ES_067_5,en-es,test,I go to the gym or I go to play.,Me voy al gimnasio o voy a jugar.,10,8
EN_067_6__ES_067_6,en-es,test,Or sometimes I draw. I like drawing a lot.,"O a veces dibujo, me gusta mucho dibujar.",9,8
EN_067_7__ES_067_7,en-es,test,Sleeping too? I like sleeping.,¿Dormir también? Me gusta dormir.,5,5
EN_067_8__ES_067_8,en-es,dev,sleeping,Dormir.,1,1
EN_067_9__ES_067_9,en-es,test,"Yeah, I use it more for transportation, but...","Sí, lo uso más para el transporte, pero...",8,8
EN_068_10__ES_068_10,en-es,train,"Oh, I mean, I like Michael.","Oh, quiero decir, me gusta Michael.",6,6
EN_068_11__ES_068_11,en-es,dev,that video game with the bear and the animatronic,Ese videojuego con el oso y el animetronic.,9,8
EN_068_12__ES_068_12,en-es,train,Oh. Oh.,Oh. Oh.,2,2
EN_068_13__ES_068_13,en-es,train,I don't really play,Yo realmente no juego.,4,4
EN_068_14__ES_068_14,en-es,dev,I play like once a week maybe.,Yo juego como una vez a la semana tal vez.,7,10
EN_068_15__ES_068_15,en-es,train,"Beto, I like Beto.","Beto, me gusta Beto.",4,4
EN_068_16__ES_068_16,en-es,dev,[laugh],[laughter],1,1
EN_068_17__ES_068_17,en-es,train,I guess it's not that popular but it's Crash?,Creo que no es tan popular pero es Crash.,9,9
EN_068_18__ES_068_18,en-es,train,"It's a dog and it's like swimming, well kind of.","Es un perro y está nadando, bueno más o menos.",10,10
EN_068_19__ES_068_19,en-es,dev,Yeah.,Sí.,1,1
EN_068_1__ES_068_1,en-es,train,I used to be a fox in high school.,Yo solía ser un zorro en la prepa.,9,8
EN_068_20__ES_068_20,en-es,dev,Yeah.,Sí.,1,1
EN_068_21__ES_068_21,en-es,train,PS1 or like just PlayStation. I don't know the name of it,PS1 o simplemente PlayStation. No sé cómo se llama.,12,9
EN_068_22__ES_068_22,en-es,dev,PlayStation.,PlayStation.,1,1
EN_068_23__ES_068_23,en-es,dev,Uh-huh.,Ajá.,1,1
EN_068_24__ES_068_24,en-es,dev,"I did that one specifically for gaming, but I use it more for school now.","Lo hice específicamente para juegos, pero lo uso más para la escuela.",15,12
EN_068_25__ES_068_25,en-es,dev,because it's like slow sometimes I turn it on and it takes like five minutes,porque es como lento a veces lo enciendo y toma como cinco minutos,15,13
EN_068_26__ES_068_26,en-es,dev,"So I'm like, okay, rush, rush.","Entonces estoy como, ok, apúrate, apúrate.",6,6
EN_068_27__ES_068_27,en-es,train,Sometimes I want to get into gaming but then I don't.,"A veces quiero jugar, pero luego no.",11,7
EN_068_28__ES_068_28,en-es,dev,Yeah.,Sí.,1,1
EN_068_29__ES_068_29,en-es,train,I like watching shows. That's my hobby.,"Me gusta ver shows, ese es mi hobby.",7,8
EN_068_2__ES_068_2,en-es,train,I'm gonna name him Freddy.,Lo voy a nombrar Freddy.,5,5
EN_068_30__ES_068_30,en-es,dev,Yeah.,Sí.,1,1
EN_068_31__ES_068_31,en-es,dev,and I watched like three episodes of three different shows.,Y vi como tres episodios de tres shows diferentes.,10,9
EN_068_32__ES_068_32,en-es,dev,"Phineas and Ferb, I like that show, I don't know.","Phineas y Ferb, me gusta ese show, no sé.",10,9
EN_068_33__ES_068_33,en-es,train,"Have you heard of, uh, Courage?",¿Has oído hablar de Coraje?,6,5
EN_068_34__ES_068_34,en-es,train,It's so scary.,Está tan miedoso.,3,3
EN_068_35__ES_068_35,en-es,train,I don't know how I was watching it when I was a kid. It's actually scary.,No sé cómo lo estaba viendo cuando era un niño. De hecho da miedo.,16,14
EN_068_36__ES_068_36,en-es,dev,[noise],[ruido],1,1
EN_068_37__ES_068_37,en-es,train,Like she was super sweet and kind and he was mean.,Ella era súper dulce y amable y él era malo.,11,10
EN_068_38__ES_068_38,en-es,train,It was like a scary movie for kids.,Era como una película de miedo para niños.,8,8
EN_068_39__ES_068_39,en-es,train,I think I tried watching it a few years ago.,Creo que intenté verlo hace unos años.,10,7
EN_068_3__ES_068_3,en-es,dev,Why does he look like a Freddy?,¿Por qué se ve como Freddy?,7,6
EN_068_40__ES_068_40,en-es,dev,kids over here like oh I want to watch my favorite TV show,"Chicos por aquí, oh, quiero ver mi programa favorito de TV.",13,11
EN_068_41__ES_068_41,en-es,train,"Oh my god, it's working [laugh]!","Oh, Dios mío, está funcionando [laughter].",6,6
EN_068_42__ES_068_42,en-es,dev,Yeah.,Sí.,1,1
EN_068_43__ES_068_43,en-es,train,Why aren't you just here to look cute?,¿Por qué no estás aquí para verte linda?,8,8
EN_068_44__ES_068_44,en-es,train,"No, I cannot do any accents.","No, no puedo hacer acentos.",6,5
EN_068_45__ES_068_45,en-es,dev,No.,No.,1,1
EN_068_46__ES_068_46,en-es,dev,Have you.,Lo has hecho.,2,3
EN_068_47__ES_068_47,en-es,dev,"Oi mate, don't struggle on your own!","Oi compadre, no luches por tu cuenta.",7,7
EN_068_48__ES_068_48,en-es,train,What do you want? What do you wan- would you like today?,¿Qué quieres? ¿Qué te gustaría hoy?,12,6
EN_068_49__ES_068_49,en-es,train,"Oh, you're English.","Oh, eres inglés.",3,3
EN_068_4__ES_068_4,en-es,train,my my second pet was gonna be named freddy,Mi segunda mascota se iba a llamar Freddy.,9,8
EN_068_50__ES_068_50,en-es,train,"Okay, let me get the translator.","Ok, déjame traer el traductor.",6,5
EN_068_51__ES_068_51,en-es,train,You speak English.,Tú hablas inglés.,3,3
EN_068_52__ES_068_52,en-es,dev,It's super fast and the British accent.,Es súper rápido y el acento británico.,7,7
EN_068_53__ES_068_53,en-es,train,Uh-huh.,Ajá.,1,1
EN_068_54__ES_068_54,en-es,dev,"He's like, no, what language are you speaking?","Está como, no, ¿qué idioma estás hablando?",8,7
EN_068_55__ES_068_55,en-es,train,[laughing],[laughter],1,1
EN_068_5__ES_068_5,en-es,train,A family member. His name is Freddy.,"Un familiar, se llama Freddy.",7,5
EN_068_6__ES_068_6,en-es,train,based on Freddie Mercury.,Basado en Freddie Mercury.,4,4
EN_068_8__ES_068_8,en-es,dev,"And now and now like you stop that, no.","Y de vez en cuando paras eso, no.",9,8
EN_068_9__ES_068_9,en-es,train,Yeah.,Sí.,1,1
EN_069_10__ES_069_10,en-es,dev,and then I came to YouTube in 2020.,Y luego vine a YouTube en 2020.,8,7
EN_069_11__ES_069_11,en-es,dev,everything happened with the pandemic and,Todo pasó con la pandemia y,6,6
EN_069_12__ES_069_12,en-es,dev,"I didn't really like it, so I was like, no.","La verdad es que no me gustó, así que dije, no.",10,11
EN_069_13__ES_069_13,en-es,train,"But then I have a niece that actually, you know, when she graduated from high school.",Pero luego tengo una sobrina que de hecho cuando se graduó de la prepa.,16,14
EN_069_14__ES_069_14,en-es,train,"they have, how do you call the top student?",¿Cómo se llama el estudiante de primer nivel?,9,8
EN_069_15__ES_069_15,en-es,train,So she was one of them and top student and all that.,"Entonces ella era una de ellas, estudiante de primer nivel y todo eso.",12,13
EN_069_16__ES_069_16,en-es,train,But she took the gap year and she used it to travel around the country.,Pero tomó el año sabático y lo usó para viajar por todo el país.,15,14
EN_069_17__ES_069_17,en-es,train,a program with Italy so you can go take classes two years in Italy two years here.,Un programa con Italia para que puedas tomar clases dos años en Italia dos años aquí.,17,16
EN_069_18__ES_069_18,en-es,train,She also finished high school during the pandemic and she was like a little overwhelmed.,También terminó la prepa durante la pandemia y se sintió un poco abrumada.,15,13
EN_069_19__ES_069_19,en-es,dev,Yeah.,Sí.,1,1
EN_069_1__ES_069_1,en-es,dev,So we're going to play this game on the paper.,Entonces vamos a jugar este juego en el papel.,10,9
EN_069_20__ES_069_20,en-es,train,The pandemic was too tough on her.,La pandemia fue muy difícil para ella.,7,7
EN_069_21__ES_069_21,en-es,train,"She was a good student, top student and all that, but she never applied to anything.","Era una buena estudiante, una estudiante de primer nivel y todo eso, pero nunca aplicó a nada.",16,17
EN_069_22__ES_069_22,en-es,train,So she like uh was kind of like overwhelmed.,Entonces ella se sentía como un poco abrumada.,9,8
EN_069_23__ES_069_23,en-es,train,"So we talked to her, we told her, you know.","Entonces hablamos con ella, le dijimos, ¿sabes?",10,7
EN_069_24__ES_069_24,en-es,train,But you need to do something. Either you find a job.,"Pero tienes que hacer algo, ya sea que encuentres un trabajo.",11,11
EN_069_25__ES_069_25,en-es,train,That's where my grandp- in-laws live.,Ahí es donde viven mis suegros.,6,6
EN_069_26__ES_069_26,en-es,train,and then she found the opportunity to work in the library at the high school she went to.,Y luego tuvo la oportunidad de trabajar en la biblioteca de la prepa a la que fue.,18,17
EN_069_27__ES_069_27,en-es,train,"And she was like, Mommy, I was seeing all these friends of Xenia, and everybody was doing homework, and I missed doing homework.","Y ella dijo, mami, estaba viendo a todos esos amigos de Xenia, y todos estaban haciendo tarea, y extrañé hacer tarea.",23,21
EN_069_28__ES_069_28,en-es,train,it's a good thing to step back and analyze everything.,Es bueno dar un paso atrás y analizar todo.,10,9
EN_069_2__ES_069_2,en-es,train,"I have Um, that's the first one.","Tengo, esa es la primera.",7,5
EN_069_3__ES_069_3,en-es,train,"No, it was like 20 minutes at least three times a week.","No, fueron como 20 minutos al menos tres veces a la semana.",12,12
EN_069_4__ES_069_4,en-es,dev,"He's barely in high school, so...","Está apenas en la prepa, así que...",6,7
EN_069_5__ES_069_5,en-es,train,"I wish the first one was true, but it's not.","Me gustaría que la primera fuera verdad, pero no lo es.",10,11
EN_069_6__ES_069_6,en-es,train,that second one was a true one. I have a 17 year old boy and a 20 year old girl.,La segunda era la verdadera. Tengo un niño de 17 años y una niña de 20 años.,20,17
EN_069_7__ES_069_7,en-es,dev,"Yeah, oh.",Sí.,2,1
EN_069_8__ES_069_8,en-es,train,and my son is a senior. He's going to graduate this May.,"Y mi hijo es senior, se va a graduar en mayo.",12,11
EN_069_9__ES_069_9,en-es,train,"He is excited, but he's not sure what he's going to be doing.","Está emocionado, pero no sabe qué va a hacer.",13,9
EN_070_10__ES_070_10,en-es,test,"Not a bad idea, kill a little bit of people.","No es una mala idea, matar a un poquito de gente.",10,11
EN_070_11__ES_070_11,en-es,train,"Okay, okay.","Ok, ok.",2,2
EN_070_12__ES_070_12,en-es,test,Better the world,Mejor el mundo.,3,3
EN_070_13__ES_070_13,en-es,train,type of what democracy republic,Tipo de qué democracia república,5,5
EN_070_14__ES_070_14,en-es,test,"Oh, definitely a republic, you know? A republic.","Oh, definitivamente una república, ¿sabes? Una república.",8,7
EN_070_15__ES_070_15,en-es,test,So basically make a unicef that actually works,Así que básicamente hacer un unicef que realmente funciona,8,9
EN_070_16__ES_070_16,en-es,train,Exactly.,Exactamente.,1,1
EN_070_17__ES_070_17,en-es,train,and their their ears being eradicated.,Y sus oídos siendo erradicados.,6,5
EN_070_18__ES_070_18,en-es,train,"You know, we, um...",¿Sabes?,4,1
EN_070_19__ES_070_19,en-es,test,humanitarian,Humanitarian,1,1
EN_070_1__ES_070_1,en-es,test,"Sir, please remain professional.","Señor, por favor siga siendo profesional.",4,6
EN_070_20__ES_070_20,en-es,train,"Yeah, humanitarian. Yeah.","Sí, humanitario. Sí.",3,3
EN_070_21__ES_070_21,en-es,train,so meaning if a person is too rich that means that there's so many people that that are not,Entonces si una persona es muy rica significa que hay mucha gente que no lo es.,19,16
EN_070_22__ES_070_22,en-es,train,which is the best example of a,¿Cuál es el mejor ejemplo de una,7,7
EN_070_23__ES_070_23,en-es,test,that they bought all the entertainment industry.,Que compraron toda la industria del entretenimiento.,7,7
EN_070_24__ES_070_24,en-es,train,"No, we'll play them. Yeah.","No, los tocaremos. Sí.",5,4
EN_070_25__ES_070_25,en-es,test,definitely take some military action,Definitivamente tomar acción militar.,5,4
EN_070_26__ES_070_26,en-es,train,with force.,Con fuerza.,2,2
EN_070_27__ES_070_27,en-es,test,"Yes, with force.","Sí, con fuerza.",3,3
EN_070_28__ES_070_28,en-es,train,"Well, what I'm planning to do is... nothing.","Bueno, lo que planeo hacer es nada.",8,7
EN_070_29__ES_070_29,en-es,train,"No, just kidding.","No, es broma.",3,3
EN_070_2__ES_070_2,en-es,train,The first thing would be like goal for it like against criminals,La primera cosa sería como un gol contra criminales.,12,9
EN_070_30__ES_070_30,en-es,train,"It divides in 1st, 4th, 2nd, 3rd, 4th and beginners.","Se divide en primera, cuarta, segunda, tercera, cuarta y principiante.",10,10
EN_070_31__ES_070_31,en-es,test,I don't know if you've watched the series called attack on Titan,No sé si has visto la serie llamada ataque a Titán.,12,11
EN_070_32__ES_070_32,en-es,test,"Precisely, gentlemen. I plan to do that during my break.","Precisamente, caballeros, planeo hacer eso durante mi descanso.",10,8
EN_070_33__ES_070_33,en-es,train,which is resulting in something complicated,Lo que está resultando en algo complicado.,6,7
EN_070_34__ES_070_34,en-es,test,[breath],[respiración].,1,1
EN_070_35__ES_070_35,en-es,test,Yucatan. Wow.,Yucatán.,2,1
EN_070_36__ES_070_36,en-es,train,Um well I don't know sorry,"Um, bueno, no sé, perdón.",6,5
EN_070_37__ES_070_37,en-es,train,well now we are in the united states but in the north of of yeah mexico,"Pues ya estamos en los Estados Unidos, pero en el norte de sí México.",16,14
EN_070_38__ES_070_38,en-es,test,Mexico,México,1,1
EN_070_39__ES_070_39,en-es,train,So it can be more diversified even tho- even though there's laws that can control monopolies.,Entonces puede ser más diversificado a pesar de que hay leyes que pueden controlar monopolios.,16,15
EN_070_3__ES_070_3,en-es,train,and send them directly to prison.,Y enviarlos directamente a prisión.,6,5
EN_070_40__ES_070_40,en-es,train,"Um actually, um the coach that invited me um is a coach from the team of the UACJ.","De hecho, el entrenador que me invitó es un entrenador del equipo de la UACJ.",18,15
EN_070_4__ES_070_4,en-es,train,And their families have to pay for everything like they have to do in prison.,Y sus familias tienen que pagar por todo lo que tienen que hacer en prisión.,15,15
EN_070_5__ES_070_5,en-es,test,Unify all countries and make them all and fall into my name,Unificar a todos los países y hacerlos a todos y caer en mi nombre.,12,14
EN_070_6__ES_070_6,en-es,test,Because I am very selfish. I would like to have all the riches in the world.,"Porque soy muy egoísta, me gustaría tener todas las riquezas del mundo.",16,12
EN_070_7__ES_070_7,en-es,train,Okay.,De acuerdo.,1,2
EN_070_8__ES_070_8,en-es,test,"Call me a bad person, but I think genocide is a good idea.","Llámame mala persona, pero creo que el genocidio es una buena idea.",13,12
EN_070_9__ES_070_9,en-es,train,Genghis Khan they call him. Genghis Kang they call him.,"Gengis Khan lo llaman, Gengis Kang lo llaman.",10,8
EN_071_10__ES_071_10,en-es,train,the nature that I know that I already have.,La naturaleza que yo sé que ya tengo.,9,8
EN_071_11__ES_071_11,en-es,dev,I would like to travel to many places because I've only lived here all my life.,Me gustaría viajar a muchos lugares porque he vivido aquí toda mi vida.,16,13
EN_071_12__ES_071_12,en-es,train,went through so many places i i got to see so many loves so many natures that i hold,"He pasado por tantos lugares, he visto tantos amores, tantos naturalezas.",19,11
EN_071_13__ES_071_13,en-es,train,"Not Colombia, they consider me a gringo, European, just, and they look at me all weirdly.","Colombia no, me consideran gringo, europeo, pero me miran raro.",16,10
EN_071_14__ES_071_14,en-es,dev,[laugh],[laughter],1,1
EN_071_15__ES_071_15,en-es,train,"They don't talk to me. They don't they don't treat me well, but that's okay","No me hablan, no me tratan bien, pero está bien.",15,10
EN_071_16__ES_071_16,en-es,dev,find a good job in a beautiful place.,Encontrar un buen trabajo en un lugar hermoso.,8,8
EN_071_17__ES_071_17,en-es,train,because you want to or because you need to.,porque lo quieres o porque lo necesitas.,9,7
EN_071_18__ES_071_18,en-es,dev,Because I want to.,Porque quiero.,4,2
EN_071_19__ES_071_19,en-es,dev,I went to Hawaii for my honeymoon.,Fui a Hawaii para mi luna de miel.,7,8
EN_071_1__ES_071_1,en-es,dev,"Yes, where are you from?","Sí, ¿de dónde eres?",5,4
EN_071_20__ES_071_20,en-es,dev,I think we want to go retire over there because it's so beautiful.,Creo que queremos ir a retirarnos allá porque es tan bonito.,13,11
EN_071_21__ES_071_21,en-es,train,but i love him um i have a dog his name is noah he is um seven years old,Pero lo amo. Tengo un perro que se llama Noah. Tiene siete años.,19,13
EN_071_22__ES_071_22,en-es,dev,oh,oh,1,1
EN_071_23__ES_071_23,en-es,train,with everything it's like he he acts more like a person than anything really,Con todo es como que actúa más como una persona que como cualquier cosa.,14,14
EN_071_24__ES_071_24,en-es,dev,with something [laughing],Con algo [laughter].,3,3
EN_071_25__ES_071_25,en-es,train,"Well, he- he's already had to deal with two two house moves, um but but not on plane, just through on car.","Bueno, ya ha tenido que lidiar con dos movidas de casa, pero no en avión, solo en coche.",22,18
EN_071_26__ES_071_26,en-es,dev,Mm-hmm.,Mm-hmm.,1,1
EN_071_27__ES_071_27,en-es,train,uh then i'm gonna pass him over to my to my older sister um she lives in phoenix,Entonces lo voy a pasar a mi hermana mayor a mi hermana mayor. Ella vive en Phoenix.,18,17
EN_071_28__ES_071_28,en-es,dev,Mm-hmm.,Mm-hmm.,1,1
EN_071_29__ES_071_29,en-es,dev,"Well, you do work here in El Paso, right?","Pues trabajas aquí en El Paso, ¿verdad?",9,7
EN_071_2__ES_071_2,en-es,train,I'm Colombian.,Soy colombiana.,2,2
EN_071_30__ES_071_30,en-es,train,yeah i do okay,"Sí, sí, sí, sí, sí, sí, sí, sí, sí, sí, sí, sí, sí, sí, sí, sí, sí, sí, sí, sí, sí, sí, sí, sí, sí, sí, sí, sí, sí, sí, sí, sí, sí, sí, sí, sí, sí, sí, sí, sí, sí, sí, sí, sí, sí, sí, sí, sí, sí, sí, sí, sí, sí, sí, sí, sí, sí, sí, sí, sí, sí, sí, sí, sí, sí, sí, sí, sí, sí, sí, sí, sí, sí, sí, sí, sí, sí, sí, sí, sí, sí, sí, sí, sí, sí, sí, sí, sí, sí, sí, sí, sí, sí, sí, sí, sí, sí, sí, sí, sí, sí, sí, sí, sí, sí, sí, sí, sí, sí, sí, sí, sí, sí, sí, sí, sí, sí, sí, sí, sí, sí, sí, sí, sí, sí, sí, sí, sí, sí, sí, sí, sí, sí, sí, sí, sí, sí, sí, sí, sí, sí, sí, sí, sí, sí, sí, sí, sí, sí, sí, sí, sí, sí, sí, sí, sí, sí, sí, sí, sí, sí, sí, sí, sí, sí, sí, sí, sí, sí, sí, sí, sí, sí, sí, sí, sí, sí, sí, sí, sí, sí, sí, sí, sí, sí, sí, sí, sí, sí, sí, sí, sí, sí, sí, sí, sí, sí, sí, sí, sí, sí, sí, sí, sí, sí, sí, sí, sí, sí, sí, sí, sí, sí, sí, sí, sí, sí, sí, sí, sí, sí, sí, sí, sí, sí, sí, sí, sí, sí, sí, sí, sí, sí, sí, sí, sí, sí, sí, sí, sí, sí, sí, sí, sí, sí, sí, sí, sí, sí, sí, sí, sí, sí, sí, sí, sí",4,256
EN_071_31__ES_071_31,en-es,train,"But now I'm working as a student, and that's that's more than enough, honestly.","Pero ahora estoy trabajando como estudiante, y eso es más que suficiente, honestamente.",14,13
EN_071_32__ES_071_32,en-es,dev,Mm-hmm.,Mm-hmm.,1,1
EN_071_33__ES_071_33,en-es,dev,"After years, I found out that I didn't want to be a nurse.",Después de años descubrí que no quería ser enfermera.,13,9
EN_071_3__ES_071_3,en-es,dev,That's so cool.,Eso es tan cool.,3,4
EN_071_4__ES_071_4,en-es,train,"After that we lived in Mozambique, Africa.","Después de eso vivimos en Mozambique, África.",7,7
EN_071_5__ES_071_5,en-es,train,This is now my second semester as a transfer in UTEP.,Este es mi segundo semestre como transfer en UTEP.,11,9
EN_071_6__ES_071_6,en-es,dev,I was born and raised here all my life.,Nací y me crié aquí toda mi vida.,9,8
EN_071_7__ES_071_7,en-es,train,"place of family, um place of birth, something you can recognize throughout your whole life.","Lugar de familia, lugar de nacimiento, algo que puedes reconocer a lo largo de toda tu vida.",15,17
EN_071_8__ES_071_8,en-es,dev,"But like you, that you have lived in many places, would you like to stay in one place for your whole life?","Pero como tú, que has vivido en muchos lugares, ¿te gustaría quedarte en un solo lugar toda tu vida?",22,19
EN_071_9__ES_071_9,en-es,train,is for the necessity of the um life that I have.,Es por la necesidad de la vida que tengo.,11,9
EN_072_10__ES_072_10,en-es,train,"Ummm, yeah, yeah, I'm excited.","Ummm, sí, sí, estoy emocionado.",5,5
EN_072_11__ES_072_11,en-es,dev,I was just...,Yo solo estaba...,3,3
EN_072_12__ES_072_12,en-es,train,and both like sad that I will have to leave my family here,Y los dos tristes que voy a tener que dejar a mi familia aquí.,13,14
EN_072_13__ES_072_13,en-es,train,I mean I've seen them every day for the last 21 years,Los he visto todos los días por los últimos 21 años.,12,11
EN_072_14__ES_072_14,en-es,train,the biggest decision I've done in my entire life.,La decisión más grande que he tomado en toda mi vida.,9,11
EN_072_15__ES_072_15,en-es,train,"Well, the only thing I have control over are my decisions and my performance during my internship.","Bueno, lo único que tengo control son mis decisiones y mi desempeño durante mi internship.",17,15
EN_072_16__ES_072_16,en-es,train,"Yeah, but I mean, I can... I still don't know what team I'm going to be this summer, so it really depends on the team.","Sí, pero quiero decir, todavía no sé qué equipo voy a ser este verano, así que depende del equipo.",25,19
EN_072_17__ES_072_17,en-es,train,"I think so, yeah. I think you can try to change, but it is not guaranteed.","Creo que sí, sí. Creo que puedes intentar cambiarte, pero no está garantizado.",16,13
EN_072_18__ES_072_18,en-es,dev,um nothing i mean it's okay,"Nada, quiero decir que está bien.",6,6
EN_072_19__ES_072_19,en-es,dev,"movies. I watched, I re-watched Black Panther, Wakanda.","Yo vi películas, volví a ver Pantera Negra, Wakanda.",8,9
EN_072_1__ES_072_1,en-es,train,Ummm... Well I guess something that's really in my mind recently is...,Ummm bueno creo que algo que está muy en mi mente recientemente es...,12,13
EN_072_20__ES_072_20,en-es,train,I haven't watched that much Marvel recently.,No he visto tanto Marvel últimamente.,7,6
EN_072_21__ES_072_21,en-es,train,"Yeah, definitely. I mean, I have always been a sucker for Iron Man.","Sí, definitivamente. Siempre he sido un imbécil para Iron Man.",13,10
EN_072_22__ES_072_22,en-es,train,"And I would be very excited to see it there. But now with the live action movies, I don't feel like that.","Y me emocionaba mucho verlo ahí, pero ahora con las películas de acción en vivo, no me siento así.",22,19
EN_072_23__ES_072_23,en-es,train,yeah civil war great movie,"Sí, guerra civil, gran película.",5,5
EN_072_24__ES_072_24,en-es,train,"Yeah, yeah. Great movie, great movie.","Sí, sí, gran película, gran película.",6,6
EN_072_25__ES_072_25,en-es,dev,[laugh/noise],[laughter/ruido].,1,1
EN_072_26__ES_072_26,en-es,dev,When,¿Cuándo?,1,1
EN_072_27__ES_072_27,en-es,dev,"It's a soccer team of girls, they're in high school, and it's like they were going to a tournament in the plane, but then it crashed down.","Es un equipo de fútbol de chicas, están en la prepa, y es como que iban a un torneo en el avión, pero luego se estrelló.",27,26
EN_072_2__ES_072_2,en-es,train,Like the fact that I might be leaving home in less than a year,Como el hecho de que me voy de casa en menos de un año.,14,14
EN_072_3__ES_072_3,en-es,train,there's a possibility that they give me a return offer for full time,Hay una posibilidad de que me den una oferta de devolución a tiempo completo.,13,14
EN_072_4__ES_072_4,en-es,train,"Probably the latest would be March, but I'm not sure.","Probablemente lo más tarde sería marzo, pero no estoy seguro.",10,10
EN_072_5__ES_072_5,en-es,train,"Yeah, they actually both graduate uh this year. Well, this semester on May.","Sí, de hecho los dos se gradúan este año. Bueno, este semestre de mayo.",13,14
EN_072_6__ES_072_6,en-es,dev,like you and you're you're graduating and,Como tú y te estás graduando y...,7,7
EN_072_7__ES_072_7,en-es,train,definitely which is the one coming to YouTube for nursing,Definitivamente cuál es la que viene a YouTube para enfermería.,10,10
EN_072_8__ES_072_8,en-es,dev,Um,Um,1,1
EN_072_9__ES_072_9,en-es,train,"Yeah, but I will be one semester here with","Sí, pero estaré aquí un semestre con...",9,7
EN_073_10__ES_073_10,en-es,train,"Otherwise, I'm going to fail again, and I don't want that.","De lo contrario, voy a fallar otra vez, y no quiero eso.",11,12
EN_073_11__ES_073_11,en-es,train,"Oh, because I'm actually doing a minor in mathematics.","Oh, porque de hecho estoy haciendo un minor en matemáticas.",9,10
EN_073_12__ES_073_12,en-es,train,"There's a seminar, there's a lab, there's um the actual lecture.","Hay un seminario, hay un laboratorio, hay una clase de verdad.",11,11
EN_073_13__ES_073_13,en-es,dev,They give you like three different classes for like like one thing.,Te dan como tres clases diferentes para una cosa.,12,9
EN_073_14__ES_073_14,en-es,train,Yeah.,Sí.,1,1
EN_073_15__ES_073_15,en-es,train,He's a person that we can actually work with.,Es una persona con la que realmente podemos trabajar.,9,9
EN_073_16__ES_073_16,en-es,dev,"Not like the professors where they give you homework and homework and they're like, come on guys, this should be easy.","No como los profesores donde te dan tarea y tarea y están como, vamos chicos, esto debería ser fácil.",21,19
EN_073_17__ES_073_17,en-es,train,Yeah.,Sí.,1,1
EN_073_18__ES_073_18,en-es,train,But I think it was more because of my fault that I actually didn't know anything about programming.,Pero creo que fue más por mi culpa que de hecho no sabía nada de programación.,18,16
EN_073_19__ES_073_19,en-es,train,"Let's be honest, college is about you have to study your own stuff.","Seamos honestos, la universidad es que tienes que estudiar tus propias cosas.",13,12
EN_073_1__ES_073_1,en-es,dev,You were gonna tell me about school?,¿Me ibas a contar de la escuela?,7,7
EN_073_20__ES_073_20,en-es,train,"One thing, for example, is that I hate when professors","Una cosa, por ejemplo, es que odio cuando profesores.",10,9
EN_073_21__ES_073_21,en-es,train,In order to have access to my class you have to buy side books and this and this,Para poder tener acceso a mi clase tienes que comprar side books y esto y esto.,18,16
EN_073_22__ES_073_22,en-es,dev,Yeah.,Sí.,1,1
EN_073_23__ES_073_23,en-es,train,I need to pay for this thing in order to have access to your classes like oh my god no,"Tengo que pagar por esta cosa para poder tener acceso a tus clases como ay, Dios mío, no.",20,18
EN_073_24__ES_073_24,en-es,dev,Yeah.,Sí.,1,1
EN_073_25__ES_073_25,en-es,train,Oh really? I got it in special. I got it for 30.,"Lo tengo en especial, lo tengo por 30.",12,8
EN_073_26__ES_073_26,en-es,dev,for each one.,para cada una.,3,3
EN_073_27__ES_073_27,en-es,dev,30? Wow.,¿30? Wow.,2,2
EN_073_28__ES_073_28,en-es,train,Yeah.,Sí.,1,1
EN_073_29__ES_073_29,en-es,train,"Oh, you don't really need to buy a book for my class.","Oh, no necesitas comprar un libro para mi clase.",12,9
EN_073_2__ES_073_2,en-es,train,"Well, not a freshman because actually I took dual credit classes and...","Bueno, no freshman porque de hecho tomé clases de crédito dual y...",12,12
EN_073_30__ES_073_30,en-es,train,the homework will be intact for it.,La tarea estará intacta para eso.,7,6
EN_073_31__ES_073_31,en-es,train,"I don't know if that's allowed, but you can find some books online.","No sé si está permitido, pero puedes encontrar algunos libros en línea.",13,12
EN_073_32__ES_073_32,en-es,dev,"I don't think it's allowed, but you know, you have to do what you have to do.","No creo que esté permitido, pero ya sabes, tienes que hacer lo que tienes que hacer.",17,16
EN_073_33__ES_073_33,en-es,train,"Yeah, I got my money back, but yeah, I had to buy it like from here actually.","Sí, recuperé mi dinero, pero sí, tuve que comprarlo como de aquí.",17,12
EN_073_34__ES_073_34,en-es,dev,"I don't know, like even if we buy it though, like I feel like we don't really use it after.","No sé, aunque lo compremos, siento que no lo usamos después.",20,11
EN_073_35__ES_073_35,en-es,train,It's kind of difficult for me to understand them.,Es difícil para mí entenderlas.,9,5
EN_073_36__ES_073_36,en-es,train,last semester no my second semester,"El semestre pasado no, mi segundo semestre.",6,7
EN_073_3__ES_073_3,en-es,train,So I actually got into UTEP and I started as a sophomore.,Entonces entré a UTEP y empecé como un estudiante de segundo año.,12,12
EN_073_4__ES_073_4,en-es,train,My first class actually was Introduction to Computer Science.,Mi primera clase de hecho fue Introducción a Computer Science.,9,10
EN_073_5__ES_073_5,en-es,train,I didn't know by then anything about programming and anything.,Para entonces no sabía nada de programación y nada.,10,9
EN_073_6__ES_073_6,en-es,train,My first option was aeronautical engineering.,Mi primera opción fue ingeniería aeronáutica.,6,6
EN_073_7__ES_073_7,en-es,dev,Right now you're close to graduation or?,¿En este momento estás cerca de la graduación o?,7,9
EN_073_8__ES_073_8,en-es,train,"Not really, actually this is my junior year","La verdad es que no, este es mi tercer año.",8,10
EN_073_9__ES_073_9,en-es,train,I decided to retake it next semester because right now I'm taking circuits and,Decidí retomarlo el próximo semestre porque ahorita estoy tomando circuitos y...,14,11
EN_074_10__ES_074_10,en-es,train,"I mean, he's strong, but he has to win it.","O sea, es fuerte, pero tiene que ganar.",10,8
EN_074_11__ES_074_11,en-es,train,I think Diamante is gonna take the Flare of Flare Fruit and then he already has a Fruit.,Creo que Diamante va a tomar el Flare de Flare Fruit y luego ya tiene una Fruit.,18,17
EN_074_12__ES_074_12,en-es,test,"Yeah, I mean obviously.","Sí, claro.",4,2
EN_074_13__ES_074_13,en-es,test,"cool that they introduce him back, Sabo, but like","Fresco que le vuelvan a presentar, Sabo, pero como",9,9
EN_074_14__ES_074_14,en-es,test,"Look at the flamingo, he's like crazy OP","Mira el Flamingo, está como loco OP.",8,7
EN_074_15__ES_074_15,en-es,train,kind of bad to compare them.,Es un poco malo compararlos.,6,5
EN_074_16__ES_074_16,en-es,test,"Yeah, I know.","Sí, lo sé.",3,3
EN_074_17__ES_074_17,en-es,test,"No, no, no. He's going to be important.","No, no, no, va a ser importante.",8,7
EN_074_18__ES_074_18,en-es,train,"Yeah, I'm just doing this because they pay me and that's it.","Sí, estoy haciendo esto porque me pagan y ya.",12,9
EN_074_19__ES_074_19,en-es,train,the power to throw meteorites at you and then beam against you.,El poder de tirar meteoritos a ti y luego virar contra ti.,12,12
EN_074_1__ES_074_1,en-es,test,"Oh yeah, it was pretty good, not gonna lie.","Oh, sí, estuvo muy bien, no va a mentir.",9,9
EN_074_20__ES_074_20,en-es,test,Even after being able to defend that off [unk],Incluso después de poder defender eso [unk],9,7
EN_074_21__ES_074_21,en-es,train,Fighting against a flamingo is not fair to anybody.,Pelear contra un flamenco no es justo para nadie.,9,9
EN_074_22__ES_074_22,en-es,test,"You're gonna step up, you know so?","Vas a dar un paso al frente, ¿sabes?",7,8
EN_074_23__ES_074_23,en-es,train,"And he's not the stepfather, he's the father that stepped up.","Y no es el padrastro, es el padre que se esforzó.",11,11
EN_074_24__ES_074_24,en-es,test,like i think that what was like really lame was um,Como que creo que lo que era muy cojo era...,11,10
EN_074_25__ES_074_25,en-es,train,I couldn't care less about him being like Kratos or whatever his name was I know he's not Kratos but,"No me podía importar menos que él fuera como Kratos o como se llame, sé que no es Kratos, pero...",20,20
EN_074_26__ES_074_26,en-es,train,"Bro, he's a gladiator. They're supposed to do that.","Hermano, es un gladiador, se supone que deben hacer eso.",9,10
EN_074_27__ES_074_27,en-es,train,"If this is historically accurate, yes, gladiators of course do not lose, if not they would be dead.","Si esto es históricamente preciso, sí, los gladiadores, por supuesto, no pierden, si no hubieran muerto.",18,16
EN_074_28__ES_074_28,en-es,test,I don't know why everyone is like looking up to him if he's just bad,No sé por qué todo el mundo le mira si es malo.,15,12
EN_074_29__ES_074_29,en-es,train,is also dumb but sometimes he just like pays attention like when it's needed,"También es tonto, pero a veces pone atención cuando es necesario.",14,11
EN_074_2__ES_074_2,en-es,train,"By the army? No, he was in the- ah, like the revolutionary army you say","¿Por el ejército? No, él estaba en el- Ah, como el ejército revolucionario que tú dices.",15,16
EN_074_30__ES_074_30,en-es,test,He knows what to do in fight situations.,Él sabe qué hacer en situaciones de lucha.,8,8
EN_074_31__ES_074_31,en-es,train,"I'm not saying they deserve it, but they don't try to act different from their history.","No digo que se lo merezcan, pero no tratan de actuar diferente de su historia.",16,15
EN_074_32__ES_074_32,en-es,train,"Aw, don't blow me. I-I know-","Aw, no me fastidies. Lo sé.",6,6
EN_074_33__ES_074_33,en-es,train,need to be like gear 10 or something like that,Necesito estar como equipo 10 o algo así.,10,8
EN_074_3__ES_074_3,en-es,test,"Yeah, yeah.","Sí, sí.",2,2
EN_074_4__ES_074_4,en-es,test,he was able to defend himself in the competition.,Pudo defenderse en la competencia.,9,5
EN_074_5__ES_074_5,en-es,train,which was too OP for this verse,Que era muy OP para este versículo.,7,7
EN_074_6__ES_074_6,en-es,test,"The three of them are supposed to be on the same level, well they were before when they were kids but now","Se supone que los tres están en el mismo nivel, pues lo estaban antes cuando eran niños, pero ahora.",22,19
EN_074_7__ES_074_7,en-es,train,so weak compared to them,Tan débil comparado con ellos.,5,5
EN_074_8__ES_074_8,en-es,test,"I mean yeah that's why, he was the weakest of them all","O sea, sí, por eso era el más débil de todos.",12,11
EN_074_9__ES_074_9,en-es,test,[unk],[unk],1,1
EN_075_10__ES_075_10,en-es,test,No lies.,Nada de mentiras.,2,3
EN_075_11__ES_075_11,en-es,train,When I'm playing video games and you text me and I don't see it.,Cuando estoy jugando videojuegos y me mandas un mensaje y no lo veo.,14,13
EN_075_12__ES_075_12,en-es,test,Ooh. [laugh],Ooh [laughter].,2,2
EN_075_13__ES_075_13,en-es,test,"You said that I can multi-task, and I can, I can, but...","Dijiste que puedo multi-tarea, y puedo, puedo, pero...",12,8
EN_075_14__ES_075_14,en-es,test,That I can't but now you don't let me is like Oh you're so annoying,"Que no puedo, pero ahora no me dejas decir Oh, eres tan molesto.",15,13
EN_075_15__ES_075_15,en-es,train,How am I gonna be circle?,¿Cómo voy a estar circle?,6,5
EN_075_16__ES_075_16,en-es,test,"Make a script- no, just make a line.","Haz un guión, no, haz una línea.",8,7
EN_075_17__ES_075_17,en-es,test,"I think that a baby is not an error, but it definitely changed your life.","Creo que un bebé no es un error, pero definitivamente te cambió la vida.",15,14
EN_075_18__ES_075_18,en-es,test,I bet you. So. [laugh],Te apuesto. [laughter],5,3
EN_075_19__ES_075_19,en-es,train,But there's something I gotta say that I won.,Pero hay algo que tengo que decir que gané.,9,9
EN_075_1__ES_075_1,en-es,test,This is what I want. One for you and one for me. Okay?,Esto es lo que quiero. Uno para ti y uno para mí.,13,12
EN_075_20__ES_075_20,en-es,test,Uh-huh.,Ajá.,1,1
EN_075_21__ES_075_21,en-es,test,[noise],[ruido],1,1
EN_075_22__ES_075_22,en-es,test,You're such a cheater.,Eres un tramposo.,4,3
EN_075_23__ES_075_23,en-es,train,Woo!,¡Woo!,1,1
EN_075_24__ES_075_24,en-es,test,[laughs],[risas].,1,1
EN_075_25__ES_075_25,en-es,test,"Hey, isn't this that idiot?","Eh, ¿no es así de idiota?",5,6
EN_075_26__ES_075_26,en-es,train,[laugh],[laughter],1,1
EN_075_27__ES_075_27,en-es,test,It's an effective responsibility that you have to give.,Es una responsabilidad efectiva que debes dar.,9,7
EN_075_28__ES_075_28,en-es,train,"Well, there's one that I keep telling you that I want to watch, Puss in Boots.","Bueno, hay una que te sigo diciendo que quiero ver Puss in Boots.",16,13
EN_075_29__ES_075_29,en-es,test,But I already saw it.,Pero ya lo vi.,5,4
EN_075_2__ES_075_2,en-es,train,when someone is in class or in a quiet room and constantly tapping their foot against the um,Cuando alguien está en clase o en una sala tranquila y constantemente tocando su pie contra el um,18,18
EN_075_30__ES_075_30,en-es,train,Oh no no no. Oh no look I did win!,"Ay, no, no, no, no, no, no, no, no, no, no, no, no, no, no, no, no, no, no, no, no, no, no, no, no, no, no, no, no, no, no, no, no, no, no, no, no, no, no, no, no, no, no, no, no, no, no, no, no, no, no, no, no, no, no, no, no, no, no, no, no, no, no.",10,63
EN_075_31__ES_075_31,en-es,test,Wait.,Espera.,1,1
EN_075_32__ES_075_32,en-es,test,"Na na na, don't put anything here!","Na na na, no pongas nada aquí.",7,7
EN_075_33__ES_075_33,en-es,train,"No, no, I wasn't gonna...","No, no, no iba a...",5,5
EN_075_34__ES_075_34,en-es,train,This movie talks about a kid that was with his mom.,Esta película habla de un niño que estaba con su mamá.,11,11
EN_075_35__ES_075_35,en-es,train,"Uh, he ran away by accident because the mom wasn't paying attention and then there was this man",Huyó por accidente porque la mamá no estaba poniendo atención y luego estaba este hombre.,18,15
EN_075_3__ES_075_3,en-es,train,basically saying um to to stop um because it's making too much noise in the um quiet room.,Básicamente diciendo que parar porque está haciendo mucho ruido en el cuarto tranquilo.,18,13
EN_075_4__ES_075_4,en-es,test,"make sounds with their tongue, it's like [noise], no, I get bothered.","hacer ruidos con su lengua, es como [ruido], no, me molesta.",12,11
EN_075_5__ES_075_5,en-es,test,I hate it with all my nerves.,Lo odio con todos mis nervios.,7,6
EN_075_6__ES_075_6,en-es,test,"Yeah yeah yeah, that- that bothers me a lot.","Sí, sí, sí, eso me molesta mucho.",9,7
EN_075_7__ES_075_7,en-es,test,"Let's do it with the same color! You don't have the same color! Nah, not even near, it's not the same color.","¡Hagámoslo con el mismo color! ¡Tú no tienes el mismo color! No, ni cerca, no es el mismo color.",22,19
EN_075_8__ES_075_8,en-es,test,That you don't let me talk! You never let me talk!,"Que no me dejes hablar, que no me dejes hablar.",11,10
EN_075_9__ES_075_9,en-es,train,"You interrupt me and say, I know this this... No lies.","Me interrumpes y me dices, ya sé, esto, no, no, no, no, no, no, no, no, no, no, no, no, no, no, no, no, no, no, no, no, no, no, no, no, no, no, no, no, no, no, no, no, no, no, no, no, no, no, no, no, no, no, no, no, no, no, no, no, no, no, no, no, no, no, no, no, no, no, no, no, no, no, no, no, no, no, no, no, no, no, no, no, no, no, no, no, no, no, no, no, no, no, no, no, no, no, no, no, no, no, no, no, no, no, no, no, no, no, no, no, no, no, no, no, no, no, no, no, no, no, no, no, no, no, no, no, no, no, no, no, no...................",11,129
EN_076_10__ES_076_10,en-es,dev,Yeah.,Sí.,1,1
EN_076_11__ES_076_11,en-es,test,We almost canceled the um the plan precisely because if you don't remember in the news.,Casi cancelamos el plan precisamente porque si no te acuerdas en las noticias.,16,13
EN_076_12__ES_076_12,en-es,dev,The venezuelans wanted to enter the Biforce.,Los venezuelanos querían entrar a la Biforce.,7,7
EN_076_13__ES_076_13,en-es,test,Uh-huh.,Ajá.,1,1
EN_076_14__ES_076_14,en-es,test,"And I was surprised because when I went there, really there was no one.",Y me sorprendí porque cuando fui ahí no había nadie.,14,10
EN_076_1__ES_076_1,en-es,dev,"If you want to, I'd like to start.","Si quieres, me gustaría empezar.",8,5
EN_076_2__ES_076_2,en-es,test,"Yeah, you can start.","Sí, puedes empezar.",4,3
EN_076_3__ES_076_3,en-es,dev,my first opinion,mi primera opinion,3,3
EN_076_4__ES_076_4,en-es,test,"Wait, wait, wait. I'm going to start.","Espera, espera, espera, voy a empezar.",7,6
EN_076_5__ES_076_5,en-es,test,"Yeah, we already started.","Sí, ya empezamos.",4,3
EN_076_6__ES_076_6,en-es,dev,"to their nation of hypocrites, of democrats, those nasty, that they don't know how to do nothing, they don't know how to work, those nasty.","a su nación de hipócritas, de demócratas, esos desagradables, que no saben cómo hacer nada, no saben cómo trabajar, esos desagradables.",25,21
EN_076_7__ES_076_7,en-es,dev,"They are literally on the bridge asking for money, asking for charity, but they don't want to work.","Literalmente están en el puente pidiendo dinero, pidiendo caridad, pero no quieren trabajar.",18,13
EN_076_8__ES_076_8,en-es,dev,"Yeah, a Haitian watches my car.","Sí, un haitiano vigila mi carro.",6,6
EN_076_9__ES_076_9,en-es,test,Really?,¿En serio?,1,2
EN_077_10__ES_077_10,en-es,train,It's different how he loves one and how he loves the other one.,Es diferente cómo ama a una y cómo ama a la otra.,13,12
EN_077_11__ES_077_11,en-es,dev,Uh-huh.,Ajá.,1,1
EN_077_12__ES_077_12,en-es,train,"Yeah, it's what you deserve. [laugh]","Sí, es lo que te mereces [laughter].",6,7
EN_077_13__ES_077_13,en-es,dev,Yeah.,Sí.,1,1
EN_077_14__ES_077_14,en-es,dev,Yeah.,Sí.,1,1
EN_077_15__ES_077_15,en-es,train,See? No! Tim Selena!,¿Ves? ¡No! ¡Tim Selena!,4,4
EN_077_16__ES_077_16,en-es,dev,"Yeah, no, I don't even know what happened","Sí, no, ni siquiera sé qué pasó.",8,7
EN_077_17__ES_077_17,en-es,dev,"And it's already been years, but they're so bothering her.","Y ya han pasado años, pero la están molestando.",10,9
EN_077_18__ES_077_18,en-es,train,"Yeah, because I think they get along well with each other, so I think they stay in good terms.","Sí, porque creo que se llevan bien el uno con el otro, así que creo que se quedan en buenos términos.",19,21
EN_077_19__ES_077_19,en-es,dev,"Yeah, like why lie? Like nothing's gonna happen.","Sí, ¿por qué mentir? Como que no va a pasar nada.",8,11
EN_077_1__ES_077_1,en-es,dev,"Oh yeah, they said that everyone got mad because Hailey was throwing shade to Selena.","Oh, sí, dijeron que todo el mundo se enojó porque Hailey le estaba echando sombra a Selena.",15,17
EN_077_20__ES_077_20,en-es,train,Uh-huh.,Ajá.,1,1
EN_077_22__ES_077_22,en-es,train,And then to be married with a person that doesn't love you is like...,Y luego estar casado con una persona que no te quiere es como...,14,13
EN_077_23__ES_077_23,en-es,dev,"Yeah, yeah, yeah.","Sí, sí, sí.",3,3
EN_077_24__ES_077_24,en-es,train,I will say something like [noise] I will ask for the divorce [laugh],Diría algo como [ruido] le pediré el divorcio [laughter].,13,9
EN_077_25__ES_077_25,en-es,dev,I know right?,"Lo sé, ¿verdad?",3,3
EN_077_26__ES_077_26,en-es,train,"like two weeks ago or one, she proposed to her and she said yes.","Hace como dos semanas o una, le propuso matrimonio y dijo que sí.",14,13
EN_077_27__ES_077_27,en-es,dev,"Uh, um, what happened?",¿Qué pasó?,4,2
EN_077_28__ES_077_28,en-es,dev,Huh!,Huh.,1,1
EN_077_29__ES_077_29,en-es,train,It was too good to be true.,Era demasiado bueno para ser verdad.,7,6
EN_077_2__ES_077_2,en-es,train,Uh-huh.,Ajá.,1,1
EN_077_30__ES_077_30,en-es,dev,[laugh],[laughter],1,1
EN_077_31__ES_077_31,en-es,train,"That's why he's single at that age. Maybe, probably. If you're single at that age, if it is not because of a career, it's because of something.","Es por eso que está soltero a esa edad. A lo mejor, probablemente. Si estás soltero a esa edad, si no es por una carrera, es por algo.",27,28
EN_077_32__ES_077_32,en-es,dev,Yeah.,Sí.,1,1
EN_077_33__ES_077_33,en-es,train,So then it starts the argument and one doesn't trust the other so it starts like that.,"Entonces comienza la discusión y una no confía en la otra, así que empieza así.",17,15
EN_077_34__ES_077_34,en-es,dev,Uh-huh.,Ajá.,1,1
EN_077_35__ES_077_35,en-es,train,"In the case of that girl, it was some messages that was like like out of place, like I don't know.","En el caso de esa chica, eran mensajes que estaban como fuera de lugar, como que no sé.",21,18
EN_077_36__ES_077_36,en-es,dev,Aww.,Aw.,1,1
EN_077_37__ES_077_37,en-es,train,"Don't look for me again in your life. You know how, like, here, don't look for me again.",No me vuelvas a buscar en tu vida. ¿Sabes cómo? Aquí no me vuelvas a buscar.,18,16
EN_077_38__ES_077_38,en-es,dev,[noise],[ruido],1,1
EN_077_39__ES_077_39,en-es,dev,Yeah.,Sí.,1,1
EN_077_3__ES_077_3,en-es,train,to selena uh-huh,A Selena Ajá,3,3
EN_077_40__ES_077_40,en-es,train,"You're gonna say like, oh I have everything with her, why am I gonna throw all of that away?","Dirás, oh, tengo todo con ella, ¿por qué voy a tirar todo eso por la borda?",19,16
EN_077_41__ES_077_41,en-es,train,I'm already free from you. Why would I wa- want to be with you again like,Ya estoy libre de ti. ¿Por qué iba a querer estar contigo otra vez?,16,14
EN_077_42__ES_077_42,en-es,dev,[laugh],[laughter],1,1
EN_077_4__ES_077_4,en-es,train,but I think because she made fun about the sickness of Selena.,Pero creo que porque se burló de la enfermedad de Selena.,12,11
EN_077_5__ES_077_5,en-es,train,I think she was making her makeup but or she just posted a picture but I don't remember.,"Creo que se estaba maquillando, pero o simplemente subió una foto, pero no me acuerdo.",18,15
EN_077_6__ES_077_6,en-es,dev,Yeah.,Sí.,1,1
EN_077_7__ES_077_7,en-es,dev,Yeah.,Sí.,1,1
EN_077_8__ES_077_8,en-es,train,and I highly made fun of her [laugh] and then I think that,Y me burlé mucho de ella [laughter] y luego pienso que,13,11
EN_077_9__ES_077_9,en-es,dev,Aww.,Aw.,1,1
EN_078_10__ES_078_10,en-es,test,well its beca-,"Bueno, pues su beca-",3,4
EN_078_11__ES_078_11,en-es,train,because you get to see like savor the flavors,Porque puedes ver como saborear los sabores.,9,7
EN_078_12__ES_078_12,en-es,train,"Yeah, because if it's like this, you just take a bite and like, okay, it's done. But when it's cold, you take out the moment and then flavor.","Sí, porque si es así, solo comes un bocado y ya está hecho, pero cuando hace frío, sacas el momento y luego sabor.",28,23
EN_078_13__ES_078_13,en-es,test,"Yeah, I have a red one and some sort of purple.","Sí, tengo uno rojo y una especie de morado.",11,9
EN_078_14__ES_078_14,en-es,train,grape,Uva.,1,1
EN_078_15__ES_078_15,en-es,train,grape,Uva.,1,1
EN_078_16__ES_078_16,en-es,train,I have both grape colors.,Tengo los dos colores de uva.,5,6
EN_078_17__ES_078_17,en-es,train,"It's not that I don't like it, I just like... I would not try it again.","No es que no me guste, es que no lo probaría de nuevo.",16,13
EN_078_18__ES_078_18,en-es,test,I mean it it's not bad But I don't know it's like free,"O sea, no está mal, pero no sé si está libre.",13,11
EN_078_19__ES_078_19,en-es,train,"Yes, please tell me. Enlighten me.","Sí, dime, ilumíname.",6,3
EN_078_1__ES_078_1,en-es,test,Which one do you prefer?,¿Cuál prefieres?,5,2
EN_078_20__ES_078_20,en-es,test,I have the other one.,Tengo el otro.,5,3
EN_078_21__ES_078_21,en-es,test,I have the other one [unk],Tengo el otro [unk].,6,4
EN_078_22__ES_078_22,en-es,test,"the grape one doesn't taste bad, it's just like... whatever.","La uva no tiene mal sabor, es como... lo que sea.",10,11
EN_078_23__ES_078_23,en-es,train,"What are these for? Oh, this is for the tic-tac-toe!","¿Para qué son? Oh, esto es para el tic-tac-toe.",10,9
EN_078_24__ES_078_24,en-es,train,Why do you have the purple one?,¿Por qué tienes el morado?,7,5
EN_078_25__ES_078_25,en-es,test,"I don't know. It's because I'm better, I guess.","No sé, es porque estoy mejor, creo.",9,7
EN_078_26__ES_078_26,en-es,test,"Well, [unk] for me. Thank you.","[unk] para mí, gracias.",6,4
EN_078_27__ES_078_27,en-es,train,[laugh],[laughter],1,1
EN_078_28__ES_078_28,en-es,test,Faster.,Más rápido.,1,2
EN_078_29__ES_078_29,en-es,train,Give me a sec.,Dame un segundo.,4,3
EN_078_2__ES_078_2,en-es,train,Do you want to do the first one?,¿Quieres hacer la primera?,8,4
EN_078_30__ES_078_30,en-es,test,I don't know.,No sé.,3,2
EN_078_31__ES_078_31,en-es,test,"I don't know, think it, think about it.","No sé, piénsalo, piénsalo.",8,4
EN_078_32__ES_078_32,en-es,train,[laugh],[laughter],1,1
EN_078_33__ES_078_33,en-es,train,No!,¡No!,1,1
EN_078_34__ES_078_34,en-es,train,"That was that was all me, I'm super smart.","Eso era todo yo, soy súper inteligente.",9,7
EN_078_35__ES_078_35,en-es,test,"Well, it's okay. It's okay.","Bueno, está bien, está bien.",5,5
EN_078_36__ES_078_36,en-es,test,I paid enough to live a happy life,Pagué lo suficiente para vivir una vida feliz.,8,8
EN_078_37__ES_078_37,en-es,test,"I don't know, I don't want them to be like those El Paso kids that some that they speak Spanish, some sort of","No sé, no quiero que sean como esos niños de El Paso que hablan español.",23,15
EN_078_38__ES_078_38,en-es,test,Where exactly? I still have no idea.,¿Dónde exactamente? Todavía no tengo idea.,7,6
EN_078_39__ES_078_39,en-es,test,I don't know there's there's no it's just a big desert,"No sé, no, no, no, no, no, no, no, no, no, no, no, no, no, no, no, no, no, no, no, no, no, no, no, no, no, no, no, no, no, no, no, no, no, no, no, no, no, no, no, no, no, no, no, no, no, no, no, no, no, no, no, no, no, no, no, no, no, no.",11,60
EN_078_3__ES_078_3,en-es,test,"I want to, I want to eat the Hershey's first.",Quiero comer primero el Hershey's.,10,5
EN_078_40__ES_078_40,en-es,train,[noise],[ruido],1,1
EN_078_41__ES_078_41,en-es,test,"I mean if you don't mind, I will take another bite of that.","O sea, si no te importa, voy a tomar otro bocado de eso.",13,13
EN_078_42__ES_078_42,en-es,train,Can I eat the rest of the chocolate?,¿Puedo comerme el resto del chocolate?,8,6
EN_078_4__ES_078_4,en-es,train,"Okay, I'm gonna eat the Hershey's too.","Ok, también me voy a comer el Hershey's.",7,8
EN_078_5__ES_078_5,en-es,test,"You don't need the whole thing, just a bite.","No lo necesitas todo, solo un bocado.",9,7
EN_078_6__ES_078_6,en-es,train,Oops.,Oops.,1,1
EN_078_7__ES_078_7,en-es,test,but like hard cold like like ice,Pero como frío fuerte como hielo.,7,6
EN_078_8__ES_078_8,en-es,train,Yes.,Sí.,1,1
EN_078_9__ES_078_9,en-es,train,"Well, not ice, but like cold.","Bueno, no hielo, pero frío.",6,5
EN_079_10__ES_079_10,en-es,train,oh Selena Gomez and I'm just like,Oh Selena Gomez y yo estoy como,7,7
EN_079_11__ES_079_11,en-es,train,to get the sea- the seaweed taste from my mouth.,para sacar el sabor de algas de mi boca.,10,9
EN_079_12__ES_079_12,en-es,train,"I know, I want like a drink of water or something.","Lo sé, quiero como un trago de agua o algo.",11,10
EN_079_13__ES_079_13,en-es,train,I know. I should probably take the one that I bit.,"Lo sé, probablemente debería tomar la que mordí.",11,8
EN_079_14__ES_079_14,en-es,train,clarity in our lab.,claridad en nuestro laboratorio.,4,4
EN_079_15__ES_079_15,en-es,train,Ah just kidding.,"Ah, solo bromeaba.",3,3
EN_079_17__ES_079_17,en-es,train,Do you want to be X's or O's?,¿Quieres ser X o O?,8,5
EN_079_18__ES_079_18,en-es,train,I'll be Xs.,Seré Xs.,3,2
EN_079_19__ES_079_19,en-es,train,"I know, that's so awkward.","Lo sé, eso es muy incómodo.",5,6
EN_079_1__ES_079_1,en-es,train,Do you like fish?,¿Te gusta el pescado?,4,4
EN_079_21__ES_079_21,en-es,train,"It's what it sounds it's like Chinese food, but it's cooked by Mexicans","Es lo que suena es comida china, pero está cocinada por mexicanos.",13,12
EN_079_22__ES_079_22,en-es,train,"Uh, well, I guess it kinda, well yeah, I guess it is.","Uh, bueno, creo que sí, sí, creo que sí.",12,9
EN_079_23__ES_079_23,en-es,train,I've been I've been trying to find like places to eat here and I'm just like mmmm,He tratado de encontrar lugares para comer aquí y estoy como...,17,11
EN_079_24__ES_079_24,en-es,train,Let me go get some Whataburger.,Déjame ir a buscar algo de Whataburger.,6,7
EN_079_25__ES_079_25,en-es,train,It's super good. 10 out of 10.,"Está súper bueno, 10 de 10.",7,6
EN_079_26__ES_079_26,en-es,train,"And then I walked in and I was like, what is this?","Y luego entré y dije, ¿qué es esto?",12,8
EN_079_27__ES_079_27,en-es,train,I'd give myself my degree already.,Ya me daría mi título.,6,5
EN_079_28__ES_079_28,en-es,train,"and they like love going there, and I'm like.","Y les gusta ir ahí, y yo digo.",9,8
EN_079_29__ES_079_29,en-es,train,"No, thank you.","No, gracias.",3,2
EN_079_2__ES_079_2,en-es,train,No.,No.,1,1
EN_079_3__ES_079_3,en-es,train,This sounds like ASMR.,Suena como ASMR.,4,3
EN_079_5__ES_079_5,en-es,train,That's not for me.,Eso no es para mí.,4,5
EN_079_6__ES_079_6,en-es,train,not my favorite,No es mi favorito.,3,4
EN_079_7__ES_079_7,en-es,train,"Yeah, I feel like that's way too many coincidences","Sí, siento que son muchas coincidencias.",9,6
EN_079_8__ES_079_8,en-es,train,but I also didn't know Selena had like lupus.,Pero tampoco sabía que Selena tenía lupus.,9,7
EN_079_9__ES_079_9,en-es,train,I still think she's so pretty though. Like even with her face like changing.,Yo todavía pienso que ella es tan bonita como que aunque su cara está cambiando.,14,15
EN_080_10__ES_080_10,en-es,train,And he came and he found me like with a friend.,Y vino y me encontró como con un amigo.,11,9
EN_080_11__ES_080_11,en-es,dev,oh,oh,1,1
EN_080_12__ES_080_12,en-es,train,"I he was like, what happened there?","Yo estaba como, ¿qué pasó ahí?",7,6
EN_080_13__ES_080_13,en-es,train,in the relationship. He has every right to have girlfriends. I have every single right to have guy friends.,En la relación tiene derecho a tener novias yo tengo derecho a tener amigos.,19,14
EN_080_14__ES_080_14,en-es,dev,Yeah.,Sí.,1,1
EN_080_15__ES_080_15,en-es,dev,"I don't know who it was, that had like 20 kids.","No sé quién era, tenía como 20 niños.",11,8
EN_080_1__ES_080_1,en-es,dev,Is there like a drama in your... in your life or your family or your friends?,"¿Hay un drama en tu vida, tu familia o tus amigos?",16,11
EN_080_2__ES_080_2,en-es,train,in your life.,En tu vida.,3,3
EN_080_4__ES_080_4,en-es,train,"Eh, it's just a talk. Wha- whatever. We fight la- last week.","Eh, nomás es una charla wah, lo que sea, peleamos la semana pasada.",12,13
EN_080_5__ES_080_5,en-es,dev,Yeah.,Sí.,1,1
EN_080_6__ES_080_6,en-es,train,mmm it was bad but not that bad,"Estaba mal, pero no tan mal.",8,6
EN_080_7__ES_080_7,en-es,train,He was... he was jealous.,Estaba celoso.,5,2
EN_080_8__ES_080_8,en-es,train,okay like he got mad at me so he told me no then see you later,Ok como que se enojó conmigo y me dijo que no y luego te veo luego.,16,16
EN_080_9__ES_080_9,en-es,train,"And I told him, ah okay, that's fine. See you later then.","Y le dije, ah, ok, está bien, nos vemos luego.",12,10
EN_081_10__ES_081_10,en-es,train,"Like I would say like, oh my god, I have a $1 million so like.","O sea, ay, Dios mío, tengo un millón de dólares.",15,10
EN_081_11__ES_081_11,en-es,train,Oh shoot I have to spend it... in ice cream and stuff,Tengo que gastarlo en helado y cosas así.,12,8
EN_081_12__ES_081_12,en-es,test,The problem was really like what would you do if you win the lottery?,El problema era qué harías si ganaras la lotería.,14,9
EN_081_13__ES_081_13,en-es,train,"No, I would buy a super huge fridge, like a modern fridge, like a super technical fridge.","No, compraría un refrigerador súper grande, como un refrigerador moderno, como un refrigerador súper técnico.",17,15
EN_081_14__ES_081_14,en-es,test,Do you like ice cream? By any chance?,¿Te gusta el helado? ¿Por casualidad?,8,6
EN_081_15__ES_081_15,en-es,train,No way.,De ninguna manera.,2,3
EN_081_16__ES_081_16,en-es,test,Just that? You'll buy an industrial fridge with every ice cream in the world?,¿Comprarás un refrigerador industrial con todos los helados del mundo?,14,10
EN_081_17__ES_081_17,en-es,train,"Yes, yes, yes, yes.","Sí, sí, sí, sí.",4,4
EN_081_18__ES_081_18,en-es,test,my ice cream.,Mi helado.,3,2
EN_081_19__ES_081_19,en-es,train,"No you wouldn't, no you wouldn't.","No lo harías, no lo harías.",6,6
EN_081_1__ES_081_1,en-es,test,"Uh yeah, I know, the microphone got disconnected.","Sí, ya sé, el micrófono se desconecta.",8,7
EN_081_20__ES_081_20,en-es,test,but I'll but I'll but I'll,"Pero lo haré, pero lo haré, pero lo haré.",6,9
EN_081_21__ES_081_21,en-es,test,with that amount of money then I can buy a house you know $20 a video game and then a house,con esa cantidad de dinero entonces puedo comprar una casa sabes 20 dólares un videojuego y luego una casa,21,19
EN_081_22__ES_081_22,en-es,train,Yeah.,Sí.,1,1
EN_081_23__ES_081_23,en-es,train,Yeah.,Sí.,1,1
EN_081_24__ES_081_24,en-es,train,Yeah.,Sí.,1,1
EN_081_25__ES_081_25,en-es,train,Yeah.,Sí.,1,1
EN_081_26__ES_081_26,en-es,train,"Wow, that's so humble of you. I never would've guessed.","Guau, qué humilde de tu parte. Nunca lo hubiera imaginado.",10,10
EN_081_27__ES_081_27,en-es,test,You know wha- what I would buy?,¿Sabes qué compraría?,7,3
EN_081_28__ES_081_28,en-es,test,A house for me obviously,Una casa para mí obviamente.,5,5
EN_081_29__ES_081_29,en-es,train,saying your motto and stuff like that. Ding!,Diciendo tu lema y cosas así. ¡Ding!,8,7
EN_081_2__ES_081_2,en-es,train,Like I was saying...,Como estaba diciendo...,4,3
EN_081_30__ES_081_30,en-es,test,Mm-hmm.,Mm-hmm.,1,1
EN_081_31__ES_081_31,en-es,test,Yeah.,Sí.,1,1
EN_081_32__ES_081_32,en-es,test,Business? It's not a business. What?,¿Negocios? No es un negocio. ¿Qué?,6,6
EN_081_33__ES_081_33,en-es,train,Like what if the little thing creates a much bigger thing?,¿Qué tal si la cosita crea una cosa mucho más grande?,11,11
EN_081_34__ES_081_34,en-es,test,"I wouldn't be arrogant enough to put my name on it, but...","Yo no sería tan arrogante como para poner mi nombre en él, pero...",12,13
EN_081_35__ES_081_35,en-es,train,basic,básica,1,1
EN_081_36__ES_081_36,en-es,train,basic,básica,1,1
EN_081_37__ES_081_37,en-es,test,"you would like you're fine with that, just not masters, no not PhD.","Te gustaría estar bien con eso, pero no con maestrías, no con doctorado.",13,13
EN_081_38__ES_081_38,en-es,train,like take a um a year off and then go to grad school,Como tomar un año libre y luego ir a la escuela de posgrado.,13,13
EN_081_39__ES_081_39,en-es,test,"I would like to, obviously, but...","Me gustaría, obviamente, pero...",6,4
EN_081_3__ES_081_3,en-es,test,Continue,Continuar,1,1
EN_081_4__ES_081_4,en-es,test,"that immediately it will be like, I don't know, not well earned.","Que inmediatamente va a ser como, no sé, no bien ganado.",12,11
EN_081_5__ES_081_5,en-es,train,The only thing that's in my mind right now is to do my assignments good and my test.,Lo único que está en mi mente en este momento es hacer bien mi tarea y mi examen.,18,18
EN_081_6__ES_081_6,en-es,train,I would go for option B.,Yo iría por la opción B.,6,6
EN_081_7__ES_081_7,en-es,test,Why?,¿Por qué?,1,2
EN_081_8__ES_081_8,en-es,test,"No that's a that's a smart answer, 'cause at the end you will end up like with 3 million something dollars.","No, esa es una respuesta inteligente, porque al final terminarás como con 3 millones de dólares.",21,16
EN_081_9__ES_081_9,en-es,train,I know like like the urged like oh shoot I have how many did you say,Yo sé como los urgen como oh shot tengo cuantos dijiste,16,11
EN_082_10__ES_082_10,en-es,dev,Not a good date. Yeah.,No es una buena cita. Sí.,5,6
EN_082_11__ES_082_11,en-es,train,"Yeah, it was.","Sí, lo fue.",3,3
EN_082_12__ES_082_12,en-es,dev,Was it a bad ending?,¿Fue un mal final?,5,4
EN_082_13__ES_082_13,en-es,train,Uh yes and no about what he told... about what he told me,"Ah, sí y no de lo que me dijo... de lo que me dijo.",13,14
EN_082_14__ES_082_14,en-es,dev,thing where like someone like cheated and it's like oh no,Algo así como alguien engañado y es como oh no.,11,10
EN_082_15__ES_082_15,en-es,train,"No, no, no.","No, no, no.",3,3
EN_082_16__ES_082_16,en-es,train,and he's already kind of uh dating uh with other girls or just talking to them.,Y ya está saliendo con otras chicas o hablándoles.,16,9
EN_082_17__ES_082_17,en-es,train,"So he and I are are are really good friends, you know?","Entonces él y yo somos muy buenos amigos, ¿sabes?",12,9
EN_082_18__ES_082_18,en-es,train,"Just like for an advice, you know, no- not really like telling him. Yeah, not complaining. Yeah.","Como para un consejo, ya sabes, no, no muy como para decírselo. Sí, no para quejarse. Sí.",17,17
EN_082_19__ES_082_19,en-es,dev,"Yeah, not complaining is just like to get insight.","Sí, no quejarse es como tener perspicacia.",9,7
EN_082_1__ES_082_1,en-es,train,by downtown that is called Plaza. I don't know if...,Por el centro que se llama Plaza. No sé si...,10,10
EN_082_20__ES_082_20,en-es,train,So that's why I sometimes go to for advice with him and everything.,Es por eso que a veces voy a pedir consejo con él y todo.,13,14
EN_082_21__ES_082_21,en-es,dev,Mm-hmm.,Mm-hmm.,1,1
EN_082_22__ES_082_22,en-es,train,an- and that girl got jealous of me.,Y esa chica se puso celosa de mí.,8,8
EN_082_23__ES_082_23,en-es,train,"Mmm I don't know if I love you, but uh I don't wanna lose you, but I don't want to be in a relationship with you, you know?","No sé si te amo, pero no quiero perderte, pero no quiero estar en una relación contigo, ¿sabes?",28,18
EN_082_24__ES_082_24,en-es,train,"And he already has his life, actually. Like, he has his house.","Y ya tiene su vida, de hecho, tiene su casa.",12,10
EN_082_25__ES_082_25,en-es,train,but I have my boyfriend so nothing to worry about.,Pero tengo a mi novio así que nada de qué preocuparse.,10,11
EN_082_26__ES_082_26,en-es,train,"If I were you, like I would be re- really careful with her, you know like?","Si yo fuera tú, tendría cuidado con ella.",16,8
EN_082_2__ES_082_2,en-es,dev,Yeah.,Sí.,1,1
EN_082_3__ES_082_3,en-es,train,Oh actually I know some people that can let us um take some pictures at plaza and it's pre- eh really beautiful,Oh de hecho conozco a gente que nos puede dejar tomar fotos en plaza y es muy bonito.,22,18
EN_082_4__ES_082_4,en-es,dev,have you seen in shows like they just have like the whole like top to themselves that it's just like,¿Has visto en shows como que tienen como la parte superior para sí mismos que es como,20,17
EN_082_5__ES_082_5,en-es,train,"Yeah, it was like...","Sí, fue como...",4,3
EN_082_6__ES_082_6,en-es,train,"his friend was like, let me turn some music for you.","Su amigo me dijo, déjame poner algo de música para ti.",11,11
EN_082_7__ES_082_7,en-es,train,I just talk had a long conversation with my dad like that that night. Yeah.,Tuve una conversación larga con mi papá esa noche.,15,9
EN_082_8__ES_082_8,en-es,dev,Aw.,Aw.,1,1
EN_082_9__ES_082_9,en-es,train,"Actually, we're already finished. We're just painting it.","De hecho, ya terminamos, lo estamos pintando.",8,7
EN_083_10__ES_083_10,en-es,test,Really?,¿En serio?,1,2
EN_083_11__ES_083_11,en-es,test,"I don't know, it's 'cause I- I remember I downloaded it like in high school.","No sé, es porque me acuerdo que lo descargué como en la prepa.",15,13
EN_083_12__ES_083_12,en-es,test,Like in one day you you you like find the perfect chance t- to play it and you're like...,Como que en un día te gusta encontrar la oportunidad perfecta para tocar y estás como...,19,16
EN_083_13__ES_083_13,en-es,test,"Yeah, when when I get bored and there's no, it's 'cause there's no internet here sometimes.","Sí, cuando me aburro y no hay, es porque no hay internet aquí a veces.",16,15
EN_083_14__ES_083_14,en-es,test,ah when your bored yeah,Ah cuando tu aburrido yeah,5,5
EN_083_15__ES_083_15,en-es,test,for like to make you do quick maths like... like in your mind.,Como para hacerte hacer matemáticas rápidas como en tu mente.,13,10
EN_083_16__ES_083_16,en-es,test,"It was like some sort of strategy, but it was just like practicing and practicing.","Era como una especie de estrategia, pero era como practicar y practicar.",15,12
EN_083_17__ES_083_17,en-es,test,mmm,mmm,1,1
EN_083_18__ES_083_18,en-es,test,Oh.,Oh.,1,1
EN_083_19__ES_083_19,en-es,test,eh I u- and now I... I- I barely can... can multiply.,"Eh, eh, y ahora casi no puedo multiplicarme.",12,8
EN_083_1__ES_083_1,en-es,test,We're just going to go through our phones and see... see what's up.,Vamos a ir a través de nuestros teléfonos y ver qué pasa.,13,12
EN_083_20__ES_083_20,en-es,test,"I mean, it seems like a cool skill to have.","Es decir, parece una habilidad genial para tener.",10,8
EN_083_21__ES_083_21,en-es,test,It was...,Era...,2,1
EN_083_22__ES_083_22,en-es,test,I mean-,O sea...,2,2
EN_083_23__ES_083_23,en-es,test,so we can't communicate there so that's why I downloaded the app,Entonces no podemos comunicarnos ahí y es por eso que descargué la app.,12,13
EN_083_2__ES_083_2,en-es,test,I'm I'm currently playing but like... like I've I stopped like for two years.,"Actualmente estoy tocando, pero como que me he parado como por dos años.",14,13
EN_083_3__ES_083_3,en-es,test,"like a few months and then I forget about it and then I uninstall it and then it- re- I remember and then I install it and then I'm like, oh, let's play.","Como unos meses y luego me olvido de eso y luego lo desinstalo y luego lo recuerdo y luego lo instalo y luego le digo, ay, vamos a jugar.",33,29
EN_083_4__ES_083_4,en-es,test,yes,Sí.,1,1
EN_083_5__ES_083_5,en-es,test,I have this app which is communism bottom,Tengo esta app que es el comunismo de fondo.,8,9
EN_083_6__ES_083_6,en-es,test,What's up?,¿Qué pasa?,2,2
EN_083_7__ES_083_7,en-es,test,The USSR.,La URSS.,2,2
EN_083_8__ES_083_8,en-es,test,"Wait, I- I it's my friends my friend would love that actually.","Espera, yo- yo son mis amigos a mi amigo le encantaría de hecho.",12,13
EN_083_9__ES_083_9,en-es,test,"She she always plays it and w- I'm like, why?","Ella siempre lo toca y le digo, ¿por qué?",10,9
EN_084_10__ES_084_10,en-es,train,"I mean, you get a fine nurse a a lot, but I still love you a lot.","O sea, tienes una buena enfermera mucho, pero todavía te amo mucho.",17,12
EN_084_11__ES_084_11,en-es,train,She doesn't talk to me.,No me habla.,5,3
EN_084_12__ES_084_12,en-es,train,She doesn't talk to you anymore?,¿Ya no te habla?,6,4
EN_084_13__ES_084_13,en-es,train,No.,No.,1,1
EN_084_14__ES_084_14,en-es,train,"Oh yeah, yeah, I- I actually saw that he came to El Pasp.","Ah, sí, sí, sí, de hecho vi que vino a El Pasp.",13,12
EN_084_15__ES_084_15,en-es,train,"And then, pues yeah, that day she was mad and I was like, oh yeah, no.","Y luego pues sí, ese día se enojó y le dije, ay, no.",16,13
EN_084_16__ES_084_16,en-es,train,"It was her, I didn't even do anything to her. That I know of","Era ella, no le hice nada que yo sepa.",14,9
EN_084_18__ES_084_18,en-es,train,"It's 'cause some- sometimes us girls are like, don't look at me, don't touch me like","Es porque a veces las chicas no me miran, no me tocan como si...",16,14
EN_084_19__ES_084_19,en-es,train,"Hopefully yeah, 'cause I don't want to pay the ticket.","Con suerte sí, porque no quiero pagar el boleto.",10,9
EN_084_1__ES_084_1,en-es,train,"We need some paper, but we're gonna leave everything like d-, messed up.","Necesitamos un poco de papel, pero vamos a dejar todo como que está mal.",13,14
EN_084_20__ES_084_20,en-es,train,"No, no, for real, she charged you?","No, no, en serio, ¿te cobró?",7,6
EN_084_21__ES_084_21,en-es,train,"Yes, look.","Sí, mira.",2,2
EN_084_22__ES_084_22,en-es,train,"What the- nah, she did it because she wanted to screw you over.","¿Qué? No, lo hizo porque quería joderte.",13,7
EN_084_23__ES_084_23,en-es,train,"If I was you, I wouldn't paid her. Just to make her more mad.","Si yo fuera tú, no le pagaría, solo para hacerla enojar más.",14,12
EN_084_24__ES_084_24,en-es,train,We're already gonna break up. So just tell me how much was for my ticket so I can pay you.,"Ya vamos a terminar, así que dime cuánto fue por mi boleto para poder pagarte.",20,15
EN_084_25__ES_084_25,en-es,train,Now that you offered.,Ahora que te ofreciste.,4,4
EN_084_26__ES_084_26,en-es,train,Pues give it to me!,Pues dámelo.,5,2
EN_084_27__ES_084_27,en-es,train,"No, no, I'm very calm. Yeah.","No, no, estoy muy calmado. Sí.",6,6
EN_084_28__ES_084_28,en-es,train,You're really calm?,¿Estás muy calmado?,3,3
EN_084_2__ES_084_2,en-es,train,"So she was really skinny and I... I was super fat, you know like?","Entonces ella estaba muy flaca y yo estaba súper gorda, ¿sabes?",14,11
EN_084_3__ES_084_3,en-es,train,"No, I wo- I won't turn up to her level, so I left.","No, no voy a subir a su nivel, entonces me fui.",13,11
EN_084_4__ES_084_4,en-es,train,"If you don't do it, I'm gonna sue you and everything.","Si no lo haces, te voy a demandar y todo.",11,10
EN_084_5__ES_084_5,en-es,train,The most recent fight,La pelea más reciente.,4,4
EN_084_6__ES_084_6,en-es,train,"Ay ay the most recent one, like, one of many or what?","Ay, la más reciente, una de tantas o qué.",12,9
EN_084_8__ES_084_8,en-es,train,"Actually, yeah, I used to fight a lot","De hecho, sí, solía pelear mucho.",8,6
EN_084_9__ES_084_9,en-es,train,"He started yelling and I said ""hey""","Empezó a gritar y le dije, oye.",7,7
EN_085_10__ES_085_10,en-es,train,So why would you take screenshots of conversations that you're having with the other people?,"Entonces, ¿por qué tomar screenshots de las conversaciones que estás teniendo con las otras personas?",15,15
EN_085_11__ES_085_11,en-es,train,Uh-huh.,Ajá.,1,1
EN_085_12__ES_085_12,en-es,train,"And sandal that you throw me, huh? Never pick it up again.","Y sandalia que me tiras, ¿eh? Nunca más la recoges.",12,10
EN_085_13__ES_085_13,en-es,train,"It's like when you take your phone to get fixed, like you're giving them permission","Es como cuando tomas tu teléfono para arreglarte, como si les estás dando permiso.",15,14
EN_085_14__ES_085_14,en-es,train,Mm-hmm.,Mm-hmm.,1,1
EN_085_15__ES_085_15,en-es,train,"And if you don't unlock my phone, you don't know what I'm capable of.","Y si no desbloqueas mi teléfono, no sabes de lo que soy capaz.",14,13
EN_085_16__ES_085_16,en-es,train,was he sending you the messages from from his computer,Te estaba mandando mensajes de su computadora.,10,7
EN_085_1__ES_085_1,en-es,train,"Nah, she'll listen to it when we stay.","No, lo escuchará cuando nos quedemos.",8,6
EN_085_2__ES_085_2,en-es,train,Ay ay.,"Ay, ay.",2,2
EN_085_3__ES_085_3,en-es,train,Which one? The one that I told you already? The one that he wanted to send it to you or which one?,¿Cuál? ¿La que ya te dije? ¿La que quería mandarte o cuál?,22,12
EN_085_4__ES_085_4,en-es,train,"Pues he went to my house and... Oh no, we were with my grandma.","Pues se fue a mi casa y... Oh no, estábamos con mi abuela.",14,13
EN_085_5__ES_085_5,en-es,train,"so then I saw some screenshots when where she was saying hello my love, how are you doing baby?","Entonces vi screenshots cuando decía hola mi amor, ¿cómo te va bebé?",19,12
EN_085_6__ES_085_6,en-es,train,"and I was like, a ver a ver le- m- let me see no no no, it's nothing","Y yo estaba como, a ver, a ver, a ver, a ver, a ver, a ver, a ver, a ver, a ver, a ver, a ver, a ver, a ver, a ver, a ver, a ver, a ver, a ver, a ver, a ver, a ver, a ver, a ver, a ver, a ver, a ver, a ver, a ver, a ver, a ver, a ver, a ver, a ver, a ver, a ver, a ver, a ver, a ver, a ver, a ver, a ver, a ver, a ver, a ver, a ver, a ver, a ver, a ver, a ver, a ver, a ver, a ver, a ver, a ver, a ver, a ver, a ver, a ver, a ver, a ver, a ver, a ver, a ver, a ver, a ver, a ver, a ver, a ver, a ver, a ver, a ver, a ver, a ver, a ver, a ver, a ver, a ver, a ver, a ver, a ver, a ver, a ver, a ver, a ver, a ver, a ver, a ver, a ver, a ver, a ver, a ver, a ver, a ver, a ver, a ver, a ver, a ver, a ver, a ver, a ver, a ver, a ver, a ver, a ver, a ver, a ver, a ver, a ver, a ver, ah, ah, ah, ah, ah, ah, ah, ah, ah, ah, ah, ah, ah, ah, ah, ah, ah, ah, ah, ah, ah, ah, ah, ah, ah, ah, ah, ah, ah, ah, ah, ah, ah, ah, ah, ah, ah, ah, ah, ah, ah, ah, ah, ah, ah, ah, ah, ah, ah, ah, ah, ah, ah, ah, ah, ah, ah, ah, ah, ah",18,282
EN_085_7__ES_085_7,en-es,train,"No, but show me! If you're cheating on me, let me find out so we can end things here.","No, pero muéstrame, si me estás engañando, déjame que lo averigüe para que podamos terminar las cosas aquí.",19,18
EN_085_8__ES_085_8,en-es,train,"I mean, I don't know why he had that idea. I mean, dumbass, but...","O sea, no sé por qué tuvo esa idea, o sea, imbécil, pero...",14,13
EN_085_9__ES_085_9,en-es,train,Oh so the pictures he had of the messages like he took the screenshots himself,"Oh, pues las fotos que tenía de los mensajes como que tomó las capturas de pantalla él mismo.",15,18
EN_086_10__ES_086_10,en-es,train,And,¿Y qué?,1,2
EN_086_11__ES_086_11,en-es,test,"But some- somebody died, right? Like, pero just one of them. No?","Pero alguien se murió, ¿verdad? O sea, pero uno de ellos.",12,11
EN_086_13__ES_086_13,en-es,train,No more.,No más.,2,2
EN_086_14__ES_086_14,en-es,test,and then then the series is just like episodes about what happened or it's like about the present?,Y luego la serie es como episodios de lo que pasó o del presente.,18,14
EN_086_15__ES_086_15,en-es,train,mmm,mmm,1,1
EN_086_16__ES_086_16,en-es,train,like showing the survivors and how the past is coming back to haunt them.,Como mostrar a los sobrevivientes y cómo el pasado está volviendo para perseguirlos.,14,13
EN_086_17__ES_086_17,en-es,train,So a girl died in the end of season one where she was left out.,Entonces una niña murió al final de la primera temporada donde la dejaron afuera.,15,14
EN_086_18__ES_086_18,en-es,test,But it was but it's l- it's about eh something that happened in like in real life.,"Pero sí lo era, pero es que es algo que pasó en la vida real.",17,15
EN_086_19__ES_086_19,en-es,train,Yeah.,Sí.,1,1
EN_086_1__ES_086_1,en-es,train,And it was it was kind of wild.,Y era un poco salvaje.,8,5
EN_086_20__ES_086_20,en-es,test,with the dead bodies what they did was basically they preserved them like in ice,Con los cadáveres lo que hicieron fue básicamente conservarlos como en hielo.,15,12
EN_086_21__ES_086_21,en-es,test,"Yeah, it's been like a um my friends. It's been like a month like hey, let's do something this weekend and they're like ""Ah no, I have to do this here""","Sí, ha sido como mis amigos, ha pasado como un mes, hey, vamos a hacer algo este fin de semana y dicen, Ah no, tengo que hacer esto aquí.",31,29
EN_086_2__ES_086_2,en-es,test,Ok ok what what's the name of the show?,Ok ok ¿Cómo se llama el show?,9,7
EN_086_3__ES_086_3,en-es,test,"No, I know, I  I ha- I've heard of it but","No, lo sé, he escuchado de ella, pero...",11,8
EN_086_4__ES_086_4,en-es,train,Yeah.,Sí.,1,1
EN_086_5__ES_086_5,en-es,test,but no I haven't watched it but I- I've heard of it,"Pero no, no lo he visto, pero he oído hablar de él.",12,12
EN_086_6__ES_086_6,en-es,train,You know what it's about?,¿Sabes de qué se trata?,5,5
EN_086_7__ES_086_7,en-es,test,It's about a... Murder?,Es como un... ¿Asesinato?,4,4
EN_086_9__ES_086_9,en-es,test,"And then likes, thi- like things happen and then like...",Y luego le gusta que pasen cosas y luego...,10,9
EN_087_10__ES_087_10,en-es,train,"And they had like FIFA or... or I don't know what else they had, but it was mostly FIFA.","Y tenían como FIFA o no sé qué más tenían, pero era mayormente FIFA.",19,14
EN_087_11__ES_087_11,en-es,train,"I used to be good, not anymore.","Yo solía ser bueno, ya no.",7,6
EN_087_12__ES_087_12,en-es,train,"You're like, I'm Cristiano.","Eres como, soy Cristiano.",4,4
EN_087_13__ES_087_13,en-es,train,that I know of. I think it's Marcelo Benzema.,"Que yo sepa, creo que es Marcelo Benzema.",9,8
EN_087_14__ES_087_14,en-es,train,"Like watching like who wins, who loses.","Como ver quién gana, quién pierde.",7,6
EN_087_15__ES_087_15,en-es,train,It went to penalties.,Se fue a penaltis.,4,4
EN_087_16__ES_087_16,en-es,train,"Penalties, yeah.","Sanciones, sí.",2,2
EN_087_17__ES_087_17,en-es,train,"Kinda feels like those movies, like, what are they called?","Se siente como esas películas, ¿cómo se llaman?",10,8
EN_087_18__ES_087_18,en-es,train,where you can do like any type of crime,Donde puedes hacer cualquier tipo de crimen.,9,7
EN_087_19__ES_087_19,en-es,train,"It's like anything is legal for like 24 hours. And it's like, oh my God.","Es como que todo es legal como por 24 horas y es como, oh, Dios mío.",15,16
EN_087_1__ES_087_1,en-es,train,We're gonna name some plushies today. Or toys.,Vamos a nombrar unos peluches hoy o juguetes.,8,8
EN_087_20__ES_087_20,en-es,train,No.,No.,1,1
EN_087_21__ES_087_21,en-es,train,Imagine being in- in one of those.,Imagínate estar en una de esas.,7,6
EN_087_22__ES_087_22,en-es,train,"Okay, if you were in the Purge, what would you do?","Ok, si estuvieras en la Purga, ¿qué harías?",11,8
EN_087_23__ES_087_23,en-es,train,probably go to like a store like an n- an electronic store,Probablemente ir a una tienda como una tienda electrónica.,12,9
EN_087_24__ES_087_24,en-es,train,You wouldn't take like protection since everything's legal?,¿No tomarías protección ya que todo es legal?,8,8
EN_087_25__ES_087_25,en-es,train,Like like anyone could like kill you and it's like whatever.,Como que cualquiera podría matarte y es como lo que sea.,11,11
EN_087_26__ES_087_26,en-es,train,Trying to plan a heist now.,Tratando de planear un atraco.,6,5
EN_087_27__ES_087_27,en-es,train,I'll probably go with Mr. Blue.,Probablemente iré con Mr. Blue.,6,5
EN_087_28__ES_087_28,en-es,train,"Mr. Blue, that's a good one.","Sr. Blue, ese es uno bueno.",6,6
EN_087_2__ES_087_2,en-es,train,"Yeah, Crash Bandicoot, yeah.","Sí, Crash Bandicoot, sí.",4,4
EN_087_3__ES_087_3,en-es,train,"That's what it looks like, the crash.","Así es como se ve, el accidente.",7,7
EN_087_4__ES_087_4,en-es,train,You know what? That exact same person brought up that game.,¿Sabes qué? Esa misma persona sacó a relucir ese juego.,11,10
EN_087_5__ES_087_5,en-es,train,Yeah.,Sí.,1,1
EN_087_6__ES_087_6,en-es,train,Yeah.,Sí.,1,1
EN_087_7__ES_087_7,en-es,train,"It was, it was free.","Era, era gratis.",5,3
EN_087_8__ES_087_8,en-es,train,"Nah, let's change to PS4, let's see how it is","No, vamos a cambiarnos a PS4, vamos a ver cómo es.",10,11
EN_087_9__ES_087_9,en-es,train,"I've heard that it's better and I'm like, I don't know I don't know.","He oído que está mejor y digo, no sé, no sé.",14,11
EN_088_10__ES_088_10,en-es,train,That mission I had barely done it when you guys invited me.,Esa misión apenas la había hecho cuando me invitaron.,12,9
EN_088_11__ES_088_11,en-es,train,Didn't you get out at 12?,¿No saliste a las 12?,6,5
EN_088_12__ES_088_12,en-es,train,"Yes, but I started studying a little bit.","Sí, pero empecé a estudiar un poquito.",8,7
EN_088_13__ES_088_13,en-es,train,You came at three and then um you went back over there?,¿Viniste a las 3 y luego regresaste para allá?,12,9
EN_088_14__ES_088_14,en-es,train,You stayed here for literally an hour?,¿Te quedaste aquí literalmente una hora?,7,6
EN_088_15__ES_088_15,en-es,train,I think we just talked.,Creo que ya hablamos.,5,4
EN_088_16__ES_088_16,en-es,train,So why didn't you do the session?,¿Por qué no hiciste la sesión?,7,6
EN_088_17__ES_088_17,en-es,train,'Cause I was waiting for you.,Porque te estaba esperando.,6,4
EN_088_18__ES_088_18,en-es,train,"Aww, how cute! He was waiting for his big brother!","Ay, qué lindo, estaba esperando a su hermano mayor.",10,9
EN_088_19__ES_088_19,en-es,train,How brotherly I am.,Qué fraternal soy.,4,3
EN_088_1__ES_088_1,en-es,train,The fire dude was beating him up.,El tipo del fuego lo estaba golpeando.,7,7
EN_088_20__ES_088_20,en-es,train,"Yeah, yeah.","Sí, sí.",2,2
EN_088_21__ES_088_21,en-es,train,Not like others.,No como los demás.,3,4
EN_088_22__ES_088_22,en-es,train,Let's see how you translate that.,A ver cómo traduces eso.,6,5
EN_088_23__ES_088_23,en-es,train,Did you really stay here for an hour without doing anything?,¿Realmente te quedaste aquí una hora sin hacer nada?,11,9
EN_088_24__ES_088_24,en-es,train,"Yes, what's wrong with that?","Sí, ¿qué tiene de malo?",5,5
EN_088_25__ES_088_25,en-es,train,What were you doing then the time you didn't come? At... at 3?,¿Qué estabas haciendo entonces cuando no viniste? A las 3,13,10
EN_088_26__ES_088_26,en-es,train,um... so the container had ethanol or like the fumes from the ethanol,Entonces el contenedor tenía etanol o como los humos del etanol.,13,11
EN_088_27__ES_088_27,en-es,train,Um so they put the acid in there and it like exploded,Pusieron el ácido ahí y explotó.,12,6
EN_088_28__ES_088_28,en-es,train,"So since they're acids, you have to scrape yourself for like 15 minutes.","Como son ácidos, debes rascarte por 15 minutos.",13,8
EN_088_29__ES_088_29,en-es,train,"He wasn't using his... Yeah, his lab coat.",No estaba usando su bata de laboratorio.,8,7
EN_088_2__ES_088_2,en-es,train,The Monarch?,¿El Monarca?,2,2
EN_088_30__ES_088_30,en-es,train,His coat?,¿Su abrigo?,2,2
EN_088_31__ES_088_31,en-es,train,The good thing he had long sleeves.,Lo bueno que tenía manga larga.,7,6
EN_088_32__ES_088_32,en-es,train,"Yeah, I mean his skin wasn't gonna melt or anything.","Sí, quiero decir que su piel no se iba a derretir ni nada.",10,13
EN_088_33__ES_088_33,en-es,train,Might as well.,Más vale.,3,2
EN_088_34__ES_088_34,en-es,train,"Yeah, you know, I even did it without the calculator.","Sí, ya sabes, hasta lo hice sin calculadora.",10,8
EN_088_3__ES_088_3,en-es,train,"Yeah, he's beating him up. I'm not going to play tic-tac-toe with you eh.","Sí, le está dando una paliza. No voy a jugar tic-tac-toe contigo.",14,12
EN_088_4__ES_088_4,en-es,train,So how was he cancelling them?,¿Cómo las estaba cancelando?,6,4
EN_088_5__ES_088_5,en-es,train,uh with pure power,con puro poder,4,3
EN_088_6__ES_088_6,en-es,train,Oh he was already getting uh uh sort of like an idea of how to like advance or uh increase his power.,"Oh, ya se estaba dando una idea de cómo avanzar o incrementar su poder.",22,14
EN_088_7__ES_088_7,en-es,train,he doesn't even remember his father and uh his father got mad,Ni siquiera recuerda a su padre y uh su padre se enojó,12,12
EN_088_8__ES_088_8,en-es,train,Uh-huh.,Ajá.,1,1
EN_088_9__ES_088_9,en-es,train,That was um Dong Shao. I think that was his name.,Ese era Dong Shao. Creo que ese era su nombre.,11,10
EN_089_10__ES_089_10,en-es,train,"How old are you? 30? 50? No, I'm kidding.","¿Cuántos años tienes? ¿30? ¿50? No, estoy bromeando.",9,8
EN_089_11__ES_089_11,en-es,train,Oh.,Oh.,1,1
EN_089_12__ES_089_12,en-es,train,"The one insecurity I have, and you attack it.",La única inseguridad que tengo y la atacas.,9,8
EN_089_13__ES_089_13,en-es,train,Uh-huh.,Ajá.,1,1
EN_089_14__ES_089_14,en-es,train,"Like, what's young to you? 'Cause I think young for me would be probably like 50. That's halfway, right? So.","¿Qué es joven para ti? Porque creo que joven para mí sería probablemente como 50. Eso está a la mitad, ¿verdad? Entonces.",20,22
EN_089_15__ES_089_15,en-es,train,"Like like you feel old and like the way I've been taking care of myself, I'm not gonna feel that great.","Como que te sientes viejo y como que me he cuidado a mí mismo, no me voy a sentir tan bien.",21,21
EN_089_16__ES_089_16,en-es,train,dying like at 50 you don't really get t- like a chance to enjoy your life that much,Morir como a los 50 no es una oportunidad para que disfrutes tanto tu vida.,18,15
EN_089_17__ES_089_17,en-es,train,"You retire what, like at 63, 64? That's when you're able to retire.","¿Cómo te retiras a los 63, 64 años? Es cuando te puedes retirar.",13,13
EN_089_18__ES_089_18,en-es,train,And they they they keep on upping the retirement age.,Y ellos siguen elevando la edad de jubilación.,10,8
EN_089_19__ES_089_19,en-es,train,"When you're old already, it's it's kind of like when you have the most time for yourself, you know?","Cuando ya estás viejo, es como cuando tienes más tiempo para ti, ¿sabes?",19,13
EN_089_1__ES_089_1,en-es,train,I mean I guess they have descriptions for some of them or all of them,"O sea, creo que tienen descripciones de algunas de ellas o de todas.",15,13
EN_089_20__ES_089_20,en-es,train,Mm-hmm.,Mm-hmm.,1,1
EN_089_21__ES_089_21,en-es,train,Mm-hmm.,Mm-hmm.,1,1
EN_089_22__ES_089_22,en-es,train,"Uh I'm also like, oh, I want to die young. Uh I don't want to be a burden to people when I'm old.","Yo también estoy como, oh, quiero morir joven, no quiero ser una molestia para la gente cuando estoy viejo.",23,19
EN_089_23__ES_089_23,en-es,train,"You're like I don't wanna be like have kids or something and be like, oh, they have to take care of me when I'm older.","Como que no quiero tener hijos o algo así y decir, oh, tienen que cuidar de mí cuando sea mayor.",25,20
EN_089_24__ES_089_24,en-es,train,"Even if they say you're not, you are being a burden to them.","Aunque digan que no, estás siendo una carga para ellos.",13,10
EN_089_25__ES_089_25,en-es,train,It would be nice if you could be able to have a retirement plan that doesn't rely on... on other people.,Sería bueno que pudieras tener un plan de retiro que no dependa de otras personas.,21,15
EN_089_2__ES_089_2,en-es,train,It's hard for parents as well when they lose one of their children.,Es difícil para los padres también cuando pierden a uno de sus hijos.,13,13
EN_089_3__ES_089_3,en-es,train,"that can mess someone up real bad, so.","Eso puede arruinar a alguien muy mal, entonces.",8,8
EN_089_4__ES_089_4,en-es,train,mo- most people expect them to die first before their children so when it happens it's like what the hell,"La mayoría de la gente espera que mueran primero antes que sus hijos, así que cuando pasa es como que, ¿qué demonios?",20,22
EN_089_5__ES_089_5,en-es,train,I,I,1,1
EN_089_6__ES_089_6,en-es,train,Yeah.,Sí.,1,1
EN_089_7__ES_089_7,en-es,train,we're gonna bury them but that they don't want to bury us,"Los vamos a enterrar, pero no nos quieren enterrar.",12,9
EN_089_8__ES_089_8,en-es,train,Mm-hmm.,Mm-hmm.,1,1
EN_089_9__ES_089_9,en-es,train,It's like parents aren't supposed to outlive their children.,Es como que los padres no deben sobrevivir a sus hijos.,9,11
EN_090_10__ES_090_10,en-es,dev,So it was closed so I had to go to another bridge and I made two hours of line.,Estaba cerrado y tuve que ir a otro puente e hice dos horas de línea.,19,15
EN_090_11__ES_090_11,en-es,dev,"No, I got here on time because I came here since 10:30am.","No, llegué aquí a tiempo porque vine aquí desde las 10:30 am.",12,12
EN_090_12__ES_090_12,en-es,dev,"Because they're kids la- um, like, they're inoffensive people, you know?","Porque son niños son personas inofensivas, ¿sabes?",11,7
EN_090_13__ES_090_13,en-es,dev,"No, it's 'cause I didn't want it to have a kid, but no, i- that's not valid b- when... when you have a kid that is already here, yeah, like, you know?","No, es porque no quería que tuviera un hijo, pero no, eso no es válido cuando cuando tienes un hijo que ya está aquí, sí, ¿sabes?",32,26
EN_090_14__ES_090_14,en-es,dev,Yeah.,Sí.,1,1
EN_090_15__ES_090_15,en-es,dev,"But why to abuse them? Like, they're kids that are innocent, you know? Like, why to abuse them?","Pero ¿por qué abusar de ellos? Son niños inocentes, ¿sabes? ¿por qué abusar de ellos?",18,15
EN_090_16__ES_090_16,en-es,dev,Yeah.,Sí.,1,1
EN_090_17__ES_090_17,en-es,dev,"I mean, I don't care about me, but I'm already of legal age in Mexico.","O sea, no me importo, pero ya estoy en edad legal en México.",15,13
EN_090_18__ES_090_18,en-es,dev,Uh-huh.,Ajá.,1,1
EN_090_19__ES_090_19,en-es,dev,"I cannot imagine the sadness of those kids to be in that place, in a shelter.","No me imagino la tristeza de esos niños estar en ese lugar, en un refugio.",16,15
EN_090_1__ES_090_1,en-es,dev,So I cannot tell you about it bad experiences to be honest,Entonces no te puedo decir nada de eso malas experiencias para ser honesto.,12,13
EN_090_2__ES_090_2,en-es,dev,"Ah, okay.","Ah, ok.",2,2
EN_090_3__ES_090_3,en-es,dev,"If you want, just that one. And then you're already read the rest, no?","Si quieres, solo esa. Y luego ya estás leyendo el resto, ¿no?",14,12
EN_090_4__ES_090_4,en-es,dev,The one that I think is Child Crisis and the center of El Paso.,La que yo creo es Child Crisis y el centro de El Paso.,14,13
EN_090_5__ES_090_5,en-es,dev,"It's the same, something like that. It's almost the same.","Es lo mismo, algo así, casi lo mismo.",10,8
EN_090_6__ES_090_6,en-es,dev,"No, then I think it's more like the second one.","No, entonces creo que es más como la segunda.",10,9
EN_090_7__ES_090_7,en-es,dev,"To be honest, I didn't choose a lot from the others 'cause I see that a lot talk about immigrants.","Para ser honesto, no escogí mucho de los demás porque veo que muchos hablan de inmigrantes.",20,16
EN_090_8__ES_090_8,en-es,dev,I'm not that happy with the situation.,No estoy tan contento con la situación.,7,7
EN_090_9__ES_090_9,en-es,dev,"So people can get to the bridge and they think that trying to standing there, they're gonna let them cross.","Así que la gente puede llegar al puente y pensar que tratando de pararse ahí, van a dejar que lo crucen.",20,21
EN_091_10__ES_091_10,en-es,train,two or three people.,Dos o tres personas.,4,4
EN_091_11__ES_091_11,en-es,train,"I see like a bunch of food all over the place. I was like, oh my god.","Veo como un montón de comida por todo el lugar y dije, oh, Dios mío.",17,15
EN_091_12__ES_091_12,en-es,train,so much food on the floor. I felt so bad for the janitors.,mucha comida en el piso me senti tan mal por los conserjes,13,12
EN_091_13__ES_091_13,en-es,train,I do remember but it wasn't like that. We just got out of class and make a party.,"Sí me acuerdo, pero no fue así, nomás salimos de clase y hacemos una fiesta.",18,15
EN_091_14__ES_091_14,en-es,train,Oh.,Oh.,1,1
EN_091_15__ES_091_15,en-es,train,"Did you go to it, I'm guessing? Oh, man. That must've been fun.","¿Fuiste a eso, supongo? Ay, tío, eso debió de ser divertido.",13,11
EN_091_16__ES_091_16,en-es,train,Yeah.,Sí.,1,1
EN_091_17__ES_091_17,en-es,train,I think it was Coke or something like that.,Creo que era coca o algo así.,9,7
EN_091_18__ES_091_18,en-es,train,Coke? Coke pong?,¿Coc? ¿Coc? ¿Coc? ¿Pong?,3,4
EN_091_19__ES_091_19,en-es,train,I'm good at that too but I'm like... They always p- put me last.,"Yo también soy bueno en eso, pero siempre me ponen el último.",14,12
EN_091_1__ES_091_1,en-es,train,"I think I'm doing pretty good. I mean, I got a pretty good gr- grade on my last midterm.","Creo que lo estoy haciendo muy bien, quiero decir, tengo una muy buena calificación gr en mi último examen.",19,19
EN_091_20__ES_091_20,en-es,train,But it was full of like cars. It kinda looked li- like a junkyard.,"Pero estaba lleno de carros, se veía como un desguace.",14,10
EN_091_2__ES_091_2,en-es,train,"If we start somewhere, but I guess that's where I'm starting.","Si empezamos en algún lugar, pero creo que ahí es donde yo estoy empezando.",11,14
EN_091_3__ES_091_3,en-es,train,"Well, it wasn't hard in concept. The concept wasn't hard, but executing it is kind of hard.","Bueno, no era difícil en concepto, el concepto no era difícil, pero ejecutarlo es difícil.",17,15
EN_091_4__ES_091_4,en-es,train,I'm still I'm still struggling with it.,Todavía estoy luchando con eso.,7,5
EN_091_5__ES_091_5,en-es,train,"I remember when I watched those, I was like, uh, this looks easy.","Me acuerdo cuando los vi, estaba como, uh, esto se ve fácil.",13,12
EN_091_6__ES_091_6,en-es,train,Oh.,Oh.,1,1
EN_091_7__ES_091_7,en-es,train,gonna be a lot more different high school I never believed them but then like here we are,"Va a ser mucho más diferente prepa que nunca les creí, pero aquí estamos.",18,14
EN_091_8__ES_091_8,en-es,train,"Alright, 'cause yeah you graduated a very long time ago.","Muy bien, porque sí te graduaste hace mucho tiempo.",10,9
EN_091_9__ES_091_9,en-es,train,"Only from high school only talk like with like two or three, the other ones I don't know what happened to them.","Pero de la prepa nomás hablan como con dos o tres, los otros no sé qué les pasó.",22,18
EN_092_10__ES_092_10,en-es,train,I guess Pancha started having like feelings for uh for Juanita,Pancha empezó a tener sentimientos por Juanita.,11,7
EN_092_11__ES_092_11,en-es,train,For who? For you!,¿Por quién? ¡Por ti!,4,4
EN_092_12__ES_092_12,en-es,train,"But Pancha used to hang out a lot with me, so they thought she had feelings for me.","Pero Pancha solía salir mucho conmigo, así que pensaban que tenía sentimientos por mí.",18,14
EN_092_13__ES_092_13,en-es,train,"Pancha was like asking my friend, so guess what?","Pancha le estaba preguntando a mi amiga, ¿sabes qué?",9,9
EN_092_14__ES_092_14,en-es,train,"And everyone else around me was also asking me like, dude, I think she likes you.","Y todo el mundo alrededor de mí también me estaba preguntando como que, amigo, creo que le gustas.",16,18
EN_092_15__ES_092_15,en-es,train,Pancha told my friend that she liked Juanita.,Pancha le dijo a mi amiga que le gustaba Juanita.,8,10
EN_092_16__ES_092_16,en-es,train,We've known that since we first met her.,Lo sabemos desde que la conocimos.,8,6
EN_092_17__ES_092_17,en-es,train,"Yeah? Oh okay, so everyone, everyone, okay.","¿Sí? Ah, ok, ok, ok, ok, ok, ok, ok, ok, ok, ok, ok, ok, ok, ok, ok, ok, ok, ok, ok, ok, ok, ok, ok, ok, ok, ok, ok, ok, ok, ok, ok, ok, ok, ok, ok, ok, ok, ok, ok, ok, ok, ok, ok, ok, ok, ok, ok, ok, ok, ok, ok, ok, ok.",7,55
EN_092_18__ES_092_18,en-es,train,Yeah. Yeah. Everyone knew.,"Sí, sí, todos sabían.",4,4
EN_092_19__ES_092_19,en-es,train,Tell her. Tell her how you feel.,Dile cómo te sientes.,7,4
EN_092_1__ES_092_1,en-es,train,"No, that doesn't bother me. No.","No, eso no me molesta.",6,5
EN_092_20__ES_092_20,en-es,train,Yeah.,Sí.,1,1
EN_092_21__ES_092_21,en-es,train,Like she was mad 'cause of some comments that Pancha had made throughout the week.,Estaba enojada por unos comentarios que Pancha hizo a lo largo de la semana.,15,14
EN_092_22__ES_092_22,en-es,train,Mm-hmm.,Mm-hmm.,1,1
EN_092_23__ES_092_23,en-es,train,"And then he's like, I don't... I don't really like her that much.","Y luego dijo, no me gusta tanto.",13,7
EN_092_24__ES_092_24,en-es,train,as a person she like... like not the type of person I wanna hang out with,Como persona que le gusta no es el tipo de persona con la que quiero salir.,16,16
EN_092_25__ES_092_25,en-es,train,Uh-huh.,Ajá.,1,1
EN_092_2__ES_092_2,en-es,train,That doesn't bother you?,¿Eso no te molesta?,4,4
EN_092_3__ES_092_3,en-es,train,"No I think I have another one. Yeah, this one is the last one.","No, creo que tengo otro. Sí, este es el último.",14,10
EN_092_4__ES_092_4,en-es,train,Uh I- I cannot talk a lot about about them 'cause I have only had like one job in my whole life.,No puedo hablar mucho de ellos porque solo he tenido como un trabajo en toda mi vida.,22,17
EN_092_5__ES_092_5,en-es,train,"That's the only one I can talk about. Uh, do you want to start?",Es la única de la que puedo hablar. ¿Quieres empezar?,14,10
EN_092_6__ES_092_6,en-es,train,A ver.,A ver.,2,2
EN_092_7__ES_092_7,en-es,train,"One joined in January, the other one joined like mid-February.","Uno se unió en enero, el otro se unió como a mediados de febrero.",10,14
EN_092_8__ES_092_8,en-es,train,"Let's call the one in January, Pancha, and the one that joined in February, Juanita.","Vamos a llamar a la de enero, Pancha, y la que se unió en febrero, Juanita.",15,16
EN_092_9__ES_092_9,en-es,train,and they would join me and one of my other friends. She's a girl too.,Y se unían a mí y a una de mis otras amigas. Ella también es una niña.,15,17
EN_093_10__ES_093_10,en-es,train,"I don't know, I think that would be a very crazy idea.","No sé, creo que sería una idea muy loca.",12,9
EN_093_11__ES_093_11,en-es,train,Of course taking my family or taking my friends with me.,Por supuesto llevando a mi familia o llevando a mis amigos conmigo.,11,12
EN_093_12__ES_093_12,en-es,train,That one would be very interesting but I also think that it would be very expensive.,"Ese sería muy interesante, pero también creo que sería muy caro.",16,11
EN_093_13__ES_093_13,en-es,train,yeah I think I would do many things but I wouldn't uh spend that money just to spend it,"Sí, creo que haría muchas cosas, pero no gastaría ese dinero solo para gastarlo.",19,14
EN_093_14__ES_093_14,en-es,train,think it also goes together with uh helping others,Creo que también va de la mano de ayudar a los demás.,9,12
EN_093_15__ES_093_15,en-es,train,"Because sometimes we'd only want that money for ourselves, but we have to think, how can you... how can you use that money to help others?","Porque a veces solo queríamos ese dinero para nosotros mismos, pero tenemos que pensar, ¿cómo puedes? ¿Cómo puedes usar ese dinero para ayudar a los demás?",26,26
EN_093_16__ES_093_16,en-es,train,You can help others to have a better quality of life.,Puedes ayudar a otros a tener una mejor calidad de vida.,11,11
EN_093_17__ES_093_17,en-es,dev,Yeah.,Sí.,1,1
EN_093_18__ES_093_18,en-es,train,I think that is something very important.,Creo que es algo muy importante.,7,6
EN_093_1__ES_093_1,en-es,dev,It's like people who have won the lottery and they didn't like think about it and they used everything.,Es como la gente que se ha ganado la lotería y no le gustó pensar en ello y usaron todo.,19,20
EN_093_2__ES_093_2,en-es,train,"Okay, I think that is um the dream of everyone. Everyone wants to wo- won the lottery.","Ok, creo que ese es el sueño de todos, todos quieren ganar la lotería.",17,14
EN_093_3__ES_093_3,en-es,dev,Yeah.,Sí.,1,1
EN_093_4__ES_093_4,en-es,train,It is um about quitting your job and not having to worry about paying something.,Se trata de dejar tu trabajo y no tener que preocuparte por pagar algo.,15,14
EN_093_5__ES_093_5,en-es,train,"Um yeah, I would invest in my education.","Sí, invertiría en mi educación.",8,5
EN_093_6__ES_093_6,en-es,train,"Um because I get assistance to pay my tuition, but it doesn't cover my whole tuition.","Um porque me dan ayuda para pagar mi matrícula, pero no cubre toda mi matrícula.",16,15
EN_093_7__ES_093_7,en-es,train,So I have to look for ways to uh complete my tuition in other ways.,Así que tengo que buscar maneras de completar mi matrícula de otras maneras.,15,13
EN_093_8__ES_093_8,en-es,train,"Right now, for example, I have to work. I'm working right now.","En este momento, por ejemplo, tengo que trabajar, estoy trabajando.",12,10
EN_093_9__ES_093_9,en-es,train,So that would be a very helpful um assistance.,Entonces eso sería una ayuda muy útil.,9,7
EN_094_10__ES_094_10,en-es,train,I uh I thought about it uh,Lo pensé.,7,2
EN_094_11__ES_094_11,en-es,train,But I didn't send her a message till yesterday.,Pero no le mandé mensaje hasta ayer.,9,7
EN_094_12__ES_094_12,en-es,train,"On Sunday, I didn't want to send her a message 'cause it was Easter and I didn't want to bother her.",El domingo no quería mandarle mensaje porque era Pascua y no quería molestarla.,21,13
EN_094_13__ES_094_13,en-es,train,"She's not like that with new people. She's not, like, very talkative.","No es así con gente nueva, no es muy platicadora.",12,10
EN_094_14__ES_094_14,en-es,train,they tell you they're gonna introduce someone to you obviously you're gonna doll up,"Te dicen que te van a presentar a alguien, obviamente te vas a arreglar.",14,14
EN_094_15__ES_094_15,en-es,train,"I'll go for what your friend told you, and let me tell you why.","Iré por lo que te dijo tu amiga, y déjame decirte por qué.",14,13
EN_094_16__ES_094_16,en-es,train,"All of them are the same, y- you know how? Like, I was in that stage.","Todos son iguales, ¿sabes cómo? Yo estaba en esa etapa.",16,10
EN_094_17__ES_094_17,en-es,train,"Let me tell you that I have a friend, you know what I mean? 'Cause they work together.","Déjame decirte que tengo un amigo, ¿sabes a qué me refiero? Porque trabajan juntos.",18,14
EN_094_1__ES_094_1,en-es,train,I- I think you finish it and like she's just making drama,Creo que lo terminas y como que está haciendo drama.,12,10
EN_094_2__ES_094_2,en-es,train,I don't want to play with you. I'm going to beat you and you're going to start crying.,"No quiero jugar contigo, te voy a ganar y vas a empezar a llorar.",18,14
EN_094_3__ES_094_3,en-es,train,I'm gonna introduce you to one of my friends. You guys will get along really well.,"Te voy a presentar a uno de mis amigos, se van a llevar muy bien.",16,15
EN_094_4__ES_094_4,en-es,train,"What do we call this girl? Um, Maria.",¿Cómo le llamamos a esta chica? María.,8,7
EN_094_5__ES_094_5,en-es,train,And I kind of just like blew her off.,Y nomás la volé.,9,4
EN_094_6__ES_094_6,en-es,train,We went to go bowling and they invited her too.,Fuimos a jugar boliche y la invitaron a ella también.,10,10
EN_094_7__ES_094_7,en-es,train,"Yeah, we met there and um we were talking and yeah, I kind of like the girl.","Sí, nos conocimos ahí y estábamos hablando y sí, me gustó la chica.",17,13
EN_094_8__ES_094_8,en-es,train,"Um, but I didn't ask for her number at the end of the night.",Pero no le pedí su número al final de la noche.,14,11
EN_094_9__ES_094_9,en-es,train,"So at the end uh I didn't ask for her number, but then I thought about it. And then","Entonces al final no le pedí su número, pero luego lo pensé.",19,12
EN_095_10__ES_095_10,en-es,train,"told you, no? Que I got the number on Sunday.","Te dije que no, que me dieron el número el domingo.",10,11
EN_095_11__ES_095_11,en-es,train,It was like a really short conversation we had.,Fue como una conversación muy corta que tuvimos.,9,8
EN_095_12__ES_095_12,en-es,train,That's That's what I'm thinking. I'm gonna wait for her to reply 'cause I don't want to be like pushy,"Eso es lo que estoy pensando, voy a esperar a que ella conteste porque no quiero ser tan insistente.",20,19
EN_095_13__ES_095_13,en-es,train,Have a date?,¿Tienes una cita?,3,3
EN_095_14__ES_095_14,en-es,train,"If she replies by tomorrow, pues I'm just gonna invite her out","Si contesta para mañana, pues la voy a invitar a salir.",12,11
EN_095_15__ES_095_15,en-es,train,"Maybe I'll send a message, maybe not. I'm still thinking about that.","A lo mejor enviaré un mensaje, a lo mejor no, todavía estoy pensando en eso.",12,15
EN_095_16__ES_095_16,en-es,train,that you sa- you meant this union of what pizza hut,Que te referías a esta unión de lo que Pizza Hut,11,11
EN_095_18__ES_095_18,en-es,train,We paid for all day. We're going to eat here all day.,Pagamos todo el día y vamos a comer aquí todo el día.,12,12
EN_095_19__ES_095_19,en-es,train,What happened with uh your friend? Did she ever text you again?,¿Qué pasó con tu amiga? ¿Te volvió a mandar mensaje?,12,10
EN_095_1__ES_095_1,en-es,train,"I got out of the lab early, so I went to the office.",Salí del laboratorio temprano y fui a la oficina.,13,9
EN_095_20__ES_095_20,en-es,train,"After that message, she never texted me back. I never tex- texted her back.","Después de ese mensaje, ella nunca me volvió a mandar mensaje. Yo nunca le mandé mensaje.",14,16
EN_095_21__ES_095_21,en-es,train,She's probably gonna text me back when she's drunk again.,Probablemente me va a mandar un mensaje cuando esté borracha otra vez.,10,12
EN_095_22__ES_095_22,en-es,train,I mean she's the one that's mad and I don't know why,"O sea, ella es la que está enojada y no sé por qué.",12,13
EN_095_23__ES_095_23,en-es,train,"Just because there's a goalie doesn't mean you can't score, bro.","Solo porque hay un portero no significa que no puedes anotar, hermano.",11,12
EN_095_24__ES_095_24,en-es,train,"What, isn't that true? Isn't that true?",¿Qué? ¿No es verdad? ¿No es verdad?,7,7
EN_095_25__ES_095_25,en-es,train,It is true.,Es verdad.,3,2
EN_095_2__ES_095_2,en-es,train,"It's not your office anymore, it's mine.","Ya no es tu oficina, es la mía.",7,8
EN_095_3__ES_095_3,en-es,train,"No, it's mine. It's under my name.","No, es mío, está bajo mi nombre.",7,7
EN_095_4__ES_095_4,en-es,train,"Okay, I might get a new student. She needs to study for the SAT.","Ok, puede que consiga una estudiante nueva que necesite estudiar para el SAT.",14,13
EN_095_5__ES_095_5,en-es,train,"No, pero they have a book there that I can just review real quick. I mean, how hard can it be?","No, pero tienen un libro ahí que puedo repasar muy rápido. O sea, ¿qué tan difícil puede ser?",21,18
EN_095_6__ES_095_6,en-es,train,kinda like the stuff you were working on the other day simple math,Como las cosas que estabas trabajando el otro día matemáticas simples.,13,11
EN_095_7__ES_095_7,en-es,train,"Oh, I didn't tell you yet. Este I ended up getting that that girl's number.","Oh, no te dije todavía, este terminé consiguiendo el número de esa chica.",15,13
EN_095_8__ES_095_8,en-es,train,Wha- What made you change your mind?,¿Qué te hizo cambiar de parecer?,7,6
EN_095_9__ES_095_9,en-es,train,"Pues no, I didn't change my mind. I mean, I told you I did like her.","Pues no, no cambié de parecer, digo, te dije que sí me gustaba.",16,13
EN_096_10__ES_096_10,en-es,train,"Personally I, I would place policies that would stop people from overthrowing me.",Personalmente yo pondría políticas que evitarían que la gente me derrocara.,13,11
EN_096_11__ES_096_11,en-es,train,I would just exile them like Napoleon.,Los exiliaría como Napoleón.,7,4
EN_096_12__ES_096_12,en-es,train,and island in the middle of nowhere.,e isla en medio de la nada.,7,7
EN_096_13__ES_096_13,en-es,train,Your rating would be similar to fascism.,Tu calificación sería similar al fascismo.,7,6
EN_096_14__ES_096_14,en-es,train,more of a iron hand for goods if you know if you catch my idea,más una mano de hierro para bienes si sabes si captas mi idea,15,13
EN_096_15__ES_096_15,en-es,train,Have them under my power and I control who gets to eat,Los tengo bajo mi poder y controlo quién come.,12,9
EN_096_16__ES_096_16,en-es,train,"Yea- I- I know why most dictatorship don't work, you know, they are too soft on their subordinates","Sí, sé por qué la mayoría de la dictadura no funciona, ¿sabes? Son muy suaves con sus subordinados.",18,18
EN_096_17__ES_096_17,en-es,train,That's an excellent idea.,Es una idea excelente.,4,4
EN_096_18__ES_096_18,en-es,train,I don't necessarily think it's the best for his family.,No necesariamente creo que sea lo mejor para su familia.,10,10
EN_096_1__ES_096_1,en-es,train,"You know what, I'm gonna go with the classic Boy Scouts of America.",¿Sabes qué? Voy a ir con los clásicos Boy Scouts de América.,13,12
EN_096_2__ES_096_2,en-es,train,I think the money would help uh... uh benefit a lot of uh lower income.,Creo que el dinero podría ayudar a muchos de los más bajos ingresos.,15,13
EN_096_3__ES_096_3,en-es,train,Camping gives them a bunch of skills,Acampar les da muchas habilidades.,7,5
EN_096_4__ES_096_4,en-es,train,Camping it's it's a [unk] and using a knife,Acampar es un [unk] y usar un cuchillo.,9,8
EN_096_5__ES_096_5,en-es,train,Oh so you d- you do agree with me that the Boy Scouts of America should receive the... the $20?,"Oh, entonces estás de acuerdo conmigo en que los Boy Scouts de América deberían recibir los 20 dólares.",20,18
EN_096_6__ES_096_6,en-es,train,The Boy Scouts are a type of legacy.,Los Boy Scouts son un tipo de legado.,8,8
EN_096_7__ES_096_7,en-es,train,has been going on for decades.,ha estado pasando por décadas.,6,5
EN_096_8__ES_096_8,en-es,train,values such as teamwork compassion,valores como la compasión de trabajo en equipo,5,8
EN_096_9__ES_096_9,en-es,train,And I think that's why they deserve it.,Y creo que por eso se lo merecen.,8,8
EN_097_10__ES_097_10,en-es,train,"Oh, let me spill the tea.","Oh, déjame derramar el té.",6,5
EN_097_11__ES_097_11,en-es,train,"Oh, the last time I was talking with Samantha.",La última vez estaba hablando con Samantha.,9,7
EN_097_12__ES_097_12,en-es,train,She uploaded video... drunk.,Subió un video borracho.,4,4
EN_097_13__ES_097_13,en-es,train,And they were fighting.,Y estaban peleando.,4,3
EN_097_14__ES_097_14,en-es,train,The aggressor.,El agresor.,2,2
EN_097_15__ES_097_15,en-es,train,"Yeah, and... and she and he was a victim.","Sí, y ella y él eran una víctima.",9,8
EN_097_16__ES_097_16,en-es,train,Oh poor girl.,"Ay, pobrecita.",3,2
EN_097_17__ES_097_17,en-es,train,"Oiy, you're missing this one.","Oiy, te estás perdiendo este.",5,5
EN_097_18__ES_097_18,en-es,train,I just hit the desk,Acabo de golpear el escritorio.,5,5
EN_097_19__ES_097_19,en-es,train,There is also one that is super big,También hay uno que es súper grande.,8,7
EN_097_1__ES_097_1,en-es,train,I will try it now. I haven't tried it yet.,Lo voy a probar ahora. Aún no lo he probado.,10,10
EN_097_20__ES_097_20,en-es,train,How? What do you mean a big cat?,¿Cómo que un gato grande?,8,5
EN_097_21__ES_097_21,en-es,train,I don't remember this,No me acuerdo de esto.,4,5
EN_097_22__ES_097_22,en-es,train,And he has a daughter.,Y tiene una hija.,5,4
EN_097_2__ES_097_2,en-es,train,"I think it's good, uh... eh but it's too sweet.","Yo creo que es bueno, eh, eh, pero es muy dulce.",10,11
EN_097_3__ES_097_3,en-es,train,I think it's super good because it's salt.,Creo que es súper bueno porque es salado.,8,8
EN_097_4__ES_097_4,en-es,train,Let's go to eat or what? Did you eat?,¿Vamos a comer o qué? ¿Ya comiste?,9,7
EN_097_5__ES_097_5,en-es,train,Yes. No.,Sí. No.,2,2
EN_097_6__ES_097_6,en-es,train,What do you want to eat?,¿Qué quieres comer?,6,3
EN_097_7__ES_097_7,en-es,train,"Are you shy, right?","Eres tímido, ¿verdad?",4,3
EN_097_8__ES_097_8,en-es,train,"Look, let's... let's read this.","Mira, vamos a leer esto.",5,5
EN_097_9__ES_097_9,en-es,train,Which rules y- would you have?,¿Cuáles son tus reglas?,6,4
EN_098_10__ES_098_10,en-es,train,"It kinda sucks that, like, she stopped talking to me like cold turkey.",Es una porquería que dejara de hablarme como un pavo frío.,13,11
EN_098_11__ES_098_11,en-es,train,"Maybe she was confused about something, but...","A lo mejor estaba confundida de algo, pero...",7,8
EN_098_12__ES_098_12,en-es,train,"We had already ended things, but we were kind of like still talking.","Ya habíamos terminado las cosas, pero todavía estábamos hablando.",13,9
EN_098_13__ES_098_13,en-es,train,Like it was like a break. No really?,Era como un descanso. ¿En serio?,8,6
EN_098_14__ES_098_14,en-es,train,Hmm.,Hmm.,1,1
EN_098_15__ES_098_15,en-es,train,"I really enjoyed talking to her, hanging out with her too.","Me gustó mucho hablar con ella, salir con ella también.",11,10
EN_098_16__ES_098_16,en-es,train,Mm-hmm.,Mm-hmm.,1,1
EN_098_17__ES_098_17,en-es,train,What happened? So then you saw her?,¿Qué pasó? ¿La viste?,7,4
EN_098_18__ES_098_18,en-es,train,I kinda just like glanced over and saw her and she just went like this,Me puse a echar un vistazo y la vi y se fue así.,15,13
EN_098_19__ES_098_19,en-es,train,like reaction of mine was like this,La reacción mía fue así.,7,5
EN_098_1__ES_098_1,en-es,train,The wha- the last what?,¿La última qué?,5,3
EN_098_20__ES_098_20,en-es,train,something inside you got bro-,"Algo dentro de ti, hermano.",5,5
EN_098_21__ES_098_21,en-es,train,after she said hi to me and she just like walked right past me and she just kept walking,Después de que me dijo hola y me pasó y siguió caminando.,19,12
EN_098_22__ES_098_22,en-es,train,"She didn't stop like to say hey like to catch up, no?","No se detuvo para decir hey para ponerse al día, ¿no?",12,11
EN_098_23__ES_098_23,en-es,train,M-m. No.,M-M. No.,2,2
EN_098_24__ES_098_24,en-es,train,"At this point I'm kinda like, meh, pues whatever, you know?","En este punto estoy como, meh, pues lo que sea, ¿sabes?",11,11
EN_098_25__ES_098_25,en-es,train,You get like you feel something inside you like no?,¿Tienes como que sientes algo dentro de ti como que no?,10,11
EN_098_26__ES_098_26,en-es,train,"I mean, it's not like uh like if I love him.","O sea, no es como que si lo amo.",11,9
EN_098_27__ES_098_27,en-es,train,So the reason we ended things was because... So she's Christian.,Entonces la razón por la que terminamos las cosas fue porque ella es cristiana.,11,14
EN_098_2__ES_098_2,en-es,train,the last girl I went out with.,La última chica con la que salí.,7,7
EN_098_4__ES_098_4,en-es,train,I wouldn't say break my heart.,Yo no diría que me rompan el corazón.,6,8
EN_098_5__ES_098_5,en-es,train,"Pero yeah, I would say this is the one that kinda hit me the most.","Pero sí, diría que este es el que más me pegó.",15,11
EN_098_6__ES_098_6,en-es,train,You guys were together like for like a long time or?,¿Ustedes estuvieron juntos como por mucho tiempo o?,11,8
EN_098_7__ES_098_7,en-es,train,So I mean it wasn't a lot pero...,"O sea, no era mucho pero...",8,6
EN_098_8__ES_098_8,en-es,train,It wasn't like that little.,No era tan poco.,5,4
EN_098_9__ES_098_9,en-es,train,'Cause like we were in good terms all the way up to the like last point.,Porque estábamos en buenos términos hasta el último punto.,16,9
EN_099_10__ES_099_10,en-es,train,"Ah, the girl is American, you know? She doesn't speak Spanish.","Ah, la chica es americana, ¿sabes? No habla español.",11,9
EN_099_11__ES_099_11,en-es,train,No?,¿No?,1,1
EN_099_12__ES_099_12,en-es,train,I understand it and I believe you.,Lo entiendo y te creo.,7,5
EN_099_13__ES_099_13,en-es,train,"So yeah, they started to date each other and she started to like him.","Así que sí, empezaron a salir y le empezó a gustar.",14,11
EN_099_14__ES_099_14,en-es,train,"Because he said that he got divorced. Like, he got married on divorce. And I was like, oh!","Porque dijo que se divorció, como que se casó en el divorcio, y le dije, oh.",18,16
EN_099_16__ES_099_16,en-es,train,"Well, everybody's different. 'cause there's some couples that get married young and...","Bueno, todos son diferentes porque hay parejas que se casan jóvenes y...",12,12
EN_099_17__ES_099_17,en-es,train,"Pues, yeah.",Pues sí.,2,2
EN_099_18__ES_099_18,en-es,train,"Not that old, well, it's 'cause he's young still right?","No tan viejo, bueno, es porque está joven todavía, ¿verdad?",10,10
EN_099_19__ES_099_19,en-es,train,"Well, it's 'cause he's older than me. He's four years older than me.","Bueno, es que es mayor que yo, es cuatro años mayor que yo.",13,13
EN_099_1__ES_099_1,en-es,train,"Well, I met him here because of computer science.","Bueno, lo conocí aquí por Computer Science.",9,7
EN_099_20__ES_099_20,en-es,train,"She told me, oh yeah, I want five kids and all that.","Me dijo, oh, sí, quiero cinco niños y todo eso.",12,10
EN_099_22__ES_099_22,en-es,train,You're still with that boyfriend that you used to have?,¿Todavía estás con ese novio que tenías?,10,7
EN_099_23__ES_099_23,en-es,train,No.,No.,1,1
EN_099_24__ES_099_24,en-es,train,"He asked ""Do you want to get back together?"" And I was like, no.","Me preguntó, ¿quieres volver a estar juntos? Y le dije, no.",14,11
EN_099_26__ES_099_26,en-es,train,We can eat uh we can eat later if you like want to talk.,Podemos comer más tarde si quieres platicar.,14,7
EN_099_27__ES_099_27,en-es,train,I'll accept going somewhere to talk or I don't know go drinking a coffee or something like that,Aceptaré ir a un lugar para hablar o no sé ir a tomar un café o algo así.,18,18
EN_099_28__ES_099_28,en-es,train,Mm-hmm.,Mm-hmm.,1,1
EN_099_2__ES_099_2,en-es,train,"and his wife was like, um, kind of toxic.",Y su esposa era un poco tóxica.,9,7
EN_099_3__ES_099_3,en-es,train,He stopped talking to me out of nowhere and I thought that it was because of his wife.,Me dejó de hablar de la nada y pensé que era por su esposa.,18,14
EN_099_4__ES_099_4,en-es,train,"Then a couple of months later, he started talking to me again, and he told me, no pues, I already got divorced.","Entonces un par de meses después empezó a hablarme otra vez y me dijo, no, pues ya me divorcié.",22,19
EN_099_5__ES_099_5,en-es,train,So he was going through his process and you know.,Entonces él estaba pasando por su proceso y ya sabes.,10,10
EN_099_6__ES_099_6,en-es,train,Yeah well yeah.,"Sí, bueno, sí.",3,3
EN_099_7__ES_099_7,en-es,train,"Yeah, and I told him, hey, um I wanted a Polaroid for me and my boyfriend.","Sí, y le dije, hey, eh quería una Polaroid para mí y para mi novio.",16,15
EN_099_8__ES_099_8,en-es,train,"I mean, look, uh let's have something like, let's have a good moment and you know.","Quiero decir, mira, vamos a tener algo como, vamos a tener un buen momento y ya sabes.",16,17
EN_099_9__ES_099_9,en-es,train,and you're not gonna ask for my information to contact me later.,Y no vas a pedir mi información para contactarme más tarde.,12,11
EN_100_10__ES_100_10,en-es,dev,I would like sprint in the last like few seconds even if it hurt.,"Me gustaría sprint en los últimos segundos, aunque me duela.",14,10
EN_100_11__ES_100_11,en-es,dev,"And I have broken both arms, so... Yeah.","Y me he roto los dos brazos, así que... Sí.",8,10
EN_100_12__ES_100_12,en-es,dev,You- You've broken both arms?,¿Te has roto los dos brazos?,5,6
EN_100_13__ES_100_13,en-es,dev,How'd you fly that far? Oh my god.,"¿Cómo volaste tan lejos? Oh, Dios mío.",8,7
EN_100_14__ES_100_14,en-es,dev,I was really skinny.,Estaba muy flaco.,4,3
EN_100_15__ES_100_15,en-es,dev,"I mean, I stayed there till like the end of the... of the school.",Me quedé ahí hasta el final de la escuela.,14,9
EN_100_16__ES_100_16,en-es,dev,uh,uh,1,1
EN_100_17__ES_100_17,en-es,dev,there with a broken arm and everything.,Ahí con el brazo roto y todo.,7,7
EN_100_18__ES_100_18,en-es,dev,Uh-huh.,Ajá.,1,1
EN_100_19__ES_100_19,en-es,dev,"No, my parents didn't sue her, but they were pissed.","No, mis papás no la demandaron, pero estaban enojados.",10,9
EN_100_1__ES_100_1,en-es,dev,I'm I'm uh think about it a little.,Lo estoy pensando un poco.,8,5
EN_100_20__ES_100_20,en-es,dev,Hmm.,Hmm.,1,1
EN_100_21__ES_100_21,en-es,dev,"Hey, you remember when you left me with a broken arm?",¿Recuerdas cuando me dejaste con el brazo roto?,11,8
EN_100_22__ES_100_22,en-es,dev,"And then a year later in first grade, I broke the other one.","Y luego un año después en primer grado, rompí el otro.",13,11
EN_100_23__ES_100_23,en-es,dev,"I had him for high school and- and I was like, do you remember? He was like, no.","Lo tenía para la prepa y le dije, ¿te acuerdas? Él dijo, no.",18,13
EN_100_2__ES_100_2,en-es,dev,Just got to think about the lie.,Tengo que pensar en la mentira.,7,6
EN_100_3__ES_100_3,en-es,dev,"I have the lie, I don't have the truth yet.","Tengo la mentira, todavía no tengo la verdad.",10,8
EN_100_5__ES_100_5,en-es,dev,I don't do bad stuff. No.,Yo no hago cosas malas.,6,5
EN_100_6__ES_100_6,en-es,dev,You're you're not a liar?,¿Eres un mentiroso?,5,3
EN_100_7__ES_100_7,en-es,dev,Aren't you uh l- aren't you like a... like a  fighter?,¿No eres como un luchador?,11,5
EN_100_8__ES_100_8,en-es,dev,You know those that where you punch and run?,¿Conoces a los que golpeas y corres?,9,7
EN_100_9__ES_100_9,en-es,dev,"We would like compete every Wednesday, and I got top 10 every single time.","Nos gustaría competir todos los miércoles, y me dieron el top 10 cada vez.",14,14
EN_101_10__ES_101_10,en-es,test,"No, le- let me tell you, I had an exam uh o- one day.","No, déjame decirte que me hice un examen un día.",14,10
EN_101_12__ES_101_12,en-es,test,This game is gonna last like 20 minutes? 15 minutes?,"Este juego va a durar como 20 minutos, 15 minutos.",10,10
EN_101_13__ES_101_13,en-es,test,"And then my my coach told me uh, wha- what's wrong with you?","Y luego mi entrenador me dijo, ¿qué te pasa?",13,9
EN_101_14__ES_101_14,en-es,test,He he has nothing? Wha- what's wrong with you?,¿Él no tiene nada? ¿Qué te pasa?,9,7
EN_101_15__ES_101_15,en-es,test,Eh if you want you can go and I'll and I'll talk to you when... when you have to play.,"Eh, si quieres puedes ir y yo te hablaré cuando... cuando tengas que jugar.",20,14
EN_101_16__ES_101_16,en-es,train,Mm-hmm.,Mm-hmm.,1,1
EN_101_17__ES_101_17,en-es,test,and I went somewhere else to do my... my exam.,Y fui a otro lugar a hacer mi examen.,10,9
EN_101_18__ES_101_18,en-es,test,And so... 100! Yes.,Y entonces... ¡100! Sí.,4,4
EN_101_19__ES_101_19,en-es,train,And how did it go in your exam? Really?,¿Y cómo te fue en el examen? ¿En serio?,9,9
EN_101_1__ES_101_1,en-es,test,I was I was sadly eliminated by a kid from UNAM.,Estaba tristemente eliminado por un niño de la UNAM.,11,9
EN_101_20__ES_101_20,en-es,test,"Yes, fortunately we didn't have to play that one. I didn't have to play that again 'cause we won 3-0.","Sí, afortunadamente no tuvimos que tocar ese, no tuve que tocar eso otra vez porque ganamos 3-0.",20,17
EN_101_21__ES_101_21,en-es,test,so I pass as the first one in my... my group,Paso como la primera en mi grupo.,11,7
EN_101_22__ES_101_22,en-es,test,"But the people there at the the tournament, they didn't organize well, so...","Pero la gente en el torneo no se organizaron bien, así que...",13,12
EN_101_2__ES_101_2,en-es,test,"I didn't lose uh badly, it was it could be it could be it could've been worse.","No he perdido tan mal, podría haber sido peor.",17,9
EN_101_3__ES_101_3,en-es,train,Mm-hmm.,Mm-hmm.,1,1
EN_101_4__ES_101_4,en-es,train,So no one like no one won or continued,Así que nadie como nadie ganó o continuó.,9,8
EN_101_5__ES_101_5,en-es,test,"Uh no of Chihuahua, no.","No de Chihuahua, no.",5,4
EN_101_6__ES_101_6,en-es,test,"so Chihuahua sent players eh Nuevo Leon, eh Sinaloa, Veracruz","Chihuahua envió jugadores eh Nuevo León, eh Sinaloa, Veracruz",10,9
EN_101_7__ES_101_7,en-es,train,Mm-hmm.,Mm-hmm.,1,1
EN_101_8__ES_101_8,en-es,train,"Everyone, everyone?","¿Todos, todos?",2,2
EN_101_9__ES_101_9,en-es,test,Uh sadly eliminated but I brought us mmm I brought uh two medals,Tristemente eliminado pero nos traje mmm traje dos medallas.,13,9
EN_102_10__ES_102_10,en-es,train,Yeah.,Sí.,1,1
EN_102_11__ES_102_11,en-es,train,"Um well, electricity, I think it's a little more complicated than... uh physics.","Bueno, electricidad, creo que es un poco más complicado que física.",13,11
EN_102_12__ES_102_12,en-es,train,Do you know a lot of people through here or not?,¿Conoces a mucha gente por aquí o no?,11,8
EN_102_13__ES_102_13,en-es,train,Are you the only one that comes from outside?,¿Eres el único que viene de afuera?,9,7
EN_102_14__ES_102_14,en-es,train,I think so.,Yo creo que sí.,3,4
EN_102_15__ES_102_15,en-es,train,"Um, I know a guy that works in the first floor.",Conozco a un tipo que trabaja en el primer piso.,11,10
EN_102_16__ES_102_16,en-es,train,"Yeah, don't tell them that. Yeah, yeah, yeah.","Sí, no les digas eso. Sí, sí, sí.",8,8
EN_102_17__ES_102_17,en-es,train,"Yeah, I'm a little crazy.","Sí, estoy un poco loco.",5,5
EN_102_18__ES_102_18,en-es,train,"Please, 25 is not that old.","Por favor, 25 no es tan viejo.",6,7
EN_102_19__ES_102_19,en-es,train,Just think about it. I'm in my mid-20s already.,"Solo piénsalo, ya estoy en mis 20 años.",9,8
EN_102_1__ES_102_1,en-es,train,Uh because I'm a master's student.,Porque soy un estudiante de maestría.,6,6
EN_102_20__ES_102_20,en-es,train,They went to school when I was young.,Se fueron a la escuela cuando yo era joven.,8,9
EN_102_21__ES_102_21,en-es,train,So you'd be a doctor? A medical doctor?,"¿Así que serías doctor, doctor en medicina?",8,7
EN_102_22__ES_102_22,en-es,train,Mm-hmm. Mm-hmm.,Mm-hmm. Mm-hmm.,2,2
EN_102_23__ES_102_23,en-es,train,"Yeah, it's 'cause I thought you were a medical doc- Well, you're like a doctor of doctors, so to say.","Sí, es porque pensé que eras médico doctor, bueno, eres doctor de doctores, por así decirlo.",20,16
EN_102_24__ES_102_24,en-es,train,and big tumor on its side.,Y un tumor grande en su lado.,6,7
EN_102_26__ES_102_26,en-es,train,"If you think that's bad, then uh when we have to kill them, that's... that's worse.","Si piensas que eso es malo, entonces cuando tenemos que matarlos, eso es peor.",16,14
EN_102_27__ES_102_27,en-es,train,"So you can give it a little tumor, but once it gets too big, cut it off.","Entonces le puedes dar un tumorcito, pero una vez que se hace muy grande, córtalo.",17,15
EN_102_2__ES_102_2,en-es,train,"Oh, okay, sorry.","Ah, ok, perdón.",3,3
EN_102_3__ES_102_3,en-es,train,"If not, I'm uh just extend it to fall to graduate in December.","Si no, lo extiendo para que se gradúe en diciembre.",13,10
EN_102_4__ES_102_4,en-es,train,Uh-huh.,Ajá.,1,1
EN_102_5__ES_102_5,en-es,train,"Um, do you have a job, internship, or anything like that?","¿Tienes trabajo, internship o algo así?",11,6
EN_102_6__ES_102_6,en-es,train,"Yeah, well, right now I'm just working as a TA.","Sí, bueno, en este momento estoy trabajando como TA.",10,9
EN_102_7__ES_102_7,en-es,train,"The way you say that, I don't know if to feel offended.","La manera en que dices eso, no sé si sentirme ofendido.",12,11
EN_102_8__ES_102_8,en-es,train,It was it took forever. It was so boring and it was so hard.,"Fue que tomó para siempre, fue tan aburrido y fue tan difícil.",14,12
EN_102_9__ES_102_9,en-es,train,"No, no, no. I think I'm talking about different things, I realize.","No, no, no, no, creo que estoy hablando de cosas diferentes, me doy cuenta.",12,14
EN_103_10__ES_103_10,en-es,train,Why bring the little kids? 'Cause he was like maybe three or four?,¿Por qué traer a los niños? Porque tenía como tres o cuatro años.,13,13
EN_103_11__ES_103_11,en-es,train,all the other boxes were fine,Todas las otras cajas estaban bien.,6,6
EN_103_1__ES_103_1,en-es,test,I- I play on the Wii. I would play the Mario games in the DS.,Yo juego en el Wii. Yo jugaría los juegos de Mario en el DS.,15,14
EN_103_2__ES_103_2,en-es,train,Have you seen like that little star that Rosalina has?,¿Has visto esa estrellita que tiene Rosalina?,10,7
EN_103_3__ES_103_3,en-es,train,He was like being all psychotic and stuff. It was like really weird.,Estaba como psicótico y todo eso. Era muy raro.,13,9
EN_103_4__ES_103_4,en-es,train,"And he was like, no, we're all going to die and it's so fun and like","Y él dijo, no, todos vamos a morir y es muy divertido y como que",16,15
EN_103_5__ES_103_5,en-es,train,"No, why? I wanted to die!","No, ¿por qué? ¡Yo quería morir!",6,6
EN_103_7__ES_103_7,en-es,train,and a little kid just kept turning around trying to talk to me,Y un chiquito se daba vuelta tratando de hablar conmigo.,13,10
EN_103_9__ES_103_9,en-es,train,"I don't know, it was like really annoying.","No sé, fue muy molesto.",8,5
EN_104_10__ES_104_10,en-es,dev,"And the kids are always like saying like, oh, look, it's like a weenie dog.","Y los niños siempre están como diciendo, oh, mira, es como un perro weenie.",15,14
EN_104_11__ES_104_11,en-es,dev,but he still looks good you know like he looks a little skinny but you know,"Pero todavía se ve bien, ¿sabes? Se ve un poco flaco, pero ya sabes.",16,14
EN_104_12__ES_104_12,en-es,train,"They live long, but they have a lot of like spinal cord problems.","Viven mucho, pero tienen muchos problemas de médula espinal.",13,9
EN_104_13__ES_104_13,en-es,dev,Mm-hmm.,Mm-hmm.,1,1
EN_104_14__ES_104_14,en-es,dev,But I think mine is a little bit like crossed mixed with other ones 'cause he's not that long like... like other ones.,Pero creo que la mía está un poco cruzada mezclada con otras porque no es tan larga como otras.,23,19
EN_104_15__ES_104_15,en-es,train,"He's a mutt. He has uh short legs, uh very stubby legs.","Es un chucho, tiene patitas cortas, patitas muy gorditas.",12,9
EN_104_16__ES_104_16,en-es,dev,Hmm.,Hmm.,1,1
EN_104_17__ES_104_17,en-es,dev,I think that um we got them when I was like seven years old.,Creo que los conseguimos cuando tenía como 7 años.,14,9
EN_104_18__ES_104_18,en-es,train,"Look, nah, I think... I think you have a favorite. Yeah, I know which is your favorite.","Mira, no, creo que tienes un favorito. Sí, sé cuál es tu favorito.",17,13
EN_104_19__ES_104_19,en-es,dev,I want him to last me until like I'm 20.,Quiero que me dure hasta que tenga 20 años.,10,9
EN_104_1__ES_104_1,en-es,train,I would buy a house here in Texas and in Hawaii.,Yo compraría una casa aquí en Texas y en Hawaii.,11,10
EN_104_20__ES_104_20,en-es,train,Until you're 20?,¿Hasta que tienes 20 años?,3,5
EN_104_21__ES_104_21,en-es,train,"So most people start kinder like at 6, 7. Uh, I started at 5.","La mayoría de la gente comienza kinder como a las 6, 7 y yo a las 5.",14,17
EN_104_22__ES_104_22,en-es,dev,Uh-huh.,Ajá.,1,1
EN_104_23__ES_104_23,en-es,dev,Mm-hmm.,Mm-hmm.,1,1
EN_104_24__ES_104_24,en-es,train,"I will finish my career, the bachelor's, when I'm around 21, 22.","Terminaré mi carrera, la de soltero, cuando tenga alrededor de 21, 22.",12,12
EN_104_25__ES_104_25,en-es,dev,"And I was like, well, I don't know, I'll just, like, leave it, and I'll just work, and yeah.","Y yo estaba como, bueno, no sé, nomás lo voy a dejar, y voy a trabajar, y sí.",19,18
EN_104_26__ES_104_26,en-es,dev,"I worked in Jimmy John's. Uh-huh, yeah","Yo trabajaba en el de Jimmy John. Ajá, sí.",7,9
EN_104_27__ES_104_27,en-es,train,"Oh, the sandwiches, right?","Ah, los sándwiches, ¿verdad?",4,4
EN_104_28__ES_104_28,en-es,dev,"Well, yeah, I'll just return to school and I'll see what's up.","Bueno, sí, regresaré a la escuela y veré qué pasa.",12,10
EN_104_29__ES_104_29,en-es,train,"If I come back, it's either because I was uh... I was made to or I had the same experience.",Si vuelvo es porque me hicieron venir o porque tuve la misma experiencia.,20,13
EN_104_2__ES_104_2,en-es,train,Texas? Ah! I don't want Austin or Dallas or any big city 'cause of the traffic.,"¿Texas? Ah, no quiero Austin o Dallas o cualquier ciudad grande por el tráfico.",16,14
EN_104_30__ES_104_30,en-es,train,"Here in El Paso, we rarely see self-made millionaires.",Aquí en El Paso rara vez vemos millonarios hechos por nosotros mismos.,9,12
EN_104_3__ES_104_3,en-es,dev,Hmm.,Hmm.,1,1
EN_104_4__ES_104_4,en-es,train,"Yes, there is beautiful houses here in El Paso, like over there, what do you call it uh? Scenic Drive.","Sí, hay hermosas casas aquí en El Paso, por allá, ¿cómo se llama? Scenic Drive.",20,15
EN_104_5__ES_104_5,en-es,dev,"No, but if you won the lottery, you wouldn't be basic no?","No, pero si ganaras la lotería, ¿no serías básico no?",12,10
EN_104_6__ES_104_6,en-es,train,"Uh the other thing um, either I invest it or I w- spend it in cars.","La otra cosa, o lo invierto o lo gasto en carros.",16,11
EN_104_7__ES_104_7,en-es,dev,Yeah.,Sí.,1,1
EN_104_8__ES_104_8,en-es,dev,"Yeah, like, so that way I know how to make it so my money can make more money.","Sí, pues de esa manera sé cómo hacerlo para que mi dinero pueda hacer más dinero.",18,16
EN_104_9__ES_104_9,en-es,dev,"And after that, I would leave school.","Y después de eso, me iba de la escuela.",7,9
EN_001_10__ES_001_10,es-en,train,"En que época está... Pues si en que en que época sucede O sea después del imperio, durante el imperio","in what era it is, in what era it happens, in what era it is after the empire, during the empire.",20,21
EN_001_11__ES_001_11,es-en,test,Es durante el imperio.,It's during the empire.,4,4
EN_001_12__ES_001_12,es-en,train,"Oh, qué suave.","Oh, that's cool.",3,3
EN_001_13__ES_001_13,es-en,test,y de volada los reservamos el siguiente día y pude ir el eh el día después,and then we booked them the next day and I was able to go the day after.,16,17
EN_001_14__ES_001_14,es-en,train,"Muy bien, muy bien","All right, all right.",4,4
EN_001_16__ES_001_16,es-en,train,tus aventuras,your adventures.,2,2
EN_001_17__ES_001_17,es-en,test,Esa fue mi aventura de de Disney vato.,That was my Disney adventure.,8,5
EN_001_18__ES_001_18,es-en,train,pues yo fui a Chihuahua ah que hice,"Well, I went to Chihuahua, uh, what did I do?",8,10
EN_001_19__ES_001_19,es-en,train,Pues me la pasé viendo amigos realmente.,"Well, I spent it watching friends really.",7,7
EN_001_1__ES_001_1,es-en,train,¿Simón?,Yeah?,1,1
EN_001_20__ES_001_20,es-en,train,No tocamos por culpa del otro guitarrista.,We didn't play because of the other guitarist's fault.,7,9
EN_001_21__ES_001_21,es-en,test,"¿Cuánta distancia te aventaste en la en la bici, en la presa?",How much distance did you get on the bike or the dam?,12,12
EN_001_22__ES_001_22,es-en,train,No tan- no tanto porque fui con amigos que no le dan tan intenso.,Not so- not so much because I went with friends that don't give him that intense.,14,16
EN_001_23__ES_001_23,es-en,train,Un día fui yo solo.,One day I went alone.,5,5
EN_001_24__ES_001_24,es-en,train,"Pero hacía un chorro de viento, entonces nomás le di tres vueltas.","But it was like a stream of wind, so I just gave it three laps.",12,15
EN_001_25__ES_001_25,es-en,train,Que eso es como casi 20 kilómetros,That's like 20 kilometers.,7,4
EN_001_26__ES_001_26,es-en,train,"O sea, de que tienes que esperar así como que ugh...","So you have to wait like, ugh.",11,7
EN_001_27__ES_001_27,es-en,train,"Ah, pues bueno, pues ahí jugar con mis perritos, ver a mi mamá","Oh well, there I play with my dogs, see my mom.",13,11
EN_001_28__ES_001_28,es-en,train,Uno de mis perritos cumplió años.,One of my dogs turned old.,6,6
EN_001_29__ES_001_29,es-en,test,¿Y cómo está tu mamá?,And how's your mom?,5,4
EN_001_2__ES_001_2,es-en,test,¿Sí?,Yeah?,1,1
EN_001_30__ES_001_30,es-en,test,"Si se del nombre, pero no ubico donde esta","Yeah, I know about the name, but I don't know where it is.",9,13
EN_001_31__ES_001_31,es-en,train,"Está como si fueras a Cuauhtémoc, más o menos.","It's like you're going to Cuauhtémoc, more or less.",9,9
EN_001_33__ES_001_33,es-en,train,"Ay, ay, pero si tu de que... Te digo, vamos a hacer algo el viernes.","Oh, but if you're like, I'm telling you, let's do something on Friday.",15,13
EN_001_34__ES_001_34,es-en,train,Simón vato.,Simon vato.,2,2
EN_001_35__ES_001_35,es-en,train,"Y luego el mero viernes, no, vato es que no puedo porque...","And then on Friday, no, I can't, because...",12,8
EN_001_36__ES_001_36,es-en,test,"Dime, dime que día exacto.","Tell me, tell me what exact day.",5,7
EN_001_37__ES_001_37,es-en,test,Para ya comprar el boleto.,To buy the ticket.,5,4
EN_001_38__ES_001_38,es-en,test,Para eso estamos aquí en el laboratorio.,That's why we're here in the lab.,7,7
EN_001_39__ES_001_39,es-en,test,ayudamos entre nosotros,We helped each other.,3,4
EN_001_3__ES_001_3,es-en,test,fue el novio de Monse,It was monse's boyfriend.,5,4
EN_001_40__ES_001_40,es-en,train,Simón.,Simon.,1,1
EN_001_41__ES_001_41,es-en,train,De que si te sirve de algo hacer una tesis siendo undergrad,That if it's any use to make a thesis being undergrad.,12,11
EN_001_42__ES_001_42,es-en,test,¿De seguro para aplicar al Masters Program?,Sure to apply to the Masters Program?,7,7
EN_001_4__ES_001_4,es-en,train,¿Fue? ¿Ya no es?,Was it? Is it not anymore?,4,6
EN_001_5__ES_001_5,es-en,test,es entonce- es,So it's... it's,3,3
EN_001_6__ES_001_6,es-en,test,Primeramente yo estaba todo estresado.,"First of all, I was all stressed out.",5,8
EN_001_8__ES_001_8,es-en,test,porque yo no había hecho mi reservación.,because I didn't make my reservation.,7,6
EN_002_10__ES_002_10,es-en,train,Te ahorras.,You save money.,2,3
EN_002_11__ES_002_11,es-en,train,"me invitas al boliche, me invitas al cine.","You invite me bowling, you invite me to the movies.",8,10
EN_002_12__ES_002_12,es-en,train,Me invitas a hacer otras cosas y tú dices que no tienes tiempo.,You invite me to do other things and you say you don't have time.,13,14
EN_002_13__ES_002_13,es-en,train,al parque,to the park.,2,3
EN_002_14__ES_002_14,es-en,train,"Me encantan los deportes, ¿y a ti?","I love sports, and you?",7,5
EN_002_15__ES_002_15,es-en,train,¿Cuál es tu deporte favorito?,What's your favorite sport?,5,4
EN_002_16__ES_002_16,es-en,train,¿Para ver o para jugar?,To watch or to play?,5,5
EN_002_17__ES_002_17,es-en,train,los dos.,Both.,2,1
EN_002_18__ES_002_18,es-en,train,no es un deporte,It's not a sport.,4,4
EN_002_1__ES_002_1,es-en,train,Tengo que cerrar la puerta?,Do I have to close the door?,5,7
EN_002_20__ES_002_20,es-en,train,es una actividad,It's an activity.,3,3
EN_002_21__ES_002_21,es-en,train,los vaqueros de Dallas,the Dallas cowboys.,4,3
EN_002_22__ES_002_22,es-en,train,eww,eww.,1,1
EN_002_23__ES_002_23,es-en,train,Siento como que los juegos de fútbol americanos se ponen más intensos.,I feel like football games get more intense.,12,8
EN_002_24__ES_002_24,es-en,train,mhm,Mm-hmm.,1,1
EN_002_25__ES_002_25,es-en,train,Y cuál es tu...,And what's your...,4,3
EN_002_26__ES_002_26,es-en,train,Equipo favorito de béisbol.,favorite baseball team.,4,3
EN_002_27__ES_002_27,es-en,train,¿Cuál es tu comida favorita?,What's your favorite food?,5,4
EN_002_28__ES_002_28,es-en,train,cosas que a muchas personas,things that a lot of people,5,6
EN_002_29__ES_002_29,es-en,train,los incómoda,the uncomfortable ones.,2,3
EN_002_2__ES_002_2,es-en,train,No.,No.,1,1
EN_002_30__ES_002_30,es-en,train,Ajá.,Uh-huh.,1,1
EN_002_31__ES_002_31,es-en,train,Y yo ya estoy acostumbrado a hacerlo.,And I'm already used to doing it.,7,7
EN_002_32__ES_002_32,es-en,train,a distribuir,to distribute,2,2
EN_002_33__ES_002_33,es-en,train,"O sea, entero.","In other words, whole.",3,4
EN_002_34__ES_002_34,es-en,train,Lo estoy interpretando como yo quiero y como yo pienso.,I'm interpreting it how I want and how I think.,10,10
EN_002_35__ES_002_35,es-en,train,"Ah, ok, bueno pues, perdón","Oh, okay, well, I'm sorry.",5,5
EN_002_36__ES_002_36,es-en,train,si tuvieras que escoger una tienda de que tiene,if you had to pick a store that you have,9,10
EN_002_37__ES_002_37,es-en,train,yo no,I don't.,2,2
EN_002_38__ES_002_38,es-en,train,Yo casi no salgo de compras.,I don't really go shopping.,6,5
EN_002_39__ES_002_39,es-en,train,en cualquier parte del mundo.,in any part of the world.,5,6
EN_002_3__ES_002_3,es-en,train,Me manché los tenis.,I got the tennis.,4,4
EN_002_40__ES_002_40,es-en,train,¿Cuál ha sido tu tienda favorita?,What has been your favorite store?,6,6
EN_002_41__ES_002_41,es-en,train,"Tienen mucha ropa así de deporte, ropa más.","They have a lot of sports clothes, more clothes.",8,9
EN_002_42__ES_002_42,es-en,train,Pero es m- ropa muy cara y que puedes encontrar en otras partes.,But it's really expensive clothes that you can find in other places.,13,12
EN_002_43__ES_002_43,es-en,train,En Ross.,Ross.,2,1
EN_002_4__ES_002_4,es-en,train,¿Cuándo te cobro la otra vez?,When did I charge you the other time?,6,8
EN_002_5__ES_002_5,es-en,train,45 dólares.,45 dollars.,2,2
EN_002_6__ES_002_6,es-en,train,Y ahí lo puedes hacer a tu gusto.,And there you can do it to your liking.,8,9
EN_002_7__ES_002_7,es-en,train,"Sí, pero prefiero no tener que lavarlo yo.","Yeah, but I'd rather not have to wash it myself.",8,10
EN_002_8__ES_002_8,es-en,train,"Depende del tiempo que tengas, pero...","Depends on how much time you have, but...",6,8
EN_002_9__ES_002_9,es-en,train,"Pues si, pues no tengo tiempo.","Yeah, well, I don't have time.",6,6
EN_003_10__ES_003_10,es-en,train,Me faltaron estudiar dos...,I need to study two.,4,5
EN_003_11__ES_003_11,es-en,train,capítulos,chapters,1,1
EN_003_12__ES_003_12,es-en,train,Poner en orden.,Put in order.,3,3
EN_003_13__ES_003_13,es-en,train,las cosas de diferente o sea de diferente,things of different or different,8,5
EN_003_14__ES_003_14,es-en,train,ácidos y así cosas así,acids and stuff like that.,5,5
EN_003_15__ES_003_15,es-en,train,"Como nomas eran reacciones, eran como 20 preguntas enfrente.","Since it was just reactions, it was like 20 questions in front.",9,12
EN_003_16__ES_003_16,es-en,train,y cuatro atrás,and four in the back.,3,5
EN_003_17__ES_003_17,es-en,train,De hecho a la última le puse una carita.,Actually the last one I put a face on.,9,9
EN_003_18__ES_003_18,es-en,train,Triste.,Sad.,1,1
EN_003_19__ES_003_19,es-en,train,Triste.,Sad.,1,1
EN_003_1__ES_003_1,es-en,train,y no servía la pluma.,and it didn't serve the pen.,5,6
EN_003_20__ES_003_20,es-en,train,que no me la supe.,that I didn't know.,5,4
EN_003_21__ES_003_21,es-en,train,me sorprendi mucho,I was really surprised.,3,4
EN_003_22__ES_003_22,es-en,train,Estaba el pedazote de llanta en el freeway y anda-.,There was the piece of tire on the freeway and he was like...,10,13
EN_003_23__ES_003_23,es-en,train,Lo hubieras recogido.,You would have picked it up.,3,6
EN_003_24__ES_003_24,es-en,train,"Ay, sí, ¿me paro?","Oh yeah, do I stop?",4,5
EN_003_25__ES_003_25,es-en,train,¿Por qué?,Why?,2,1
EN_003_26__ES_003_26,es-en,train,No pasa nada.,It's okay.,3,2
EN_003_27__ES_003_27,es-en,train,¿Nunca te has parado en el lado?,You've never stopped on the side?,7,6
EN_003_28__ES_003_28,es-en,train,Yo sola no.,I'm not alone.,3,3
EN_003_29__ES_003_29,es-en,train,¿Tu mama te trajo a Amy?,Did your mom bring you Amy?,6,6
EN_003_2__ES_003_2,es-en,train,"Me dijo, no tengo nada.","He told me, I don't have anything.",5,7
EN_003_30__ES_003_30,es-en,train,S- Sí.,Yeah.,2,1
EN_003_31__ES_003_31,es-en,train,Y le daría mi tableta.,And I would give him my tablet.,5,7
EN_003_32__ES_003_32,es-en,train,para que dibuje,for him to draw.,3,4
EN_003_33__ES_003_33,es-en,train,Le diría que no haga ningún ruido.,I'd tell her not to make any noise.,7,8
EN_003_34__ES_003_34,es-en,train,Porque si no me iban a poner un 0 en el examen.,Because if I wasn't gonna get a zero on the exam.,12,11
EN_003_35__ES_003_35,es-en,train,"Y luego pensé, dije...","And then I thought, I said...",4,6
EN_003_36__ES_003_36,es-en,train,Algo le va a pasar a la tableta y me va a decir...,Something's gonna happen to the tablet and he's gonna tell me.,13,11
EN_003_37__ES_003_37,es-en,train,"Hector, ¡Ayúdame con esto!","Hector, help me with this.",4,5
EN_003_38__ES_003_38,es-en,train,Así me siento yo también.,"That's how I feel, too.",5,5
EN_003_39__ES_003_39,es-en,train,No sé qué está pasando en microbiología.,I don't know what's happening in microbiology.,7,7
EN_003_3__ES_003_3,es-en,train,Y le pregunté.,And I asked him.,3,4
EN_003_4__ES_003_4,es-en,train,Puede ir a otra clase o puede ir a...,He can go to another class or he can go to...,9,11
EN_003_5__ES_003_5,es-en,train,o a una oficina o algo para ver si alguien trae una pluma,to an office or something to see if anyone has a pen.,13,12
EN_003_6__ES_003_6,es-en,train,Porque no quería...,Because I didn't want to...,3,5
EN_003_7__ES_003_7,es-en,train,molestarlos,bother them.,1,2
EN_003_8__ES_003_8,es-en,train,molestar a los que ya estaban haciendo el examen,bother the people that were already doing the exam.,9,9
EN_003_9__ES_003_9,es-en,train,"o sea yo tengo una pluma extra, toma","So I have an extra pen, here.",8,7
EN_004_10__ES_004_10,es-en,train,Eh me estaba ayudando a en- elegir lo que me gustaba,He was helping me choose what I liked.,11,8
EN_004_11__ES_004_11,es-en,train,"Me dijo, ¿por qué no te pongo en Computer Science?","He told me, why don't I put you in computer science?",10,11
EN_004_12__ES_004_12,es-en,train,A mí siempre me gustó mucho lo de los videojuegos y dije...,I always liked video games a lot and I said...,12,10
EN_004_13__ES_004_13,es-en,train,"Ah, ok, muy bien.","Oh, okay, that's good.",4,4
EN_004_14__ES_004_14,es-en,train,Ehm.,Uh-huh.,1,1
EN_004_15__ES_004_15,es-en,train,Qué interesante.,That's interesting.,2,2
EN_004_16__ES_004_16,es-en,train,¿O no fue por eso?,Or wasn't it because of that?,5,6
EN_004_17__ES_004_17,es-en,train,"No, no fue por eso.","No, it wasn't because of that.",5,6
EN_004_18__ES_004_18,es-en,train,¿Cómo te vas a meter a computación? No sabes matemá- No eres buena en matemática estás,How are you going to get into computer science? You don't know math. You're not good at mathematics.,16,18
EN_004_19__ES_004_19,es-en,train,sí eso es lo que,"Yeah, that's what.",5,3
EN_004_1__ES_004_1,es-en,train,Biólogo.,Biologist.,1,1
EN_004_20__ES_004_20,es-en,train,Lo que me impresiona,What I'm impressed with,4,4
EN_004_21__ES_004_21,es-en,train,ocasionalmente Matrixes y todo eso ¿no?,"occasionally matrixes and all that, right?",6,6
EN_004_22__ES_004_22,es-en,train,"Sí, sí, sí.","Yeah, yeah, yeah.",3,3
EN_004_23__ES_004_23,es-en,train,¿Dijiste geólogo?,Did you say geologist?,2,4
EN_004_24__ES_004_24,es-en,train,"Geólogo, si.","geologist, yeah.",2,2
EN_004_25__ES_004_25,es-en,train,¿Qué es eso?,What's that?,3,2
EN_004_26__ES_004_26,es-en,train,¿Y no te gustó?,And you didn't like it?,4,5
EN_004_27__ES_004_27,es-en,train,Mmm... no.,Mm-hmm. No.,2,2
EN_004_28__ES_004_28,es-en,train,No era lo que yo esperaba.,It wasn't what I expected.,6,5
EN_004_29__ES_004_29,es-en,train,"Me aburrió, honestamente.","It bored me, honestly.",3,4
EN_004_2__ES_004_2,es-en,train,Y luego de biólogo me pasé a químico.,And then I went from biologist to chemist.,8,8
EN_004_30__ES_004_30,es-en,train,"¿Te aburriste? Ah, wow.","Did you get bored? Oh, wow.",4,6
EN_004_31__ES_004_31,es-en,train,así que voy a hacer algo más así como que de...,So I'm gonna do something more like...,11,7
EN_004_32__ES_004_32,es-en,train,ir a explorar,go explore.,3,2
EN_004_33__ES_004_33,es-en,train,"Ajá, o de encontrar zonas como...","Uh-huh, or finding areas like...",6,5
EN_004_34__ES_004_34,es-en,train,¿Y vienes de... de Juárez?,And you came from Juarez?,5,5
EN_004_35__ES_004_35,es-en,train,Nací aquí en El Paso.,I was born here in El Paso.,5,7
EN_004_36__ES_004_36,es-en,train,porque mi hermana y yo somos nueve años de diferencia.,because my sister and I are nine years apart.,10,9
EN_004_37__ES_004_37,es-en,train,¿Dos?,Two?,1,1
EN_004_38__ES_004_38,es-en,train,Nueve,Nine.,1,1
EN_004_39__ES_004_39,es-en,train,Aquí a Juárez.,Here to Juarez.,3,3
EN_004_3__ES_004_3,es-en,train,¡Oh!,Oh!,1,1
EN_004_40__ES_004_40,es-en,train,a Juárez y estaba estudiando aquí en El Paso,to Juarez and I was studying here in El Paso.,9,10
EN_004_41__ES_004_41,es-en,train,[unk] todos los días tienen que cruzar caminando,[unk] Every day they have to cross walking.,8,8
EN_004_42__ES_004_42,es-en,train,¿En serio? ¿Caminando? ¡Wow!,Really? Walking? Wow.,4,3
EN_004_43__ES_004_43,es-en,train,"¿Y en los días de frío, como le hacías?","And in the cold days, how did you do it?",9,10
EN_004_44__ES_004_44,es-en,train,Tratar de alcanzar a los demás antes de que te ganen,try to catch up with the others before they beat you.,11,11
EN_004_45__ES_004_45,es-en,train,"No, si.","No, yeah.",2,2
EN_004_46__ES_004_46,es-en,train,Y tu familia sigue allá en Juárez y...,And your family is still over there in Juarez and...,8,10
EN_004_47__ES_004_47,es-en,train,Sí.,Yeah.,1,1
EN_004_48__ES_004_48,es-en,train,Yo llevo como 53 horas...,I've been like 53 hours.,5,5
EN_004_4__ES_004_4,es-en,train,de química me pasé a geólogo --------------,I went to geologist.,7,4
EN_004_5__ES_004_5,es-en,train,"Y estaba saltando de lugar en lugar porque no me gustaba nada lo que estaba haciendo, ¿verdad?","And I was jumping from place to place because I didn't like anything that I was doing, right?",17,18
EN_004_6__ES_004_6,es-en,train,"Sí, sí, sí.","Yeah, yeah, yeah.",3,3
EN_004_7__ES_004_7,es-en,train,Entonces...,So...,1,1
EN_004_8__ES_004_8,es-en,train,suele pasar.,It happens.,2,2
EN_004_9__ES_004_9,es-en,train,Sí.,Yeah.,1,1
EN_005_10__ES_005_10,es-en,train,"Porque son conexiones, puedes este","Because it's connections, you can do this.",5,7
EN_005_11__ES_005_11,es-en,train,Son otras oportunidades en el- en el futuro.,There are other opportunities in the future.,8,7
EN_005_12__ES_005_12,es-en,train,y pueda- pude conocer a nuevos profesores.,and I could meet new professors.,7,6
EN_005_13__ES_005_13,es-en,train,"Sí pues esa, esa conexión entre estudiante y profesor.","Yeah, well, that connection between student and professor.",9,8
EN_005_14__ES_005_14,es-en,train,Yo digo que es importante.,I say it's important.,5,4
EN_005_15__ES_005_15,es-en,train,Muy importante.,Very important.,2,2
EN_005_16__ES_005_16,es-en,train,Pues sí.,"Well, yeah.",2,2
EN_005_17__ES_005_17,es-en,train,Tienen que ser...,They have to be...,3,4
EN_005_18__ES_005_18,es-en,train,Si es importante saber cosas.,If it's important to know things.,5,6
EN_005_19__ES_005_19,es-en,train,Es más importante saber.,It's more important to know.,4,5
EN_005_1__ES_005_1,es-en,train,Ahh platica de lo que tú quieras.,Talk about whatever you want.,7,5
EN_005_20__ES_005_20,es-en,train,O conocer a personas.,Or meet people.,4,3
EN_005_21__ES_005_21,es-en,train,"Si, si.","Yeah, yeah.",2,2
EN_005_22__ES_005_22,es-en,train,y luego fuimos a Arizona,and then we went to Arizona.,5,6
EN_005_23__ES_005_23,es-en,train,"Ah, no te creas, perdón.","Oh, don't believe it, sorry.",5,5
EN_005_24__ES_005_24,es-en,train,Estabamos en el lado este.,We were on the east side.,5,6
EN_005_25__ES_005_25,es-en,train,Venimos al oeste.,We came to the west.,3,5
EN_005_26__ES_005_26,es-en,train,Ahora lo voy a hacer otra vez,Now I'm gonna do it again.,7,6
EN_005_27__ES_005_27,es-en,train,"Sí, fue mucho.","Yeah, it was a lot.",3,5
EN_005_28__ES_005_28,es-en,train,"O sea, nada más hablo yo, ¿no te puedo preguntar cosas de ti?","I mean, I'm just talking. Can't I ask you things?",13,10
EN_005_29__ES_005_29,es-en,train,"No, sí, pregúntame, dime lo que tú quieras.","No, yeah, ask me, tell me whatever you want.",8,9
EN_005_2__ES_005_2,es-en,train,"Bueno, soy de Juárez.","Well, I'm from Juarez.",4,4
EN_005_30__ES_005_30,es-en,train,Tengo un hermano mayor.,I have an older brother.,4,5
EN_005_31__ES_005_31,es-en,train,Ajá.,Uh-huh.,1,1
EN_005_32__ES_005_32,es-en,train,Y yo soy la de en medio.,And I'm the middle one.,7,5
EN_005_33__ES_005_33,es-en,train,Cuan- ¿Cuantos años tienes tu?,How old are you?,5,4
EN_005_34__ES_005_34,es-en,train,Tengo 19.,I'm 19.,2,2
EN_005_35__ES_005_35,es-en,train,Está más fácil.,It's easier.,3,2
EN_005_36__ES_005_36,es-en,train,No tienes que preocuparte de renta.,You don't have to worry about rent.,6,7
EN_005_37__ES_005_37,es-en,train,¿Y por qué no sacar este un préstamo?,And why not take out a loan?,8,7
EN_005_38__ES_005_38,es-en,train,Nunca quise.,I never wanted to.,2,4
EN_005_3__ES_005_3,es-en,train,"No, pero ¿sabes qué? Lo que te voy a decir es...","No, but you know what? What I'm gonna tell you is...",11,11
EN_005_4__ES_005_4,es-en,train,cuando,when,1,1
EN_005_5__ES_005_5,es-en,train,"Cuando empezó la pandemia, era cuando empezaban mis cursos de quinesiología.","When the pandemic started, it was when I started my kinesiology courses.",11,12
EN_005_6__ES_005_6,es-en,train,Me iba a tocar a conocer a muchos profesores.,I was gonna get to meet a lot of professors.,9,10
EN_005_7__ES_005_7,es-en,train,"Pero como todo fue vi- virtual, pues no me tocó.","But since everything was virtual, it didn't touch me.",10,9
EN_005_8__ES_005_8,es-en,train,Pues creo que es muy importante.,"Well, I think it's really important.",6,6
EN_005_9__ES_005_9,es-en,train,conocer a los profesores.,meet the professors.,4,3
EN_006_10__ES_006_10,es-en,test,Sí.,Yeah.,1,1
EN_006_11__ES_006_11,es-en,train,Ah Ok.,"Oh, okay.",2,2
EN_006_12__ES_006_12,es-en,test,Las mamás embarazadas intentan...,Pregnant moms try to...,4,4
EN_006_13__ES_006_13,es-en,test,tener a sus bebés aquí,to have their babies here.,5,5
EN_006_14__ES_006_14,es-en,train,"Sí, no es muy común.","Yeah, it's not very common.",5,5
EN_006_15__ES_006_15,es-en,test,Sí.,Yeah.,1,1
EN_006_16__ES_006_16,es-en,test,Mi mi abuelo y mi abuela...,My grandpa and my grandma.,6,5
EN_006_17__ES_006_17,es-en,test,Estaban viviendo aquí.,They were living here.,3,4
EN_006_18__ES_006_18,es-en,test,estaban tratando de arreglar su residencia.,They were trying to fix his residency.,6,7
EN_006_19__ES_006_19,es-en,test,y estuvo raro porque también me dijo que,and it was weird because he also told me that,8,10
EN_006_1__ES_006_1,es-en,train,¿Quieres empezar en inglés o en español?,Do you want to start in English or Spanish?,7,9
EN_006_20__ES_006_20,es-en,test,tienía que haber nacido hace dos semanas,I had to be born two weeks ago.,7,8
EN_006_21__ES_006_21,es-en,test,una licenciatura en psicología,a bachelor's degree in psychology.,4,5
EN_006_22__ES_006_22,es-en,test,y ahorita estoy trabajando para mi licencia en consejería,and right now I'm working for my license in counseling.,9,10
EN_006_23__ES_006_23,es-en,train,¿Y quieres trabajar con niños?,And you want to work with kids?,5,7
EN_006_24__ES_006_24,es-en,test,Quiero trabajar con la población presa.,I want to work with the people in prison.,6,9
EN_006_25__ES_006_25,es-en,test,De hecho trabajé en la...,I actually worked in the...,5,5
EN_006_26__ES_006_26,es-en,test,la prisión del centro,the prison of the center,4,5
EN_006_27__ES_006_27,es-en,test,Trabaje allá.,I worked there.,2,3
EN_006_28__ES_006_28,es-en,test,Fue...,It was...,1,2
EN_006_29__ES_006_29,es-en,test,interesante,interesting.,1,1
EN_006_2__ES_006_2,es-en,test,lo que tú quieras,whatever you want.,4,3
EN_006_30__ES_006_30,es-en,test,Porque estaba haciendo el turno nocturno,Because I was doing the night shift.,6,7
EN_006_31__ES_006_31,es-en,train,Oh wow.,Oh wow.,2,2
EN_006_32__ES_006_32,es-en,test,estaba ahí de 7 de la noche a 7 de la mañana,It was there from 7 from night to 7 in the morning.,12,12
EN_006_33__ES_006_33,es-en,test,Renuncié a aquel lugar.,I quit that place.,4,4
EN_006_34__ES_006_34,es-en,test,e- en febrero,in February.,3,2
EN_006_35__ES_006_35,es-en,train,Oh wow.,Oh wow.,2,2
EN_006_36__ES_006_36,es-en,test,"esa fue la primer, la primer experiencia que dije ok, así va a estar la cosa","That was the first, the first experience that I said okay, so it's gonna be the thing.",16,17
EN_006_37__ES_006_37,es-en,train,Así va a ser.,That's how it's gonna be.,4,5
EN_006_38__ES_006_38,es-en,test,Me acuerdo que me salí de la selda.,I remember that I got out of the selda.,8,9
EN_006_39__ES_006_39,es-en,test,Llegó la enfermera y sentía mis piernas temblando un poquito.,The nurse came and I felt my legs shaking a little bit.,10,12
EN_006_3__ES_006_3,es-en,train,¿Se te hace más fácil traducir de inglés a español o español a inglés?,Do you find it easier to translate from English to Spanish or Spanish to English?,14,15
EN_006_40__ES_006_40,es-en,test,"Sí, sí.","Yeah, yeah.",2,2
EN_006_41__ES_006_41,es-en,test,Eh fue la primera vez que tuve una experiencia así y la primera vez que vi algo así,It was the first time I had an experience like that and the first time I saw something like that.,18,20
EN_006_42__ES_006_42,es-en,test,"Que, digo, funcionó a mi favor para agarrar experiencia","That, I mean, it worked in my favor to gain experience.",9,11
EN_006_43__ES_006_43,es-en,train,"Pero, te molesta si te pregunto qué, ¿Por qué?","But you don't mind if I ask you what, why?",9,10
EN_006_44__ES_006_44,es-en,train,"Este, pPor qué elegiste esa carrera?",Why did you pick that career?,6,6
EN_006_4__ES_006_4,es-en,test,"Nunca había pensado en eso, no sé.","I've never thought about that, I don't know.",7,8
EN_006_5__ES_006_5,es-en,test,Soy de,I'm from,2,2
EN_006_6__ES_006_6,es-en,test,Ciudad Juárez,Ciudad Juarez,2,2
EN_006_7__ES_006_7,es-en,test,Nací en el paso...,I was born in the pass.,4,6
EN_006_8__ES_006_8,es-en,test,pero me criaron en Juárez.,but they raised me in Juarez.,5,6
EN_006_9__ES_006_9,es-en,train,¿Me oyes bien?,Do you hear me okay?,3,5
EN_007_10__ES_007_10,es-en,train,Pero era como de un oso polar el boliche.,But it was like a polar bear bowling.,9,8
EN_007_11__ES_007_11,es-en,train,"No, suena inútil.","No, it sounds useless.",3,4
EN_007_12__ES_007_12,es-en,train,Es la que posee mi familia.,It's the one that my family owns.,6,7
EN_007_13__ES_007_13,es-en,train,"Poseía, ¿no?","owned, right?",2,2
EN_007_14__ES_007_14,es-en,train,Posee.,owns.,1,1
EN_007_15__ES_007_15,es-en,train,Tenía que hacer algunas cosas como...,I had to do some stuff like...,6,7
EN_007_16__ES_007_16,es-en,train,procesar pagos y eso,process payments and stuff.,4,4
EN_007_17__ES_007_17,es-en,train,Me sentaba en otra computadora.,I used to sit on another computer.,5,7
EN_007_18__ES_007_18,es-en,train,en el otro escritorio,in the other desk.,4,4
EN_007_19__ES_007_19,es-en,train,y jugar videojuegos,and play video games.,3,4
EN_007_1__ES_007_1,es-en,train,¿Vamos a ir a comer pasta?,Are we going to go eat pasta?,6,7
EN_007_20__ES_007_20,es-en,train,antes era muy bueno,It used to be really good.,4,6
EN_007_2__ES_007_2,es-en,train,Casi no quiero pasta ahorita.,I don't want pasta right now.,5,6
EN_007_3__ES_007_3,es-en,train,¿No?,No?,1,1
EN_007_4__ES_007_4,es-en,train,así cuando enredas el cargador,So when you entangle the charger,5,6
EN_007_5__ES_007_5,es-en,train,deja de servir,It stops serving.,3,3
EN_007_6__ES_007_6,es-en,train,Okay.,Okay.,1,1
EN_007_8__ES_007_8,es-en,train,Marie Claire ni existía antes.,Marie Claire didn't even exist before.,5,6
EN_007_9__ES_007_9,es-en,train,Sí existía.,It did exist.,2,3
EN_008_10__ES_008_10,es-en,dev,No es que esas sí están hechas a mano y luego...,It's not that those are hand made and then...,11,9
EN_008_11__ES_008_11,es-en,dev,"Así están en Houston, así saben.","That's how they're in Houston, you know.",6,7
EN_008_12__ES_008_12,es-en,dev,Aquí también.,"Here, too.",2,2
EN_008_13__ES_008_13,es-en,dev,No.,No.,1,1
EN_008_14__ES_008_14,es-en,dev,Tienes que saber dónde comprarlas.,You have to know where to buy them.,5,8
EN_008_15__ES_008_15,es-en,dev,Ya el jueves.,already on thursday.,3,3
EN_008_16__ES_008_16,es-en,dev,¿El jueves?,Thursday?,2,1
EN_008_17__ES_008_17,es-en,dev,El jueves me lo dan. El jueves a las 3 de la tarde.,Thursday they give it to me. Thursday at 3 p.m.,13,10
EN_008_18__ES_008_18,es-en,dev,¿Van a venir- venir tus papás para...?,Are your parents coming over to...,7,6
EN_008_19__ES_008_19,es-en,dev,Va a venir mi papá.,My dad's coming.,5,3
EN_008_1__ES_008_1,es-en,dev,Si almorcé un poquito.,"Yeah, I had a little lunch.",4,6
EN_008_20__ES_008_20,es-en,dev,Nada más tu papá.,Just your dad.,4,3
EN_008_21__ES_008_21,es-en,dev,Si es que mi mamá está trabajando,"Yeah, my mom's working.",7,4
EN_008_22__ES_008_22,es-en,dev,Es que est- ahorita están en vacaciones de Semana Santa,It's because they're on Easter vacation right now.,10,8
EN_008_23__ES_008_23,es-en,dev,¿Está en la primaria?,Is he in elementary school?,4,5
EN_008_24__ES_008_24,es-en,dev,"Roberto está- sí, ya en... ¿qué es? ¿segundo?",Roberto is already in what is he second?,8,8
EN_008_25__ES_008_25,es-en,dev,Compre una licuadora.,I bought a blender.,3,4
EN_008_26__ES_008_26,es-en,dev,Parece que estamos en un podcast.,It looks like we're in a podcast.,6,7
EN_008_27__ES_008_27,es-en,dev,"Pues que me lo iban a dar, ya ves que me lo iban a dar el sábado.","Well, they were going to give it to me, you see, they were going to give it to me on Saturday.",17,21
EN_008_28__ES_008_28,es-en,dev,"O sea, te lo van a dar","I mean, they're gonna give it to you.",7,8
EN_008_29__ES_008_29,es-en,dev,te lo van a quitar de la renta.,They're gonna take it off your rent.,8,7
EN_008_30__ES_008_30,es-en,dev,si o sea me lo van a quitar de la renta,"Yeah, they're gonna take it out of my rent.",11,9
EN_008_31__ES_008_31,es-en,dev,"O sea, el siguiente mes me van a quitar 150","So the next month, they're gonna take me out of 150.",10,11
EN_008_32__ES_008_32,es-en,dev,y no tengo que pagar este mes,And I don't have to pay this month.,7,8
EN_008_33__ES_008_33,es-en,dev,"Es que no sé, o sea...","I don't know, I mean...",6,5
EN_008_34__ES_008_34,es-en,dev,Ya cuando sea verano.,Even when it's summer.,4,4
EN_008_35__ES_008_35,es-en,dev,"Pues voy a seguir trabajando, ¿sabes?","Well, I'm gonna keep working, you know?",6,7
EN_008_36__ES_008_36,es-en,dev,"Oye, ¿Sí te vas a ir todo el verano allá?","Hey, are you going to go all summer there?",10,9
EN_008_37__ES_008_37,es-en,dev,"pues tal vez sin tanta ayuda, no sé cómo decirlo","Well, maybe without that much help, I don't know how to say it.",10,13
EN_008_38__ES_008_38,es-en,dev,Sí.,Yeah.,1,1
EN_008_3__ES_008_3,es-en,dev,"O sea, mi abuelita me hizo un burrito y no me lo terminé.",So my grandma made me a burrito and I didn't finish it.,13,12
EN_008_41__ES_008_41,es-en,dev,"O sea, yo fui y me dijeron que me esperara porque...","I mean, I went and they told me to wait for me because...",11,13
EN_008_42__ES_008_42,es-en,dev,"O sea, no tienes que hacer nada de papeleo.",So you don't have to do any paperwork.,9,8
EN_008_43__ES_008_43,es-en,dev,Porque ellos ya tienen tu...,Because they already have your...,5,5
EN_008_44__ES_008_44,es-en,dev,O sea toda tu información.,That's all your information.,5,4
EN_008_45__ES_008_45,es-en,dev,"Conozco unos que les dieron como 6 mil, o sea...","I know some that they gave them, like, six thousand.",10,10
EN_008_46__ES_008_46,es-en,dev,Pero si tengo que hacerlo ya,But I have to do it now.,6,7
EN_008_47__ES_008_47,es-en,dev,¿No puedes distinguirlos?,Can't you tell them apart?,3,5
EN_008_48__ES_008_48,es-en,dev,¿Tu sí?,Do you?,2,2
EN_008_49__ES_008_49,es-en,dev,Yo sí.,I do.,2,2
EN_008_4__ES_008_4,es-en,dev,"Les encantan los burritos en tu familia, ¿no?","They love burritos in your family, don't they?",8,8
EN_008_50__ES_008_50,es-en,dev,"Oye, ¿vas a comprar cafetera?","Hey, are you gonna buy a coffee machine?",5,8
EN_008_51__ES_008_51,es-en,dev,No tomo café.,I don't drink coffee.,3,4
EN_008_52__ES_008_52,es-en,dev,Así es cierto,That's true.,3,2
EN_008_53__ES_008_53,es-en,dev,"Bueno, pues es que a mí no me gusta el café caliente tanto.","Well, I don't like hot coffee that much.",13,8
EN_008_54__ES_008_54,es-en,dev,"Pero esos los venden en la tienda, ¿no?","But they sell them in the store, right?",8,8
EN_008_55__ES_008_55,es-en,dev,yo creo,I think.,2,2
EN_008_56__ES_008_56,es-en,dev,Como que en las bodegas y todo eso,Like in the cellars and all that.,8,7
EN_008_57__ES_008_57,es-en,dev,Entonces nunca la vi en sí.,So I never saw her.,6,5
EN_008_5__ES_008_5,es-en,dev,Sí.,Yeah.,1,1
EN_008_6__ES_008_6,es-en,dev,Es que yo tengo malas experiencias en general con tortillas acá.,It's because I have bad experiences in general with tortillas here.,11,11
EN_008_7__ES_008_7,es-en,dev,con tortillas por-,with omelettes for...,3,3
EN_008_8__ES_008_8,es-en,dev,¿Aquí en El Paso?,Here in El Paso?,4,4
EN_008_9__ES_008_9,es-en,dev,¿Por qué?,Why?,2,1
EN_009_10__ES_009_10,es-en,train,Como una cabina de un amigo,Like a friend's cabin.,6,4
EN_009_11__ES_009_11,es-en,train,Era la cabina del abuelo de mi...,It was my grandfather's cabin.,7,5
EN_009_12__ES_009_12,es-en,train,uhh amiga.,"Uh, friend.",2,2
EN_009_13__ES_009_13,es-en,train,"¿Oh, en serio?","Oh, really?",3,2
EN_009_14__ES_009_14,es-en,train,Padre.,Father.,1,1
EN_009_15__ES_009_15,es-en,train,¿Te divertiste?,Did you have fun?,2,4
EN_009_16__ES_009_16,es-en,train,Sí.,Yeah.,1,1
EN_009_19__ES_009_19,es-en,train,¿Cómo es la vista de ahí? ¿Está bonita?,How's the view from there? Is it pretty?,8,8
EN_009_1__ES_009_1,es-en,train,Como hablándome de tus vacaciones de diciembre.,Like talking to me about your December vacation.,7,8
EN_009_20__ES_009_20,es-en,train,Como si fueras ruidoso.,Like you're noisy.,4,3
EN_009_21__ES_009_21,es-en,train,Me imagino algo así.,I imagine something like that.,4,5
EN_009_22__ES_009_22,es-en,train,"O bueno, la cabina está un poco...","Well, the cabin is a little...",7,6
EN_009_25__ES_009_25,es-en,train,porque hay muchos edificios en el camino,because there's a lot of buildings on the way.,7,9
EN_009_26__ES_009_26,es-en,train,Padre.,Father.,1,1
EN_009_27__ES_009_27,es-en,train,"Sí, diferente que aquí en Texas.","Yeah, different than here in Texas.",6,6
EN_009_28__ES_009_28,es-en,train,porque aquí en Texas todo es como...,"because here in Texas, everything is like...",7,7
EN_009_29__ES_009_29,es-en,train,Uh medio gris.,"Uh, kind of gray.",3,4
EN_009_2__ES_009_2,es-en,train,Claro.,Sure.,1,1
EN_009_30__ES_009_30,es-en,train,Así pues...,"So, uh...",2,2
EN_009_31__ES_009_31,es-en,train,Parece que está caliente.,It looks like it's hot.,4,5
EN_009_32__ES_009_32,es-en,train,Uh no.,"Uh, no.",2,2
EN_009_33__ES_009_33,es-en,train,¿No tanto?,Not that much?,2,3
EN_009_34__ES_009_34,es-en,train,"No, n- no que recuerde.","No, not that I remember.",5,5
EN_009_35__ES_009_35,es-en,train,como las casas verda-,Like the houses are green.,4,5
EN_009_36__ES_009_36,es-en,train,Sí.,Yeah.,1,1
EN_009_37__ES_009_37,es-en,train,¡Qué gracioso!,That's funny.,2,2
EN_009_38__ES_009_38,es-en,train,porque querían algo como más uh... más local,because they wanted something more uh... more local.,8,8
EN_009_39__ES_009_39,es-en,train,Fui a ver mi artista favorita del momento.,I went to see my favorite artist of the moment.,8,10
EN_009_3__ES_009_3,es-en,train,Uhm fui a La Paz.,I went to La Paz.,5,5
EN_009_40__ES_009_40,es-en,train,Es como música electrónica pero con letras.,It's like electronic music with lyrics.,7,6
EN_009_41__ES_009_41,es-en,train,Lo que me gusta más de los conciertos es que...,What I like most about concerts is that...,10,8
EN_009_42__ES_009_42,es-en,train,Gente que tiene como los mismos intereses que tú.,People that have like the same interests as you.,9,9
EN_009_43__ES_009_43,es-en,train,fui a restaurantes en La Paz,I went to restaurants in La Paz.,6,7
EN_009_44__ES_009_44,es-en,train,"Pero si uhm, ¿pero si estas buscando por mariscos?","But yeah, but if you're looking for seafood?",9,8
EN_009_45__ES_009_45,es-en,train,Pues es fácil. Porque...,"Well, it's easy, because...",4,4
EN_009_46__ES_009_46,es-en,train,"No hay tantos lugares para tacos, pero...","There's not that many tacos places, but...",7,7
EN_009_47__ES_009_47,es-en,train,"Guau, qué loco.","Wow, that's crazy.",3,3
EN_009_48__ES_009_48,es-en,train,¡Qué raro!,That's weird.,2,2
EN_009_49__ES_009_49,es-en,train,¿Cuál es tu postre favorito?,What's your favorite dessert?,5,4
EN_009_4__ES_009_4,es-en,train,Yo solía vivir en La Paz.,I used to live in La Paz.,6,7
EN_009_50__ES_009_50,es-en,train,"No lo sé, probablemente algo con chocolate oscuro.","I don't know, probably something with dark chocolate.",8,8
EN_009_51__ES_009_51,es-en,train,¿Y tu postre? ¿Tu postre favorito?,And your dessert? Your favorite dessert?,6,6
EN_009_52__ES_009_52,es-en,train,Mi lugar favorito [unk] de México ha s- ha sido...,My favorite place in Mexico has been...,10,7
EN_009_53__ES_009_53,es-en,train,"Está tan buena, en serio.","It's so good, really.",5,4
EN_009_54__ES_009_54,es-en,train,Usualmente de fresa.,Usually strawberry.,3,2
EN_009_55__ES_009_55,es-en,train,¿Fresa?,Strawberry?,1,1
EN_009_5__ES_009_5,es-en,train,Regresé ahí para ver a unos amigos.,I went back there to see some friends.,7,8
EN_009_6__ES_009_6,es-en,train,Fuimos y salimos,We went out and we went out.,3,7
EN_009_7__ES_009_7,es-en,train,Fui a una cabina.,I went to a cabin.,4,5
EN_009_8__ES_009_8,es-en,train,y hicimos como un tipo fiesta,and we had like a party.,6,6
EN_009_9__ES_009_9,es-en,train,¿Ah rentaste la cabina o era como...?,Did you rent the cabin or was it like...,7,9
EN_010_10__ES_010_10,es-en,train,"y luego dos, tres meses","and then two, three months.",5,5
EN_010_11__ES_010_11,es-en,train,Hice para allá,I made over there.,3,4
EN_010_12__ES_010_12,es-en,train,Me hizo entender todas las buenas cosas que yo tenía aquí,It made me understand all the good things that I had here.,11,12
EN_010_13__ES_010_13,es-en,train,Sí.,Yeah.,1,1
EN_010_14__ES_010_14,es-en,train,"Mi abuela tenía una casa, mi abuelito se murió.","My grandma had a house, my grandpa died.",9,8
EN_010_15__ES_010_15,es-en,train,"Ay, perdón.","Oh, sorry.",2,2
EN_010_16__ES_010_16,es-en,train,el techo como ves aquí,"the ceiling, like you see here.",5,6
EN_010_17__ES_010_17,es-en,train,no tenía la cubridura,I didn't have the cover.,4,5
EN_010_18__ES_010_18,es-en,train,Me recuerdo ban- bañarme en una... en un barril.,I remember bathing in a... in a barrel.,9,8
EN_010_19__ES_010_19,es-en,train,¡Andale! Okay,"Oh, oh, oh, oh, oh, oh, oh, oh, oh, oh, oh, oh, oh, oh, oh, oh, oh, oh, oh, oh, oh, oh, oh, oh.",2,24
EN_010_1__ES_010_1,es-en,train,Vamos a hablar por 10 minutos y luego...,Let's talk for 10 minutes and then...,8,7
EN_010_20__ES_010_20,es-en,train,Fíjate que casi no pasé mucho tiempo allá.,"Look, I didn't spend much time there.",8,7
EN_010_21__ES_010_21,es-en,train,Eso se entiende.,That's understandable.,3,2
EN_010_22__ES_010_22,es-en,train,empecé a conseguir un acento,I started to get an accent.,5,6
EN_010_23__ES_010_23,es-en,train,en mi esp- en mi español,in my esp- in my Spanish,6,6
EN_010_24__ES_010_24,es-en,train,aunque sea mi primer lenguaje.,even if it's my first language.,5,6
EN_010_25__ES_010_25,es-en,train,"Se nota, se nota. ¿Qué que iba a decir?","I can tell, I can tell. What was I gonna say?",9,11
EN_010_26__ES_010_26,es-en,train,Pues si quieres te pregunto sobre tu anillo,"Well, if you want, I'll ask about your ring.",8,9
EN_010_27__ES_010_27,es-en,train,"O bueno, si quieres hablar de","or well, if you want to talk about",6,8
EN_010_28__ES_010_28,es-en,train,"Sí, está bien, pregúntame.","Yeah, okay, ask me.",4,4
EN_010_29__ES_010_29,es-en,train,La escuela me andaba ayudando.,The school was helping me.,5,5
EN_010_2__ES_010_2,es-en,train,De ahí cambiamos de lenguaje y empezamos a traducir.,"From there, we switched languages and started translating.",9,8
EN_010_30__ES_010_30,es-en,train,quitarme eso de la mente,get that thing out of my mind.,5,7
EN_010_31__ES_010_31,es-en,train,un año entero,a whole year.,3,3
EN_010_32__ES_010_32,es-en,train,Si sintiéndose uno solo.,Feeling alone.,4,2
EN_010_33__ES_010_33,es-en,train,UTEP ofrece...,UTEP offers...,2,2
EN_010_34__ES_010_34,es-en,train,[unk] es lo que yo he estado haciendo,[unk] that's what I've been doing.,8,6
EN_010_35__ES_010_35,es-en,train,Últimamente he est- he tenido buenos días,Lately I've had good days.,7,5
EN_010_36__ES_010_36,es-en,train,Me conseguí una máquina para...,I got myself a machine for...,5,6
EN_010_37__ES_010_37,es-en,train,Andale.,Let's go.,1,2
EN_010_3__ES_010_3,es-en,train,"Quería preguntarte, ¿dónde creciste tú?","I wanted to ask you, where did you grow up?",5,10
EN_010_4__ES_010_4,es-en,train,"Pero nomás fueron dos años, la verdad.","But it was only two years, actually.",7,7
EN_010_5__ES_010_5,es-en,train,Yo eh soy- soy de aqu-.,I'm- I'm from here.,6,4
EN_010_6__ES_010_6,es-en,train,"Nací aquí, he pasado la mayor parte de mi vida aquí.","I was born here, I spent most of my life here.",11,11
EN_010_7__ES_010_7,es-en,train,porque mi familia es de Chihuahua.,because my family is from Chihuahua.,6,6
EN_010_8__ES_010_8,es-en,train,a lo menos la parte de mi mamá.,at least my mom's part.,8,5
EN_010_9__ES_010_9,es-en,train,Era algo raro.,It was kind of weird.,3,5
EN_011_10__ES_011_10,es-en,train,¿Y te molestaba mudarte tanto o no te molestaba?,And did it bother you to move around that much or didn't it bother you?,9,15
EN_011_11__ES_011_11,es-en,train,Uhm bueno...,"Uh, well...",2,2
EN_011_12__ES_011_12,es-en,train,"México es como dos mundos separados, yo siendo del norte.","Mexico is like two separate worlds, me being from the north.",10,11
EN_011_13__ES_011_13,es-en,train,"me mudé al sur, ahí es muy muy diferente el clima, la comida","I moved to the south, and there's a lot of different climate, the food.",13,14
EN_011_14__ES_011_14,es-en,train,Puedo entender muchas vistas y opiniones.,I can understand a lot of views and opinions.,6,9
EN_011_15__ES_011_15,es-en,train,y aspectos que no podía ver,and aspects that I couldn't see.,6,6
EN_011_16__ES_011_16,es-en,train,¿Y cuál fue tu favorita ciudad para quedarte?,And what was your favorite city to stay in?,8,9
EN_011_17__ES_011_17,es-en,train,"Bueno, si hablamos de comida...","Well, if we talk about food...",5,6
EN_011_18__ES_011_18,es-en,train,Yo diría que Celaya.,I'd say Celaya.,4,3
EN_011_19__ES_011_19,es-en,train,Si hablamos de personas.,If we talk about people.,4,5
EN_011_1__ES_011_1,es-en,train,¿Dijiste que eras de Chihuahua?,Did you say you were from Chihuahua?,5,7
EN_011_20__ES_011_20,es-en,train,Pues yo diría que Monterrey.,"Well, I'd say Monterrey.",5,4
EN_011_21__ES_011_21,es-en,train,"Es que viví ahí hasta que tenía como 9, 10 años","It's because I lived there until I was like 9, 10.",11,11
EN_011_22__ES_011_22,es-en,train,entonces realmente no recuerdo,So I don't really remember.,4,5
EN_011_23__ES_011_23,es-en,train,Estudié Ingeniería en Mecatrónica.,I studied mechatronics engineering.,4,4
EN_011_24__ES_011_24,es-en,train,Mecatrónica,Mechatronics,1,1
EN_011_25__ES_011_25,es-en,train,"Es como la combinación entre mecánica, electrónica y programación.","It's like the combination of mechanics, electronics and programming.",9,9
EN_011_26__ES_011_26,es-en,train,después de eso llegó el COVID,"After that, the COVID came.",6,5
EN_011_27__ES_011_27,es-en,train,y pues empecé a tomar clases en línea.,And so I started taking online classes.,8,7
EN_011_28__ES_011_28,es-en,train,"Papá, la verdad es que no me gusta esto, quiero cambiarme.","Dad, the truth is, I don't like this. I want to change.",11,12
EN_011_29__ES_011_29,es-en,train,Creo que también quiero vivir solo,I think I also want to live alone.,6,8
EN_011_2__ES_011_2,es-en,train,"Ah, sí, sí, de hecho soy de Chihuahua.","Oh, yeah, yeah, I'm actually from Chihuahua.",8,7
EN_011_30__ES_011_30,es-en,train,La única cosa es que...,The only thing is...,5,4
EN_011_31__ES_011_31,es-en,train,Aquí no hay la carrera de mecatrónica,There's no mechatronics career here.,7,5
EN_011_32__ES_011_32,es-en,train,Estamos haciendo algo de capacitores y la verdad es que no entendía lo que estaba haciendo.,"We're doing something about capacitors, and the truth is, I didn't understand what I was doing.",16,16
EN_011_33__ES_011_33,es-en,train,¿Estás en segundo semestre?,Are you in second semester?,4,5
EN_011_34__ES_011_34,es-en,train,Segundo semestre. ¿Este es tu segundo semestre?,Second semester. Is this your second semester?,7,7
EN_011_35__ES_011_35,es-en,train,¿Cuántos años tienes?,How old are you?,3,4
EN_011_36__ES_011_36,es-en,train,"tengo 20, voy a tener 21 en un mes","I'm 20, I'm gonna be 21 in a month.",9,9
EN_011_37__ES_011_37,es-en,train,"Ah, pues feliz cumpleaños. Adelantado.","Ah, happy birthday, early.",5,4
EN_011_38__ES_011_38,es-en,train,"tengo 19, voy a cumplir 20 en enero",I'm 19. I'm gonna turn 20 in January.,8,8
EN_011_39__ES_011_39,es-en,train,Feliz cumpleaños.,Happy birthday.,2,2
EN_011_3__ES_011_3,es-en,train,"Pero bueno, he vivido pues en todo México.","Well, I've lived all over Mexico.",8,6
EN_011_40__ES_011_40,es-en,train,"¿Feliz cumpleaños retrasado? Ay, gracias, gracias.","Happy late birthday? Oh, thank you. Thank you.",6,8
EN_011_41__ES_011_41,es-en,train,"No, la verdad es que me agrada Mejía porque siempre está diciéndome de que ay aplica a esto, aplica a aquello.","No, actually, I like Mejia because she's always telling me that ay applies to this, applies to that.",21,18
EN_011_42__ES_011_42,es-en,train,¿Y tú?,And you?,2,2
EN_011_4__ES_011_4,es-en,train,Después de eso me mudé a Monterrey.,"After that, I moved to Monterrey.",7,6
EN_011_5__ES_011_5,es-en,train,Empecé allá la universidad.,I started college there.,4,4
EN_011_6__ES_011_6,es-en,train,y después me transferí aquí a El Paso,And then I transferred here to El Paso.,8,8
EN_011_7__ES_011_7,es-en,train,¿Y por qué te mudaste tanto?,And why did you move so much?,6,7
EN_011_8__ES_011_8,es-en,train,Ah por recursos de agricultura.,for agricultural resources.,5,3
EN_011_9__ES_011_9,es-en,train,en la parte norte de la ciudad.,in the north part of the city.,7,7
EN_012_10__ES_012_10,es-en,dev,pero sabe mejor el huevo con tocino.,But it tastes better with bacon.,7,6
EN_012_11__ES_012_11,es-en,dev,Tienes que cocer el tocinito primero.,You have to cook the tocinito first.,6,7
EN_012_12__ES_012_12,es-en,dev,Lo tienes que corta-.,You have to cut it.,4,5
EN_012_13__ES_012_13,es-en,dev,Y luego los pones otra vez con el huevo revuel-.,And then you put them back with the egg.,10,9
EN_012_14__ES_012_14,es-en,dev,"No te creas, ya está el tocino muy salado. Ya lo dejas así.","Don't believe it, the bacon is already very salty. You leave it like that.",13,14
EN_012_15__ES_012_15,es-en,test,Pues sí.,"Well, yeah.",2,2
EN_012_16__ES_012_16,es-en,test,Pues depende si... si se me antoja l- la tortilla o no.,"Well, it depends if I feel like the omelette or not.",12,11
EN_012_17__ES_012_17,es-en,dev,"Sí, por eso.","Yeah, that's why.",3,3
EN_012_18__ES_012_18,es-en,dev,El huevo con tocino no va en sándwich.,The bacon egg doesn't go in a sandwich.,8,8
EN_012_19__ES_012_19,es-en,dev,"Porque, no sé...",Because I don't know.,3,4
EN_012_1__ES_012_1,es-en,dev,¿Qué no te gusta?,What don't you like?,4,4
EN_012_20__ES_012_20,es-en,dev,"Me gusta el sabor, el té no tiene sabor.","I like the flavor, the tea doesn't have the flavor.",9,10
EN_012_21__ES_012_21,es-en,test,Café de calcetín.,Sock coffee.,3,2
EN_012_22__ES_012_22,es-en,dev,De una tienda. Yuck. Cállate.,From a store. Yuck. Shut up.,5,6
EN_012_23__ES_012_23,es-en,dev,"Pero sí, sabe mej-.","But yeah, it tastes like.",4,5
EN_012_24__ES_012_24,es-en,dev,A mí me gusta más el sabor fuerte del café.,I like the strong taste of coffee more.,10,8
EN_012_25__ES_012_25,es-en,dev,"No, pero el café está muy muy rico.","No, but the coffee is really good.",8,7
EN_012_2__ES_012_2,es-en,test,A mí no me gusta el huevo con tocino.,I don't like the bacon egg.,9,6
EN_012_3__ES_012_3,es-en,dev,¿Y por qué no te gusta el huevo con tocino?,And why don't you like the bacon egg?,10,8
EN_012_5__ES_012_5,es-en,test,No me gus-,I don't like...,3,3
EN_012_6__ES_012_6,es-en,test,Es que no sabe igual.,It doesn't taste the same.,5,5
EN_012_7__ES_012_7,es-en,test,"O sea, la textura de... del tocino sabe muy aguado.",So the texture of the bacon tastes really watery.,10,9
EN_012_8__ES_012_8,es-en,dev,"O sea, ¿no te gusta el huevo o no te gusta el tocino?",So you don't like the egg or you don't like the bacon?,13,12
EN_012_9__ES_012_9,es-en,test,"Me gusta el tocino y el huevo, pero aparte.","I like bacon and eggs, but apart.",9,7
EN_013_10__ES_013_10,es-en,dev,En el verano.,in the summer.,3,3
EN_013_11__ES_013_11,es-en,dev,"No, n- no sé todavi- si tengo trabajo todavía.","No, I don't know if I have a job yet.",9,10
EN_013_12__ES_013_12,es-en,dev,Pe- Pero ojalá.,But I wish.,3,3
EN_013_13__ES_013_13,es-en,dev,"Sí, pues, ya ves.","Yeah, well, you see.",4,4
EN_013_14__ES_013_14,es-en,dev,"No, sí, tuve mucha suerte. Todas las clases que me han tocado en el verano han sido todo el verano.","No, yeah, I had a lot of luck. All the classes that I've had in the summer have been all summer.",20,21
EN_013_15__ES_013_15,es-en,dev,"tuve suerte, sabes","I got lucky, you know.",3,5
EN_013_16__ES_013_16,es-en,dev,"Aprendizaje automatizado. Ah, no. Aprendizaje profundo.","automated learning. uh, no, deep learning.",6,6
EN_013_17__ES_013_17,es-en,train,No sé si quiero hacer aprendizaje automatizado.,I don't know if I want to do automated learning.,7,10
EN_013_18__ES_013_18,es-en,train,Porque uhm esa es la concentración que quiero hacer.,Because that's the concentration that I want to do.,9,9
EN_013_1__ES_013_1,es-en,dev,¿Cuáles son tus planes para cuando se acabe el semestre?,What are your plans for when the semester is over?,10,10
EN_013_20__ES_013_20,es-en,train,"Ah, no, no, yo no voy a tomar esa clase.","Oh, no, no, I'm not taking that class.",10,8
EN_013_21__ES_013_21,es-en,train,"Ay, no la quiero tomar sola.","Oh, I don't want to take it alone.",6,8
EN_013_22__ES_013_22,es-en,dev,Yo digo que las clases de seguridad cibernética están muy difíciles.,I say that the cyber security classes are very difficult.,11,10
EN_013_23__ES_013_23,es-en,dev,¿Cómo decías con matemáticas?,What did you say with mathematics?,4,6
EN_013_24__ES_013_24,es-en,train,Realmente me gustan las matemáticas.,I really like mathematics.,5,4
EN_013_25__ES_013_25,es-en,dev,Y tomaste cálculo hace poco.,And you took calculus recently.,5,5
EN_013_26__ES_013_26,es-en,train,Sí.,Yeah.,1,1
EN_013_27__ES_013_27,es-en,dev,Estoy haciendo maestría en ciencias computacionales.,I'm doing master's in computer science.,6,6
EN_013_28__ES_013_28,es-en,train,"Ah, ok.","Oh, okay.",2,2
EN_013_29__ES_013_29,es-en,dev,Siento que no he tenido suficiente tiempo para explorar las subdisciplinas de ciencias computacionales para saber lo que yo quiero hacer.,I feel like I haven't had enough time to explore computer science sub-disciplines to know what I want to do.,21,20
EN_013_2__ES_013_2,es-en,train,Estoy planeando ir a Nueva York.,I'm planning to go to New York.,6,7
EN_013_30__ES_013_30,es-en,train,"No mames, ¿cuántos años tienes?","Mom, how old are you?",5,5
EN_013_31__ES_013_31,es-en,dev,Ah tengo- tengo 23.,I'm- I'm 23.,4,3
EN_013_32__ES_013_32,es-en,train,"Oh, no te ves tan viejo.","Oh, you don't look that old.",6,6
EN_013_33__ES_013_33,es-en,dev,"Ah, gra- gracias. Creo que eso es bueno.","Oh, thank you. I think that's good.",8,7
EN_013_34__ES_013_34,es-en,dev,"Si tienes carrera en cualquier cosa, puedes brincar a la maestría en lo que sea.","If you have a career in anything, you can jump to master's in whatever.",15,14
EN_013_35__ES_013_35,es-en,train,"porque quiero hacer eso yo también, no quiero hacer una maestría en CS.","because I want to do that too, I don't want to do a master's in CS.",13,16
EN_013_36__ES_013_36,es-en,dev,"Si te va bien, si- si te aceptan.","If it goes well with you, yeah, if they accept you.",8,11
EN_013_37__ES_013_37,es-en,train,Ok.,Okay.,1,1
EN_013_38__ES_013_38,es-en,train,estaba intentando cambiarme de carreras,I was trying to change careers.,5,6
EN_013_39__ES_013_39,es-en,train,"Era como que, oh no quiero hacer esto toda la vida","It was like, oh I don't want to do this all my life.",11,13
EN_013_3__ES_013_3,es-en,train,voy a hacer un servicio social en Amazon.,I'm going to do a social service on Amazon.,8,9
EN_013_40__ES_013_40,es-en,train,"No me siento como que la amo, ¿sabes?","I don't feel like I love her, you know?",8,9
EN_013_4__ES_013_4,es-en,dev,"Ah, est- está padre.","Ah, he's- he's a father.",4,5
EN_013_5__ES_013_5,es-en,dev,¡Wow!,Wow.,1,1
EN_013_6__ES_013_6,es-en,train,¿Tú qué vas a hacer?,What are you gonna do?,5,5
EN_013_7__ES_013_7,es-en,dev,Uh eso no.,"Uh, not that.",3,3
EN_013_8__ES_013_8,es-en,dev,tal vez voy a hacer TA pero todavía no estoy seguro,"Maybe I'm gonna do TA, but I'm not sure yet.",11,10
EN_013_9__ES_013_9,es-en,train,¿El próximo semestre?,Next semester?,3,2
EN_014_10__ES_014_10,es-en,train,honestamente yo no creo que son muy útil,I honestly don't think they're very useful.,8,7
EN_014_11__ES_014_11,es-en,train,"Se siente como un gasto de tiempo, si soy honesto contigo.","It feels like a waste of time, if I'm honest with you.",11,12
EN_014_12__ES_014_12,es-en,train,Sí claro.,"Yeah, of course.",2,3
EN_014_13__ES_014_13,es-en,train,Mi equipo estaba... ¿Cómo hacemos esto?,"My team was like, how do we do this?",6,9
EN_014_14__ES_014_14,es-en,train,y como sabes literalmente nomás escro- escribimos en el papel y lo entregamos,"And as you know, we literally just wrote on the paper and turned it in.",13,15
EN_014_15__ES_014_15,es-en,train,"No se sienten de prioridad, no se sienten importante.","They don't feel priority, they don't feel important.",9,8
EN_014_16__ES_014_16,es-en,train,"comparado al proyecto que actualmente estamos trabajando, ya sabes","compared to the project that we're actually working on, you know.",9,11
EN_014_17__ES_014_17,es-en,train,Concuerdo con lo que dijiste y...,I agree with what you said and...,6,7
EN_014_18__ES_014_18,es-en,train,Yo no sé como... Que lenguajes usar o...,I don't know what languages to use or...,8,8
EN_014_19__ES_014_19,es-en,train,Como un semestre gastado. Tanto.,Like a semester spent. So much.,5,6
EN_014_1__ES_014_1,es-en,train,¿Quieres empezar en inglés y luego ir a español o español y luego inglés?,Do you want to start in English and then go to Spanish or Spanish and then English?,14,17
EN_014_20__ES_014_20,es-en,train,Planeo y esfuerzo metido nomás para que como.,planning and effort put into just to eat.,8,8
EN_014_21__ES_014_21,es-en,train,nada más tenemos la idea general y era lo único que necesitábamos,We just have the general idea and that's all we need.,12,11
EN_014_22__ES_014_22,es-en,train,No creo que lo ha leído.,I don't think he's read it.,6,6
EN_014_23__ES_014_23,es-en,train,en lo absoluto.,at all.,3,2
EN_014_24__ES_014_24,es-en,train,"Siento que se lo dieron como de la nada, ¿verdad?","I feel like they gave it to him like out of nowhere, right?",10,13
EN_014_25__ES_014_25,es-en,train,Definitivamente se siente como eso,It definitely feels like that.,5,5
EN_014_26__ES_014_26,es-en,train,No puedo ayudar en esa parte del proyecto para nada.,I can't help in that part of the project at all.,10,11
EN_014_27__ES_014_27,es-en,train,porque estaba esperando tener mi equipo previo,because I was hoping to have my previous team.,7,9
EN_014_2__ES_014_2,es-en,train,Uh podem- uhm podemos iniciar en inglés.,We can start in English.,7,5
EN_014_3__ES_014_3,es-en,train,molestándome de la clase es,bothering me about the class.,5,5
EN_014_4__ES_014_4,es-en,train,Siento que en la clase...,I feel like in class.,5,5
EN_014_5__ES_014_5,es-en,train,Si hablamos del tema y luego...,If we talk about it and then...,6,7
EN_014_6__ES_014_6,es-en,train,Y es medio difícil entender el tema.,And it's kind of hard to understand the subject.,7,9
EN_014_7__ES_014_7,es-en,train,Uh y luego te da un ejercicio pero,"and then he gives you an exercise, but",8,8
EN_014_8__ES_014_8,es-en,train,y qué opinas,and what do you think?,3,5
EN_014_9__ES_014_9,es-en,train,¿Qué opinas de los ejercicios?,What do you think about the exercises?,5,7
EN_015_10__ES_015_10,es-en,train,Me gusta... Me gusta de muchos- muchos tipos,I like... I like a lot of different types.,8,9
EN_015_11__ES_015_11,es-en,train,pero mi más favorita es música de hip hop,But my favorite is hip hop music.,9,7
EN_015_12__ES_015_12,es-en,test,¿Y la- esa la oyes todo el día o ciertas ocasiones?,And you hear that one all day or some occasions?,11,10
EN_015_13__ES_015_13,es-en,train,Uhh como todo el día,"Uh, like all day.",5,4
EN_015_14__ES_015_14,es-en,test,"tengo cosas que oir cier- a cierto tiempo, por ejemplo","I have things to hear at some point, for example.",10,10
EN_015_15__ES_015_15,es-en,train,"Sí, sí.","Yeah, yeah.",2,2
EN_015_16__ES_015_16,es-en,test,"Y tipo, también para alguna fiesta, a-.","And dude, for some party, too.",7,6
EN_015_17__ES_015_17,es-en,train,"Ah, ándale también, perfecto para una fiesta.","Oh, love him too, perfect for a party.",7,8
EN_015_19__ES_015_19,es-en,test,Son iconos ahí de mis 2000.,They're icons in there from my 2000.,6,7
EN_015_1__ES_015_1,es-en,train,¿Juegos videojuegos?,video games?,2,2
EN_015_20__ES_015_20,es-en,train,¿Has tocado instrumentos antes?,Have you played instruments before?,4,5
EN_015_21__ES_015_21,es-en,test,"Sí, toco la guitarra.","Yeah, I play the guitar.",4,5
EN_015_22__ES_015_22,es-en,test,Estamos esperando el reencuentro.,We're waiting for the reunion.,4,5
EN_015_23__ES_015_23,es-en,train,"Estaría padre, imagínate","It'd be like father, imagine.",3,5
EN_015_24__ES_015_24,es-en,test,dije no pues me voy a meter a clase de canto y no,"I said no, I'm gonna get into singing class and no.",13,11
EN_015_25__ES_015_25,es-en,test,"Y yo vi que tenía un error yo, de que alguna suma estaba mal.",And I saw that I had a mistake that some amount was wrong.,14,13
EN_015_26__ES_015_26,es-en,train,Pues qué bueno que no se dio cuenta.,"Well, it's good that he didn't notice.",8,7
EN_015_27__ES_015_27,es-en,test,"Y trae un código, no me acuerdo cuál era.","And bring a code, I don't remember which one it was.",9,11
EN_015_28__ES_015_28,es-en,train,Lab o algo.,Lab or something.,3,3
EN_015_29__ES_015_29,es-en,test,"No, pues sí, era una tarea que no sabía.","No, it was a task that I didn't know.",9,9
EN_015_2__ES_015_2,es-en,test,No tengo Playstation ni Xbox pero o sea tipo tengo el Switch,"I don't have a Playstation or an Xbox, but I have the Switch.",12,13
EN_015_30__ES_015_30,es-en,test,"Casi, mijo. Hazlo otra vez.","Almost, mijo. Do it again.",5,5
EN_015_31__ES_015_31,es-en,train,Sí.,Yeah.,1,1
EN_015_32__ES_015_32,es-en,train,Empecé como a las 7.,I started at like 7.,5,5
EN_015_33__ES_015_33,es-en,train,y acabé como a las 10,"and I ended up at, like, 10?",6,7
EN_015_34__ES_015_34,es-en,test,"Sí, o cuando así escribo una- una conclusión, como que me inspiro más este hablando.","Yeah, or when I write a- a conclusion, I kind of inspire myself more.",15,14
EN_015_35__ES_015_35,es-en,train,"Si, no se, se- se me hizo muy raro que nos dio eso de tarea","Yeah, I don't know, I think it was really weird that he gave us that homework.",15,16
EN_015_36__ES_015_36,es-en,test,Teníamos que hacer una tarea como de escrita o de ensayo y creo que puso eso para no estresarse- no estresarnos de más.,We had to do a homework like writing or rehearsing and I think he put that in order not to get stressed out.,23,23
EN_015_37__ES_015_37,es-en,train,Ah.,Ah.,1,1
EN_015_3__ES_015_3,es-en,train,"No, sí, me- me recuerdo esto de... de los audífonos, mucho de jugar así en línea.","No, yeah, I remember this thing about, uh, hearing aids, a lot of playing online.",16,15
EN_015_4__ES_015_4,es-en,train,¿Has jugado en línea así con gente diferente?,Have you played online with like different people?,8,8
EN_015_5__ES_015_5,es-en,test,"O sea, sí he jugado en línea, pero...","I mean, I've played online, but...",8,6
EN_015_6__ES_015_6,es-en,test,A mí se me hacía que es mucho ruido,I think it's like a lot of noise.,9,8
EN_015_7__ES_015_7,es-en,test,Y aparte los audífonos siento que eran de- cancelan el sonido.,"And apart from the headphones, I feel like they're de- they cancel the sound.",11,14
EN_015_8__ES_015_8,es-en,test,"Sí entonces, pues no.","Yeah, well, no.",4,3
EN_015_9__ES_015_9,es-en,test,Pero y qu- ¿Qué música oyes tú?,But what music do you hear?,7,6
EN_016_10__ES_016_10,es-en,train,Bien.,Okay.,1,1
EN_016_11__ES_016_11,es-en,train,¿Tú qué dirías?,What would you say?,3,4
EN_016_12__ES_016_12,es-en,train,probablemente,Probably.,1,1
EN_016_13__ES_016_13,es-en,train,No tener miedo de preguntar.,Don't be afraid to ask questions.,5,6
EN_016_14__ES_016_14,es-en,train,especialmente al profesor.,especially the professor.,3,3
EN_016_15__ES_016_15,es-en,train,Entonces la gente estaba confundida porque no leían la sección que lo explicaba.,So people were confused because they didn't read the section that explained it.,13,13
EN_016_16__ES_016_16,es-en,train,Me daba un poco de miedo hacerles preguntas al profesor.,I was a little scared to ask questions to the professor.,10,11
EN_016_17__ES_016_17,es-en,train,"Creo que ese es un buen consejo, decirles que no tengan miedo de hacer preguntas.",I think that's a good advice to tell them not to be afraid to ask questions.,15,16
EN_016_18__ES_016_18,es-en,train,Es mejor hacer preguntas y aprender en vez de quedarte confundido.,It's better to ask questions and learn instead of being confused.,11,11
EN_016_19__ES_016_19,es-en,train,Muy cierto.,That's true.,2,2
EN_016_1__ES_016_1,es-en,train,Entonces vamos a... hacer las tres cosas.,So let's do the three things.,7,6
EN_016_20__ES_016_20,es-en,train,Te uniste a una...,You joined one.,4,3
EN_016_21__ES_016_21,es-en,train,organización de estudiantes cuando eres un freshman.,student organization when you're a freshman.,7,6
EN_016_22__ES_016_22,es-en,train,Me terminé uniendo a MAES y SHPE.,I ended up joining MAES and HPE.,7,7
EN_016_23__ES_016_23,es-en,train,No sé si hayas escuchado de ella.,I don't know if you've heard of her.,7,8
EN_016_24__ES_016_24,es-en,train,creo que no,I don't think so.,3,4
EN_016_25__ES_016_25,es-en,train,Es como la organización más grande de ingeniería aquí en UTEP.,It's like the largest engineering organization here at UTEP.,11,9
EN_016_26__ES_016_26,es-en,train,ambiente creo que diría se veía como que se llevaban todos muy bien así que,"environment I think I'd say it looked like they all got along really well, so",15,15
EN_016_27__ES_016_27,es-en,train,cambie de carrera como en 2020,I switched careers like in 2020.,6,6
EN_016_28__ES_016_28,es-en,train,oh wow,"Oh, wow.",2,2
EN_016_29__ES_016_29,es-en,train,"Digo, eso también sería una buena cosa para...","I mean, that would also be a good thing for...",8,10
EN_016_2__ES_016_2,es-en,train,para los estudiantes de CS.,for CS students.,5,3
EN_016_30__ES_016_30,es-en,train,Motivar a los nuevos estudiantes de CS para que busquen oportunidades y internships.,encourage new CS students to look for opportunities and internships.,13,10
EN_016_31__ES_016_31,es-en,train,Porque en una internship estás ahí para aprender.,"Because in an internship, you're there to learn.",8,8
EN_016_32__ES_016_32,es-en,train,Pueden venir a hacerme preguntas de cómo tener un internship o una beca o algo así.,They can come ask me questions about how to have an internship or a scholarship or something like that.,16,19
EN_016_33__ES_016_33,es-en,train,No tienen idea que hay op- oportunidades de internships.,They have no idea that there are internship opportunities.,9,9
EN_016_34__ES_016_34,es-en,train,Al menos ahorita ya tienes la experiencia de cómo es aplicar o cómo es entrevistar.,At least right now you have the experience of what it's like to apply or what it's like to interview.,15,20
EN_016_35__ES_016_35,es-en,train,Y la siguiente vez estás más preparado.,And the next time you're more prepared.,7,7
EN_016_36__ES_016_36,es-en,train,Pues sí.,"Well, yeah.",2,2
EN_016_37__ES_016_37,es-en,train,Me dieron como esta pregunta rara que no pude contestar.,I got like this weird question that I couldn't answer.,10,10
EN_016_38__ES_016_38,es-en,train,No pude contestar la pregunta para la primera entrevista que tuve,I couldn't answer the question for the first interview that I had.,11,12
EN_016_39__ES_016_39,es-en,train,Aún puede ser útil fallar entrevistas.,It can still be useful to fail interviews.,6,8
EN_016_3__ES_016_3,es-en,train,"Sí, tres consejos para darle a los estudiantes que van a entrar al departamento de Computer Science.","Yeah, three tips to give the students that are going to enter the computer science department.",17,16
EN_016_40__ES_016_40,es-en,train,Y es divertido porque cuando estaba buscando internships,And it's funny because when I was looking for internships.,8,10
EN_016_41__ES_016_41,es-en,train,"Está loco, o sea, hay muchas oportunidades para freshman y sophomores.","He's crazy, so there's a lot of opportunities for freshmen and sophomores.",11,12
EN_016_42__ES_016_42,es-en,train,Más compañías están empezando a ofrecer estas oportunidades a,more companies are starting to offer these opportunities to,9,9
EN_016_43__ES_016_43,es-en,train,freshmens y sophomores en vez de nomás quedarse con,freshmen and sophomores instead of just hanging out with,9,9
EN_016_44__ES_016_44,es-en,train,juniors y seniors o simplemente con estudiantes que ya se van a graduar.,juniors and seniors or just with students that are already graduating.,13,11
EN_016_45__ES_016_45,es-en,train,"¿Tienes algún otro consejo, que le darías a estudiantes?",Do you have any other advice that you would give to students?,9,12
EN_016_46__ES_016_46,es-en,train,"Um, no estoy seguro","Um, I'm not sure.",4,4
EN_016_47__ES_016_47,es-en,train,es más importante aprender acerca de los concep...,It's more important to learn about conceptions.,8,7
EN_016_4__ES_016_4,es-en,train,"¿Ok, tienes alguna?","Okay, do you have any?",3,5
EN_016_5__ES_016_5,es-en,train,¿Qué tipo de consejo me daría a mí misma?,What kind of advice would I give myself?,9,8
EN_016_6__ES_016_6,es-en,train,cuando estaba entrando a UTEP.,when I was entering UTEP.,5,5
EN_016_7__ES_016_7,es-en,train,sería involucrarse,It would be to get involved.,2,6
EN_016_8__ES_016_8,es-en,train,"o sea, involucrarse en cualquier organización de estudiantes.",to get involved in any student organization.,8,7
EN_016_9__ES_016_9,es-en,train,Siempre es muy importante y muy buena idea involucrarse.,It's always a very important idea to get involved.,9,9
EN_017_10__ES_017_10,es-en,train,espacio,space,1,1
EN_017_11__ES_017_11,es-en,train,"Sí, y...","Yeah, and...",2,2
EN_017_12__ES_017_12,es-en,train,Pero porque hay un espacio en el primer lugar.,But because there's a gap in the first place.,9,9
EN_017_13__ES_017_13,es-en,train,"he tratado de darles, intentarlo","I've been trying to give them, give them a chance.",5,10
EN_017_14__ES_017_14,es-en,train,Intentarlo.,Try it.,1,2
EN_017_15__ES_017_15,es-en,train,Es una manera de hacerme más humilde.,It's a way to make me more humble.,7,8
EN_017_16__ES_017_16,es-en,train,pero también entendiendo que no todo es mi culpa.,but also understanding that it's not all my fault.,9,9
EN_017_17__ES_017_17,es-en,train,"Ay, yo no sé de eso de, irme a otra relación.","Oh, I don't know about going to another relationship.",11,9
EN_017_18__ES_017_18,es-en,train,Sí.,Yeah.,1,1
EN_017_19__ES_017_19,es-en,train,"Atrapado, dando todo lo que yo soy a una persona.","Trapped, giving everything that I am to one person.",10,9
EN_017_1__ES_017_1,es-en,train,"No sé, siempre he batallado en echar culpa.","I don't know, I've always struggled to blame.",8,8
EN_017_20__ES_017_20,es-en,train,sin importar si dieran algo a mí,It doesn't matter if they give anything to me.,7,9
EN_017_2__ES_017_2,es-en,train,siente de la misma manera es muy difícil,feels the same way. It's really hard.,8,7
EN_017_3__ES_017_3,es-en,train,Sí.,Yeah.,1,1
EN_017_4__ES_017_4,es-en,train,"Mi novia está en cruces, so no puedo verla muy a menudo.","My girlfriend is in crosses, so I can't see her very often.",12,12
EN_017_5__ES_017_5,es-en,train,Él pensaba que quizá andaba coqueteando con ella.,He thought maybe he was flirting with her.,8,8
EN_017_6__ES_017_6,es-en,train,okey,Okay.,1,1
EN_017_7__ES_017_7,es-en,train,Es difícil porque yo estaba borracho y ella estaba borracha.,It's hard because I was drunk and she was drunk.,10,10
EN_017_8__ES_017_8,es-en,train,"Culpa, pero no de una manera extrema.","Guilty, but not in an extreme way.",7,7
EN_017_9__ES_017_9,es-en,train,Tú sabes llenar el espacio con más gente,You know how to fill the gap with more people.,8,10
EN_018_10__ES_018_10,es-en,test,¿Piensas como que es un buen consejo?,Do you think it's like a good piece of advice?,7,10
EN_018_11__ES_018_11,es-en,test,Así no tendrías que esperar hasta una prueba para saber cómo te va.,So you don't have to wait until a test to find out how you're doing.,13,15
EN_018_12__ES_018_12,es-en,test,¿Cuáles han sido como algunos retos en tu carrera?,What have been like some challenges in your career?,9,9
EN_018_13__ES_018_13,es-en,test,"Para hacer amigos en CS, especialmente en tus clases.","to make friends in CS, especially in your classes.",9,9
EN_018_14__ES_018_14,es-en,test,"Pero también ah, puedes conocer otros estudiantes de CS en otros niveles.","But also oh, you can meet other CS students at other levels.",12,12
EN_018_15__ES_018_15,es-en,test,Me dieron sugerencias acerca de cuan- cuáles profesores tomar.,They gave me suggestions about how many professors to take.,9,10
EN_018_16__ES_018_16,es-en,test,Y yo pienso que esa es una gran sugerencia para cualquiera.,And I think that's a great suggestion for anyone.,11,9
EN_018_17__ES_018_17,es-en,test,Y este profesor dijo como oh vamos a tener una junta para el- para el grupo de CS.,And this professor said how we're gonna have a meeting for the CS group.,18,14
EN_018_18__ES_018_18,es-en,test,Que la gente era como muy grosera y todo.,that people were like really rude and everything.,9,8
EN_018_19__ES_018_19,es-en,test,Estaban buscando como fiestas fuera de la escuela ¿me entiendes?,"They were looking for like out-of-school parties, you know what I mean?",10,12
EN_018_1__ES_018_1,es-en,test,"Um, ¿me das tres consejos?","Um, do you give me three tips?",5,7
EN_018_20__ES_018_20,es-en,test,Entonces me dijeron como que necesitaba ser una estudiante de CS para unirme al club.,So they told me how I needed to be a CS student to join the club.,15,16
EN_018_2__ES_018_2,es-en,test,"Honestamente, haz amigos en el departamento de CS.","Honestly, make friends in the CS department.",8,7
EN_018_3__ES_018_3,es-en,test,"En realidad, ese es el mejor consejo que tengo.","Actually, that's the best advice I have.",9,7
EN_018_4__ES_018_4,es-en,test,"Sería que trates, de hacer todo, en cuanto te lo asignen.","It would be if you tried to do everything, as soon as you were assigned.",11,15
EN_018_5__ES_018_5,es-en,test,No te esperes a último minuto.,Don't wait at the last minute.,6,6
EN_018_6__ES_018_6,es-en,test,Sí nomás haz los trabajos en cuanto te los asignen.,"Yeah, just do the jobs as soon as they're assigned to you.",10,12
EN_018_7__ES_018_7,es-en,test,Uh ¿me recomendarías visitar las horas de oficina frecuentemente?,"Uh, would you recommend that I visit office hours often?",9,10
EN_018_8__ES_018_8,es-en,test,¿Pero cuántas veces al semestre?,But how many times in the semester?,5,7
EN_018_9__ES_018_9,es-en,test,Pero como si no las necesitas como si piensas que no las necesitas.,But like you don't need them like you don't think you need them.,13,13
EN_019_10__ES_019_10,es-en,train,Porque recienmente había oído que había una película donde salían los tres Spiderman.,'Cause I'd just heard that there was a movie where the three Spider-Mans were coming out.,13,16
EN_019_11__ES_019_11,es-en,train,"Cuando vi la página de- de Doctor Strange, decía que ya ha salido en seis películas de Marvel.","When I saw Doctor Strange's page, he was like, it's already been in six Marvel movies.",18,16
EN_019_12__ES_019_12,es-en,train,"Y yo estoy pensando aquí como que, ok, tiene su propia película y luego todavia salen cinco otras.","And I'm thinking here like, okay, he has his own movie and then he still comes out five others.",18,19
EN_019_13__ES_019_13,es-en,train,"Pero, la vi- vimos como una cada semana.",But we saw it like one every week.,8,8
EN_019_14__ES_019_14,es-en,train,"No no te creas, vimos como una cada día.","Don't believe it, we watched like one every day.",9,9
EN_019_15__ES_019_15,es-en,train,Porque era en la pandemia.,Because it was in the pandemic.,5,6
EN_019_16__ES_019_16,es-en,train,Wow [risa].,Wow.,2,1
EN_019_17__ES_019_17,es-en,train,Pero no te cansas de verl-,But you don't get tired of watching.,6,7
EN_019_18__ES_019_18,es-en,train,No.,No.,1,1
EN_019_19__ES_019_19,es-en,train,"Pero crees que alguien que no ha visto ninguna Marvel película puede comenzar a ver, la que sea o hay algunas películas que debes que verla-","But you think that someone who hasn't seen any Marvel movies can start watching, whatever or there's some movies that you have to watch.",26,24
EN_019_1__ES_019_1,es-en,train,Me explican por qué deberías de ver las películas de Marvel.,They explain why you should watch Marvel movies.,11,8
EN_019_20__ES_019_20,es-en,train,"No las he visto, bueno porque no las he visto pero pues no sé.","I haven't seen them, well because I haven't seen them, but I don't know.",14,14
EN_019_21__ES_019_21,es-en,train,Yo siempre pensaba que,I always thought that,4,4
EN_019_22__ES_019_22,es-en,train,Como que ya voy a saber que va a pasar,Like I'm gonna know what's gonna happen.,10,7
EN_019_23__ES_019_23,es-en,train,pues es una historia de un superhéroe entonces,"Well, it's a story about a superhero, so...",8,8
EN_019_24__ES_019_24,es-en,train,superhéroe mm-hmm,Superhero. Mm-hmm.,2,2
EN_019_25__ES_019_25,es-en,train,Me imagino que cada película comienza con,I imagine that every movie starts with,7,7
EN_019_26__ES_019_26,es-en,train,"una historia de, a lo mejor como comenzó o nomás","a story of, maybe how it started or just",10,9
EN_019_27__ES_019_27,es-en,train,"a pararlo, destruir la ciudad o algo así","stop it, destroy the city or something like that.",8,9
EN_019_28__ES_019_28,es-en,train,"qué va a pasar, lo que sea a lo mejor se va a morir","What's gonna happen, whatever it is, it's gonna die.",14,9
EN_019_29__ES_019_29,es-en,train,"está bien al final, rescata el día","It's fine at the end, it saves the day.",7,9
EN_019_2__ES_019_2,es-en,train,Mi primer punto.,My first point.,3,3
EN_019_30__ES_019_30,es-en,train,"Pero al final, como es películas de Marvel, debe caber más.","But in the end, because it's Marvel movies, it has to fit more.",11,13
EN_019_31__ES_019_31,es-en,train,Algo va a pasar.,Something's gonna happen.,4,3
EN_019_32__ES_019_32,es-en,train,Al final hay algo que te dice así como que,At the end there's something that tells you like,10,9
EN_019_33__ES_019_33,es-en,train,ahora debes que esperar hasta la segunda,Now you have to wait until the second one.,7,9
EN_019_34__ES_019_34,es-en,train,"graban, ajá la manera en que lo graban, las luces","They record, uh the way they record it, the lights.",10,10
EN_019_35__ES_019_35,es-en,train,como mueven la cámara,how they move the camera.,4,5
EN_019_36__ES_019_36,es-en,train,si mucha gente tiene su favorito um,if a lot of people have their favorite um,7,9
EN_019_37__ES_019_37,es-en,train,bueno pues también favorita a lo mejor,"Well, it's also favorite, maybe.",7,5
EN_019_38__ES_019_38,es-en,train,Thor es,Thor is,2,2
EN_019_39__ES_019_39,es-en,train,El güerito con pelo largo.,The little guy with the long hair.,5,7
EN_019_3__ES_019_3,es-en,train,"A lo mejor tu- tu me puedes decir puntos, para que, debes que ver y yo te puedo dar puntos para que no debes que ver","Maybe you can tell me points, so you have to watch and I can give you points so you don't have to watch.",26,23
EN_019_40__ES_019_40,es-en,train,pero quién es el actor,But who's the actor?,5,4
EN_019_41__ES_019_41,es-en,train,um el que sale en Game of Thrones también tiene pelo largo,Um the one that comes out in Game of Thrones also has long hair.,12,14
EN_019_42__ES_019_42,es-en,train,"Oh, sí.","Oh, yeah.",2,2
EN_019_43__ES_019_43,es-en,train,"Bueno pues imagino que mucha gente tiene diferentes razones, pero","Well, I imagine that a lot of people have different reasons, but",10,12
EN_019_44__ES_019_44,es-en,train,los dos,Both.,2,1
EN_019_45__ES_019_45,es-en,train,Oh.,Oh.,1,1
EN_019_46__ES_019_46,es-en,train,Como que no me gusta así las películas que están pasando,I kind of don't like the movies that are happening.,11,10
EN_019_47__ES_019_47,es-en,train,"Escenas, bien rápidas.","Scenes, really fast.",3,3
EN_019_48__ES_019_48,es-en,train,"Oh, ¿te mareas o qué?","Oh, you get dizzy or what?",5,6
EN_019_49__ES_019_49,es-en,train,Um no,"Um, no.",2,2
EN_019_4__ES_019_4,es-en,train,"Okey, okey.","Okay, okay.",2,2
EN_019_50__ES_019_50,es-en,train,A lo más se te hace mucho como que hay,"At the most, you get a lot of like",10,9
EN_019_51__ES_019_51,es-en,train,no tiene como,It doesn't have like,3,4
EN_019_52__ES_019_52,es-en,train,"Bueno pues es que nomás depende de la persona, pero no tiene como...","Well, it just depends on the person, but he doesn't have like...",13,12
EN_019_53__ES_019_53,es-en,train,Las únicas flecas que he visto es...,The only fringes that I've seen are...,7,7
EN_019_54__ES_019_54,es-en,train,La primera de Iron Man.,Iron Man's first one.,5,4
EN_019_55__ES_019_55,es-en,train,"Las Spiderman, de, de um Tobey Maguire.","Spider-Mans, um Tobey Maguire.",7,4
EN_019_5__ES_019_5,es-en,train,Yo digo que deberías de ver películas de Marvel porque,I say you should watch Marvel movies because,10,8
EN_019_6__ES_019_6,es-en,train,Es un pasatiempo que puedes hacer con familia.,It's a hobby that you can do with family.,8,9
EN_019_7__ES_019_7,es-en,train,"Eso es lo que yo hago, yo veo las películas de Marvel con mi mamá.",That's what I do. I watch Marvel movies with my mom.,15,11
EN_019_8__ES_019_8,es-en,train,en en la pandemia cuando empezó COVID.,in the pandemic when COVID started.,7,6
EN_019_9__ES_019_9,es-en,train,Necesitas que tener mucho tiempo para como entender que está pasando en todas las películas,You need to have a lot of time to figure out what's happening in all the movies.,15,17
EN_020_10__ES_020_10,es-en,train,Sí claro.,"Yeah, of course.",2,3
EN_020_11__ES_020_11,es-en,train,¿por qué?,Why?,2,1
EN_020_12__ES_020_12,es-en,train,"Ah hmm, si me gusta caminar","Uh, if I like walking.",6,5
EN_020_13__ES_020_13,es-en,train,"Y me gusta hacer ejercicio, pero no hacer una caminata.","And I like to exercise, but I don't like to do a hike.",10,13
EN_020_14__ES_020_14,es-en,train,Entonces me gusta una caminata si es como para aventura.,So I like a hike if it's like for adventure.,10,10
EN_020_15__ES_020_15,es-en,train,pero no tanto si es para...,But not so much if it's for...,6,7
EN_020_16__ES_020_16,es-en,train,Actividad física.,Physical activity.,2,2
EN_020_17__ES_020_17,es-en,train,Ejercicio.,exercise.,1,1
EN_020_18__ES_020_18,es-en,train,"Pues sí, ese es ese es el punto de la caminata, en mi opinión.","Yeah, that's the point of the hike, in my opinion.",14,10
EN_020_19__ES_020_19,es-en,train,tienen animales en el zoológico pero probablemente tienen esos animales en el zoológico,"They have animals in the zoo, but they probably have those animals in the zoo.",13,15
EN_020_1__ES_020_1,es-en,train,"Porque eso es la otra cosa, porque la gente se va diciendo, ay...","'Cause that's the other thing, because people are like, oh.",13,10
EN_020_20__ES_020_20,es-en,train,Probablemente necesitan más espacio.,They probably need more space.,4,5
EN_020_21__ES_020_21,es-en,train,"Uh pero pues también a sus animales, pero...","Uh, but also to their animals, but...",8,7
EN_020_22__ES_020_22,es-en,train,Pero ese es un problema para,But that's a problem for,6,5
EN_020_23__ES_020_23,es-en,train,"Activistas de, ¿cómo se llaman?, derechos de animales.","Activists, what are they called? Animal rights.",8,7
EN_020_24__ES_020_24,es-en,train,La verdad si me da pena por los animales.,"Actually, I feel sorry for the animals.",9,7
EN_020_25__ES_020_25,es-en,train,"No, no soy activista.","No, I'm not an activist.",4,5
EN_020_26__ES_020_26,es-en,train,Pero no me gusta ir al zoológico específicamente porque se ven tan tristes.,But I don't like going to the zoo specifically because they look so sad.,13,14
EN_020_27__ES_020_27,es-en,train,No me gusta ir al zoológico porque siento que he ido recientemente.,I don't like going to the zoo because I feel like I've been there recently.,12,15
EN_020_28__ES_020_28,es-en,train,"A lo mejor ha cambiado suficiente que si voy otra vez en encuentro divertido, pero...","Maybe it's changed enough that if I go back to find fun, but...",15,13
EN_020_29__ES_020_29,es-en,train,"cuando si visito otro lugar digo, ah y si voy al zoológico porque es","When I visit somewhere else, I say, oh and if I go to the zoo because it's",14,17
EN_020_2__ES_020_2,es-en,train,No hay nada que hacer aquí.,There's nothing to do here.,6,5
EN_020_30__ES_020_30,es-en,train,algo que nunca he visto,something that I've never seen.,5,5
EN_020_31__ES_020_31,es-en,train,"Sí hay, pero otras ciudades no mames que sus malls son...","There is, but other cities don't look like their malls are...",11,11
EN_020_32__ES_020_32,es-en,train,Enormes,Huge,1,1
EN_020_33__ES_020_33,es-en,train,"gigantes, sí.","giant, yeah.",2,2
EN_020_34__ES_020_34,es-en,train,He ido a casi todas las fuentes,I've been to almost all the sources.,7,7
EN_020_35__ES_020_35,es-en,train,pero casi siempre voy para el vino,But I almost always go for the wine.,7,8
EN_020_36__ES_020_36,es-en,train,si como tenemos armas,"Yeah, how do we have guns?",4,6
EN_020_37__ES_020_37,es-en,train,"Entonces si tocas warning, algo va a pasar.","So if you touch warning, something's gonna happen.",8,8
EN_020_38__ES_020_38,es-en,train,"Entonces, sí lo entiendo.",So I do get it.,4,5
EN_020_39__ES_020_39,es-en,train,Pero aún así no hay tantas tiendas chidas.,"But still, there's not that many cool stores.",8,8
EN_020_3__ES_020_3,es-en,train,progresan,They're making progress.,1,3
EN_020_40__ES_020_40,es-en,train,"Ah, sí lo he visto.","Oh, I've seen it.",5,4
EN_020_41__ES_020_41,es-en,train,"Sombreros, botas, pantalones, camisas, accesorios.","hats, boots, pants, shirts, accessories.",5,5
EN_020_42__ES_020_42,es-en,train,Es que tiene rancho.,It's because he has a ranch.,4,6
EN_020_43__ES_020_43,es-en,train,Así que tiene que comprar pantalones muy específicos.,So he has to buy very specific pants.,8,8
EN_020_4__ES_020_4,es-en,train,"Y dicen, ay extraño El Paso.","And they say, oh, I miss El Paso.",6,8
EN_020_5__ES_020_5,es-en,train,"La gente siempre esta diciendo que hay que- que no hay nada que hacer aquí, que esta muy aburrido",People are always saying that there's nothing to do here that's really boring.,19,13
EN_020_6__ES_020_6,es-en,train,las cosas únicas de El Paso,the unique things about El Paso.,6,6
EN_020_7__ES_020_7,es-en,train,Como las cosas que no puedes encontrar en otros lados,Like the things that you can't find on other sides.,10,10
EN_020_8__ES_020_8,es-en,train,"Sí, como actividades de desierto.","Yeah, like desert activities.",5,4
EN_020_9__ES_020_9,es-en,train,no me encanta la caminata pero,"I don't love hiking, but",6,5
EN_021_10__ES_021_10,es-en,train,La única cosa es que estaba muy sola.,The only thing is that I was really alone.,8,9
EN_021_11__ES_021_11,es-en,train,"No nada de eso, solamente turistas y vendedores.","Nothing like that, just tourists and sellers.",8,7
EN_021_12__ES_021_12,es-en,train,Llegamos ahí y nos estacionamos.,We got there and we parked.,5,6
EN_021_13__ES_021_13,es-en,train,"Y es muy extraño, la playa no era una línea recta, era más como una dona.","And it's really strange, the beach wasn't a straight line, it was more like a donut.",16,16
EN_021_14__ES_021_14,es-en,train,Estaba muy limpia y no había olas.,It was very clean and there were no waves.,7,9
EN_021_15__ES_021_15,es-en,train,Entonces podías nadar y cosas así.,So you could swim and stuff like that.,6,8
EN_021_16__ES_021_16,es-en,train,"Entonces, mi madre y mi hermana no les gusta nadar en el mar",So my mom and my sister don't like to swim in the sea.,13,13
EN_021_17__ES_021_17,es-en,train,"Ok, entonces dijimos vamos a estar aquí como por dos horas.","Okay, so we said let's be here for like two hours.",11,11
EN_021_18__ES_021_18,es-en,train,"Vamos a nadar y luego ya, nos vamos.",We're gonna swim and then we're gonna go.,8,8
EN_021_19__ES_021_19,es-en,train,"Entonces estuvimos andando, andando, andando.","So we were walking, walking, walking.",5,6
EN_021_1__ES_021_1,es-en,train,La historia es sobre unas vacaciones que tomé hace un par de años.,The story is about a vacation that I took a couple of years ago.,13,14
EN_021_20__ES_021_20,es-en,train,Y entonces en ese punto estábamos a la mitad de la sección.,And then at that point we were in the middle of the section.,12,13
EN_021_21__ES_021_21,es-en,train,"Cuando entramos, al mar...","When we get in, to the sea.",4,7
EN_021_22__ES_021_22,es-en,train,"Los vendedores nos dijeron, oigan, deberían caminar con sus pies en el suelo.","The sellers told us, hey, you should walk with your feet to the ground.",13,14
EN_021_23__ES_021_23,es-en,train,Creo que se llaman rayas.,I think they're called stripes.,5,5
EN_021_24__ES_021_24,es-en,train,Manta- ¿Mantarrayas?,Manta- Mantarrayas?,2,2
EN_021_25__ES_021_25,es-en,train,La que mató al cazador de cocodrilos,The one that killed the crocodile hunter.,7,7
EN_021_26__ES_021_26,es-en,train,Entonces vi un grande...,So I saw a big...,4,5
EN_021_27__ES_021_27,es-en,train,hoyo negro en el mar,black hole in the sea,5,5
EN_021_28__ES_021_28,es-en,train,"Entonces le dije a mi papá, hey, vamos a ver, ¿qué es eso?","So I told my dad, hey, let's see, what's that?",13,10
EN_021_29__ES_021_29,es-en,train,"Ay, no.","Oh, no.",2,2
EN_021_2__ES_021_2,es-en,train,"Fui con mi papá, mi mamá y mi hermana.","I went with my dad, my mom and my sister.",9,10
EN_021_30__ES_021_30,es-en,train,"El, o sea, error B, porque primeramente no sabía que era eso","The, I mean, error B, because first I didn't know what that was.",12,13
EN_021_31__ES_021_31,es-en,train,"Entonces mi papá me dice, hey, ya estoy cansado, vamos a volver.","So my dad says, hey, I'm already tired, let's go back.",12,11
EN_021_32__ES_021_32,es-en,train,No supimos que cuando cambiamos direcciones y luego regresamos...,We didn't know that when we switched directions and then we came back.,9,13
EN_021_33__ES_021_33,es-en,train,Nos encontrabamos más en la parte profunda del mar.,We were more in the deep part of the sea.,9,10
EN_021_34__ES_021_34,es-en,train,¿Menos hondo?.,Less deep?,2,2
EN_021_35__ES_021_35,es-en,train,"Sí, menos profunda parte del mar.",Less deep part of the sea.,6,6
EN_021_36__ES_021_36,es-en,train,"Entonces estaba pensando en mí de que estoy cansado, estoy cansado.","So I was thinking about myself that I'm tired, I'm tired.",11,11
EN_021_37__ES_021_37,es-en,train,Y no me puedo parar.,And I can't stop.,5,4
EN_021_38__ES_021_38,es-en,train,"Entonces, le- le digo a mi papá, papá...","So, I tell my dad, dad.",8,6
EN_021_39__ES_021_39,es-en,train,Ya me estoy cansando.,I'm getting tired.,4,3
EN_021_3__ES_021_3,es-en,train,Mi papá y mi mamá le gusta hacer más cosas turísticas.,My dad and my mom like to do more tourist things.,11,11
EN_021_40__ES_021_40,es-en,train,"Y él me mira directo a los ojos y dice, yo también.","And he looks me right in the eye and he says, me too.",12,13
EN_021_41__ES_021_41,es-en,train,me detengo,I stop.,2,2
EN_021_42__ES_021_42,es-en,train,Y siento como el- la corriente me está llevando más al mar abierto.,And I feel like the current is taking me more to the open sea.,13,14
EN_021_43__ES_021_43,es-en,train,"Entonces en ese punto tal vez no estaba tan cansado, pero me estaba estresando.","So at that point maybe I wasn't that tired, but I was getting stressed.",14,14
EN_021_44__ES_021_44,es-en,train,¿Te empezaste a asustar?,Did you start to get scared?,4,6
EN_021_45__ES_021_45,es-en,train,"Sí, sí, me está asustando.","Yeah, yeah, it's freaking me out.",5,6
EN_021_46__ES_021_46,es-en,train,¿Estabas así de lejos?,You were that far?,4,4
EN_021_47__ES_021_47,es-en,train,"Sí, o sea, no sabíamos qué tan lejos habíamos llegado.","Yeah, we didn't know how far we'd gotten.",10,8
EN_021_48__ES_021_48,es-en,train,Más o menos como unos cuantos cientos de metros.,Kind of like a few hundred meters.,9,7
EN_021_49__ES_021_49,es-en,train,Veo a una mujer con el- el agua llegándole a los hombros.,I see a woman with the water coming to her shoulders.,12,11
EN_021_4__ES_021_4,es-en,train,"Como ver la ciudad, las construcciones, cosas así.","Like see the city, the buildings, stuff like that.",8,9
EN_021_50__ES_021_50,es-en,train,"Decia, esa mujer no es tan alta como yo.","I mean, that woman isn't as tall as me.",9,9
EN_021_51__ES_021_51,es-en,train,¿Puedo ir ahí?,Can I go there?,3,4
EN_021_52__ES_021_52,es-en,train,Mis hombros estaban matándome.,My shoulders were killing me.,4,5
EN_021_53__ES_021_53,es-en,train,Mi espalda quemándose por el sol,My back is burning from the sun.,6,7
EN_021_54__ES_021_54,es-en,train,"No podía, no podía.","I couldn't, I couldn't.",4,4
EN_021_5__ES_021_5,es-en,train,"Decidimos rentar un carro, eh y visitar una ciudad que está como una hora o dos.",We decided to rent a car and visit a city that's like an hour or two.,16,16
EN_021_6__ES_021_6,es-en,train,"Bueno, un tipo ahí en el hotel nos dijo, ah, deberían ir a esta playa.","Well, a guy over there in the hotel told us, oh, you should go to this beach.",15,17
EN_021_7__ES_021_7,es-en,train,eh llamada Balandra que está como a 15 minutos de la capital,"uh called Balandra, which is like 15 minutes from the capital.",12,11
EN_021_8__ES_021_8,es-en,train,"Entonces dijimos, vamos a esa playa primero","So we say, let's go to that beach first.",7,9
EN_021_9__ES_021_9,es-en,train,Estaba muy cool.,It was really cool.,3,4
EN_022_10__ES_022_10,es-en,test,"Yo como que ya estaba cansado, cansado, dije no ya","I was kind of tired, tired, I said no more.",10,10
EN_022_11__ES_022_11,es-en,test,"Como que, que se termine así, ¿no?","Like, let it end like this, right?",7,7
EN_022_12__ES_022_12,es-en,test,pero por el- por el fin del año verdad,"But for the end of the year, that's true.",9,9
EN_022_13__ES_022_13,es-en,test,"Ajá, ¿no? Entonces, no, pues estábamos a mitad de año.","So, no, we were in the middle of the year.",10,10
EN_022_14__ES_022_14,es-en,test,"Entonces ya, se acabó.",So that's it.,4,3
EN_022_15__ES_022_15,es-en,test,"Terminamos y pero como a los, no sé, ¿qué te digo? Tres días volvimos, ¿no?","We ended up and like, I don't know, what do I tell you? We went back three days, right?",15,19
EN_022_16__ES_022_16,es-en,test,Bueno esta chava se enojó.,"Well, this girl got mad.",5,5
EN_022_17__ES_022_17,es-en,test,Pues porque yo salí,"Well, because I got out.",4,5
EN_022_18__ES_022_18,es-en,test,Entonces yo- yo- yo me fui.,So I- I- I left.,6,5
EN_022_19__ES_022_19,es-en,test,"Y me dice que, oye este, ¿dónde andas?","And he tells me, hey, where are you?",8,8
EN_022_1__ES_022_1,es-en,test,"Este, o más bien, nos esperábamos mucho","This one, or rather, we were expecting a lot.",7,9
EN_022_20__ES_022_20,es-en,test,"Pues le digo, no, pues me vine aquí a los 15 años de...","Well, I'm telling you, no, I came here at the age of 15.",13,13
EN_022_21__ES_022_21,es-en,test,"No sé, Juanita o alguien.","I don't know, Juanita or someone.",5,6
EN_022_22__ES_022_22,es-en,test,¿Tu novia?,Your girlfriend?,2,2
EN_022_23__ES_022_23,es-en,test,Exacto.,Exactly.,1,1
EN_022_24__ES_022_24,es-en,test,"Me dicen, no, terminamos.","They tell me, no, we're done.",4,6
EN_022_25__ES_022_25,es-en,test,"Porque, pues no sé, se enojó conmigo y ya.","'Cause I don't know, he just got mad at me.",9,10
EN_022_26__ES_022_26,es-en,test,"Ok, terminamos","Okay, we're done.",2,3
EN_022_27__ES_022_27,es-en,test,Y ahora viene una situación importante.,And now there's a big situation.,6,6
EN_022_28__ES_022_28,es-en,test,Era mitad de año.,It was mid-year.,4,3
EN_022_29__ES_022_29,es-en,test,Y va a haber un viaje escolar.,And there's going to be a school trip.,7,8
EN_022_2__ES_022_2,es-en,test,"Y salía más a quinceañeras y así, más fiestecillas.",And it was more like quinceañeras and more partying.,9,9
EN_022_30__ES_022_30,es-en,test,"Ibamos a ir al sur de México, este.","We were going to go to southern Mexico, this one.",8,10
EN_022_31__ES_022_31,es-en,test,Ah de- precisamente a Guanajuato,"Oh, just to Guanajuato.",5,4
EN_022_32__ES_022_32,es-en,test,"Ah, que padre.","Oh, what a father.",3,4
EN_022_33__ES_022_33,es-en,test,"Y le dije, oye, ¿sabes qué? No he ido a anotar mi nombre en la lista del viaje, ¿me acompañas?","And I said, hey, you know what, I didn't go to put my name on the travel list, do you want to join me?",20,24
EN_022_34__ES_022_34,es-en,test,"Ah, sí, sí.","Oh, yeah, yeah.",3,3
EN_022_35__ES_022_35,es-en,test,"Veo, a esta chava y a Enrique.",I see this girl and Enrique.,7,6
EN_022_36__ES_022_36,es-en,test,ahí de que el sentado y ella en sus piernas y así muy acaramelados no,"So he's sitting there and she's in her legs and she's like, like, really expensive.",15,15
EN_022_37__ES_022_37,es-en,test,"Entonces, yo, ya los veo y digo que falta respeto.",So I see them and I say that there's no respect.,10,11
EN_022_38__ES_022_38,es-en,test,Claro que pensé más cosas en mi cabeza en ese momento.,Of course I thought more things in my head at the time.,11,12
EN_022_39__ES_022_39,es-en,test,"Entonces este chavo me dice, ¿qué vas a hacer?, no sé qué","So this guy tells me, what are you gonna do? I don't know what?",12,14
EN_022_3__ES_022_3,es-en,test,"Ah, sí.","Oh, yeah.",2,2
EN_022_40__ES_022_40,es-en,test,Pues no voy a ir a hacer la de todos,"Well, I'm not going to go do everybody's.",10,8
EN_022_41__ES_022_41,es-en,test,Hice lo más... eh lo que se me ocurría mejor.,I did the most... what I could think of the best.,10,11
EN_022_42__ES_022_42,es-en,test,"Saqué mi celular, les doy una foto.","I took my cell phone, I give them a picture.",7,10
EN_022_43__ES_022_43,es-en,test,Y se la mandé a la novia de Enrique.,And I sent it to Enrique's girlfriend.,9,7
EN_022_44__ES_022_44,es-en,test,cuando yo yo empecé trabajando desde los desde los dieciséis,when I started working since I was 16.,10,8
EN_022_45__ES_022_45,es-en,test,y tenía un- un manejador que me caía muy mal,and I had a handler that I really liked.,10,9
EN_022_46__ES_022_46,es-en,test,"Siempre nos decía ah que no están haciendo esto bien, o de que nos gritaba.","He always told us that they're not doing this well, or that he was yelling at us.",15,17
EN_022_47__ES_022_47,es-en,test,empecé a trabajar mucho más duro,I started to work a lot harder.,6,7
EN_022_48__ES_022_48,es-en,test,y empezó a darme así trabajos más- más pesados.,And he started to give me heavier jobs.,9,8
EN_022_49__ES_022_49,es-en,test,porque nece- necesitaba ese trabajo para comprarme un carro.,because I needed that job to buy me a car.,9,10
EN_022_4__ES_022_4,es-en,test,Pues me gustaba andar en el rollo.,"Well, I liked hanging out on the roll.",7,8
EN_022_50__ES_022_50,es-en,test,"porque no no me lo iba a comprar mi mamá, ni mi abuela, ni nadie, ¿verdad?","because I wasn't gonna buy it from my mom or my grandma or anyone else, right?",16,16
EN_022_51__ES_022_51,es-en,test,que me promovieron a mí,that they promoted me.,5,4
EN_022_52__ES_022_52,es-en,test,y me hicieron a mí el manejador.,And they made me the handler.,7,6
EN_022_53__ES_022_53,es-en,test,"y lo mandaron ahí, a él, a la goma.",and they sent him there to the rubber.,9,8
EN_022_54__ES_022_54,es-en,test,Él trabajaba a- afuera.,He worked outside.,4,3
EN_022_55__ES_022_55,es-en,test,Pero lo mandaron adentro a la cocina.,But they sent him in to the kitchen.,7,8
EN_022_56__ES_022_56,es-en,test,Entonces que le le quitaron su puesto,So they took his job.,7,5
EN_022_57__ES_022_57,es-en,test,y ese me lo me lo dieron a mí.,And that one was given to me.,9,7
EN_022_5__ES_022_5,es-en,test,Ella toda celosa.,She's all jealous.,3,3
EN_022_6__ES_022_6,es-en,test,"Ajá, pues no no tanto, porque osea le decía que fuera, pero no le gustaba eso a ella.","Uh-huh, well, not so much, because I mean, I told her to go, but she didn't like that.",18,18
EN_022_7__ES_022_7,es-en,test,"Entonces, ay- ay- imitamos personajes secundarios aquí.",So oh oh oh oh oh oh oh oh oh oh oh oh oh oh oh oh oh oh oh oh oh oh oh oh oh oh oh oh oh oh oh oh oh oh oh oh oh oh oh oh oh oh oh oh oh oh oh oh oh oh oh oh oh oh oh oh oh oh oh oh oh oh oh oh oh oh oh oh oh oh oh oh oh oh oh oh oh oh oh oh oh oh oh oh oh oh oh oh oh oh oh oh oh oh oh oh oh oh oh oh oh oh oh oh oh oh oh oh oh,7,110
EN_022_8__ES_022_8,es-en,test,Yo tenía un mejor amigo que se llamaba Enrique.,I had a best friend named Enrique.,9,7
EN_022_9__ES_022_9,es-en,test,Pero le deciamos Quique.,But we told him Quique.,4,5
EN_023_10__ES_023_10,es-en,train,"con dormir, comer, ejercicio","with sleep, eating, exercise.",4,4
EN_023_11__ES_023_11,es-en,train,"Anoche casi no dormí, pero nomás porque fui al cine","Last night I almost didn't sleep, but just because I went to the movies.",10,14
EN_023_12__ES_023_12,es-en,train,"Siempre creo que puedo descansar poquito más, pero...","I always think I can rest a little bit more, but...",8,11
EN_023_13__ES_023_13,es-en,train,Pues si me me aventaba mis siestas,"Well, if I take my naps.",7,6
EN_023_14__ES_023_14,es-en,train,Yo pienso que cuando comencé a la universidad no pensaba en eso.,"I think that when I started college, I didn't think about that.",12,12
EN_023_15__ES_023_15,es-en,train,"nomás comía lo que sea, dormía cuando quería","I just ate whatever, I slept whenever I wanted.",8,9
EN_023_16__ES_023_16,es-en,train,Cuando podías más bien,When you could more well.,4,5
EN_023_17__ES_023_17,es-en,train,"Ejercicio, no ejercicio.","exercise, not exercise.",3,3
EN_023_18__ES_023_18,es-en,train,"Bueno, caminando en la en- osea en la escuela, pero pues no es...","Well, walking in the... in school, but it's not...",13,9
EN_023_19__ES_023_19,es-en,train,Diría que no es bastante.,I'd say it's not enough.,5,5
EN_023_1__ES_023_1,es-en,train,"Ah, sí déjame pensar.","Oh, yeah, let me think.",4,5
EN_023_20__ES_023_20,es-en,train,"Bueno, eso sería el primero","Well, that would be the first one.",5,7
EN_023_21__ES_023_21,es-en,train,"debes que planear, que vas a hacer todos los días, y la semana","You have to plan, what you're gonna do every day, and the week.",13,13
EN_023_22__ES_023_22,es-en,train,y el mes y el año.,and the month and the year.,6,6
EN_023_24__ES_023_24,es-en,train,y ya cuando comencé a- ¿como se dice?,"And when I started to, what do you say?",8,9
EN_023_25__ES_023_25,es-en,train,tu doctorado,Your PhD.,2,2
EN_023_26__ES_023_26,es-en,train,El doctor Housey,Dr. Housey.,3,2
EN_023_27__ES_023_27,es-en,train,ya no tienes como alguien decirte qué debes que hacer exactamente.,You don't have like someone to tell you what you have to do exactly.,11,14
EN_023_28__ES_023_28,es-en,train,"Entonces, el tiempo que estás trabajando...",So the time that you're working...,6,6
EN_023_29__ES_023_29,es-en,train,"o qué haces o cuándo lo haces, eso tú lo decides.","or what you do or when you do, that's for you to decide.",11,13
EN_023_2__ES_023_2,es-en,train,Debes que dormir bastante.,You have to sleep a lot.,4,6
EN_023_30__ES_023_30,es-en,train,Y si no tienes como una manera de pensar de qué vas a hacer y cuándo lo vas a hacer.,And if you don't have a way of thinking about what you're going to do and when you're going to do it.,20,22
EN_023_31__ES_023_31,es-en,train,pues no vas a hacer bien,"Well, you're not gonna do well.",6,6
EN_023_32__ES_023_32,es-en,train,"Ser tu propio, jefe, sí cierto.","Be your own boss, yeah.",6,5
EN_023_33__ES_023_33,es-en,train,"Pues antes nomás sería, haz esto ah para esta fecha. Ajá","Well, before it was just like, do this ah by this date. Mm-hmm.",11,13
EN_023_34__ES_023_34,es-en,train,Y entrágalo y ya,And just put it in.,4,5
EN_023_35__ES_023_35,es-en,train,"Y luego te vamos a dar noventa, ochenta, cien, lo que sea.","And then we're gonna give you 90, 80, 100, whatever.",12,10
EN_023_36__ES_023_36,es-en,train,¿En serio no te dan calificaciones para nada?,They really don't give you any grades at all?,8,9
EN_023_37__ES_023_37,es-en,train,al principio debes que tomar clases entonces,"At the beginning, you have to take classes.",7,8
EN_023_38__ES_023_38,es-en,train,"es igual, nomás tan un poco más difícil","It's the same, it's just a little more difficult.",8,9
EN_023_39__ES_023_39,es-en,train,pero algunas clases son más ah pa- la gente que está haciendo maestría o doctorado.,but some classes are more ah- the people that are doing master's or Ph.D.,15,14
EN_023_3__ES_023_3,es-en,train,"Comer, bien.","Eat, okay.",2,2
EN_023_40__ES_023_40,es-en,train,y está un poco más difícil,and it's a little more difficult.,6,6
EN_023_41__ES_023_41,es-en,train,depende con quien te toca,Depends on who you're with.,5,5
EN_023_42__ES_023_42,es-en,train,"Si si me imagino. Ay, ya me dio miedo.","Yeah, I can imagine. Oh, I'm scared.",9,7
EN_023_43__ES_023_43,es-en,train,¿Quieres que yo diga uno mientras lo piensas?,Do you want me to say one while you think about it?,8,12
EN_023_44__ES_023_44,es-en,train,Sí.,Yeah.,1,1
EN_023_45__ES_023_45,es-en,train,El primero que yo iba a decir era igual que que cuides tu salud.,The first one that I was gonna say was just like take care of your health.,14,16
EN_023_46__ES_023_46,es-en,train,Y no sé por qué la gente no pregunta cosas.,And I don't know why people don't ask things.,10,9
EN_023_47__ES_023_47,es-en,train,"a lo mejor le dan miedo, si","Maybe they're scary, yeah.",7,4
EN_023_48__ES_023_48,es-en,train,La vergüenza.,Shame.,2,1
EN_023_49__ES_023_49,es-en,train,Van a pensar que a lo mejor te dan peor calificaciones si estás preguntando cosas.,They're gonna think that maybe they give you worse grades if you're asking things.,15,14
EN_023_4__ES_023_4,es-en,train,hacer ejercicio,exercise.,2,1
EN_023_50__ES_023_50,es-en,train,pues ya he trabajado como asistente com-,"Well, I've already worked as an assistant.",7,7
EN_023_51__ES_023_51,es-en,train,"por no sé, cinco semestres o algo así.",for like five semesters or something like that.,8,8
EN_023_5__ES_023_5,es-en,train,No sé si esos cuentan como un tre-.,I don't know if those count like three.,8,8
EN_023_6__ES_023_6,es-en,train,Eso sería...,That would be...,2,3
EN_023_7__ES_023_7,es-en,train,lo más importante creo que he aprendido,the most important thing I think I've learned.,7,8
EN_023_8__ES_023_8,es-en,train,Que cuides tu salud.,to take care of your health.,4,6
EN_023_9__ES_023_9,es-en,train,¿Dirías tú que estás haciendo bien?,Would you say that you're doing well?,6,7
EN_024_10__ES_024_10,es-en,test,"Sí, claro.","Yeah, of course.",2,3
EN_024_11__ES_024_11,es-en,train,eh pienso eso y creo que hacen un buen trabajo,I think of that and I think they do a good job.,10,12
EN_024_12__ES_024_12,es-en,train,"Quiero decir, o sea, nunca los he necesitado para algo serio.","I mean, I've never needed them for anything serious.",11,9
EN_024_13__ES_024_13,es-en,test,Eso es lo exacto que me pasó a mí.,That's the exact thing that happened to me.,9,8
EN_024_14__ES_024_14,es-en,test,Entonces siento que yo me tengo que preocupar desde eso.,So I feel like I have to worry about that.,10,10
EN_024_15__ES_024_15,es-en,test,Pero pasó esto cuando tenía dieciséis.,But this happened when I was 16.,6,7
EN_024_16__ES_024_16,es-en,test,Yo y mi amigo Isaac.,Me and my friend Isaac.,5,5
EN_024_17__ES_024_17,es-en,test,Isaac tenía diecisiete.,Isaac was seventeen.,3,3
EN_024_18__ES_024_18,es-en,test,Era una fiesta en un en un barrio sketchy.,It was a party in a sketchy neighborhood.,9,8
EN_024_19__ES_024_19,es-en,test,¿Sabes qué son los casas de apoyo del gobierno?,Do you know what government support houses are?,9,8
EN_024_1__ES_024_1,es-en,test,"Entonces, ayer me estabas diciendo de una experiencia rara que tuviste con los, la policía en México.","So yesterday you were telling me about a weird experience that you had with the, uh, the police in Mexico.",17,20
EN_024_20__ES_024_20,es-en,train,"Ah, sí, sí, sí, uh sé que son, pero no sé dónde están.","Yeah, yeah, yeah, I know what they are, but I don't know where they are.",13,15
EN_024_21__ES_024_21,es-en,test,Era era un un barrio sospechoso.,It was a suspicious neighborhood.,6,5
EN_024_22__ES_024_22,es-en,train,Como en el centro.,Like downtown.,4,2
EN_024_23__ES_024_23,es-en,test,"No, eran eran algunos en El Paso.","No, it was some in El Paso.",7,7
EN_024_24__ES_024_24,es-en,test,"Digo, no en El Paso en el Westside.","I mean, not in El Paso in the Westside.",8,9
EN_024_25__ES_024_25,es-en,train,"Ok, no se donde estan pero okey","Okay, I don't know where they are, but okay.",7,9
EN_024_26__ES_024_26,es-en,test,"Entonces era en un barrio sospechoso, ¿verdad?","So it was in a suspicious neighborhood, right?",7,8
EN_024_27__ES_024_27,es-en,test,Estábamos haciendo nuestra cosa.,We were doing our thing.,4,5
EN_024_28__ES_024_28,es-en,test,Teníamos dieciséis. Estábamos festejando.,We were sixteen. We were celebrating.,4,6
EN_024_29__ES_024_29,es-en,test,Pues si sabes sabes por el área había gente loca no te voy a mentir,"Well, if you know, in the area, there were crazy people, I'm not gonna lie to you.",15,17
EN_024_2__ES_024_2,es-en,test,Y me acordé de un um una experiencia mala que yo tuve aquí en los Estados Unidos con la policía.,And I remembered a bad experience that I had here in the United States with the police.,20,17
EN_024_30__ES_024_30,es-en,test,Había gente haciendo coca y yo estaba como woah,There were people making coke and I was like woo.,9,10
EN_024_31__ES_024_31,es-en,test,"Y me estaban diciendo y yo les dije, no, yo no quiero hacer coca.","And they were telling me and I told them, no, I don't want to make coke.",14,16
EN_024_32__ES_024_32,es-en,train,¿Estabas en la en la casa?,You were in the house?,6,5
EN_024_33__ES_024_33,es-en,test,"Oh, era fiesta afuera, en el jardín, mm-hmm mm-hmm.","Oh, it was party outside in the garden, mm-hmm-hmm.",9,9
EN_024_34__ES_024_34,es-en,test,¿Y de todos del grupo?,And everyone in the group?,5,5
EN_024_35__ES_024_35,es-en,test,uh escogieron a mí y mi amigo.,They picked me and my friend.,7,6
EN_024_36__ES_024_36,es-en,train,Probablemente pues porque eran los niños menores de edad.,Probably because it was the underage children.,9,7
EN_024_37__ES_024_37,es-en,test,Todos ahí tenían más o menos el mismo edad.,Everyone there was about the same age.,9,7
EN_024_38__ES_024_38,es-en,train,"Ah, okey okey.","Oh, okay, okay.",3,3
EN_024_39__ES_024_39,es-en,test,Nos nos pusieron en esposas.,They put us in handcuffs.,5,5
EN_024_3__ES_024_3,es-en,test,"Bueno, deja te pregunto primero.","Well, let me ask you first.",5,6
EN_024_40__ES_024_40,es-en,test,"Nos dijeron, uh tírate al suelo, tírate al suelo. Nos tenían en el piso.","They told us, uh, get down on the ground, get down on the ground, they had us on the floor.",14,20
EN_024_41__ES_024_41,es-en,test,y hablaron como quince más policías.,and they talked like 15 more cops.,6,7
EN_024_42__ES_024_42,es-en,train,como para diez adolescentes.,for like ten teenagers.,4,4
EN_024_43__ES_024_43,es-en,test,"Ni eso, ni eso porque ya todos se estában yendo, ¿verdad?","Neither that, or that because everyone was already leaving, right?",11,10
EN_024_44__ES_024_44,es-en,test,"Y yo estaba como como, ¿qué pedo? como ¿qué está pasando?","And I was like, what fart? Like, what's going on?",11,10
EN_024_45__ES_024_45,es-en,test,"Y eran tan feos, sabes que que me decían, me decían, cállate.","And they were so ugly, you know what they call me, they call me, shut up.",12,16
EN_024_46__ES_024_46,es-en,train,"Pero, ¿llaman a tus papás o no? Pues, eras menor de edad","But did they call your parents or not? Well, you were underage.",12,12
EN_024_47__ES_024_47,es-en,test,Después de unas horas...,After a few hours.,4,4
EN_024_48__ES_024_48,es-en,train,"Ah, en el jardín, en la casa.","Ah, in the garden, in the house.",7,7
EN_024_4__ES_024_4,es-en,test,Uh ¿qué crees de la policía aquí en los Estados Unidos?,What do you think about the police here in the United States?,11,12
EN_024_5__ES_024_5,es-en,train,"Digo, tengo como dos opiniones.","I mean, I have like two opinions.",5,7
EN_024_6__ES_024_6,es-en,train,Porque pues he visto las noticias aqui,Because I've seen the news here.,7,6
EN_024_7__ES_024_7,es-en,train,Si no tengo miedo o no he hecho nada malo.,If I'm not afraid or I haven't done anything wrong.,10,10
EN_024_8__ES_024_8,es-en,train,Entonces no tengo razones para...,So I have no reason to...,5,6
EN_024_9__ES_024_9,es-en,train,Pa- no tengo razones para estar nervioso,I don't have reason to be nervous.,7,7
EN_025_10__ES_025_10,es-en,train,Entonces mucha de la música que había escogido originalmente,So a lot of the music that I had originally picked.,9,11
EN_025_11__ES_025_11,es-en,train,Resulta que tiene letra muy triste.,Turns out he has really sad lyrics.,6,7
EN_025_12__ES_025_12,es-en,train,"Como de teniendo un corazón roto, estar triste, algo así, así que.","Like having a broken heart, being sad, something like that, so.",12,11
EN_025_13__ES_025_13,es-en,train,Tuve que escoger algo que a mi me gusta.,I had to pick something that I like.,9,8
EN_025_14__ES_025_14,es-en,train,que a la gente le gusta y también que fuera adecuada para una boda.,that people like it and also that it was suitable for a wedding.,14,13
EN_025_15__ES_025_15,es-en,train,"y que no era sobre, si corazones rotos o algo así.","And it wasn't about, like, broken hearts or something like that.",11,11
EN_025_16__ES_025_16,es-en,train,Corazones rotos.,Heartbreak.,2,1
EN_025_17__ES_025_17,es-en,train,"Si, solo termine escogiendo cinco canciones","Yeah, I just ended up picking five songs.",6,8
EN_025_18__ES_025_18,es-en,train,Cada una es como diferente género.,Each one is like different genre.,6,6
EN_025_19__ES_025_19,es-en,train,para que tenga variedad.,so that he has variety.,4,5
EN_025_1__ES_025_1,es-en,train,"Así que en general, ¿qué qué música te gusta escuchar?","So in general, what music do you like to listen to?",10,11
EN_025_20__ES_025_20,es-en,train,"Si, si, eventualmente se pone como","Yeah, yeah, it eventually gets like",6,6
EN_025_21__ES_025_21,es-en,train,Es muy groovy ah [risa].,It's really groovy.,5,3
EN_025_22__ES_025_22,es-en,train,"y uh, cambia, si","and uh, it changes, yeah.",4,5
EN_025_23__ES_025_23,es-en,train,"No, está bien, me gusta.","No, it's okay, I like it.",5,6
EN_025_24__ES_025_24,es-en,train,Sale en la película,It comes out in the movie.,4,6
EN_025_25__ES_025_25,es-en,train,"Es probablemente de los ochentas o noventas, ¿verdad?","Probably from the '80s or '90s, right?",8,7
EN_025_26__ES_025_26,es-en,train,Están haciendo como inteligencia artificial y le están poniendo en esta mujer.,They're doing artificial intelligence and they're putting it in this woman.,12,11
EN_025_27__ES_025_27,es-en,train,"No, algo parecido, pero es...","No, something like that, but it's...",5,6
EN_025_28__ES_025_28,es-en,train,En ese género,in that genre.,3,3
EN_025_29__ES_025_29,es-en,train,voy a tener que buscar como se llama pero si ponen inteligente artificial en esta mujer,"I'm gonna have to look for what it's called, but if they put artificial intelligence into this woman.",16,18
EN_025_2__ES_025_2,es-en,train,"Sí so, iba a batallar diciéndote cuál música me gusta ah escuchar.","Yeah, I was gonna fight telling you which music I like to listen to.",12,14
EN_025_30__ES_025_30,es-en,train,Y a esta persona lo invitan para que comience a estudiar. Y luego resulta que esta mujer.,"And this person is invited to start studying, and then it turns out that this woman.",17,16
EN_025_31__ES_025_31,es-en,train,Hay una escena donde la persona que hizo la...,There's a scene where the person that made the...,9,9
EN_025_32__ES_025_32,es-en,train,está bailando y está bailando con todas las,he's dancing and he's dancing with all the,8,8
EN_025_33__ES_025_33,es-en,train,Está como bailando con dos mujeres que también son... sí.,He's like dancing with two women who are also... yeah.,10,10
EN_025_34__ES_025_34,es-en,train,robot,Robot.,1,1
EN_025_35__ES_025_35,es-en,train,"si, y luego la canción sale y están bailando y esta un poco raro porque también son","Yeah, and then the song comes out and they're dancing and it's kind of weird because they're also",17,18
EN_025_36__ES_025_36,es-en,train,Robots.,Robots.,1,1
EN_025_37__ES_025_37,es-en,train,Entonces esa era la primera.,So that was the first one.,5,6
EN_025_38__ES_025_38,es-en,train,quería tener algo como funky,I wanted to have something funky.,5,6
EN_025_39__ES_025_39,es-en,train,Me gusta lo funky.,I like funky.,4,3
EN_025_3__ES_025_3,es-en,train,Entonces tengo una lista de música aquí que hice.,So I have a list of music here that I made.,9,11
EN_025_40__ES_025_40,es-en,train,"Sí, tiene que tener ritmo ritmo rápido, sí.","Yeah, it has to have a fast rhythm, yeah.",8,9
EN_025_41__ES_025_41,es-en,train,rápido,Quick.,1,1
EN_025_42__ES_025_42,es-en,train,"Eventualmente si escogí si escogí, algo más lento.","Eventually, I did pick if I picked something slower.",8,9
EN_025_43__ES_025_43,es-en,train,"Segundo, escogí esta canción de pop francés","Second, I picked this French pop song.",7,7
EN_025_44__ES_025_44,es-en,train,Resulta que mucha de la música que Spotify me recomienda o que me gusta es pop francés,Turns out that a lot of the music that Spotify recommends to me or that I like is French pop.,17,20
EN_025_45__ES_025_45,es-en,train,"Bueno, está difícil pronunciar, pero es como...","Well, it's hard to pronounce, but it's like...",7,8
EN_025_46__ES_025_46,es-en,train,Suena como Beach House un poco.,Sounds like Beach House a little bit.,6,7
EN_025_47__ES_025_47,es-en,train,si bueno no está muy rápida uh no está tan optimistica tampoco,"Yeah, well, it's not that fast. It's not that optimistic, either.",12,11
EN_025_48__ES_025_48,es-en,train,"pero también es algo que me gusta que puedan tocar en el background, me imagino que","But it's also something that I like that they can play in the background, I imagine.",16,16
EN_025_49__ES_025_49,es-en,train,van a estar tocando mucho de esto y la gente,They're gonna be playing a lot of this and people.,10,10
EN_025_4__ES_025_4,es-en,train,para una boda que voy a ir,for a wedding that I'm going to.,7,7
EN_025_50__ES_025_50,es-en,train,no van a poner atención por- porque es una moda,They're not going to pay attention because it's a fashion.,10,10
EN_025_51__ES_025_51,es-en,train,Beach House como música de House,Beach House as House music.,6,5
EN_025_52__ES_025_52,es-en,train,"No, como la, ni se si sería banda porque son como dos personas.","No, like the, I don't know if it would be a band because they're like two people.",13,17
EN_025_53__ES_025_53,es-en,train,Actualmente sí se escucha parecido hmm.,"Actually, it does sound similar. Hmm.",6,6
EN_025_54__ES_025_54,es-en,train,Pero es un artista o un género?,But is it an artist or a genre?,7,8
EN_025_55__ES_025_55,es-en,train,"Sí no, ese es un artista.","Yeah, no, that's an artist.",6,5
EN_025_56__ES_025_56,es-en,train,llamado Pichos,called Pichos.,2,2
EN_025_57__ES_025_57,es-en,train,"Pichos, tiene música medio buena","Pichos, he has kind of good music.",5,7
EN_025_58__ES_025_58,es-en,train,Tal vez te guste.,Maybe you'll like it.,4,4
EN_025_59__ES_025_59,es-en,train,"Porque House es un género, entonces imagino que...","Because House is a genre, so I imagine that...",8,9
EN_025_5__ES_025_5,es-en,train,en la invitación tenía como una invitación decía,in the invitation it had like an invitation it said,8,10
EN_025_60__ES_025_60,es-en,train,Picho es un subgénero.,Picho is a subgenre.,4,4
EN_025_6__ES_025_6,es-en,train,dime qué tipo de música te gusta escuchar,tell me what kind of music you like to listen to.,8,11
EN_025_7__ES_025_7,es-en,train,Entonces tú escoger música que a mí me gusta y también la gente...,"So you pick music that I like and people, too.",13,10
EN_025_8__ES_025_8,es-en,train,en la boda le gustaría así y no está muy rara.,"at the wedding, he would like it that way and it's not that weird.",11,14
EN_025_9__ES_025_9,es-en,train,Les gustaría,They'd like to.,2,3
EN_026_10__ES_026_10,es-en,train,Mas bien con la comida rápida porque tiene como...,More like with fast food because it has like...,9,9
EN_026_11__ES_026_11,es-en,train,"no sé, como se diría, como estigma a lo mejor","I don't know, like, like stigma, maybe.",10,7
EN_026_12__ES_026_12,es-en,train,"que si estás trabajando ese tipo de trabajo, si","if you're working that type of job, yeah.",9,8
EN_026_13__ES_026_13,es-en,train,Significa algo que no es cierto.,It means something that's not true.,6,6
EN_026_14__ES_026_14,es-en,train,"Si como que, solamente, eres bueno para eso y...","Yeah, I mean, you're just good at that and...",9,9
EN_026_15__ES_026_15,es-en,train,"si algo sale mal con la comida o con el recibo, no sé, lo que sea.","if something goes wrong with the food or with the receipt, I don't know, whatever.",16,15
EN_026_16__ES_026_16,es-en,train,Se enojan demasiado.,They get too mad.,3,4
EN_026_17__ES_026_17,es-en,train,"Pues lo que me imagino, porque la verdad a mí no me ha tocado tanto.","Well, what I imagine, because the truth hasn't really touched me that much.",15,13
EN_026_18__ES_026_18,es-en,train,"O si si se me ha tocado, yo me defiendo.","Or if it's touched, I defend myself.",10,7
EN_026_19__ES_026_19,es-en,train,yo les enseño que no soy menos,I show them that I'm not less.,7,7
EN_026_1__ES_026_1,es-en,train,"Para empezar, una de de las cosas que me molestan más que nada...","To start with, one of the things that bothers me more than anything.",13,13
EN_026_20__ES_026_20,es-en,train,"Pero cuando la gente trata así a otra gente, a mí me hace sentir así como que ¡arg!...","But when people treat other people like that, it makes me feel like...",18,13
EN_026_21__ES_026_21,es-en,train,si ha habido tiempos cuando ves a alguien que lo estan tratando mal,if there's been times when you see someone who's being treated badly.,13,12
EN_026_22__ES_026_22,es-en,train,"Pero me acuerdo que la mesera era muy calladita, asi muy chiquita.","But I remember that the waitress was really quiet, really small.",12,11
EN_026_23__ES_026_23,es-en,train,"Estaba chiquita, flaquita y muy delicada.","She was small, skinny and very delicate.",6,7
EN_026_24__ES_026_24,es-en,train,"No es mi amigo, es amigo de mi amigo.","He's not my friend, he's my friend's friend.",9,8
EN_026_25__ES_026_25,es-en,train,"Sí, sí, tráeme agua por favor. Sí, sí, quiero esto para comer.","Yeah, yeah, bring me some water, please. Yeah, yeah, I want this to eat.",12,14
EN_026_26__ES_026_26,es-en,train,"Bueno, ahorita porque muchos trabajos dependen de los tips.","Well, right now because a lot of jobs depend on the tips.",9,12
EN_026_27__ES_026_27,es-en,train,"Al menos que tienen así súper, súper mal servicio.",Unless they have like super bad service.,9,7
EN_026_28__ES_026_28,es-en,train,a la mejor afecta el tip.,Maybe it affects the tip.,6,5
EN_026_29__ES_026_29,es-en,train,"Y sí, como que no lo tomo personal si la comida no sale bien.","And yeah, I don't take it personally if the food doesn't come out well.",14,14
EN_026_2__ES_026_2,es-en,train,"Gente que, te tratan como si eres menos que ellos.",People that treat you like you're less than them.,10,9
EN_026_30__ES_026_30,es-en,train,Nunca van a regresar porque la comida estába bien fea y lo que sea.,They're never gonna come back because the food was really bad and whatever.,14,13
EN_026_31__ES_026_31,es-en,train,A lo mejor porque no me gusta como...,Maybe because I don't like how...,8,6
EN_026_32__ES_026_32,es-en,train,confrontar,confront,1,1
EN_026_33__ES_026_33,es-en,train,confrontar a la gente,confront people.,4,2
EN_026_34__ES_026_34,es-en,train,"Casi siempre cuando la comida no sale muy bien, pues la siguiente vez...","Almost always when the food doesn't come out very well, because the next time...",13,14
EN_026_35__ES_026_35,es-en,train,¿Ordenas algo más?,Do you order anything else?,3,5
EN_026_36__ES_026_36,es-en,train,ordeno algo más o si está así muy muy mal pues...,"I order something else or if it's like really bad, well...",11,11
EN_026_37__ES_026_37,es-en,train,Considero no ir al lugar otra vez.,I consider not going to the place again.,7,8
EN_026_38__ES_026_38,es-en,train,Imagino que la gente piensa como que...,I imagine that people think like...,7,6
EN_026_39__ES_026_39,es-en,train,porque tienen tantos empleados,because they have so many employees.,4,6
EN_026_3__ES_026_3,es-en,train,Has de cuenta la gente que está en una posición más alta que tú.,Count the people that are in a higher position than you.,14,11
EN_026_40__ES_026_40,es-en,train,cualquier persona puede hacer e- ese trabajo,Any person can do that job.,7,6
EN_026_41__ES_026_41,es-en,train,"entonces, son como reemplazables, y","So they're like replaceable, and",5,5
EN_026_42__ES_026_42,es-en,train,como que no tienen tanta importancia la gente que está trabajando ahí,They don't have that much importance. The people that are working there.,12,12
EN_026_43__ES_026_43,es-en,train,"Es una mala mentalidad, digo yo.","It's a bad mentality, I say.",6,6
EN_026_44__ES_026_44,es-en,train,"Pero algunos trabajos sí, algunos trabajos no.","But some jobs, yeah, some jobs, no.",7,7
EN_026_45__ES_026_45,es-en,train,Me imagino que debes que saber cuáles tipos de trabajos debes quedarte y cuáles no.,I imagine you have to know which types of jobs you have to stay and which ones you don't.,15,19
EN_026_46__ES_026_46,es-en,train,"Oh, también he notado que a veces la gente cuando alguien no habla otro idioma","Oh, I've also noticed that sometimes people when someone doesn't speak another language.",15,13
EN_026_47__ES_026_47,es-en,train,La gente no habla a la persona que no habla el idioma.,People don't speak to the person who doesn't speak the language.,12,11
EN_026_48__ES_026_48,es-en,train,Nomás está hablando a la persona que traduce.,He's just talking to the person that translates.,8,8
EN_026_4__ES_026_4,es-en,train,Te tratan como un menor.,They treat you like a minor.,5,6
EN_026_5__ES_026_5,es-en,train,"No nomás de edad, pero pero también de posición.","No more age, but also position.",9,6
EN_026_6__ES_026_6,es-en,train,"algo que, es común",something that's common.,4,3
EN_026_7__ES_026_7,es-en,train,Es cuando vas a un lugar como de comida rápida,That's when you go to a place like fast food.,10,10
EN_026_8__ES_026_8,es-en,train,hay mucha gente que trata a la gente que lo está sirviendo o haciendo la comida,There's a lot of people that treat people that are serving them or making the food.,16,16
EN_026_9__ES_026_9,es-en,train,Pues están ahí para solamente para hacer la comida hacer la comida y nada más.,"Well, they're there to only make the food to make the food and nothing else.",15,15
EN_027_10__ES_027_10,es-en,test,"Sí, sí podría, trataría.","Yeah, I could, I would try.",4,6
EN_027_11__ES_027_11,es-en,test,de vivir en diferentes lugares por más tiempo a la vez.,to live in different places for more time at a time.,11,11
EN_027_12__ES_027_12,es-en,test,"No nomás sería visitando, sería...","It would just be visiting, it would be...",5,8
EN_027_13__ES_027_13,es-en,test,mudando a un lugar,moving somewhere.,4,2
EN_027_14__ES_027_14,es-en,test,quedando ahí por unos años,staying there for a few years.,5,6
EN_027_15__ES_027_15,es-en,test,moviendo a otro lugar y así,moving somewhere else and like,6,5
EN_027_16__ES_027_16,es-en,test,Parece muy difícil.,It seems very difficult.,3,4
EN_027_17__ES_027_17,es-en,test,Pues es una lista de deseos entonce-.,"Well, it's a wish list, then.",7,6
EN_027_18__ES_027_18,es-en,test,Voy a agregar cosas difíciles.,I'm gonna add some tough stuff.,5,6
EN_027_19__ES_027_19,es-en,test,Siento que es algo que podrías desear.,I feel like it's something that you could wish for.,7,10
EN_027_1__ES_027_1,es-en,train,¿Lista de deseos? ¿Cuál es la tuya?,list of wishes? What's yours?,7,5
EN_027_20__ES_027_20,es-en,train,Eso me parece divertido.,I think that's funny.,4,4
EN_027_21__ES_027_21,es-en,test,si tendrías una casa pequeña,if you had a small house.,5,6
EN_027_22__ES_027_22,es-en,train,"Bueno, casas móviles no parecen tan lujosas, pero...","Well, mobile homes don't look that luxurious, but...",8,8
EN_027_23__ES_027_23,es-en,train,Pues es una lista de deseos,"Well, it's a wish list.",6,5
EN_027_24__ES_027_24,es-en,test,tienes lugares específicos que quieres ir,You have specific places that you want to go.,6,9
EN_027_25__ES_027_25,es-en,train,"Filantropía no sería la palabra correcta, pero...","Philanthropy wouldn't be the right word, but...",7,7
EN_027_26__ES_027_26,es-en,test,para tipo de trabajo de caridad,for type of charity work.,6,5
EN_027_27__ES_027_27,es-en,train,Sí.,Yeah.,1,1
EN_027_28__ES_027_28,es-en,train,Así que...,So...,2,1
EN_027_29__ES_027_29,es-en,test,"Hmm, ¿siendo filántropa es parte de tu lista de deseos?","Hmm, being a philanthropist is part of your wish list?",10,10
EN_027_2__ES_027_2,es-en,test,"Mmm, cierto.",Right.,2,1
EN_027_30__ES_027_30,es-en,test,No sé la definición de filántropo.,I don't know the definition of philanthropist.,6,7
EN_027_31__ES_027_31,es-en,test,pero es como dedicando tu vida para ayudar a los otros.,but it's like dedicating your life to helping the others.,11,10
EN_027_32__ES_027_32,es-en,test,Entonces eso podría ser dinero o podría ser tiempo.,So that could be money or it could be time.,9,10
EN_027_33__ES_027_33,es-en,test,"ser cómodo, no rico","be comfortable, not rich.",4,4
EN_027_34__ES_027_34,es-en,test,pero todavía podría dedicar mucho de este tiempo.,but I could still spend a lot of time.,8,9
EN_027_35__ES_027_35,es-en,test,"Sí, hay cosas en que eres bueno.","Yeah, there's stuff that you're good at.",7,7
EN_027_36__ES_027_36,es-en,test,cosas que quieres hacer,things that you want to do.,4,6
EN_027_37__ES_027_37,es-en,test,y no siempre son las mismas cosas,And it's not always the same things.,7,7
EN_027_3__ES_027_3,es-en,test,Pienso que mucha gente tiene en su lista de deseos viajar.,I think that a lot of people have on their wish list to travel.,11,14
EN_027_4__ES_027_4,es-en,test,Me parece obvio mmm.,I think it's obvious.,4,4
EN_027_5__ES_027_5,es-en,test,"Entonces, viajando afuera de los Estados Unidos.","So, traveling outside the United States.",7,6
EN_027_6__ES_027_6,es-en,test,Parece que puede ser divertido.,It seems like it can be fun.,5,7
EN_027_7__ES_027_7,es-en,test,No diría que es algo para desear.,I wouldn't say it's something to wish for.,7,8
EN_027_8__ES_027_8,es-en,test,porque para mucha gente es obtenible,because for a lot of people it's getable.,6,8
EN_027_9__ES_027_9,es-en,test,un lugar específico diría,a specific place I'd say.,4,5
EN_028_10__ES_028_10,es-en,train,"imagino que es de como de, ajá","I imagine it's from like, uh-huh.",7,6
EN_028_11__ES_028_11,es-en,train,Los principios.,The principles.,2,2
EN_028_12__ES_028_12,es-en,train,Y otros tipos de electives no has considerado como...,And other types of electives you haven't considered as...,9,9
EN_028_13__ES_028_13,es-en,train,entonces puedes terminar,So you can finish.,3,4
EN_028_14__ES_028_14,es-en,train,bueno puedes tomar clases en otros países,"Well, you can take classes in other countries.",7,8
EN_028_15__ES_028_15,es-en,train,y luego sirven para tu degree,and then they serve for your degree.,6,7
EN_028_16__ES_028_16,es-en,train,"porque hay como clases de arte, eh de películas, música...","because there's like art classes, movies, music.",10,7
EN_028_17__ES_028_17,es-en,train,"Y luego hay como, no se como se dice uh, dinero para...","And then there's like, I don't know how to say it, uh, money for...",12,14
EN_028_18__ES_028_18,es-en,train,Y si tuvieras que tomar otra clase uh para este semestre?,And if you had to take another class for this semester?,11,11
EN_028_19__ES_028_19,es-en,train,sé que puedes imprimir como todas las clases que has tomado pero,"I know that you can print like all the classes that you've taken, but",12,14
EN_028_1__ES_028_1,es-en,train,"a- aprendí que ibas a tomar 12 horas en el, otoño",I learned that you were going to take 12 hours in the fall.,11,13
EN_028_20__ES_028_20,es-en,train,"Sí, creo que no está en esa página, pero hay otra página donde puedes poner como tu degree plan.","Yeah, I think it's not on that page, but there's another page where you can put in your degree plan.",19,20
EN_028_21__ES_028_21,es-en,train,y luego te dice que te falta,and then he tells you that you're missing.,7,8
EN_028_22__ES_028_22,es-en,train,Otra vez acá en la página que estabas,Here again on the page that you were.,8,8
EN_028_23__ES_028_23,es-en,train,ah acá en el dashboard,oh here on the dashboard,5,5
EN_028_24__ES_028_24,es-en,train,"Creo que sí hay, pero no sé cómo buscarla.","I think there is, but I don't know how to look for it.",9,13
EN_028_25__ES_028_25,es-en,train,pero si tuvieras que tomar la clase la la escogerías como una de CS,"But if you had to take the class, you'd pick it as one of CS.",14,15
EN_028_26__ES_028_26,es-en,train,sabes cuales después de esta vas a tomar,You know which ones after this one you're gonna take.,8,10
EN_028_27__ES_028_27,es-en,train,"Oh, sí, sí. Sí, es la clase que ahorita estoy viendo.","Yeah, that's the class that I'm seeing right now.",11,9
EN_028_29__ES_028_29,es-en,train,"Ah, sí, pueden ser difíciles.","Oh yeah, they can be difficult.",5,6
EN_028_2__ES_028_2,es-en,train,"Yo le había dicho que podía hacer más, quería hacer ma-.","I had told her that I could do more, I wanted to do more.",11,14
EN_028_30__ES_028_30,es-en,train,"Si, he escuchado también lo mismo","Yeah, I've heard the same thing.",6,6
EN_028_31__ES_028_31,es-en,train,¿Y las clases básicas ya las has terminado?,And the basic classes you've already completed?,8,7
EN_028_32__ES_028_32,es-en,train,todas las clases esas las has tomando aquí en UTEP,All those classes you've taken here at UTEP.,10,8
EN_028_33__ES_028_33,es-en,train,"Pero si tomas las 15 horas, puedes terminar, mas normal.","But if you take the 15 hours, you can finish more normal.",10,12
EN_028_34__ES_028_34,es-en,train,Más rápido.,Faster.,2,1
EN_028_35__ES_028_35,es-en,train,"Te dicen que debes que tomar como un mínimo de clases pero no te dicen máximo, ajá.","They tell you that you have to take a minimum of classes, but they don't tell you maximum.",17,18
EN_028_36__ES_028_36,es-en,train,Un máximo.,A maximum.,2,2
EN_028_37__ES_028_37,es-en,train,"12 horas imagino, no se","12 hours I imagine, I don't know.",5,7
EN_028_38__ES_028_38,es-en,train,"incluyendo estudiando y todo, me imagino que es como un trabajo como 40 horas a la semana","including studying and everything, I imagine it's like a job like 40 hours a week.",17,15
EN_028_39__ES_028_39,es-en,train,"No he hecho las calculaciones, pero a a ver.","I haven't done the calculations, but let's see.",9,8
EN_028_3__ES_028_3,es-en,train,dijo no no no te preocupes tomarlo lentito,"He said no, no, don't worry about taking it slow.",8,10
EN_028_40__ES_028_40,es-en,train,"Para terminar necesito 120, ¿verdad?","To finish, I need 120, right?",5,6
EN_028_41__ES_028_41,es-en,train,"120, me faltan 53.","120, I'm 53.",4,3
EN_028_42__ES_028_42,es-en,train,y tengo tres años para hacer eso,And I have three years to do that.,7,8
EN_028_43__ES_028_43,es-en,train,Así que tengo esos tres años.,So I have those three years.,6,6
EN_028_44__ES_028_44,es-en,train,Seis semestres.,Six semesters.,2,2
EN_028_45__ES_028_45,es-en,train,57 entre 6,57 in 6,3,3
EN_028_46__ES_028_46,es-en,train,Tengo que to- técnicamente nomás tomar 8.,I have to technically just take eight.,7,7
EN_028_47__ES_028_47,es-en,train,Pero a fuerzas tengo que tomar 12.,But I have to take 12.,7,6
EN_028_48__ES_028_48,es-en,train,Técnicamente puedo terminar en dos años.,"Technically, I can finish in two years.",6,7
EN_028_49__ES_028_49,es-en,train,"si tomo nomás 12 horas cada, semestre.",if I only take 12 hours each semester.,7,8
EN_028_4__ES_028_4,es-en,train,Haz lo que puedas y ya.,Do what you can and that's it.,6,7
EN_028_50__ES_028_50,es-en,train,Porque lo que no quiero es pagar. No quiero pagar nada.,Because what I don't want is to pay. I don't want to pay anything.,11,14
EN_028_51__ES_028_51,es-en,train,Aunque nos dicen que tratemos de no tomar más de 16.,Although they tell us to try not to take more than 16.,11,12
EN_028_52__ES_028_52,es-en,train,"Tú te puedes medir, pero...","You can measure yourself, but...",5,5
EN_028_53__ES_028_53,es-en,train,"normalmente 16, 15, 16","Normally 16, 15, 16.",4,4
EN_028_54__ES_028_54,es-en,train,Es ya donde estás ocupado.,That's where you're busy.,5,4
EN_028_55__ES_028_55,es-en,train,"Tienes tiempo para hacer otras cosas, pero vas a estar ocupado.","You have time to do other things, but you're gonna be busy.",11,12
EN_028_56__ES_028_56,es-en,train,"Porque para eso es la beca, para que no tengamos que trabajar para poder enfocarnos completamente en nuestros estudios.","Because that's what scholarship is for, so that we don't have to work to be able to focus completely on our studies.",19,22
EN_028_5__ES_028_5,es-en,train,¿Y cuántas horas son full time?,And how many hours are full time?,6,7
EN_028_6__ES_028_6,es-en,train,Entonces quinto sería un poco más.,So fifth would be a little bit more.,6,8
EN_028_7__ES_028_7,es-en,train,"de las clases que estas tomando, cuantas son electives y cuantas son las que necesitas","of the classes that you're taking, how many are electives and how many are the ones that you need?",15,19
EN_028_8__ES_028_8,es-en,train,"clases de física, biología, todas esas las has tomado?","classes in physics, biology, all those you've taken?",9,8
EN_028_9__ES_028_9,es-en,train,y es física... ¿nomas hay una clase?,And it's physics. Is there only one class?,7,8
EN_029_10__ES_029_10,es-en,train,Sí.,Yeah.,1,1
EN_029_11__ES_029_11,es-en,train,"He visto cambios antes, pero no recuerdo la historia de nada.","I've seen changes before, but I don't remember the history of anything.",11,12
EN_029_12__ES_029_12,es-en,train,"Si compadre no, no es una duda. Si compadre no, no es una duda.","If my friend doesn't, it's not a question. If my friend doesn't, it's not a question.",14,16
EN_029_13__ES_029_13,es-en,train,¿Cómo es su figura? Es bien emocionante cuando tiene esta revelación que él es el villano.,What's his figure like? It's really exciting when he has this revelation that he's the villain.,16,16
EN_029_14__ES_029_14,es-en,train,¿Cómo dijiste que te dejó un papá que te abandonó?,How did you say he left you a dad that abandoned you?,10,12
EN_029_15__ES_029_15,es-en,train,"tu mamá o tu papá, alguien que quieres mucho es una persona mala.","Your mom or your dad, someone that you love a lot is a bad person.",13,15
EN_029_16__ES_029_16,es-en,train,Gracias.,Thank you.,1,2
EN_029_17__ES_029_17,es-en,train,"Yo pienso que mi abuela era una buena persona, pero mi mamá piensa que es una horrible persona.","I think my grandma was a good person, but my mom thinks she's a horrible person.",18,16
EN_029_18__ES_029_18,es-en,train,Gracias.,Thank you.,1,2
EN_029_19__ES_029_19,es-en,train,Pero pues ahí era muy buena comida.,But then there was really good food.,7,7
EN_029_1__ES_029_1,es-en,train,¿Esta película uh la sacaron de un tipo de triángulo? REMOVE,"This movie, uh, they pulled it out of a type of triangle?",11,12
EN_029_20__ES_029_20,es-en,train,Desde que llega a los 10 años ya se ocupa.,"Since he got to be 10, he's already taken care of.",10,11
EN_029_21__ES_029_21,es-en,train,"Bueno, no, es que era decente, pero tú ya sabes.","Well, no, it's that he was decent, but you know.",10,10
EN_029_22__ES_029_22,es-en,train,Sí.,Yeah.,1,1
EN_029_23__ES_029_23,es-en,train,¿Se está dando algo? ¿Cosas inmediatas? Muy mal.,Is there something going on? Immediate stuff? Very bad.,8,9
EN_029_24__ES_029_24,es-en,train,Es una situación muy difícil.,It's a very difficult situation.,5,5
EN_029_25__ES_029_25,es-en,train,"Me da miedo los nados, sabes?","I'm scared of swims, you know?",6,6
EN_029_26__ES_029_26,es-en,train,"Yo creo que si me enteré que mi papá estaba haciendo sus cosas, creo que podría haber un mismo padre.","I think if I found out that my dad was doing his stuff, I think there could be one father.",20,20
EN_029_27__ES_029_27,es-en,train,Creo que cambiaría mi percepción de él completamente.,I think it would change my perception of him completely.,8,10
EN_029_28__ES_029_28,es-en,train,"O sea, que esos... ¿10%? Bueno, sí, inocente.","So, like, 10%? Well, yeah, innocent.",8,6
EN_029_29__ES_029_29,es-en,train,Gracias.,Thank you.,1,2
EN_029_2__ES_029_2,es-en,train,N- no sé si la...,I don't know if I...,5,5
EN_029_30__ES_029_30,es-en,train,La verdad es que está muy triste porque la violencia de los bandidos está muy mal.,The truth is that he's very sad because the violence of bandits is really bad.,16,15
EN_029_33__ES_029_33,es-en,train,No sabía por qué la mamá me gustaba.,I didn't know why my mom liked me.,8,8
EN_029_34__ES_029_34,es-en,train,No entiendo.,I don't understand.,2,3
EN_029_3__ES_029_3,es-en,train,Okey.,Okay.,1,1
EN_029_4__ES_029_4,es-en,train,Gracias.     REMOVE,Thank you.,2,2
EN_029_5__ES_029_5,es-en,train,¿Cuál?       REMOVE,Which one?,2,2
EN_029_6__ES_029_6,es-en,train,"Bueno, en español es más triste.","Well, in Spanish it's sadder.",6,5
EN_029_7__ES_029_7,es-en,train,¡Aww!,Aww!,1,1
EN_029_8__ES_029_8,es-en,train,"Ah, qué gacho, oír eso. Sí, pero...","Oh, that's too bad to hear that. Yeah, but...",7,9
EN_029_9__ES_029_9,es-en,train,"Es que yo me acuerdo que después de eso, como lo tomo  REMOVE","It's because I remember that after that, how I take it REMOVE",13,12
EN_032_10__ES_032_10,es-en,train,me da unas veces mucho asco la comida,I get a lot of gross food sometimes.,8,8
EN_032_11__ES_032_11,es-en,train,Endelgacé como 10 libras en mis dos semanas de trabajar allí.*,I lost like 10 pounds in my two weeks of working there.,11,12
EN_032_12__ES_032_12,es-en,train,Están haciendo la comida y todo eso.,They're making the food and stuff.,7,6
EN_032_13__ES_032_13,es-en,train,Creo que se supone que tienes que agarrar un food handlers.,I think you're supposed to get a food handlers.,11,9
EN_032_14__ES_032_14,es-en,train,"Yo nunca, nunca me preguntaron por eso.","I never, never asked about that.",7,6
EN_032_15__ES_032_15,es-en,train,Me mandaron un email para hacer unos cursos.,They sent me an email to do some courses.,8,9
EN_032_1__ES_032_1,es-en,train,"Sube los precios de todo más, como las casas, los carros.","It raises the prices of everything else, like the houses, the cars.",11,12
EN_032_2__ES_032_2,es-en,train,"Todo está haciendo más caro, pero no nos están pagando el precio que, para vivir.","Everything is becoming more expensive, but they're not paying us the price that we need to live.",15,17
EN_032_3__ES_032_3,es-en,train,eso causa que también suban los precios,That also causes the prices to go up.,7,8
EN_032_4__ES_032_4,es-en,train,De hacer los gastos que tienes que hacer como de comprar una casa y todo eso.,to make the expenses that you have to do like buy a house and all that.,16,16
EN_032_5__ES_032_5,es-en,train,A mí me pagan 8.75.,They pay me 8.75.,5,4
EN_032_6__ES_032_6,es-en,train,Pero también pienso que e- el trabajo que hago...,But I also think that the work that I do...,9,10
EN_032_7__ES_032_7,es-en,train,"cuando llego a casa y me siento, válgame hice todo eso",When I get home and I feel like I did all that.,11,12
EN_032_8__ES_032_8,es-en,train,Es difícil poner a veces el precio.,It's hard to put the price sometimes.,7,7
EN_032_9__ES_032_9,es-en,train,Está bien feo.,It's really ugly.,3,3
EN_033_10__ES_033_10,es-en,test,Pero recientemente entré al Jiu Jitsu.,But recently I got into Jiu Jitsu.,6,7
EN_033_11__ES_033_11,es-en,test,Es como una arte marcial muy reciente.,It's like a very recent martial art.,7,7
EN_033_12__ES_033_12,es-en,test,"Solo lo he practicado como dos meses, tres meses hasta ahora.","I've only practiced it for like two months, three months so far.",11,12
EN_033_13__ES_033_13,es-en,train,Está suave. ¿Qué tan bueno eras en el básquetbol?,It's cool. How good were you at basketball?,9,8
EN_033_14__ES_033_14,es-en,test,Pienso que estaría presumiendo.,I think he'd be bragging.,4,5
EN_033_15__ES_033_15,es-en,test,estaba en el Varsity Team,I was in the Varsity Team.,5,6
EN_033_16__ES_033_16,es-en,test,"Y en general, las artes marciales me han ayudado.","And in general, the martial arts have helped me.",9,9
EN_033_17__ES_033_17,es-en,test,Es una buena manera de ayudar a tu mente.,It's a good way to help your mind.,9,8
EN_033_18__ES_033_18,es-en,train,"Para desahogar, como si tenías un día malo.","to let go, like if you had a bad day.",8,10
EN_033_19__ES_033_19,es-en,train,Es una forma de expresarte.,It's a way to express yourself.,5,6
EN_033_1__ES_033_1,es-en,train,Estuve en el taekwondo por 10 años.,I was in taekwondo for 10 years.,7,7
EN_033_20__ES_033_20,es-en,train,En lugar de- de tenerlo adentro.,Instead of having him inside.,6,5
EN_033_21__ES_033_21,es-en,train,"Es como, ah, déjame sofoco a este hombre.","It's like, oh, let me suffocate this guy.",8,8
EN_033_22__ES_033_22,es-en,train,si quería entrar a un deporte combativo,if I wanted to get into a combative sport.,7,9
EN_033_23__ES_033_23,es-en,train,Me entraría a boxing.,I'd get into boxing.,4,4
EN_033_24__ES_033_24,es-en,train,Pienso que es muy suave,I think it's really soft.,5,5
EN_033_25__ES_033_25,es-en,test,No es tan agresivo en contraste con el karate o el box.,It's not that aggressive in contrast to karate or boxing.,12,10
EN_033_26__ES_033_26,es-en,test,Porque allí sí te golpean en la cara.,Because they do hit you in the face there.,8,9
EN_033_2__ES_033_2,es-en,test,obtuviste tu cinta negra,You got your black tape.,4,5
EN_033_3__ES_033_3,es-en,train,"Estuvo, estuvo muy suave ah me gustó mucho","It was, it was really cool. I liked it a lot.",8,11
EN_033_4__ES_033_4,es-en,train,Me salí porque se trataba más como de agarrar puntos.,I got out because it was more about how to get points.,10,12
EN_033_6__ES_033_6,es-en,test,Porque solo estás usando la parte baja de tu cuerpo.,Because you're just using the lower part of your body.,10,10
EN_033_7__ES_033_7,es-en,train,¿Hicistes un deporte?,Did you do a sport?,3,5
EN_033_8__ES_033_8,es-en,test,"No, sí lo hice, pero en un deporte de combate.","No, I did, but in a combat sport.",10,8
EN_033_9__ES_033_9,es-en,test,Era principalmente básquetbol.,It was mostly basketball.,3,4
EN_034_10__ES_034_10,es-en,train,¿Tienes algo que cargas para sentirte mejor?,Do you have something that you carry to feel better?,7,10
EN_034_11__ES_034_11,es-en,test,Mi novio es un examen de la Teología,My boyfriend is a Theology exam.,8,6
EN_034_12__ES_034_12,es-en,test,"Así que literal, no más derrite metales y hace cosas.","So literally, it just melts metals and does stuff.",10,9
EN_034_13__ES_034_13,es-en,test,"hizo varios y me dio uno, así que eso es lo que yo cargo","He made several and he gave me one, so that's what I charge.",14,13
EN_034_14__ES_034_14,es-en,test,Es como un elefante con su trompa para arriba.,It's like an elephant with its trunk up.,9,8
EN_034_15__ES_034_15,es-en,test,"Creo que ese lo dejé en otra mochila, así que ahora no sé.","I think I left that one in another bag, so now I don't know.",13,14
EN_034_16__ES_034_16,es-en,train,"Hablando de eso, creo que tengo unas piedras.","Speaking of which, I think I have some rocks.",8,9
EN_034_17__ES_034_17,es-en,train,"Es que son de cuando fui a la, al océano.",It's because they're from when I went to the ocean.,10,10
EN_034_18__ES_034_18,es-en,test,Así que eres una persona muy sentimental,So you're a very sentimental person.,7,6
EN_034_19__ES_034_19,es-en,test,"Como si alguien me da una piedra y yo digo, la guardo para siempre","Like if someone gives me a rock and I say, I keep it forever.",14,14
EN_034_1__ES_034_1,es-en,train,"Este es un regalo, la, lo puse adentro por accidente.","This is a gift, the, I put it in by accident.",10,11
EN_034_20__ES_034_20,es-en,test,"Es como medicamento de alergia, pero en una forma de crema.","It's like allergy medicine, but in a form of cream.",11,10
EN_034_21__ES_034_21,es-en,test,Por si algo me muerde solo puedo...,"In case something bites me, I can only...",7,8
EN_034_22__ES_034_22,es-en,train,"Oh, probablemente los necesito.","Oh, I probably need them.",4,5
EN_034_23__ES_034_23,es-en,test,"Pensé que se me habían olvidado los lentes, esperaba que estaban aquí pero no","I thought I forgot my glasses, I was hoping they were here, but no.",14,14
EN_034_24__ES_034_24,es-en,train,"Oh, este es mi desinfectante.","Oh, this is my disinfectant.",5,5
EN_034_25__ES_034_25,es-en,test,Voy a hacer algo loco y no ponerlo donde va.,I'm gonna do something crazy and not put it where it goes.,10,12
EN_034_26__ES_034_26,es-en,train,"En vez de tenerlo que se rompa, solo lo puedo poner adentro.","Instead of having it break, I can just put it in.",12,11
EN_034_2__ES_034_2,es-en,train,Estaba buscando entre los regalos y es para mi mamá.,I was looking through the gifts and it's for my mom.,10,11
EN_034_3__ES_034_3,es-en,train,uso uno para dos clases y después uno para solo una,I use one for two classes and then one for one.,11,11
EN_034_4__ES_034_4,es-en,train,Para mi tarea de matemáticas.,for my math homework.,5,4
EN_034_5__ES_034_5,es-en,train,La computadora me la prestaron de la escuela.,The computer was borrowed from the school.,8,7
EN_034_6__ES_034_6,es-en,train,Lo hice hace mucho tiempo.,I did it a long time ago.,5,7
EN_034_7__ES_034_7,es-en,train,"Tengo un puerco, un peluche de un puerco.","I have a pig, a stuffed pig.",8,7
EN_034_8__ES_034_8,es-en,train,"Sí, no, un peluche. Tengo varios.","Yeah, no, a plush. I have several.",6,7
EN_034_9__ES_034_9,es-en,train,Lo cargo conmigo porque me hace sentir mejor.,I carry it with me because it makes me feel better.,8,11
EN_035_10__ES_035_10,es-en,train,"Yo agarré negros, todos negros","I got black ones, all black ones.",5,7
EN_035_11__ES_035_11,es-en,train,los vi en línea por 40 dólares y dije suave,I saw them online for 40 bucks and I said soft.,10,11
EN_035_12__ES_035_12,es-en,test,"Oh, esas están chidas, pero mmm...","Oh, those are cool, but um...",6,6
EN_035_13__ES_035_13,es-en,test,"No lo sé, siento que soy una persona muy alta.","I don't know, I feel like I'm a really tall person.",10,11
EN_035_14__ES_035_14,es-en,test,"De hecho, escucho un poco de todo, pero sí.","Actually, I listen to a little bit of everything, but yeah.",9,11
EN_035_15__ES_035_15,es-en,test,"Es un tipo de música que realmente no tiene una letra, pero sí.","It's a type of music that doesn't really have a lyrics, but yeah.",13,13
EN_035_1__ES_035_1,es-en,train,Recientemente me ha vuelto una persona de sneakers.,Recently I've become a person of sneakers.,8,7
EN_035_2__ES_035_2,es-en,test,que genial,That's great.,2,2
EN_035_3__ES_035_3,es-en,train,Sí me gustan esos. Estos son los que a lo mejor voy a agarrar.,"Yeah, I like those. These are the ones that I'm gonna maybe get.",14,13
EN_035_4__ES_035_4,es-en,test,Yo era una persona más de Converse y ese tipo de zapatos.,I was one more person from Converse and those kind of shoes.,12,12
EN_035_5__ES_035_5,es-en,train,"Si tenía el dinero, considerara agarrandos esos.","If I had the money, I'd consider taking those.",7,9
EN_035_6__ES_035_6,es-en,test,"Estaban en tendencia, no lo sé.","They were in a trend, I don't know.",6,8
EN_035_7__ES_035_7,es-en,test,Es por eso que quería comprarlos.,That's why I wanted to buy them.,6,7
EN_035_8__ES_035_8,es-en,train,"Así que, ¿sí se llaman huaraches?",So they do call each other Huaraches?,6,7
EN_035_9__ES_035_9,es-en,test,Esos son como cinco y medio de niño.,That's like five and a half as a kid.,8,9
EN_036_10__ES_036_10,es-en,train,y se termina a las 4:20 ya me- ya- ya- ya se terminó,and it's over at 4:20 and it's over.,13,8
EN_036_11__ES_036_11,es-en,train,Me voy al gimnasio porque no me da suficiente tiempo.,I'm going to the gym because it doesn't give me enough time.,10,12
EN_036_12__ES_036_12,es-en,train,este ir al gimnasio eh después de la clase.,going to the gym after class.,9,6
EN_036_13__ES_036_13,es-en,train,"Digo, antes de la clase.","I mean, before class.",5,4
EN_036_14__ES_036_14,es-en,train,"Y ya, nomás voy a la escuela y voy al gimnasio y ya me voy a la casa y...","And yeah, I just go to school and I go to the gym and I go home and...",19,18
EN_036_15__ES_036_15,es-en,train,Miércoles es lo mismo que lunes.,Wednesday is the same as Monday.,6,6
EN_036_16__ES_036_16,es-en,train,"Y el, y el jueves también es lo mismo que, que martes.",And Thursday is the same as Tuesday.,12,7
EN_036_17__ES_036_17,es-en,train,Y cada día me- me como todo lo mismo.,And every day I eat the same thing.,9,8
EN_036_18__ES_036_18,es-en,train,"Como en la mañana, dos huevos, a veces yogurt o una manzana.","Like in the morning, two eggs, sometimes yogurt or an apple.",12,11
EN_036_19__ES_036_19,es-en,train,"Y viernes no tengo escuela, no tengo clases.","And Friday I don't have school, I don't have classes.",8,10
EN_036_1__ES_036_1,es-en,train,"El día anterior, a veces lo hago, lo preparo como en una mochila separada.","The day before, sometimes I do, I prepare it like in a separate backpack.",14,14
EN_036_20__ES_036_20,es-en,train,Vivo en el West.,I live in the West.,4,5
EN_036_21__ES_036_21,es-en,train,Como en cuanto llegas a la- a la escuela.,Like as soon as you get to school.,9,8
EN_036_22__ES_036_22,es-en,train,Como 15 minutos,Like 15 minutes.,3,3
EN_036_23__ES_036_23,es-en,train,¿Y vienes tu manejando?,And you come driving?,4,4
EN_036_24__ES_036_24,es-en,train,"Sí, siempre me llevo a mi papá porque su trabajo","Yeah, I always take my dad because of his job.",10,10
EN_036_25__ES_036_25,es-en,train,Entonces él me lleva y luego él se va al trabajo.,So he takes me and then he goes to work.,11,10
EN_036_26__ES_036_26,es-en,train,Así que hoy ¿cómo llegaste?,"So today, how did you get here?",5,7
EN_036_27__ES_036_27,es-en,train,eh me llevó mi mamá,"Um, my mom took me.",5,5
EN_036_28__ES_036_28,es-en,train,"Así que si hubiera cancelado, ¿hubieras venido de oquis?...","So if I had cancelled, would you have come from like...",9,11
EN_036_29__ES_036_29,es-en,train,A veces me voy en bus si no tengo...,Sometimes I go by bus if I don't have...,9,9
EN_036_2__ES_036_2,es-en,train,¿te bañas aquí?,Do you bathe in here?,3,5
EN_036_30__ES_036_30,es-en,train,a tu casa,to your house.,3,3
EN_036_31__ES_036_31,es-en,train,Pue-Puedo preguntar ¿por qué no puedes dormir?,I- I can ask why you can't sleep.,7,8
EN_036_32__ES_036_32,es-en,train,Eso es nada. Eso es nada de-de dormir.,That's nothing. That's nothing to sleep about.,8,7
EN_036_3__ES_036_3,es-en,train,"Cada lunes me voy al gimnasio, me voy al rec.","Every Monday I go to the gym, I go to the rec.",10,12
EN_036_4__ES_036_4,es-en,train,entonces cada día es- es cada diferente ejercicio,So every day it's- it's every different exercise.,8,8
EN_036_5__ES_036_5,es-en,train,si hago los brazos y también hago pesas,If I do my arms and I also do my weights.,8,11
EN_036_6__ES_036_6,es-en,train,Me despierto como a las 6.,I wake up at around 6.,6,6
EN_036_7__ES_036_7,es-en,train,y voy a la escuela a las 7,and I go to school at 7.,8,7
EN_036_8__ES_036_8,es-en,train,Porque no tengo mi- mi- mi primera clase hasta las 12.,Because I don't have my first class until 12.,11,9
EN_036_9__ES_036_9,es-en,train,Y luego ya cuando se termina otra vez voy al rec voy a la biblioteca o vamos a comer.,And then when it's over again I go to the library or we're going to eat.,19,16
EN_037_10__ES_037_10,es-en,train,¿Por qué se cambió?,Why did it change?,4,4
EN_037_11__ES_037_11,es-en,train,¿Y también las hermanas tenían escuela?,And the sisters also had school?,6,6
EN_037_12__ES_037_12,es-en,dev,Ellas salieron antes y- y fuimos a algo.,They went out earlier and we went to something.,8,9
EN_037_13__ES_037_13,es-en,dev,que era con unos amigos de antes que tenía de la escuela,that was with some friends that I used to have from school.,12,12
EN_037_14__ES_037_14,es-en,dev,"Y estos amigos, o sea, según yo era muy amigo con ellos","And these friends, I mean, I was really close with them.",12,11
EN_037_15__ES_037_15,es-en,train,con- con ¿quiénes?,with- with who?,3,3
EN_037_16__ES_037_16,es-en,dev,ya después de ahí nos regresamos y así,"And then after that, we went back and like",8,9
EN_037_17__ES_037_17,es-en,dev,O sea como que las gemelas y- y Gedi como que después de eso me dejaron ahí en el departamento para esperar a Mauri,So the twins and Gedi kind of left me there in the apartment to wait for Mauri.,24,17
EN_037_18__ES_037_18,es-en,dev,Y pues se metieron y les dije que ahorita entraba Que estaba hablando así algo Así muy importante,"And so they got in and I told them that right now I was going in and I was like, like, talking something really important.",18,25
EN_037_19__ES_037_19,es-en,train,¿Tú te fuiste solo? ¿No- no- no fuiste con tus papás?,You left alone? You didn't go with your parents?,11,9
EN_037_1__ES_037_1,es-en,dev,Me recogió Sansón del aeropuerto y me llevó al departamento de Mauricio.,Samson picked me up from the airport and he took me to the department of Mauritius.,12,16
EN_037_20__ES_037_20,es-en,dev,"Fuimos de que a unas, unas pizzas y así",We went from that to some pizzas and so on.,9,10
EN_037_21__ES_037_21,es-en,dev,Que están muy buenas de hecho,That they're really good actually.,6,5
EN_037_22__ES_037_22,es-en,dev,"Bueno, el jueves a lo mejor fue el mejor de todos o el viernes","Well, on Thursday maybe it was the best of all or on Friday.",14,13
EN_037_23__ES_037_23,es-en,dev,"Y resulta que las dejamos ahí en el, en el restaurante de las entradas","And it turns out that we left them there in the, in the restaurant of the tickets.",14,17
EN_037_24__ES_037_24,es-en,train,Y no se dieron cuenta.,And they didn't notice.,5,4
EN_037_25__ES_037_25,es-en,dev,"No- no- no- no nos dimos cuenta, no sé si porque íbamos platicando o algo así, pero...","We didn't realize, I don't know, because we were talking or something, but...",17,13
EN_037_26__ES_037_26,es-en,dev,Me dejaron y en lo que sale en Mauri me dice que...,They left me and in what comes out in Mauri he tells me that...,12,14
EN_037_27__ES_037_27,es-en,dev,Me pregunta que si yo vi los boletos en la casa o en el departamento y los...,He asks me if I saw the tickets in the house or in the apartment and the...,17,17
EN_037_28__ES_037_28,es-en,dev,"le digo pues sí, o sea yo no me acuerdo pero pues yo digo que sí están","I'm like, yeah, I don't remember, but I'm like, yeah.",17,10
EN_037_29__ES_037_29,es-en,dev,Y ni uno de los dos sabía si de verdad sí los habíamos visto o no,And not one of us knew if we really had seen them or not.,16,14
EN_037_2__ES_037_2,es-en,dev,y pues llegué a su departamento y él estaba en la escuela,And I got to his apartment and he was in school.,12,11
EN_037_30__ES_037_30,es-en,dev,y llegamos y no estaban,and we got there and they weren't.,5,7
EN_037_3__ES_037_3,es-en,dev,Entonces me dejó las llaves del departamento,So he left me the keys to the apartment.,7,9
EN_037_4__ES_037_4,es-en,dev,y ya como que me quedé ahí un- unas dos horas y luego llegó,and I kind of stayed there for like two hours and then he came.,14,14
EN_037_5__ES_037_5,es-en,train,"Ah, ok. ¿Y te gustó?","Oh, okay. And did you like it?",5,7
EN_037_6__ES_037_6,es-en,train,¿Cuál vieron?,Which one did you see?,2,5
EN_037_7__ES_037_7,es-en,dev,Como que se fueron y nos quedamos el Mauri y yo solos,Like they left and we stayed with the Mauri and I alone.,12,12
EN_037_8__ES_037_8,es-en,dev,Se supone que ese día iba a ser el concierto,That day was supposed to be the concert.,10,8
EN_037_9__ES_037_9,es-en,dev,"Pero siempre no, se cambió al jueves.","But it's not always, it's switched to Thursday.",7,8
EN_038_10__ES_038_10,es-en,train,"Así que... Son tus papás, tú y tu her- her- dijiste hermano, ¿verdad?","So it's your parents, you and your her, you said brother, right?",13,12
EN_038_11__ES_038_11,es-en,train,"En 2020, y se- el se graduó en 2022, 2021.","2020, and he graduated in 2022, 2021.",10,7
EN_038_12__ES_038_12,es-en,train,"No, es que él se fue hasta Austin.","No, it's because he went all the way to Austin.",8,10
EN_038_13__ES_038_13,es-en,train,"Ah que bueno, ah, lo bueno que se fue","That's good. Ah, that's good that he left.",9,8
EN_038_14__ES_038_14,es-en,train,Vivimos en un duplex.,We live in a duplex.,4,5
EN_038_15__ES_038_15,es-en,train,Entonces es una casa chiquita,So it's a little house.,5,5
EN_038_16__ES_038_16,es-en,train,No hay tanto en los muros.,There's not that much in the walls.,6,7
EN_038_17__ES_038_17,es-en,train,Eh son los muros blancos.,It's the white walls.,5,4
EN_038_18__ES_038_18,es-en,train,las televisiones de 3D que te pones los lentes,the 3D televisions that you put on the glasses,9,9
EN_038_19__ES_038_19,es-en,train,"No- no lo usamos, pero...","We don't use it, but...",5,5
EN_038_1__ES_038_1,es-en,train,Yo compartía un cuarto con mi hermano.,I shared a room with my brother.,7,7
EN_038_20__ES_038_20,es-en,train,"Ah, ok, no quierien ver todo en 3D","Oh, okay, they don't want to watch everything in 3D.",8,10
EN_038_21__ES_038_21,es-en,train,para poner lo que tengo en mi laptop.,to put what I have on my laptop.,8,8
EN_038_22__ES_038_22,es-en,train,bueno tengo un closet y luego tengo el como armario del buró,"Well, I have a closet, and then I have the closet.",12,11
EN_038_23__ES_038_23,es-en,train,"Tiene mi ropa, pero también tiene mis pinturas.","He has my clothes, but he also has my paintings.",8,10
EN_038_24__ES_038_24,es-en,train,También la- la carrera que me hubiera gustado no- no está aquí en UTEP.,"Also the- the career that I would have liked, it's not here in UTEP.",14,14
EN_038_25__ES_038_25,es-en,train,Gracias.,Thank you.,1,2
EN_038_26__ES_038_26,es-en,train,"Pero ya como pasó la pandemia, ya también, ya no seguí tanto con lo de arte, tanto.","But since the pandemic happened, I didn't go on with the art thing that much.",17,15
EN_038_2__ES_038_2,es-en,train,Entonces hay dos camas.,So there's two beds.,4,4
EN_038_3__ES_038_3,es-en,train,Tengo el cuarto yo sola.,I have the room on my own.,5,7
EN_038_4__ES_038_4,es-en,train,¿Tienes literas todavía?,Do you still have bunk beds?,3,6
EN_038_5__ES_038_5,es-en,train,"Oh no no no, son dos camas diferentes","Oh no no no, it's two different beds.",8,8
EN_038_6__ES_038_6,es-en,train,"Es que cuando pienso en dos gente- dos personas compartiendo un cuarto, pienso literas.","It's because when I think of two people, two people sharing a room, I think bunk beds.",14,17
EN_038_7__ES_038_7,es-en,train,Si es que en mi casa solo hay dos cuartos.,If there's only two rooms in my house.,10,8
EN_038_8__ES_038_8,es-en,train,"Ya estábamos creciendo, nos dejaron el cuarto más grande.","We were already growing up, they left us the biggest room.",9,11
EN_038_9__ES_038_9,es-en,train,"Así que, ¿vives tú con tus papás?",So you live with your parents?,7,6
EN_039_10__ES_039_10,es-en,dev,Puedes dedicar ese tiempo para estar con amigos.,You can spend that time with friends.,8,7
EN_039_11__ES_039_11,es-en,dev,"Es una de las etapas, pues, considero más bonitas.","It's one of the stages, well, I think it's more beautiful.",9,11
EN_039_12__ES_039_12,es-en,dev,"No sé, en esa parte no lo, no coincido.","I don't know, in that part, I don't agree.",9,9
EN_039_13__ES_039_13,es-en,dev,"si es muy decía decir, no, solo, solo te quedas conmigo y no mas conmigo y no sales, entonces pues no.","If it's too much, I'm like, no, you just stay with me and not with me and you don't go out.",21,21
EN_039_14__ES_039_14,es-en,dev,"Mejor una persona que es flexible y se puede llevar bien con tu familia, se puede llevar bien con tus amigos.","a person that is flexible and can get along well with your family, can get along well with your friends.",21,20
EN_039_15__ES_039_15,es-en,dev,no es en sí tan celoso.,He's not really that jealous.,6,5
EN_039_16__ES_039_16,es-en,dev,No puedo salir con mis amigos porque...,I can't date my friends because...,7,6
EN_039_17__ES_039_17,es-en,dev,por qué voy a salir con mi novio. O no puedo hacer mi tarea por qué voy a salir con mi novio.,why I'm going out with my boyfriend or I can't do my homework because I'm going out with my boyfriend.,22,20
EN_039_18__ES_039_18,es-en,dev,"e- es mas bien, mucho depende de cómo conocer a la persona.","It's more like, a lot depends on how to meet the person.",12,12
EN_039_19__ES_039_19,es-en,dev,Las relaciones más sanas que han existido.,the healthiest relationships that have ever existed.,7,7
EN_039_1__ES_039_1,es-en,dev,Um pues yo creo que el tener una relación estando en la universidad es...,"Um, I think having a relationship being in college is...",14,10
EN_039_20__ES_039_20,es-en,dev,"Conoces en sí cómo es esa persona, no solo su parte bonita.","You know in and of yourself what that person is like, not just his pretty part.",12,16
EN_039_21__ES_039_21,es-en,dev,"Porque una persona que, por ejemplo, se está dedicando al colegio,","because a person who, for example, is devoting himself to school,",11,11
EN_039_22__ES_039_22,es-en,dev,puede dedicarte tu tiempo a ti pero también,"I can spend your time with you, but also.",8,9
EN_039_23__ES_039_23,es-en,dev,"de que tiene muchas metas y tiene mucho futuro, al principio no quiere también ser un estorbo.","that it has many goals and has a lot of future, at the beginning it also doesn't want to be a hindrance.",17,22
EN_039_24__ES_039_24,es-en,dev,o viceversa también,or vice versa.,3,3
EN_039_25__ES_039_25,es-en,dev,"Muchas veces cuando unos son amigos, nun- nunca pasa nada porque...","A lot of times when some people are friends, nothing ever happens because...",11,13
EN_039_26__ES_039_26,es-en,dev,tiene ese miedo de que se va a romper la amistad y ya nunca me va a poder hablar como antes nos hablábamos.,He's afraid that he's gonna break his friendship and he's never gonna be able to talk to me like we used to talk.,23,23
EN_039_27__ES_039_27,es-en,dev,Y ahí los chismes y pasa muy mal. Así que...,And there the gossip and it happens really bad. So...,10,10
EN_039_28__ES_039_28,es-en,dev,"después de todos esos meses si sigue siendo la misma, pues tal vez.","after all those months if it's still the same, maybe.",13,10
EN_039_29__ES_039_29,es-en,dev,"Sigue, siga siendo la misma durante la relación.","Go on, stay the same during the relationship.",8,8
EN_039_2__ES_039_2,es-en,dev,Te quita mucho tiempo.,It takes a lot of time.,4,6
EN_039_30__ES_039_30,es-en,dev,Puede haber ciertas cositas que no son mucho de tu agrado.,There may be certain little things that aren't much to your liking.,11,12
EN_039_31__ES_039_31,es-en,dev,pero en un futuro se puede volver algo que ya va a ser tema de pelea.,But in the future you can turn into something that's already going to be a topic of fight.,16,18
EN_039_32__ES_039_32,es-en,dev,Entonces ese creo que es otro punto y...,"So that's another point, I think.",8,6
EN_039_3__ES_039_3,es-en,dev,eh tiempo en el que puedes estar ocupando para hacer tus tareas.,time when you can be busy to do your homework.,12,10
EN_039_4__ES_039_4,es-en,dev,tiempo que puedes estar ocupando para estudiar.,time that you can be occupying to study.,7,8
EN_039_5__ES_039_5,es-en,dev,"En parte, fíjate que sí estoy de acuerdo contigo.","In part, notice that I do agree with you.",9,9
EN_039_6__ES_039_6,es-en,dev,"porque es el tiempo donde, donde uno tiene que estar dedicado.",because it's the time where you have to be dedicated.,11,10
EN_039_7__ES_039_7,es-en,dev,"Es la etapa donde uno tiene que explorar, tiene que conocer a gente.","It's the stage where you have to explore, you have to meet people.",13,13
EN_039_8__ES_039_8,es-en,dev,Yo digo que es muy bonito sí enfocarte en la escuela.,I say it's really nice to focus on school.,11,9
EN_039_9__ES_039_9,es-en,dev,Pienso en parte igual que tú.,I think in part just like you.,6,7
EN_040_10__ES_040_10,es-en,train,Hay una puerta también trasera que lleva pues afuera.,There's also a back door that leads outside.,9,8
EN_040_11__ES_040_11,es-en,train,Tiene muchas máquinas para cortar madera.,It has a lot of machines to cut wood.,6,9
EN_040_12__ES_040_12,es-en,train,Mi papá le- le gusta mucho la carpintería,My dad likes carpentry a lot.,8,6
EN_040_13__ES_040_13,es-en,train,"De hecho, fíjate que iba a estudiar este... Yo quería Aerospace Engineer.","Actually, I wanted to study Aerospace Engineer.",12,7
EN_040_14__ES_040_14,es-en,train,Pero cuando entré a UTEP no lo ofrecían.,"But when I got into UTEP, they didn't offer it.",8,10
EN_040_15__ES_040_15,es-en,train,"Ahorita ya lo ofrecen. Ajá, pero en- en ese entonces no lo ofrecían.","Right now they offer it. Uh-huh, but then they didn't offer it.",13,12
EN_040_16__ES_040_16,es-en,train,"Mi papá me dijo, pues elige otra cosa mientras.","My dad told me, so pick something else in the meantime.",9,11
EN_040_17__ES_040_17,es-en,train,"Quiero ingeniería, no- no me veo en medicina, no me veo en otro lado, la verdad.","I want engineering, I don't see myself in medicine, I don't see myself somewhere else, actually.",16,16
EN_040_18__ES_040_18,es-en,train,"Y me metí, no, sí me gustó. Y me quedé ajá.","And I got in, no, I liked it, and I stayed here.",11,12
EN_040_19__ES_040_19,es-en,train,"Como la está remodelando, le está poniendo muchas cosas.","Since he's remodeling it, he's putting a lot of stuff into it.",9,12
EN_040_1__ES_040_1,es-en,train,Pues no es realmente grande.,"Well, it's not really big.",5,5
EN_040_20__ES_040_20,es-en,train,"Mi mamá, eh, de hecho mi mamá acaba de terminar una carrera.","My mom, uh, actually my mom just finished a career.",12,10
EN_040_21__ES_040_21,es-en,train,Y mi mamá entró como secretaria primero.,And my mom went in as secretary first.,7,8
EN_040_22__ES_040_22,es-en,train,"Pues está de hecho, en- entras a la casa y está a la derecha.","Well, it's actually, you go into the house and it's to the right.",14,13
EN_040_23__ES_040_23,es-en,train,"Bueno, más bien mi mamá ya no quiso este hijos cuando yo estaba chiquita.","Well, my mom didn't want these kids anymore when I was little.",14,12
EN_040_24__ES_040_24,es-en,train,Cuando estaba chiquita sí me hizo mucha falta un hermano.,"When I was little, I really needed a brother.",10,9
EN_040_2__ES_040_2,es-en,train,Mi cama es de color gris,My bed is gray.,6,4
EN_040_3__ES_040_3,es-en,train,Eh las paredes son blancas.,The walls are white.,5,4
EN_040_4__ES_040_4,es-en,train,Pues tengo una computadora de escritorio.,"Well, I have a desktop computer.",6,6
EN_040_5__ES_040_5,es-en,train,A la izquierda está la cama.,To the left is the bed.,6,6
EN_040_6__ES_040_6,es-en,train,"Le hice una pintura a la pared, una mariposa.","I made a painting on the wall, a butterfly.",9,9
EN_040_7__ES_040_7,es-en,train,"Me gusta mucho comprar como cosas de la escuela, tengo muchas cosas de mi high school.","I really like to buy things from school, I have a lot of stuff from high school.",16,17
EN_040_8__ES_040_8,es-en,train,tengo muchas cosas de aquí de UTEP,I have a lot of stuff from here from UTEP.,7,10
EN_040_9__ES_040_9,es-en,train,"¿Sales por, por la cocina?","Do you go out for, like, the kitchen?",5,8
EN_043_10__ES_043_10,es-en,train,Cada vez que pelean se hacen más fuertes,"Every time they fight, they get stronger.",8,7
EN_043_11__ES_043_11,es-en,train,¿Son una raza de humanos o aliens?,Are they a race of humans or aliens?,7,8
EN_043_12__ES_043_12,es-en,train,"Sí entiendo, lo quiero ver, pero también es muy largo.","Yeah, I get it, I want to watch it, but it's also really long.",10,14
EN_043_13__ES_043_13,es-en,train,¡Una pieza es real!,One piece is real!,4,4
EN_043_14__ES_043_14,es-en,train,"Sí, ya tiene como mil, mil cincuenta episodios.","Yeah, it already has like a thousand, a thousand and fifty episodes.",8,12
EN_043_15__ES_043_15,es-en,train,"Ese es muy bueno, me encanta ese.","That one's really good, I love that one.",7,8
EN_043_16__ES_043_16,es-en,train,Es uno de los cortitos.,It's one of the short ones.,5,6
EN_043_17__ES_043_17,es-en,train,Es una montaña rusa de emociones.,It's a rollercoaster of emotions.,6,5
EN_043_18__ES_043_18,es-en,train,"Ah, es medio raro","Oh, it's kind of weird.",4,5
EN_043_19__ES_043_19,es-en,train,Muchas personas se lo saltan Está muy lento,A lot of people skip it. It's really slow.,8,9
EN_043_1__ES_043_1,es-en,train,"¿Eh, so, tu favorito anime es Dragon Ball?","So, uh, your favorite anime is Dragon Ball?",8,8
EN_043_20__ES_043_20,es-en,train,Un poquito aburrido en comparación a los otros.,a little boring in comparison to the others.,8,8
EN_043_21__ES_043_21,es-en,train,tengo que tener toda la temporada para poderlo ver,I have to have the whole season to watch it.,9,10
EN_043_22__ES_043_22,es-en,train,"Todo de Juárez, riquísimo.","Everything from Juarez, delicious.",4,4
EN_043_23__ES_043_23,es-en,train,No lo he tenido en mucho tiempo,I haven't had it in a long time.,7,8
EN_043_24__ES_043_24,es-en,train,"De hecho, los tuve la semana pasada.","Actually, I had them last week.",7,6
EN_043_25__ES_043_25,es-en,train,Se fueron de hombres muy musculosos a...,They went from very muscular men to...,7,7
EN_043_26__ES_043_26,es-en,train,Es la misma época de Abraham Lincoln No sé cómo,It's the same era as Abraham Lincoln. I don't know how.,10,11
EN_043_27__ES_043_27,es-en,train,Eh eh no he visto la última temporada,"Uh, I haven't seen the last season.",8,7
EN_043_2__ES_043_2,es-en,train,¿Ganaría Goku o One Punch Man?,Would Goku win or One Punch Man?,6,7
EN_043_3__ES_043_3,es-en,train,Yo diría que Saitama,I would say Saitama.,4,4
EN_043_4__ES_043_4,es-en,train,O sus poderes no más sirven en su universo,Or his powers only serve in his universe.,9,8
EN_043_5__ES_043_5,es-en,train,Pero también está sacando dos personas.,But he's also taking out two people.,6,7
EN_043_6__ES_043_6,es-en,train,Es una pregunta capciosa.,It's a trick question.,4,4
EN_043_7__ES_043_7,es-en,train,¿Viste todo de Dragon Ball?,Did you see everything about Dragon Ball?,5,7
EN_043_8__ES_043_8,es-en,train,Como al nivel de Dios.,Like at God's level.,5,4
EN_043_9__ES_043_9,es-en,train,"Está ahí, pero no ahí.","It's there, but not there.",5,5
EN_044_10__ES_044_10,es-en,train,Entonces no has hablado con él para nada.,So you haven't talked to him at all.,8,8
EN_044_11__ES_044_11,es-en,train,"No tan seguido, tal vez una vez cada dos meses","Not so often, maybe once every two months.",10,8
EN_044_12__ES_044_12,es-en,train,tal vez es por la época y me hace triste que no se,Maybe it's because of the times and I'm sad that I don't know.,13,13
EN_044_13__ES_044_13,es-en,train,"Cuando pasó mi cumpleaños, yo como que, ok.","When my birthday passed, I kind of, okay.",8,8
EN_044_14__ES_044_14,es-en,train,Así que en la primera hora del verano estoy como que... ¡Woohoo!,"So in the first hour of summer, I'm like, woohoo.",12,10
EN_044_15__ES_044_15,es-en,train,"Ok, ok no me importa.","Okay, okay, I don't care.",5,5
EN_044_16__ES_044_16,es-en,train,"Pasó hace mucho, entonces no importa.","It happened a long time ago, so it doesn't matter.",6,10
EN_044_17__ES_044_17,es-en,train,Eh eso era probablemente el peor año de mi vida.,That was probably the worst year of my life.,10,9
EN_044_18__ES_044_18,es-en,train,"Estaba muy, muy deprimido.","He was very, very depressed.",4,5
EN_044_19__ES_044_19,es-en,train,Reprobé mi clase de matemáticas y...,I flunked my math class and...,6,6
EN_044_1__ES_044_1,es-en,train,Siento como si eso me ha pasado recientemente.,I feel like that's happened to me recently.,8,8
EN_044_20__ES_044_20,es-en,train,Casi tuve que eh tomar otra vez mi ah ah séptimo- séptimo año.,I almost had to retake my ah ah 7th year.,13,10
EN_044_21__ES_044_21,es-en,train,"Y me iba muy mal. Y no le dijé a nadie. Y mis papás, este...","And I was doing really bad, and I didn't tell anyone, and my parents, uh...",15,15
EN_044_22__ES_044_22,es-en,train,"Algo está mal contigo, pero no sé.","Something's wrong with you, but I don't know.",7,8
EN_044_2__ES_044_2,es-en,train,Especialmente el año pasado con...,Especially last year with...,5,4
EN_044_3__ES_044_3,es-en,train,"Digo, no el año pasado, pero desde COVID.","I mean, not last year, but since COVID.",8,8
EN_044_4__ES_044_4,es-en,train,Solo te deprimes.,You just get depressed.,3,4
EN_044_5__ES_044_5,es-en,train,"Estaba en el tercer año de la prepa, estaba a punto de entrar a ese año.","I was in the third year of high school, I was about to start that year.",16,16
EN_044_6__ES_044_6,es-en,train,¿En la prepa?,In high school?,3,3
EN_044_7__ES_044_7,es-en,train,en la prepa,in high school.,3,3
EN_044_8__ES_044_8,es-en,train,Entonces se fue de la nada o...,So he left out of nowhere or...,7,7
EN_044_9__ES_044_9,es-en,train,De lo que yo me acuerdo solo fue como que... ¡Ah!,"From what I remember, it was just like...",11,8
EN_045_10__ES_045_10,es-en,train,"Oh, tengo- tengo otra blusa","Oh, I have another blouse.",5,5
EN_045_11__ES_045_11,es-en,train,"En serio, sí. Es que están chidas.","Really, yeah, it's because they're cool.",7,6
EN_045_12__ES_045_12,es-en,train,"Ok, aquí traigo mi laptop.","Okay, here I have my laptop.",5,6
EN_045_13__ES_045_13,es-en,train,Mi binder para todos mis papeles. Para mi tarea.,My binder for all my papers for my homework.,9,9
EN_045_14__ES_045_14,es-en,train,"Aquí traigo muchos papeles que no- no me importa, aquí los dejo.","I have a lot of papers here that I don't care about, I leave them here.",12,16
EN_045_15__ES_045_15,es-en,train,Y luego aquí tengo mi cuaderno para escribir notas para cualquier clase.,And then here I have my notebook to write notes for any class.,12,13
EN_045_16__ES_045_16,es-en,train,Y luego aquí tengo mis dos cargadores. Uno es para el teléfono y el otro es para el laptop.,And then here I have my two chargers. One is for the phone and the other is for the laptop.,19,20
EN_045_1__ES_045_1,es-en,train,¿Empiezo yo o tu?,Do I start or do you?,4,6
EN_045_2__ES_045_2,es-en,train,Ya me acordé de todo.,I already remembered everything.,5,4
EN_045_3__ES_045_3,es-en,train,Son mis ho- hojas de fórmulas de cálculo 2.,It's my formula sheets for calculus 2.,9,7
EN_045_4__ES_045_4,es-en,train,"Eh pues mi cuaderno, este lo uso para todas, todas mis clases.","So my notebook, I use it for all my classes.",12,10
EN_045_5__ES_045_5,es-en,train,"Es solo básicamente para tomar notas, no es mucho.","It's just basically for taking notes, it's not that much.",9,10
EN_045_6__ES_045_6,es-en,train,porque pues siempre traigo cambios extras.,because I always have extra changes.,6,6
EN_045_7__ES_045_7,es-en,train,Pero se me hace que tengo más aquí.,But I think I have more here.,8,7
EN_045_8__ES_045_8,es-en,train,De que una compra compulsiva yo creo que son perfumes,"That a compulsive purchase, I think, is perfumes.",10,8
EN_045_9__ES_045_9,es-en,train,"Y pues en esta bolsita traigo todo, todo, todo, todo mi maquillaje.","And in this little bag, I have everything, everything, all my makeup.",12,12
EN_050_10__ES_050_10,es-en,train,porque la- la jefa está muy loquiche,because the boss is really crazy.,7,6
EN_050_11__ES_050_11,es-en,train,"A mí me gusta estar acá afuera, pregunto, ah, ok, y sí compran, ah, ok, suave.","I like to be out here, I ask, oh okay, and they do buy, oh okay, soft.",16,17
EN_050_12__ES_050_12,es-en,train,"No estoy en el sol, me estoy quemando.","I'm not in the sun, I'm burning.",8,7
EN_050_13__ES_050_13,es-en,train,El viernes trabajó desde las 12 hasta las 4.,On Friday he worked from 12 to 4.,9,8
EN_050_14__ES_050_14,es-en,train,"Eh iba a ser 12 a las 8, pero le dije...","It was going to be 12 at 8, but I told him...",11,12
EN_050_15__ES_050_15,es-en,train,"Y Lomas se estaba quejando con... Lomas, me dijiste es el sábado.","And Lomas was complaining with Lomas, you told me it's Saturday.",12,11
EN_050_16__ES_050_16,es-en,train,Te dije de los dos días.,I told you about the two days.,6,7
EN_050_17__ES_050_17,es-en,train,Si no te convience pues no.,"If I don't agree with you, then no.",6,8
EN_050_18__ES_050_18,es-en,train,"Pero ya que trabajo aquí, está más, me gusta significamente más aquí porque aquí me dan comida gratis.","But since I work here, it's more, I like it significantly more here because they give me free food.",18,19
EN_050_19__ES_050_19,es-en,train,Pues porque ahorita tengo muchas cosas que hacer. El trabajo.,"Well, because right now I have a lot of stuff to do. The job.",10,14
EN_050_1__ES_050_1,es-en,train,"Sí, te voy a platicar.","Yeah, I'm gonna talk to you.",5,6
EN_050_20__ES_050_20,es-en,train,¿Pero se entrega el viernes?,But it turns in on Friday?,5,6
EN_050_21__ES_050_21,es-en,train,¿Este viernes?,This Friday?,2,2
EN_050_22__ES_050_22,es-en,train,"El 11 de noviembre, el próximo viernes.","November 11th, next Friday.",7,4
EN_050_23__ES_050_23,es-en,train,¿Todos el lab se entrega?,Is the whole lab turning in?,5,6
EN_050_24__ES_050_24,es-en,train,¿Cómo te está yendo en el lab?,How's it going in the lab?,7,6
EN_050_25__ES_050_25,es-en,train,Lo- lo hice copy paste y luego lo leí y luego ya,I copy pasted it and then I read it and then I read it.,12,14
EN_050_26__ES_050_26,es-en,train,"En- en mi mente, está fácil.","In my mind, it's easy.",6,5
EN_050_27__ES_050_27,es-en,train,cuando me siento hacerlo ni sé dónde pensar,"When I feel like doing it, I don't know where to think.",8,12
EN_050_28__ES_050_28,es-en,train,"Así estoy yo, fíjate.","That's how I am, look at you.",4,7
EN_050_29__ES_050_29,es-en,train,"El otro día lo vi, y luego, no pues vamos a empezar va a estar bien fácil","The other day I saw it, and then we're not gonna start. It's gonna be easy.",17,16
EN_050_2__ES_050_2,es-en,train,"Ahí si me deshago, ahí. Ahí perdón, eh.","If I get rid of it, I'm sorry.",8,8
EN_050_30__ES_050_30,es-en,train,y empecé a leer luego ah caray,And I started reading later.,7,5
EN_050_31__ES_050_31,es-en,train,"Como dijistes, como, debería estar haciendo algo, pero no lo estoy haciendo.","Like you said, like, I should be doing something, but I'm not doing it.",12,14
EN_050_3__ES_050_3,es-en,train,"No, pues, estaba bien estresado.","No, well, he was very stressed.",5,6
EN_050_4__ES_050_4,es-en,train,"no encontraba mis llaves hoy, me traje mis spares",I couldn't find my keys today. I brought my spares.,9,10
EN_050_5__ES_050_5,es-en,train,"Y luego busqué en mi otro pantal- en mi pantalón, y las tenía aquí.","And then I looked in my other pant- in my pants, and I had them here.",14,16
EN_050_6__ES_050_6,es-en,train,ya no trabajando en... porque tengo dos trabajos,I don't work in because I have two jobs.,8,9
EN_050_7__ES_050_7,es-en,train,Nomás trabajo un día los domingos eh en el otro trabajo.,I just work one day on Sundays in the other job.,11,11
EN_050_8__ES_050_8,es-en,train,Estoy pensando dejando ese trabajo porque ya no me está gustando.,I'm thinking of leaving that job because I'm not liking it anymore.,11,12
EN_050_9__ES_050_9,es-en,train,No está tan fácil.,It's not that easy.,4,4
EN_051_10__ES_051_10,es-en,train,"porque sus primeros dos álbumes sonaban mucho como Led Zeppelin y la gente decía oh, esos los están copiando","because his first two albums sounded a lot like Led Zeppelin and people were like, oh, those are copying them.",19,20
EN_051_11__ES_051_11,es-en,train,"Sí, toman después de otras bandas.","Yeah, they take after other bands.",6,6
EN_051_12__ES_051_12,es-en,train,"Inicialmente no, porque pensé que iba a actuar medio rara en un concierto con otra gente.","Initially, I didn't, because I thought I was going to be acting kind of weird in a concert with other people.",16,21
EN_051_13__ES_051_13,es-en,train,"Pero mi amiga dijo, oh, voy contigo. Y yo, ok.","But my friend said, oh, I'm going with you, and I'm going with you.",10,14
EN_051_14__ES_051_14,es-en,train,qué tan abierta estás para compartir tu música con otras personas,how open you are to share your music with other people.,11,11
EN_051_15__ES_051_15,es-en,train,"No tanto, porque la mayoría del tiempo solo nos paseamos en el bus.","Not that much, because most of the time we just walked on the bus.",13,14
EN_051_16__ES_051_16,es-en,train,No había tanto que se hizo porque yo también me quedé dormida.,There wasn't that much that was done because I also fell asleep.,12,12
EN_051_17__ES_051_17,es-en,train,Me regresé en el avión hoy.,I got back in the plane today.,6,7
EN_051_18__ES_051_18,es-en,train,"Bueno, era las 5.","Well, it was five.",4,4
EN_051_19__ES_051_19,es-en,train,"Sí, porque yo no me, yo no me duermo tanto porque tengo insomnia.","Yeah, because I don't, I don't sleep that much because I have insomnia.",13,13
EN_051_1__ES_051_1,es-en,train,¿Me puedes contar de tu viaje a Austin?,Can you tell me about your trip to Austin?,8,9
EN_051_20__ES_051_20,es-en,train,Si yo solo estoy más consciente de las cosas que hago.,If I'm just more aware of the things that I do.,11,11
EN_051_21__ES_051_21,es-en,train,porque yo sé que tengo diferente tarea,because I know that I have different assignments.,7,8
EN_051_22__ES_051_22,es-en,train,que necesito hacer cuando sale inmediatamente,which I need to do when it comes out immediately.,6,10
EN_051_2__ES_051_2,es-en,train,Yo fui a un concierto.,I went to a concert.,5,5
EN_051_3__ES_051_3,es-en,train,Siguiendo a este artista por un par de años ahora.,Following this artist for a couple of years now.,10,9
EN_051_4__ES_051_4,es-en,train,"Es británico, entonces ha estado haciendo más o menos conciertos en el Reino Unido.","He's British, so he's been doing more or less concerts in the UK.",14,13
EN_051_5__ES_051_5,es-en,train,Pero noté que estaba haciendo uno aquí en el Estados Unidos.,But I noticed that he was making one here in the United States.,11,13
EN_051_6__ES_051_6,es-en,train,compre los boletos hace uno- unos meses,I bought the tickets a few months ago.,7,8
EN_051_7__ES_051_7,es-en,train,Yo fui y me quedé con él y fuimos juntos.,I went and I stayed with him and we went together.,10,11
EN_051_8__ES_051_8,es-en,train,"Hablando de conciertos, voy a ir a un concierto mañana","Speaking of concerts, I'm going to a concert tomorrow.",10,9
EN_051_9__ES_051_9,es-en,train,"tocan rock, pero más como rock alternativo.","They play rock, but more like alternative rock.",7,8
EN_052_10__ES_052_10,es-en,train,Luego va a ser otra calle que es la que nace.,Then it's gonna be another street that's the one that's born.,11,11
EN_052_11__ES_052_11,es-en,train,y luego está el semáforo de la Eastlake y Horizon ahí todavía me voy más derecha,"And then there's the light from East Lake and Horizon, and I'm still going straight.",16,15
EN_052_12__ES_052_12,es-en,train,"Paso la Horizon High School y a dos calles, y luego doy vuelta a la izquierda.","I pass Horizon High School and two streets, and then I turn left.",16,13
EN_052_13__ES_052_13,es-en,train,luego pasas como 5 casas y ahí está mi casa,then you pass like five houses and there's my house.,10,10
EN_052_14__ES_052_14,es-en,train,¿Cuánto tiempo duras de aquí a tu casa?,How much time does it last from here to your house?,8,11
EN_052_15__ES_052_15,es-en,train,"Sin tráfico, como media hora.","No traffic, like half an hour.",5,6
EN_052_16__ES_052_16,es-en,train,"Yo con más de 26 minutos ya me, ya estoy harto del tráfico.","With more than 26 minutes, I'm already sick of traffic.",13,10
EN_052_17__ES_052_17,es-en,train,"No, una vez hice como dos horas en- en el freeway.","No, I once did like two hours on the freeway.",11,10
EN_052_18__ES_052_18,es-en,train,"Sí, y, pues los puentes eh, son, ya son puentes, ya- ya lo hicieron con dos carriles, no sé cómo lo van a hacer con tres.","Yeah, and the bridges, uh, they're already bridges, and they've already done it with two lanes, I don't know how they're going to do it with three.",26,27
EN_052_19__ES_052_19,es-en,train,hay un lugar por Westtowne que tienes que hacerlo como víbora,There's a place because of Westtown that you have to do as a snake.,11,14
EN_052_1__ES_052_1,es-en,train,So me salgo del Sun Bowl y luego me voy a la izquierda para agarrar el- la glorieta.,So I get out of the Sun Bowl and then I go to the left to get the roundabout.,18,19
EN_052_20__ES_052_20,es-en,train,Está bien horrible el tráfico allí.,It's really horrible traffic there.,6,5
EN_052_21__ES_052_21,es-en,train,"Para la derecha, luego derecha otra vez.","To the right, then right again.",7,6
EN_052_22__ES_052_22,es-en,train,Y ahí es la salida.,And there's the exit.,5,4
EN_052_23__ES_052_23,es-en,train,"No sé cómo se llama, pero me- me voy de allí.","I don't know what it's called, but I'm gonna get out of there.",11,13
EN_052_24__ES_052_24,es-en,train,te forza a ir a los outlets y luego ya duras como el U-turn y...,It forces you to go to the outlets and then you're like the U-turn and...,15,15
EN_052_25__ES_052_25,es-en,train,Ah siempre hay tráfico ahí.,There's always traffic there.,5,4
EN_052_2__ES_052_2,es-en,train,"lo de ahí en el semáforo, doy a la derecha","over there at the light, I'm going to the right.",10,10
EN_052_38__ES_052_38,es-en,train,"Yo vivo en el West Side, so ni conozco","I live on the west side, so I don't even know.",9,11
EN_052_3__ES_052_3,es-en,train,"lo a la derecha, luego me voy derecho y luego en el otro semáforo pasan- que está ahí donde está el freeway","to the right, then I go straight and then at the other light they pass that's where the freeway is.",22,20
EN_052_4__ES_052_4,es-en,train,Es- es como los trenes hasta allá y luego a la izquierda.,It's like the trains over there and then to the left.,12,11
EN_052_5__ES_052_5,es-en,train,"Porque ya ves que cuando sales de Schuster, cuando vienes como para UTEP.","Because you see, when you get out of Schuster, when you come in like for UTEP.",13,16
EN_052_7__ES_052_7,es-en,train,"A veces me salgo en la, en la salida de la Eastlake, depende de cómo está el tráfico.","Sometimes I get out at the East Lake exit, it depends on how the traffic is.",18,16
EN_052_8__ES_052_8,es-en,train,"o como si está parado el freeway de ese lado, pues me salgo en la Eastlake","Or like the freeway on that side is stopped, because I get out in East Lake.",16,16
EN_052_9__ES_052_9,es-en,train,"En la Darington pues, pues me voy derecho","In Darington, well, I'm going straight.",8,6
EN_053_10__ES_053_10,es-en,train,"Mis primeros dos exámenes los fallé como con 30, 50.","My first two exams, I failed them at, like, 30, 50.",10,11
EN_053_11__ES_053_11,es-en,train,"Y luego el tercer examen lo pasé como con un 78, eso me ayudó.","And then the third exam, I passed it with like a 78, that helped me.",14,15
EN_053_12__ES_053_12,es-en,train,"Ajá, me acuerdo que entraba a las 10 y media a esa clase","Uh-huh, I remember he was in that class at 10:30.",13,10
EN_053_13__ES_053_13,es-en,train,Y llegaba aquí a UTEP a- a las 8 de la mañana.,And I got here to UTEP at 8 in the morning.,12,11
EN_053_14__ES_053_14,es-en,train,"Sí, se, como que se, le molesta que no lo aprendas.","Yeah, I know, it kind of bothers him that you don't learn it.",11,13
EN_053_15__ES_053_15,es-en,train,"Sí, no es que siento que Mejía es estricto pero, pero es justo","Yeah, it's not that I feel that Mejia is strict, but it's fair.",13,13
EN_053_16__ES_053_16,es-en,train,"Siento que o sea no- no le hace favor a nadie, así como de que vas a pasar.","I'm sorry that he doesn't do anybody any favors, so that you're gonna pass.",18,14
EN_053_17__ES_053_17,es-en,train,"El segundo, pues estudiar.","The second one, uh, study.",4,5
EN_053_18__ES_053_18,es-en,train,pero las tareas que nos están dejando son más difíciles.,But the tasks that they're leaving us are more difficult.,10,10
EN_053_19__ES_053_19,es-en,train,"De que si uno termina una parte, este, de que, ah, si a alguien le sirve esto, pues ahí está.","That if you finish a part, that's, oh, if someone serves this, well, there it is.",20,16
EN_053_1__ES_053_1,es-en,train,Pues empezando porque sí- sí les recomendaría tomar un- un curso básico de programación.,"Well, starting because I would recommend you take a basic course of programming.",14,13
EN_053_20__ES_053_20,es-en,dev,"Pero él no es de que, ah, déjame te ayudo.","But he's not that, uh, let me help you.",10,9
EN_053_21__ES_053_21,es-en,train,"En esa materia si- este, he notado que la gente es muy egoísta.","In that matter, I've noticed that people are very selfish.",13,10
EN_053_22__ES_053_22,es-en,train,porque siento que es una carrera muy competitiva.,because I feel like it's a very competitive career.,8,9
EN_053_23__ES_053_23,es-en,dev,muy competitiva,very competitive.,2,2
EN_053_24__ES_053_24,es-en,dev,"Bueno, que- que es el tercer consejo?","Well, what's the third piece of advice?",7,7
EN_053_25__ES_053_25,es-en,train,"Ese sería un buen consejo, hazte conexiones, hazte muchas conexiones porque de ahí depende mucho.","That would be a good advice, make connections, make a lot of connections because from there it depends a lot.",15,20
EN_053_2__ES_053_2,es-en,train,"Antes de entrar, porque sí, es complicado.","Before you get in, because yeah, it's complicated.",7,8
EN_053_3__ES_053_3,es-en,train,entrar sin saber absolutamente nada.,enter without knowing absolutely nothing.,5,5
EN_053_4__ES_053_4,es-en,train,"Pues, yo por ejemplo, había estudiado un poco de Arduino, pero nada que ver con Java.","Well, I, for example, had studied a little Arduino, but nothing to do with Java.",16,15
EN_053_5__ES_053_5,es-en,train,los profes no están encima de ti ni nada de eso y...,professors are not on top of you or anything like that and...,12,12
EN_053_6__ES_053_6,es-en,train,"Y sí, sí es muy difícil aprender un nuevo lenguaje.","And yeah, it's really hard to learn a new language.",10,10
EN_053_8__ES_053_8,es-en,train,"Estuve a punto de fallar la materia, de CS1.",I was about to fail the subject of CS1.,9,9
EN_053_9__ES_053_9,es-en,train,"Me acuerdo que mis primeros tres exámenes, no.","I remember that my first three exams, no.",8,8
EN_054_10__ES_054_10,es-en,train,Aunque no te gustaban las personas.,Even though you didn't like people.,6,6
EN_054_11__ES_054_11,es-en,train,Podrías votar de el menos malo de los dos.,You could vote for the less bad one.,9,8
EN_054_12__ES_054_12,es-en,train,"Si Beto, todavía vale verga. Estas como, ok, bueno, está horrible, pero atentamos algo nuevo.","Yeah Beto, it's still okay. You're like, okay, well, it's horrible, but we look at something new.",15,17
EN_054_13__ES_054_13,es-en,train,Y luego escogí uno verde porque pensé que estaba chistoso porque fue grupo verde.,And then I picked a green one because I thought it was funny because it was a green group.,14,19
EN_054_14__ES_054_14,es-en,train,La verdad no sabemos si es su intención verdadera.,We don't really know if it's his real intention.,9,9
EN_054_15__ES_054_15,es-en,train,Es horrible para Texas.,It's horrible for Texas.,4,4
EN_054_16__ES_054_16,es-en,train,"No lo dejes conseguir a Texas, chicos.","Don't let him get Texas, guys.",7,6
EN_054_1__ES_054_1,es-en,train,Dame tu razón porque no eres político.,Give me your reason because you're not political.,7,8
EN_054_2__ES_054_2,es-en,train,"Eh, pues, porque son bien mentirosos.","Uh, well, because they're really liars.",6,6
EN_054_3__ES_054_3,es-en,train,So para qué seguirlos si no va hacer nada de lo que están diciendo.,So why follow them if they're not going to do anything that they're saying?,14,14
EN_054_4__ES_054_4,es-en,train,Para mí... ¿Votastes?,"For me, did you vote?",3,5
EN_054_5__ES_054_5,es-en,train,"No, ¿eres de Horizon? Sí, soy de aquí. ¿Votaste?","No, you're from Horizon? Yeah, I'm from here. Did you vote?",9,11
EN_054_6__ES_054_6,es-en,train,"Sí, soy de aquí. ¿Votaste? No.","Yeah, I'm from here. Did you vote? No.",6,8
EN_054_7__ES_054_7,es-en,train,yo voté muy muy tarde como una hora antes,I voted really late like an hour earlier.,9,8
EN_054_8__ES_054_8,es-en,train,"Uno de mis amigos fue, apoyaba a Trump.","One of my friends was, I was supporting Trump.",8,9
EN_054_9__ES_054_9,es-en,train,y no podría hablar con él.,and I couldn't talk to him.,6,6
EN_055_10__ES_055_10,es-en,train,y tampoco no me gustó su diseño,and I didn't like his design either.,7,7
EN_055_11__ES_055_11,es-en,train,"Ok, ok, espera, espera, espera, nos estamos discutiendo","Okay, hold on, hold on, hold on, we're talking.",8,9
EN_055_12__ES_055_12,es-en,train,"Doctor Octopus, ay dios","Doctor Octopus, oh my god.",4,5
EN_055_13__ES_055_13,es-en,train,"Eh, estuvo bien.","Uh, it was good.",3,4
EN_055_14__ES_055_14,es-en,train,"Oh, sí, el no me gustó.","Oh yeah, I didn't like him.",6,6
EN_055_15__ES_055_15,es-en,train,En el momento si me gustó,"At the moment, I did like it.",6,7
EN_055_1__ES_055_1,es-en,train,No puedes decir eso.,You can't say that.,4,4
EN_055_2__ES_055_2,es-en,train,Ah ¿La hermana?,The sister?,3,2
EN_055_3__ES_055_3,es-en,train,"Ok, ok, mira, entiendo que tenía sus problemas.","Okay, look, I get that he had his problems.",8,9
EN_055_4__ES_055_4,es-en,train,E- El gordito,The fat guy.,3,3
EN_055_5__ES_055_5,es-en,train,Pero la verdad es que me encantó la película hablando de- de la historia.,"But the truth is, I loved the movie talking about the story.",14,12
EN_055_6__ES_055_6,es-en,train,Pero más que nada era por COVID.,But mostly because of COVID.,7,5
EN_055_7__ES_055_7,es-en,train,"Pero mira, todavía me divertí viéndolo, todavía me entretení.","But look, I still had fun watching it, I still entertained myself.",9,12
EN_055_8__ES_055_8,es-en,train,"Eternals, eh, no era tan malo como la gente decía","Eternals, uh, it wasn't as bad as people say.",10,9
EN_055_9__ES_055_9,es-en,train,Creo que necesitaba un tono más serio.,I think he needed a more serious tone.,7,8
EN_056_10__ES_056_10,es-en,train,Era como las 3 de la mañana en El Paso.,It was like 3 in the morning in El Paso.,10,10
EN_056_11__ES_056_11,es-en,dev,Acuérdate que nos quedamos en un hotel.,Remember that we stayed in a hotel.,7,7
EN_056_12__ES_056_12,es-en,dev,"Bueno, entonces supongo que sí fuimos...","Well, then I guess we did go.",6,7
EN_056_13__ES_056_13,es-en,train,"Sí, caminamos mucho en la ciudad.","Yeah, we walked a lot in the city.",6,8
EN_056_14__ES_056_14,es-en,dev,"Así me metí porque me acuerdo que ya lo, ya más o menos sabía dónde estaba todo.",That's how I got in because I remember that I already knew where everything was.,17,15
EN_056_15__ES_056_15,es-en,train,Pero sí me gustó mucho Madrid.,But I did like Madrid a lot.,6,7
EN_056_16__ES_056_16,es-en,dev,"Oh, fue cuando mi papá fue a, a la corrida de to- de toros, ¿no?","Oh, that's when my dad went to the bullfight, right?",15,10
EN_056_17__ES_056_17,es-en,train,"Sí, pero eso fue como el siguiente día, ¿no?","Yeah, but that was like the next day, right?",9,9
EN_056_18__ES_056_18,es-en,dev,"que se fueron al concierto ese de no se quien y luego que se quedaron atorados en el, en el concierto porque no habían Uber",that they went to the concert of I don't know who and then that they stayed stuck in the concert because they didn't have Uber,25,25
EN_056_19__ES_056_19,es-en,dev,"Porque ok, un concierto se acaba como... ¿Qué? ¿A las 11?","Because okay, a concert ends up like, what, at 11?",11,10
EN_056_1__ES_056_1,es-en,train,"Día 1, llegamos a Portugal.","Day one, we made it to Portugal.",5,7
EN_056_20__ES_056_20,es-en,train,pero ¿qué más hicimos de ahí?,But what else did we do there?,6,7
EN_056_2__ES_056_2,es-en,dev,"Sí, que pensamos que no la íbamos a hacer.","Yeah, we thought we weren't gonna do it.",9,8
EN_056_3__ES_056_3,es-en,train,"Y era muy- muy temprano, me acuerdo.","And it was really early, I remember.",7,7
EN_056_4__ES_056_4,es-en,train,"Ah, si cierto.","Oh, yeah, that's true.",3,4
EN_056_5__ES_056_5,es-en,dev,"De ahí ya no me acuerdo donde nos fuimos, se me hace que de ahí nos fuimos...",That's where I don't remember where we left off. I think that's where we left off.,17,16
EN_056_6__ES_056_6,es-en,train,llegamos a Portugal y me acuerdo que estábamos como muy cansados,We got to Portugal and I remember that we were like really tired.,11,13
EN_056_7__ES_056_7,es-en,train,pero y luego nos fuimos a otro museo,But then we went to another museum.,8,7
EN_056_8__ES_056_8,es-en,dev,"Yo me acuerdo que cuando llegamos ahí, lo primero que hicimos fue...","I remember that when we got there, the first thing we did was...",12,13
EN_056_9__ES_056_9,es-en,dev,Ahí no habíamos dormido ya como por 18 horas.,We didn't sleep there for like 18 hours.,9,8
EN_057_1__ES_057_1,es-en,dev,"Pensar de que, cuáles son las palabras ah",To think that what are the words ah,8,8
EN_057_2__ES_057_2,es-en,train,"No, esos son... se llaman cherries.","No, those are... they're called cherries.",6,6
EN_057_4__ES_057_4,es-en,train,se aburren de la comida.,get bored of the food.,5,5
EN_057_6__ES_057_6,es-en,train,Casi siempre como algo con huevo.,I almost always eat something with eggs.,6,7
EN_058_10__ES_058_10,es-en,test,Un personaje más tierno,A more cute character.,4,4
EN_058_1__ES_058_1,es-en,dev,"Ok, ok ahora sí está grabando.","Okay, okay, now he's recording.",6,5
EN_058_2__ES_058_2,es-en,test,"Es como el Switch, pero, pero sin las partes removibles.","It's like the switch, but without the removable parts.",10,9
EN_058_3__ES_058_3,es-en,test,"Es casi como los de Sim, pero...","It's almost like Sim's, but...",7,5
EN_058_4__ES_058_4,es-en,test,y después nos podemos visitar.,and then we can visit each other.,5,7
EN_058_5__ES_058_5,es-en,test,Y estoy tomando dos clases de diseño gráfico.,And I'm taking two classes of graphic design.,8,8
EN_058_6__ES_058_6,es-en,test,Cada clase son como tres horas y media.,Each class is like three and a half hours.,8,9
EN_058_7__ES_058_7,es-en,test,"como oculto, pero también obvio.","like hidden, but also obvious.",5,5
EN_058_8__ES_058_8,es-en,test,Y está como enredado entre el pelo,And it's kind of tangled between the hairs.,7,8
EN_058_9__ES_058_9,es-en,dev,Pero...,But...,1,1
EN_059_10__ES_059_10,es-en,train,"Quédate, salte del carro, salte de la casa.","Stay, get out of the car, get out of the house.",8,11
EN_059_11__ES_059_11,es-en,train,No- ¿Nunca has ido a un concierto?,"No, you've never been to a concert?",7,7
EN_059_12__ES_059_12,es-en,dev,Quiero ir a Coachella porque ahí va a estar Blackpink.,I want to go to Coachella because there's gonna be Blackpink.,10,11
EN_059_13__ES_059_13,es-en,dev,¿Quieres ir?,Do you want to go?,2,5
EN_059_14__ES_059_14,es-en,train,casi 500 dólares,Almost $500.,3,2
EN_059_15__ES_059_15,es-en,dev,"Dicen, no, es que no podemos, porque esto y eso y luego...","They say, no, we can't, because this and that and then...",12,11
EN_059_16__ES_059_16,es-en,dev,"Voy a vender mi teléfono, mi casa.","I'm gonna sell my phone, my house.",7,7
EN_059_17__ES_059_17,es-en,train,Es porque mi mamá quiere mucho a mi a mi perrita.,It's because my mom loves my doggy a lot.,11,9
EN_059_18__ES_059_18,es-en,train,¿Vamos?,Let's go.,1,2
EN_059_1__ES_059_1,es-en,train,"Pues no sé, porque con lo del concierto estaba muy distraída.","Well, I don't know, because with the concert thing, I was really distracted.",11,13
EN_059_2__ES_059_2,es-en,train,No- no me podía concentrar para nada.,"No, I couldn't concentrate at all.",7,6
EN_059_3__ES_059_3,es-en,dev,quiero ir al concierto.,I want to go to the concert.,4,7
EN_059_4__ES_059_4,es-en,train,Pues por ahorita es más bien escritura.,"Well, for now it's more like writing.",7,7
EN_059_5__ES_059_5,es-en,dev,"Pero ahora ahora sí que ya los agarraste, puedes descansar, ¿no?","But now that you've already taken them, you can rest, right?",11,11
EN_059_6__ES_059_6,es-en,train,"Pues no sé, porque ahora la ansia de verlos.","Well, I don't know, because now the urge to see them.",9,11
EN_059_7__ES_059_7,es-en,dev,"¿Y cuáles, cuales asientos agarraron?","And which ones, which seats did they grab?",5,8
EN_059_8__ES_059_8,es-en,train,los que están en el primer nivel.,the ones that are in the first level.,7,8
EN_059_9__ES_059_9,es-en,train,"No, los más caros son los que están en el piso.","No, the more expensive ones are the ones that are on the floor.",11,13
EN_060_10__ES_060_10,es-en,dev,en los buffets hoteleros en- en México.,in the hotel buffets in Mexico.,7,6
EN_060_11__ES_060_11,es-en,dev,"No tengo mi teléfono, pero- pero ahí lo busco al rato.","I don't have my phone, but I'm looking for it later.",11,11
EN_060_12__ES_060_12,es-en,dev,"Camarón, pollo, también tienen de res.","Shrimp, chicken, they also have beef.",6,6
EN_060_13__ES_060_13,es-en,dev,"Tienen puerco, camarón, tofu.","They have pork, shrimp, tofu.",4,5
EN_060_14__ES_060_14,es-en,dev,Algunos son de hecho muy picantes.,Some of them are actually very spicy.,6,7
EN_060_15__ES_060_15,es-en,dev,O si en verdad te gusta lo puedes comprar en Walmart.,"Or if you really like it, you can buy it in Walmart.",11,12
EN_060_16__ES_060_16,es-en,dev,Ajá.,Uh-huh.,1,1
EN_060_17__ES_060_17,es-en,dev,No te sientes así,You don't feel that way.,4,5
EN_060_18__ES_060_18,es-en,dev,"Sí, sí.","Yeah, yeah.",2,2
EN_060_19__ES_060_19,es-en,dev,Sí.,Yeah.,1,1
EN_060_1__ES_060_1,es-en,dev,"No, antes de que llegues, pregúntame a mí.","No, before you get there, ask me.",8,7
EN_060_2__ES_060_2,es-en,dev,Ni siquiera sé quién salió con esa idea.,I don't even know who came up with that idea.,8,10
EN_060_3__ES_060_3,es-en,dev,¿Cómo lo supo? ¿Nomás eligieron o...?,How did he know? They just chose or...,6,8
EN_060_4__ES_060_4,es-en,dev,Me puedes preguntar a mí si necesitas ayuda.,You can ask me if you need help.,8,8
EN_060_5__ES_060_5,es-en,dev,"Para la última, nomás tuve cinco intentos.","For the last one, I just had five attempts.",7,9
EN_060_6__ES_060_6,es-en,dev,Hablan como de misterio verdadero.,They talk like real mystery.,5,5
EN_060_7__ES_060_7,es-en,dev,No reciente y más reciente.,Not recent and more recent.,5,5
EN_060_8__ES_060_8,es-en,dev,Se- se pone aburrido a veces.,It gets boring sometimes.,6,4
EN_060_9__ES_060_9,es-en,dev,"Escuché que ellos que, que son muy malos.","I heard that they, they're really bad.",8,7
EN_061_10__ES_061_10,es-en,train,"No, es como un cuarto muy pequeño.","No, it's like a really small room.",7,7
EN_061_11__ES_061_11,es-en,train,Puedes poner el papel arriba y sale como un rayo de luz.,You can put the paper up and it comes out like a ray of light.,12,15
EN_061_12__ES_061_12,es-en,train,Ese tomó mucho rato.,That one took a lot of time.,4,7
EN_061_13__ES_061_13,es-en,train,Lo vamos a meter en un portfolio.,We're gonna put it in a portfolio.,7,7
EN_061_14__ES_061_14,es-en,train,Es solo un diseño de personaje.,It's just a character design.,6,5
EN_061_15__ES_061_15,es-en,train,Los llamo patas de gallina.,I call them chicken legs.,5,5
EN_061_16__ES_061_16,es-en,train,"Olvídenlo, creí que iba a estornudar.","Never mind, I thought I was gonna sneeze.",6,8
EN_061_17__ES_061_17,es-en,train,Estoy como en el purgatorio ahorita.,I'm like in purgatory right now.,6,6
EN_061_18__ES_061_18,es-en,dev,Pues cada vez que veo el sol quiero estornudar.,"Well, every time I see the sun, I want to sneeze.",9,11
EN_061_1__ES_061_1,es-en,dev,Precisamente. Es mejor que ser mentiroso.,It's better than being a liar.,6,6
EN_061_20__ES_061_20,es-en,train,"No son míos y también no me quieren, entonces...","They're not mine and they don't love me, so...",9,9
EN_061_2__ES_061_2,es-en,train,Yo creo que todos mienten a sus padres.,I think everyone lies to their parents.,8,7
EN_061_3__ES_061_3,es-en,dev,Tu- tu tienes que saber cómo mentir.,You have to know how to lie.,7,7
EN_061_4__ES_061_4,es-en,train,Sí tendrás que mentir,"Yeah, you're gonna have to lie.",4,6
EN_061_5__ES_061_5,es-en,dev,A ver.,Let's see.,2,2
EN_061_6__ES_061_6,es-en,dev,"Ya ves, hay ocasiones donde tenemos que mentir.","You see, there are occasions where we have to lie.",8,10
EN_061_7__ES_061_7,es-en,train,¿Qué quieres decir?,What do you mean?,3,4
EN_061_8__ES_061_8,es-en,train,Si se cierra la puerta no vamos a poder salir.,"If the door closes, we're not gonna be able to get out.",10,12
EN_061_9__ES_061_9,es-en,dev,Cada vez que entras a ese cuarto arriesgas tu vida.,"Every time you get into that room, you risk your life.",10,11
EN_062_10__ES_062_10,es-en,dev,Esa es una buena escena [laughter].,That's a good scene.,6,4
EN_062_11__ES_062_11,es-en,train,"Sí, ve a apoyar.","Yeah, go support.",4,3
EN_062_12__ES_062_12,es-en,train,Pero terminamos tomando nuestro foto.,But we ended up taking our picture.,5,7
EN_062_13__ES_062_13,es-en,train,Fue la culpa de Sol,It was the sun's fault.,5,5
EN_062_14__ES_062_14,es-en,train,¿Sabes? Esa niña era muy linda.,"You know, that girl was really cute.",6,7
EN_062_15__ES_062_15,es-en,dev,Entonces,So...,1,1
EN_062_1__ES_062_1,es-en,train,"Solo tenían los colores negro, rojo, rosa y blanco.","They only had the colors black, red, pink and white.",9,10
EN_062_2__ES_062_2,es-en,train,lo quieres empezar de nuevo,You want to start over.,5,5
EN_062_3__ES_062_3,es-en,dev,Pero fue divertido ir a hacer unos- unas galletas.,But it was fun to go make some cookies.,9,9
EN_062_4__ES_062_4,es-en,dev,Salió bien brilloso.,It came out brilliantly.,3,4
EN_062_5__ES_062_5,es-en,train,Nos encontramos en el Union.,We met at the union.,5,5
EN_062_6__ES_062_6,es-en,train,Y estaban decorando galletas.,And they were decorating cookies.,4,5
EN_062_7__ES_062_7,es-en,dev,Tenías como un- un ramo de flores.,You had like a bunch of flowers.,7,7
EN_062_8__ES_062_8,es-en,train,El XO.,The XO.,2,2
EN_062_9__ES_062_9,es-en,dev,[laugther],[laugther],1,1
EN_063_10__ES_063_10,es-en,dev,"Tú que- que no estás buscando relación, ¿verdad?","You're not looking for a relationship, right?",8,7
EN_063_11__ES_063_11,es-en,dev,"La- la verdad estuvo- estuvo bien triste porque no te había contado, pero ya, ya rompimos.","The- the truth was really sad because I didn't tell you, but we already broke up.",16,16
EN_063_12__ES_063_12,es-en,train,"Ni modo, vámonos de fiesta ahorita ya.","No way, let's go party right now.",7,7
EN_063_13__ES_063_13,es-en,dev,Sí.,Yeah.,1,1
EN_063_14__ES_063_14,es-en,dev,porque er- era una relación de cua- cuatro y medio años.,because it was a relationship of four and a half years.,11,11
EN_063_15__ES_063_15,es-en,dev,Dijo que- que su corazón ya- ya no estaba en la relación como- como antes.,He said that his heart was not in the relationship like before.,15,12
EN_063_16__ES_063_16,es-en,dev,Ya era tiempo de- de seguir con nuestras vidas.,It was time to get on with our lives.,9,9
EN_063_17__ES_063_17,es-en,dev,"Pues sí, iba dur- durante los fines de semana.","Yeah, I was going to sleep on the weekends.",9,9
EN_063_18__ES_063_18,es-en,dev,"Pero sí- sí se hizo diferente cuando, la relación, cuando empezamos universidad.","But yeah, it did get different when the relationship, when we started college.",12,13
EN_063_19__ES_063_19,es-en,train,las desgracias se pueden este convertir en una oportunidad,the misfortunes can be turned into an opportunity,9,8
EN_063_1__ES_063_1,es-en,dev,¿Cómo te fue en tu- tu día de San Valentín?,How did it go on your valentine day?,10,8
EN_063_20__ES_063_20,es-en,train,Por primera vez creo que en mucho tiempo voy a estar soltero.,"For the first time, I think in a long time, I'm going to be single.",12,15
EN_063_21__ES_063_21,es-en,train,"Simon, m- m- me acuerdo que a mi hermana también pasó algo parecido.","Simon, I remember that something similar happened to my sister.",13,10
EN_063_22__ES_063_22,es-en,train,"pos mi hermana ya se acaba de graduar de la carrera, estaba en la maestría","My sister just graduated from the degree, she was in the master's degree.",15,13
EN_063_23__ES_063_23,es-en,train,"y eran adultos de que maduros, responsables, de que con trabajo.","and they were adults that were mature, responsible for that with work.",11,12
EN_063_24__ES_063_24,es-en,train,"Maduros, entre comillas, y no aguantaron. No pos no- no es fácil.","Maduros, in quotes, and they didn't last. No, it's not easy.",12,11
EN_063_25__ES_063_25,es-en,dev,No sabía quién era ella misma.,I didn't know who she was.,6,6
EN_063_26__ES_063_26,es-en,dev,No quiere ser abogada.,She doesn't want to be a lawyer.,4,7
EN_063_27__ES_063_27,es-en,dev,Pos encuentra un trabajo así de- de oficina.,So he finds a job like that from the office.,8,10
EN_063_28__ES_063_28,es-en,train,Pero sí es una razón poco válida.,But it's an unvalid reason.,7,5
EN_063_29__ES_063_29,es-en,train,"Como que ya no te pones a pensar de que oye, d- d- de que- que estoy haciendo al final.",Like you don't start to think about what I'm doing at the end.,20,13
EN_063_2__ES_063_2,es-en,train,Pero no quería- no quería invitarla a salir.,But I didn't want to ask her out.,8,8
EN_063_30__ES_063_30,es-en,dev,que muchas de sus decisiones eran por mí.,that a lot of his decisions were because of me.,8,10
EN_063_31__ES_063_31,es-en,dev,"que se pudiera haber ido a otro universidad más- más grande, más padre.","that he could have gone to another, bigger college, more father.",13,11
EN_063_32__ES_063_32,es-en,dev,Yo- yo mi vida como- como que yo ya sé a dónde voy.,"I- I kind of like my life, I already know where I'm going.",13,13
EN_063_33__ES_063_33,es-en,train,De que yo- yo no estaba seguro si quería venirme aquí a El Paso.,That I- I wasn't sure if I wanted to come over here to El Paso.,14,15
EN_063_3__ES_063_3,es-en,dev,Has.,Has.,1,1
EN_063_4__ES_063_4,es-en,train,Pero como que no quería crear una relación todavía como para que me sintiera yo obligado.,But I didn't want to create a relationship so that I would feel obligated.,16,14
EN_063_5__ES_063_5,es-en,train,Voy a ir a jugar fútbol con mis amigos porque pos todos los martes nos juntamos.,I'm gonna go play soccer with my friends because we get together every Tuesday.,16,14
EN_063_6__ES_063_6,es-en,dev,"No, pos apenas se conocen, ¿verdad?","No, they barely know each other, right?",6,7
EN_063_7__ES_063_7,es-en,train,"Cáele, osea como que yo ya quería como que invitarla a salir",It's like I already wanted to ask her out.,12,9
EN_063_8__ES_063_8,es-en,train,"Con una fecha, [laughter] no quiero ver cómo se va a poner en otras cosas.","With one date, I don't want to see how he's gonna get into other things.",15,15
EN_063_9__ES_063_9,es-en,dev,[laughter],[laugh],1,1
EN_064_10__ES_064_10,es-en,train,personalmente me voy a tomar esto en serio,"Personally, I'm gonna take this seriously.",8,6
EN_064_11__ES_064_11,es-en,train,[laughter] Lo voy a tomar personal.,[laugh] I'm gonna take it personally.,6,6
EN_064_12__ES_064_12,es-en,train,"Bueno, ella es muy tierna, ¿qué puedo decir?","Well, she's really cute. What can I say?",8,8
EN_064_13__ES_064_13,es-en,train,Yo encontré un pedazo del carro en la cochera de mi carro.,I found a piece of the car in the garage in my car.,12,13
EN_064_14__ES_064_14,es-en,train,"Mónica dijo que era negro, yo dije que era un azul marino y tú dijiste que era café.","Monica said it was black, I said it was a navy blue and you said it was brown.",18,18
EN_064_15__ES_064_15,es-en,train,"Ahora estás diciendo que es gris, es café.","Now you're saying it's gray, it's brown.",8,7
EN_064_16__ES_064_16,es-en,train,Que estamos tan traumadas que no recordamos.,That we're so traumatized that we don't remember.,7,8
EN_064_17__ES_064_17,es-en,train,"¡Ah, estás traumada, ah!","Ah, you're traumatized, ahh!",4,4
EN_064_18__ES_064_18,es-en,train,"¡Ah, estás traumada por vida!","Ah, you're traumatized for life.",5,5
EN_064_19__ES_064_19,es-en,train,Así es como nos tratamos.,That's how we deal with each other.,5,7
EN_064_1__ES_064_1,es-en,train,¿Qué tal si hablamos de lo que te dijo tu profesor?,How about we talk about what your professor told you?,11,10
EN_064_20__ES_064_20,es-en,train,Así.,Like that.,1,2
EN_064_21__ES_064_21,es-en,train,tu dinámica y así es como tratan el trauma.,your dynamic and that's how they deal with trauma.,9,9
EN_064_22__ES_064_22,es-en,train,"Pude perder a mi hermana. ¡Ah, estás traumada!","I could have lost my sister. Oh, you're traumatized.",8,9
EN_064_24__ES_064_24,es-en,train,Pero también funciona.,But it also works.,3,4
EN_064_25__ES_064_25,es-en,train,Literalmente haciendo bromas. Específicamente el Among Us.,"Literally making jokes, specifically the Among Us.",7,7
EN_064_26__ES_064_26,es-en,train,¡Él sobrevivió!,He survived.,2,2
EN_064_27__ES_064_27,es-en,train,Estaba completamente cerrado.,It was completely closed.,3,4
EN_064_28__ES_064_28,es-en,train,"Ok, estuve en un accidente. Discúlpeme si estoy un poco lenta.","Okay, I was in an accident. I'm sorry if I'm a little slow.",11,13
EN_064_2__ES_064_2,es-en,train,¿No te acuerdas?,You don't remember?,3,3
EN_064_30__ES_064_30,es-en,train,Estoy convirtiéndome en Shrek.,I'm turning into Shrek.,4,4
EN_064_31__ES_064_31,es-en,train,"[laughter] Y luego le enseñé y nomás me dice... ¡Oh, mi Dios!","And then I showed him and he just told me, oh my god.",12,13
EN_064_32__ES_064_32,es-en,train,[laughter],[laugh],1,1
EN_064_33__ES_064_33,es-en,train,"Cuando me consiga un carro nuevo, me las voy a llevar a ustedes a comprar Boba.","When I get a new car, I'm gonna take you guys to buy boba.",16,14
EN_064_34__ES_064_34,es-en,train,Tengo un pedazo de pan. Es lo único que le puedo dar ahora.,I have a piece of bread. That's all I can give you now.,13,13
EN_064_36__ES_064_36,es-en,train,¿Cómo no te acuerdas? Fue esta mañana.,Why don't you remember? It was this morning.,7,8
EN_064_3__ES_064_3,es-en,train,No.,No.,1,1
EN_064_4__ES_064_4,es-en,train,Nos dijiste.,You told us.,2,3
EN_064_5__ES_064_5,es-en,train,"¡Oh, sí, tienes razón!","Oh yeah, you're right.",4,4
EN_064_6__ES_064_6,es-en,train,Quería acariciar el perro hoy.,I wanted to pet the dog today.,5,7
EN_064_7__ES_064_7,es-en,train,He estado como... ¿Dónde está el bebé?,"I've been like, where's the baby?",7,6
EN_064_8__ES_064_8,es-en,train,¿Dónde está? Quiero ver el bebé,Where is he? I want to see the baby.,6,9
EN_064_9__ES_064_9,es-en,train,Somos superhéroes porque ahora tenemos un perro.,We're superheroes because we have a dog now.,7,8
EN_065_10__ES_065_10,es-en,dev,"No, ¿has leído un libro sobre el comunismo?","No, have you read a book about communism?",8,8
EN_065_11__ES_065_11,es-en,dev,"Eh, explican de que ¿qué es la democracia? ¿qué es el monarquismo?",They explain that what is democracy? What is monarchism?,12,9
EN_065_12__ES_065_12,es-en,dev,¿qué es el comunismo? que es una- ¿qué es un dictador?,What is communism? What is a dictator?,11,7
EN_065_13__ES_065_13,es-en,dev,A mi se me hace que sigue siendo el superpoder del mundo,I think it's still the superpower of the world.,12,9
EN_065_14__ES_065_14,es-en,dev,más personales como de que puede hacer una persona,more personal about what a person can do.,9,8
EN_065_15__ES_065_15,es-en,dev,muchos repiten lo mismo,many people say the same thing.,4,6
EN_065_16__ES_065_16,es-en,dev,Ah.,Ah.,1,1
EN_065_17__ES_065_17,es-en,dev,"Como si quiero aprender de una cosa, voy a YouTube.","Like if I want to learn from one thing, I go to YouTube.",10,13
EN_065_18__ES_065_18,es-en,dev,Soy parte de- de un club de estudiantes de física.,I'm part of a physics student club.,10,7
EN_065_19__ES_065_19,es-en,dev,Sí.,Yeah.,1,1
EN_065_1__ES_065_1,es-en,dev,Los chinos están peleando con los estadounidenses.,The Chinese are fighting with the Americans.,7,7
EN_065_20__ES_065_20,es-en,dev,"Dentro de los estudiantes, yo diría que soy quizás de los 10 mejores.","Inside the students, I would say that I'm maybe one of the top 10.",13,14
EN_065_21__ES_065_21,es-en,dev,"Como de unos 50. O sea, no soy así tan bueno, ¿verdad?","Like in '50s, I'm not that good, right?",12,8
EN_065_22__ES_065_22,es-en,dev,¡Ooh!,Ooh!,1,1
EN_065_23__ES_065_23,es-en,dev,Pero hubo un torneo de ajedrez y entraron varios profesores de física.,But there was a chess tournament and there were several professors of physics.,12,13
EN_065_24__ES_065_24,es-en,dev,Se llamaba Dr. El-Gendy. Me ganó. Y me ganó bien feo.,"His name was Dr. El Gendy, he beat me and he beat me really bad.",11,15
EN_065_25__ES_065_25,es-en,dev,"Y no sé, me decepcioné.","And I don't know, I was disappointed.",5,7
EN_065_26__ES_065_26,es-en,dev,"Si juego como unos 6, 8 juegos diarios.","Yeah, I play like 6, 8 games a day.",8,9
EN_065_27__ES_065_27,es-en,dev,Entonces es como tu- tu pasión.,So it's like your passion.,6,5
EN_065_28__ES_065_28,es-en,dev,"No es necesariamente de que más tiempo, más progreso.","It's not necessarily more time, more progress.",9,7
EN_065_29__ES_065_29,es-en,dev,Pues en el mundo del ajedrez hay algo que se llama ELO Rating.,"Well, in the chess world, there's something called ELO rating.",13,10
EN_065_2__ES_065_2,es-en,dev,¿Las herramientas que usan para producirlos son hechos o europeos o americanos?,The tools that they use to produce them are European or American?,12,12
EN_065_30__ES_065_30,es-en,dev,Esto mide tu fuerza como jugador.,This measures your strength as a player.,6,7
EN_065_31__ES_065_31,es-en,dev,"Espérame, primero te voy a decir lo- lo bajo.","Wait for me, I'll tell you what.",9,7
EN_065_32__ES_065_32,es-en,dev,"si juegas de un minuto cada quien, es de que, rápido","If you play for one minute each, it's like, fast.",11,10
EN_065_33__ES_065_33,es-en,dev,"Pues tienes que moverte rápido, no tienes tiempo para pensar","Well, you have to move fast. You don't have time to think.",10,12
EN_065_34__ES_065_34,es-en,dev,"El reloj, sí, pero casi todos hacemos con el teléfono.","The watch, yeah, but most of us do with the phone.",10,11
EN_065_35__ES_065_35,es-en,dev,"reloj, ajá","clock, uh-huh.",2,2
EN_065_36__ES_065_36,es-en,dev,juegos de un minuto es un minuto para pensar en todo el juego,One minute games is one minute to think about the whole game.,13,12
EN_065_37__ES_065_37,es-en,dev,¿Tienes un minuto pa' mover la pieza o...?,Do you have a minute to move the piece or...,8,10
EN_065_38__ES_065_38,es-en,dev,En este movimiento voy a usar un segundo o dos segundos.,"In this move, I'm gonna use a second or two seconds.",11,11
EN_065_39__ES_065_39,es-en,dev,Y luego el tercero contra el Dr. El-Gendy es el que perdí. Y perdí feo.,"And then the third against Dr. El Gendy is the one that I lost, and I lost ugly.",15,18
EN_065_3__ES_065_3,es-en,dev,la infraestructura que se requiere para hacer esos diseños de las máquinas que hacen los chips.,the infrastructure that is required to make those designs of the machines that make the chips.,16,16
EN_065_40__ES_065_40,es-en,dev,Y ahí juegan bastante ajedrez.,And there they play a lot of chess.,5,8
EN_065_41__ES_065_41,es-en,dev,Se me hace que no hay suficiente contenido para que haiga tantos libros.,I don't think there's enough content to make so many books.,13,11
EN_065_42__ES_065_42,es-en,dev,en eso fallan- falla China,in that they fail. China fails.,5,6
EN_065_4__ES_065_4,es-en,dev,Sí.,Yeah.,1,1
EN_065_5__ES_065_5,es-en,dev,"O sea aunque dominen con la tecnología que hay, la tecnología nueva no es de ellos.","So even if they master with the technology that there is, the new technology is not theirs.",16,17
EN_065_6__ES_065_6,es-en,dev,Sí.,Yeah.,1,1
EN_065_7__ES_065_7,es-en,dev,No sé si es más fácil que los- que los chinos hagan su propia tecnología.,I don't know if it's easier for the Chinese to do their own technology.,15,14
EN_065_8__ES_065_8,es-en,dev,"Bueno, leí que Estados Unidos, tiene toda su producción allá en Asia.","Well, I read that the United States has all of its production back in Asia.",12,15
EN_065_9__ES_065_9,es-en,dev,"Quizás tenga algo que ver con el comunismo, per-.",Maybe it has something to do with communism.,9,8
EN_066_10__ES_066_10,es-en,train,"Mitad mexicano como muchos profes son, ¿verdad?","Half Mexican, like a lot of professors are, right?",7,9
EN_066_11__ES_066_11,es-en,train,Creo que él es de New Jersey o algo así.,I think he's from New Jersey or something.,10,8
EN_066_12__ES_066_12,es-en,train,Yo no sabía que hablaba tan rápido y habla bien ráp-.,I didn't know that he talks so fast and speaks well.,11,11
EN_066_13__ES_066_13,es-en,dev,Oh.,Oh.,1,1
EN_066_14__ES_066_14,es-en,train,"No, es que si, habla- habla muy rápido.","No, it's like, yeah, he talks really fast.",8,8
EN_066_15__ES_066_15,es-en,train,"No, yo no le entiendo.","No, I don't understand him.",5,5
EN_066_16__ES_066_16,es-en,train,Sí me pegó en- en los sentimientos porque yo extrañaba mucho Méxi-.,"Yeah, he hit me in my feelings because I missed Mexico a lot.",12,13
EN_066_1__ES_066_1,es-en,train,"Yo la verdad, a mí siempre me había gustado estudiar en México.","Actually, I've always liked to study in Mexico.",12,8
EN_066_2__ES_066_2,es-en,train,"Eh, al principio yo estaba muy emocionada por venir acá.","Um, at first I was really excited to come over here.",10,11
EN_066_3__ES_066_3,es-en,train,porque nunca me había tocado así tener una experiencia muy estadounidense aquí en El Paso.,because I've never really had to have a very American experience here in El Paso.,15,15
EN_066_4__ES_066_4,es-en,train,"Entonces, cuando ya me vine para acá a estudiar,","So when I already came here to study,",9,8
EN_066_5__ES_066_5,es-en,train,"O sea, notaba muchos cambios en la cultura.",I noticed a lot of changes in the culture.,8,9
EN_066_6__ES_066_6,es-en,train,"Porque a pesar de que tenía amigos, pues se sentía muy diferente todo.","Because even though I had friends, it felt really different.",13,10
EN_066_7__ES_066_7,es-en,train,"Como que quería socializar con alguien, pero esa persona está en su mun-.","I kind of wanted to socialize with someone, but that person is in his world.",13,15
EN_066_8__ES_066_8,es-en,train,como hola este o sea si directo y todo.,"like hello, that's straight and everything.",9,6
EN_066_9__ES_066_9,es-en,train,Ese maestro era de Estados Unidos.,That teacher was from the United States.,6,7
EN_067_10__ES_067_10,es-en,test,la- la que tenía antes estaba más vieja entonces no- no s- no servía muy bien,"the one that I used to have was older, so it wasn't working very well.",16,15
EN_067_11__ES_067_11,es-en,test,"paré por- por un buen tiempo, entonces tengo que empezar otra vez.","I stopped for a while, so I have to start over.",12,11
EN_067_12__ES_067_12,es-en,test,"Sí, a veces no me da tiempo de hacer todos.","Yeah, sometimes I don't have time to do everybody.",10,9
EN_067_13__ES_067_13,es-en,test,"Y si siento que he estado uh mucho tiempo dentro de la casa, uh pues salgo.","And if I feel like I've been in the house for a long time, I go out.",16,17
EN_067_14__ES_067_14,es-en,test,"Si siento que me estoy aburriendo o algo, empiezo a dibujar.","If I feel like I'm getting bored or something, I'm starting to draw.",11,13
EN_067_15__ES_067_15,es-en,test,A veces el día está bien- bien bonito y me gusta salir.,Sometimes the day is nice and I like to get out.,12,11
EN_067_16__ES_067_16,es-en,test,"Sí, voy afuera, más en las noches porque no hay tanta gente.","Yeah, I go outside more at night because there's not that many people.",12,13
EN_067_17__ES_067_17,es-en,test,Tengo o pues sí con- con lápiz.,I have or I have with... with a pencil.,7,9
EN_067_18__ES_067_18,es-en,test,A veces también tengo um uh pluma.,Sometimes I also have um uh pen.,7,7
EN_067_19__ES_067_19,es-en,test,"Lo que dibujo es lo que salga, no sé.","What I draw is what comes out, I don't know.",9,10
EN_067_1__ES_067_1,es-en,test,"No, no hay muchas cosas que me molestan.","No, there's not a lot that bothers me.",8,8
EN_067_20__ES_067_20,es-en,test,"Sí, me gusta mucho la música.","Yeah, I really like music.",6,5
EN_067_21__ES_067_21,es-en,test,"Practico un poco ahí en mi casa, pero no es- no estaria- no es igual.","I practice a little bit there in my house, but it's not like it's not the same.",15,17
EN_067_22__ES_067_22,es-en,test,Um depende como me sienta.,It depends how I feel.,5,5
EN_067_23__ES_067_23,es-en,test,"Sí, me gusta mucho rock.","Yeah, I like rock a lot.",5,6
EN_067_24__ES_067_24,es-en,dev,¿Tu primer guitarra fue de niño entonces?,So your first guitar was as a kid?,7,8
EN_067_25__ES_067_25,es-en,test,Vendí unas cosas para poder comprar una guitarra.,I sold some stuff so I could buy a guitar.,8,10
EN_067_26__ES_067_26,es-en,test,que nos estábamos moviendo de San Antonio.,that we were moving from San Antonio.,7,7
EN_067_27__ES_067_27,es-en,dev,A tu- a tu gusto.,To you. To your liking.,5,5
EN_067_28__ES_067_28,es-en,test,"Sí, a mi gusto.","Yes, to my liking.",4,4
EN_067_29__ES_067_29,es-en,test,Yo pienso que no ten- tengo que- no necesito comprar otra.,I don't think I have to buy another one.,11,9
EN_067_2__ES_067_2,es-en,dev,Que te gusta mucho o que lo odias.,that you like him a lot or that you hate him.,8,11
EN_067_30__ES_067_30,es-en,dev,Pero piensas en comprar más y así.,But you think about buying more and so on.,7,9
EN_067_31__ES_067_31,es-en,test,Sí dibujo a veces lo que estoy viendo.,"Yeah, I draw sometimes what I'm seeing.",8,7
EN_067_3__ES_067_3,es-en,test,Pues la verdad no- no he visto muchas películas.,"Well, I haven't actually seen a lot of movies.",9,9
EN_067_4__ES_067_4,es-en,test,"Me gusta tocar la guitarra, tengo una guitarra.","I like playing the guitar, I have a guitar.",8,9
EN_067_5__ES_067_5,es-en,test,Voy al gimnasio o voy a jugar.,I go to the gym or I'm gonna play.,7,9
EN_067_6__ES_067_6,es-en,test,"O a veces dibujo, también me gusta dibujar mucho.","Or sometimes drawing, I also like drawing a lot.",9,9
EN_067_7__ES_067_7,es-en,test,"Dormir también, [laughter] me gusta dormir.","Sleeping too, I like sleeping.",6,5
EN_067_8__ES_067_8,es-en,dev,Dormir. Sí.,Sleep. Yeah.,2,2
EN_067_9__ES_067_9,es-en,test,"Sí, lo uso para- más para transportación.","Yeah, I use it for more transportation.",7,7
EN_068_10__ES_068_10,es-en,train,"Oh, pues me gusta Michael.","Oh, I like Michael.",5,4
EN_068_11__ES_068_11,es-en,dev,Ese videojuego con el oso y los animatrónicos.,That video game with the bear and the animatronics.,8,9
EN_068_12__ES_068_12,es-en,train,¡Oh!,Oh!,1,1
EN_068_13__ES_068_13,es-en,train,Yo- yo- yo en verdad no juego.,I don't really play.,7,4
EN_068_14__ES_068_14,es-en,dev,Juego como una vez a la semana tal vez.,I play like once a week maybe.,9,7
EN_068_15__ES_068_15,es-en,train,"Beto, me gusta Beto.","Beto, I like Beto.",4,4
EN_068_17__ES_068_17,es-en,train,"Yo creo que no es muy popular, pero es Crash.","I don't think it's very popular, but it's Crash.",10,9
EN_068_18__ES_068_18,es-en,train,"Es un perro y está como nadando, más o menos.","It's a dog and it's like swimming, more or less.",10,10
EN_068_19__ES_068_19,es-en,dev,Sí.,Yeah.,1,1
EN_068_1__ES_068_1,es-en,train,Yo solía ser un zorro en la preparatoria.,I used to be a fox in high school.,8,9
EN_068_20__ES_068_20,es-en,dev,Sí.,Yeah.,1,1
EN_068_21__ES_068_21,es-en,train,PS1 o no más Playstation no me sé su nombre.,PS1 or no more Playstation. I don't know his name.,10,10
EN_068_22__ES_068_22,es-en,dev,Playsta-.,Playsta.,1,1
EN_068_23__ES_068_23,es-en,dev,Ajá.,Uh-huh.,1,1
EN_068_24__ES_068_24,es-en,dev,"Hice esa específicamente por los juegos, pero ahora la uso más pa' las escuelas.","I did that specifically for the games, but now I use it more for the schools.",14,16
EN_068_25__ES_068_25,es-en,dev,"Porque es muy lento, a veces lo prendo y dura como 5 minutos.","Because it's really slow, sometimes I turn it on and it lasts like five minutes.",13,15
EN_068_26__ES_068_26,es-en,dev,"Estoy como apúrate, apúrate [laughter].","I'm like, hurry up, hurry up.",5,6
EN_068_27__ES_068_27,es-en,train,"A veces quiero jugar más, pero luego no lo hago.","Sometimes I want to play more, but then I don't.",10,10
EN_068_28__ES_068_28,es-en,dev,Sí.,Yeah.,1,1
EN_068_29__ES_068_29,es-en,train,"Me gusta ver shows, ese es mi hobby.","I like watching shows, that's my hobby.",8,7
EN_068_2__ES_068_2,es-en,train,Lo voy a nombrar Freddy.,I'm gonna name him Freddy.,5,5
EN_068_30__ES_068_30,es-en,dev,Sí.,Yeah.,1,1
EN_068_31__ES_068_31,es-en,dev,Y veo como tres capítulos de tres diferentes programas.,And I see like three chapters of three different programs.,9,10
EN_068_32__ES_068_32,es-en,dev,"Phineas y Ferb, no sé, a mí me gusta ese show.","Phineas and Ferb, I don't know, I like that show.",11,10
EN_068_33__ES_068_33,es-en,train,¿Has escuchado sobre Coraje?,Have you heard about Courage?,4,5
EN_068_34__ES_068_34,es-en,train,Está muy miedoso.,It's really scary.,3,3
EN_068_35__ES_068_35,es-en,train,No sé cómo lo veía cuando era una niña. En verdad está miedoso.,I don't know how I saw it when I was a kid. It's really scary.,13,15
EN_068_36__ES_068_36,es-en,dev,[laughter].,[laugh],1,1
EN_068_37__ES_068_37,es-en,train,Ella era súper dulce y amable y él era grosero.,She was super sweet and kind and he was rude.,10,10
EN_068_38__ES_068_38,es-en,train,Era como una película de miedo para los niños.,It was like a scary movie for the kids.,9,9
EN_068_39__ES_068_39,es-en,train,Creo que lo intenté de ver hace unos años.,I think I tried to watch it a few years ago.,9,11
EN_068_3__ES_068_3,es-en,dev,¿Por qué- por qué se ve como un Freddy?,Why- why does he look like a Freddy?,9,8
EN_068_40__ES_068_40,es-en,dev,"Los niños ahí diciendo, ah, quiero ver mi favorito programa.","The kids there saying, oh, I want to watch my favorite show.",10,12
EN_068_41__ES_068_41,es-en,train,¡Oh por Dios! ¡Está funcionando!,"Oh my god, it's working.",5,5
EN_068_42__ES_068_42,es-en,dev,[laughter],[laugh],1,1
EN_068_43__ES_068_43,es-en,train,El mío nomás está aquí para verse bonito.,Mine's just here to look pretty.,8,6
EN_068_44__ES_068_44,es-en,train,"No, no puedo hacer ningún acento.","No, I can't do any accents.",6,6
EN_068_45__ES_068_45,es-en,dev,No.,No.,1,1
EN_068_46__ES_068_46,es-en,dev,¿Cómo?,How?,1,1
EN_068_47__ES_068_47,es-en,dev,"Ay amigo, no batalle solo.","Oh man, don't beat yourself up.",5,6
EN_068_48__ES_068_48,es-en,train,Um ¿Qué quieres? ¿Qué te gustaría hoy?,What do you want? What would you like today?,7,9
EN_068_49__ES_068_49,es-en,train,"Oh, eres inglés.","Oh, you're English.",3,3
EN_068_4__ES_068_4,es-en,train,Mi- mi segunda mascota se iba a llamar Freddy.,My- my second pet was gonna be called Freddy.,9,9
EN_068_50__ES_068_50,es-en,train,"Ok, déjame agarrar el traductor.","Okay, let me get the translator.",5,6
EN_068_51__ES_068_51,es-en,train,Tú hablas inglés.,You speak English.,3,3
EN_068_52__ES_068_52,es-en,dev,Bien rápido y en un acento inglés.,Very fast and in an English accent.,7,7
EN_068_53__ES_068_53,es-en,train,Ajá.,Uh-huh.,1,1
EN_068_54__ES_068_54,es-en,dev,Está diciendo como en qué lengua estás hablando [laughter].,He's saying like what language you're speaking.,9,7
EN_068_55__ES_068_55,es-en,train,[laughter],[laugh],1,1
EN_068_5__ES_068_5,es-en,train,"Un familiar, su nombre es Freddy.","A family member, his name is Freddy.",6,7
EN_068_6__ES_068_6,es-en,train,Basado en Freddie Mercury.,based on Freddie Mercury.,4,4
EN_068_8__ES_068_8,es-en,dev,Y ahora- y ahora tu peluche.,And now- and now your plush.,6,6
EN_068_9__ES_068_9,es-en,train,Sí.,Yeah.,1,1
EN_069_10__ES_069_10,es-en,dev,Y luego viene a UTEP en el año 2020.,And then he comes to UTEP in 2020.,9,8
EN_069_11__ES_069_11,es-en,dev,Todo pasó con la pandemia y...,It all happened with the pandemic and...,6,7
EN_069_12__ES_069_12,es-en,dev,"La verdad no me gustó, entonces estaba como, no.","I didn't really like it, so I was like, no.",9,10
EN_069_13__ES_069_13,es-en,train,"Tengo una sobrina, de hecho, que cuando ella se graduó de la preparatoria.","I have a niece, actually, that when she graduated from high school.",13,12
EN_069_14__ES_069_14,es-en,train,¿Cómo se llama el estudiante que es el que se gradúa con el más alto promedio?,What is the name of the student that graduates with the highest average?,16,13
EN_069_15__ES_069_15,es-en,train,"Y ella pues sí era una de las estudiantes que se graduaron con más alto promedio, pero...","And she was one of the students that graduated with the highest average, but...",17,14
EN_069_16__ES_069_16,es-en,train,Se decidió tomar un- un año de descanso y- y decidió viajar por todo el país.,He decided to take a year off and he decided to travel all over the country.,16,16
EN_069_17__ES_069_17,es-en,train,Un programa con en la universi- una universidad en Italia para que tomara clases dos años aquí y dos años en Italia.,a program with a university in Italy to take classes two years here and two years in Italy.,22,18
EN_069_18__ES_069_18,es-en,train,"También terminó la preparatoria durante la pandemia, pero se sintió un poquito como saturada.","She also finished high school during the pandemic, but she felt a little overwhelmed.",14,14
EN_069_19__ES_069_19,es-en,dev,Sí.,Yeah.,1,1
EN_069_1__ES_069_1,es-en,dev,"Um, vamos a jugar un juego en el papel, eh.","Um, let's play a game on paper, huh?",10,8
EN_069_20__ES_069_20,es-en,train,La pandemia sí fue algo difícil para ella.,The pandemic was something difficult for her.,8,7
EN_069_21__ES_069_21,es-en,train,"Era una muy buena estudiante, fue una muy buena estudiante, pero no aplicó a nada.","She was a really good student, she was a really good student, but she didn't apply to anything.",15,18
EN_069_22__ES_069_22,es-en,train,"Pues ella se sentía así como que ay, muy saturada.","Well, she was like, oh, very overwhelmed.",10,7
EN_069_23__ES_069_23,es-en,train,"Pues entonces decidimos hablar con ella y le dijimos, pues tú sabes.","So we decided to talk to her and we told her, you know.",12,13
EN_069_24__ES_069_24,es-en,train,"Pue- pero tienes que hacer algo, ya sea que consigas un trabajo.","But you have to do something, either you get a job.",12,11
EN_069_25__ES_069_25,es-en,train,Es donde viven mis uh familia política.,That's where my uh political family lives.,7,7
EN_069_26__ES_069_26,es-en,train,Y luego tuvo la oportunidad de conseguir un trabajo en la biblioteca de la escuela donde ella fue.,And then he had the opportunity to get a job in the library of the school where she went.,18,19
EN_069_27__ES_069_27,es-en,train,"Y luego me dijo, mami, pues estaba viendo a todos los amigos de Xenia y estaban haciendo tarea y eh extrañé hacer tarea.","And then he told me, Mommy, because I was watching all of Xenia's friends and they were doing homework and I missed doing homework.",23,24
EN_069_28__ES_069_28,es-en,train,A veces es bueno así esp- esp- tomar una pausa y analizar todo.,Sometimes it's good to take a break and analyze everything.,13,10
EN_069_2__ES_069_2,es-en,train,Tengo... es la primera.,I have... it's the first one.,4,6
EN_069_3__ES_069_3,es-en,train,"No, uh hago ejercicio 30 minutos por lo menos tres veces a la semana.","No, I exercise 30 minutes at least three times a week.",14,11
EN_069_4__ES_069_4,es-en,dev,"Apenas está en la preparatoria, entonces...","He's barely in high school, so...",6,6
EN_069_5__ES_069_5,es-en,train,"Me gustaría que la primera fuera la verdad, pero era- pero no, era no era la verdad, era la mentira.","I wish the first one was true, but it was not true, it was the lie.",20,16
EN_069_6__ES_069_6,es-en,train,La segunda era la correcta. Tengo un niño de 17 años y una niña de 20 años.,The second one was the right one. I have a 17-year-old boy and a 20-year-old girl.,17,16
EN_069_7__ES_069_7,es-en,dev,Ajá.,Uh-huh.,1,1
EN_069_8__ES_069_8,es-en,train,"Y mi hijo es senior, se va a graduar en mayo.",And my son is a senior. He's graduating in May.,11,10
EN_069_9__ES_069_9,es-en,train,"Está emocionado, pero no sabe todavía qué va a hacer.","He's excited, but he doesn't know what he's going to do.",10,11
EN_070_10__ES_070_10,es-en,test,"Muy mala idea, mataron poquita gente.",That's a bad idea. They killed a few people.,6,9
EN_070_11__ES_070_11,es-en,train,"Ok, ok.","Okay, okay.",2,2
EN_070_12__ES_070_12,es-en,test,Mejorar el planeta.,To improve the planet.,3,4
EN_070_13__ES_070_13,es-en,train,Tipo de que ¿democracia? ¿república?.,type of what democracy? republic?,5,5
EN_070_14__ES_070_14,es-en,test,Definitivamente sería una- una república.,It would definitely be a republic.,5,6
EN_070_15__ES_070_15,es-en,test,"O sea, hacer una UNICEF que sí funcione.","I mean, make a UNICEF that actually works.",8,8
EN_070_16__ES_070_16,es-en,train,Exactamente.,Exactly.,1,1
EN_070_17__ES_070_17,es-en,train,Y que sus líderes sean este erradicados.,And let their leaders be eradicated.,7,6
EN_070_18__ES_070_18,es-en,train,De- de manera...,So...,3,1
EN_070_19__ES_070_19,es-en,test,Humanitaria,Humanitarian,1,1
EN_070_1__ES_070_1,es-en,test,"Señor, por favor, hay que permanecer profesional.","Sir, please, you have to stay professional.",7,7
EN_070_20__ES_070_20,es-en,train,Humanitaria justa.,Just humanitarian.,2,2
EN_070_21__ES_070_21,es-en,train,"Entonces si una persona es demasiado rica, eso quiere decir que hay muchísima gente que no lo es.","So if a person is too rich, that means that there's a lot of people that aren't.",18,17
EN_070_22__ES_070_22,es-en,train,Es el mayor claro ejemplo de un monopolio.,It's the biggest example of a monopoly.,8,7
EN_070_23__ES_070_23,es-en,test,Que compró todas las compañías de entretenimiento y todo.,that he bought all the entertainment companies and everything.,9,9
EN_070_24__ES_070_24,es-en,train,¿Qué compró? Miento,What did he buy?,3,4
EN_070_25__ES_070_25,es-en,test,Definitivamente ah tomaría acciones militaria.,I would definitely take military action.,5,6
EN_070_26__ES_070_26,es-en,train,Pero con fuerza.,But with force.,3,3
EN_070_27__ES_070_27,es-en,test,Pero sí.,But yeah.,2,2
EN_070_28__ES_070_28,es-en,train,Eh lo que planeo hacer es eh nada,What I'm planning to do is nothing.,8,7
EN_070_29__ES_070_29,es-en,train,"No, no te creas.","No, don't believe it.",4,4
EN_070_2__ES_070_2,es-en,train,"Sería ir con todo, contra todos los criminales.","It would be going with everything, against all the criminals.",8,10
EN_070_30__ES_070_30,es-en,train,"Se divide en primera fuerza, segunda, tercera, cuarta y principiante.","It divides into first force, second, third, fourth and beginner.",10,10
EN_070_31__ES_070_31,es-en,test,Planeo ver esta nueva serie que se llama... No sé si la ha visto Attack on Titans.,I plan to watch this new show called Atack on Titans.,17,11
EN_070_32__ES_070_32,es-en,test,Exactamente caballero y planeo hacer eso en mi break.,Exactly gentleman and I plan to do that in my break.,9,11
EN_070_33__ES_070_33,es-en,train,Lo cual es- resulta muy complicado.,Which is very complicated.,6,4
EN_070_34__ES_070_34,es-en,test,[laughter].,[laugh],1,1
EN_070_35__ES_070_35,es-en,test,Yucatan o.,Yucatan or,2,2
EN_070_36__ES_070_36,es-en,train,"Ajá, Guadalajara, no, perdón, Jalisco","Uh-huh, Guadalajara, no, sorry, Jalisco.",5,5
EN_070_37__ES_070_37,es-en,train,"Del pa-, bueno, ahorita estamos en Estados Unidos, pero en el norte del país, en- en México.","Well, right now we're in the United States, but in the north of the country, in Mexico.",17,17
EN_070_38__ES_070_38,es-en,test,México.,Mexico.,1,1
EN_070_39__ES_070_39,es-en,train,"No, que sea más diver- diversificado, que si bien ya existen leyes para controlar monopolios.","No, let it be more diversified than even though there are laws to control monopolies.",15,15
EN_070_3__ES_070_3,es-en,train,y enviarlos este directamente a prisión.,and send them directly to prison.,6,6
EN_070_40__ES_070_40,es-en,train,De hecho el- mi- el coach que me invitó- el que me invitó fue el entrenador del equipo de la UACJ.,Actually the coach that invited me was the coach of the UACJ team.,21,13
EN_070_4__ES_070_4,es-en,train,Y que sus familias tengan que pagar por todo lo que tengan que hacer ahí.,And that their families have to pay for everything they have to do there.,15,14
EN_070_5__ES_070_5,es-en,test,"Hacer los países, unificarlos en una nación muy grande y fuerte a mi nombre.",make the countries unify them in a very big and strong nation in my name.,14,15
EN_070_6__ES_070_6,es-en,test,Porque yo soy una persona muy egoísta. A mí me gustaría tener todas las riquezas del mundo.,Because I'm a very selfish person. I would like to have all the riches of the world.,17,17
EN_070_7__ES_070_7,es-en,train,Ok.,Okay.,1,1
EN_070_8__ES_070_8,es-en,test,"Llamenme muy mala persona, pero uh ge- uh genicidio no suena muy mal.","Call me a really bad person, but it doesn't sound bad.",13,11
EN_070_9__ES_070_9,es-en,train,"Gengis Khan le decían, Gengis Khan le decían, sí.","Genghis Khan was like, Genghis Khan was like, yeah.",9,9
EN_071_10__ES_071_10,es-en,train,"La naturaleza que ya sé, que ya entiendo.","the nature that I already know, that I already understand.",8,10
EN_071_11__ES_071_11,es-en,dev,Me- me gustaría viajar a muchos lugares porque pos nomás he vivido aquí toda mi vida.,I would like to travel to a lot of places because I've just lived here my whole life.,16,18
EN_071_12__ES_071_12,es-en,train,"Fui por tantos lados, conocí a tantos amores y naturalezas del mundo que...","I went through so many places, I met so many loves and natures in the world that...",13,17
EN_071_13__ES_071_13,es-en,train,"me consideran como el gringo, como el- el europeo, me ven todo raro","They consider me like gringo, like European, they see me all weird.",13,12
EN_071_14__ES_071_14,es-en,dev,[laughter],[laugh],1,1
EN_071_15__ES_071_15,es-en,train,"No me hablan, no me- no me tratan bien, pero está bien.","They don't talk to me, they don't treat me well, but it's okay.",12,13
EN_071_16__ES_071_16,es-en,dev,Encontrar un trabajo bueno en un lugar muy bonito.,find a good job in a really nice place.,9,9
EN_071_17__ES_071_17,es-en,train,¿Porque quieres o porque necesitas?,Because you want to or because you need to?,5,9
EN_071_18__ES_071_18,es-en,dev,Porque quiero.,Because I want to.,2,4
EN_071_19__ES_071_19,es-en,dev,Fui a Hawaii um para mi luna de miel.,I went to Hawaii for my honeymoon.,9,7
EN_071_1__ES_071_1,es-en,dev,Sí. ¿De dónde eres?,Yeah. Where are you from?,4,5
EN_071_20__ES_071_20,es-en,dev,Creo que nos queremos ir a- a retirar allá [laughter] de lo hermoso que estaba.,I think we want to go and retire there from how beautiful it was.,15,14
EN_071_21__ES_071_21,es-en,train,"Pero lo amo, se llama Noah. Es un perrito, tiene ya unos 7 años.","But I love him, his name is Noah. He's like a puppy, he's like seven years old.",14,17
EN_071_22__ES_071_22,es-en,dev,¡Aww!,Aww!,1,1
EN_071_23__ES_071_23,es-en,train,"Todo porque no es un perro normal, actúa más como una persona que- que cualquier cosa.","All because he's not a normal dog, he acts more like a person than anything.",16,15
EN_071_24__ES_071_24,es-en,dev,[laughter] Con algo [laughter].,[laugh] with something [laugh].,4,4
EN_071_25__ES_071_25,es-en,train,"Él ya le ha tocado dos mudanzas de casa, entonces sí, pues de- de avión no.","He's already had two moves from house, so yeah, not from plane.",16,12
EN_071_26__ES_071_26,es-en,dev,Mm-hmm.,Mm-hmm.,1,1
EN_071_27__ES_071_27,es-en,train,"Ya lo voy a pasar a mi hermana grande, a mi her- hermana mayor. Ella vive en- en Phoenix.","I'm going to pass it to my big sister, to my older sister. She lives in Phoenix.",19,17
EN_071_28__ES_071_28,es-en,dev,Mm-hmm.,Mm-hmm.,1,1
EN_071_29__ES_071_29,es-en,dev,"Ah, pues trabajas aquí en El Paso, ¿verdad? [laughter]","Oh, you work here in El Paso, right? [laugh]",9,9
EN_071_2__ES_071_2,es-en,train,Soy de Colombia.,I'm from Colombia.,3,3
EN_071_30__ES_071_30,es-en,train,"Sí, sí, yo he trabajado aquí en El Paso.","Yeah, yeah, I've worked here in El Paso.",9,8
EN_071_31__ES_071_31,es-en,train,"Pero además de eso estoy trabajando um como estudiante, eso ya es suficiente, eso es más que suficiente.","But on top of that I'm working um as a student, that's enough, that's more than enough.",18,17
EN_071_32__ES_071_32,es-en,dev,Pues sí.,"Well, yeah.",2,2
EN_071_33__ES_071_33,es-en,dev,Después de años me enteré que no quería ser enfermera.,After years I found out that I didn't want to be a nurse.,10,13
EN_071_3__ES_071_3,es-en,dev,"¡Ay, qué padre!","Oh, what a father.",3,4
EN_071_4__ES_071_4,es-en,train,"Después de eso vivimos en Mozambique, Africa.","After that we live in Mozambique, Africa.",7,7
EN_071_5__ES_071_5,es-en,train,Esto es ya mi segundo semestre como un transfer de UTEP.,This is already my second semester as a transfer from UTEP.,11,11
EN_071_6__ES_071_6,es-en,dev,Yo nací y vivo aquí toda mi vida [laughter].,I was born and I live here my whole life.,9,10
EN_071_7__ES_071_7,es-en,train,"Un sitio de- de familia, de- de nacimiento, de- para que puedas reconocer todo por toda tu vida.","a place of family, of birth, so that you can recognize everything for your whole life.",18,16
EN_071_8__ES_071_8,es-en,dev,"Pero como tú que has vivido en muchos lugares, ¿te gustaría quedarte en un lugar ya de por vida?","But since you've lived in a lot of places, would you like to stay in a place for life?",19,19
EN_071_9__ES_071_9,es-en,train,Es por la necesidad y- y el estilo de vida que tengo.,It's because of the need and the lifestyle that I have.,12,11
EN_072_10__ES_072_10,es-en,train,"Um, sí, sí, estoy emocionado.","Um, yeah, yeah, I'm excited.",5,5
EN_072_11__ES_072_11,es-en,dev,¿Estás estresado?,Are you stressed?,2,3
EN_072_12__ES_072_12,es-en,train,Y también triste que voy a dejar a mi familia aquí.,And also sad that I'm going to leave my family here.,11,11
EN_072_13__ES_072_13,es-en,train,Los he visto todos los días por los últimos 21 años.,I've seen them every day for the last 21 years.,11,10
EN_072_14__ES_072_14,es-en,train,La decisión más importante que he tomado en mi vida.,the most important decision I've made in my life.,10,9
EN_072_15__ES_072_15,es-en,train,"Bueno, las únicas cosas de las que tengo control son mis decisiones y mi desempeño durante la internship.","Well, the only things that I have control over are my decisions and my performance during the internship.",18,18
EN_072_16__ES_072_16,es-en,train,"Sí, bueno, pero todavía no sé en qué equipo voy a estar en el verano. Así que va a depender del equipo.","Yeah, well, I still don't know what team I'm gonna be in in the summer, so it's gonna depend on the team.",22,22
EN_072_17__ES_072_17,es-en,train,"Creo que sí, ajá. Creo que puedes intentar cambiarte, pero no está garantizado.","I think so. Uh-huh. I think you can try to change, but it's not guaranteed.",13,15
EN_072_18__ES_072_18,es-en,dev,"Mmm, pues nada, pues está to- tá' bien.","Well, nothing, it's okay.",8,4
EN_072_19__ES_072_19,es-en,dev,"películas. Volví a ver a Black Panther, Wakanda.","movies. I saw Black Panther again, Wakanda.",8,7
EN_072_1__ES_072_1,es-en,train,"Uh, bueno, algo que ha estado en mi mente recientemente es...","Uh, well, something that's been in my mind recently is...",11,10
EN_072_20__ES_072_20,es-en,train,No he visto tanto Marvel últimamente.,I haven't seen that much Marvel lately.,6,7
EN_072_21__ES_072_21,es-en,train,"Sí, definitivamente. Siempre he sido un fan de Iron Man.","Yeah, definitely. I've always been a fan of Iron Man.",10,10
EN_072_22__ES_072_22,es-en,train,Y me emocionaba mucho de verlo ahí. Pero con las películas live action ya no siento eso.,"And I was really excited to watch it there, but with the live action movies, I don't feel that anymore.",17,20
EN_072_23__ES_072_23,es-en,train,"Sí, Civil War. Gran película.","Yeah, civil war. Great movie.",5,5
EN_072_24__ES_072_24,es-en,train,"Sí, gran película, gran película.","Yeah, great movie, great movie.",5,5
EN_072_26__ES_072_26,es-en,dev,[laughter],[laugh],1,1
EN_072_27__ES_072_27,es-en,dev,"Ah, es un equipo de fútbol de niños y estaban en la preparatoria y luego iban a un torneo y luego el avión se estrelló.","Ah, it's a football team of kids and they were in high school and then they went to a tournament and then the plane crashed.",25,25
EN_072_2__ES_072_2,es-en,train,Como el hecho de que voy a irme de la casa en menos de un año.,Like the fact that I'm gonna leave the house in less than a year.,16,14
EN_072_3__ES_072_3,es-en,train,Hay una posibilidad de que me den una oferta para regresar a tiempo completo.,There's a possibility that they'll give me an offer to come back full time.,14,14
EN_072_4__ES_072_4,es-en,train,"Probablemente lo más tarde sería marzo, pero no estoy seguro.","The later would probably be March, but I'm not sure.",10,10
EN_072_5__ES_072_5,es-en,train,"Sí, de hecho las dos se gradúan este año, bueno este semestre, en mayo.","Yeah, actually they both graduate this year, well this semester, in May.",14,12
EN_072_6__ES_072_6,es-en,dev,Como tú [laughter]. Y te vas a graduar como en...,Like you [laugh] and you're gonna graduate like in...,10,9
EN_072_7__ES_072_7,es-en,train,"Dafne, que es la que va a venir a UTEP para enfermería.","Daphne, that's the one that's gonna come to UTEP for nursing.",12,11
EN_072_8__ES_072_8,es-en,dev,Oh.,Oh.,1,1
EN_072_9__ES_072_9,es-en,train,"Sí, pero estaré aquí un semestre con...","Yeah, but I'm gonna be here for a semester with...",7,10
EN_073_10__ES_073_10,es-en,train,Porque decía voy a reprobar again y no quiero eso.,Because I was saying I'm gonna fail again and I don't want that.,10,13
EN_073_11__ES_073_11,es-en,train,"¿Oh, porque estoy haciendo un minor en matemáticas?","Oh, because I'm doing a minor in mathematics.",8,8
EN_073_12__ES_073_12,es-en,train,"Hay un seminar, hay un laboratorio, está la clase, entonces...","There's a seminar, there's a lab, there's the class, so...",10,10
EN_073_13__ES_073_13,es-en,dev,Te- te dan como tres diferentes clases por nomás una cosa.,They give you like three different classes for one thing.,11,10
EN_073_14__ES_073_14,es-en,train,Sí,Yeah.,1,1
EN_073_15__ES_073_15,es-en,train,Es una persona con la que realmente es fácil de trabajar.,He's a person that he's really easy to work with.,11,10
EN_073_16__ES_073_16,es-en,dev,"Eh, no como otros profesores que te dan tarea y tarea y te dicen, no, pues vamos chicos, está bien fácil.","Uh, not like other professors that give you homework and homework and tell you, no, come on, guys, it's really easy.",21,21
EN_073_17__ES_073_17,es-en,train,Sí.,Yeah.,1,1
EN_073_18__ES_073_18,es-en,train,Pero creo que fue más por mi culpa porque de hecho no sabía nada de programación.,But I think it was more because of my fault because I actually didn't know anything about programming.,16,18
EN_073_19__ES_073_19,es-en,train,"Hay que ser honestos, el colegio es acerca de estudiar por ti mismo.","You have to be honest, the school is about studying for yourself.",13,12
EN_073_1__ES_073_1,es-en,dev,¿Me ibas a decir sobre la escuela?,You were gonna tell me about school?,7,7
EN_073_20__ES_073_20,es-en,train,Otra cosa que odio es cuando profesores...,Another thing that I hate is when professors...,7,8
EN_073_21__ES_073_21,es-en,train,O pa- para poder tener acceso a mi clase tienes que comprar zyBooks y esto y lo otro.,"In order to have access to my class, you have to buy zybooks and this and that.",18,17
EN_073_22__ES_073_22,es-en,dev,Sí.,Yeah.,1,1
EN_073_23__ES_073_23,es-en,train,"Tengo que pagar por esta cosa para poder tener acceso a tu clase. Es como de que... Ay, Dios mío, no [laughter].","I have to pay for this thing in order to have access to your class. It's like, oh my god, no.",22,21
EN_073_24__ES_073_24,es-en,dev,[laughter].,[laugh],1,1
EN_073_25__ES_073_25,es-en,train,"¿En serio? Lo agarré en especial, lo agarré por 30.","I got it especially, I got it for 30.",10,9
EN_073_27__ES_073_27,es-en,dev,¿30? ¡Wow!,30? Wow.,2,2
EN_073_28__ES_073_28,es-en,train,¡Ey!,Hey.,1,1
EN_073_29__ES_073_29,es-en,train,"Oh, ¿realmente no necesitas comprar un libro para mi clase?","Oh, you really don't need to buy a book for my class?",10,12
EN_073_2__ES_073_2,es-en,train,"Bueno, no estudiante de primer año porque de hecho tomé clases de crédito dual y...","Well, not a freshman because I actually took dual credit classes and...",15,12
EN_073_30__ES_073_30,es-en,train,"Uh, la tarea va a estar en- en Blackboard.","Uh, the homework is going to be on Blackboard.",9,9
EN_073_31__ES_073_31,es-en,train,"No sé si está permitido, pero puedes encontrar unos libros en línea.","I don't know if it's allowed, but you can find some books online.",12,13
EN_073_32__ES_073_32,es-en,dev,"No creo que sea permitido, pero tienes que hacer lo que tienes que hacer.","I don't think that's allowed, but you have to do what you have to do.",14,15
EN_073_33__ES_073_33,es-en,train,"Obtuve mi dinero de vuelta, pero- pero sí, tuve que comprarlo de hecho de aquí.","I got my money back, but yeah, I actually had to buy it from here.",15,15
EN_073_34__ES_073_34,es-en,dev,"No sé, como aunque lo compramos, como que no lo usamos ya después.","I don't know, like we bought it, we didn't use it later.",13,12
EN_073_35__ES_073_35,es-en,train,Es algo difícil para mí entender eso [laughter].,It's kind of hard for me to understand that.,8,9
EN_073_36__ES_073_36,es-en,train,"El semestre pasado, no, el segundo semestre...","Last semester, no, the second semester.",7,6
EN_073_3__ES_073_3,es-en,train,Entonces entré a UTEP y entré como un estudiante de segundo año.,So I got into UTEP and I started as a sophomore.,12,11
EN_073_4__ES_073_4,es-en,train,Mi primer clase de hecho fue Introducción a Sistemas Computacionales.,My first class actually was Introduction to Computer Systems.,10,9
EN_073_5__ES_073_5,es-en,train,No sabía para entonces nada de programación o algo así.,I didn't know by then anything about programming or anything like that.,10,12
EN_073_6__ES_073_6,es-en,train,Mi primera opción uh fue Ingeniería Aeronáutica.,My first option was aeronautical engineering.,7,6
EN_073_7__ES_073_7,es-en,dev,Um ¿Ahorita estás cerca de graduarte?,"Um, are you close to graduating right now?",6,8
EN_073_8__ES_073_8,es-en,train,"De hecho no, de hecho este es mi tercer año.","Actually, no, actually, this is my junior year.",10,8
EN_073_9__ES_073_9,es-en,train,Decidí retomar el siguiente semestre porque ahorita estoy tomando circuitos y...,I decided to retake the next semester because right now I'm taking circuits and...,11,14
EN_074_10__ES_074_10,es-en,train,"Digo, es fuerte, pero tiene que ganar la competencia.","I mean, he's strong, but he has to win the competition.",9,11
EN_074_11__ES_074_11,es-en,train,Diamante agarra el Flare Flare fruit porque ya tiene una fruta.,Diamante gets Flare Flare Fruit because he already has a fruit.,11,11
EN_074_12__ES_074_12,es-en,test,Digo.,I mean.,1,2
EN_074_13__ES_074_13,es-en,test,"Uh, estuvo padre que metieran a Sabo de nuevo, pero uh...","Uh, it was like a father to get Sabo back in, but uh...",11,13
EN_074_14__ES_074_14,es-en,test,"Pero mira a Doflamingo, este está muy roto. Está- es muy poderoso.","But look at Doflamingo, he's very broken. He's very powerful.",12,10
EN_074_15__ES_074_15,es-en,train,algo- algo malo para comparar.,something bad to compare.,5,4
EN_074_16__ES_074_16,es-en,test,Sí.,Yeah.,1,1
EN_074_17__ES_074_17,es-en,test,"No, no, o sea, él si va a ser muy importante, la verdad.","No, no, he's gonna be really important, actually.",13,8
EN_074_18__ES_074_18,es-en,train,"Sí, nada más estoy haciendo esto porque me pagan y ya.","Yeah, I'm just doing this because I get paid.",11,9
EN_074_19__ES_074_19,es-en,train,El poder para tirarte meteoritos y pelear contra ti.,the power to throw meteorites at you and fight against you.,9,11
EN_074_1__ES_074_1,es-en,test,"Uh, esa parte estuvo muy buena la verdad.","Uh, that part was really good.",8,6
EN_074_20__ES_074_20,es-en,test,y eso que apenas Law pudo ser capaz de defenderse.,and that law could barely be able to defend itself.,10,10
EN_074_21__ES_074_21,es-en,train,"Pelear contra Doflamingo no es justo, para nadie.",Fighting against Doflamingo is not fair to anyone.,8,8
EN_074_22__ES_074_22,es-en,test,El va ser el que se va a tener que poner este- al frente.,He's gonna be the one that's gonna have to put this one in the front.,14,15
EN_074_23__ES_074_23,es-en,train,"Él no es el padrastro, él es el padre que se esforzó.","He's not the stepfather, he's the father that worked hard.",12,10
EN_074_24__ES_074_24,es-en,test,"Uh, creo que lo que estuvo muy basura fue...","Uh, I think what was really junk was...",9,8
EN_074_25__ES_074_25,es-en,train,"O sea, a mí no me- no me importó que su nombre era Kratos o como se llame él.",I didn't care that his name was Kratos or whatever his name was.,19,13
EN_074_26__ES_074_26,es-en,train,"O sea, él era un gladiador. Se supone que debe hacer eso.","I mean, he was a gladiator. He's supposed to do that.",12,11
EN_074_27__ES_074_27,es-en,train,"Si esto es históricamente preciso, sí, o sea, los gladiadores no pueden perder porque si pierden se mueren.","If this is historically accurate, yes, gladiators cannot lose because if they lose, they die.",18,15
EN_074_28__ES_074_28,es-en,test,"Uh, no sé por qué todos lo admiran, si es [laughter] es bien malo.","Uh, I don't know why everyone admires it, if it's [laugh] it's really bad.",14,14
EN_074_29__ES_074_29,es-en,train,"O sea, Luffy es tonto, pero cuando es necesario sí pone atención.","I mean, Luffy's dumb, but when it's needed, he does pay attention.",12,12
EN_074_2__ES_074_2,es-en,train,"Ah, o sea, por el- el Army de la Revolución. Ah, sí, sí.","Oh, for the Army of the Revolution. Oh, yeah.",13,9
EN_074_30__ES_074_30,es-en,test,"Uh, pero él sabe qué hacer cuando tiene que pelear.","Uh, but he knows what to do when he has to fight.",10,12
EN_074_31__ES_074_31,es-en,train,"O sea, no estoy diciendo que se lo merezcan, pero tampoco actúan diferente de su historia.","I'm not saying that they deserve it, but they don't act different from their history.",16,15
EN_074_32__ES_074_32,es-en,train,"[laughter] No me digas este avance, es de la historia.","Don't tell me this advance, it's from history.",10,8
EN_074_33__ES_074_33,es-en,train,tendría que ser como Gear 10 o algo pare-.,It would have to be like Gear 10 or something like that.,9,12
EN_074_3__ES_074_3,es-en,test,Sí.,Yeah.,1,1
EN_074_4__ES_074_4,es-en,test,"Uh, se puede defender solo en la competencia.","Uh, you can defend yourself in the competition.",8,8
EN_074_5__ES_074_5,es-en,train,Que es una fruta muy fuerte para el universo en el que están.,that's a very strong fruit for the universe that they're in.,13,11
EN_074_6__ES_074_6,es-en,test,"Se supone que estan en el mismo nivel cuando eran este niños, pero pues ahora...","They're supposed to be on the same level when they were these kids, but now...",15,15
EN_074_7__ES_074_7,es-en,train,"Débil, comparado con ellos.",Weak compared to them.,4,4
EN_074_8__ES_074_8,es-en,test,"Pues sí, era débil, pero pues ahora ya es el más fuerte de todos [laughter].","Yeah, he was weak, but now he's already the strongest of them.",15,12
EN_074_9__ES_074_9,es-en,test,"Si alguien escucha este audio, pos se van a spoilear de esta escena.","If anyone listens to this audio, they're gonna spoil out of this scene.",13,13
EN_075_10__ES_075_10,es-en,test,No es cierto.,That's not true.,3,3
EN_075_11__ES_075_11,es-en,train,Cuando- [laughter] cuando estoy jugando videojuegos y no te- y me texteas y no lo veo.,When I'm playing video games and you text me and I don't see it.,16,14
EN_075_12__ES_075_12,es-en,test,¡Uuh![laughter].,Uh-huh.,1,1
EN_075_13__ES_075_13,es-en,test,"Dices que no puedo hacer multitask. And- Y sí puedo. Sí pue- sí puedo, pero...","You're saying that I can't do multitasks, and I can. Yeah, I can, but...",15,14
EN_075_14__ES_075_14,es-en,test,"Que sí puedo y luego, pues no, no me dejas eso es como que ay, como fastidias.","Yeah, I can, and then you don't leave me. It's like, oh, you mess up.",17,15
EN_075_15__ES_075_15,es-en,train,"No puedo, ¿cómo voy a ser el del circle?","I can't, how am I gonna be the circle guy?",9,10
EN_075_16__ES_075_16,es-en,test,"Haz un cuadro, no, haz una línea nomás.","Make a picture, no, just make a line.",8,8
EN_075_17__ES_075_17,es-en,test,"Yo pienso que un hijo no es un error, pero definitivamente sí te cambia la vida.","I think a son is not a mistake, but he definitely does change your life.",16,15
EN_075_18__ES_075_18,es-en,test,Ya te gané. Entonces [laughter].,I already beat you. [laugh],5,5
EN_075_19__ES_075_19,es-en,train,"Pero te quiero decir algo, que ya gané.",But I want to tell you something that I already won.,8,11
EN_075_1__ES_075_1,es-en,test,"Ok, vamos a hacer una y una. Una que- que a ti y una a mí, ¿ok?","Okay, let's do one and one that you and one me, okay?",17,12
EN_075_20__ES_075_20,es-en,test,[laughter],[laugh],1,1
EN_075_21__ES_075_21,es-en,test,[gasp],[gasp],1,1
EN_075_22__ES_075_22,es-en,test,Es esta trampa.,It's this trap.,3,3
EN_075_23__ES_075_23,es-en,train,¡Woo!,Woo!,1,1
EN_075_24__ES_075_24,es-en,test,[laughter],[laugh],1,1
EN_075_25__ES_075_25,es-en,test,"¡Ey! Pues está de este lado, menso.","Well, he's on this side, menso.",7,6
EN_075_26__ES_075_26,es-en,train,Oh [laughter].,Oh [laugh].,2,2
EN_075_27__ES_075_27,es-en,test,"Es una responsabilidad afectiva, en el sentido de que tienes que darle...",It's an affective responsibility in the sense that you have to give him...,12,13
EN_075_28__ES_075_28,es-en,train,Pos hay uno que te sigo diciendo que quiero ver Puss in Boots.,So there's one that I keep telling you that I want to watch Puss in Boots.,13,16
EN_075_29__ES_075_29,es-en,test,[laughter] ¡Pero yo ya la vi!,[laugh] But I already saw it.,6,6
EN_075_2__ES_075_2,es-en,train,Cuan- cuando estoy en clase hay unos estudiantes que están con sus pa- uh zapatos así como...,"How- when I'm in class, there's some students that are in their pa- uh shoes, like...",17,16
EN_075_30__ES_075_30,es-en,train,"No, no, no ganamos. ¡Ah no, si gané!","No, no, we didn't win. Oh, no, I won.",8,9
EN_075_31__ES_075_31,es-en,test,¡Pérate!,Stand up!,1,2
EN_075_32__ES_075_32,es-en,test,"No, no pongas aquí nada.","No, don't put anything here.",5,5
EN_075_33__ES_075_33,es-en,train,"No, lo voy a poner ahi.","No, I'm gonna put it there.",6,6
EN_075_34__ES_075_34,es-en,train,Esta película eh habla de un niño que está con su mamá.,This movie talks about a kid that's with his mom.,12,10
EN_075_35__ES_075_35,es-en,train,pero por accidente porque la mamá no estaba poniendo atención y había un señor...,But by accident because the mom wasn't paying attention and there was a man.,14,14
EN_075_3__ES_075_3,es-en,train,Como que ya le digo que ya párale porque es mu- es mucho ruido.,Like I'm already telling him to stop him because he's so loud.,14,12
EN_075_4__ES_075_4,es-en,test,Hace sonidos así como... Con la lengua así como...as- eh me- me fastidia mucho.,"He makes sounds like... with his tongue like, uh, it really bothers me.",14,13
EN_075_5__ES_075_5,es-en,test,Me desespera. Lo odio. Con todo mi ser.,It wakes me up. I hate it. With all my being.,8,11
EN_075_6__ES_075_6,es-en,test,"Sí, sí, sí, sí, me fastidia todo- todo eso mucho.","Yeah, yeah, yeah, it really messes me up a lot.",10,10
EN_075_7__ES_075_7,es-en,test,"Ok, pero no tienes ese color, no, hay que hacerlos con el mismo color. Espérate, no es cierto, no es el mismo.","Okay, but you don't have that color, no, you have to do it in the same color. Wait, it's not true, it's not the same.",22,25
EN_075_8__ES_075_8,es-en,test,¡Que no me dejas hablar! ¡Nunca me dejas hablar!,"You don't let me talk, you never let me talk.",9,10
EN_075_9__ES_075_9,es-en,train,"Me interrumpas y me dices, ah, pero esto, y nada toy' como que, ah, pos ok.","You interrupt me and you tell me, oh, but I don't know, I don't know.",16,15
EN_076_10__ES_076_10,es-en,dev,Sí.,Yeah.,1,1
EN_076_11__ES_076_11,es-en,test,"Casi cancelamos el plan precisamente porque, no sé si te acuerdas que viste en las noticias que...",We almost cancelled the plan because I don't know if you remember that you saw in the news that...,17,19
EN_076_12__ES_076_12,es-en,dev,Parece que los venezolanos quie- a fuerzas querían entrar a los...,It seems that the Venezuelans wanted to join the...,11,9
EN_076_13__ES_076_13,es-en,test,Ajá.,Uh-huh.,1,1
EN_076_14__ES_076_14,es-en,test,"Y me sorprendió porque cuando fui a este, neta, no- no había nadie.","And I was surprised because when I went to this one, I didn't have anyone.",13,15
EN_076_1__ES_076_1,es-en,dev,Si quieres yo quiero empezar.,"If you want, I want to start.",5,7
EN_076_2__ES_076_2,es-en,test,"Sí, tu- tu empieza.","Yeah, you start.",4,3
EN_076_3__ES_076_3,es-en,dev,So mi primera opinión.,That's my first opinion.,4,4
EN_076_4__ES_076_4,es-en,test,"Pérate, todavía no empezamos.","Stand up, we haven't started yet.",4,6
EN_076_5__ES_076_5,es-en,test,"Sí, ya empece- ya empezamos.","Yeah, I'm starting. We're starting.",5,5
EN_076_6__ES_076_6,es-en,dev,"-ción de- de hipócritas, de demócratas, de- de asquerosos que no hacen nada, no saben trabajar, esos- esos asquerosos.","Of hypocrites, of democrats, of disgusting people who don't do anything, they don't know how to work, those disgusting people.",19,20
EN_076_7__ES_076_7,es-en,dev,"Sí, o sea, literalmente están en el puente pidiendo dinero, pidiendo limosnas. Y no- no quieren trabajar, o sea...","Yeah, they're literally on the bridge asking for money, asking for alms, and they don't want to work.",19,18
EN_076_8__ES_076_8,es-en,dev,"Sí, a mí- a mí me lavo un carro un haitiano.","Yeah, I- I wash a car with a Haitian.",11,9
EN_076_9__ES_076_9,es-en,test,¿Neta?,Neta?,1,1
EN_077_10__ES_077_10,es-en,train,Nada que ver como quiera una y como quiera la otra. Ajá.,Nothing to see how I want one and how I want the other one. Uh-huh.,12,15
EN_077_11__ES_077_11,es-en,dev,Ajá.,Uh-huh.,1,1
EN_077_12__ES_077_12,es-en,train,Y pos- pos es lo que te mereces [laughter].,And pos is what you deserve.,9,6
EN_077_13__ES_077_13,es-en,dev,Sí.,Yeah.,1,1
EN_077_14__ES_077_14,es-en,dev,Está el Team Sel-.,There's Team Sel.,4,3
EN_077_15__ES_077_15,es-en,train,"Sí, no, es Team Selena [laughter].","Yeah, no, it's Team Selena.",6,5
EN_077_16__ES_077_16,es-en,dev,[laughter] Pero no- no sé ni qué pasó.,I don't know what happened.,8,5
EN_077_17__ES_077_17,es-en,dev,Pero ya tiene años y todavía la están como molestando y...,But she's already years old and they're still like bothering her and...,11,12
EN_077_18__ES_077_18,es-en,train,"Sí, pues es que creo que, o sea, es que ellos se llevaban bien y pues quedaron bien.","Yeah, well, I think that's because they got along well and they were good.",18,14
EN_077_19__ES_077_19,es-en,dev,"Sí, o sea, ¿por qué mentir? No pasa nada.","Yeah, so why lie? It's okay.",9,6
EN_077_1__ES_077_1,es-en,dev,Que todos se enojaron porque le estaba tirando algo a Selena. Ajá.,That everyone got mad because he was throwing something at Selena. Uh-huh.,12,12
EN_077_20__ES_077_20,es-en,train,Ajá.,Uh-huh.,1,1
EN_077_21__ES_077_21,es-en,train,Ah.,Ah.,1,1
EN_077_22__ES_077_22,es-en,train,"Y luego estar casada como que con una persona que no te quiere, pues como que ah...","And then be married to like a person that doesn't love you, well, oh.",17,14
EN_077_23__ES_077_23,es-en,dev,No- como no te sientes,"No, how do you not feel?",5,6
EN_077_24__ES_077_24,es-en,train,"Yo diría así como de que, ay, no, mejor me- byes. ¿Sabes cómo? Me divorcio o algo así.","I'd say like, oh, no, I'd be better off. You know how? I'd get divorced or something like that.",18,19
EN_077_25__ES_077_25,es-en,dev,"Sí, ver-","Yeah, see.",2,2
EN_077_26__ES_077_26,es-en,train,Dos semanas o una. Le propuso matrimonio. Y ella dijo que sí.,"Two weeks or one, he proposed, and she said yes.",12,10
EN_077_27__ES_077_27,es-en,dev,"Ah, ¿y qué dijo?","Oh, and what did he say?",4,6
EN_077_29__ES_077_29,es-en,train,Era muy bueno para ser cierto [laughter].,It was too good to be true.,7,7
EN_077_2__ES_077_2,es-en,train,Ajá.,Uh-huh.,1,1
EN_077_30__ES_077_30,es-en,dev,[laughter].,[laugh],1,1
EN_077_31__ES_077_31,es-en,train,"Por algo está soltero a esa edad [laughter], a lo mejor probablemente si no es por una carrera, es- está soltero por algo.","for something he's single at that age, maybe probably if it's not because of a career, he's single for something.",23,20
EN_077_32__ES_077_32,es-en,dev,Sí [laughter].,Yeah.,2,1
EN_077_33__ES_077_33,es-en,train,Y luego pues ya empiezan los problemas y luego uno no confía en el otro o así ese tipo de cosas.,And then the problems start and then one doesn't trust the other or that kind of thing.,21,17
EN_077_34__ES_077_34,es-en,dev,Ajá.,Uh-huh.,1,1
EN_077_35__ES_077_35,es-en,train,"Pero bueno, en el caso de esta muchacha, o sea, sí eran- sí eran mensajes medio [laughter] sacados del lugar [laughter]. O sea, no.","Well, in the case of this girl, they were like, uh, messages that were like, uh, like, like, like, like, like, uh, like, uh, like, uh, like, uh, like, uh, like, uh, like, uh, like, uh, uh, like, uh, uh, uh, uh, uh, uh, uh, uh, uh, uh, uh, uh, uh, uh, uh, uh, uh, uh, uh, uh, uh, uh, uh, uh, uh, uh, uh, uh, uh, uh, uh, uh, uh, uh, uh, uh, uh, uh, uh, uh, uh, uh, uh, uh, uh, uh, uh, uh, uh, uh, uh, uh, uh, uh, uh, uh, uh, uh, uh, uh, uh, uh, uh, uh, uh, uh, uh, uh, uh, uh, uh, uh, uh, uh... uh, uh, uh, uh, uh, uh, uh, uh, uh, uh, uh, uh, uh, uh, uh, uh, uh, uh uh, uh, uh, uh, uh, uh, uh, uh, uh, uh, uh, uh, uh, uh, uh, uh, uh, uh, uh, uh, uh, uh, uh, uh, uh, uh, uh, uh, uh, uh, uh, uh, uh, uh, uh, uh, uh, uh, uh, uh, uh, uh, uh, uh, uh, uh, uh, uh, uh, uh, uh, uh, uh, uh, uh, uh, uh, uh, uh, uh, uh, uh, uh, uh, uh, uh, uh, uh, uh, uh, uh, uh, uh, uh, uh, uh, uh, uh, uh, uh, uh, uh uh uh, uh, uh, uh, uh, uh, uh, uh, uh, uh, uh, uh, uh, uh, uh, uh, uh, uh, uh, uh, uh, uh, uh, uh, uh, uh, uh, uh, uh uh, uh, uh, uh, uh, uh, uh, uh, uh, uh, uh, uh, uh, uh uh, uh, uh, uh, uh, uh, uh,",24,263
EN_077_36__ES_077_36,es-en,dev,¡Ay! [laughter],[laugh],2,1
EN_077_37__ES_077_37,es-en,train,"O sea, no- no me vuelvas a buscar en tu vida, ¿sabes cómo? O sea, hasta aquí ya, no quiero nada contigo.","I mean, don't look for me again in your life, you know how? Like, over here, I don't want anything with you.",22,22
EN_077_38__ES_077_38,es-en,dev,Mm-hmm.,Mm-hmm.,1,1
EN_077_39__ES_077_39,es-en,dev,Sí.,Yeah.,1,1
EN_077_3__ES_077_3,es-en,train,¿A Selena? Ajá.,Selena? Uh-huh.,3,2
EN_077_40__ES_077_40,es-en,train,"Sabes, decir así como que ah no lo tengo aquí todo o sea porque lo voy a echar a perder","You know, say like, oh, I don't have everything here because I'm gonna screw it up.",20,16
EN_077_41__ES_077_41,es-en,train,"Ya me libré de ti, ¿para qué quiero estar contigo otra vez [laughter] osea?",I'm already free from you. Why do I want to be with you again?,14,14
EN_077_42__ES_077_42,es-en,dev,[laughter],[laugh],1,1
EN_077_4__ES_077_4,es-en,train,Pero creo que fue porque se burló de que- de la enfermedad de Selena.,But I think it was because he made fun of Selena's illness.,14,12
EN_077_5__ES_077_5,es-en,train,"Al- Creo que se estaba maquillando, no sé, no me acuerdo la verdad que hizo, o subió una foto.","I think he was making up, I don't know, I don't remember the truth that he did, or he put up a picture.",19,23
EN_077_6__ES_077_6,es-en,dev,¿O qué dijo?,Or what did he say?,3,5
EN_077_7__ES_077_7,es-en,dev,Ajá.,Uh-huh.,1,1
EN_077_8__ES_077_8,es-en,train,Y luego Haile se burló de ella y- y ya cuando [laughter] cuando se bur-.,And then Haile made fun of her and... and when she made fun.,15,13
EN_077_9__ES_077_9,es-en,dev,Oh.,Oh.,1,1
EN_078_10__ES_078_10,es-en,test,es como,It's like,2,2
EN_078_11__ES_078_11,es-en,train,"Sí, eso porque puedes saborear más el sabor.","Yeah, because you can taste the flavor more.",8,8
EN_078_12__ES_078_12,es-en,train,"Sí, porque si solo es así, solo le haces una mordida y ya, o sea, y con eso, estando así puedes estar en el momento del sabor.","Yeah, because if it's just like that, you just take a bite and with that, you can be in the moment of the flavor.",27,24
EN_078_13__ES_078_13,es-en,test,"Sí, tengo una roja y algo así como... Morado.","Yeah, I have a red one and something like purple.",9,10
EN_078_14__ES_078_14,es-en,train,¿Uva?,Grape?,1,1
EN_078_15__ES_078_15,es-en,train,¿Uva?,Grape?,1,1
EN_078_16__ES_078_16,es-en,train,Tengo- tengo ambos color uva.,I have both grape colors.,5,5
EN_078_17__ES_078_17,es-en,train,"No es de que- no es de que no me guste, solo que no lo probaría de nuevo.","It's not that I don't like it, I just wouldn't try it again.",18,13
EN_078_18__ES_078_18,es-en,test,"No- no está mal, pero... Es como... Como frito.","It's not bad, but it's like... like fried.",9,8
EN_078_19__ES_078_19,es-en,train,"[laughter] Ok, dime, ilumíname","Okay, tell me. Enlighten me.",4,5
EN_078_1__ES_078_1,es-en,test,¿Cuál prefieres?,Which one do you prefer?,2,5
EN_078_20__ES_078_20,es-en,test,Tengo la otra.,I have the other one.,3,5
EN_078_21__ES_078_21,es-en,test,tengo la otra,I have the other one.,3,5
EN_078_22__ES_078_22,es-en,test,"La uva no sabe mal, es solo que sabe como a... lo que sea.","The grape doesn't taste bad, it just tastes like whatever.",14,10
EN_078_23__ES_078_23,es-en,train,Oh ¿Para qué es esto? ¡Oh! Eso es para el tic-tac-toe.,"Oh, what's this for? Oh, that's for the tic-tac-toe.",11,9
EN_078_24__ES_078_24,es-en,train,¿Por qué tú tienes la morada?,Why do you have purple?,6,5
EN_078_25__ES_078_25,es-en,test,"No sé, porque... tal vez porque soy mejor.","I don't know, because maybe because I'm better.",8,8
EN_078_26__ES_078_26,es-en,test,"Voy a hacer las líneas pues, más fácil para mí.",I'm gonna make the lines easier for me.,10,8
EN_078_27__ES_078_27,es-en,train,[laughter].,[laugh],1,1
EN_078_28__ES_078_28,es-en,test,Más rápido.,Faster.,2,1
EN_078_29__ES_078_29,es-en,train,Dame- dame un segundo.,Give me a sec.,4,4
EN_078_2__ES_078_2,es-en,train,¿Quieres hacer la primera?,Do you want to do the first one?,4,8
EN_078_30__ES_078_30,es-en,test,No.,No.,1,1
EN_078_31__ES_078_31,es-en,test,"No lo sé, piénsalo, piénsalo","I don't know, think about it, think about it.",5,9
EN_078_32__ES_078_32,es-en,train,[laughter],[laugh],1,1
EN_078_33__ES_078_33,es-en,train,No.,No.,1,1
EN_078_34__ES_078_34,es-en,train,"No, no, eso- eso fue toda yo, estoy bien inteligente.","No, no, that was all me, I'm really smart.",10,9
EN_078_35__ES_078_35,es-en,test,"Bueno, está bien, está bien.","Well, it's okay, it's okay.",5,5
EN_078_36__ES_078_36,es-en,test,Me paguen lo suficiente para tener una vida feliz.,They pay me enough to have a happy life.,9,9
EN_078_37__ES_078_37,es-en,test,"No sé, no me gustaría que fueran como esos niños de El Paso que hablan español o algo así.","I don't know, I don't want them to be like those kids from El Paso that speak Spanish or something like that.",19,22
EN_078_38__ES_078_38,es-en,test,exactamente en donde mmm la verdad todavia no sé.,"exactly where the truth is, I don't know.",9,8
EN_078_39__ES_078_39,es-en,test,"No sé, es un- es un- era un desierto.","I don't know, it's a- it's a desert.",9,8
EN_078_3__ES_078_3,es-en,test,Me voy a comer el Hershey's primero.,I'm gonna eat Hershey's first.,7,5
EN_078_41__ES_078_41,es-en,test,"Bueno, si no te importa voy a tomar otra mordida de...","Well, if you don't mind, I'm gonna take another bite of...",11,11
EN_078_42__ES_078_42,es-en,train,¿Puedo comerme el resto del chocolate?,Can I eat the rest of the chocolate?,6,8
EN_078_4__ES_078_4,es-en,train,Creo que también me lo voy a comer primero.,"I think I'm gonna eat it first, too.",9,8
EN_078_5__ES_078_5,es-en,test,"No, no te comas todo el- el- el dulce.","No, don't eat all the sweet.",9,6
EN_078_6__ES_078_6,es-en,train,"Oh, ups.","Oh, oops.",2,2
EN_078_7__ES_078_7,es-en,test,Pero... ¿Cómo? ¿Cómo- cómo fr- frío duro? ¿Cómo- cómo hielo?,But how? How- how- how cold? How- how ice?,10,9
EN_078_8__ES_078_8,es-en,train,Sí.,Yeah.,1,1
EN_078_9__ES_078_9,es-en,train,"Um, no, no hielo, pero o sea frío.","Um, no, not ice, but cold.",8,6
EN_079_10__ES_079_10,es-en,train,"Oh, Selena Gomez. Y ahora ya estoy como...","Oh Selena Gomez, and now I'm like...",8,7
EN_079_11__ES_079_11,es-en,train,Quisiera sacar el sabor de seaweed de mi boca.,I'd like to get the seaweed flavor out of my mouth.,9,11
EN_079_12__ES_079_12,es-en,train,"Ya sé, quiero como un trago de agua o algo.","I know, I want like a drink of water or something.",10,11
EN_079_13__ES_079_13,es-en,train,"Ya sé, debo de sacar el que mordí.","I know, I have to get the one that I bit.",8,11
EN_079_14__ES_079_14,es-en,train,Claridad de nuestra lab.,Clarity of our lab.,4,4
EN_079_15__ES_079_15,es-en,train,[risa] just kidding.,[laughter] Just kidding.,3,3
EN_079_16__ES_079_16,es-en,train,REMOVE,REMOVE,1,1
EN_079_17__ES_079_17,es-en,train,¿Quieres ser la X o la O?,Do you want to be the X or the O?,7,10
EN_079_18__ES_079_18,es-en,train,Voy a ser la X.,I'm gonna be the X.,5,5
EN_079_19__ES_079_19,es-en,train,"Ay, ya sé, qué vergüenza.","Oh, I know, that's embarrassing.",5,5
EN_079_1__ES_079_1,es-en,train,¿Te gusta el pescado?,Do you like fish?,4,4
EN_079_20__ES_079_20,es-en,train,REMOVE,REMOVE,1,1
EN_079_21__ES_079_21,es-en,train,"Es como suena, pero es comida cocinado por mexicanos.","It's what it sounds like, but it's food cooked by Mexicans.",9,11
EN_079_22__ES_079_22,es-en,train,"Ah, pues sí, pues sí, creo que sí.","Oh, yeah, yeah, I think so.",8,6
EN_079_23__ES_079_23,es-en,train,Ha tratado de hallar lugares para comer pero...,"He's been trying to find places to eat, but...",8,9
EN_079_24__ES_079_24,es-en,train,Déjame ir a grabar.,Let me go and record.,4,5
EN_079_25__ES_079_25,es-en,train,Está bien rico [risa]. 10 de 10.,It's really good. 10 out of 10.,7,7
EN_079_26__ES_079_26,es-en,train,"Y luego entré y dije, ¿qué es eso?","And then I walked in and I said, what is that?",8,11
EN_079_27__ES_079_27,es-en,train,Ya me hubiera dado mi diploma.,I would have already given myself my degree.,6,8
EN_079_28__ES_079_28,es-en,train,les gusta ir pero,"They like to go, but",4,5
EN_079_29__ES_079_29,es-en,train,"Yo como que no, gracias.","I kind of don't, thank you.",5,6
EN_079_2__ES_079_2,es-en,train,No.,No.,1,1
EN_079_3__ES_079_3,es-en,train,Suena como ASMR.,Sounds like ASMR.,3,3
EN_079_4__ES_079_4,es-en,train,REMOVE,REMOVE,1,1
EN_079_5__ES_079_5,es-en,train,No me gustó.,I didn't like it.,3,4
EN_079_6__ES_079_6,es-en,train,No es mi favorito.,It's not my favorite.,4,4
EN_079_7__ES_079_7,es-en,train,"Sí, es como muchas coincidencias.","Yeah, it's like a lot of coincidences.",5,7
EN_079_8__ES_079_8,es-en,train,Yo no sabía que Selena Gomez tenía lupes.,I didn't know Selena Gomez had lupes.,8,7
EN_079_9__ES_079_9,es-en,train,"Yo de todos modos pienso que ella está muy bonita, aunque su cara está cambiando.","Anyway, I think she's really pretty, even though her face is changing.",15,12
EN_080_10__ES_080_10,es-en,train,Y él vino y me encontró Dabando un café con un amigo,And he came and he found me giving a coffee with a friend.,12,13
EN_080_11__ES_080_11,es-en,dev,Ah...,Ah...,1,1
EN_080_12__ES_080_12,es-en,train,"Y vos decís, ¿qué pasa ahí?","And you say, what's going on there?",6,7
EN_080_13__ES_080_13,es-en,train,"En la relación, él tiene derecho a tener amigas Yo tengo derecho a tener amigos","In the relationship, he has the right to have friends. I have the right to have friends.",15,17
EN_080_14__ES_080_14,es-en,dev,Sí.,Yeah.,1,1
EN_080_15__ES_080_15,es-en,dev,"No sé quién era, que tenía como 20 hijos.","I don't know who he was, who he had like 20 kids.",9,12
EN_080_1__ES_080_1,es-en,dev,"Hay algo de drama en tu en tu familia, en tu vida, con tus amigos.","There's some drama in your family, in your life, with your friends.",15,12
EN_080_2__ES_080_2,es-en,train,¿Tu vida?,Your life?,2,2
EN_080_3__ES_080_3,es-en,train,REMOVE,REMOVE,1,1
EN_080_4__ES_080_4,es-en,train,"Nah pues es de plática que le hace, nos peleamos la semana pasada.","Nah, it's talk that makes him. We got into a fight last week.",13,13
EN_080_5__ES_080_5,es-en,dev,Bueno.,Okay.,1,1
EN_080_6__ES_080_6,es-en,train,"Mmm, gacho pero no tan gacho","Mmm, it's bad, but it's not that bad.",6,8
EN_080_7__ES_080_7,es-en,train,Se se puso celoso.,He got jealous.,4,3
EN_080_8__ES_080_8,es-en,train,"Ok, como que se enojó conmigo y me dijo, no, pues entonces te veo más tarde.","Okay, he kind of got mad at me and he told me, no, I'll see you later.",16,17
EN_080_9__ES_080_9,es-en,train,"Y dije, ah, bueno, ándale, pues nos vemos más tarde.","And I said, ah, okay, okay, well, I'll see you later.",10,11
EN_081_10__ES_081_10,es-en,train,"Oh okey entonces diría, oh por Dios, tengo un millón de dol- dólares.","Oh okay, so I'd say oh my god, I have a million dollars.",13,13
EN_081_11__ES_081_11,es-en,train,"Oh rayos, tengo que tengo que gastarmelo todo en nieve y cosas.","Oh shoot, I have to spend it all on snow and stuff.",12,12
EN_081_12__ES_081_12,es-en,test,El tema era de este que hariamos si ganábamos la lotería.,The subject was this one that we would do if we won the lottery.,11,14
EN_081_13__ES_081_13,es-en,train,"Uh no, compraría un super grande refrigerador como moderno, como uno muy técnico refrigerador.","Uh no, I would buy a super big fridge as modern, like a very technical fridge.",14,16
EN_081_14__ES_081_14,es-en,test,de pura casualidad te gusta el helado,You just happen to like ice cream.,7,7
EN_081_15__ES_081_15,es-en,train,"No, ¿por qué?.","No, why?",3,2
EN_081_16__ES_081_16,es-en,test,"solo eso, vas a comprar un, un refrigerador industrial con cada día en el mundo.","Just like that, you're gonna buy a, uh, an industrial refrigerator with every day in the world.",15,17
EN_081_17__ES_081_17,es-en,train,"Sí, sí, sí, sí, sí.","Yeah, yeah, yeah, yeah, yeah.",5,5
EN_081_18__ES_081_18,es-en,test,Para nieve.,For snow.,2,2
EN_081_19__ES_081_19,es-en,train,"No lo harías, no lo harías.","You wouldn't, you wouldn't.",6,4
EN_081_1__ES_081_1,es-en,test,Y y ya se por donde se nos desconectó el micrófono,And I know where the microphone was turned off.,11,9
EN_081_20__ES_081_20,es-en,test,"Pero, pero, pero...","But, but, but...",3,3
EN_081_21__ES_081_21,es-en,test,con esa cantidad de dinero puedes comprar una casa das 20 dólares un juego y luego una casa,"with that kind of money, you can buy a house for $20 a game and then a house.",18,18
EN_081_22__ES_081_22,es-en,train,Sí.,Yeah.,1,1
EN_081_23__ES_081_23,es-en,train,Sí.,Yeah.,1,1
EN_081_24__ES_081_24,es-en,train,¡Eh!,Hey.,1,1
EN_081_25__ES_081_25,es-en,train,Sí.,Yeah.,1,1
EN_081_26__ES_081_26,es-en,train,"¡Guau! Eso es tan noble de ti, nunca me hubiera imaginado.","Wow, that's so noble of you, I never would've imagined.",11,10
EN_081_27__ES_081_27,es-en,test,¿Sabes qué me compraría?,Do you know what I would buy?,4,7
EN_081_28__ES_081_28,es-en,test,"Una casa para mí, obviamente.","A house for me, obviously.",5,5
EN_081_29__ES_081_29,es-en,train,Diciendo tu propia frase y todas esas cosas.,saying your own phrase and all that stuff.,8,8
EN_081_2__ES_081_2,es-en,train,"Eh eh em, pues como decía","Um, well, like I was saying.",6,6
EN_081_30__ES_081_30,es-en,test,Ajá.,Uh-huh.,1,1
EN_081_31__ES_081_31,es-en,test,Sí.,Yeah.,1,1
EN_081_32__ES_081_32,es-en,test,¿Negocio? No es un negocio. ¿Qué?,Business? It's not a business. What?,6,6
EN_081_33__ES_081_33,es-en,train,¿Qué tal si la pequeña cosa se vuelve una más grande cosa?,What if the little thing becomes a bigger thing?,12,9
EN_081_34__ES_081_34,es-en,test,Mmm no sería lo suficientemente arrogante para poner mi nombre.,I wouldn't be arrogant enough to put my name.,10,9
EN_081_35__ES_081_35,es-en,train,básica.,basic.,1,1
EN_081_36__ES_081_36,es-en,train,básico,basic,1,1
EN_081_37__ES_081_37,es-en,test,"Si estás bien como... ¿Estás bien con eso? No, no maestría, no doctorado","If you're okay with like, you're okay with that? No, no master's, no Ph.D.",13,14
EN_081_38__ES_081_38,es-en,train,como am como tomar un año ausente y después ir a la escuela de posgrado.,how to take a year away and then go to grad school.,15,12
EN_081_39__ES_081_39,es-en,test,si me gustaría obviamente pero,"Yeah, I'd like to, obviously, but...",5,6
EN_081_3__ES_081_3,es-en,test,Continúa.,Go on.,1,2
EN_081_4__ES_081_4,es-en,test,"Así de inmediato, no lo sé, no sería bien ganado.","So right away, I don't know, it wouldn't be well won.",10,11
EN_081_5__ES_081_5,es-en,train,La única cosa que estaría en mi mente ahorita sería hacer mis trabajos bien y mis exámenes.,The only thing that would be in my mind right now would be to do my jobs well and my exams.,17,21
EN_081_6__ES_081_6,es-en,train,Yo iría por la opción B.,I would go for option B.,6,6
EN_081_7__ES_081_7,es-en,test,¿Por qué?,Why?,2,1
EN_081_8__ES_081_8,es-en,test,"Esa es esa es la respuesta inteligente, porque al final terminarías como con 3 millones de dólares y algo.","That's the smart answer, because in the end you'd end up with like three million dollars and something.",19,18
EN_081_9__ES_081_9,es-en,train,"Oh okey, yo yo sé el urge de que de que diga, oh rayos tengo de, ¿cuánto dijiste?","Oh okay, I know the urge to say, oh the hell I have of, how much did you say?",18,19
EN_082_10__ES_082_10,es-en,dev,fuistes como en una buena cita y...,You went like on a good date and...,7,8
EN_082_11__ES_082_11,es-en,train,"Sí, ajá.","Yeah, uh-huh.",2,2
EN_082_12__ES_082_12,es-en,dev,Terminó mal.,It ended badly.,2,3
EN_082_13__ES_082_13,es-en,train,"Eh, sí y no, por lo que me dijo.","Uh, yeah and no, because of what he told me.",9,10
EN_082_14__ES_082_14,es-en,dev,situación donde alguien fue como infiel y,situation where someone was like cheating and,7,7
EN_082_15__ES_082_15,es-en,train,"No, no, no.","No, no, no.",3,3
EN_082_16__ES_082_16,es-en,train,"Y ya está saliendo con otras mujeres o, bueno, solo hablando con ellas.","And he's already dating other women or, well, just talking to them.",13,12
EN_082_17__ES_082_17,es-en,train,"Entonces él y yo somos muy buenos amigos, ¿sabes?","So he and I are really good friends, you know?",9,10
EN_082_18__ES_082_18,es-en,train,"Nomás como por un consejo, ¿sabes? O sea, no, no realmente, ajá, no para quejarme.","Just like for a piece of advice, you know? No, not really, uh, not to complain.",15,16
EN_082_19__ES_082_19,es-en,dev,"No, que no no para quejarse y así.","No, not to complain and like.",8,6
EN_082_1__ES_082_1,es-en,train,por el centro que se llama plaza no se,"because of the center that's called plaza, I don't know.",9,10
EN_082_20__ES_082_20,es-en,train,Entonces es por eso que a veces voy por consejos con él y todo.,So that's why I sometimes go for advice with him and everything.,14,12
EN_082_21__ES_082_21,es-en,dev,Mm-hmm.,Mm-hmm.,1,1
EN_082_22__ES_082_22,es-en,train,Y esa chava se puso celosa de mí.,And that girl got jealous of me.,8,7
EN_082_23__ES_082_23,es-en,train,"No sé si te amo, pero no te quiero perder, pero no quiero estar en una relación contigo, ¿sabes?","I don't know if I love you, but I don't want to lose you, but I don't want to be in a relationship with you, you know?",19,27
EN_082_24__ES_082_24,es-en,train,"De hecho, ya tiene su vida hecha, ¿sabes? O sea, tiene su casa.","Actually, he already has his life done, you know, he has his house.",13,13
EN_082_25__ES_082_25,es-en,train,"Tengo mi novio, o sea, nada que ver","I have my boyfriend, like nothing to do with it.",8,10
EN_082_26__ES_082_26,es-en,train,"Si yo fuera tú, tendría como que, cuidado.","If I were you, I'd be like, careful.",8,8
EN_082_2__ES_082_2,es-en,dev,Sí.,Yeah.,1,1
EN_082_3__ES_082_3,es-en,train,"Oh de hecho, conozco personas en plaza que nos podrían dejar tomar fotos ahí y es un lugar muy bonito.","Oh actually, I know people in plaza that could let us take pictures there and it's a really nice place.",20,20
EN_082_4__ES_082_4,es-en,dev,Este no sé si has visto en los programas que tienen todo el techo así para ellos mismos.,I don't know if you've seen the shows that have the whole ceiling for themselves.,18,15
EN_082_5__ES_082_5,es-en,train,"Sí, era como que...","Yeah, it was like...",4,4
EN_082_6__ES_082_6,es-en,train,"Su amigo le dijo como de que, déjame poner poquita música para ti.","His friend told him like, let me put some music for you.",13,12
EN_082_7__ES_082_7,es-en,train,Tuve una conversación larga con mi papá toda la noche ajá.,I had a long conversation with my dad all night.,11,10
EN_082_8__ES_082_8,es-en,dev,Chao.,Bye.,1,1
EN_082_9__ES_082_9,es-en,train,"De hecho, ya lo terminamos, ya nomás lo estamos pintando.","Actually, we're done. We're just painting it.",10,7
EN_083_10__ES_083_10,es-en,test,[risa] ¿En serio?,Really?,3,1
EN_083_11__ES_083_11,es-en,test,"Es que no sé, m- me acuerdo que lo descargué así en la prepa.","I don't know, I remember I downloaded it like that in high school.",14,13
EN_083_12__ES_083_12,es-en,test,"Este un día, tú tú tú tú encuentras un día para jugarlo y pues","This one day, you find a day to play it.",14,10
EN_083_13__ES_083_13,es-en,test,"Entonces sí, es que a veces me aburro y como no hay internet a veces aquí.","So yeah, it's because sometimes I get bored and because there's no internet sometimes here.",16,15
EN_083_14__ES_083_14,es-en,test,"Ah, cuando estás aburrida","Ah, when you're bored.",4,4
EN_083_15__ES_083_15,es-en,test,"Oh es para que tú hagas así como, matemáticas rapidas en tu mente.","Oh it's for you to do, like, fast math in your mind.",13,12
EN_083_16__ES_083_16,es-en,test,"Era como algún tipo de estrategia, era como practicar y practicar.","It was like some kind of strategy, it was like practice and practice.",11,13
EN_083_17__ES_083_17,es-en,test,Mmm.,Mmm.,1,1
EN_083_18__ES_083_18,es-en,test,[risa],[laughter],1,1
EN_083_19__ES_083_19,es-en,test,"Y ahora apenas este [risa], puedo multiplicar.","And now just this [laughter], I can multiply.",7,8
EN_083_1__ES_083_1,es-en,test,"Este, nomás vamos a buscar en nuestros teléfonos a ver qué y a ver.",Let's just go look in our phones and see what and see.,14,12
EN_083_20__ES_083_20,es-en,test,"Digo, pues es una habilidad, ¿quién sabe?","I mean, it's a skill. Who knows?",7,7
EN_083_21__ES_083_21,es-en,test,Yo era.,I was.,2,2
EN_083_22__ES_083_22,es-en,test,Pues eh.,"Well, uh...",2,2
EN_083_23__ES_083_23,es-en,test,Así podemos comunicarnos y por eso descargue la app.,So we can communicate and that's why you can download the app.,9,12
EN_083_2__ES_083_2,es-en,test,"Eh sigo jugando pero este, lo lo dejé de jugar como dos años","I keep playing, but this one, I stopped playing it for like two years.",13,14
EN_083_3__ES_083_3,es-en,test,Este juego por unos meses y luego lo olvido y luego lo borro y luego lo instalo. Y luego otra vez me acuerdo y luego lo instalo y luego ya después de un rato lo juego.,This game for a few months and then I forget it and then I delete it and then I install it. And then again I remember and then I install it and then after a while I play it.,36,39
EN_083_4__ES_083_4,es-en,test,"Ajá, sí.",Uh-huh.,2,1
EN_083_5__ES_083_5,es-en,test,"Tengo esta app, que es el botón comunista.","I have this app, which is the communist button.",8,9
EN_083_6__ES_083_6,es-en,test,¿Qué es eso?,What's that?,3,2
EN_083_7__ES_083_7,es-en,test,El [risa] el himno de la USSR.,The anthem of the USSR.,7,5
EN_083_8__ES_083_8,es-en,test,"Ay, espérate, no mi amiga le encantaría.","Wait, not my friend would love to.",7,7
EN_083_9__ES_083_9,es-en,test,Siempre lo ponen y luego le digo por qué.,They always put it on and then I tell him why.,9,11
EN_084_10__ES_084_10,es-en,train,REMOVE,REMOVE,1,1
EN_084_11__ES_084_11,es-en,train,Es que ya no me habla.,He doesn't talk to me anymore.,6,6
EN_084_12__ES_084_12,es-en,train,[risa] ¿ya no te habla?,He doesn't talk to you anymore?,5,6
EN_084_13__ES_084_13,es-en,train,No.,No.,1,1
EN_084_14__ES_084_14,es-en,train,"Ah, ok, sí, eso sí sí vi que vino a El Paso.","Oh, okay, yeah, I did see that he came to El Paso.",12,12
EN_084_15__ES_084_15,es-en,train,"Y luego, pues ya, ese día pues estaba enojada, y pues le hago ay no","And then, yeah, that day, I was mad, and I'm like, oh, no.",15,13
EN_084_16__ES_084_16,es-en,train,"Ella sola, yo ni siquiera le hice nada. Bueno, que yo sepa, ¿verdad?","She alone, I didn't even do anything to her. Well, that I know of, right?",13,15
EN_084_17__ES_084_17,es-en,train,[risa],[laughter],1,1
EN_084_18__ES_084_18,es-en,train,"Pues es que a veces agarramos las chavas como de que, híjole, no, no me mires, no me toques.","It's because sometimes we get the girls like, don't look at me, don't touch me.",19,15
EN_084_19__ES_084_19,es-en,train,A ver si porque no le quiero pagar el ticket,Let's see if I don't want to pay the ticket.,10,10
EN_084_1__ES_084_1,es-en,train,"Nos faltó papelito, pero ay vamos a dejar todo manchado todavía.","We're missing some paper, but we're gonna leave everything stained.",11,10
EN_084_20__ES_084_20,es-en,train,"No no, ¿en serio? ¿te lo cobró?","No, no, really, he charged you?",7,6
EN_084_21__ES_084_21,es-en,train,Si mirá.,"Yeah, look.",2,2
EN_084_22__ES_084_22,es-en,train,"¿Qué pantal-? No, no, no, eso lo hizo como de que para para fregarte.","What the hell? No, no, no, that he did it like to screw you up.",14,15
EN_084_23__ES_084_23,es-en,train,"Ay, yo que tú no se lo pagaba. Nomás para hacerla enojar peor.","Oh, you didn't pay her, just to make her mad worse.",13,11
EN_084_24__ES_084_24,es-en,train,"Ya vamos a terminar, nomás dime cuánto fue el boleto para pagártelo.","We're gonna finish, just tell me how much was the ticket to pay you.",12,14
EN_084_25__ES_084_25,es-en,train,"Ya que te ofreces, pues damelo de una vez","Now that you're offering, just give it to me.",9,9
EN_084_26__ES_084_26,es-en,train,Y yo pues échalo,And I'll just throw it out.,4,6
EN_084_27__ES_084_27,es-en,train,"No, no soy muy calmado, sí","No, I'm not very calm, yeah.",6,6
EN_084_28__ES_084_28,es-en,train,¿Eres muy calmado?,Are you really calm?,3,4
EN_084_2__ES_084_2,es-en,train,"Entonces, pues este, era un palito y yo pues estaba súper gordita [risa] entonces.",So this one was a little stick and I was super fat then.,14,13
EN_084_3__ES_084_3,es-en,train,"No, yo no me voy a rebajar a eso y [laughter] agarre y me fui.","No, I'm not going to get down to that and I left.",15,12
EN_084_4__ES_084_4,es-en,train,"Los voy a demandar, eh ¿sabes cómo?","I'm gonna sue them, you know how?",7,7
EN_084_5__ES_084_5,es-en,train,Yo la más reciente que me peleé fue en mi...,The most recent one that I fought was in my...,10,10
EN_084_6__ES_084_6,es-en,train,"Ay, es la más reciente, una de tantas.","Oh, it's the most recent one, one of many.",8,9
EN_084_7__ES_084_7,es-en,train,[laughter].,[laugh],1,1
EN_084_8__ES_084_8,es-en,train,"De hecho sí, yo era muy peleonero.","Actually, yeah, I was a very fighting man.",7,8
EN_084_9__ES_084_9,es-en,train,"Empezó a gritonear, le dije Ey.","He started yelling, I said hey.",6,6
EN_085_10__ES_085_10,es-en,train,¿Cómo se te ocurre tomar screenshots de las conversaciones que tienes con- con las...?,What do you think about taking screenshots from the conversations that you have with the...,14,15
EN_085_11__ES_085_11,es-en,train,¡Ajá!,Uh-huh.,1,1
EN_085_12__ES_085_12,es-en,train,Y chancla que tira mija ni la levan-.,And chanchla that throws mija and they don't even pick her up.,8,12
EN_085_13__ES_085_13,es-en,train,"Es como cuando llevas un teléfono a arreglar ¿no? o sea, les estás dando permiso...","It's like when you take a phone to fix, you're giving them permission.",15,13
EN_085_14__ES_085_14,es-en,train,Mm-hmm.,Mm-hmm.,1,1
EN_085_15__ES_085_15,es-en,train,"Y si no desbloqueas mi teléfono, tú no sabes de lo que soy capaz.","And if you don't unlock my phone, you don't know what I'm capable of.",14,14
EN_085_16__ES_085_16,es-en,train,está mandando mensajes por la compu-,He's texting through the computer.,6,5
EN_085_1__ES_085_1,es-en,train,"Ay pues ahorita la escucho a ella [laughter], donde nos quedemos [laughter].","So now I listen to her, where we stay.",12,9
EN_085_2__ES_085_2,es-en,train,"Ay, ay [laughter].",Ay ay [laugh].,3,3
EN_085_3__ES_085_3,es-en,train,¿De cuál? ¿Del que te dije ahorita? ¿Del que me querían mandar a la cárcel o cuál?,Which one? The one that I told you about right now? The one that they wanted to send me to jail or which one?,17,24
EN_085_4__ES_085_4,es-en,train,"pues llego a mi casa y todo el show, ah no, estamos con mi abuela","So I get to my house and the whole show, oh no, we're with my grandma.",15,16
EN_085_5__ES_085_5,es-en,train,"Y en eso que salieron los screenshots donde, hola mi amor, ¿cómo estás? Chiquita.","And in that thing that came out the screenshots where, hello my love, how are you?",14,16
EN_085_6__ES_085_6,es-en,train,"A ver, a ver, enséñame. Y luego pues él así como que no, no, no es nada.","Let's see, let's see, let's see, let's see, let's see, let's see, let's see, let's see, let's see, let's see, let's see, let's see, let's see, let's see, let's see, let's see, let's see.",17,34
EN_085_7__ES_085_7,es-en,train,"Enséñame pues si me estás engañando pues ya que más da aquí, aquí muere veda'","Show me, if you're cheating on me, well, since it doesn't matter here, it's closed.",15,15
EN_085_8__ES_085_8,es-en,train,"O sea, no sé por qué se le vino eso a la mente, o sea imbécil, yo creo.","I mean, I don't know why that came to mind, you idiot, I think.",18,14
EN_085_9__ES_085_9,es-en,train,"O sea, pero las fotos de los mensajes, ¿él- él tomó screenshot de esas?","I mean, the pictures of the messages, he took screenshots of those?",14,12
EN_086_10__ES_086_10,es-en,train,Ajá.,Uh-huh.,1,1
EN_086_11__ES_086_11,es-en,test,"Pero- pero alguien murió, ¿no? Eh uno de ellos.","But someone died, right? Uh, one of them.",9,8
EN_086_12__ES_086_12,es-en,train,[laughter].,[laugh],1,1
EN_086_13__ES_086_13,es-en,train,"No, más.","No, more.",2,2
EN_086_14__ES_086_14,es-en,test,Pero la serie es como de cosas que pasaron o es del- del presente?,But the show is like stuff that happened or is it from the present?,14,14
EN_086_15__ES_086_15,es-en,train,Mmm.,Mmm.,1,1
EN_086_16__ES_086_16,es-en,train,Este enseñan a los sobrevivientes y enseñan cómo el pasado los están persiguiendo.,They teach the survivors and how the past is being pursued.,13,11
EN_086_17__ES_086_17,es-en,train,Um entonces una- una chica se murió cuando- en la primera temporada cuando la dejaron afuera.,So a girl died in the first season when they left her out.,16,13
EN_086_18__ES_086_18,es-en,test,Pero eh pero es algo que pasó en la- en la vida real.,"But uh, it's something that happened in real life.",13,9
EN_086_19__ES_086_19,es-en,train,Sí.,Yeah.,1,1
EN_086_1__ES_086_1,es-en,train,"Y estuvo muy, no sé, muy intense [laughter].","And it was really, I don't know, really intense.",8,9
EN_086_20__ES_086_20,es-en,test,Básicamente lo que hicieron este fue... Los- los cuerpos este si ves los preservaron así como- como en hielo.,"So basically what they did was the, uh, the bodies of this one, if you see, they were preserved, like, on ice.",19,22
EN_086_21__ES_086_21,es-en,test,"si, y luego este, ya que- ya va como un mes de que- de que el fin de semana, oye vamos a hacer algo el fin de semana y luego decir, no y tengo que hacer algo en este lugar.","Yeah, and then this one, because it's like a month ago that the weekend, hey, we're gonna do something for the weekend and then say, no and I have to do something in this place.",40,35
EN_086_2__ES_086_2,es-en,test,"Ok, pero ¿cuál- cuál es el nombre del show?","Okay, but what's the name of the show?",9,8
EN_086_3__ES_086_3,es-en,test,Ya sé si- si- si he escuchado de ella.,I know if I've heard of her.,9,7
EN_086_4__ES_086_4,es-en,train,¿Sí?,Yeah?,1,1
EN_086_5__ES_086_5,es-en,test,"Eh no, no la he visto, pero si se de que- si de que...","Uh, no, I haven't seen her, but if I know what.",14,11
EN_086_6__ES_086_6,es-en,train,Oh ¿Sabes de qué es?,Do you know what it's about?,5,6
EN_086_7__ES_086_7,es-en,test,Es sobre...Mmm ¿Un asesinato?,It's about a murder?,4,4
EN_086_8__ES_086_8,es-en,train,¿Hm?,Hmm?,1,1
EN_086_9__ES_086_9,es-en,test,Las cosas pasan y- y...,Things happen and...,5,3
EN_087_10__ES_087_10,es-en,train,"Y tenían el juego de FIFA. Bueno, pues no sé qué más tenían, pero po- era más bien FIFA.","And they had the FIFA game. Well, I don't know what else they had, but it was mostly FIFA.",19,19
EN_087_11__ES_087_11,es-en,train,"Antes era bueno, ya no.","It used to be good, not anymore.",5,7
EN_087_12__ES_087_12,es-en,train,"Estabas como, soy Cristiano.","You were like, I'm Christian.",4,5
EN_087_13__ES_087_13,es-en,train,Que yo sepa es Marcelo Benzema.,That I know of is Marcelo Benzema.,6,7
EN_087_14__ES_087_14,es-en,train,"Como viendo quién gana, quién pierde.","Like watching who wins, who loses.",6,6
EN_087_15__ES_087_15,es-en,train,Se fue a penales.,He went to prison.,4,4
EN_087_16__ES_087_16,es-en,train,"Penales, sí.","Penalties, yeah.",2,2
EN_087_17__ES_087_17,es-en,train,"Se siente como esas películas, como... ¿Cómo se llaman?","It feels like those movies, like, what are they called?",9,10
EN_087_18__ES_087_18,es-en,train,Donde puedes hacer cualquier tipo de crimen.,where you can do any kind of crime.,7,8
EN_087_19__ES_087_19,es-en,train,"Ah, todo está legal como por 24 horas y es como, bueno.","Oh, everything's legal for like 24 hours and it's like, well.",12,11
EN_087_1__ES_087_1,es-en,train,"Vamos a nombrar unos peluches hoy y bueno, juguetes.","Let's name some plushies today and, uh, toys.",9,8
EN_087_20__ES_087_20,es-en,train,No.,No.,1,1
EN_087_21__ES_087_21,es-en,train,Imagínate estar en una de esas.,Imagine being in one of those.,6,6
EN_087_22__ES_087_22,es-en,train,"Ok, si estuvieras en la purga, ¿qué harías? [laughter].","Okay, if you were in the purge, what would you do? [laugh]",9,12
EN_087_23__ES_087_23,es-en,train,Probable iría a una tienda como a una tienda de electronica.,Probably going to a store like an electronics store.,11,9
EN_087_24__ES_087_24,es-en,train,¿No llevarías protección? Por- porque pues todo está legal.,You wouldn't take protection because everything's legal.,9,7
EN_087_25__ES_087_25,es-en,train,Como cualquiera te puede matar y es pues lo que sea.,Like anyone can kill you and it's like whatever.,11,9
EN_087_26__ES_087_26,es-en,train,Tratando de planear un atraco.,Trying to plan a heist.,5,5
EN_087_27__ES_087_27,es-en,train,Yo creo me iría con Mr. Blue.,I think I'd go with Mr. Blue.,7,7
EN_087_28__ES_087_28,es-en,train,Mr. Blue si es un buen hombre.,"Mr. Blue, if you're a good man.",7,7
EN_087_2__ES_087_2,es-en,train,"Sí, el Crash Bandicoot.","Yeah, Crash Bandicoot.",4,3
EN_087_3__ES_087_3,es-en,train,"Si, es así como se mira, como Crash.","Yeah, that's how you look at it, like Crash.",8,9
EN_087_4__ES_087_4,es-en,train,"Sí, ¿sabes? Esa persona habló de ese mismo juego.","Yeah, you know, that person talked about that same game.",9,10
EN_087_5__ES_087_5,es-en,train,Sí.,Yeah.,1,1
EN_087_6__ES_087_6,es-en,train,¿Sí?,Yeah?,1,1
EN_087_7__ES_087_7,es-en,train,Sí era- era gratis [laughter].,"Yeah, it was free.",5,4
EN_087_8__ES_087_8,es-en,train,"No, no, vamos a cambiarnos al Playstation 4 a ver como es.","No, no, let's move to Playstation 4 and see what it's like.",12,12
EN_087_9__ES_087_9,es-en,train,"Oí que sí está mejor, pero pues no sé, no sé.","I heard it's better, but I don't know, I don't know.",11,11
EN_088_10__ES_088_10,es-en,train,Esa misión ya apenas la acabo de hacer cuando me invitaron.,That mission was barely done when I was invited.,11,9
EN_088_11__ES_088_11,es-en,train,¿Que no saliste de las 12?,That you didn't get out at 12?,6,7
EN_088_12__ES_088_12,es-en,train,"Sí, pero me puse a estudiar un poquito.","Yeah, but I started to study a little bit.",8,9
EN_088_13__ES_088_13,es-en,train,¿Viniste a las 3 y luego te regresaste para allá?,You came at 3 and then you went back over there?,10,11
EN_088_14__ES_088_14,es-en,train,¿Y literal te quedaste aquí una hora?,And literally you stayed here for an hour?,7,8
EN_088_15__ES_088_15,es-en,train,"Nada, nomas platicando.","Nothing, just talking.",3,3
EN_088_16__ES_088_16,es-en,train,¿Por qué no hiciste la sesión?,Why didn't you do the session?,6,6
EN_088_17__ES_088_17,es-en,train,Porque te estaba esperando.,Because I was waiting for you.,4,6
EN_088_18__ES_088_18,es-en,train,"Ay, qué bonito. Estaba esperando su hermano mayor.","Oh, that's nice. He was waiting for his older brother.",8,10
EN_088_19__ES_088_19,es-en,train,Que tan hermanable soy.,How sister-in-law I am.,4,4
EN_088_1__ES_088_1,es-en,train,Y el del juego se lo está fregando.,And the guy in the game is screwing him up.,8,10
EN_088_20__ES_088_20,es-en,train,"Sí, sí.","Yeah, yeah.",2,2
EN_088_21__ES_088_21,es-en,train,No como a otros.,Not like others.,4,3
EN_088_22__ES_088_22,es-en,train,A ver cómo le haces para traducir eso.,Let's see how you translate that.,8,6
EN_088_23__ES_088_23,es-en,train,¿En serio te quedaste hace una hora sin hacer nada aquí?,Did you really stay an hour ago without doing anything here?,11,11
EN_088_24__ES_088_24,es-en,train,"Sí, pues ¿qué tiene de malo?","Yeah, well, what's wrong with that?",6,6
EN_088_25__ES_088_25,es-en,train,¿Tú qué estabas haciendo en la hora que no viniste? A las 3.,What were you doing in the hour you didn't come? At three.,13,12
EN_088_26__ES_088_26,es-en,train,"El contenedor tenía etanol, bueno tenía este humo de etanol.","The container had ethanol, well, it had this fumes of ethanol.",10,11
EN_088_27__ES_088_27,es-en,train,vaciaron el- el ácido ahí y explotó.,They emptied the acid in there and it exploded.,7,9
EN_088_28__ES_088_28,es-en,train,"Como son ácidos,tie- por 15 minutos te tienes que tallar.","Since they're acids, you have to carve yourself for 15 minutes.",10,11
EN_088_29__ES_088_29,es-en,train,No estaba usando su bata de laboratorio.,He wasn't using his lab coat.,7,6
EN_088_2__ES_088_2,es-en,train,¿Al Monar?.,The Monar?,2,2
EN_088_30__ES_088_30,es-en,train,Su bata.,His coat.,2,2
EN_088_31__ES_088_31,es-en,train,Pos lo bueno que tenía manga larga,"Well, it's good that he had long sleeves.",7,8
EN_088_32__ES_088_32,es-en,train,"O sea, no se le iba a derretir la piel tampoco.","I mean, he wasn't gonna melt his skin, either.",11,9
EN_088_33__ES_088_33,es-en,train,De una vez.,At once.,3,2
EN_088_34__ES_088_34,es-en,train,"Es más, hasta hice ese problema sin calculadora.","What's more, I even made that problem without a calculator.",8,10
EN_088_3__ES_088_3,es-en,train,"Sí, se lo está fregando. Yo no me voy a poner a jugar tic-tac-toe contigo.","Yeah, he's screwing it up. I'm not gonna play tic-tac-toe with you.",15,12
EN_088_4__ES_088_4,es-en,train,¿Cómo se las estaba cancelando?,How was he cancelling them?,5,5
EN_088_5__ES_088_5,es-en,train,Pues con puro... Poder,with pure power.,4,3
EN_088_6__ES_088_6,es-en,train,"Como que ya se estaban dando una idea de cómo avanzar, cómo incrementar su poder.","Like they were already getting an idea of how to advance, how to increase their power.",15,16
EN_088_7__ES_088_7,es-en,train,"No recuerda al papá ni nada, que el papá se enojó.",He doesn't remember the dad or anything that the dad got mad.,11,12
EN_088_8__ES_088_8,es-en,train,Ajá.,Uh-huh.,1,1
EN_088_9__ES_088_9,es-en,train,"que era el- el Dong Shao, algo así se llama.","that he was the Dong Shao, something like that is called",10,11
EN_089_10__ES_089_10,es-en,train,"¿Cuántos años tienes? Como 30... Ah, no, 50 [laughter].","How old are you? 30? Oh, no, 50.",9,8
EN_089_11__ES_089_11,es-en,train,¡Oh!,Oh!,1,1
EN_089_12__ES_089_12,es-en,train,La única inseguridad que tengo y tú la atacas [laughter].,The only insecurity that I have and you attack it.,10,10
EN_089_13__ES_089_13,es-en,train,[laughter].,[laugh],1,1
EN_089_14__ES_089_14,es-en,train,"Pa' ti que es joven, porque para mí yo digo como 30, o no, 50, porque es como medio ¿no? es como la mitad.","for you that's young, because for me I say like 30, or not 50, because it's like half, right? It's like half.",24,22
EN_089_15__ES_089_15,es-en,train,"Te sientes viejo, ¿no? Y luego yo como me estoy cuidando, pues no- no creo que me voy a sentir tan bien.","You feel old, don't you? And then like I'm taking care of myself, I don't think I'm gonna feel that good.",22,21
EN_089_16__ES_089_16,es-en,train,Morirse a los 50 este digo que no- no te toca vivir tu vida,"To die at 50, like, you don't have to live your life.",14,12
EN_089_17__ES_089_17,es-en,train,"So, te retiras a los que 63, 64, es más o menos cuando te dejan retirarte.","So, you retire that 63, 64 is more or less when they let you retire.",16,15
EN_089_18__ES_089_18,es-en,train,Y ellos- ellos- ellos siguen incrementando el edad para retirarse.,And they- they- they keep increasing the retirement age.,10,9
EN_089_19__ES_089_19,es-en,train,Cuando estás viejo es cuando tienes ya el uh más tiempo para ti.,"When you're old, it's when you have the most time for yourself.",13,12
EN_089_1__ES_089_1,es-en,train,"Bueno, pues creo que tienen descripciones para unas, o bueno, pues todas.","Well, I think they have descriptions for some, or all of them.",12,12
EN_089_20__ES_089_20,es-en,train,Mm-hmm.,Mm-hmm.,1,1
EN_089_21__ES_089_21,es-en,train,Mm-hmm.,Mm-hmm.,1,1
EN_089_22__ES_089_22,es-en,train,"Yo también soy asi de que me quiero morir joven, pero también no quiero ser una molestia para otras personas.","I'm also like, I want to die young, but I don't want to be a nuisance to other people, too.",20,20
EN_089_23__ES_089_23,es-en,train,"Este no quiero como tener hijos y luego ya en el futuro estar como, ah, me tienen que cuidar a fuerzas.","I don't want to like have kids and then in the future be like, oh, they have to take care of me.",21,22
EN_089_24__ES_089_24,es-en,train,"Aunque ellos digan que no eres una molestia, sí estás siendo una molestia para ellos.","Even if they say you're not a nuisance, you're being a nuisance to them.",15,14
EN_089_25__ES_089_25,es-en,train,Sería bueno tener- poder tener un plan de retiro que no dependa en pos otras personas.,It would be good to have a retirement plan that doesn't depend on other people.,16,15
EN_089_2__ES_089_2,es-en,train,Es difícil también para los padres cuando uh pierden a un hijo.,It's also hard for parents when they lose a child.,12,10
EN_089_3__ES_089_3,es-en,train,Si eso puede arruinar a alguien así uh.,If that can ruin someone like that.,8,7
EN_089_4__ES_089_4,es-en,train,"La mayoría de la gente cree que se va a morir después de sus niños, entonces ya cuando pasa, entonces es como, ¿qué onda?","Most people think he's gonna die after his kids, so when it happens, it's like, what the hell?",24,18
EN_089_5__ES_089_5,es-en,train,Sí.,Yeah.,1,1
EN_089_6__ES_089_6,es-en,train,Sí.,Yeah.,1,1
EN_089_7__ES_089_7,es-en,train,nosotros los vamos a enterrar a ellos y no que ellos nos vayan a enterrar a nosotros.,We're going to bury them and not that they're going to bury us.,17,13
EN_089_8__ES_089_8,es-en,train,Mm-hmm.,Mm-hmm.,1,1
EN_089_9__ES_089_9,es-en,train,Y es como padres no deben de sobrevivir a sus niños.,And it's like parents don't have to outlive their children.,11,10
EN_090_10__ES_090_10,es-en,dev,"Entonces estaba cerrada y me tuve que ir por otro puente, hice dos horas de fila.","So it was closed and I had to go for another bridge, I made two hours in line.",16,18
EN_090_11__ES_090_11,es-en,dev,"No, sí llegue a tiempo porque me vine desde las 10 y media de la mañana.","No, I did get there in time because I came from 10:30 in the morning.",16,15
EN_090_12__ES_090_12,es-en,dev,"Porque son niños que, pues, es- son personas indefensas, ¿sabes?","'Cause they're kids that are, like, defenseless people, you know?",10,10
EN_090_13__ES_090_13,es-en,dev,"Es que yo no quería tener un hijo o ese tipo de cosas, pero ya no es válido cuando hay un niño ya de por medio que ya está aquí, ¿sabes?","It's because I didn't want to have a child or that kind of thing, but it's not valid when there's a child that's already here, you know?",31,27
EN_090_14__ES_090_14,es-en,dev,Sí.,Yeah.,1,1
EN_090_15__ES_090_15,es-en,dev,"Pero por qué abusarlos, por qué abusar de- de alguien que es- que es inocente.","But why abuse them, why abuse someone who is innocent?",15,10
EN_090_16__ES_090_16,es-en,dev,Sí.,Yeah.,1,1
EN_090_17__ES_090_17,es-en,dev,"Ya uno como sea, ¿sabes cómo? Yo soy mayor de edad en México.","Either way, you know how? I'm an adult in Mexico.",13,10
EN_090_18__ES_090_18,es-en,dev,¡Aww!,Aww!,1,1
EN_090_19__ES_090_19,es-en,dev,"No me puedo imaginar la tristeza de estos niños tener que estar en ese lugar, en un shelter.",I can't imagine the sadness of these kids having to be in that place in a shelter.,18,17
EN_090_1__ES_090_1,es-en,dev,"Entonces no puedo decirte de malas experiencias, la verdad.","So I can't tell you about bad experiences, actually.",9,9
EN_090_2__ES_090_2,es-en,dev,"Ah, ok.","Oh, okay.",2,2
EN_090_3__ES_090_3,es-en,dev,"Si quieres nomás esa y luego ya listo lo demás, ¿no?","If you just want that one and then you're done with the rest, right?",11,14
EN_090_4__ES_090_4,es-en,dev,Y el que yo pienso sería... Child Crisis Cen- Center of El Paso.,And the one that I think would be Child Crisis Cen- Center of El Paso.,13,15
EN_090_5__ES_090_5,es-en,dev,"Es igual per-, casi casi, es parecido.","It's the same, almost almost, it's similar.",7,7
EN_090_6__ES_090_6,es-en,dev,No entonces le voy más al Segundo [laughter].,"No, then I go more to the Second.",8,8
EN_090_7__ES_090_7,es-en,dev,La verdad no escogí muchos de los otros porque veo que muchos hablan de inmigrantes.,I didn't really pick a lot of the others because I see that a lot of people talk about immigrants.,15,20
EN_090_8__ES_090_8,es-en,dev,Ahorita estoy no muy contenta con la situación.,Right now I'm not very happy with the situation.,8,9
EN_090_9__ES_090_9,es-en,dev,Para que llegue gente y nomas pensando que se van a parar en el puente y los van a dejar cruzar.,To get people to come and just think that they're gonna stop at the bridge and let them cross.,21,19
EN_091_10__ES_091_10,es-en,train,a los muchachos,to the boys.,3,3
EN_091_11__ES_091_11,es-en,train,"Yo vi comida en todo- todos lados, todo en el piso y dije, ay Dios mío.","I saw food all over the place and I was like, oh my god.",16,14
EN_091_12__ES_091_12,es-en,train,"Hay comida en todo el piso, sentí muy mal por el concergedores.","There's food all over the floor, I felt really bad for the concierges.",12,13
EN_091_13__ES_091_13,es-en,train,"Sí recuerdo la mía, pero no fue así. Nomás nos salimos de la clase e hicimos una fiesta.","I remember mine, but it wasn't like that. We just got out of class and we had a party.",18,19
EN_091_14__ES_091_14,es-en,train,Oh,Oh.,1,1
EN_091_15__ES_091_15,es-en,train,"¿Fuistes? Sí. Ah, yo, eso, yo creo que eso fue divertido.","Yeah, I think that was fun.",11,6
EN_091_16__ES_091_16,es-en,train,Sí.,Yeah.,1,1
EN_091_17__ES_091_17,es-en,train,Era coca o algo así.,It was coke or something like that.,5,7
EN_091_18__ES_091_18,es-en,train,¿Coc? ¿Coc?,Coke? Coke?,2,2
EN_091_19__ES_091_19,es-en,train,"También soy bueno en eso, pero... Siempre me ponen al último.","I'm also good at that, but they always put me on the last one.",11,14
EN_091_1__ES_091_1,es-en,train,"Um yo creo que hice muy bien, uh en el ultimo midterm agarre un 84","Um I think I did really well, uh in the last midterm I got a 84.",15,16
EN_091_20__ES_091_20,es-en,train,Estaba lleno de carros. Casi casi se parecía a un yonke.,It was full of cars. It almost looked like a junkyard.,11,11
EN_091_2__ES_091_2,es-en,train,Todos nosotros siempre pensamos en un lugar y eh yo creo que ahí voy a pensar yo.,We all always think about one place and I think that's where I'm gonna think.,17,15
EN_091_3__ES_091_3,es-en,train,"El la concepto no- no es difícil, pero siéndolo en práctica sí es.","The concept is not difficult, but in practice it is.",13,10
EN_091_4__ES_091_4,es-en,train,Todavía estoy batallando con eso.,I'm still struggling with that.,5,5
EN_091_5__ES_091_5,es-en,train,"Me acuerdo cuando vi eso, dije, oh, eso se ve fácil.","I remember when I saw that, I said, oh, that looks easy.",11,12
EN_091_6__ES_091_6,es-en,train,jajaja,Uh-huh.,1,1
EN_091_7__ES_091_7,es-en,train,"Es muy diferente que High School, pero aquí estamos.","It's very different from high school, but here we are.",9,10
EN_091_8__ES_091_8,es-en,train,"Oh, pues sí, grabé eso hace mucho tiempo.","Oh, yeah, I recorded that a long time ago.",8,9
EN_091_9__ES_091_9,es-en,train,"De la prepa, nomás le hablo como a dos o tres. Las otras no sé qué les pasó.","From high school, I'm just talking to like two or three. The other ones, I don't know what happened to them.",18,21
EN_092_10__ES_092_10,es-en,train,Yo creo que Pancha empezó a tener sentimientos por... ¿Por quién? Por ti. Por Juanita.,I think Pancha started to have feelings for... for who? For you. For Juanita.,15,14
EN_092_11__ES_092_11,es-en,train,¿Por quién? Por ti.,For who? For you.,4,4
EN_092_12__ES_092_12,es-en,train,"Pero Pancha solía juntarse mucho conmigo, pensaban que ella tenía sentimientos por mí.","But Pancha used to hang out a lot with me, they thought she had feelings for me.",13,17
EN_092_13__ES_092_13,es-en,train,"So Pancha, le estaba diciendo a mi amiga. No sabes qué.","So Pancha, I was telling my friend. You don't know what?",11,11
EN_092_14__ES_092_14,es-en,train,"Todos alrededor de mí tambien me están diciendo, este, wey, creo que le gusta.","Everyone around me is also telling me, uh, wow, I think he likes it.",14,14
EN_092_15__ES_092_15,es-en,train,Pancha le dijo a mi amiga que le gustaba Juanita.,Pancha told my friend that she liked Juanita.,10,8
EN_092_16__ES_092_16,es-en,train,Sabemos de eso desde que la conocemos.,We've known that since we met her.,7,7
EN_092_17__ES_092_17,es-en,train,"Sí, entonces todos sabían.","Yeah, so everyone knew.",4,4
EN_092_18__ES_092_18,es-en,train,"Sí. ¿Sí? Entonces todos sabían. Sí, todos sabían.","Yeah, so everybody knew. Yeah, everybody knew.",8,7
EN_092_19__ES_092_19,es-en,train,"le dijo, dile como te sientes","He told her, tell her how you feel.",6,8
EN_092_1__ES_092_1,es-en,train,"No, eso no me molesta. No.","No, that doesn't bother me. No.",6,6
EN_092_20__ES_092_20,es-en,train,¿Sí?,Yeah?,1,1
EN_092_21__ES_092_21,es-en,train,"Y ella estaba enojada por unos comentarios que Pancha hizo en la, en la semana.",And she was mad about some comments that Pancha made in the week.,15,13
EN_092_22__ES_092_22,es-en,train,Mm-hmm.,Mm-hmm.,1,1
EN_092_23__ES_092_23,es-en,train,Y luego pues ella dijo que pues no me gusta tanto.,"And then she said, I don't like it that much.",11,10
EN_092_24__ES_092_24,es-en,train,"Como persona este, pues no es, no es el tipo de persona con la que quiere juntarse.","As a person, he's not, he's not the type of person he wants to hang out with.",17,17
EN_092_25__ES_092_25,es-en,train,Ajá.,Uh-huh.,1,1
EN_092_2__ES_092_2,es-en,train,¿Te molesta?,Do you mind?,2,3
EN_092_3__ES_092_3,es-en,train,"No, creo que tengo otro. Sí, este es el último.","No, I think I have another one. Yeah, this one is the last one.",10,14
EN_092_4__ES_092_4,es-en,train,"Eh no, no puedo hablar mucho de ellos porque nomás he tenido un trabajo como en toda mi vida.","Uh, no, I can't talk a lot about them because I've only had a job like in my whole life.",19,20
EN_092_5__ES_092_5,es-en,train,"Creo que es la única de la que puedo hablar, pero... ¿Quieres empezar?","I think it's the only one that I can talk about, but do you want to start?",13,17
EN_092_6__ES_092_6,es-en,train,A ver.,Let's see.,2,2
EN_092_7__ES_092_7,es-en,train,"Una se unió en enero, la otra se unió como en... a mediados de febrero.","One joined in January, the other joined like in mid-February.",15,10
EN_092_8__ES_092_8,es-en,train,"Vamos a llamarle a la que se unió en enero, Pancha, y la que se unió en febrero, Juanita.","Let's call the one that joined in January, Pancha, and the one that joined in February, Juanita.",19,17
EN_092_9__ES_092_9,es-en,train,Este y se- se unió a mí y a uno de mis amigos que también es mujer,And he joined me and one of my friends who's also a woman.,17,13
EN_093_10__ES_093_10,es-en,train,"No sé, es que sería una idea muy loca.","I don't know, it would be a really crazy idea.",9,10
EN_093_11__ES_093_11,es-en,train,"Obviamente llevar a mi familia, mejor llevar amigos.","obviously take my family, better take friends.",8,7
EN_093_12__ES_093_12,es-en,train,"Está muy interesante, pero también es muy caro.","It's very interesting, but it's also very expensive.",8,8
EN_093_13__ES_093_13,es-en,train,"Sí, haría muchas cosas, pero creo que no lo gastaría a la ligera o sea.","Yeah, I would do a lot of things, but I don't think I would spend it lightly.",15,17
EN_093_14__ES_093_14,es-en,train,va de la mano también el ayudar a otros.,goes hand in hand also helping others.,9,7
EN_093_15__ES_093_15,es-en,train,"Porque a veces nomás queremos ese dinero para nosotros, pero ¿cómo estás ayudando a la comunidad?","Because sometimes we just want that money for ourselves, but how are you helping the community?",16,16
EN_093_16__ES_093_16,es-en,train,puedes ayudar a que alguien tenga una mejor calidad de vida.,You can help someone have a better quality of life.,11,10
EN_093_17__ES_093_17,es-en,dev,Sí.,Yeah.,1,1
EN_093_18__ES_093_18,es-en,train,"Entonces, siento que es algo importante también.","So I feel like it's something important, too.",7,8
EN_093_1__ES_093_1,es-en,dev,"como gente que ha ganado la lotería, que no lo pensaron bien y la gastaron todo.","like people who won the lottery, who didn't think it through and spent it all.",16,15
EN_093_2__ES_093_2,es-en,train,"Ok, siento como que eso es un sueño que todos han tenido siempre, ¿no? De ganarse la lotería.","Okay, I feel like that's a dream that everyone has always had, right? To win the lottery.",18,17
EN_093_3__ES_093_3,es-en,dev,Sí.,Yeah.,1,1
EN_093_4__ES_093_4,es-en,train,"salirse del trabajo, de tener que estar preocupado por pagar.","get out of work, have to worry about paying.",10,9
EN_093_5__ES_093_5,es-en,train,"Pues sí, lo invertiría en mi educación.","Yeah, I would invest in my education.",7,7
EN_093_6__ES_093_6,es-en,train,"Me ayudan para pagar mi escuela, pero no, no cubre todos los gastos.","They help me to pay for my school, but it doesn't cover all the expenses.",13,15
EN_093_7__ES_093_7,es-en,train,entonces yo tengo que estar buscando por mi propia cuenta cómo acompletar la otra parte.,So I have to be looking for myself how to complete the other part.,15,14
EN_093_8__ES_093_8,es-en,train,Si trabajando como ahorita que estoy trabajando.,Yeah working like right now that I'm working.,7,8
EN_093_9__ES_093_9,es-en,train,Esa ayuda sí sería muy beneficiosa.,That help would be very helpful.,6,6
EN_094_10__ES_094_10,es-en,train,"Ahí ya, después la pensé","Yeah, well, then I thought about it.",5,7
EN_094_11__ES_094_11,es-en,train,Pero no le mandé mensaje hasta ayer.,But I didn't send her a message until yesterday.,7,9
EN_094_12__ES_094_12,es-en,train,"El domingo no le quise mandar mensaje, pues era Pascua, estaba toda con su familia, no la quiero molestar.","On Sunday, I didn't want to send her a message, because it was Easter. She was all with her family. I don't want to bother her.",19,26
EN_094_13__ES_094_13,es-en,train,"Dice, ella no es, no es así con gente nueva, no anda de platicadora.","She's not like that with new people, she's not talking.",14,10
EN_094_14__ES_094_14,es-en,train,"Si te dicen que te van a presentar a alguien, pues obviamente te vas a arreglar.","If they tell you that they're going to introduce you to someone, you're obviously going to manage.",16,17
EN_094_15__ES_094_15,es-en,train,Yo opto por lo que te dijo tu amiga. Y déjame te digo por qué.,"I opt for what your friend told you, and let me tell you why.",15,14
EN_094_16__ES_094_16,es-en,train,"que todos son iguales, ¿sa- sabes cómo? está en esa etapa","that they're all the same, you know how? It's in that stage.",11,12
EN_094_17__ES_094_17,es-en,train,Fíjate que tengo una amiga. ¿Sabes cómo? Porque trabajaban juntos.,"Look, I have a friend, you know how, because they work together.",10,12
EN_094_1__ES_094_1,es-en,train,Pues creo que sí lo terminaste de que pues está creando puro drama.,"Well, I think you did finish it because it's creating pure drama.",13,12
EN_094_2__ES_094_2,es-en,train,"Y me dijo que no a jugar, no te quiero ganar y vas a ponerte a llorar.","And he told me not to play, I don't want to beat you and you're gonna start crying.",17,18
EN_094_3__ES_094_3,es-en,train,"Te voy a presentar a una de mis amigas, este, tú y ella se llevarían muy bien.","I'm gonna introduce you to one of my friends, you and she would get along really well.",17,17
EN_094_4__ES_094_4,es-en,train,¿Cómo le ponemos a esta chava? María.,How do we put this girl? Maria.,7,7
EN_094_5__ES_094_5,es-en,train,"Y yo le, no, yo la, yo como que la tiré al león",And I kind of threw it at the lion.,13,9
EN_094_6__ES_094_6,es-en,train,Fuimos a jugar boliche y la invitaron a ella también.,We went bowling and they invited her too.,10,8
EN_094_7__ES_094_7,es-en,train,"Sí, ahí nos conocimos y ya platicando ahí me cayó bien la chava.","Yeah, we met there, and talking there, I liked the girl.",13,11
EN_094_8__ES_094_8,es-en,train,Y pero no le pedí su número al final de la noche,And but I didn't ask for his number at the end of the night.,12,14
EN_094_9__ES_094_9,es-en,train,"fui, no le pide el número, ya después la pensé","I went, I didn't ask for the number, and then I thought about it.",10,14
EN_095_10__ES_095_10,es-en,train,"Pues si te dije no, que agarré su número el domingo.","Well, if I told you no, I got his number on Sunday.",11,12
EN_095_11__ES_095_11,es-en,train,una conversación muy corta,a very short conversation.,4,4
EN_095_12__ES_095_12,es-en,train,"Sí, es lo que estoy pensando, pero me voy a esperar a que ella conteste porque no quiero ser así como que muy molesto.","Yeah, that's what I'm thinking, but I'm gonna wait for her to answer because I don't want to be like really annoying.",24,22
EN_095_13__ES_095_13,es-en,train,Una cita.,A date.,2,2
EN_095_14__ES_095_14,es-en,train,"Si me contesta para mañana, pues entonces ya nomás la invito.","If he replies to me by tomorrow, then I'll just invite him.",11,12
EN_095_15__ES_095_15,es-en,train,"A lo mejor mando el mensaje, todavía la estoy pensando.","Maybe I send the message, I'm still thinking about it.",10,10
EN_095_16__ES_095_16,es-en,train,Pensé que decías esta unión que Pizza Hut.,I thought you were saying this union that pizza hut.,8,10
EN_095_17__ES_095_17,es-en,train,jajaja,Uh-huh.,1,1
EN_095_18__ES_095_18,es-en,train,"Pagamos para todo el día, vamos a comer aquí todo el día.","We pay for all day, we're going to eat here all day.",12,12
EN_095_19__ES_095_19,es-en,train,¿Qué pasó con tu amiga? este ¿Sí te mandó mensaje?,What happened to your friend? Did she text you?,10,9
EN_095_1__ES_095_1,es-en,train,Me salí del laboratorio temprano y me fui a la oficina.,I got out of the lab early and I went to the office.,11,13
EN_095_20__ES_095_20,es-en,train,"Después de ese mensaje, ya no me volvió a mandar mensaje. Y pues yo tampoco.","After that message, he never texted me back, and neither did I.",15,12
EN_095_21__ES_095_21,es-en,train,A lo mejor me vuelve a mandar mensaje cuando esté borracha.,Maybe he'll text me back when I'm drunk.,11,8
EN_095_22__ES_095_22,es-en,train,"Pues ella es la que está enojada y no, pues no sé.","Well, she's the one that's mad and I don't know.",12,10
EN_095_23__ES_095_23,es-en,train,"No nomás porque hay un portero significa que no puedes meter gol, hermano.","Just because there's a goalie means you can't score, bro.",13,10
EN_095_24__ES_095_24,es-en,train,¿Qué? ¿A poco no es verdad? ¿A poco no es verdad?,"What, isn't that true? Isn't that true?",11,7
EN_095_25__ES_095_25,es-en,train,"Sí, es verdad.","Yeah, that's true.",3,3
EN_095_2__ES_095_2,es-en,train,Ya no es tu oficina es la mía.,It's not your office anymore. It's mine.,8,7
EN_095_3__ES_095_3,es-en,train,"No, si es mi oficina, está bajo mi nombre.","No, if it's my office, it's under my name.",9,9
EN_095_4__ES_095_4,es-en,train,que voy a agarrar un estudiante nuevo que tiene que estudiar para el SAT.,that I'm gonna get a new student that has to study for the SAT.,14,14
EN_095_5__ES_095_5,es-en,train,"No, pero tienen un libro ahí que puedo repasar de volada y pues qué tan difícil puede ser.","No, but they have a book there that I can review like a blast and how hard it can be.",18,20
EN_095_6__ES_095_6,es-en,train,Como las cosas que estabas trabajando el otro día. Matemáticas simples.,"Like the stuff that you were working on the other day, simple mathematics.",11,13
EN_095_7__ES_095_7,es-en,train,"Oh, no te he dicho todavía, este terminé este consiguiendo el número de esa chava.","Oh, I haven't told you yet, I ended up getting that girl's number.",15,13
EN_095_8__ES_095_8,es-en,train,¿Qué te hizo cambiar de parecer?,What made you change your mind?,6,6
EN_095_9__ES_095_9,es-en,train,"Pues no, no cambié de parecer, este, sí te había dicho que sí me gustaba.","No, I didn't change my mind. I told you that I did like him.",15,14
EN_096_10__ES_096_10,es-en,train,personalmente yo pondría polizas para que no me quitaran el trono,"Personally, I would put policies so that they wouldn't take my throne.",11,12
EN_096_11__ES_096_11,es-en,train,Los exiliaría como Napoleón.,I would exile them like Napoleon.,4,6
EN_096_12__ES_096_12,es-en,train,en una isla en medio de la nada.,on an island in the middle of nowhere.,8,8
EN_096_13__ES_096_13,es-en,train,"Tu reino sería similar a, al fascismo.",Your kingdom would be similar to fascism.,7,7
EN_096_14__ES_096_14,es-en,train,más como una mano de hierro en bienes,more like an iron hand in goods.,8,7
EN_096_15__ES_096_15,es-en,train,tenerlas bajo mi poder y controlar quién come.,have them under my power and control who eats.,8,9
EN_096_16__ES_096_16,es-en,train,Yo sé por qué muchas dicta- dictaduras no funcionan. Son muy suaves con los subordinados.,I know why a lot of dictatorships don't work. They're really soft on subordinates.,15,14
EN_096_17__ES_096_17,es-en,train,Es una idea excelente.,That's an excellent idea.,4,4
EN_096_18__ES_096_18,es-en,train,No necesariamente pienso que es lo mejor para su familia.,I don't necessarily think it's the best for his family.,10,10
EN_096_1__ES_096_1,es-en,train,¿Sabes qué? Voy a decidir un clásico. Los Boy Scouts de América.,"You know what, I'm gonna decide a classic, the Boy Scouts of America.",12,13
EN_096_2__ES_096_2,es-en,train,Pienso que el dinero sí podría ayudar a mucha a muchos ah de bajos recursos.,I think the money could help a lot of under-resourced people.,15,11
EN_096_3__ES_096_3,es-en,train,Acampar les da muchas eh habilidades.,Camping gives them a lot of skills.,6,7
EN_096_4__ES_096_4,es-en,train,y acampar y también usar una navaja,camping and using a knife.,7,5
EN_096_5__ES_096_5,es-en,train,"O sea, si estás conmigo, que los Boy Scouts de América deberían recibir esos 20 dólares.","So if you're with me, the Boy Scouts of America should get that $20.",16,14
EN_096_6__ES_096_6,es-en,train,Los Boy Scouts son un tipo de legado.,Boy Scouts are a type of legacy.,8,7
EN_096_7__ES_096_7,es-en,train,que ha existido por décadas.,that has existed for decades.,5,5
EN_096_8__ES_096_8,es-en,train,"valores como el trabajo en equipo, la compasión.","values like teamwork, compassion.",8,4
EN_096_9__ES_096_9,es-en,train,Por eso pienso que lo merecen.,That's why I think they deserve it.,6,7
EN_097_10__ES_097_10,es-en,train,¿Cómo te comete a mi? Tú le chismes.,What's he doing to me? You gossip him.,8,8
EN_097_11__ES_097_11,es-en,train,La otra vez estaba platicando con Samantha.,The other time I was talking to Samantha.,7,8
EN_097_12__ES_097_12,es-en,train,Subió un video. Borracha.,"He uploaded a video, drunk.",4,5
EN_097_13__ES_097_13,es-en,train,Pues están peleando,"Well, they're fighting.",3,3
EN_097_14__ES_097_14,es-en,train,La agresora.,The aggressor.,2,2
EN_097_15__ES_097_15,es-en,train,"Sí, y ella, y él es la víctima.","Yeah, and she, and he's the victim.",8,7
EN_097_16__ES_097_16,es-en,train,"Ay, pobrecita ella.","Oh, poor thing.",3,3
EN_097_17__ES_097_17,es-en,train,"Voy yo, le faltó esta",I'll go. He missed this one.,5,6
EN_097_18__ES_097_18,es-en,train,Le pegué aquí en el escritorio.,I hit him here on the desk.,6,7
EN_097_19__ES_097_19,es-en,train,También hay uno que es muy grande.,There's also one that's really big.,7,6
EN_097_1__ES_097_1,es-en,train,ahorita la voy a probar,Right now I'm gonna try it.,5,6
EN_097_20__ES_097_20,es-en,train,"¿Cómo, cómo que un gato grande?","What do you mean, a big cat?",6,7
EN_097_21__ES_097_21,es-en,train,No me acuerdo de eso.,I don't remember that.,5,4
EN_097_22__ES_097_22,es-en,train,Y él tiene una hija.,And he has a daughter.,5,5
EN_097_2__ES_097_2,es-en,train,"Está rico, solo que está muy dulce.","It's good, only it's really sweet.",7,6
EN_097_3__ES_097_3,es-en,train,Pero a mí se me hace súper bien porque está salado.,But I think it's super good because it's salt.,11,9
EN_097_4__ES_097_4,es-en,train,¿Vamos a comer o qué? ¿Ya comiste?,Are we going to eat or what? Did you eat?,7,10
EN_097_5__ES_097_5,es-en,train,Sí. No.,Yeah. No.,2,2
EN_097_6__ES_097_6,es-en,train,¿Qué se te antoja comer?,What do you want to eat?,5,6
EN_097_7__ES_097_7,es-en,train,¿Tienes vergüenza verdad?,"You're ashamed, aren't you?",3,4
EN_097_8__ES_097_8,es-en,train,"A ver, vamos a leerlo de aquí.","Let's see, let's read it from here.",7,7
EN_097_9__ES_097_9,es-en,train,¿Cuáles serían tus reglas?,What would be your rules?,4,5
EN_098_10__ES_098_10,es-en,train,"Es que esta gacho que me dejó de hablar así, este, de la nada.",It's just that he stopped talking to me like this out of nowhere.,14,13
EN_098_11__ES_098_11,es-en,train,"Tal vez estaba confundida de algo, pero...","Maybe I was confused about something, but...",7,7
EN_098_12__ES_098_12,es-en,train,"Es que ya- ya habíamos terminado, pero todavía estamos hablando.","It's because we're already done, but we're still talking.",10,9
EN_098_13__ES_098_13,es-en,train,Como que se dieron un tiempo ¿Realmente no?,"Like they took a little time, didn't they?",8,8
EN_098_14__ES_098_14,es-en,train,Mmm...,Mm-hmm.,1,1
EN_098_15__ES_098_15,es-en,train,"Este, sí me gustaba hablar con ella y salir con ella.","This one, I did like to talk to her and hang out with her.",11,14
EN_098_16__ES_098_16,es-en,train,mhm,Mm-hmm.,1,1
EN_098_17__ES_098_17,es-en,train,¿Y qué pasó? ¿La- la viste?,And what happened? Did you see her?,6,7
EN_098_18__ES_098_18,es-en,train,Pués volteé y la vi y luego nomás me hizo así,So I turned around and I saw her and she just made me like this.,11,15
EN_098_19__ES_098_19,es-en,train,So la reacción mía fue así.,The reaction of mine was like that.,6,7
EN_098_1__ES_098_1,es-en,train,¿La última qué?,The last what?,3,3
EN_098_20__ES_098_20,es-en,train,Algo dentro de ti se rompió.,Something inside you broke.,6,4
EN_098_21__ES_098_21,es-en,train,"después de que me dijo hola, nomás este se siguió caminando y me pasó.","After he said hi to me, he just kept walking and he passed me.",14,14
EN_098_22__ES_098_22,es-en,train,¿No se paro para decir hey o para hablar?,He didn't stop to say hey or to talk?,9,9
EN_098_23__ES_098_23,es-en,train,M-M. No,M-m. No.,2,2
EN_098_24__ES_098_24,es-en,train,"Pero a este punto ya estoy como que, eh, pues lo que sea, ¿no?","But at this point I'm like, uh, whatever, right?",14,9
EN_098_25__ES_098_25,es-en,train,"Pero no fue así como que sentiste algo dentro de ti, ¿no?","But it wasn't like you felt something inside you, was it?",12,11
EN_098_26__ES_098_26,es-en,train,"Digo, no, es como que- como que lo amo.","I mean, no, it's like I love him.",9,8
EN_098_27__ES_098_27,es-en,train,La razón por la que terminamos es porque pues... ella es cristiana.,The reason we ended it is because she's Christian.,12,9
EN_098_2__ES_098_2,es-en,train,De la última chava con la que salí.,the last girl I dated.,8,5
EN_098_3__ES_098_3,es-en,train,¿Ella fue la que te rompió el corazón así más?,She was the one that broke your heart like that?,10,10
EN_098_4__ES_098_4,es-en,train,Yo no diría que quebró el corazón.,I wouldn't say he broke his heart.,7,7
EN_098_5__ES_098_5,es-en,train,"Sí, pues yo diría que... El [unk] que me caló más.","Yeah, well, I'd say the one that hit me the most.",11,11
EN_098_6__ES_098_6,es-en,train,¿Ustedes estuvieron juntos por... Como... Un buen tiempo o...,"You guys were together for, like, a good time or...",9,10
EN_098_7__ES_098_7,es-en,train,No era mucho.,It wasn't that much.,3,4
EN_098_8__ES_098_8,es-en,train,Pero tampoco tan poquito.,But not that little.,4,4
EN_098_9__ES_098_9,es-en,train,Es que estuvimos en buenos términos hasta el último punto.,It's because we were in good terms to the last point.,10,11
EN_099_10__ES_099_10,es-en,train,"Ah, la muchacha es gringa, o sea, no habla español ¿Sabes cómo? Ajá","Ah, the girl is gringa, you know, she doesn't speak Spanish.",13,11
EN_099_11__ES_099_11,es-en,train,¿No?,No?,1,1
EN_099_12__ES_099_12,es-en,train,Lo entiendo y te creo,I get it and I believe you.,5,7
EN_099_13__ES_099_13,es-en,train,Y ya pues total que empezaron a salir y a esta sí le empezó a gustar.,And then they started dating and she started to like it.,16,11
EN_099_14__ES_099_14,es-en,train,"Oye, porque dice que ya se divorció, que se casó y se divorció, dije yo ohh.","Hey, because he says that he already got divorced, that he got married and got divorced, I said ohh.",16,19
EN_099_15__ES_099_15,es-en,train,¿Por qué?,Why?,2,1
EN_099_16__ES_099_16,es-en,train,"Bueno, pues cada quien ¿verdad?, porque hay- hay parejas que se casan jóvenes y...","Well, everyone, right? Because there's some couples that get married young and...",14,12
EN_099_17__ES_099_17,es-en,train,Pues... ¿Sí?,"Well, yeah.",2,2
EN_099_18__ES_099_18,es-en,train,"No tan joven, pero tampoco tan grande. Bueno, pues es que está joven, ¿verdad?","Not that young, but not that big. Well, it's because he's young, right?",14,13
EN_099_19__ES_099_19,es-en,train,"Bueno, es que él es mayor que yo, me lleva cuatro años.","Well, he's older than me. It takes me four years.",12,10
EN_099_1__ES_099_1,es-en,train,"Bueno, lo conocí aquí, este por CS.","Well, I met him here because of CS.",7,8
EN_099_20__ES_099_20,es-en,train,"Me dice, oh sí, quiero cinco niños y quién sabe qué yo.","He tells me, oh yeah, I want five kids and who knows what I do.",12,15
EN_099_21__ES_099_21,es-en,train,¡Ay hijo de su!,Oh son of a bitch.,4,5
EN_099_22__ES_099_22,es-en,train,¿Todavía sigues con el novio que tenías?,You're still with the boyfriend that you had?,7,8
EN_099_23__ES_099_23,es-en,train,No.,No.,1,1
EN_099_24__ES_099_24,es-en,train,"Él dijo, bueno, pues, ¿quieres regresar? Y yo, no, no.","He said, well, do you want to go back? And I don't want to go back.",10,16
EN_099_25__ES_099_25,es-en,train,¡Ah!,Ah!,1,1
EN_099_26__ES_099_26,es-en,train,Comemo- ¿Podemos comer después? Si quieres platicar.,We eat. Can we eat later? Do you want to talk?,7,11
EN_099_27__ES_099_27,es-en,train,"Te acepto, ir a... nomas a practicar a un lugar, podemos ir a agarrar un café o...","I accept you, go to, uh, practice somewhere, we can go grab a coffee or...",17,15
EN_099_28__ES_099_28,es-en,train,M-,M-,1,1
EN_099_2__ES_099_2,es-en,train,Que su esposa era muy... medio tóxica.,that his wife was very... kind of toxic.,7,8
EN_099_3__ES_099_3,es-en,train,Me dejó de hablar así de la nada. Y yo supuse que fue por su esposa.,"He stopped talking to me out of nowhere, and I assumed it was because of his wife.",16,17
EN_099_4__ES_099_4,es-en,train,"como un par de meses me volvió a hablar y me dijo no, pues ya me divorcié","Like a couple of months later he talked to me again and he told me no, I already got divorced.",17,20
EN_099_5__ES_099_5,es-en,train,"Pues está pasando su proceso, ¿sabes cómo? Y así","Well, he's going through his process, you know how?",9,9
EN_099_6__ES_099_6,es-en,train,Sí pues.,"Yeah, well.",2,2
EN_099_7__ES_099_7,es-en,train,"Yo le dije, oye, fíjate que quiero una polaroid para mí y para mi novio.","I told him, hey, I want a polaroid for me and my boyfriend.",15,13
EN_099_8__ES_099_8,es-en,train,"Pues mira, vamos a... a tener algo como pues pasarnosla chida","Well, look, let's, uh, let's have something like pass it by.",11,11
EN_099_9__ES_099_9,es-en,train,¿Y no me vas a pedir mi- mi información para contactarme después?,And you're not gonna ask for my information to contact me later?,12,12
EN_100_10__ES_100_10,es-en,dev,Corría más rápido ya cuando era los últimos segundos y aunque me dolía.,I was running faster already when it was the last few seconds and even though it hurt.,13,17
EN_100_11__ES_100_11,es-en,dev,"Sí, y ya me he quebrado los dos brazos. ¿Te quebraste los dos brazos? Sí.","Yeah, and I already broke both arms. Did you break both arms? Yeah.",15,13
EN_100_12__ES_100_12,es-en,dev,¿Te quebraste los dos brazos?,Did you break both arms?,5,5
EN_100_13__ES_100_13,es-en,dev,"¿Cómo volaste tan lejos? Oh, my... No, mi Dios.","How did you fly so far? Oh, my God.",9,9
EN_100_14__ES_100_14,es-en,dev,Estaba bien flaquito,He was really skinny.,3,4
EN_100_15__ES_100_15,es-en,dev,Pero pues ahí me quedaste que se acabó la escuela.,But that's where you stayed. The school is over.,10,9
EN_100_16__ES_100_16,es-en,dev,Ah,Ah.,1,1
EN_100_17__ES_100_17,es-en,dev,con... cob el brazo quebrado y todo.,"With... Cob, the broken arm and everything.",7,7
EN_100_18__ES_100_18,es-en,dev,Ajá.,Uh-huh.,1,1
EN_100_19__ES_100_19,es-en,dev,"No, mis papás no la demandaron, pero sí estaban enojados.","No, my parents didn't sue her, but they were mad.",10,10
EN_100_1__ES_100_1,es-en,dev,Te lo voy a- Lo voy a pensar un poco.,I'm gonna think about it a little bit.,10,8
EN_100_20__ES_100_20,es-en,dev,mmm,Mm-hmm.,1,1
EN_100_21__ES_100_21,es-en,dev,"Ey, ¿te acuerdas cuando me dejaste con un brazo quebrado?","Hey, remember when you left me with a broken arm?",10,10
EN_100_22__ES_100_22,es-en,dev,"Y luego un año después, en el primer grado, me quebré el otro.","And then a year later, in the first grade, I broke the other one.",13,14
EN_100_23__ES_100_23,es-en,dev,"Estaba conmigo en high school y le dije, ¿te acuerdas? Y me dijo, no.","He was with me in high school and I said, remember? And he told me, no.",14,16
EN_100_2__ES_100_2,es-en,dev,Nomás tengo que pensar sobre la mentira.,I just have to think about the lie.,7,8
EN_100_3__ES_100_3,es-en,dev,"Tengo la mentira, pero no tengo la verdad todavía.","I have the lie, but I don't have the truth yet.",9,11
EN_100_4__ES_100_4,es-en,dev,[laughter].,[laugh],1,1
EN_100_5__ES_100_5,es-en,dev,No hago cosas malas. ¿No eres mentiroso? No.,I don't do bad things. You're not a liar? No.,8,10
EN_100_6__ES_100_6,es-en,dev,¿No eres mentiroso?,You're not a liar?,3,4
EN_100_7__ES_100_7,es-en,dev,¿No n- no eres como un peleador?,You're not like a fighter?,7,5
EN_100_8__ES_100_8,es-en,dev,¿Y sabes de esos donde golpeas y corres?,And you know those where you hit and run?,8,9
EN_100_9__ES_100_9,es-en,dev,Compitíamos cada miércoles y quedaba en top 10 cada vez.,We competed every Wednesday and it was top 10 each time.,10,11
EN_101_10__ES_101_10,es-en,test,"No, déjame te cuento, este... Tenía examen el... un día.","No, let me tell you, I had an exam one day.",10,11
EN_101_11__ES_101_11,es-en,train,¡Ah!,Ah!,1,1
EN_101_12__ES_101_12,es-en,test,"Este juego va a durar unos 20 minutos, 15 minutos.","This game is going to last about 20 minutes, 15 minutes.",10,11
EN_101_13__ES_101_13,es-en,test,"Y luego mi coach me dijo, pues ¿qué traes?","And then my coach told me, what do you have?",9,10
EN_101_14__ES_101_14,es-en,test,"Pues no trae nada, o sea, ¿por qué? ¿qué te pasa?","Well, he doesn't bring anything, so why? What's wrong with you?",11,11
EN_101_15__ES_101_15,es-en,test,Si quieres te vas y pues te hablo cuando tengas que volver a jugar.,"If you want, you go and I'll talk to you when you have to play again.",14,16
EN_101_16__ES_101_16,es-en,train,Ajá.,Uh-huh.,1,1
EN_101_17__ES_101_17,es-en,test,Y me fui a este otro lado a hacer mi examen.,And I went to this other side to do my exam.,11,11
EN_101_18__ES_101_18,es-en,test,Me pus-... 100. Sí.,I put... 100. Yeah.,4,4
EN_101_19__ES_101_19,es-en,train,¿Y cómo te fue en el examen? ci- ¿De veras?,And how did it go on the exam? Really?,10,9
EN_101_1__ES_101_1,es-en,test,Fui fui... lastimosamente fui eliminado por uno de la... de la UNAM,I went. I was sorry. I was eliminated by one of the... of the UNAM.,12,15
EN_101_20__ES_101_20,es-en,test,"Sí, afortunadamente en ese no tuvimos que volver a jugar. Ganamos y la ganamos 3-0.","Yeah, fortunately in that one we didn't have to play again. We won and we won it 3-0.",15,18
EN_101_21__ES_101_21,es-en,test,Entonces pues yo pasé como primero de mi grupo.,So I passed like first in my group.,9,8
EN_101_22__ES_101_22,es-en,test,"Pero el torneo, pues lo organiz- pues ahí los del evento no se organizaron bien.","But the tournament, you organize it, because those of the event didn't organize well.",15,14
EN_101_2__ES_101_2,es-en,test,"-co es como que tampoco perdí feo, o sea, pudo haber sido peor la verdad","It's like I didn't lose ugly, so the truth could have been worse.",15,13
EN_101_3__ES_101_3,es-en,train,Mm-hmm.,Mm-hmm.,1,1
EN_101_4__ES_101_4,es-en,train,Entonces nadie- nadie siguió.,So no one- no one went on.,4,7
EN_101_5__ES_101_5,es-en,test,de- de chihuahua no,"Of Chihuahua, no.",4,3
EN_101_6__ES_101_6,es-en,test,"O sea, Chihuahua mandó, Nuevo León, Sinaloa, Veracruz...","Chihuahua sent, Nuevo León, Sinaloa, Veracruz.",8,6
EN_101_7__ES_101_7,es-en,train,Mm-hmm.,Mm-hmm.,1,1
EN_101_8__ES_101_8,es-en,train,"¿Todos, todos?","Everyone, everyone?",2,2
EN_101_9__ES_101_9,es-en,test,"Tristemente eliminado. Pero bueno, me traje- nos traje- me traje dos medallas.","Sadly eliminated, but I brought us two medals.",12,8
EN_102_10__ES_102_10,es-en,train,Sí.,Yeah.,1,1
EN_102_11__ES_102_11,es-en,train,"Pero este, bueno, electricidad se me hace un poquito más complicado que física mecánica.","But this one, well, electricity is a little more complicated than physics.",14,12
EN_102_12__ES_102_12,es-en,train,¿Conoces a mucha gente por medio de aquí o no?,Do you know a lot of people through here or not?,10,11
EN_102_13__ES_102_13,es-en,train,Eres el único que viene de por fuera.,You're the only one that comes from outside.,8,8
EN_102_14__ES_102_14,es-en,train,Yo creo que sí.,I think so.,4,3
EN_102_15__ES_102_15,es-en,train,Conozco a un señor que ahí trabaja en el primer piso.,I know a man that works on the first floor.,11,10
EN_102_16__ES_102_16,es-en,train,"No le digas eso. No. Sí, sí, sí.","Don't tell him that. Yeah, yeah, yeah.",8,7
EN_102_17__ES_102_17,es-en,train,Estoy medio loquito.,I'm kind of crazy.,3,4
EN_102_18__ES_102_18,es-en,train,"Ay, por favor, 25 no es nada.","Please, 25 is nothing.",7,4
EN_102_19__ES_102_19,es-en,train,Ponte a pensar yo ya estoy en mis mid-twenties.,Just think about it. I'm already in my mid-twenties.,9,9
EN_102_1__ES_102_1,es-en,train,Porque soy de maestría.,Because I'm a master's.,4,4
EN_102_20__ES_102_20,es-en,train,"superó en mi escuela, o sea cuando estaba joven","He got over in my school, like when I was young.",9,11
EN_102_21__ES_102_21,es-en,train,"Serías doctor, doctor médico.","You'd be a doctor, a doctor.",4,6
EN_102_22__ES_102_22,es-en,train,Mm-hmm. Mm-hmm.,Mm-hmm. Mm-hmm.,2,2
EN_102_23__ES_102_23,es-en,train,"Sí, yo pensé que tú eras doctor, así medi-... Eres doctor de doctores, por decir.","Yeah, I thought that you were a doctor, you're a doctor of doctors, to say.",15,15
EN_102_24__ES_102_24,es-en,train,la bola del tumor aquí así en el lado.,the tumor ball here on the side.,9,7
EN_102_25__ES_102_25,es-en,train,¡Eh!,Hey.,1,1
EN_102_26__ES_102_26,es-en,train,Si eso se te hace feo cuando los tenemos que matar es más gacho.,"If that gets ugly when we have to kill them, it's worse.",14,12
EN_102_27__ES_102_27,es-en,train,"O sea, le pueden dar un tumor chiquito, pero ya que crezca, mochenle.","So they can give him a little tumor, but once he gets older, get him.",13,15
EN_102_2__ES_102_2,es-en,train,"Ah, ok, perdón.","Oh, okay, sorry.",3,3
EN_102_3__ES_102_3,es-en,train,"Si no, a lo mejor lo extiendo para Fall, para graduarme en diciembre.","If not, maybe I'll extend it for Fall to graduate in December.",13,12
EN_102_4__ES_102_4,es-en,train,Ajá.,Uh-huh.,1,1
EN_102_5__ES_102_5,es-en,train,"Este tienes trabajo, interinatos o algo así.","This one has jobs, interns or something like that.",7,9
EN_102_6__ES_102_6,es-en,train,"Sí, pues ahorita estoy trabajando de TA.","Yeah, well, right now I'm working as a TA.",7,9
EN_102_7__ES_102_7,es-en,train,"La manera en que dices eso, no sé si sentirme ofendido o...","The way you say that, I don't know if I feel offended or...",12,13
EN_102_8__ES_102_8,es-en,train,"Y se me hizo eterno, la peor clase que había tomado, súper difícil.","And it became eternal, the worst class I'd ever taken, super difficult.",13,12
EN_102_9__ES_102_9,es-en,train,"No, no, no, bueno, estoy hablando de diferentes cosas, pues me doy cuenta.","No, no, no, I'm talking about different things, I realize.",13,10
EN_103_10__ES_103_10,es-en,train,Pero ¿por qué llevan a los niños tan chiquitos? Tenían como 3 o 4 años.,"But why do they take the kids so little? They were, like, three or four years old.",15,17
EN_103_11__ES_103_11,es-en,train,Y las otras voces estaban bien.,And the other voices were fine.,6,6
EN_103_1__ES_103_1,es-en,test,"jugué en el Wii,este jugaba a los juegos de Mario en el DS.","I played in the Wii, I played Mario's games in the DS.",13,12
EN_103_2__ES_103_2,es-en,train,¿Has visto la- la estrellita que tiene Rosalina?,Have you seen the little star that Rosalina has?,8,9
EN_103_3__ES_103_3,es-en,train,"Se estaba portando así como bien psicópatas, fue muy raro.","He was behaving like psychos, it was really weird.",10,9
EN_103_4__ES_103_4,es-en,train,"Y pues sí, la estrellita estaba así como que no, pero vamos a morir, quiero morir.","And yeah, the star was like, no, but let's die. I want to die.",16,14
EN_103_5__ES_103_5,es-en,train,¿Pero por qué? ¡Yo quería morir!,But why? I wanted to die.,6,6
EN_103_6__ES_103_6,es-en,train,Entonces así son las lunas de psicóticas.,So that's the psychotic moons.,7,5
EN_103_7__ES_103_7,es-en,train,Y el niño nomás volteándose y volteándose tratando de hablar conmigo.,And the kid just turned around trying to talk to me.,11,11
EN_103_8__ES_103_8,es-en,test,No se trata nada de-,It's not about anything.,5,4
EN_103_9__ES_103_9,es-en,train,"Pero no sé, fue así como muy molesto.","But I don't know, it was like really annoying.",8,9
EN_104_10__ES_104_10,es-en,dev,"Siempre dicen los niños, ah, miren, es un perro salchicha.","The kids always say, oh look, it's a sausage dog.",10,10
EN_104_11__ES_104_11,es-en,dev,"Pero todavía se ve bien, este, se ve poquito delgado, pero...","But it still looks good, this one looks little thin, but...",11,11
EN_104_12__ES_104_12,es-en,train,"Viven mucho, pero tienen muchos problemas en la columna.","They live a lot, but they have a lot of problems in the spine.",9,14
EN_104_13__ES_104_13,es-en,dev,Mm-hmm.,Mm-hmm.,1,1
EN_104_14__ES_104_14,es-en,dev,Pero se me hace que la mía es como poquito cruzada con otro porque no es tan largo como otros.,But I think that mine is like little cross with someone else because it's not as long as others.,20,19
EN_104_15__ES_104_15,es-en,train,"está chato, está cortito, tiene unas patitas cortitas.","He's flat, he's short, he's got short legs.",8,8
EN_104_17__ES_104_17,es-en,dev,Se me hace que... lo aga- lo agarramos cuando yo tenía como 7 años.,I think we got it when I was like 7.,14,10
EN_104_18__ES_104_18,es-en,train,Mira ahh ya sé cuál es tu favorito. Tienes favorito.,"Look, I know what your favorite is. You have a favorite.",10,11
EN_104_19__ES_104_19,es-en,dev,Quiero que me dure hasta los 20.,I want it to last until I'm 20.,7,8
EN_104_1__ES_104_1,es-en,train,Me compraría una casa aquí en Texas y otra casa en Hawaii.,I would buy a house here in Texas and another house in Hawaii.,12,13
EN_104_20__ES_104_20,es-en,train,[unk],[unk],1,1
EN_104_21__ES_104_21,es-en,train,"Co- co- muchos entran como al kinder como a los 6, 7 años yo entré a los 5.","I mean, a lot of people get into Kinder like at 6, 7 and I get in at 5.",18,19
EN_104_22__ES_104_22,es-en,dev,Ajá.,Uh-huh.,1,1
EN_104_23__ES_104_23,es-en,dev,Mm-hmm.,Mm-hmm.,1,1
EN_104_24__ES_104_24,es-en,train,Terminaría mi carrera... el bachelor's lo terminaría en... a los 21 o 22.,I'd finish my career. I'd finish my career at 21 or 22.,13,12
EN_104_25__ES_104_25,es-en,dev,"Y pues dije ah, pues mejor lo dejo y ya nomás trabajo y ya.","And I said oh, I'll just leave it and just work.",14,11
EN_104_26__ES_104_26,es-en,dev,"Trabajé en Jimmy John's. Ajá, sí",I worked at Jimmy John's. Uh-huh.,6,6
EN_104_27__ES_104_27,es-en,train,"Ah, los sándwiches.","Oh, the sandwiches.",3,3
EN_104_28__ES_104_28,es-en,dev,"Y dije, no, pues regreso a la escuela a ver qué.","And I said, no, I go back to school to see what.",11,12
EN_104_29__ES_104_29,es-en,train,Si regresaría sería porque o me obligaron o porque tuve esa experiencia.,"If I would come back, it would be because I was either forced or because I had that experience.",12,19
EN_104_2__ES_104_2,es-en,train,Tejas argh... no quiero Austin y así ciudades grandes porque pues nah el tráfico.,Texas argh... I don't want Austin and big cities because uh the traffic.,14,13
EN_104_30__ES_104_30,es-en,train,Aquí en El Paso es raramente que se haga una millonaria.,"Here in El Paso, it's rarely a millionaire.",11,8
EN_104_3__ES_104_3,es-en,dev,No.,No.,1,1
EN_104_4__ES_104_4,es-en,train,Sí hay bonitas casas en El Paso como allá por... ¿Cómo se dice? Por Scenic Drive.,"Yeah, there's nice houses in El Paso, like over there, what do you call it? Scenic Drive.",16,17
EN_104_5__ES_104_5,es-en,dev,"Pero pues si ganarías la lotería no serías básico, ¿no?","But if you'd win the lottery, it wouldn't be basic, would it?",10,12
EN_104_6__ES_104_6,es-en,train,los- lo otro lo hago... lo invierto o me lo gasto en carros,"The other thing, I invest it or I spend it in cars.",13,12
EN_104_7__ES_104_7,es-en,dev,Ajá.,Uh-huh.,1,1
EN_104_8__ES_104_8,es-en,dev,"Sí, así para saber cómo puedo hacer que mi dinero haga dinero.","Yeah, just to find out how I can make my money.",12,11
EN_104_9__ES_104_9,es-en,dev,"Después de eso, dejaría la escuela.","After that, I would leave school.",6,6
